RSI,MA_FAST,MA_SLOW,RESULT
32.96588281123266,65032.6206547627,64942.337072226124,0
29.409858259149516,64981.344850396665,64925.10826658518,0
21.067714498153265,64913.55899610483,64898.201339683794,0
19.789112749544415,64830.29813625801,64868.714749211984,0
11.537738544020144,64745.67982418408,64837.18341105109,1
11.623202803782291,64642.300022254174,64797.69501882451,1
15.173605158956079,64537.3721771681,64766.460692466964,1
19.821926108753132,64442.62558219716,64741.34699876413,1
27.928321324232982,64346.83695111488,64727.385113176286,1
35.605541185614,64260.659568230294,64711.62382816181,0
42.96953185389915,64174.72222933429,64701.7532784032,0
33.85458900780273,64082.72104139929,64674.700831669994,0
37.27403880829078,63998.71172567364,64646.23823307044,0
37.971236581358234,63910.12445938082,64613.86480881919,0
32.819696113697034,63840.78502447279,64580.84659836112,0
39.16800564086739,63787.90926322264,64554.25544657462,0
40.12503346387721,63725.86653971711,64518.65122657296,0
36.49126861881262,63636.83067020464,64476.3286281849,1
42.896679297498586,63561.19896159614,64441.89740203511,1
49.387617682761736,63498.62590303579,64415.484753621386,1
47.7094612236519,63429.245313227606,64393.45385074774,0
41.04625200448365,63367.24469583008,64360.61942535412,0
40.84404039071624,63333.39481545282,64321.907206826785,1
38.848407962425604,63309.96388699686,64285.09624327846,1
32.7263615792655,63301.863071372136,64248.030726605364,1
35.66495911079876,63296.08583828134,64207.6012072545,1
31.488186342783024,63280.32178381635,64169.208635913965,1
38.29864031723171,63264.17632774749,64128.666683053096,1
47.944816046032365,63253.414141748115,64085.93918950784,0
43.95049040596386,63228.29882311191,64045.479225892435,0
50.62999346238579,63188.275431597474,64004.35192391951,0
60.50034082304596,63167.92105109106,63964.3773307173,0
58.68262673493849,63145.81148107445,63927.18326585022,0
51.80435830767187,63123.18732005295,63882.92129876116,0
37.10060229031165,63079.095550915634,63832.33043762329,1
46.92641888254929,63041.3273254727,63784.64477372826,0
51.5707892004193,63038.808944300356,63741.22491319266,0
46.16675658239649,63047.677650590675,63695.92405791304,0
42.00056541424299,63039.54409575097,63642.7843178498,0
45.677565165678566,63025.16167551228,63588.505568334855,0
46.610184202097656,63007.53688987756,63528.60828360036,0
47.32352608376624,63008.66642406173,63478.78189439422,0
40.95715525632647,63002.90405631652,63430.56916399869,1
39.22101475809041,62982.41243134699,63379.47319485308,1
35.74650864995445,62947.883666721405,63333.792417443125,1
40.555361161160064,62933.784454356704,63295.917987706765,1
42.0292212643045,62929.93283786095,63263.69599995249,1
48.35857921071388,62928.30848337087,63231.9234277313,0
56.35591380673114,62903.730349145575,63199.10548189247,0
58.64845309764371,62900.80194994931,63176.913599600986,0
44.23133000389237,62882.93333536056,63144.47699615865,1
49.63418082722926,62873.777622066074,63121.350439385074,0
46.46005868394278,62842.77715101051,63098.87052781248,1
44.266287300798346,62809.68403913856,63074.67565991338,1
50.532940332439935,62821.14300714681,63062.51571080838,1
49.99316042581212,62828.98792768335,63059.319935899926,1
48.05950831960063,62813.42375459338,63051.64554416278,1
48.921684568598124,62798.795209671254,63038.391908902675,0
53.880412564455966,62795.83941954669,63022.38530522252,0
52.69646659107711,62799.39604455362,63004.000158864175,0
54.84682488278127,62817.343502224656,62985.6567927565,0
49.54031798579527,62820.773434077986,62974.002851465695,0
47.323599540378915,62807.53912087999,62954.10012208124,0
40.350382396143786,62803.8007222562,62936.94370000324,0
44.89685227740356,62808.672109762905,62920.94725155918,0
36.77678808991369,62791.88081837393,62897.50660976728,0
45.343337317930775,62772.07110372644,62882.177825556224,0
48.009255144354505,62739.5246527571,62873.00102075227,0
40.39252045467922,62719.72519135968,62862.51597379789,0
30.459471105128998,62672.59691896509,62846.5020059727,0
36.352499043771566,62647.77269694434,62831.88794964533,1
33.25383743873532,62602.681482742,62815.52515414985,1
29.860931267713894,62568.4087823147,62792.876114557235,1
25.450404122246283,62539.61025339349,62766.53420647204,1
28.994860976490813,62512.6196793174,62746.81835398649,1
35.47581107179349,62485.163716382034,62734.951087140216,1
48.01253217385858,62473.941882644234,62729.093583693924,1
53.77661997980894,62482.07918966806,62725.553053670905,1
66.94868208491735,62525.23859694165,62731.11508729994,1
73.62340565235121,62563.67248498321,62738.1496236127,1
75.68360539978045,62603.79458842926,62751.86445548921,1
78.36934697440854,62658.6053844654,62770.27658481544,1
79.30955315133657,62739.49435616948,62791.57327211925,1
85.73893591419011,62836.55603778349,62822.291187095456,0
83.16678218152998,62933.998897462734,62862.908590178005,1
87.45911744849268,63039.4612439501,62896.76017715824,1
92.43671876734842,63145.144556419145,62924.712070403744,1
92.80077059405481,63251.13200870992,62954.38276399997,1
92.06177262283286,63357.239347465955,62989.59407448389,1
92.48347805889618,63487.91861607441,63031.60478219755,0
88.7584046288957,63608.94931215254,63072.452918555326,0
85.43547436554375,63740.10420057228,63108.10026475407,0
80.18125371523855,63881.27951292427,63144.22629720033,0
78.20703696375548,64022.60078332686,63182.609547263986,0
60.46921024313704,64127.36381129973,63218.61041181782,0
52.76685017691641,64218.477309160124,63248.82822906157,0
51.222946624744736,64305.6926144002,63279.39749430962,0
49.419466899704425,64393.112616816186,63311.47470704903,0
45.72711232108832,64432.958112198685,63342.80619252118,0
42.85081710402132,64460.794892913276,63362.14680079828,0
41.23061143397802,64474.73000242376,63388.58312231449,0
34.78351653129339,64457.78280874145,63403.878659485585,1
31.820038746250745,64426.425587996186,63425.03264691351,1
18.77805503752559,64359.965550475,63442.40379163003,1
27.81648715207737,64311.38925626208,63459.007089824125,1
26.877226692131174,64260.10650074503,63469.20760638291,1
33.9716094591421,64222.15443195655,63488.204341349,0
39.01239507436749,64197.16457442187,63513.73050990022,0
42.341199568623914,64162.526535380246,63536.26892081731,0
40.984421845996955,64101.541412119615,63552.462929223955,1
37.71962557880554,64043.402298594374,63562.876437103216,1
30.806560791092195,63987.263508452495,63574.69629450386,1
35.48827564913795,63932.84307771486,63594.347879934285,0
36.58981063254754,63872.940398342194,63610.26541769838,0
40.07047463918996,63839.64172598487,63630.9982583066,0
48.887259707544665,63814.79761060454,63657.99494595381,0
49.34650839277059,63779.67581123467,63682.43937731291,0
54.3455747327652,63723.058137801316,63704.88810106672,0
46.21555656845268,63676.137800212324,63725.37123606224,1
45.970504089034975,63632.64127409739,63746.1645428512,1
34.29317851832384,63589.42679690409,63765.2447622984,1
23.65335540262042,63567.822657211786,63789.93512927349,1
29.566475241178722,63553.28529238411,63818.98325094128,1
53.00916068206441,63573.77077224867,63856.06799917211,1
53.50008723944963,63579.24119191782,63885.65569486428,1
60.47738403630348,63602.45090180171,63916.12248055077,1
59.853244713901255,63611.42814379197,63943.1988458081,0
64.56179451478314,63606.88772922865,63963.65392572446,0
59.06834723027285,63607.61889494279,63969.221040017765,0
56.68270711202813,63618.48139293373,63974.38649240416,0
61.963778289941175,63634.07702549362,63974.98941192896,0
59.49065147311083,63641.1259166439,63967.70450737527,1
49.3013856570637,63630.059934520206,63950.57411127457,1
59.34407461580054,63633.302359226545,63928.96394627561,1
63.53121605850993,63638.06207352349,63912.62352873092,1
66.26306442714485,63647.62486559847,63901.260394613164,1
65.84947735849246,63662.14132942616,63889.23808651572,1
61.42303672900608,63691.450446082556,63881.015476015775,0
65.72501739901244,63729.74270283013,63874.372578207905,0
64.8036845480619,63784.08026568552,63864.62920269565,0
57.473688964190806,63829.23803337866,63853.36025078884,0
52.31135050366551,63862.571896248046,63838.922207543794,0
50.87760367463789,63889.40299381515,63822.23264329763,0
51.09301485473875,63898.39782619011,63806.38681631739,0
48.422023488391275,63906.29789449073,63797.22932814069,1
44.257972247095054,63885.38508080674,63782.88558920943,1
58.97993459037977,63879.393319274335,63772.67912775776,0
54.9014721183728,63873.043540872066,63755.6262953468,0
51.56942446309674,63869.61239933508,63743.88275487232,0
53.911378356878636,63879.215011797394,63741.75453995781,0
43.232568098472335,63862.57022448722,63730.125500754344,1
37.872102575152276,63850.40170611012,63724.75206632274,1
32.92598062402007,63849.01541883167,63719.61004360877,1
27.35669275048423,63837.723057163974,63720.0669489512,1
29.096405443717828,63815.71459126333,63714.353662731395,1
41.17407936045178,63800.72111501909,63717.506240322786,0
46.04276832590907,63790.91250734658,63716.74131667172,0
50.28849298696924,63783.01200608581,63715.354448681355,0
51.480723637914984,63768.448417282976,63716.741330969,0
53.582441196843504,63732.01480442914,63716.81855961946,0
37.702209148386615,63683.37962943727,63709.351183126004,0
34.14492275012577,63630.41989518462,63696.184762236655,1
35.05796932345085,63584.94351044117,63683.07281638815,1
28.643916684861907,63539.958663920115,63673.19412254857,1
34.671722507995796,63495.29139219482,63659.48919462468,1
35.16786338005522,63465.7052547155,63643.24864685381,1
47.55716604072324,63439.019406869265,63636.41656601159,1
45.64667763492052,63406.84498300211,63629.14103342713,1
50.181487150814355,63382.22170953036,63626.316318599536,1
43.877815928405035,63345.172075511175,63626.766860523334,1
40.13379678192998,63330.96276906936,63626.73988962045,1
41.32051382731181,63333.63677683282,63631.07771417116,1
47.99527696668461,63354.80726115899,63640.21883111872,1
52.9287259393751,63376.94535137083,63641.33678060005,1
67.69396319655431,63408.81033468221,63646.18131983717,0
80.73940189195179,63429.842883630656,63648.463033054366,0
79.93963593369392,63444.215215209915,63649.85614523891,0
80.3393009700857,63451.04974352948,63653.01925440168,0
76.1369886353237,63450.53298098247,63653.906965384864,0
76.66128021785158,63460.94895496361,63653.805584431415,0
64.69250580455576,63486.355546498686,63650.26259152803,0
75.7103543782992,63536.06998243036,63654.16238855124,0
71.39190062266283,63581.234750164964,63663.54274264606,0
60.06407747322255,63613.104680526434,63665.115051068526,0
55.565725530157955,63639.841875131846,63660.20111526801,0
34.39902246783713,63638.27219235253,63639.50757755544,1
22.990231157434323,63611.64036779998,63616.21618136112,1
23.856983290701237,63593.61402980816,63590.006466917366,1
16.762652198098834,63564.94813876649,63560.39849297408,1
29.392698071205402,63556.064661879944,63535.5606190011,0
32.96398638907338,63553.539640520394,63516.46053247715,0
34.85796213848727,63544.55276220558,63503.87006055417,0
32.1942550687106,63504.507889718145,63486.26078947992,0
32.04418830752141,63463.21209125839,63467.26248662737,0
32.28575960597345,63409.05763753298,63447.28521705406,0
25.28860467570297,63343.40345819797,63431.67038401087,0
23.923555192422768,63269.67610081976,63405.96925785708,0
23.023395630427117,63175.82496447553,63374.131823843076,0
22.12249706155397,63076.095384232955,63336.500159344025,1
33.89686353877363,62988.16773195134,63297.38667249298,1
34.93851925452789,62904.61728554731,63267.08141595206,1
33.247258073046524,62806.98904779625,63236.79732522568,1
33.616244275605126,62710.25870785407,63208.04005825502,1
28.696136670244826,62638.17941494506,63185.29759418096,0
24.781631508377558,62573.37659947644,63163.265918553254,1
24.853358118708925,62545.970171769244,63137.60720025551,1
26.913979638650602,62515.042621657,63105.86822708529,1
26.22087616254369,62477.552321386305,63067.82259303756,1
30.216461146160057,62444.96314845492,63031.00438544285,1
44.59641655455759,62411.49896909159,63007.35428486608,1
54.61580590068773,62386.58347791426,62997.74207186794,1
66.8413525636289,62362.19174890061,62996.57880204055,0
76.74637301260705,62355.74704783425,62994.58220443715,0
78.01706099996704,62366.95946086534,62998.06280540546,0
80.79685016623027,62390.985285200135,63005.56277425618,0
68.8454680196803,62399.93530129929,63005.36240264438,0
63.34820060235721,62406.344815575016,62992.89942133939,0
60.87757813080355,62434.21696264376,62985.08061569972,0
53.142177823149204,62456.97796610378,62966.4026619734,0
48.0860294203162,62462.02214548861,62944.126700483954,0
48.57980133427592,62461.49732235677,62919.295237267026,0
49.843623098956996,62463.47486434523,62888.73256023065,0
47.530018622716234,62462.63221759795,62851.170040830606,0
38.310982503471756,62447.224459792,62813.40923754943,0
35.112444660759536,62440.02767194968,62775.75285346024,0
30.95647223421834,62424.77490414355,62735.58000846067,0
29.024311023514613,62414.14188344059,62693.83889437755,0
16.994918541342443,62396.20344120367,62645.884072107234,0
18.617145428186987,62384.96869213596,62604.778669904255,0
21.598591683029937,62348.09243084541,62562.2116752188,0
21.528244164628475,62286.0481176797,62517.619100340344,0
20.55061182082011,62220.30642956811,62470.273380895655,1
22.875257241024798,62145.38099123109,62420.24070086361,1
23.858549725417888,62051.18533193985,62373.29506597082,1
28.292297444286305,61951.627491161344,62330.27702066798,1
28.051874838969695,61871.74144436875,62298.75010345087,1
44.98373282381325,61825.51079980773,62278.44759414248,0
45.93961354288716,61775.150466559935,62257.69519040044,0
44.80407109689634,61748.838191156436,62239.95868292937,0
38.30281959962001,61712.08486532558,62206.53478186221,0
36.787151520134174,61673.723197612155,62167.36866010373,0
37.60702622449528,61627.05405201202,62121.73307615323,1
29.074902638439482,61573.71541126112,62078.8530494478,1
33.35722485436442,61527.42335472025,62039.09374293418,1
42.599873693479815,61483.23387368476,62005.423347920965,1
43.25520673665463,61445.14293635012,61976.275799721516,1
45.383450609958885,61408.63185410054,61949.421195689865,1
44.95400895527476,61379.30394250525,61927.27566331913,1
48.89598244036396,61350.86856640198,61914.68794277187,1
57.796548956096224,61349.86071997974,61906.88887043015,1
49.8154467971753,61361.07373388533,61900.20167967556,1
53.926421979233936,61379.54947268296,61899.297550850344,0
52.881279453385496,61409.12832760237,61899.78854876292,1
65.55181661618855,61451.52175898438,61898.632003586565,0
63.77588300181447,61479.68512084211,61892.80042921425,0
67.37222479044061,61506.2319461362,61882.85481319765,0
75.0467319693183,61513.61737207774,61877.877494310786,0
76.87850120672664,61533.875992893285,61880.22465900323,0
68.71605328400878,61539.77488930368,61877.88337926888,0
56.5076625024524,61544.75773507859,61859.83828825701,0
55.28945635154006,61553.364427908244,61834.08104010132,0
61.45676215538858,61582.94156483053,61810.033002525204,0
51.02745882650363,61606.223543074986,61779.04364754409,0
38.16443544953944,61613.58094245974,61737.74233557194,0
38.26702172879806,61612.14187702724,61693.8859846518,1
32.95496631519548,61606.09679402077,61658.74039681012,0
34.357494029923686,61608.26282206552,61630.18839828606,0
26.998846912352462,61604.45013289291,61595.368931418794,1
28.946750837697323,61586.25166026676,61566.397420437046,1
36.971131730858964,61559.292487123086,61545.79700708395,0
31.718315935095717,61519.05379499522,61523.22426873093,0
33.065141231345194,61484.19059518973,61507.583843188135,0
32.46151029045541,61435.2195220274,61488.8234705347,0
42.35400234044163,61387.18721557419,61474.61710589944,0
42.783883333475316,61347.07079179996,61455.61767715436,1
34.22821113658253,61300.38664825076,61433.09951084052,1
37.4937412299899,61244.77881982956,61410.13226886638,1
44.75929507913086,61182.49537384935,61394.741432061506,1
43.918791373503296,61128.32473013649,61375.22579446908,0
49.75766650615407,61105.67177164847,61362.87002457824,0
53.15094509503183,61102.358858034204,61360.60533624313,0
53.34664864159819,61077.114330623284,61352.75616294727,0
49.62293513471157,61055.14606767414,61342.9496781213,0
40.33341283556117,61031.899065910104,61330.02782916004,1
41.2337125961013,60998.10091732508,61312.47535511729,1
39.520614458545296,60976.50462647586,61300.64566965296,1
45.71667922578334,60954.56729031777,61281.81099449007,1
39.78498000906245,60939.466946034925,61261.09552320878,1
41.024790817475846,60927.505361787524,61237.86428868948,1
51.95788128137266,60917.63497856776,61228.01705238083,1
60.80293510537015,60938.77366579415,61229.244456003726,0
59.94175741222808,60947.73707339187,61235.85705174007,0
49.78205132587343,60940.781839008,61235.65004163345,1
47.000956332049974,60928.30565979796,61234.970027930525,1
45.14766754924099,60928.906546985454,61233.886746474636,0
50.06460781082363,60943.20283990791,61232.32347226363,0
57.78908046462146,60969.73327248924,61234.57283622185,0
65.39768213775467,60994.38506693337,61240.77388183274,0
63.60342692170395,61006.75894715171,61237.58194676897,0
55.56274105277364,60999.08574892198,61222.56003615513,1
51.93086009216339,60973.84362821159,61205.713293973626,1
58.40105748575084,60971.08596193676,61189.370758648794,1
55.02186946004573,60973.232146427836,61168.59120565149,1
51.495346818375424,60992.98529498679,61146.613243561,1
44.07845188185368,61024.76733044545,61130.50823895864,1
50.3564441278509,61061.369193346705,61122.700568537155,1
64.68231209792195,61091.950638959985,61113.14430124298,1
53.04830934077511,61110.43477611973,61091.719036499366,1
51.74498266198269,61135.49864383468,61076.15379050188,1
59.2614038004273,61167.90000861429,61077.2739617951,0
59.21448421622866,61188.34509833279,61083.236724173556,0
54.39546953338217,61198.31972879876,61082.00831732737,0
55.05742930513558,61224.067712313416,61082.78770932883,0
54.766178382737515,61237.31313654538,61084.462905564775,1
62.334745101993455,61261.24419828578,61093.527674978046,1
57.87021219703547,61279.65566246237,61101.74701964028,0
58.31423915309185,61284.175543513345,61104.937924800994,1
56.16771955539318,61283.54040437846,61112.40999042696,1
53.805625751666085,61292.082648932315,61119.914342235206,1
53.74048557669474,61325.163781417694,61128.90855387298,1
50.03944851923169,61351.311660864216,61138.616440321224,1
60.87183483172279,61378.61182484495,61147.13925051088,1
59.295539766516974,61414.7917504734,61160.42009702989,1
56.16238308808135,61458.48291490446,61175.13152329311,1
59.10468666647886,61514.963343833646,61197.665259772104,0
63.1838630104893,61556.42977645116,61225.117819817315,0
67.39878392723313,61595.16237075398,61253.29772161273,1
73.65624028233657,61652.10433755822,61279.56262198291,0
66.78832489446336,61701.62989299343,61305.47585564466,0
57.93469126827762,61713.205231754924,61320.28734583768,0
67.43053028558772,61733.1815408056,61335.56579728211,0
69.12833862304437,61763.4923159482,61356.55951145734,0
64.19349964898505,61792.99155803207,61377.925905471995,0
48.90606922017055,61811.34525524903,61396.241381300344,0
44.20706505481798,61786.38984133286,61408.84324458116,0
42.48080122350512,61772.41250618879,61420.11017152545,0
40.05831802774175,61758.87182929893,61426.65974039345,1
33.09177170164462,61742.36651216927,61433.56981688072,1
26.94160212602472,61733.91180817109,61442.47692078862,0
25.312626756950905,61704.620119013984,61443.70261005146,0
29.19453175403865,61690.9384489276,61439.4823535746,0
29.35799418515134,61666.40298716837,61434.60561602148,0
29.38281168546264,61639.80530861313,61440.02948487194,0
29.580713189495,61585.409860866705,61437.9732037206,1
18.233065099445923,61506.99090911854,61428.899004625346,1
20.638330660650468,61433.74933468715,61421.336417729006,1
21.490819728955984,61356.83817820307,61408.13968389827,1
34.38576300656497,61291.31892895819,61398.33616679284,1
56.04524176252484,61250.21139967331,61402.85683665331,1
55.57607409792707,61232.237387954236,61413.54800145059,1
64.2863894991373,61213.66689141095,61431.49510256185,1
68.93465018506097,61199.84581707681,61448.06345351336,1
64.55621437241253,61192.31311436646,61465.558292647445,0
68.05201396059171,61207.45716150617,61482.030127908096,0
71.64955869065562,61266.01041043616,61505.34047657744,0
68.6606588726803,61311.623317573,61520.21182121597,0
64.10914101703597,61353.03272740512,61531.0925757715,0
66.12158262858324,61387.64919968716,61544.45558630768,1
69.10009285626022,61415.208835485464,61554.360997448945,1
62.71220729120439,61437.89423195836,61551.70029938909,1
69.83826174607213,61471.854578545084,61552.88614565952,0
67.67233110332815,61507.02584983395,61558.088064435564,0
64.08783790117944,61552.75568005192,61571.504671967356,0
60.54028444501909,61611.226360421024,61587.538493270855,0
49.594013273482744,61666.49238237694,61590.99827826182,0
41.34493679332192,61702.639111222656,61590.52979723312,0
40.12343847999024,61736.52614079523,61589.079922811026,0
40.8129789402033,61761.83472975022,61589.65389694155,0
32.99331949853429,61768.87813478297,61593.57503099356,0
38.061361201662514,61775.38964753788,61593.63834789867,0
36.61600060644537,61752.08611454132,61591.8048840327,0
40.496226045881365,61721.57121730283,61585.247210496505,0
37.650924182550774,61686.13832198214,61574.09692125093,1
43.410615241457855,61652.7185696892,61559.72438982199,1
36.44699836266154,61603.95637849027,61540.93769044011,1
31.152607508388314,61548.70799424736,61517.12310833446,1
31.128738570293876,61513.533179065176,61498.44089909599,1
44.54101191592201,61513.08853752944,61488.84926629618,0
52.37197644195453,61523.167547207886,61482.97605913472,0
57.709077499168664,61541.65293737724,61483.07938163802,0
60.911075893026165,61540.232676240135,61475.70659983334,0
58.40955202249039,61534.5582099404,61466.514422032444,0
52.2715880918523,61511.55914207528,61458.93170558464,0
50.66340195076477,61494.07071018247,61460.62867524424,0
52.4269430310881,61476.59962435569,61467.082191470945,0
44.13841175807515,61453.32550011725,61462.894994804505,0
49.30328701332482,61441.327310118744,61462.06211513896,0
47.51236940754475,61426.06619583771,61463.13377040892,0
42.696122541516516,61399.89455207464,61459.96812855499,0
42.265803922103245,61354.86398135488,61453.735892835015,1
38.45934194915609,61327.61757774207,61446.47653555849,0
18.0979741373051,61290.47351560254,61434.87542187017,0
9.498342776608837,61262.200628263294,61423.055049111,0
25.879484845547083,61247.562799789455,61424.58556539109,0
31.425467309862185,61234.64609845639,61431.999766175235,0
28.210721868611415,61219.759800969776,61431.52729484752,0
26.98722746106955,61182.44469170108,61428.683504495195,0
26.36243985101956,61123.259543944536,61421.62551229072,0
25.841683246787298,61041.972831991545,61399.680632062016,0
25.602479277340976,60942.29720562174,61367.103308705024,1
27.476719158278527,60851.11075639699,61330.684145827756,1
29.18614413673832,60765.22430453219,61292.66581701458,1
33.04329951916145,60691.45117444793,61258.586929617224,1
38.22666464325665,60617.78441411534,61224.75957628791,1
36.42980311655961,60554.84917257757,61182.617696327514,0
37.51382180776945,60504.189023429004,61139.92127714691,0
40.800224757238496,60456.49420712319,61103.446707026174,0
39.55366820813956,60423.885895043655,61077.62844855152,0
34.180089990740484,60391.97699305408,61050.67539158243,0
35.29652759080922,60362.687655188514,61023.65326212708,0
35.76506894462884,60319.149682859694,60985.394577284336,0
32.13998390911949,60276.84615858324,60942.80354536989,0
37.89561159984697,60237.9580630602,60897.136002314306,0
37.38359653812961,60160.02397336035,60844.10461056682,0
36.80653990951619,60079.969690209095,60797.3906893081,0
38.762222497429235,60020.0458637846,60758.489995872296,0
30.50584620414017,59954.88976947081,60716.02895596543,0
26.653806084877445,59878.423679866806,60668.26109233734,1
27.259919945998973,59816.507606881845,60618.73242090157,1
28.43870924253001,59773.17409140618,60566.217086252334,1
28.45959784553888,59729.713230500216,60521.73499221132,0
17.76573934570669,59681.631643835906,60476.68998762782,0
27.69307828033,59641.69176912655,60440.808308474996,0
29.508026529054362,59595.90984860858,60402.03608785565,0
29.934531672927548,59540.95070534013,60357.41542706744,1
29.38517803522572,59481.97902888582,60313.22969100229,0
32.72940702514042,59425.20068786346,60268.11371054549,0
40.607680924709086,59353.41972337662,60213.76092289039,0
41.845268302088236,59292.98820797146,60158.60365588786,0
41.652843501826474,59248.895319660674,60106.55021504044,0
40.683270162369524,59195.955127016365,60047.68355759482,0
40.007600097544476,59140.281410695156,59985.09282567179,0
35.716284212556715,59072.37545872414,59921.462528973854,1
33.590719520818126,59017.705140503764,59853.55838269534,1
29.249815193767787,58954.43956477329,59788.52666547513,1
35.45340876264558,58894.72635488602,59735.050337779794,1
35.09668485985456,58864.97875212201,59685.48953276673,0
35.1796275382751,58842.094045418766,59634.67223216976,1
37.4711018310581,58815.89972030381,59585.134488193224,1
38.704531757862966,58784.085755251326,59537.90579581092,0
34.83213479922519,58747.96729248854,59489.874878109906,0
35.91526134794471,58715.28540676825,59446.614744094106,1
36.962137174443235,58678.02058133025,59407.136289701775,0
38.047734756544976,58651.9518371425,59363.79170279687,0
37.07521252480263,58612.692242311256,59308.6338846094,1
40.71629666689322,58582.54161666627,59258.34241728089,1
52.580212604221444,58558.877306237366,59218.68675636,0
54.55934490618803,58530.53563511583,59176.671359358916,0
61.50194199194585,58507.249223170686,59144.71421235952,0
55.8089755371075,58474.767068233145,59119.53816008501,0
50.80748288558505,58464.23264649765,59092.93231363508,0
46.47063933049964,58453.7301438484,59060.495161398285,0
42.80011626636915,58442.441406028534,59021.8586216061,1
49.46545224789755,58446.568225816205,58985.071907375685,1
52.933924054476115,58463.71678167165,58952.07370911277,1
52.20513853413861,58471.138130642925,58921.829980665374,1
43.502896827965124,58454.29941366399,58884.61161538306,1
39.640608933845456,58440.82765055314,58841.44893437355,1
56.36527665556014,58442.441045662286,58805.32010923652,1
63.672485680819776,58468.53744271252,58780.24571082053,0
56.973980235551856,58490.574883467125,58758.44495835288,1
51.04408115810271,58493.98843689179,58733.471655417525,1
49.76503044405313,58497.74087076199,58711.04941278249,1
49.89801785888399,58490.74928640782,58696.08182801586,1
53.058352798700106,58516.20928897995,58683.12972411773,1
59.551836563616774,58546.00546327862,58668.726257078495,0
60.70904720806628,58553.126196210775,58657.98132705598,0
58.19747207786995,58565.21052202258,58651.38609622122,0
59.83850105028487,58578.98581332129,58649.70549493529,0
58.92960815087976,58594.33408273043,58648.002156614704,0
59.981665337206074,58597.585065830695,58640.08104776727,0
52.117443419672874,58596.318514169005,58626.36990953151,1
43.64459540977852,58598.322801214315,58604.5110344412,0
32.60859776000767,58588.970809919294,58582.29629189998,1
38.55752106203347,58579.000627181435,58567.293677849295,1
40.53947663704805,58557.55766270346,58552.061434192416,1
44.32697020803475,58563.927459509156,58540.102324041334,1
40.490408825290295,58556.48768864038,58522.67612047906,1
46.54391872975275,58559.790429090426,58512.040997684104,0
51.65959617100781,58562.9196904075,58505.85545911926,0
55.31515320664729,58570.62769354171,58508.31398496301,0
49.43434983894831,58578.457439830796,58508.742067071784,0
44.74364386303473,58577.32930950452,58513.03095309464,0
44.03111249915987,58575.09240056293,58519.03673203952,0
43.335788922721036,58550.68221297521,58521.626783398504,0
49.489392953838966,58526.3713994098,58521.38427488801,0
49.306359363392026,58502.65859560345,58513.05326444856,1
48.249879731173856,58471.214289719996,58503.03419394172,1
44.40913898959687,58424.64981382028,58493.20553234189,1
46.265342824616184,58373.82778952319,58483.898970323455,1
48.33946139056948,58354.13538303166,58482.54828398452,1
51.369791937007555,58344.97227189607,58478.24465558265,1
42.9301038165814,58347.93961774311,58472.478649006334,1
33.24878219076102,58356.463551129935,58464.10097749495,1
34.7314982040307,58360.31499541019,58466.34277908887,1
44.99209221229761,58379.66581640466,58470.91111408777,1
50.57370791569968,58392.29273340791,58473.46849490955,0
54.2057692309445,58420.95563327575,58478.844119743015,0
64.17349744959489,58428.55263016689,58480.56236048258,0
63.095830613141516,58419.47921217516,58483.74031669606,0
69.23260849554134,58407.60995316614,58485.66490763041,0
67.35037063848472,58403.09965068822,58488.48986980771,1
68.7052002278786,58398.53490505592,58495.468352705604,1
75.65939873209156,58400.251242756145,58500.50993881551,0
67.64418579013815,58418.73209825261,58503.632910030894,0
76.53080508512399,58436.10570520649,58507.371304713444,0
70.3059915618926,58459.38619332445,58515.08797631274,0
68.42801093759587,58489.244940880955,58522.401110072846,1
57.860090076742416,58515.604009937655,58522.470718052034,1
56.780576857524466,58550.8444071915,58516.821756115045,1
43.668418335891786,58563.091955995085,58511.55511299571,1
42.38741687443011,58582.50226051066,58513.65018503019,1
52.206263173738066,58607.5117853461,58516.38701483999,1
44.55230396183314,58623.972496163005,58517.39026139703,1
51.485077406576906,58642.87265853644,58517.00812691147,1
61.636167713171815,58657.81403867262,58515.634544245375,1
73.6909691230877,58684.15373993855,58525.87951240066,0
70.37377893885223,58705.66597716363,58535.026301799444,0
71.61179550099457,58731.88090227139,58541.72039606262,0
70.9279446193116,58757.664591212015,58549.0725200887,0
60.68721429890987,58770.94941359291,58555.01064673529,0
57.36375918002181,58788.14532383521,58565.2205936742,0
65.24542627172454,58814.75462890601,58582.04108378228,0
60.856106515259874,58834.62431561806,58598.77134109501,0
49.70602599929727,58828.26979361599,58603.340576604714,1
48.717162666053845,58819.79839371478,58612.26759711796,1
39.085227608243194,58802.733180968535,58610.6102648965,1
42.56474144334973,58787.55694458021,58614.82881244877,1
47.44608712154489,58793.4286438514,58615.926003956425,1
50.6794786869733,58803.862676320525,58613.19895048026,0
48.59817324674634,58831.87454935621,58616.05385532151,0
47.17969984909302,58852.465692795464,58623.25348621605,0
43.32406113174306,58861.617142464536,58630.10214802399,0
39.57584208455592,58867.41781926197,58634.32042887664,0
41.97855910282506,58860.411107799875,58640.89968484134,0
40.558343271336135,58843.80344621608,58642.607362967894,1
32.085800080185365,58793.91661894436,58642.38272173702,1
40.06476412496862,58759.85136121059,58650.481130395674,0
40.45306921335142,58697.91485469502,58651.026412412524,1
46.137560333616044,58649.52620270996,58659.3518853634,0
54.11547169639415,58627.48118505722,58664.34896754553,0
55.23380147154288,58615.640985114485,58673.488078961556,0
46.298824233766354,58583.85100143651,58676.40563725965,0
38.894516009222,58540.56621125019,58672.41240514311,1
30.93989056640008,58513.999947399636,58664.81455740049,1
35.10120017907005,58493.998918281715,58658.000837868785,1
35.463756685315545,58484.95188851771,58647.67392694042,1
35.46606224023142,58464.1516864768,58632.10723372919,1
42.07955917950509,58439.32206146846,58620.233776477064,0
50.81686610438316,58423.64169663393,58614.86394426377,0
54.58933316684699,58390.32878187184,58609.14138680379,0
50.296972645424944,58363.724356360166,58607.50336848483,0
52.60448183702126,58323.46310734856,58600.07342894103,0
45.22535714453152,58289.50235314392,58590.020873031746,0
41.56857015504933,58267.486433169724,58580.40141880818,0
40.78974347404994,58258.287926920944,58571.48025165367,0
43.20065778059193,58257.0799718722,58561.460233156125,0
49.50751796914428,58239.47101548537,58550.57156023745,0
50.073095944120105,58238.30955468337,58540.1086303108,0
44.7678643274042,58220.66205769612,58527.27894556525,0
47.36622628941522,58194.78631948486,58517.026712941435,0
42.925198233828226,58144.23728366513,58498.18208822335,0
35.099136366146624,58104.08982537824,58475.036853272504,0
23.469963053363003,58083.26387356206,58456.12895610273,0
22.434031607453292,58062.21711170209,58432.55233866675,0
20.077198282666714,58030.12581483908,58406.92554833537,0
23.06918123057082,57993.49993719349,58371.412405842406,0
22.861049801556817,57962.518554763505,58334.84826476915,0
17.019421608556385,57920.113962265445,58295.52700047468,1
14.107822200354903,57862.155564065695,58256.66033340524,0
11.309255153233948,57785.458014343785,58214.94482710413,1
18.564683948095578,57714.195899300605,58177.92359867099,0
18.918404902640575,57655.12228225024,58136.220490278734,1
35.27236700979931,57619.52216411567,58103.98001243079,0
28.768043715449593,57566.901160812085,58075.85396568661,0
32.07407398408908,57502.0584470184,58044.38427297512,0
31.649081638719608,57440.26332193095,58016.47228954108,0
32.09177726694874,57385.34288642516,57989.685936975424,0
28.11760016589902,57315.38688501107,57948.89192677467,0
27.262093369660107,57239.92453021302,57901.70368712225,0
32.01349748781709,57166.143028995524,57850.73410479716,0
30.77302748686408,57102.55565916739,57798.21807477213,1
37.783933240333276,57053.4120482511,57751.75481558713,1
35.958913763460856,56996.22984599006,57707.65376679397,1
39.38858869126895,56935.758758572025,57662.69139897561,1
39.18268829043556,56886.18344417152,57623.87754751754,1
47.051871703216946,56857.188248047416,57596.72105748363,1
40.55092412796487,56837.14751424613,57565.76672598336,1
50.4741575865847,56829.65223665857,57548.22195326009,1
60.05943732710062,56837.63328489723,57531.90316628016,0
56.963895705166394,56857.40088949895,57506.912708880816,1
58.52537370054259,56880.023603726564,57483.67664611582,1
60.30567814305636,56890.311601704605,57458.804730385964,1
65.2068920646046,56885.51899324581,57441.96112522905,1
63.284700712382765,56891.92969127088,57427.02586323512,1
71.15778085103736,56919.44303641389,57414.561920227985,1
70.72628418970277,56960.7079864726,57406.77472872304,1
74.38424456098238,57003.53851553977,57405.44066860061,1
80.23784060077563,57068.860996875504,57400.70750093748,1
80.07847123557121,57147.55816549961,57391.270274668525,1
77.30082603655752,57220.95984123174,57382.98652854112,1
75.9792962539257,57303.230799017125,57374.02065183491,1
76.38019241631682,57386.22727476128,57376.86048255222,1
76.13143239638391,57489.39148469069,57387.60941941267,0
82.05937199978243,57600.13283465649,57395.74995957031,0
80.71033133238512,57707.14810607452,57403.42161917897,0
96.51949546089915,57798.90375587203,57413.45057108356,1
79.19425074522319,57870.37845866273,57418.1297032543,1
76.94372882708223,57925.88451168507,57423.25193606078,1
77.7929307822057,57980.62125331153,57435.886844526314,1
68.68635014858545,58037.07882298694,57443.82971028165,1
73.16179033601769,58105.29791394477,57468.100898227676,1
75.16901725699068,58200.47297309153,57497.35798947128,1
74.93975921790529,58295.4139884259,57526.82117117458,1
75.97559046028013,58396.67661552515,57560.80966476434,1
70.94583978643011,58476.33767363066,57593.046663744615,1
65.77862431818396,58541.62392908407,57626.024325479266,0
65.4211802111782,58615.62634213534,57666.68378354935,0
62.86541310890541,58680.49918280005,57704.86158915133,1
65.23087483568733,58750.89965426703,57746.767910749055,0
58.71582406715923,58806.91201512589,57791.56812885396,1
60.47411587005191,58851.55474927106,57828.96419182309,1
66.68564261818094,58900.785548349566,57875.12578899194,1
62.76284218027248,58934.2690777689,57913.50818487397,1
63.739627760080644,58963.78420029532,57954.50317536361,1
61.61381353761257,59004.550367061594,58004.41838719626,1
61.833152088555345,59056.958197129796,58060.12852116309,1
63.31030843069762,59134.69055726994,58117.86877159221,0
59.09020279969936,59210.08829399208,58181.13249965318,1
62.00094272476021,59266.619812944366,58246.56495761885,1
64.2036060936349,59333.765378884214,58310.87865023713,1
61.99273644979889,59386.709503622515,58381.76243600973,1
62.541091920584684,59422.84752952475,58445.13218198074,1
59.53583828521758,59456.677945027724,58511.00041078963,1
68.82668156572241,59487.5738406789,58581.53569760709,0
80.99051396019603,59540.509500857195,58654.777086418886,0
78.54913716058708,59603.642106847066,58724.605868999126,0
67.28537860517075,59637.292705285385,58786.741859965055,1
69.449539008134,59674.95229403059,58842.981612100135,1
58.469750296558374,59692.712731506464,58888.79968939275,1
55.338450349368706,59729.92444508282,58940.57755108751,1
55.350365788250734,59788.34927628897,58992.29446084806,0
59.58353717361547,59828.77582069539,59050.51147658826,0
59.71519347656025,59866.639466257904,59105.95637407879,0
58.53292038442143,59910.57980862072,59161.96322230355,0
55.94402576560566,59942.98193544835,59213.83394681004,0
55.012890182138385,59956.52485020916,59258.45526665772,0
46.668922169810585,59948.673108309704,59295.92260870019,1
36.431092801504064,59926.01895517883,59323.995682974506,1
36.31492673065411,59918.905799124695,59355.104011068885,0
34.743612229685425,59913.64001726968,59387.950720652305,0
42.90208543929327,59905.05535210663,59422.492257245525,0
50.753683630106956,59914.2075115633,59456.324276701554,0
49.20333944019604,59909.09761981682,59478.8828648401,0
39.57144425735603,59883.95750630385,59495.06556626603,0
36.69540878987687,59849.79201439229,59511.834649746,0
37.74937636399531,59811.014577945825,59529.45019782866,0
33.49346274680232,59769.99208985099,59546.58731244036,0
34.9488023835067,59734.70111546239,59566.50825361107,0
32.89991334436364,59704.69574524965,59578.429486167995,0
32.49674574779806,59660.938620233406,59590.1214699861,0
34.75462897365476,59604.6157246293,59592.021585121875,0
33.71886806926271,59522.861983459894,59579.4670807356,0
25.375805011083884,59437.875770362865,59562.941086853585,0
21.040024458540373,59345.154913640625,59541.35454154973,0
22.234840717351844,59255.91588865296,59525.66523281895,0
13.563925886166459,59171.49555881736,59510.40391855104,0
20.051872386348208,59105.65102872625,59491.93248333655,0
18.68614994105876,59034.81249561331,59465.72100809981,0
14.90353147720701,58942.911158957286,59431.908612944986,1
16.668430450320855,58851.60613038063,59405.828366754205,0
18.7768834641265,58753.58734538478,59383.30529569102,0
22.141405182571674,58651.371176839166,59356.55852809739,0
19.774155446428182,58543.66365929658,59322.64069745116,1
25.48750525577134,58460.62355890942,59293.80130971167,1
24.90450470884501,58367.349747179236,59256.95440179305,1
28.54694663207154,58263.7812508508,59212.17941931705,1
35.81879713961008,58187.43629308834,59167.68560676772,1
43.791787872371856,58119.11513600405,59130.11899041587,1
45.857612425830496,58065.14320540463,59097.8388431521,1
53.765623515764666,58039.628574653085,59072.46674829365,1
55.63829187673303,58030.11621706878,59049.38427050036,1
62.73664652052536,58037.06477935633,59025.15398066824,1
67.17444608388158,58051.34346515917,59000.807294906175,1
63.87265232661274,58069.06311757199,58973.950252306975,1
70.25532603683985,58101.50264411495,58950.062490122065,1
70.7754374737165,58146.57317157001,58927.57634444022,0
79.42570121619498,58183.36620892113,58910.36188479085,0
79.65166137426115,58254.433737697174,58897.51358556644,0
76.26772096736956,58321.57026403578,58883.45162595671,0
80.87580387649157,58385.64943723511,58868.11836361512,0
73.81134600918122,58443.43803181416,58845.340797901095,1
62.69323418844487,58475.88609905719,58815.402639442116,1
62.011858423954145,58534.2255577694,58789.675134055775,0
58.595866050720566,58594.33981903661,58767.30531387803,0
55.74484524671242,58665.417598843786,58745.92866715123,0
58.80831991903388,58742.02767908911,58726.38055086902,0
52.26313389211717,58796.06370231671,58706.64184437051,0
49.05975256023797,58826.86724553756,58690.45830655936,0
36.49494621956413,58837.630992000166,58665.3289203023,0
29.430796944870053,58825.67158629502,58637.27937590378,0
36.20753016243373,58811.8059318415,58612.08450239432,0
37.161029225366335,58816.498685336104,58586.07045017735,0
35.93555505109448,58803.2893815532,58558.48399960072,0
32.802566379997,58786.749723487985,58535.06713918063,0
33.358404678499355,58742.71755662756,58507.23270701617,0
31.304903888312296,58662.32085893513,58468.09885683593,1
30.191486161070443,58589.47417207935,58438.15471768219,1
24.66132480107329,58505.38678900284,58405.78785498261,1
21.67507810493963,58432.48996522315,58374.569313946115,1
29.69887644352879,58370.549234650774,58351.962609382055,1
33.21722726018626,58318.87081913727,58331.04283570428,1
35.28736219011357,58279.77102098036,58318.166254450305,1
41.57578241843484,58238.54663665823,58309.94348057392,1
47.46636640734419,58198.825059849965,58308.77337236177,1
43.86434910482741,58157.49603234007,58306.56072462607,0
41.97003509734655,58124.88857122282,58307.73775583121,0
48.611894135461675,58103.489020156616,58305.77704094267,1
51.9564538365143,58092.884360333985,58313.687052447625,1
57.131847632202586,58093.10270741172,58325.40553968407,1
72.76244718931352,58088.126577902396,58331.88755491249,1
64.03445726146333,58066.70804491332,58337.33278220573,1
72.59058279301992,58048.46426623163,58344.90768593434,0
79.2282269652591,58066.7857245047,58367.73282568397,0
79.75165244824936,58107.961495285315,58394.00231373098,0
70.00437092854301,58143.106302693974,58417.53532922207,0
64.23380644271177,58189.36836604179,58438.33370291234,0
56.55075700492079,58218.062125600656,58450.40505068712,0
53.115682802248486,58250.5613578215,58458.3663437096,0
41.63536219439256,58256.104769485086,58450.95393957829,1
37.04568259223814,58242.30145489871,58433.03176148032,1
43.16112768669708,58241.686043071095,58415.67076610521,1
46.81096574150863,58255.20232420046,58405.421272387954,1
45.02007433029424,58257.906882614,58392.568847555856,1
45.90088834809713,58245.68916815011,58379.42379259301,1
49.37404504981591,58236.179195093784,58360.4313450176,0
47.964796726491066,58229.130013602924,58340.760492644375,0
38.94912467731211,58218.205135932076,58319.71261174704,0
30.812030684309732,58205.75517550765,58294.21562757183,0
32.70735190024722,58186.51491069504,58271.383398347774,0
32.94420913319331,58161.49236097299,58242.22472440764,0
35.78730254769026,58139.95298991442,58215.938765445826,1
34.10320792286994,58101.67554703557,58195.22346512571,0
39.455190035962175,58030.71210203824,58166.32744339149,0
45.73917001157218,57950.28748727687,58136.38138102708,0
40.16847520457174,57887.928652869465,58106.53975083234,0
38.19920287750845,57846.725590816364,58080.21286760324,0
37.09637056520869,57809.74891952806,58055.87913757167,0
31.63011072469223,57751.592617039816,58028.2564923105,0
30.974590784713,57726.196871771615,58006.380291486865,0
22.587097937940925,57700.04801502329,57982.78233297163,0
21.81850117186677,57650.92148405092,57951.316986988975,0
19.883179464261957,57579.40003402481,57910.58181186344,1
20.397444704079632,57510.216305223585,57875.339617024,1
33.69450793320203,57461.139403804555,57849.17966471964,0
32.876647105300876,57401.335590103896,57823.87855840814,0
30.7993651919666,57321.281058409135,57804.344572433976,1
37.82034806344744,57253.07723340207,57785.15383627614,0
35.25751927128228,57188.94519140992,57767.63898853465,0
27.176347770436095,57109.280233026075,57742.099505468934,0
26.990612068984888,57049.55223225352,57713.825923448734,0
39.18325102941016,57013.3063466462,57693.71297644941,0
37.578300636808684,56954.01437716668,57664.92080760022,0
32.802348216960695,56894.97178860682,57628.89750417093,0
28.82494540931002,56800.983119784076,57577.24460500073,1
30.191396846833598,56701.40819996764,57524.10461788338,1
36.515630961744144,56604.77994550889,57472.169417317666,1
37.51490455298735,56516.887402102744,57421.23849035011,1
36.816363483042984,56462.75057245886,57376.20297716045,1
41.0218467362259,56412.24593442182,57334.03758229091,1
49.30565911830729,56385.40389676612,57301.69326051711,0
50.735257603079205,56379.07064812394,57276.262028273224,0
49.14891516321171,56381.278499542095,57243.70750518762,0
55.78752788115124,56386.906840803465,57203.38806354351,1
51.049179020990806,56368.075139939516,57153.22512258132,1
43.05702777236441,56351.99137260045,57107.432586370734,1
52.704563937404394,56347.42395242325,57067.56680698656,0
58.30995232143269,56335.48812500038,57032.12423603602,0
82.15082969047918,56335.24671004283,57001.51312942318,0
79.96278917318907,56352.896628137096,56980.816248929754,0
70.03951755955103,56354.60221889826,56958.74622904856,0
63.8040472160609,56326.32702162537,56927.56936787112,1
61.00754925227584,56330.608186343,56895.08315245724,0
49.3377283920647,56333.215027219965,56859.02076201331,1
38.16858263309161,56362.29527728193,56823.887048653465,1
39.34711721335533,56405.403574005875,56791.79436944821,0
43.224324355266084,56441.533992821096,56757.13100900492,0
42.41582211696402,56475.863350247164,56724.30177607614,0
46.92034740922004,56495.913646655725,56692.266365619675,0
42.58203066752169,56497.362794238725,56658.376735708385,1
38.33767045028848,56473.219121482354,56626.38396472085,1
37.894799693936726,56435.52152431574,56594.48944203376,1
30.046658528951767,56404.566088136344,56564.86372162792,1
38.43183025001741,56382.424887512614,56544.07317773326,1
43.4624838076064,56369.896062215405,56521.068552556724,1
56.542735306310675,56373.20154036442,56501.54174136872,1
60.805108009685426,56391.94068194534,56485.652843438154,1
73.63577414202469,56419.481568886455,56476.01729577937,0
78.29890243697776,56445.84973464508,56479.21597646528,0
67.40591255971229,56465.6124458149,56476.58247854706,0
59.21578122840001,56483.2040317734,56472.0086357486,1
61.52404338325075,56514.67146184385,56473.06935898829,1
55.03256154063651,56526.17579107939,56473.79345527907,1
58.52978567890387,56548.80778595565,56474.45735430615,1
65.64472422930118,56581.16356158674,56471.89671176634,0
70.45264692007298,56614.37806401012,56477.01135901069,0
68.41881930840213,56642.124425473216,56485.46835583056,0
62.441449608337855,56664.11739787442,56488.71784186507,0
63.11666582372967,56689.67409052713,56492.557925266556,0
53.626692962994085,56714.79099466685,56500.5810403647,0
45.991018681977216,56746.746459428,56505.26165559066,0
41.73501990471121,56780.57374043553,56501.396399549485,0
33.658222846980735,56811.40845121526,56507.82135124737,0
38.51227914683118,56833.64669661515,56519.5431409366,0
40.07311348933088,56846.614187287596,56539.32097955814,0
32.52652050717266,56838.78400627632,56556.492063892176,0
35.145101322375425,56807.430682502614,56566.71313823564,1
29.77914873496134,56751.923743212144,56570.03183222315,1
26.137763269414933,56687.58529305957,56569.14986470557,1
21.201182056004626,56642.100552637814,56568.52432583345,1
29.407380189299857,56616.07090239147,56564.27543799873,1
30.846759214007022,56582.2365497776,56554.33571964975,1
25.23457718225805,56553.704242887776,56542.76375261734,1
35.478281224640455,56535.51880086174,56533.90213832945,1
41.02357703224787,56516.01067000614,56531.070923792984,1
42.526163375341035,56484.543016328054,56530.032016501726,0
52.21641458182023,56473.06063167708,56535.7230275321,0
51.67743356901182,56467.813434765514,56541.647965771146,0
54.71444780387752,56456.79272179959,56541.17632996926,0
56.598468521803724,56452.50926995815,56540.426097093114,1
52.13351652126489,56434.34982753485,56537.160699045286,1
64.54368527682516,56422.88378523572,56540.019104993626,0
62.46825907850684,56410.64272919173,56539.835168386846,1
60.815306907220524,56402.61595082312,56547.30351037785,0
65.0040165358426,56421.35310103114,56562.94410905783,0
64.16268324872829,56443.45266346632,56571.71169967636,0
55.595577060672,56449.643301343895,56569.95686164477,1
54.54938775687982,56476.84558630853,56570.42472664769,0
52.54439324599489,56502.298161953644,56571.70367082474,0
48.19313292734217,56511.479624322106,56574.1710578668,1
41.121921663683445,56516.67064921826,56581.6560490931,1
45.57875941334447,56532.34760592005,56593.066152291474,0
42.801295285432886,56546.668515914374,56599.60472372856,0
43.176992289401966,56550.53296087104,56601.14536767283,0
56.76443930922907,56562.77571290244,56608.2227840678,0
50.55193989480431,56565.62803659718,56607.00261499484,0
51.32535078543256,56551.703945321846,56599.6283328827,0
39.305899950313574,56511.79999759974,56578.57533725645,0
26.13677980895703,56459.64649470606,56546.69503399366,0
27.859989488245546,56413.06634009645,56519.40765480574,1
41.148143417279414,56394.374840647506,56501.62902259492,0
34.372194035415646,56355.449644737135,56476.33037815094,0
33.88202153506083,56318.32494311894,56456.69482920268,0
34.88923061237186,56272.343749996646,56436.71789599424,0
37.77146001236766,56217.47465740338,56417.46854738448,0
30.463469348678274,56154.335049455905,56387.69449385467,0
35.17368909468152,56118.87630516003,56360.65761351949,0
34.20722205077665,56072.06995029909,56333.605747617556,1
27.07800962610652,56025.82538178748,56306.16418732889,1
29.328247304529953,55987.59466255867,56283.29252502354,0
28.23876947494459,55942.87348923223,56260.10686101479,1
40.34237982901634,55895.06947116744,56238.86444458423,0
48.64085946535577,55857.16807954778,56217.90857506157,0
46.69907135598343,55820.9519435214,56196.06746643532,0
34.30031489810308,55766.404104856294,56176.138751095285,0
44.00922878673525,55719.84847200094,56159.42840128469,0
45.514846026294386,55674.84657707291,56146.59469071081,0
40.936220342879565,55646.1973730045,56136.2847891734,0
28.086631352795507,55628.87191156774,56123.209681396926,0
28.943285119570206,55599.419415711345,56102.33520003516,0
22.525452194020758,55557.288587531286,56078.116096650854,0
22.80867189691915,55522.85473412268,56052.57765188897,1
30.59841677756117,55495.38307157331,56033.36636067688,1
37.54589751520437,55478.39585789202,56013.86871880636,0
33.78731375909929,55442.65027802517,55988.12439059209,0
28.69419394725999,55419.059657757556,55961.501150426484,0
34.91197711600408,55397.55342679876,55930.45473156816,0
34.695814917037566,55380.83101950828,55898.81278151466,0
32.9131265284053,55354.59605672148,55865.28552129764,1
27.924629723268254,55316.74774813115,55828.98791629273,0
33.054255348721696,55289.95990589801,55802.35089236006,0
43.64081723542164,55267.42107668506,55776.679361163966,0
44.354392097748544,55242.366244140314,55750.597981041006,0
55.0442787104517,55226.30085046161,55725.54142629072,0
40.78373828175035,55184.14751682428,55681.256517412534,1
49.328819043224236,55154.49374579659,55643.844834216805,0
45.22837438163642,55121.050091234676,55615.157406667124,1
42.55599133201392,55098.91562308154,55585.1128038826,1
45.04908185046144,55077.07069007094,55553.118692643846,1
51.62818579253259,55079.73469132532,55529.63722683645,1
44.54701600371109,55072.18983056796,55500.32376919074,1
51.23424443692211,55085.3128951252,55473.76376757103,1
55.56982346223356,55094.69083741207,55452.57528927596,1
62.587247489045225,55103.56815208057,55435.082795290175,1
58.231496933570696,55118.380906751416,55410.36646813168,1
49.101266534901775,55120.134542897285,55383.30375294651,1
53.46415668573498,55124.808120906026,55359.69640180183,1
51.803305375232,55134.348865628315,55347.832328726094,1
71.48739907442057,55164.788020181724,55347.342131487916,1
66.31891142267978,55204.213446813446,55345.44675897953,1
64.62454305025756,55230.90388404039,55336.962509717225,1
68.45422141927736,55262.44807215089,55339.478732129464,1
74.73125843636714,55315.19067789511,55349.344274951465,1
71.74156033873756,55360.3653795577,55360.75007811515,1
73.67807188775302,55427.66461155059,55365.332499071425,1
72.05172948173367,55489.79360466427,55378.028256300146,1
69.28110404484669,55550.951840169015,55387.98762067071,1
69.21315760289305,55616.684938319784,55402.95879909088,1
69.67367168517681,55683.03045396342,55416.00072151422,1
82.54591439601842,55751.05903497051,55435.02297580117,0
75.52330594398748,55822.70003716663,55452.25438836449,1
75.91003911617906,55884.40173272191,55469.49667219283,1
68.79993740529183,55937.25369936542,55484.60953720301,1
68.19140348976481,55981.063958235536,55499.12760117584,1
68.24077280371806,56024.04570619135,55513.423108665695,1
66.0137159308164,56087.495726787034,55530.36265486095,1
61.9299548942706,56150.82427087672,55550.08747932336,1
64.29783946654223,56216.61611974383,55575.99982742182,0
69.37091414528646,56267.711899360394,55602.87812660497,0
66.6339148872753,56322.14724248913,55634.53788969064,0
72.3892687314642,56389.75211509145,55669.94792074129,0
73.46447481502074,56452.76922119946,55711.44452696018,0
57.089611565905955,56469.76462934892,55739.09689806172,1
48.49302386309366,56483.944344017036,55762.96947256515,1
51.0145493832789,56503.40904573931,55789.63600615708,1
52.00559762295412,56521.46096547495,55818.9887793871,1
54.46934887193691,56541.3853826952,55845.520403029295,0
59.61476295041188,56562.509005470936,55875.629993475945,1
55.64499283385696,56575.438780280136,55904.33781093768,1
53.418146752425194,56575.32896006183,55938.45546057345,1
53.329243638244286,56591.21609142855,55972.75686257671,1
43.29538339402591,56587.55409747686,55997.549880509556,1
54.76382797971927,56613.91555790958,56033.22926271072,1
58.18648915338889,56655.000943285166,56070.60763830526,0
55.30127184715905,56700.22041823302,56119.85226922919,1
48.52438561895077,56729.769731447566,56160.47304912134,1
60.288772493853834,56748.38456201002,56201.02126763349,1
62.22672031785257,56762.26002787927,56241.33758934091,1
65.16837819647002,56781.62195398408,56284.69863217022,0
67.74625947954698,56814.58868827349,56328.479488469915,0
65.36455294539034,56833.81722218388,56374.59887738765,0
64.89274017262312,56849.37973859791,56417.07126434926,0
63.70713645362612,56878.92071969948,56452.788850976685,0
60.68810015781941,56907.047915375515,56484.36137788313,1
58.87181233765979,56941.184867444645,56518.75759043437,1
69.79685995610298,56975.54191878261,56561.151729741236,1
55.17360640627675,57003.03435353101,56596.81089607929,1
45.505199387235294,57018.92703750982,56629.46126222854,1
53.87913044942628,57060.21189555477,56662.50736108689,1
63.871700347685795,57110.515294641395,56700.97619970463,1
65.76913519506576,57153.90120936404,56741.95579270616,0
53.28792842124918,57189.66450124765,56768.43645214826,1
60.15393371386529,57225.40268392606,56797.31406512311,0
55.3152107689111,57249.03269165925,56826.07456314588,1
56.042249560473735,57269.52349578758,56856.595822923984,1
51.68718905951718,57293.07478172974,56881.78551994752,1
59.0865324176857,57322.14058954662,56909.49676738454,1
62.59961219179182,57354.234199659106,56936.357293876645,1
64.38350020193906,57391.42746293475,56968.057435758754,1
57.516136906171425,57404.353496072275,56989.797272910626,1
59.65959070069837,57418.915565122836,57013.085088570144,1
67.72522652261955,57448.155993029904,57042.57296847246,1
64.45021595336806,57492.566618895486,57074.91401878871,1
59.76561628770112,57539.38800817104,57107.69099785733,1
54.342667070792764,57573.02605131208,57138.349728482666,1
68.53280456700374,57604.81081260122,57168.077764066904,1
63.18747586429808,57654.43808082745,57198.25642005959,1
66.68409196182839,57717.219142471884,57229.70247131976,1
67.06093733642956,57762.8066291244,57260.5452529925,0
72.07849597827698,57800.387552414264,57292.27232367468,0
75.47495514807247,57852.600497900086,57327.09514582962,0
76.95585831200243,57937.88871783983,57362.4842508044,0
69.58962705789888,57990.22398488076,57405.49780733584,0
60.77290953619818,58017.29851689203,57439.41623229587,0
63.171648466472504,58050.46644455435,57475.418782450004,0
59.23940505606724,58096.84365274272,57511.93859485463,0
53.29895527712691,58128.564945640355,57544.3685925626,1
54.011979236707376,58156.33251742505,57573.88669865828,1
57.17905833569904,58171.95681981974,57606.664651574596,1
55.63789399888964,58197.88460708027,57638.819531718,1
48.51326746740465,58221.49038025099,57665.19480409911,1
50.44436456567072,58237.695806165764,57702.62965194802,1
52.30142863050188,58253.13501455435,57730.60180144661,1
46.80354042222041,58261.509297814555,57750.29433966908,1
43.06862551434127,58288.47438026655,57773.651313296075,1
32.51444881568045,58297.7382437004,57795.265168968035,1
42.32422034187621,58309.5368687392,57822.71734275126,1
59.015061354494755,58322.50021156211,57853.7985447929,1
63.09722974504197,58351.94931597433,57888.67619778859,0
59.27910440819108,58376.20343382849,57916.91822189668,0
62.88875032508448,58378.77981751833,57945.08018396339,0
63.26274043005706,58371.48759589579,57971.32739372356,0
64.43960810590812,58371.192633831626,58002.40657298869,0
59.94557183456795,58389.83035955805,58032.52920996889,0
59.893074885695185,58399.964127072366,58058.9304863011,0
51.94210693471921,58398.44848484653,58081.1012212802,0
45.34606220028443,58396.12505067503,58101.60487142021,0
52.96841386104881,58400.66914462075,58126.58354150265,0
47.99083733911262,58407.32725784951,58145.51079649249,0
53.537720778833986,58409.85872316358,58158.556903126875,0
38.82237373965701,58406.73360973944,58166.327764249276,1
26.035564421012552,58379.09965656236,58178.403714073895,0
30.62024274572802,58369.34515508617,58188.17878991066,0
29.072670392096825,58362.10824784301,58195.524562142586,1
35.217540028550744,58351.802003006,58206.56271618345,0
35.755151426188434,58355.76397882792,58220.340847807325,0
27.84564800726362,58319.1291262634,58221.512757437966,1
38.933765541601424,58290.50818768805,58228.30814000448,1
43.64792474900327,58254.830335947234,58234.037346993595,0
42.381884185232046,58213.058246387794,58240.40012202289,0
46.19366864389108,58175.96363158191,58247.89941054702,0
39.39033500512606,58126.53696549263,58242.67978270865,0
46.93766774371635,58096.21687205155,58243.86667425112,0
45.127332975431784,58063.347564383665,58242.11303245393,1
46.899965077777544,58030.78364989009,58242.0335257323,1
48.291517423585105,57994.58785308771,58237.01203747479,1
40.715327927827374,57970.895887151826,58228.187993949956,1
48.679463587358626,57954.127453321336,58221.34686584244,1
52.8271600835682,57955.7757353575,58222.69843898573,1
50.887561574258804,57956.517840643784,58221.009018418685,1
63.74808732896138,57972.14607736267,58214.14599603431,1
57.9608538911908,58000.19709798427,58203.32706613168,1
50.18309511639916,57999.0728854542,58191.718350140036,1
62.75137428513415,58028.446803298706,58199.983876705264,1
66.5038008064335,58065.34303282409,58212.51335149133,1
72.84953218224588,58102.50407614757,58222.605017169255,1
72.33114263183097,58183.235765017125,58243.38108518867,1
79.90176477967492,58258.16401278247,58269.04073814745,1
83.33290871699504,58327.07003417089,58296.08263273405,1
88.73626072899017,58406.91239315561,58324.01123645302,1
89.91436193625015,58502.1596786084,58360.16712988999,1
82.45896605353354,58599.43726192394,58387.37636501192,1
82.30464132440213,58695.18954742807,58420.68848740061,1
83.40763329139519,58797.76728440778,58456.616227091225,1
84.75464077526212,58920.8226287829,58494.97282513884,0
84.63419394129934,59051.12131796488,58538.36526718058,1
91.22074806863706,59183.99227536947,58577.97015660207,0
89.00529531808057,59302.81698420698,58613.473574900374,0
82.88448712830944,59398.4295123254,58641.290517526155,0
80.38802827982782,59495.3314529046,58668.66022604913,0
79.99273229195458,59602.241917692314,58703.53083610391,0
61.23541964352018,59685.19168852726,58728.808703184266,0
54.819160845902864,59765.567892558596,58749.46845363083,1
50.53429972630033,59814.4638237504,58769.8372623822,1
40.009708157586516,59838.94871139487,58788.10718522034,1
50.006118240598035,59876.642236646396,58813.8825178892,1
48.33323924907414,59911.09377074145,58849.36857321524,1
51.573124092236185,59939.34455580328,58884.510902620474,1
42.61378949008167,59960.398686779525,58917.311204306054,1
48.41607638862341,59991.54370037043,58956.68522733576,0
41.909040540910595,59991.6861532776,58994.14814730525,0
49.49114941307649,60022.709968397554,59044.82048974601,0
49.03980439397822,60030.15057857252,59085.01065679516,1
49.06329047569616,60037.22196213591,59126.66171280839,1
43.282418050013334,60024.7531397659,59164.1532798428,1
46.97307893974318,60001.605509229514,59196.70187934122,1
57.489711198065734,59994.33294770778,59248.051685179824,1
62.40624801796879,59995.29241605961,59295.387266248996,1
69.7236309919747,60013.72502606035,59344.8483935714,0
61.07725200249285,60022.62149232193,59392.48552442278,1
58.10033444871416,60019.53622282186,59440.95987259989,1
57.88794316252467,60044.80288004181,59496.115069003936,0
61.43066630124767,60085.16676194534,59545.04840958834,0
52.312934154934034,60121.181626431746,59592.97088720143,0
62.68650052359086,60178.734939053844,59647.28770088584,1
55.790545643887526,60222.40395639961,59705.00895921397,0
54.44425997075984,60243.946563610436,59758.58884379869,1
47.66544627307674,60241.01634733177,59799.266460224644,1
51.690216936384694,60250.53083686279,59835.21324490817,1
63.804676580469454,60271.199365067194,59882.55783710512,0
53.800931160355404,60297.59664979808,59924.32837627941,0
51.5726532677287,60304.2785786316,59966.45308200493,0
51.17291778135374,60328.91177822783,60016.9462139046,0
50.9885549870767,60343.46880738146,60052.67051444149,1
48.436156817536094,60357.51970734919,60081.02394965284,1
43.32261635928167,60373.70009366528,60105.1802863483,1
46.189210110219726,60380.47611569025,60126.947825449075,0
54.93706133409708,60392.61841710094,60149.169027976386,0
51.8467982789745,60394.19637573811,60171.6989301983,0
48.33264865233357,60399.59368640596,60189.55804172292,0
50.15658767832887,60398.7537094245,60199.59748492632,0
55.131695188004365,60386.39846040726,60210.89954839726,0
48.754992445844856,60361.56295753829,60211.59777363243,1
36.16537049891791,60347.310807171816,60212.788296307044,1
43.55887520297842,60328.051921438644,60210.17941794814,0
45.32008193777357,60312.48010932191,60209.55247575678,0
38.64058833153121,60306.37561391592,60207.542179217264,0
45.26531196369388,60319.3941622737,60205.897331451335,0
47.65846726035538,60325.53053754568,60206.053654996285,0
45.045893305922704,60294.19024008468,60202.10135197716,0
38.70692238910679,60274.60383432698,60193.27314293328,0
22.498446417722846,60247.476702210624,60191.36708747828,0
16.884079170692658,60195.77116511173,60189.027522925855,0
23.204455037613855,60160.46920634501,60191.072667479326,0
22.66689564197462,60123.849514904956,60194.98427105688,0
27.297606719975832,60098.10895047012,60193.7669718778,0
40.35989522746787,60070.997997237704,60190.90951604758,0
35.8604309435532,60021.12943110031,60181.882978095186,0
31.515461174008607,59970.59171513633,60175.77614154102,0
20.784474192957106,59910.367111044994,60157.087405992745,1
32.978130107131236,59869.89574723902,60150.8813225109,0
28.66274692106346,59822.13870360663,60130.671042480884,1
27.6018062828949,59779.00615196648,60111.14000299001,1
38.89891788080119,59750.27778137217,60098.010624001545,0
37.29945407014211,59713.455916672436,60085.660528710745,0
35.458363122404535,59659.7575006654,60072.813272331136,0
43.4070320760992,59613.272140626934,60055.117856384924,0
44.90039920159704,59573.12156684173,60037.028991764186,0
44.82105301077296,59527.454637613766,60011.545499617656,0
41.91926106164884,59489.51055856965,59988.856978476244,0
36.30809218303452,59445.611040849544,59963.70307014436,0
38.69962958906868,59405.47753937711,59935.6369512124,0
32.66915352154794,59359.88775932706,59898.91592187856,0
37.31487874593772,59308.77668499466,59866.110690904505,0
38.660939219849595,59281.622053008294,59836.13911663866,0
40.25329622124569,59243.230182136955,59802.09746217273,1
40.00892765858912,59190.52699718025,59769.541689475496,1
28.56850206314303,59135.49002280302,59739.672448283694,1
32.940168169456925,59085.65345486901,59709.82518874351,1
43.349120840442666,59065.95308933372,59674.98889569935,1
45.55344266845034,59042.73057128413,59648.93489110531,1
38.03703957367056,59020.61861231448,59617.20705595404,1
42.465296802163174,59008.65276727379,59583.0363986084,1
50.319365367734626,58997.640623537576,59559.679350464,1
53.83996240275609,58994.070340139304,59540.2807818268,1
56.26783684487259,59007.25813043744,59526.23648704,1
62.78823682611402,59008.59876262639,59506.36691515937,1
64.37974196834057,59005.23516843175,59482.0756922965,1
62.720609771524074,59020.56661942782,59462.09359709353,1
68.83671398764629,59044.42942531599,59446.79127404026,0
64.97612848907755,59060.16357335004,59428.26701571457,1
69.22522998919061,59073.407544248075,59410.44058474872,1
70.79275812449386,59117.674021304236,59401.36034738493,1
68.42685160150205,59167.002170175096,59393.98723610581,1
65.00191677753736,59199.68179784655,59384.79106720182,1
69.9650002075779,59235.7809698579,59371.41780638712,1
72.0807785865167,59289.601069609285,59362.83187175285,1
72.71875404824975,59371.88147197086,59360.667372162556,1
74.62921333953709,59460.67214629867,59363.881832244704,1
76.71562020185729,59551.85676325951,59378.055504969285,1
77.46177202789877,59627.6511394209,59390.15381314288,1
73.78650324903228,59710.92393049749,59402.58594726879,1
69.72195886036657,59787.635352534126,59419.78207357736,1
68.88850516403953,59850.395006648396,59435.64967058535,1
81.08056648288435,59922.36822748679,59459.68826685952,0
86.25237003007561,60001.216218886446,59487.47939440654,0
85.39400853432299,60090.165329945,59514.03384824228,0
74.68046036601908,60162.601475107134,59538.66450989924,1
65.0616323442402,60205.79422002625,59556.174599049504,1
68.4530388406772,60248.10950270908,59581.888230705896,1
67.69295156624148,60311.710165008226,59604.99278282225,0
62.42352131407685,60379.075573560374,59633.21533273023,0
64.4873021744659,60453.49723177341,59671.1567793077,0
53.96810818077132,60513.84704634514,59699.414942095,0
50.25695376708228,60560.922720639464,59723.77778878863,0
49.59817488230891,60606.895740521526,59750.27310232958,0
47.52571263867764,60633.959796466326,59771.1069340886,0
49.41396936738701,60649.66258511973,59791.28377947375,0
41.98196264652545,60648.5163640245,59812.306522809,0
31.721791665471017,60617.46582210205,59829.23761038225,0
33.53738790779214,60598.91812715421,59851.47664766475,0
32.72713233364675,60567.772603919395,59867.5039730857,0
34.280975160764584,60527.47835018944,59886.8183099223,1
29.31131285205697,60470.5712983323,59900.3675159204,1
25.83812852377187,60401.42526144461,59907.609550234054,1
26.986372961852368,60322.480834283764,59919.17965526525,1
26.99456787286566,60257.316256460515,59940.7495519544,1
34.02804550076374,60215.6018128572,59970.7092259209,1
43.84757903661075,60205.18404953327,60003.9868369152,1
47.20626968941534,60195.247755274315,60033.606097082135,0
46.264900219516456,60166.739510748455,60054.59635860799,1
44.66503895776879,60140.30801273238,60081.09109289738,1
48.475996539843635,60100.651679740404,60107.95634429434,0
57.23917175868808,60078.85783100873,60131.901825083456,0
51.93311196016821,60064.42338033094,60151.91900486529,0
62.36846279013058,60061.51960413571,60171.97769180888,0
63.16121366448647,60056.30852036399,60190.19083718365,0
66.71695972678492,60035.40180196434,60203.3504328868,0
59.455611281766956,60007.554354969274,60207.10161702558,0
58.86277510466624,59995.43157247256,60209.63846924488,0
44.47903873538795,59962.61464185813,60212.457075067985,0
37.38276684720854,59943.149786605696,60215.40087002875,0
33.745033069139495,59943.426279097526,60217.119213039616,0
28.36747550645643,59949.638540516,60213.422064056766,1
29.772649327910756,59948.736468828734,60207.23141862692,1
29.354483542321844,59946.69023278771,60203.54336043718,1
26.683517785278013,59927.94832255186,60196.08845313143,1
19.417041897495352,59895.07523984648,60179.98673307115,1
27.2643216638684,59855.65429599504,60161.97969679375,1
28.055136518723202,59819.25177863847,60140.56410323372,1
39.374191279565544,59804.017145536396,60125.14276105419,0
43.77920673714911,59786.68541717095,60111.395687566765,0
47.081782679625064,59758.301290637035,60096.2227195355,0
43.216008340853904,59716.0527700605,60078.1649304483,0
51.99932743467527,59681.59864610435,60055.61117231231,0
52.31934715652752,59638.48509958225,60026.88524408721,0
42.475859983749274,59599.010134991746,59993.72875920235,0
46.09449345569931,59565.48507369992,59964.50387232391,0
44.91285390925286,59536.2809546707,59939.29631088336,0
45.89780655466136,59508.820786883516,59913.92298291465,1
36.466277907681935,59479.01315082169,59879.37826939337,1
41.09417771712037,59456.4831215833,59846.363889237924,1
40.28028859214259,59431.6894144348,59808.39608610418,0
32.92419418403142,59411.378212685326,59772.434530592844,1
38.91580749558227,59415.33050066695,59748.99453063792,0
39.40496412567986,59418.742688990584,59728.2821398248,0
35.1634073931465,59404.07257846788,59704.13356593205,0
36.67462559877601,59391.58294478989,59676.75487693922,0
34.97319846408671,59371.8512718739,59651.313659933505,0
39.59684556108544,59350.70475150575,59633.8596749952,0
40.99079684305464,59315.58535985289,59611.809654133656,0
38.53932838407907,59271.16628468644,59592.75315987358,0
36.926814611520506,59220.92559143346,59573.60161603311,0
33.35947336137953,59170.97522554876,59558.32650133489,0
36.38353936320126,59112.376830859575,59539.99180007829,1
30.48084894877617,59046.200252349525,59516.37301131351,1
23.757588645613936,58978.38724000525,59482.157152620246,1
29.921122730675933,58921.651685547804,59446.92382140015,1
28.026864232249338,58888.23716201856,59412.51755587747,1
32.91648983559587,58860.3870445004,59379.97869860508,1
46.02285504934629,58859.721369669525,59356.57101296179,1
51.82240136286651,58865.76671659626,59336.547370783475,0
54.89812998516801,58873.37787920295,59317.486565889194,0
51.65380290372237,58883.41987056083,59294.25934641368,1
53.35213951133727,58875.65060130651,59273.48541902815,1
56.154694516461895,58863.49892551786,59249.073868377665,1
60.89579963780568,58864.76960793689,59227.51800096121,1
65.23421823940333,58869.534390423134,59210.40791232274,1
71.38780654784628,58880.808272975824,59200.61522713613,1
81.47532816861806,58891.82571378796,59192.417331521356,0
86.84618677883543,58903.799167211066,59188.283464274835,0
85.86033379831643,58926.44371080012,59186.07072955135,0
83.34985015057829,58964.37269731223,59181.98018331899,0
83.13277079448217,59015.51162105675,59184.67573355119,0
61.84899083243823,59057.03834679389,59183.31255126436,0
47.16993071632146,59099.14092454101,59177.35328801483,1
49.141904666125846,59159.64473923857,59174.83571929493,0
51.06716961015422,59212.94527299244,59174.071834658534,0
47.183475592179676,59245.520914735665,59168.464203373725,0
48.21390583756794,59267.90694461095,59159.44076499407,0
47.916874126824574,59274.59731056859,59144.80307897467,1
51.21731678024226,59277.125869659125,59132.72355177875,0
39.94619017157705,59260.242961525895,59118.26323424473,1
36.84783519901367,59246.98579348818,59106.63255578476,1
39.60179495881691,59234.78069396112,59094.758238170856,0
42.126933842337216,59230.74446702427,59085.97761535447,1
40.591764564690344,59231.12795167285,59080.36512763365,1
39.436146279878955,59235.98882762071,59078.60941389106,1
44.890906812275006,59227.987080542196,59077.297677484734,1
45.79856066114544,59206.33407232528,59071.42264569806,1
54.879929981749505,59210.86940117101,59081.02596441456,1
53.28964948937027,59211.8366957621,59088.212159222865,1
54.87466433079779,59206.62480890469,59091.954341106946,0
60.19269504425062,59201.517378643875,59100.73139993461,1
68.29315662903348,59227.560792937584,59108.204668172606,0
62.6874299755654,59258.932815700944,59113.429338698974,0
63.394582314994004,59269.243580443006,59120.904120084975,0
56.085514442753734,59267.741507376464,59124.53525969316,0
60.91632757400971,59286.411262458634,59134.28819960762,0
54.80726273608842,59297.334942405425,59138.09284135394,0
53.89466295573063,59310.620116042846,59142.816981450655,0
48.081677618531565,59308.5530635446,59147.678263322014,0
45.08038712133655,59303.08261580656,59151.12604399398,1
47.26863586643239,59294.44063707263,59156.0187203943,1
32.60647406545556,59273.95961438077,59159.39135157933,1
31.567429078016403,59242.59962826903,59164.53736572227,1
41.73715709905036,59229.072053169366,59180.63905289929,1
40.67069333838741,59214.63437680828,59195.802490395254,1
37.673055561929935,59215.238357153314,59208.09815553864,1
43.02596213794585,59233.506960450104,59220.670612077934,0
46.10782929868026,59226.196910083585,59227.61618058018,0
49.26095863957891,59217.50232296903,59228.90640177198,0
42.696598984589954,59213.141626679644,59227.859840097626,0
48.36634418987374,59203.6870371124,59228.83826655524,0
45.76447598615869,59172.58350045156,59226.97782783063,0
51.38287036058352,59148.223723264724,59227.31925779772,0
55.88334594091944,59126.788801692834,59225.71179758736,0
56.692507701050005,59116.06083432245,59223.145837252894,0
61.1007992735968,59086.048969991854,59216.38447841403,0
56.8645051117328,59053.72944959982,59202.85433567868,0
31.465097794850465,58998.173906441814,59180.566877142955,0
25.07767362483817,58943.00057910485,59154.3010106439,0
31.57825007235327,58920.35185759332,59133.51770810641,0
24.640510822959357,58897.53007179237,59108.82610068855,0
30.60682100271717,58891.8458342638,59093.3143465673,0
26.274575763201483,58871.83342955851,59073.614367729264,1
22.732799876884656,58821.67711319942,59045.452002483624,1
19.569331296316875,58753.72693962497,59012.11515704826,1
20.10134763606024,58674.439070754124,58979.66541794602,1
31.711803065017975,58611.12416106012,58957.95749865761,1
35.17846228269448,58553.4202500292,58939.145356364425,1
41.97810516253368,58517.069647924836,58924.88391307826,1
42.17808575270269,58475.68533242498,58914.03678845726,1
49.93814924304714,58446.26520296438,58908.55003034571,0
63.11388328369892,58443.26569474225,58910.37182814309,0
66.39511487790782,58437.87401755135,58910.171078008556,0
59.83256360250582,58434.152990315146,58906.92181304427,0
55.99115575665557,58418.968433015434,58896.337679410775,1
52.61388191122846,58404.046107875125,58886.8080893472,0
61.380455983636296,58402.63147541289,58881.37329691373,0
71.25161187248801,58445.03796125527,58874.23430117666,0
71.55117289321099,58483.885339856075,58863.1204682815,0
72.7052225186696,58505.28829074801,58852.98310084375,0
57.934176501012,58511.6449782464,58832.877140529556,1
54.63745944453362,58505.97435584744,58804.679771731244,1
49.399596438681705,58524.66213845353,58779.90609683031,1
52.54392617674368,58558.558613266156,58761.178015612895,1
49.33402289651532,58611.89021504882,58749.774640117204,0
40.66497463942282,58671.218857261214,58733.58845586705,0
44.453076815437285,58712.13216406924,58723.876387323144,0
47.16620177334732,58748.900472735,58714.45749904129,0
48.506150778230655,58758.23399300809,58704.75628486366,0
41.73133689054738,58751.59531092124,58693.44186650313,1
39.334519346874195,58725.84105687847,58681.110198268056,1
25.96694694260509,58678.00808143823,58671.991214966074,1
39.178204295341764,58643.80811463385,58670.65447255448,1
38.3907146093991,58613.99477819018,58660.8909030526,1
46.158588432043175,58595.39386077425,58648.641472997166,1
51.244831613184004,58583.73881721251,58634.20827337088,1
47.57742682484635,58568.564687024256,58615.3963875434,1
49.479817954116385,58541.18644065197,58600.23011340401,1
56.795660913144374,58546.55127020448,58594.74004717568,1
63.595721230962695,58573.22733596213,58597.01738455673,1
61.98291811699527,58619.01688920612,58599.00908136704,1
62.97102156939898,58672.442994385456,58604.62356930479,1
73.57769407885192,58738.5437071944,58616.03409040217,1
86.05923451164035,58798.0189682475,58629.670082234756,0
91.61971898259816,58858.39591992342,58646.70867435759,0
83.40883677113987,58903.44722997362,58660.54775985976,0
78.83692741152126,58939.5859291401,58678.21897913925,1
81.70990454324655,58986.82838318301,58709.919289737765,1
78.0973919983721,59037.36754394793,58742.50307080089,1
76.49921599738849,59105.14276256236,58767.35822849076,1
68.73208941426262,59162.64276293814,58787.155274726356,1
71.39385304820394,59241.546600589645,58811.87152149641,1
69.855981920533,59320.54140096757,58850.137661118104,1
64.52369523803029,59402.423213758586,58893.18934327627,1
65.7649316139177,59491.34584561258,58943.689035392206,1
65.93625591948023,59580.3721872676,58996.58151997628,1
65.36479046364141,59685.941766327436,59045.32342965032,1
63.34985901747946,59778.21792497409,59090.14918338196,1
63.51171475111474,59858.02342363618,59131.12155746021,0
72.82645287816376,59926.695232144695,59177.42134444462,0
77.15307788234313,60006.549894085525,59223.1229578155,0
62.782559729260875,60060.44192354109,59251.49406082433,0
63.32165958929929,60092.55264701026,59277.905542185734,0
59.493611933774716,60115.971284495376,59302.397399906855,0
66.98204306914383,60134.09388341695,59332.75885451821,0
51.879029445666774,60143.40778144026,59356.292429285815,1
40.049223205158995,60135.37384203685,59371.31592578883,1
47.43375429508172,60137.479706385755,59386.895987789954,1
47.791239341830206,60152.944420955166,59410.12670324053,1
46.89009458940101,60170.89973974385,59433.60280808909,1
43.25340673476866,60208.233881466964,59465.79083601458,1
45.36890135206792,60226.973749482466,59500.27127895042,0
46.34753487819494,60243.056843365324,59537.49554308282,1
40.27783732131654,60250.93449966599,59570.1396978362,1
35.666940459912865,60255.60317550659,59601.17421957532,1
44.09882280961785,60258.58708295713,59631.52881025464,1
42.417557130620146,60237.25929329278,59655.374281339726,1
52.14961678322053,60233.88933464276,59684.144728145075,1
49.676849557789545,60218.73993239447,59715.32393321476,1
63.07633673510108,60202.990581855716,59757.97945281841,0
77.3081200967182,60176.237098875936,59803.28137461449,0
75.92904765614735,60188.41317305855,59855.656097472456,0
65.77528125775414,60196.168201138615,59898.849576787645,1
58.385293661958585,60203.26734741657,59938.10642759741,1
52.06283973805523,60199.8136549288,59974.52677218002,1
52.00463655087298,60217.8532201413,60009.93819045734,0
54.3180612439065,60271.76369822105,60052.59553026755,0
63.063861884495644,60319.90416256369,60098.38307655465,0
52.448577017320574,60338.7680470193,60127.01341396646,0
52.522195661475806,60358.91891065517,60147.87943796631,0
45.65251445635246,60343.303511707476,60155.50548501513,1
44.023499975473094,60334.17502146014,60164.964089780304,1
48.931224686460034,60326.25471879625,60172.57994772356,0
45.51251163914357,60324.25641530609,60180.63467665964,0
45.40545929589618,60321.23177933012,60186.308563337996,1
39.40093189616352,60316.66931960419,60196.817646106865,1
40.127862629294846,60314.73102027542,60205.432317793864,1
45.354573207795326,60304.33994820925,60211.14935415557,0
47.781889839041554,60296.09156352554,60218.813541045805,0
50.88858644810347,60286.971879236655,60230.71109948812,0
44.080079320303966,60275.566798338856,60248.45098877478,0
32.77379096636078,60239.215638052076,60254.72371245743,0
35.198767539579634,60197.919621941866,60249.80086517736,1
28.425739054159735,60148.83054559621,60236.66936033245,1
46.63254194762424,60121.92351860013,60226.757841375045,1
40.15035228702781,60089.105642570314,60213.43157257841,1
34.999932606339215,60044.25882448353,60195.92235352998,1
45.860604589297225,60001.31336913254,60187.62125421804,1
43.16959036103874,59975.83955647297,60174.13986710117,1
40.52714233468506,59941.59389735735,60153.83890405137,1
42.89110182178369,59938.15615682333,60128.14799011024,1
40.76004224817374,59927.062425355674,60111.61229050613,1
50.509700199291714,59923.6625132416,60105.0238942161,1
52.915811138507294,59936.3232498154,60108.77546278766,1
55.51140817157862,59954.35292477333,60114.41217988054,0
63.436478262364645,59986.140348491805,60133.91067292748,0
70.1597233961111,60023.990001272025,60160.87878148793,1
82.58383462819998,60060.51424187092,60180.363168349635,1
77.91714498454004,60096.33742604095,60196.17074308012,1
72.05516936154169,60109.9540092923,60206.3328073075,1
74.0817252235483,60136.74560930677,60219.855679910695,0
71.04461052093399,60177.46442772603,60234.91998375486,0
75.04115306864152,60233.72262758816,60246.0671788665,0
79.97262597503943,60308.59679720774,60259.734279349155,0
69.87710234088982,60355.28372467872,60266.63006104389,0
64.02978460895301,60396.77379234675,60268.70625633426,0
58.60207171751664,60438.239649815114,60276.314496138926,0
48.236175796026686,60456.58208169328,60276.698353038235,0
43.41338468429635,60478.375426472245,60277.99406473229,0
31.866860311795534,60505.396985447245,60274.80146548798,0
29.858493069402343,60526.91547425561,60268.41934026212,0
24.104616479590945,60538.460452859545,60251.63120242653,0
20.93872062163075,60515.00634165168,60232.55915042132,0
23.64909324599809,60474.428841712725,60217.24006050611,0
18.233599439510044,60433.82867309083,60208.01818714536,0
10.389795200162496,60362.298025356766,60191.688595013664,1
10.190270117958903,60292.30908949739,60169.09693799846,1
12.809931211047527,60222.13994049302,60141.25747952137,0
13.534689855263082,60145.09012389676,60118.6995738311,0
27.757224454969744,60095.16540924177,60100.831406742145,0
24.12202587235592,60029.34479347847,60094.272192619086,0
25.24411180363026,59957.1945934907,60084.12781256707,0
25.39998284978114,59883.250963762715,60068.865676853085,0
21.484218737997068,59791.62426830194,60046.681420547495,1
29.914936831911007,59725.14724226707,60028.19624621867,0
29.948290044105832,59658.88978187953,60005.59444124441,1
34.17629621191067,59586.90558463681,59985.18432188348,1
38.52554929573966,59526.189124079596,59965.438023386385,1
43.21618974558775,59482.25882819601,59952.46097060047,1
45.5417777302091,59428.575770141244,59931.443021849824,1
43.77640035595258,59377.25256392071,59909.09364649486,1
48.93666533736931,59349.43272720049,59895.71803808589,0
55.221432515880345,59342.37360558227,59890.34074387749,0
52.08516272386849,59343.49138034469,59895.104394405505,0
49.04162492636804,59327.911752273234,59890.4134806146,0
47.87312312302483,59324.976370324715,59886.03688611543,0
47.84619278176127,59320.6031123034,59879.63465312641,0
51.905791238294576,59304.83947418174,59862.66792154103,1
40.051487989070345,59282.22594384062,59841.254128778164,1
41.67478598265459,59240.28600979639,59820.30825171776,1
49.01882681634017,59215.74611143839,59805.30817446512,1
46.64386417121801,59192.81054462056,59790.42706027304,1
46.24105189066814,59185.23058194444,59773.49290433422,1
51.8750726648523,59197.148572636535,59751.011549675946,1
50.359185181554416,59191.33196531589,59722.9878624357,1
49.876822824657744,59207.84673581178,59694.27699617239,1
48.68063274387783,59228.84997286838,59667.12831052203,1
50.058710432586494,59253.494988236496,59642.6303219326,1
49.97930967297346,59252.84768763195,59615.065075236875,1
56.14494956782565,59273.38727274252,59596.816327229906,1
60.68441001891367,59309.08058646448,59578.027637357955,1
66.04631682939748,59333.847385329915,59558.27122112745,1
71.27180419221095,59345.90782454453,59535.214822660026,1
74.42408182221502,59350.79646188147,59511.984260275,1
72.47685887471853,59372.30932804857,59497.223721962546,1
72.96279612035542,59399.959989714305,59487.31136506246,0
70.68082971544462,59435.29983308492,59478.458726434335,0
73.12515649433115,59489.34108310549,59475.771522105926,0
73.98580946043364,59553.64356284907,59471.36138332889,0
61.81884366385971,59611.50027197071,59462.74956632715,1
60.730468502157706,59655.43871108276,59456.71746919597,1
54.271805516461455,59695.487983950516,59453.23807270942,1
65.10880544952035,59729.6528118141,59459.35149239919,1
52.904294385551715,59751.2824466388,59461.75299164638,1
52.64029580278735,59790.76297750116,59465.76158419983,1
57.82523100334845,59831.003439326654,59481.75916176034,0
63.06315814428333,59869.123689388114,59497.85415047832,0
63.639589199221064,59898.2329123811,59513.06751068785,0
55.813555005651374,59930.349952073,59529.16900650737,0
51.484070363067474,59946.652819879004,59537.411291484794,0
46.02739279896059,59948.183428123106,59545.56309121581,1
48.44185973992105,59961.24576560204,59559.89168997199,0
51.527720108582045,59981.65861608095,59574.57788358732,1
50.59368153939624,59989.30982528059,59591.05848306646,1
52.131974884476556,59993.40166642897,59604.525491627304,1
57.84481053601852,60003.41070862421,59625.119735760316,1
54.072789359033735,60007.15480974513,59646.55841647767,1
67.19918240709404,60015.46858618682,59671.483306948816,0
66.34477713467396,60038.04191583488,59693.674618384444,0
53.57681440504918,60061.67471439366,59715.989144028106,0
50.48838107345995,60080.168572842216,59737.88387276458,0
51.32995941279334,60104.22212569369,59755.153832106706,0
46.99254158743156,60103.75532203335,59763.90417897962,1
51.14756984741017,60117.3970696443,59771.315267366226,0
45.27275036379554,60103.219174240934,59775.884552986914,1
43.25214687601995,60085.73949229774,59786.06441054956,1
47.727987596392595,60077.32949755983,59800.54470458089,0
55.591709526220214,60073.35995517528,59820.47570308526,0
51.446781194656076,60070.30709415949,59844.40146663492,0
48.58843770984366,60074.38287037959,59871.050035718086,0
46.55023981174962,60077.408238530996,59890.227942052836,1
35.24849896695427,60055.696053229505,59905.04589341557,1
29.45746280421777,60031.31514566842,59913.01170907692,1
37.16197935028167,60027.13862303867,59923.05450322731,1
39.51073888827987,60020.84669891611,59936.33138506739,1
46.17068764722277,60020.79897278865,59950.30063055107,0
57.73025827211393,60028.66316574924,59966.483693630005,0
59.0225400972576,60028.4221324516,59981.45416463486,0
59.889675489371896,60004.31674698684,59994.2622421264,0
53.86752650427186,59987.851063519425,60001.77466033888,0
43.75592875371606,59966.255984071606,60000.754031807424,1
39.9195645458482,59940.568613013325,59997.84232318006,1
39.84649762931957,59924.610373096075,59995.38519840025,1
37.243209973569876,59901.512516273535,59991.60168912305,1
45.59723434237818,59906.64211104727,59989.61766618639,1
53.10460704918868,59906.28987055543,59988.596362886,1
59.39179753964178,59906.9360375055,59989.19918634912,0
48.44574284810642,59886.52755975623,59979.350293745556,1
48.51040654694059,59873.457612616665,59972.32708654195,1
46.20410417357178,59868.35268704492,59973.79100174776,1
49.65429780502829,59883.4444954972,59981.43025581862,0
40.80620400960601,59893.36357282705,59984.196128966185,0
45.39653136960213,59903.155243913,59982.412681916474,0
51.21661773575003,59916.30652637409,59989.06413512142,0
55.256881604782535,59927.096883778715,59990.86494757841,0
51.845511930334624,59914.27596520033,59983.60964090054,0
48.33129046012967,59878.29724944218,59970.15311765163,0
46.241885592502584,59826.24461019833,59952.65884376175,0
36.47581158447008,59773.39221976331,59931.479149202525,1
34.50311501377381,59723.97601919817,59912.703940066545,1
33.957882425082815,59694.16664459517,59899.14731839625,0
34.84724623820168,59653.57755119931,59874.77503741896,0
35.835403027347795,59622.49851645479,59851.721158549786,0
35.238293862307145,59603.64824153533,59837.337055624936,0
26.780860742541805,59574.15925602363,59821.920702024254,0
26.636424381008013,59523.810828272704,59796.75641074541,0
29.87412076160622,59467.2533717786,59773.2386111625,0
22.919562145014936,59426.156276927,59743.62537004163,1
22.996712392146065,59382.91438862323,59710.27607565729,1
23.811325992664536,59324.53707804789,59678.93594720946,1
28.756336930340808,59251.96468258642,59650.1486997163,1
36.3625998007436,59199.97135010635,59622.495818731244,1
59.923593770086825,59175.39933533125,59611.07028723564,1
60.16038967708072,59141.60837449997,59598.74865706369,1
62.677226728264216,59124.85160839694,59599.51792124081,0
73.1411430677554,59120.77656986987,59597.62447192939,0
71.50325451490617,59131.206239851286,59591.7038145682,0
69.01341850966594,59152.60840045643,59584.35822187421,0
59.86215497203527,59178.6822140503,59574.82919715885,0
73.64148008901967,59207.23002578334,59565.84280222804,0
57.11787098168143,59206.8940850104,59550.94165698801,1
52.63802929991983,59210.54122824765,59536.71310742623,1
53.94858413297857,59212.70950500413,59524.278902284066,1
61.697635616667036,59218.364894197926,59513.82756408865,1
65.90062679192272,59238.353610630205,59508.9234667099,0
63.14674080087151,59272.083804215246,59497.27034331604,0
54.68899186520812,59303.50905544895,59483.17696704239,0
58.41294806689359,59345.32440082614,59470.386277391444,0
44.940208594442446,59375.40985696741,59458.71331964951,0
45.18719807757135,59415.011160619426,59449.79998604946,0
42.24963104133424,59445.46566133505,59441.83257062168,1
40.83895081180685,59469.103732519434,59433.909866533686,1
43.81548642105117,59464.24508985551,59426.92417393941,1
44.502259356370814,59462.61670777821,59423.19033366556,1
57.52531146856052,59451.37995084086,59417.41305715826,1
67.05317953693344,59445.47642984323,59413.299095644514,1
67.88691291997401,59444.0501804067,59406.5494717287,1
63.977087478230985,59442.85499339277,59406.88919532883,1
65.70630400403161,59472.417408080146,59414.41311534424,1
57.335005914344535,59483.67762935802,59411.972779153286,1
62.975450458525465,59531.81459988541,59410.2896987433,0
57.9818144698101,59585.68001490298,59413.6396842566,1
67.89612348000387,59644.15591485292,59420.679170660034,1
64.42577606838368,59687.43539526513,59422.27911164506,1
65.2341413068267,59709.383215411835,59421.83799936314,1
67.95716627782745,59738.54227328289,59426.97686654907,1
73.890056284718,59776.56544104478,59442.48424368343,1
73.98004601847583,59809.47506366053,59463.678458776325,1
68.99412790102177,59850.25846413139,59489.45981739674,1
75.1795753371227,59923.10789017723,59529.452734441074,1
76.63658257160041,60016.22198160541,59570.65470542577,1
77.80366309941124,60120.38774652242,59620.63394466294,0
72.81241189860053,60225.61410163696,59668.17040801227,0
77.90843507733683,60320.235217598114,59709.825124090676,0
72.7246870279705,60406.55490606077,59750.3713171731,0
76.86201639630076,60494.77787319336,59801.68591361277,0
69.79508825572867,60569.61280867054,59847.49324648548,0
65.9233843360535,60632.049168133504,59889.24635181143,1
70.8164285869414,60681.340764925684,59933.78366586522,1
70.44680033646785,60749.06791686626,59981.78511468063,0
63.79367939992766,60792.13583482664,60026.358159639385,0
57.32255957167953,60827.18993609154,60064.52711865069,0
63.78715833440069,60870.914091426435,60098.885073098114,0
53.11750648368737,60921.464887820286,60134.22171697319,0
41.64407456757668,60965.40574187236,60158.059652753305,1
32.28079554727583,60991.56456863567,60175.29206605539,1
32.25696563270522,61003.68699258834,60191.476544778256,1
38.230481767503385,61018.4077550613,60209.99820061827,1
42.18417118034757,61044.499763422165,60235.78683714549,1
42.42533241084821,61045.7950565249,60264.8787467377,1
40.73619880037214,61020.201114844356,60295.97751735936,1
45.58610449773698,60987.51221701953,60331.42234017168,1
49.4157648534238,60972.612064825356,60372.13143194077,1
53.18371168736078,60977.29158781882,60413.39580153904,1
57.561584862188965,60988.358601384854,60450.373313474964,1
68.80203701285762,61012.09173459349,60497.68908576407,1
66.90462228815434,61051.82376233705,60546.81912924072,0
68.49056109080949,61112.66529472356,60596.1827093704,0
75.78715001217681,61168.55583096422,60651.04205546396,0
78.90073100770928,61213.44464983002,60701.15851036486,0
75.78104257446981,61257.28451206694,60751.08569993214,0
74.7079500621327,61313.852562235945,60802.42665053729,0
72.14934395183133,61353.926622402774,60854.75768611701,0
59.61446707393488,61372.74478161747,60898.27294650889,0
61.87898620827765,61394.94036362019,60935.48381786504,0
59.58790506720991,61426.88816524319,60967.85676021537,0
57.15936768944012,61469.723880350066,61001.746024755594,1
51.53149796977206,61505.07043852535,61034.884378671304,1
49.42519129721064,61533.74626657454,61060.31838054324,0
30.082046552808862,61541.236182983695,61087.902168187975,0
25.00695255942898,61563.861258268065,61108.79618071242,0
27.488611813185713,61597.43887692911,61136.12588498213,0
28.44083853360908,61618.31314339452,61161.79432335741,0
26.192652641784264,61610.78625674035,61182.736146129115,0
25.162151306000453,61587.155042329,61201.48204424183,1
28.217882264929685,61545.93153160335,61220.64478909225,0
28.18167067630702,61496.37201496132,61234.74175880733,0
33.939786018717015,61435.63922968984,61246.64837578212,0
35.71935553942129,61368.33462348046,61258.27251920358,1
41.14335424347067,61313.87389232152,61257.46491122259,0
33.916725861900716,61265.15607603791,61250.65933770514,1
33.17583652575071,61212.755975389075,61239.37394208394,0
30.165269766121355,61153.958660892094,61226.095509819075,1
41.21292189997392,61122.06411607569,61219.00450589993,1
40.011466634534564,61098.21617919238,61212.148327117684,1
34.68345985150097,61083.63108138081,61203.39804349035,0
28.98357896510224,61049.83727416953,61193.835810955185,1
46.97498856106945,61033.54303720364,61195.481926299355,0
60.5823404511088,61030.74318272791,61200.079347664134,0
47.50137558455502,61018.7144778256,61195.76079257171,0
45.050861606670736,60998.43473737205,61191.315741730585,0
47.60309889709632,60969.74033055412,61193.14604276717,0
44.86842544262752,60926.29288604714,61183.94584120568,0
42.04828905063704,60896.60263653334,61172.791245614346,0
45.14736904160679,60883.693932822345,61168.79732062182,0
45.15443499197488,60863.05008121933,61169.23899412571,0
50.94252174846518,60850.037771403906,61173.28207033356,1
43.95039967254568,60830.83796484349,61171.620459695005,1
37.38419682088604,60795.32368461155,61158.602087679326,1
39.068164519846356,60764.59643537926,61144.985462764336,1
46.81329564939535,60746.63650981545,61141.23349569357,1
49.643162774897796,60755.579082891825,61146.60068843287,0
38.349111640051035,60750.96202470547,61137.43549377112,1
46.74403613559744,60744.636374631154,61125.94242062486,1
43.203718434322674,60720.83523109218,61105.13897900061,1
47.557311007189625,60708.52021703875,61081.96943646846,1
53.13062592921397,60713.01978696262,61058.31422080542,0
50.51640994269475,60690.66123702596,61026.68030322031,1
51.544078556936455,60663.33117145016,60997.9894838585,1
50.452640214509614,60649.5686324938,60970.21038563722,1
49.76405419520491,60646.82962928357,60947.13378861724,1
52.45474953982055,60641.37388932534,60924.15457360293,1
64.86446720767727,60666.55711729008,60908.9980391606,1
66.58559745626923,60711.20554517731,60908.17555103828,0
62.231561122758684,60745.615001472026,60909.06717576256,1
58.634335466792564,60792.452773066514,60915.46483725505,1
69.4484283655633,60837.450559181336,60920.372741866064,1
60.79388563945061,60875.254823672105,60919.6942137537,1
66.87824164523687,60928.53861978083,60916.519028961855,1
68.32245760166856,60995.3627237639,60926.63607907641,1
68.00959370997609,61056.007225222,60938.09188247515,1
75.33068700219474,61101.613156052365,60948.27040008216,0
72.54497873976824,61167.170508938434,60956.97843998868,0
72.62023896164577,61219.820121583834,60969.55596656226,0
72.01501925382105,61292.4292006864,60987.24864234357,0
70.00756240396457,61344.81230641976,61001.521746395025,0
57.1154664205791,61377.384214505844,61010.719100623224,0
45.214135017687006,61409.442156494144,61016.201473942034,1
50.95197171324903,61440.77671888056,61026.966322018554,1
44.3432696985453,61473.83482445312,61034.19475848986,1
42.591786606506055,61504.14581785044,61042.72968534226,1
50.52778669482532,61534.74643459065,61052.95075728356,1
56.22191447179731,61551.035870457556,61067.82892298679,1
49.46604145513995,61560.64183783677,61083.606639742706,0
40.89344496332425,61565.23350079804,61095.87410440482,1
37.727764383103356,61564.94663481477,61107.991058628635,1
44.152985742192456,61568.66164521099,61127.90249028266,1
52.91093503633417,61596.3619940673,61144.82179649916,1
45.59510413005687,61616.895450733195,61150.97993616397,1
48.09886184277467,61616.615638586554,61165.7965433808,1
63.26887096665977,61629.91804189284,61190.685204283465,1
69.16563676491005,61632.23144421241,61213.26684554548,1
68.43557786687279,61641.50023667526,61243.06138023993,1
73.56729717727322,61663.97240423118,61276.50387364139,1
66.56878858684792,61675.91722826677,61304.137960521344,1
70.85341822821822,61708.86134014481,61339.846249965216,1
71.28260720040282,61761.73298930287,61375.397187782815,1
69.786298940701,61829.8329211774,61415.7994564756,1
66.66580786054013,61874.233734127694,61458.53034182501,1
67.24888855839825,61930.38690195115,61500.51094511861,1
66.60132005713584,61991.34712436813,61540.61393116332,0
68.21494564592864,62066.20002955735,61577.19913594977,0
74.42016168417456,62134.809782115335,61621.36802595073,0
68.18976988779298,62182.077160764195,61658.582954195925,1
59.628082595997824,62233.50910761597,61700.943655014344,1
57.646951143235235,62274.18874488226,61734.258469766035,1
51.03450661286521,62296.12963903203,61761.14643111041,1
52.9027483568019,62321.11361562945,61797.00274794056,0
61.450095068001794,62373.50374685032,61835.04896632403,0
54.57055536776336,62421.38776887633,61874.52419793382,0
50.8681809011657,62448.18343221753,61911.22672545704,0
41.947800106615574,62457.81548161708,61939.843482462165,1
50.93870442348432,62469.57219655004,61964.26741194392,1
54.15369617457338,62490.0593566254,61988.04539822062,1
49.79314719620504,62514.42926797215,62011.66366712139,1
42.34569001741407,62519.29308677113,62030.58237544706,1
45.57007152652294,62523.50481221357,62049.81888899571,1
56.600025917411706,62539.76569312018,62081.60380425483,0
60.50543200139209,62574.64461002526,62116.97273792278,0
63.749391522012374,62603.53237810846,62143.77880685644,0
70.91669299001543,62629.14922778947,62169.87073219032,0
58.310858771288565,62624.273839124224,62186.263409178515,0
45.73812138633891,62608.04319606372,62197.71710080085,0
43.349907131014426,62593.60918460805,62208.09857940561,0
49.377255954779095,62596.126468840506,62222.422562275984,1
56.10405289621346,62600.339964717554,62236.469533085154,1
50.471131988162696,62610.445885287925,62254.371099423246,1
39.054443848997785,62602.17845957917,62274.09726917457,1
41.20007249963279,62579.25748645639,62290.441273354365,1
51.02371808064423,62575.31550968603,62315.116472026966,1
48.23532641041694,62573.78915827952,62339.08406162867,0
34.78536793994523,62582.554651952465,62358.9667694069,0
33.55914213952616,62584.61298936319,62377.69825950617,0
43.11707423633134,62587.68776174326,62398.86376778322,0
40.261744677797004,62592.106234106584,62422.412760444815,1
41.16136607762402,62585.88250164336,62438.9567221785,1
45.063993794202354,62570.30594186968,62450.47660765918,0
49.741739035964706,62538.77283585338,62458.56814096927,0
47.923065001108604,62512.12437712698,62475.064308480294,0
55.027306843595845,62493.59045502714,62494.56873343267,0
52.23177679995139,62462.806175176076,62503.02598550361,0
50.235685015193326,62436.76376704946,62508.07633831333,0
49.36821114738617,62421.95664286728,62509.89966327766,0
44.07333382721147,62422.07440062319,62511.33937796242,0
39.56498502195362,62399.46317366222,62511.84094043416,1
40.22919757821204,62374.132248302536,62502.57789634824,1
37.971081381815026,62348.16992613675,62488.945874156794,1
33.12701228726036,62337.09683856605,62477.00283613003,1
38.10613193448335,62332.68292738672,62473.82095065797,0
48.038053465098734,62320.28512047687,62471.07575943726,0
56.54906079440807,62322.78606716632,62471.65963874795,0
54.5021832755235,62330.09348695863,62464.524152367405,0
46.27816952315758,62325.27438891159,62453.88410222467,0
37.102058267278565,62291.094818628466,62442.47083092893,0
34.77675442086729,62243.5624198841,62426.434085352055,0
36.18509155772419,62203.25240292739,62410.582185396546,0
36.00446275053147,62164.11007251967,62397.66878105424,0
36.54001464928928,62131.5556388165,62382.74495024408,0
40.79523710689678,62092.28793777686,62362.57798485091,0
41.23092427067226,62038.04811650695,62341.23287248492,0
43.10685873195104,61993.10548071507,62320.994804902635,0
33.80559251630025,61947.28156343064,62303.86277103876,1
36.777614499461336,61914.944334447595,62288.048518436684,0
28.92364541296864,61867.90301958949,62262.47684314805,0
17.01237097633239,61822.062470988545,62234.89422164072,0
23.497241036431745,61790.47401115884,62211.050266103324,0
30.238212274828726,61770.554630706916,62187.765801554124,0
28.77266884954976,61723.98090791573,62150.688922048255,1
39.91212974283738,61680.67459386502,62116.23294419387,1
38.83681609738819,61620.91516981287,62078.02887611902,1
38.87428509300586,61544.02792074274,62037.61111592926,1
35.161497701858664,61472.067373700454,62003.6415661979,1
38.6941070025836,61417.847137032855,61977.80567861232,1
43.13939102760346,61379.891328290614,61956.98368840195,1
43.41535201787624,61359.81841188989,61931.91086257182,1
46.15614135599465,61340.08673049668,61906.48089170819,1
42.535172877249586,61328.319482187435,61884.81821981405,1
45.8951183366098,61307.49282143671,61864.870694987105,1
62.34927725884647,61304.55056310546,61852.69521551054,1
61.368342144711,61312.37567931736,61836.056940337454,1
52.82908819976676,61312.12662654094,61816.3297922072,1
61.070482597015385,61317.49130908794,61797.83743389296,1
56.6965370239565,61313.08384770002,61779.43686177141,1
69.40094335153371,61329.529854090906,61759.213680087116,0
77.27970801227384,61371.48622329227,61746.64621731499,1
73.39957008108863,61401.302425622904,61737.21823569514,1
64.3838826422269,61416.04064370399,61726.059682287865,1
55.91877439406716,61437.400739158635,61710.14008337035,1
57.289466593918384,61452.735105838314,61692.477235678416,0
67.49125976782301,61498.523242001116,61680.00199090861,0
67.83054371114993,61553.443364482104,61673.86599165167,0
60.48857715988762,61590.554160619315,61665.157723625845,0
51.30747679217929,61614.5386668979,61654.83848822457,0
46.496953907749386,61627.82923941115,61639.285623917145,1
46.87452619924124,61633.39797003232,61625.48478111986,1
47.213660180062014,61639.334195693315,61612.56167066451,1
48.54658508281059,61644.84216302885,61603.48711457089,0
45.92157593317549,61658.353820431046,61593.3734877331,0
44.45600345280408,61664.72956815115,61585.513871816314,0
48.37883767567266,61670.483251502024,61576.13619274752,0
44.56107660258591,61665.929588699524,61553.58720082048,0
44.57552968308384,61655.57887953543,61528.031590923674,1
42.936237108895384,61643.165308230164,61506.59322949884,1
31.41068218665707,61619.23022333187,61490.46784196847,1
33.420625359602326,61589.798271941196,61485.140558137835,1
39.362754368831894,61564.75950951637,61481.82107833074,1
42.97055318087955,61549.564161796065,61480.241317998414,1
47.78402062047632,61547.3617641192,61476.46253349144,1
51.24846446539796,61540.08486148238,61471.59600516062,1
54.455560364728235,61510.63896715216,61469.03833116668,1
58.61857229086058,61487.0604535695,61471.44798079345,1
54.302080263033986,61478.58195626584,61477.677880759926,1
46.51309515210126,61477.06137272682,61479.685303536266,1
41.680723098549464,61481.44407715856,61484.70204694477,1
70.41274155984412,61507.024544929365,61499.469610696186,0
69.76536553686805,61525.403417681206,61506.53343327346,1
78.83317459990091,61557.84681077077,61518.40398659643,0
67.0957033787044,61571.70657362194,61532.463754015575,0
58.019690671236226,61568.106498950685,61540.48663385058,0
61.42017209871864,61566.7117812461,61554.454837320816,1
65.34039029343131,61595.161732899534,61574.0407256832,1
56.0914023167567,61620.149740258326,61587.26453754682,1
52.05612054415814,61635.79166935322,61593.77104242698,1
52.82970030426689,61652.739227985134,61599.607001846285,1
57.23320201983622,61684.51679689596,61615.019912140255,0
61.32026942251917,61728.32515185458,61637.1164468739,0
60.39461010565423,61769.14546377825,61656.571710634744,0
51.828609862358675,61783.39651068979,61666.824009192664,0
48.074065628588784,61801.01420233333,61670.18146085177,0
52.925604252005236,61821.38601061457,61672.64246368557,0
45.21248700659201,61826.67254569488,61677.266348455014,1
46.33314047781314,61824.29094985754,61680.39773706776,1
49.4061727753656,61823.803133891255,61683.97301801275,1
42.84653370115989,61814.228560033705,61678.581529321884,1
46.36404500991021,61810.40073464634,61675.03541523781,1
56.97722031576269,61832.82089050261,61679.14081922534,1
63.75515542493389,61844.06170372688,61689.61241060558,1
63.237539107114145,61867.963441187516,61704.68883482713,1
52.10245853798976,61891.805740395284,61716.114887673364,1
46.18105423026617,61907.99278506699,61718.24265454717,1
54.73384734374588,61930.269634136035,61724.77123354478,1
71.7291266729556,61975.26801395942,61741.15007888286,1
72.06652745038951,62033.23033520005,61761.24770974785,1
73.52085331833739,62097.65397168764,61787.53689475687,1
77.40933903828736,62144.089520931404,61819.296532499895,1
84.53597412926199,62182.02521776404,61854.19285570218,1
85.65825805556055,62232.24751768292,61891.53385249637,1
93.74864849308807,62311.8313854308,61928.21503519257,0
93.1070604290213,62399.1843405355,61963.963369805504,0
92.01099911718372,62484.52819810008,61998.26044232479,0
88.48402135553924,62571.15774884358,62039.35761251264,0
82.70934538145673,62660.81291070315,62082.49134953485,0
82.64050761656479,62742.203323904796,62123.58822428262,0
69.76570350158309,62816.96464462097,62157.67529783754,0
57.778860722563934,62863.88207926095,62184.668938165705,1
48.21076911164897,62886.22353062975,62207.72642767069,1
44.645124270665995,62896.912403722796,62228.55170737628,1
48.02399059055642,62922.326613231024,62254.67477447186,1
44.45589747707592,62952.76684404985,62281.18768070036,1
43.590238125369,62985.83261560643,62308.32011392888,1
39.25696381015118,63005.23861225606,62332.04249701939,1
45.58435837549654,63031.83387744974,62362.45084735642,1
38.28460432636912,63050.636365320206,62390.6777067852,1
36.4468780644579,63057.97388904642,62418.14881951202,1
36.99105404566881,63058.79331242107,62440.004039496576,1
45.74577612647307,63067.015308954615,62470.837612211544,1
55.00492812755509,63078.872729835784,62499.94422012238,1
65.92353501965493,63090.30571246564,62535.65469073005,1
75.77882640220676,63105.48227413509,62578.91367987927,1
83.65388479244606,63120.82157527287,62619.90435993551,1
86.67621883206812,63136.9761021664,62656.08336021938,1
86.1008827871273,63170.39949871518,62702.59125291759,1
88.30934024293319,63215.372168071,62755.42042376973,1
81.32558909387905,63269.04123519218,62804.19610072034,1
82.62210977526468,63341.80391116269,62847.583783872404,1
77.67045484098125,63421.89019611884,62885.15244537639,1
79.8293641835752,63503.741697807585,62922.39020098801,1
83.60474034868453,63578.90080107194,62972.87649062472,1
83.75824566391779,63654.7472024834,63022.68088076038,1
82.36442431024855,63732.065520356395,63072.59191782561,1
80.86607584242023,63813.27003762501,63126.68149379145,1
72.18307431751134,63870.76931497245,63181.04219340239,1
69.03323822125076,63937.872952505175,63236.305634230775,1
73.22286173274597,64020.6965418931,63300.73601225578,1
67.14596565738916,64095.01745356138,63353.850727062585,1
64.39885718153005,64162.472105560206,63402.69809823459,1
56.58525169567308,64208.19102327568,63445.595947941896,1
65.785176347425,64259.378079632625,63492.220546108096,1
65.83813264086427,64308.35509808645,63545.53342295574,1
64.82794130416052,64352.01228317311,63597.512159177946,1
73.53943481142885,64419.49178725782,63651.7722214681,1
74.02685976127964,64486.250303568064,63706.984168761046,1
76.06840731069337,64555.20193297734,63764.20906288064,1
76.57029269435675,64638.01497800674,63820.340503247986,1
77.15974413035029,64720.693082746955,63878.225208598626,0
75.89837846339967,64795.49968972494,63930.54223416075,1
75.54074684333935,64875.56060791478,63979.71543708075,1
73.54704880011728,64950.523386276385,64028.35329096296,1
77.16852381488252,65022.37312541341,64071.956394711546,1
77.19856646157007,65094.981231884485,64116.77313133937,0
85.061551796469,65173.28688551918,64167.53314846168,0
80.46138769859321,65255.20427906895,64218.79874074871,0
78.083993876309,65332.72892396818,64272.515874256125,0
74.65724913957936,65388.55298485626,64329.37134834988,0
56.09117097677324,65436.071827083615,64382.72662619166,0
54.633982149078335,65486.880902227866,64442.96104687383,0
50.99247708054179,65545.72731676954,64505.12191316059,0
47.552074482697655,65594.83554864433,64561.224120273415,0
36.08579419747905,65623.95698849988,64614.009480735745,1
39.8421323324536,65654.76661646756,64665.0857595224,1
46.09008167342543,65674.44589580517,64719.45513488774,0
43.60722665370539,65683.0671354192,64767.47747194883,0
46.01469927740669,65684.9109227624,64817.91888585752,0
44.204895555889365,65682.32388392318,64870.080501198696,0
28.137715444372162,65657.53375470785,64917.72138551334,0
35.34098675499219,65648.94925420597,64963.3158122613,0
30.66876197569063,65625.86669657033,64998.51302377457,0
30.2720429268186,65589.55607926812,65028.05343768394,0
32.91074617095495,65546.75467490885,65048.46535502105,0
25.528717690797777,65497.55306818887,65067.46572850577,1
24.50994128039416,65432.50999142915,65085.74670416679,1
24.065037750938544,65371.672355164,65099.307883328234,1
24.308453975480177,65302.32640030482,65107.29756714965,1
33.387829886778405,65251.24125160723,65122.25135491591,0
31.358001999595174,65226.36626869502,65136.55156920458,0
30.731481873684416,65191.963828848675,65150.99049996576,0
28.92144418879201,65153.03505978485,65164.8392579515,0
25.64310279038081,65107.83692161605,65172.79856849105,0
28.378102428674737,65069.40506967887,65179.87262761394,1
19.446017449657532,65018.82580074454,65179.789871677654,1
20.073258195753382,64947.684520796276,65173.22092815625,1
29.716855915361577,64885.13623140005,65173.22423851986,1
36.000981213032,64825.31422928405,65172.89539656907,1
47.3217220005322,64779.75968924918,65173.705760141114,0
47.58039532231905,64743.577018996664,65177.14521168745,0
45.88364543441255,64697.53001183206,65177.338974770035,0
48.25933408637354,64659.95599657119,65179.21901309278,0
40.699790889345365,64628.58649229092,65175.73680274727,1
31.973214348546676,64601.10959556927,65165.56715401418,1
34.686411473629434,64578.094830660775,65157.89874750083,1
36.8897806514827,64558.895633459164,65141.508242647324,1
37.19753605330456,64534.60954162224,65118.6515785499,1
46.92364874481788,64531.887500513265,65097.97179416401,1
63.96734917111244,64538.07633542609,65082.27589788365,1
74.34213066542611,64547.590666707394,65067.310602788755,1
73.54051871263071,64564.424373248454,65058.56037337517,1
74.74237312529945,64593.659444218014,65052.0787924728,1
75.28456147598698,64647.2522452993,65051.49011210022,1
79.10680083625488,64711.54968948829,65055.54325324388,0
77.50308570756587,64783.99772743879,65055.39646989939,1
81.17345272725696,64869.96456377792,65051.89199945975,0
84.5022852559399,64953.59263885784,65052.57958243542,0
82.07605859420414,65024.25541633663,65049.505993516446,0
79.65659205921725,65075.72614076922,65048.5750225063,0
81.36662242201274,65141.19273494407,65059.19357483165,0
73.76382618388851,65192.03953403949,65059.40242749469,0
64.86735267136267,65234.46103692993,65054.71250115694,0
58.538967601628045,65278.31011411628,65049.12662893604,1
55.614421822648886,65332.29552738914,65048.90256956989,1
47.47765487140506,65369.99473406565,65043.989994540076,1
43.5397684018845,65406.13500755401,65034.18388734686,1
39.92874781827063,65458.91211145165,65028.98956896289,1
35.89271087554958,65499.864240789844,65023.953121375,1
43.518798030678084,65531.241430339476,65021.842916450165,0
39.10115141464977,65545.03170662004,65022.30978355363,0
32.77354295519228,65545.14157420184,65017.03730137352,1
41.01034453061528,65546.12248282389,65020.181106974225,0
44.06106742114944,65532.23189161423,65028.560437038665,0
33.76833886619285,65498.88214716922,65036.39424214804,1
37.21028747609373,65463.3758520886,65041.72558345927,1
51.20135084752761,65439.59264415202,65054.725060548895,0
47.748897066857076,65400.30144136013,65064.03121691387,0
50.34735120230882,65380.300698775856,65080.69571290485,0
54.44845143593931,65358.36739740567,65091.42548082569,0
55.07907012457182,65325.39841922728,65098.806435044535,0
51.146331855907476,65313.610294608785,65108.06101379873,0
41.79208208045816,65293.316643335726,65110.82513457727,0
32.431129924674934,65260.15988924467,65110.0558159875,0
34.54141906825426,65224.329669386425,65110.87240945291,0
34.792478854301436,65194.832698339844,65114.39275357819,0
35.600092698475976,65176.56943276265,65125.73785213341,0
29.44956910642324,65130.70727298591,65127.217985597235,0
35.41280893190002,65089.811149200985,65129.75188934177,0
33.8595287720167,65025.76192377572,65120.24381026079,0
24.166141611968854,64964.11278962235,65110.524091803905,0
23.885619264458498,64899.91904639449,65097.9929151985,1
29.547975065596475,64846.2608636685,65094.70305381315,0
27.713712040877553,64775.51510396625,65087.33188170879,1
27.4782673785884,64715.40470738806,65082.11228687555,1
23.01725068098996,64646.034358491284,65068.90139459147,1
34.508368240092,64577.01389840464,65061.97236652709,1
40.04517719147974,64521.25181467447,65058.68812613477,1
40.26338914171304,64457.51617437302,65050.94718244877,1
48.25824677601271,64413.305530436824,65041.51715882998,1
45.07774086809957,64370.60086948252,65028.01051615459,1
51.873707417498274,64327.14599588021,65013.14966285144,1
50.13421097791217,64306.01818726354,64995.76863179549,1
58.818134803398024,64305.153895255564,64973.21647597,1
58.08909129205028,64298.501859220516,64945.6532773458,0
62.80459934621665,64296.95002574966,64919.57367290254,1
58.4739846364161,64293.53572561066,64895.1663168665,0
69.27532361672007,64308.956363795885,64869.36347557245,1
69.34047887966064,64317.582012277526,64847.08252771813,1
72.17459935105448,64325.964649052905,64820.33921357426,1
71.81621727319114,64352.84883861509,64795.18653327231,1
64.59314108135887,64383.76226472015,64774.68200747076,1
67.94091007024122,64405.52376440469,64763.12814480305,1
62.53015473366424,64442.4377222358,64752.9829249566,1
52.75608439545722,64467.63777179333,64736.24918463722,1
57.697850461728436,64522.628937606336,64729.95507600775,1
58.21761458397778,64564.16980866266,64725.186286970544,0
61.212227736688604,64615.05130912455,64721.14380520392,0
63.02702052452874,64662.738991683116,64716.097082806074,0
66.63865967154061,64702.72405714843,64710.11020955357,0
54.49617229186482,64723.60962708607,64699.441684341014,0
51.20619298112749,64737.29732482637,64690.01196310124,0
46.738462834464976,64736.93783636369,64672.094773211415,0
50.650425369331394,64727.194166146204,64651.2013857828,1
46.140218096115156,64727.09302716299,64636.93762934331,1
46.375107615446574,64723.088960376874,64623.45891621785,1
45.77620245650451,64719.61996824255,64607.17724650271,1
41.62063238571502,64704.81112015717,64591.16734709126,1
50.94062953897744,64699.9970773493,64574.961079147506,1
51.18846223061898,64722.28583011047,64565.90658665618,0
54.24071047359859,64739.72934137721,64560.91890213229,0
47.0839116049637,64760.345503225144,64553.37609091731,0
40.094676612031314,64749.83475670944,64545.73539015254,1
39.53162252375282,64743.38814364424,64546.27422671643,0
45.24411306120332,64748.623688659165,64545.96679234631,0
43.411996418017786,64731.55254949753,64544.64301647083,1
46.21711462420773,64706.37321322318,64537.107799154765,1
53.9913727059564,64682.18467654593,64541.73476662793,0
47.50672484335602,64648.44682486992,64539.55135307364,1
51.71031187432108,64612.35155265045,64544.746061103455,1
49.118717415571226,64596.06113330081,64552.2210218124,1
51.24441264563089,64581.19899594048,64562.52394291964,1
50.20539447318065,64585.51211877559,64567.79527525424,1
51.58764099427048,64609.89553270007,64584.95355727633,1
45.68522506634051,64626.60111419061,64601.41619206433,1
46.112545186869575,64646.92068707695,64623.813447652115,0
60.262587397352334,64664.822488076796,64642.30068237158,0
61.64915159420389,64700.47284372649,64662.85575871207,0
61.63332987304197,64725.993761168196,64682.35211386558,0
66.26231416161644,64735.36336959023,64694.72972231754,0
55.89872437700565,64712.421251454136,64697.64705492094,0
45.1873039108835,64685.1409347127,64696.574066450296,0
45.17836671129446,64667.72203723002,64690.41693013913,0
46.3427900546234,64651.32771974309,64684.743756511445,1
44.09032029741896,64633.7467199173,64680.06473662502,1
44.413808508505674,64623.119433437394,64675.11077954591,1
40.60033794442015,64617.96437496996,64666.87925889848,1
25.46187632398103,64589.763298636826,64654.05754056431,1
37.798558242495304,64588.46809617667,64647.9057866333,1
45.93762687741091,64595.471741077294,64652.54889791321,1
50.40762618250602,64616.47687205199,64657.672235187165,1
49.42169999500292,64647.89005198574,64668.17505782587,0
49.83614667806335,64672.563123896114,64674.61101905081,0
57.22463405477779,64697.06103624757,64686.802882881035,0
64.88039568869394,64717.70899527879,64701.44468145851,0
64.35818943334337,64732.07667400042,64707.59254220975,0
67.49285400110634,64734.20858852445,64710.3161943163,0
67.00956300613268,64732.38678750328,64709.78995006356,0
63.96304346108238,64724.22100661972,64706.94491984022,0
64.68748656868385,64717.55523321491,64700.66219274413,0
56.6775172854861,64717.047372078465,64695.02215291789,1
62.302086351742865,64729.13057671996,64693.30736720774,1
49.995231852712024,64737.43586441029,64690.616141357765,1
40.75735687534446,64729.57329158885,64685.6954066885,1
38.722173001988615,64736.3214196024,64683.756093600794,1
41.224568738401665,64757.70294684118,64688.95637413164,0
43.07992239488447,64782.91816761168,64692.19853864613,0
36.258581773347444,64819.59178890076,64699.96980806175,0
36.75197722435375,64835.42334185143,64702.076292434154,0
37.08266657751426,64830.543919047705,64695.85213348811,0
37.912972736704944,64805.86101143593,64684.12490321065,0
30.21824877323128,64759.20738976713,64667.71981244266,1
33.85797649018198,64715.37303479811,64660.826330286276,1
34.625594298117946,64655.87969804709,64651.79950464217,1
36.852720181346925,64593.861816988094,64639.53993279008,1
42.835191724154505,64556.24284490784,64637.468660373874,1
52.26589629746393,64530.70812507816,64640.05015905829,1
60.17971515267312,64506.86311061944,64639.66132369297,1
52.075578817275606,64485.76574883418,64641.87248942592,1
45.349726528542675,64466.20881615086,64642.20509814429,1
46.94419355466638,64468.944163108245,64644.17536484086,1
46.18173612956724,64468.396357082354,64648.18631166449,1
57.69036503430404,64499.03859257599,64656.02673087794,0
61.31724627342968,64536.96456292413,64656.52301877811,0
60.36817332709524,64557.67325660093,64656.184950564915,0
74.37979324879488,64572.92129587258,64659.35661764989,0
63.60196207024473,64571.77973152589,64654.98143602577,1
66.72504670969991,64577.12450068495,64650.63047084514,1
64.40655061712388,64574.77174830962,64641.58748729072,1
60.9724987162546,64586.5338792323,64636.32033734493,0
54.44334617708423,64595.43569159083,64637.330679265324,0
53.40743046647033,64624.239887163814,64643.3593934231,0
60.316195812238114,64659.59302664787,64657.57472605342,0
60.93068503462943,64695.99206683888,64669.665243480486,0
51.73203414173439,64729.7291101806,64677.93288889541,0
46.996883473161915,64738.81158188882,64683.74551975445,0
35.629213897484235,64734.538325083835,64686.67973910385,0
30.679069214407193,64704.39658130279,64685.51463675935,1
37.99696412377751,64690.403015369455,64682.64645710304,0
35.34866747866916,64677.523826073935,64675.025932142955,0
35.724586017601695,64647.01572962466,64656.39090786993,0
38.419487855635126,64629.536558078966,64640.84491410177,0
40.32666851253272,64589.02509768419,64622.61152039316,0
38.34538663391853,64553.05723787433,64598.92149942883,0
37.77328749393297,64513.88227793487,64574.65426362735,0
29.87382451214674,64448.182187697406,64545.79882312869,0
22.343270317744427,64381.4841645943,64513.8916664537,0
20.793887190114503,64301.05826785944,64478.0990629876,1
27.729238431109195,64242.62245784256,64448.94806777986,0
31.48036362821378,64181.2661326333,64421.80469711228,0
34.03951999542862,64127.79459422745,64401.62956812492,1
33.734408683658486,64049.45693812436,64371.48993798487,1
34.462744695500305,63974.74671403742,64352.499065904274,1
35.031432513317824,63900.739074960424,64338.13155682911,1
37.979959357627656,63837.53346870089,64318.417708534806,1
36.27359860539618,63794.61984598633,64298.512279412505,1
44.80848770426902,63771.467781917796,64282.0995848263,0
48.58856823973103,63778.81168926131,64269.202596903575,1
50.81446629935402,63772.40995305049,64257.44110158266,1
55.2573901417372,63754.87237537427,64244.75731467358,1
65.91051661373703,63758.57920732135,64237.47818622409,0
60.93729428710333,63734.07874626315,64230.79345670019,0
64.04235746541303,63736.06413359296,64230.88795991111,0
63.152936459710446,63735.82379148398,64230.89913680358,0
57.923048080785286,63733.227312269955,64230.40046174009,0
61.38483790875863,63738.49474904766,64218.69958478461,0
51.600336962116614,63744.63054317333,64199.460633691764,0
51.2888130186337,63756.65487067485,64178.01576700977,0
51.74058968832531,63759.632306263724,64158.494690751686,0
42.57181048958147,63746.7851886493,64134.03524611166,0
35.363463800389766,63728.97146190763,64105.640487644676,0
25.32826669564885,63717.57865753248,64071.16285816491,0
29.317528685459067,63699.37800973997,64032.63483276986,0
31.70530449481717,63678.39463232139,63994.703584588024,0
24.50101939123725,63654.82140654254,63957.276968511454,0
24.672978142553262,63607.04284236314,63912.160898008726,1
8.132944383651093,63543.787754945806,63870.90279419426,1
7.520209418960675,63464.839486238954,63824.28859112517,0
11.69020981172467,63391.53934951121,63784.14814206329,0
15.382571527198493,63329.94415817248,63742.12142624965,0
27.080912020273345,63266.38033868312,63705.85604506102,0
24.068301576934203,63211.621298189406,63665.74602111042,0
19.423642015883317,63118.78557528709,63614.56497936679,0
30.517260443013612,63035.58078569882,63566.734624347555,0
28.738258707382613,62953.624513537055,63519.958623082675,0
29.513087127390065,62872.9177563867,63472.342054583765,0
24.826624055383505,62804.555882025765,63427.467656468536,1
27.392865025474435,62737.81308372718,63391.382367979524,0
26.95494388686558,62665.82584457204,63348.66382243272,0
29.25421100706467,62600.81090033732,63303.35007581701,0
28.954729289717605,62535.450250790476,63261.014296110996,0
40.35817117995237,62497.9343586145,63218.52197837913,0
38.36535017864746,62454.498667503496,63178.82426069758,0
33.78899481064319,62401.929280658995,63134.25240170188,0
25.735230796358437,62343.56608530466,63089.15049145936,0
26.319339545811033,62295.57515545515,63051.118085111826,0
33.98508722805235,62252.96436094817,63019.494872735806,1
29.885818504921545,62219.3406468743,62991.601542731114,0
34.87301738407619,62183.78125182681,62960.611659657,0
36.176728972378505,62138.13294348897,62924.86815059192,0
34.33253921349919,62080.32462113474,62886.86805582393,1
37.91949026158013,62034.70114303421,62859.84370307436,0
35.1803639412837,61996.22086035111,62823.154637892265,1
35.48423616927043,61943.172114971254,62783.70784035189,0
41.54385848737409,61905.458323300685,62747.1285649226,0
37.64232935533772,61887.56651642665,62709.52072275989,0
36.779546232905275,61868.1767212928,62666.15123221854,1
39.42412499828211,61841.652152923714,62616.51855344448,1
37.65247028392562,61807.21476919735,62562.585748891455,1
42.689192820410604,61783.42071151291,62514.76941027247,1
49.235507265345234,61776.72471385762,62468.27249872551,1
58.387199305781174,61781.514853278386,62437.49642118523,0
59.311643813870916,61790.196235409916,62400.47710142437,0
63.57062456444095,61808.04844941961,62363.14226487614,1
60.83224424682245,61826.280390866836,62326.37172289812,1
49.53040141423494,61828.23260497246,62287.01322748175,1
55.15168768922343,61829.5758322352,62253.47298836056,1
64.81108050933237,61849.582649079806,62228.772654093096,1
66.47440838118065,61881.05600218252,62209.18113802452,1
67.03280137336677,61932.11373148556,62198.99956772642,0
68.47913533723141,61989.86690195477,62191.226231842775,0
71.20504431913673,62043.87622520813,62190.362730144625,0
66.17322771950589,62085.10899488325,62177.44703194958,0
66.67951970566457,62138.62440429678,62167.79974914205,0
61.2062643023092,62180.37177943574,62157.348714079875,0
50.43255750948383,62206.34906684239,62149.2432125516,0
47.73817982540315,62231.02293842948,62141.04530561201,0
46.6529442555281,62256.238833227755,62133.07829224001,0
47.36405288735859,62287.499551520756,62120.96982969528,0
55.235030016621266,62313.64259130824,62108.24878352678,0
51.94493232307508,62321.01505828218,62090.126386565134,0
40.599451397878,62303.73921422767,62074.34358760053,0
26.65961029098456,62267.72713019249,62060.053723386525,0
16.75511114350151,62230.08326496744,62040.94325658359,0
12.75152833580232,62190.674549977026,62021.1917374741,0
8.787552202549037,62163.63991093907,62003.30208930269,0
13.254431451845448,62136.26966783403,61986.158502683866,0
3.017093779480433,62069.35605737993,61961.3898435542,1
2.9335764962335134,61981.51025085652,61935.45490053831,1
9.557665844284728,61888.188445490334,61913.95058578762,1
8.487933080516811,61778.27883353492,61888.35766494055,1
23.339441611115575,61682.55266137949,61864.210051250615,0
32.70599247452748,61623.10804196814,61844.89078173544,0
31.295218774942754,61551.09304590463,61827.4652552403,0
30.71534598468544,61476.99935865903,61810.72202342163,0
31.280535341942354,61411.94234391274,61795.79008793463,0
31.380584276129056,61335.64327612666,61774.116871683415,0
27.430554562518452,61242.89282598677,61742.499163885,1
28.718276326828118,61152.72538052608,61708.54748117498,0
29.833948607617828,61061.0787266786,61677.42709680263,0
29.569871791102486,60975.95912103673,61648.38018652593,0
32.002961246195326,60883.68887967613,61613.93868225731,0
41.057177125942864,60819.02988375578,61589.1773327484,0
33.97359946997419,60741.560068956904,61560.298438177844,0
34.685184301568796,60663.67058870532,61524.47664363596,0
27.55869135876648,60597.06196120015,61487.1002672121,0
17.444395324473987,60517.40287140828,61445.84896273006,0
16.45920818081167,60441.78055324198,61401.4412036815,0
18.424999739085152,60375.615856770484,61362.81533556755,0
15.596112074527028,60293.22629024746,61317.872817281444,0
17.398934124634607,60223.63765786389,61267.12284254306,0
19.649397527675944,60129.271788480946,61203.31282533164,0
18.89438103718632,60014.24520250298,61134.51036857267,0
15.904649809283327,59883.140833456084,61057.50220885488,0
16.208695664791534,59761.304192815245,60984.731544200986,0
15.42714685500134,59624.97625321992,60914.487547233606,0
6.24067192172906,59501.44051415956,60842.86274445315,0
6.796977186511356,59392.80515336405,60759.78816559868,1
7.42426635591012,59286.698063222066,60670.80430559079,0
2.694096669767845,59180.43470700496,60576.755487010385,0
5.193324577928237,59075.16336105352,60482.49877016543,0
5.488350798427604,58968.76182824833,60383.89292347338,1
16.697618236395954,58862.04779294112,60299.952851971546,0
15.402047498409303,58751.811153610215,60205.57313790322,0
15.262563842318855,58650.69122444359,60112.60442163909,0
23.056973327300696,58553.06724547965,60025.787538667,0
28.669114299592678,58471.8274659021,59942.170773719095,0
32.281009019413034,58392.842535081225,59856.08268442289,0
28.58559436546382,58304.54160140841,59769.63215552262,0
29.318403326092294,58216.70796834548,59679.09896809634,1
34.13943724189481,58136.1974558684,59593.19580157755,1
33.36448864486161,58055.28627170277,59503.93164832168,1
35.73340534465336,57985.54295545207,59421.6366986765,1
37.92313041328499,57939.465707255586,59341.25518577014,1
48.83305568249143,57915.676762213254,59274.73242909548,0
53.144740090604344,57907.49222969006,59212.02847473402,0
44.354589433835166,57892.87867905467,59145.50634894141,0
45.896312063978066,57868.78467478211,59079.55961255956,0
45.694267726203,57843.997223950144,59015.799094828246,0
40.83862061048942,57819.51566843407,58949.28637618788,0
31.13204379576719,57770.990835134886,58879.58357080542,0
31.81217556900802,57722.605053247695,58799.91388022067,0
35.83379851316086,57664.76583199605,58716.6159679827,1
37.384872087023226,57620.077054650275,58633.16674140149,1
39.42631603407639,57587.34042634685,58556.740848714224,0
36.770212849782745,57530.657923832114,58473.27377063475,1
38.89170316846546,57475.97652398888,58398.30407286398,0
41.89439302153112,57440.1823773262,58334.99850495867,0
34.94663178764074,57422.0356503518,58277.356263452915,0
29.196554928466668,57398.298285124125,58213.98679147455,0
32.85414796022302,57371.71417154839,58151.49782178221,0
35.062718473867776,57345.84175407258,58088.792798080256,0
31.99123671003369,57303.35668129573,58015.36741769247,0
31.276684328810205,57254.08991712836,57946.26712503873,0
34.710822153330184,57172.089438359624,57878.09996895721,0
41.727475790937966,57096.163951674534,57811.66927092376,0
42.748218911843956,57033.48053856708,57751.937415804925,0
40.69886518211204,56973.87418339918,57692.39706462245,1
33.84987240644607,56909.78414223937,57629.466409015804,1
37.312479996608715,56843.077985247655,57569.22705418796,1
33.17485393493554,56797.75477205667,57509.230416482525,0
33.73669192926974,56769.63388321665,57456.05871811495,1
32.0965175439016,56745.44729221317,57409.09680386677,0
37.92577189485429,56727.09817760209,57370.74967905989,1
34.717257429873385,56696.45633663501,57330.801706242135,1
30.98361805417079,56663.66451976906,57288.749077254404,1
44.05210587184747,56637.02385096283,57252.537407585296,1
43.908458012765514,56596.773318762695,57216.58577111812,1
55.61959552098578,56562.506224208395,57187.67952784745,1
52.44030748243057,56545.85878642198,57160.156423241366,1
58.62562854121808,56546.31866276319,57139.959942466085,0
66.98629384145363,56559.52929562328,57125.099785030245,0
62.96462361074939,56572.48115659098,57099.54076315241,0
61.74064340589064,56583.42754000581,57078.91367959697,0
61.24788170854317,56601.73235373292,57058.516420672946,0
53.529916043934755,56602.09183390733,57031.27910629484,0
49.05097364154035,56593.550072479775,57000.626458435996,0
43.68735528023202,56582.86336414749,56968.40539624895,1
44.60687529645716,56579.4760817645,56939.440201158235,1
52.845279861883625,56582.269893127785,56915.451824100885,0
42.397649806558995,56575.7466618922,56885.05009889205,0
52.936614774979056,56578.56219084338,56865.3690857712,0
46.504577258476424,56575.10502914256,56844.92163334298,0
42.301476746296956,56562.966539090776,56820.15001179397,0
25.619388789254145,56537.13914453828,56779.38665917215,0
21.782020697416996,56529.644719225835,56737.61007306871,1
24.49124305625341,56506.62543232399,56698.03610889302,1
32.22765483209369,56495.907520473665,56667.434909394746,1
32.31449263069963,56468.20750356937,56637.36363969513,1
31.26827513734301,56426.60920592105,56602.99383823616,1
42.59853217369822,56381.4652491483,56584.14970807145,0
50.72363228729311,56334.61432583698,56569.90349406595,0
49.46834160944315,56299.54251172184,56553.451435042734,0
49.11542136847675,56272.26123772385,56539.78735282639,0
56.54116470561548,56251.41173289819,56524.144943293475,0
38.93566712995952,56225.01149080465,56509.02053308385,0
39.542801717789196,56203.95879908259,56491.81936847349,1
41.13485381091397,56192.0742642134,56469.162151003824,1
53.27127383178243,56185.20551638951,56444.70814757332,0
48.39685765148951,56168.56082982946,56423.55684198302,1
46.547543652972244,56155.91021879049,56398.72851778889,1
51.30374509703957,56140.48577580234,56383.2266944631,0
57.435245889644435,56136.735321110216,56378.273089268776,0
48.20401975521831,56108.19666327965,56361.79271025448,0
46.08509361887655,56107.52101827337,56353.55929113764,0
43.88199211632761,56105.50942411055,56341.34826204312,0
42.30752439214255,56099.02089464686,56324.252251324935,0
38.44699576156742,56074.630208753246,56307.73731953637,0
33.747289120507574,56042.18204922654,56290.32280249,0
35.65848974416761,56014.87171807494,56271.71133136706,0
32.11195471814585,55959.58287812475,56248.880950498686,0
30.18823400472168,55886.39179276875,56216.60665788678,0
25.91326488668045,55805.33799302032,56177.407715365596,0
28.748722793618626,55725.87174650802,56139.29678038876,0
30.178035804646328,55642.165981915816,56102.4288014058,0
24.47484389271716,55578.30734797808,56074.877664367465,0
16.839420160674564,55512.2080734486,56041.89305746779,0
20.059976552426264,55437.54324034562,56005.470119637,0
14.622374422811149,55362.74981662128,55964.80558453847,0
13.346228851722614,55285.311319354245,55919.33785515592,0
19.520111187967615,55220.38598365808,55868.355446146845,0
19.23226521378419,55127.172736946704,55810.28407099248,0
19.711335166169405,55014.77560306246,55755.190867857375,1
20.327821380659316,54931.72016457222,55701.10976008104,1
28.202978782503692,54843.84115426791,55650.40281135163,0
34.14658173616132,54758.45863674744,55603.89498317916,0
39.03719477918331,54680.35795307747,55558.97540356402,0
49.50826374437995,54631.18570461514,55527.06625572343,0
40.91878160556732,54573.13480082336,55487.78629011355,0
34.290561141043185,54511.49948005214,55443.40316613681,0
31.47964284808573,54450.32360033736,55398.71172587674,0
30.342464111500945,54384.98719413408,55339.17665920306,0
26.03654735800808,54322.85939431039,55276.509461432724,0
32.077061267770816,54264.37534757401,55219.86030378205,0
27.123271955843506,54199.47392536675,55167.36271373718,0
29.027459479611082,54125.683908924126,55113.29334024677,0
26.698184375121116,54035.332042594775,55053.37570157611,0
25.826950644379423,53950.0817138203,54987.13979697564,0
21.1059569122947,53855.26998865498,54919.63057857273,0
23.813968255025273,53776.9291605039,54859.46583698907,0
21.097279650889746,53675.37302535374,54785.918556629025,0
9.630364615979218,53580.926002775945,54708.808741768065,1
18.503849162998577,53504.22192676288,54637.06263387379,1
19.384306124672065,53426.68093429925,54562.8776387112,0
17.89942381091167,53321.24027968388,54478.334230065906,1
28.40649906618016,53226.831410320694,54404.62295098557,1
34.01427834792224,53139.57149716139,54333.22048279554,0
34.9216247616574,53042.14886790233,54267.096097199006,0
32.11994221643593,52945.65823378806,54191.967377072964,1
39.414639769257505,52874.67593335927,54125.849207548745,0
41.97892494304856,52806.77275685976,54059.05674110446,1
42.821462894556085,52751.48171401727,53983.57503448903,1
42.111711145685426,52696.35809464372,53900.358570846125,1
43.298894580366934,52643.82615545175,53834.11210065089,0
48.146504174235055,52595.4127067199,53762.5193891158,1
51.65046829354445,52555.146698033765,53693.14824981606,0
47.69925731554046,52532.86524785529,53626.913442859484,0
49.0883135315056,52517.59863339149,53564.327166830946,1
54.37549140274049,52497.481165446094,53501.75022506055,1
56.511424941715376,52489.06109914831,53449.14158941842,1
47.0456160893346,52482.756260544666,53395.18790959699,1
44.968719125667405,52485.12404913857,53348.301644316,1
54.60498128097067,52480.390223352864,53307.083526006805,1
52.96801075493734,52491.65079328491,53269.18925742197,1
63.04296566104977,52537.94787768193,53236.646988372355,1
65.3485349579318,52570.07931831131,53201.331739118876,1
71.77841042639683,52600.165732574555,53168.40354644593,0
73.9120517474784,52639.20691219153,53147.76156593737,0
74.70350953198735,52695.03416060674,53124.88111466715,0
66.5669504020736,52725.07251701283,53101.75368661217,0
64.14137691264227,52758.99895314303,53074.50192889843,0
58.083336333636936,52784.973318729295,53046.69526720207,1
63.85321734994748,52821.69362408542,53023.1257792553,0
61.49990553989437,52859.58911970341,53005.25968270337,0
69.6397303624634,52898.07218392576,52984.21180097893,0
58.59206661015492,52915.528237327715,52955.97609004817,0
60.81851119883109,52942.4417888514,52931.746977169045,0
48.671977951096416,52952.54277079635,52892.869993303415,0
37.205350151114295,52956.652045599534,52855.15712297102,1
37.08647604132559,52940.85653065469,52820.88440965943,1
35.688452718140496,52942.212804451665,52791.943591242714,1
27.97570139914754,52943.66901349586,52771.77437206071,1
27.973295716937457,52940.697261098525,52754.218672722054,1
41.14434843064513,52943.782383491016,52740.952071788764,1
42.842990128048044,52933.63828897055,52730.312733813866,1
53.02242977303601,52935.21476146177,52725.144080133934,1
54.68704648385877,52939.3568365347,52730.01346402189,0
44.729255725641785,52912.92143718105,52732.89745528167,1
44.54766177582005,52885.44050062378,52736.94931945467,1
59.74977546317778,52889.85710394996,52746.92486399059,0
53.80076304800837,52893.07487986374,52761.58267070243,0
59.25038336333678,52902.59291052009,52775.36203029974,0
69.62310196909957,52910.098528881266,52785.47642010266,0
67.55964146718097,52902.27438586844,52795.497063331044,0
61.57968495146737,52887.72361198126,52810.805133897884,0
57.15563983359911,52884.54960464564,52819.06336777816,1
62.69430999747103,52885.47918567314,52830.110052573735,0
55.37170342471843,52902.80556940151,52837.1326739031,0
48.66549418772467,52922.31075058157,52845.81812968843,1
37.99860542346042,52928.4818502557,52842.40677641801,1
44.619480165059315,52954.20314679361,52850.91574721625,1
48.52260279943632,52973.468624649606,52860.56913631365,1
50.97279929249404,52997.741283035706,52874.77194807886,1
38.098035408960286,52996.69973150707,52882.1015022109,1
41.66535931244949,52998.21635626033,52891.43419363004,1
51.31005029836484,53003.97959651206,52904.67723952524,1
47.89237607112843,52995.3506592854,52915.00762859393,1
51.68632873754025,53004.23632718029,52927.55253279719,1
49.21967539526945,53000.76183718911,52938.26158815187,1
58.02683257425819,52996.2828032488,52949.81354563079,0
54.32747373823851,52999.53263715034,52968.2932213447,0
53.214179143534096,53005.40073785193,52983.472705785076,0
57.61861984270183,53006.58434150587,52995.95406736386,0
62.66156200540717,53007.352762707276,53001.777851099985,0
51.19905860203241,53011.46917806247,53000.2136540501,0
41.64689474603708,52995.94347593714,52989.40903082849,0
39.1057143405376,52965.11801977716,52976.09096745478,0
41.36031169151924,52934.259963725905,52955.15389451684,0
42.2444494302938,52921.569273374786,52936.43217479564,0
31.799002980920108,52918.76461094015,52919.883613988924,0
31.432442392399807,52886.18153604355,52901.78878037645,0
28.216216346684163,52855.754055396756,52888.881430980626,0
27.63664671193338,52804.857108559416,52868.03734186845,0
11.010174271576432,52763.1081658608,52843.50912067385,0
6.467545427032974,52699.53117087427,52812.017788409445,1
16.724257812277386,52632.56906586002,52791.49357093817,0
22.42605213653472,52578.97229223982,52769.6198299493,0
21.598973096899243,52511.527792055895,52751.146541301016,0
26.974725448672388,52464.752134764254,52741.501623817756,0
35.08006759300912,52398.86295853149,52733.0161167815,0
31.90350792239228,52320.19832068542,52719.487427838205,0
26.87386771391796,52225.432859710585,52696.17824427096,0
25.804006247797275,52136.81049680288,52674.3993616456,1
25.223048275331934,52045.34569716897,52642.40317657117,1
33.41641038347383,51969.419644873255,52614.526196411185,0
33.512928056207386,51918.108881339846,52582.56667877972,0
36.18213867509117,51860.78194816244,52544.66101210588,0
44.23269728842612,51822.83218912199,52519.11819529322,0
53.911982436297215,51785.76027963497,52496.56008640012,0
36.596820345861396,51717.36894246132,52450.88834939348,0
32.27759237141112,51651.824050741176,52405.28844872743,0
31.266903181293785,51572.51601854544,52356.85067419076,1
26.49467884738027,51501.3336881534,52304.5314055773,1
25.681494559588714,51427.26980189682,52253.50728708522,1
29.374775326853808,51375.36459332135,52207.074180945485,1
35.66606815051169,51314.8648556787,52163.619671351385,1
39.393941492562845,51258.30114924509,52118.748615378085,1
44.77577881468421,51217.36528535081,52076.97042768073,1
42.47057631867919,51175.5655106144,52042.80352783089,0
43.323090742253044,51134.665516866786,52015.489583425944,0
51.12225028401593,51116.72361395728,51984.49561470367,0
42.271846926193405,51115.84770718816,51953.129877286374,1
38.300580116493975,51108.90441089742,51918.86461279028,1
45.194279899257836,51090.8481995483,51880.06256378765,1
52.95589706516122,51072.40393294032,51844.20122708318,1
60.66204600136926,51053.05007143574,51802.19486874918,1
75.4076362195651,51070.02809395784,51774.53198597485,0
73.6790780670759,51064.972402231404,51743.41262531367,0
73.05025076215108,51055.03802687312,51718.27056227372,0
73.72450256307886,51087.119566201945,51687.22305457474,1
64.13176374851852,51113.0460234888,51650.693803262824,1
63.2367416331403,51156.39884783457,51617.249918183814,1
61.36410596765091,51208.09626587812,51585.1361753262,1
58.89607787627863,51258.20412601408,51553.84783240793,1
58.452879165569804,51316.4975406516,51529.08552598113,0
55.38091619687197,51363.139810688874,51510.498205252086,1
57.91995606600279,51401.75237109132,51493.40235590375,1
73.93775096505897,51448.545590632544,51482.68467844339,1
66.2395945087641,51482.52512332294,51467.18586781015,1
64.8627789052012,51511.52087295508,51452.59208823192,1
62.79444105093355,51551.10167969468,51450.46367216413,0
67.07896567366264,51598.58916251775,51450.26392013477,0
63.56092197929584,51643.917703261744,51454.48885067122,0
64.43015862632231,51716.32822513625,51461.35058749784,1
67.8010740028441,51772.496171056744,51473.38722715618,1
57.48950425857643,51813.784215293424,51474.68092852255,1
61.950661307640175,51839.45984192105,51478.72700584735,1
58.29495577552244,51858.16020282499,51482.06558962131,1
61.89317059037847,51900.49190868474,51492.566471841914,1
63.673020519849864,51932.46524125377,51500.663967663655,1
67.82243998344292,51996.79022036832,51521.330563135976,1
59.1942269936489,52043.843011658864,51544.613978963134,1
64.26466759924367,52100.80412449151,51570.733626401656,1
66.4757917676319,52165.79938195077,51602.02930632066,0
63.15028487759578,52227.44606207814,51632.296092863086,0
64.30954337952363,52307.81045645139,51666.378835296695,0
64.34420343571695,52380.448378271,51701.26892794718,0
57.37435966198014,52425.45121875674,51723.73229029729,1
59.26773517963264,52477.01109949864,51743.68619575562,0
66.3740889476145,52533.77014264332,51779.152568304715,0
60.605760889683346,52562.357693941725,51814.677129444346,0
66.77732222913929,52588.976874290165,51856.848262432664,0
60.0512547052703,52623.95428471678,51903.53708929658,0
57.73406334389952,52641.80518307717,51947.16473996997,0
49.716947944253754,52669.28672977038,51990.95608173578,0
56.50881381304088,52709.745315468244,52032.633112438365,0
45.63220312998005,52729.48045271142,52067.198727233874,1
47.58099292504947,52768.119933978145,52102.36744907225,1
37.424989827261015,52774.472376877966,52132.12921834734,1
27.004079594538183,52781.15146763336,52159.25834797029,1
29.66528983293155,52767.218420075,52181.528485583054,1
48.76827341448385,52780.715199408376,52210.56097585122,1
50.47674783579799,52785.884883656356,52241.52581550523,1
52.481788554876324,52791.34018849921,52282.22610190102,0
53.723043045342074,52785.44160572656,52317.511161977585,1
51.34234789364477,52769.07789964338,52352.78996657976,1
48.64859704571851,52757.202872647824,52376.13883942318,0
58.113213820554904,52761.34934643245,52402.283067977696,1
52.64416915879092,52763.04532179,52426.88911372237,1
63.347858625122754,52775.910993426456,52454.66913919451,1
66.34138870220433,52789.76344888945,52485.3640996046,1
48.50492219167687,52783.76795329879,52507.79590461836,1
66.75996359465441,52801.90416844009,52541.06025032136,1
67.65240883953852,52825.86696113738,52574.229874019285,1
71.33111325131077,52859.01173888867,52607.96176103062,1
71.41095738715941,52908.876545296516,52650.92780628142,1
73.25010524048126,52975.193303828906,52696.57510032891,0
70.73057101163279,53031.65603878308,52735.611628332466,0
73.32354923123056,53098.75553405292,52778.621382639336,0
66.33640635150559,53157.67660312877,52817.72064003975,1
71.18294025990798,53235.77864144093,52855.39927028157,0
66.59276161894122,53291.619503564725,52887.77311227002,1
66.77940726571897,53342.99351528387,52921.15614031408,1
63.784944279189695,53390.07450854867,52951.724615265986,1
65.04025777038068,53439.05752962506,52984.13570540491,1
70.52674588362544,53482.25671412229,53020.17896611131,1
66.94730750275713,53539.888061475256,53056.310127244855,1
71.49489144046888,53604.08913930292,53100.65464256888,1
68.86313246572624,53674.470364904344,53136.48049621022,1
61.539735024260665,53727.45606109103,53172.665467129416,1
62.0046755379349,53794.81617838119,53204.57448280975,1
60.37144734492735,53874.604020695624,53240.100308233064,1
64.8342392245313,53942.66781536973,53277.80572667265,1
73.28923627282276,54015.11750610811,53313.95712368222,1
71.14578685518114,54086.73331424531,53351.67666189748,1
77.15497750049383,54143.16301070106,53385.0688279813,1
79.63585118615546,54190.85589585473,53420.7381073624,1
82.00521663996787,54252.783263818965,53466.54444635735,1
86.10872733366519,54333.78303510249,53521.33015688087,1
92.2830928792535,54443.131576654116,53581.46521364406,1
91.95471156502585,54541.34998666134,53646.99618736941,0
91.7084416874898,54653.97929097997,53713.774078945935,0
87.60414764645803,54764.078118023404,53777.20567363673,0
90.86023443395482,54876.1393776075,53845.45829307811,0
82.95351650660135,54980.14454289999,53908.47883065676,0
86.8159456384565,55094.47626235227,53974.07134486491,0
85.39714121646008,55199.26509789092,54044.223985316654,0
71.71039603914889,55274.942689180025,54103.383744649625,0
68.69178433937029,55347.787194517776,54165.80642326614,0
70.50694453730506,55428.7759794064,54231.715271838635,0
69.8087652766917,55498.28490700517,54297.00107758183,0
67.34015021837537,55576.0190093203,54358.22183219783,0
50.73410103938125,55624.63197079848,54413.3045615295,1
37.77768662482928,55664.37408006622,54463.17068030904,1
38.853249026165294,55702.16775569589,54518.36712188521,0
34.63823323532331,55741.105351243845,54573.87980862148,0
39.38843645989565,55782.726404784524,54630.94752021707,0
34.81767732658274,55806.628036103546,54684.655922225786,0
39.09406377209612,55808.78535613728,54739.62617061979,0
27.405215358832905,55772.318886194626,54780.02837075134,1
30.33376470637876,55735.5411894424,54825.30728359059,1
49.04473420319958,55710.94998675011,54884.64689232646,0
44.08821705272879,55680.77809546828,54928.75524444801,0
38.4475217647962,55638.2505849003,54970.41174258329,1
41.01585297030418,55609.26236515467,55008.579081163145,0
46.10406482286595,55591.25511697724,55047.02277353721,0
51.430486217812984,55568.826389019065,55081.67721939271,0
49.494925820647175,55553.71293226744,55112.20650204337,0
43.91731256369746,55536.12591705751,55140.75457646798,0
40.222879996419366,55504.09083205358,55170.28096340856,0
36.46957611537056,55466.20438269236,55189.17137408239,0
37.18629274752168,55421.69703395102,55210.25284435234,0
34.48535879213479,55381.31366176084,55228.63262012029,0
38.968363568892755,55340.90987538452,55243.504827043376,0
34.66944722322444,55290.90204737878,55259.1049289867,0
23.55112462980847,55243.03886083794,55278.19266730774,1
22.68125967836467,55177.53708114576,55286.007128085286,1
28.34632099784811,55121.46433028575,55291.60599861891,1
23.693195745032455,55061.37730056166,55294.38894488271,1
16.81628568490015,55031.51300787445,55301.65114946471,1
23.92302726608463,55000.993571009916,55307.77824064208,0
25.860380458009146,54946.94939394629,55313.585041626735,1
31.607531881945746,54909.69686931521,55315.5668660262,0
32.31118021675718,54873.47810616222,55313.75598260494,0
44.23990363625999,54846.088164655215,55312.321021327116,0
42.009095820686014,54795.96806823458,55308.14479655061,0
48.44682488992365,54749.39644107403,55305.093437480435,0
51.752368060254895,54713.24190267515,55296.389957585845,0
45.89209610900107,54669.00459150029,55274.8431990271,0
49.50224853537626,54644.075758746396,55250.65863624548,0
53.73558194140583,54619.69407083251,55220.50900775085,0
43.553967224983836,54581.352072260386,55181.20195686451,0
35.35064228821656,54523.48318593899,55132.394647286514,1
29.579483942924952,54464.64290991507,55078.9062399664,1
32.56932233272626,54418.8163780819,55034.57366305948,0
39.527654296785066,54383.41687280241,54993.7689114878,0
35.111434539934265,54355.07118683766,54948.32956366398,0
36.240792953383405,54319.017134500784,54909.23577674722,0
28.751925652366864,54282.13329003968,54868.12738309148,0
27.65889046951601,54224.712508888544,54820.025761257566,0
24.125787345335425,54149.99843381429,54768.463651365724,1
29.239077863485093,54090.54126574361,54719.39394419606,0
33.61843780639691,54029.98149944634,54677.70667748535,0
30.704688467112476,53980.522182131346,54640.21522343098,0
29.231171310883127,53904.473778071406,54593.243430277325,0
33.463731763734174,53837.42376816036,54546.67216331721,0
34.96976889603002,53743.807812468185,54489.5260005539,0
41.63469984501722,53660.495975135054,54437.93713319846,0
36.05954619283091,53589.93883195168,54387.30458935285,0
25.119152177402242,53496.92020662945,54340.499164419394,0
36.086234633460144,53426.207154970776,54296.775393962205,0
32.44872543426747,53354.53317837021,54238.63523351255,0
36.04153862469298,53316.98239722382,54186.876367988734,0
42.281909915426795,53293.7337807115,54141.09951829088,0
41.383133596024486,53244.329375612666,54088.600467242664,0
36.74549411359038,53181.96907893069,54030.05449626918,0
30.11195309723729,53110.42648785065,53964.969603196616,0
23.73950413257687,53014.164702754366,53893.41648494199,0
24.13169937794966,52911.87328614433,53818.42633072619,0
22.782667995774034,52816.749941566166,53745.08940506261,0
29.582880729905852,52737.55747751234,53677.00488929372,0
25.753582935920775,52649.22759911511,53610.4061702617,0
24.884200554203176,52556.79429659796,53547.89893142018,0
25.482326579251264,52451.48588926267,53484.44562898224,0
14.914891544487247,52354.22883500357,53418.574145327235,0
16.008841532798627,52246.66548250544,53348.12281198421,0
10.878753109036182,52149.8908396319,53278.46750394835,0
6.419355313426465,52038.751175575875,53204.8518713145,0
7.731571559699972,51925.77088636345,53133.06202367357,0
7.3844955314475555,51820.516536477764,53056.10057586072,0
8.299443899455241,51695.862904322945,52974.723127287434,0
18.638479196465326,51596.12006686892,52898.30350268159,0
19.97968368862638,51486.06662340549,52817.424269624855,1
18.312857325818527,51357.1217959424,52734.55699420295,1
17.53793974089602,51246.20820808884,52648.64848461611,1
19.41535817345691,51138.331623628466,52566.99991842673,1
21.531990639888647,51050.10991257135,52485.25499179554,1
29.818023440943477,50996.61033125285,52406.76385637307,1
35.45473226378776,50958.355927476754,52334.166865116786,1
40.04408166437528,50926.555060047984,52258.08112558324,1
62.025030244702904,50912.226157439625,52194.01772393658,0
57.48590952831962,50884.37348651765,52131.61473596461,1
53.782420404542805,50849.72118821692,52078.39413233137,1
61.07591102446151,50834.88644979581,52032.543044934544,1
63.5640490266719,50826.77768733607,51981.7586690289,1
63.78836362045638,50835.54742131513,51928.9750313893,1
67.63439451443497,50858.26445965986,51879.74481307724,1
81.1801215515176,50900.65905778606,51837.508640628614,1
72.28558619525609,50932.23342350497,51793.10207705968,1
74.88823371706758,50982.95877331219,51759.399081630174,0
76.60702257026995,51048.629114745694,51734.175399659995,0
68.27905269671959,51095.247416927785,51700.185963155265,0
68.70156634390185,51153.17991739566,51666.703636804574,0
68.40674723791822,51224.021684851046,51631.95679529083,0
58.04354604947528,51283.163096899225,51600.12421214724,0
55.098738953946814,51320.75982056516,51560.33433938865,1
53.201116458529796,51344.961812538175,51525.71659182354,1
52.19548789511827,51369.98653933769,51490.56008205413,1
54.7153040162953,51398.583263556735,51457.62463775882,1
50.953123312648636,51424.7855960453,51429.22728134958,1
53.426464413878,51435.24325333679,51397.63216328298,1
51.81669883059415,51468.003198870225,51377.00274416461,1
56.980454903430086,51508.17371677481,51354.87066015176,1
47.93335705521036,51531.44755479412,51327.62855456759,1
44.208388917717485,51557.70607102062,51307.1093471921,1
52.71868872898314,51581.25520398361,51288.68948141047,0
52.93356891203347,51609.846216554724,51279.51270455887,0
57.09098985514735,51633.350696314264,51285.18303805257,0
53.20508099924832,51653.30863891092,51289.67621816632,0
60.750028258129085,51654.74269015986,51294.59618106766,0
55.666670959650915,51625.480563019875,51289.344633863,1
55.82855226138655,51615.791287405744,51286.811438471515,0
51.070915373766155,51597.67224321293,51283.054815450574,0
54.17203006540115,51584.29173904946,51285.07913520555,0
43.4288644772061,51562.22026759529,51283.320785183925,1
45.693929215202935,51573.04479653521,51290.88606500056,0
40.62435984087019,51582.03407054012,51298.57388418683,0
46.66378824893196,51591.687856187,51311.73475429858,1
45.24550232718464,51594.38273085021,51325.06937555351,1
42.272784678515066,51597.290282543916,51339.936779776035,0
37.87730978407507,51589.326381740066,51355.01755424982,0
30.932987347074047,51565.529250064115,51364.76641744269,0
42.72954514020896,51553.13768057091,51381.69908301792,0
44.841757344225094,51548.095575659725,51404.01806645452,0
47.6561235592173,51525.95071431686,51419.006349683295,0
41.717481565889074,51495.09640387705,51431.395393509905,0
43.4225720202695,51458.78603980576,51442.98315545264,1
46.051984650101396,51422.79969584891,51455.658783891,0
50.423008519606284,51394.38880040611,51464.08936733806,0
38.80740251437121,51365.699431858906,51470.253929792016,0
45.49676524991827,51356.230598040056,51466.94641010316,0
46.24079578864355,51348.02605203713,51472.2724646793,1
38.04171716697924,51328.25707515805,51474.469170227014,1
42.4143878023293,51309.233503881915,51474.81795683999,1
41.500848203534325,51300.32609478638,51472.740148164055,1
42.99882724832559,51274.164551376445,51466.33291702508,1
47.284390744089464,51279.962157063994,51467.25296314848,0
46.24518170788032,51276.04943746221,51461.890906169036,0
57.195769999922355,51278.504153654576,51463.577667613354,0
62.80591805213998,51290.04243599424,51462.77024484887,0
55.25799183699292,51292.48208025905,51452.558740455155,0
42.788188354640965,51282.84841136479,51439.80681521749,0
49.05927165230387,51268.472601625675,51427.81615670993,0
46.85756718016863,51243.13520161857,51411.66347316153,0
41.11739264326248,51213.84818736928,51391.28038587132,0
41.761883293285685,51198.66239728878,51382.55642419935,0
42.83416188273201,51171.9989495985,51373.79801027676,0
38.36635292145889,51128.63227433692,51359.11707789068,0
47.434478651802124,51111.0555278314,51349.078273047926,0
43.645783673427886,51082.25919327011,51333.24336868195,0
33.15108052353813,51040.66567702328,51309.115379577765,0
32.61361086662686,50985.740931152235,51279.36755759212,0
28.880396319449233,50942.10116223882,51248.04014841261,1
24.040248837125617,50884.47039419429,51216.02709260005,1
24.07260870517429,50819.893700477834,51177.61519994694,1
34.309279878131264,50773.66127582318,51143.29534576091,1
31.862595924558974,50710.04295495826,51107.331658509895,1
36.999342830603815,50654.241013780964,51070.24703315572,1
41.359903827625004,50589.519883334986,51038.06216538299,1
37.824529873416274,50520.50416400557,51009.07483438715,1
45.78323334683721,50472.617700428236,50991.41359541851,1
44.95409804749953,50433.22218995768,50966.77917623827,1
36.11584602475897,50388.26521852813,50944.053346836015,1
46.89792741399774,50361.10413215715,50922.3884304046,1
61.032332752232186,50366.032848795716,50912.8054183515,1
70.10379128193176,50380.17885308386,50905.41004681881,0
71.78064677709854,50405.21772267958,50903.07147113254,0
80.1280548408138,50449.36815652902,50902.189198027496,0
70.84458565566129,50447.07317949384,50890.154452505376,1
70.93878562720889,50476.89838516625,50885.08660973089,0
66.57497186003945,50512.02761463552,50878.19587273595,1
63.878726075789835,50549.34285103965,50872.89299798234,1
65.70675914180367,50593.47170068579,50864.17375645857,1
64.21082025214187,50645.003579479955,50854.79029412814,1
62.12542551127262,50710.08654304303,50851.26953143741,1
71.34892803574397,50775.946493044044,50855.6353814277,1
68.72700751396417,50835.334381350556,50857.95099512781,1
61.70625458366522,50878.001344049975,50852.32769243614,1
62.440650824291474,50940.175197087956,50856.37672405573,1
58.20037326118325,51004.7221428074,50864.683918766554,1
63.5623363790041,51079.16246166888,50880.58634087004,0
62.85492882755353,51172.20206978159,50896.44958333605,0
69.45764000658495,51249.357374009,50912.4934663764,0
67.1323328812006,51326.006101819905,50929.09746957979,0
65.7087893791917,51377.367375508125,50943.62193064018,0
67.05737114245068,51409.32405742274,50959.47384923733,0
65.36274537340523,51439.824997331445,50967.01660723952,0
58.02061876990208,51442.762909696954,50968.87458692139,1
53.96195603898143,51464.274396500565,50964.46254964378,1
55.95426660794654,51492.31492721199,50965.99560621798,1
58.21992949031836,51529.99806858905,50973.20226806795,1
62.2358403861655,51568.33622310935,50987.08812268016,1
62.234200650138284,51620.39223498538,51004.94160980246,0
58.828186469881885,51670.02031743389,51025.544340454275,0
51.31520618416623,51716.76966246702,51052.4381214765,0
51.85940566513129,51757.55010637912,51079.190465063846,0
56.43736518997297,51798.165392758514,51108.41757239182,0
49.782311380012914,51842.184709909394,51137.74866666514,0
44.436583685583614,51845.53182433367,51150.16724265663,0
41.1413797111868,51834.24631345408,51165.47876684014,0
38.513332331951794,51794.27813536146,51182.031324205316,1
44.435966088231346,51747.25932511773,51201.056940922244,1
45.18758869673721,51707.37187613687,51218.601751935625,1
44.97061754644763,51682.610770547,51248.353620120884,1
40.205855834394484,51657.112856313615,51278.5095929745,1
46.71080669350126,51645.5470909244,51308.22817527782,0
39.84604413583924,51636.93599912255,51337.773824905235,0
44.879776216878305,51652.569285724145,51368.205895698666,0
48.2465862192742,51683.79087316872,51402.17094557726,0
37.44825050260091,51670.77823230858,51426.10523353917,1
38.46953709102807,51655.266290610256,51446.26170414075,0
39.82092902820205,51638.88802888623,51469.35445825157,0
43.34474042913901,51593.05108401588,51486.85595599755,0
48.811568179253314,51555.77275261837,51503.411788638776,0
59.15525409564554,51536.57402799935,51520.65459315795,0
48.51776354950534,51480.73723838024,51519.413819182395,0
48.75720516951912,51423.563109988885,51515.75572731555,0
36.9297719286782,51361.39652734991,51502.56001499348,1
40.158443681858316,51322.48528712693,51500.33208570987,1
32.3597779199669,51289.682817206274,51490.59253965614,1
29.669458499469613,51260.28385261794,51481.33381939828,1
29.019693729040682,51236.19428935822,51475.79751624967,1
33.67133064891915,51234.571121766334,51475.041520367835,1
51.58151372532335,51237.98095058347,51485.54456856229,1
49.036139183969304,51244.57077821826,51492.3032870446,1
44.35090750028464,51218.94538346629,51485.427731446725,1
49.52063865509108,51196.71442350383,51482.32584176655,1
52.9602150118255,51182.52057053749,51490.013586293666,1
50.30372164598031,51169.00342129419,51493.702235259756,1
64.66590131068892,51193.732097749315,51501.70921551595,0
66.03335737162232,51216.321434288184,51501.125293188474,1
69.03935181316615,51235.437307801665,51494.6485534596,1
69.13576953726353,51267.037321336065,51493.927934928375,1
69.11145607181865,51290.73554262465,51489.30356496067,1
73.53866920078129,51303.89930096785,51491.267363341845,1
74.05505036748143,51353.49077352993,51497.08050562528,1
72.9472620448398,51418.90777949615,51507.388840181426,0
67.94132795585006,51501.88837381154,51526.21020063932,0
73.16480662832784,51586.609413131315,51549.26609236217,0
88.46218371106724,51682.5309321751,51566.678941641396,0
72.80974477535213,51764.879304269925,51575.28631367063,1
69.04343045450261,51842.4383156048,51585.43835324785,1
66.52187435038064,51904.160294500805,51588.548744174,1
60.65615511419507,51941.399890838955,51594.09639792431,1
61.726304208393664,51985.15954219924,51599.65923893748,1
68.8180818088442,52051.446504012325,51602.986290500005,1
63.488904793178875,52106.39547226929,51605.61787357085,1
70.48496997787885,52156.534827467556,51615.753633316934,1
69.84264855764509,52203.273780769545,51636.799017834106,0
66.71034060571188,52235.456122255084,51662.193139036346,0
55.905115159572425,52262.918164740266,51688.581304939995,1
57.61895843786247,52304.62912047526,51717.59647160262,1
57.40619638094571,52347.2523141212,51749.8801101221,1
47.459443271756996,52385.62620570543,51770.50973902403,1
62.90990167147353,52416.80254165213,51795.14323747724,1
65.38393761992023,52444.5720260112,51816.690479659985,1
67.93464117004274,52467.37640911275,51839.565004177515,1
69.18103162394124,52489.94495518434,51861.160468423404,1
70.44498754115565,52510.9805919066,51880.141979857326,1
72.74087401539853,52534.33015706935,51912.09971154571,0
81.83168567164587,52589.68760634675,51949.054839965225,1
80.93165666381327,52650.31257425757,51990.008171396395,1
73.88698567527001,52704.538248848134,52033.143610106905,1
64.7004536498032,52746.05250230606,52070.20829779938,1
65.83156548960568,52783.00359355683,52098.23106516047,1
69.75125688978767,52835.17269735273,52144.760474089,1
69.97827547203279,52895.90478950227,52194.55454537621,1
80.24359559885148,52966.60606563252,52257.83744862998,0
79.79764017679848,53031.368860552764,52320.35244720444,0
76.7818443698146,53092.03666018924,52383.134676229536,0
75.03474222317011,53158.93906016564,52448.04338795908,0
73.16284450226286,53216.76655048943,52509.8253760551,1
67.72770983899464,53264.790934709585,52561.96803529942,1
57.639178237916056,53308.88167018346,52598.870026864024,1
54.59783341403045,53358.552387353266,52640.735881131244,1
55.96127787721511,53412.48128550664,52694.10484047613,1
67.26596134946104,53485.34426127847,52755.016939287365,1
70.82253089859336,53549.000018305305,52807.75224753054,0
71.98867474013163,53608.2039065461,52855.822173958084,0
61.42350919525269,53649.43730650937,52894.38179504972,1
64.31033967180355,53689.550015728244,52938.346272541254,1
59.61443528901517,53730.43937333834,52988.00899761107,1
55.40776198370416,53768.43389787824,53033.702240723775,1
52.27173171978937,53807.98705872132,53077.108904238055,0
56.30027491439768,53862.50476482006,53121.67325070135,0
58.04991302594806,53901.31786495113,53163.891310657484,0
64.17730636643606,53944.89789307404,53204.95059080737,0
65.57065952376459,53958.38581813829,53240.43642636067,0
55.27245172539439,53954.29847799932,53267.42807315164,1
48.16981313324691,53944.04962439848,53287.742153118874,1
40.38199345575143,53941.41900346418,53318.65926763678,1
51.10365266075685,53960.82070311677,53357.17833105988,1
50.81179323918173,53983.66427199276,53393.7696262962,1
60.91861148400233,54040.754882369176,53438.61202347613,0
60.12963860954427,54101.13032414871,53487.12419391104,0
52.499108333054316,54137.02643573519,53528.33681316527,1
56.35596038688907,54150.6130726931,53572.703979456885,1
62.448442756146136,54177.176581502055,53616.008949144336,0
50.75169553454224,54183.011816194106,53647.71738812792,1
51.54255763066047,54203.00385540982,53681.40088831162,1
52.74601918971724,54223.465832130016,53722.56533949715,0
56.783907299864524,54239.76661554356,53762.063995638375,0
63.9533605645177,54264.21953266904,53800.489128142915,0
67.23507533400343,54295.96516483424,53841.24448788958,0
64.35504717043045,54315.87242613656,53881.30120449513,0
52.07408255678725,54320.187927889114,53914.13767140865,0
51.003112146588165,54310.04430419252,53942.017748839266,0
38.58246822767778,54304.56242482279,53966.28341421605,0
34.17067683627711,54318.99273755441,53990.632931410764,0
37.29834824715548,54336.60455287628,54008.651911441644,1
32.61676898182837,54338.647408473036,54018.2431884873,1
31.891910121582285,54327.17739287471,54027.92425850675,0
45.33478406418821,54323.70815689115,54041.43758951341,1
37.40636411193698,54292.08806672091,54057.02624924207,1
31.32568656085084,54257.232563590645,54076.81578192457,0
25.3112047326358,54231.77580454059,54086.97805604042,0
26.218171091339585,54204.80935740733,54096.26580661891,0
36.126718940370466,54178.95360803716,54100.94796610619,0
34.46373483069611,54171.31527672087,54103.695954595154,0
34.4789413787918,54145.508317747095,54102.789551334754,0
36.957708420752496,54106.52280114488,54101.59883588885,0
32.83655226425124,54049.91395313949,54095.32295669841,0
30.903272640925778,53991.14783214741,54091.03188711804,0
31.921849083888063,53931.30460219223,54090.21366069309,0
26.818303662414877,53849.13775427488,54077.53535126378,1
25.09749101917039,53784.03705603266,54062.759979619055,1
21.71293002826495,53723.984698442684,54037.47392370496,1
31.932805255984135,53679.91724583694,54018.6503052287,1
29.93550872477404,53636.870169566886,54002.099436619086,1
36.324047073101234,53606.747326576544,53991.57591946853,1
42.664507758739994,53597.21616354327,53981.30964761331,0
36.790866825503805,53578.77012109102,53967.25655760782,0
39.03787820809441,53556.609707030664,53956.70791317437,0
37.51353771652971,53524.10615610428,53943.47388819526,0
44.80631202573204,53498.93519791538,53931.387955162696,0
50.18231405279963,53476.83884466612,53917.186447926404,0
46.82253781854868,53444.054535618496,53895.928463636694,0
51.451397996631876,53408.91701088853,53881.16044320628,0
52.77296355561545,53358.01908517056,53865.184197463655,0
48.416117860584315,53314.55253330221,53850.99071489626,0
53.18603468329976,53281.62043767619,53837.67940957365,0
45.99590693597594,53257.94577369237,53814.17298492865,0
42.090405942048065,53229.86637529257,53789.512728437956,0
36.68243089632124,53200.431803714775,53754.08442923131,0
24.192390175726487,53175.53478073135,53707.297133896835,1
28.779208877652465,53152.4861904283,53668.943881496314,1
28.501328919315526,53130.03563737231,53629.24294957665,1
31.771603829382343,53093.042873688646,53584.99682210335,0
22.792695951677686,53051.208104042955,53549.37795175862,0
23.223239645167396,53002.15804667876,53511.237595976105,1
30.660769401451574,52947.7419754892,53471.02010495699,0
24.910833752504516,52894.12243971536,53428.99888727654,1
27.342926519685932,52826.894770348365,53381.7780082461,1
33.62396267012156,52781.15769443071,53337.55090003384,1
30.273087252787548,52728.01093797076,53296.243359896376,1
33.771473473571604,52678.376425490176,53260.461846966835,1
45.35392537830385,52649.55163158269,53231.73139459277,1
47.9678531341677,52613.63339957447,53204.788833106955,1
70.13763894990102,52610.62674037578,53181.837798592205,1
72.83825262879084,52625.984933620595,53166.742867193985,0
75.89281497494761,52638.083145308556,53157.45370430785,0
71.68783974527281,52647.07923929739,53142.13372349772,0
72.8581506477127,52661.946695610684,53124.808143925766,0
76.29556381374601,52693.364260235685,53114.59490663722,0
63.95592699283765,52729.90483884468,53096.36604399844,0
61.95333502196259,52755.37109645406,53078.3819982617,0
68.3694062621012,52778.63656611873,53058.773833061205,1
60.72984067071708,52795.97317587984,53031.80464924041,1
62.12972854526702,52824.7252613042,53010.74194559195,0
62.737581016184684,52857.10469945433,52995.876148659,0
54.52246623906194,52875.839180331735,52978.74665663172,0
56.92592984250264,52901.149425823496,52969.49307635014,0
51.19661148738979,52938.49187445037,52960.71562516727,0
39.058353540666154,52961.177216129574,52949.49994560879,1
32.42189923895094,52971.747676796316,52945.28732890494,1
38.240934047814584,52984.62337822864,52940.69637584523,1
44.515543227979386,52996.136765376585,52940.59222136633,1
34.781258657825276,53002.47868343084,52933.81340814452,1
45.29183223209968,53003.1512539319,52928.3502323382,1
56.24177242539013,53005.56925579395,52926.27163888094,1
51.30761028443643,52989.57542323704,52914.39740818537,1
57.52191738914412,52984.61762562732,52904.47272531223,1
57.34053203988551,52989.27424211557,52897.87395795974,1
55.09926453263483,52980.590800097234,52897.1887642344,1
64.45208306114594,52999.26646884816,52896.49855237156,1
69.28189941763796,53043.850044663486,52905.18647826064,0
71.08870562056968,53095.296822327145,52919.27074774467,0
75.23581523402628,53153.059808671554,52929.46176835363,0
81.99233500532708,53211.863833593394,52952.27984496109,0
82.6054305714238,53275.32039640861,52980.18329390155,0
65.98947295648979,53320.699233240644,52994.37817485751,0
68.44247268532102,53359.99558530942,53010.31300099696,0
65.00938509549012,53396.93010505747,53027.54111707324,0
61.46117464938878,53446.7336274529,53048.02067510404,1
67.62523111311444,53501.72975114781,53075.76531707153,1
65.95627132202831,53551.51360317225,53100.307340942796,0
57.74945357796218,53583.27522881686,53121.88805794414,1
61.06348354284833,53627.24982897528,53147.49619025916,0
62.48202401215177,53682.330438011675,53180.79916592569,0
49.05438323986669,53713.11678598016,53210.65513460151,0
41.3335778082629,53742.52128928087,53232.30913370203,0
42.32445876487067,53768.569126051465,53254.251399846675,0
36.556806957773915,53786.023849298756,53281.525589539895,0
38.580724344089504,53816.13939857324,53311.181445891416,0
44.097315698007755,53821.58016621539,53333.92624366941,0
41.627064605490375,53799.65301172468,53353.697112754446,0
35.173242976000196,53752.81527135744,53360.57620365456,0
40.33519577746476,53722.06326467509,53372.83371439387,0
42.17920183538455,53684.046876199354,53381.64789929052,0
40.92500213051733,53632.97546998004,53382.979508445336,0
39.49958383600817,53593.869658523996,53376.69278014368,1
32.6961954280125,53542.48644204709,53368.47588209683,1
25.98064187669948,53499.191889235495,53362.43919452317,0
25.449046370460508,53440.85602905274,53347.01738263085,1
29.247326237326632,53385.49680590441,53338.00210389542,0
39.908833834507135,53351.41879229015,53338.726419277235,0
38.98272370562804,53322.49703004104,53339.43224351307,1
30.934478543953915,53276.61553116795,53339.753132374404,1
36.01115426226964,53218.003682134695,53338.110534257896,1
34.159191549230584,53155.610635185774,53330.05750889408,1
48.572304913246874,53124.38798377162,53331.72865507799,0
48.68579963822525,53107.00149684448,53336.59222825507,0
47.068247535892965,53088.259850338145,53341.43277989501,0
45.53551479473035,53048.83594415637,53346.244937102136,0
48.820568146147785,53017.44628877063,53352.20568845914,1
52.79185822098207,52988.47952901428,53355.23957306869,1
52.665408185522416,52984.825472967656,53356.05168669098,1
62.1035705841991,52977.81790385193,53362.9694025623,0
56.56141486901384,52957.93976214538,53363.563302575916,1
52.59202199442236,52952.80504523208,53361.87382422058,0
56.70507414301666,52967.06989923279,53367.690570541985,0
59.02043068394751,52988.56161890722,53370.0534794088,0
52.26698281623407,52995.04355062696,53364.746917927725,0
58.76983424186984,53013.76205997563,53360.28588658222,0
45.510988993925466,53020.84463025579,53346.63336845847,0
43.36902949323599,53017.73456041623,53328.28022557834,0
39.45166043026762,53006.8615390848,53304.05813021613,1
46.12418307038853,53011.08002412474,53282.96121855569,0
47.72736860632871,53010.672273462,53257.633910205324,0
46.48699253382809,53016.916191363336,53226.69582687598,0
43.934528972508396,53004.93194889817,53205.421741341,0
44.161786058339956,52989.71134144407,53188.47853070893,0
43.48150645256416,52964.20987608957,53168.34468830785,0
35.5906041266379,52943.55977699739,53144.97539691994,0
28.69229352718618,52919.64994098609,53119.373764394455,0
30.159240092198246,52898.31058976017,53093.95836770386,0
31.54106332067117,52866.28875829204,53069.25709848106,0
25.42926837439937,52806.18979110704,53034.54538741501,1
25.440128484236723,52745.904574760294,52988.99295727536,1
29.588822133736784,52691.887812945504,52953.38223500673,0
34.57230393557106,52634.16147711547,52924.346645675825,0
32.33882038283906,52583.63665673158,52896.08049168085,0
31.687255220113386,52541.152831404375,52866.79851076997,0
33.382066713625534,52496.99042466314,52832.62629701817,0
32.27319041720372,52459.125783530624,52801.65161538457,0
28.24147687324944,52416.2936192169,52774.93646857522,0
33.23047045541469,52385.708371167086,52757.215370139995,0
30.414531175723894,52337.93337908404,52729.30926431927,0
35.20398587975009,52293.5017956802,52701.41587799767,0
27.373475738416815,52230.0890418874,52665.541255638906,0
31.973080228712305,52171.843195154564,52636.61115599323,0
33.09197947057362,52088.70394815702,52606.965533152914,1
36.507732050460284,52016.52672438771,52575.27862236873,0
19.827193511169256,51936.52479013837,52543.24290135419,1
17.554625788847858,51864.06852353122,52510.80245144518,1
20.91765406902978,51797.78121345233,52472.50333616873,1
33.160015012608696,51753.36898315105,52441.605879725066,0
28.93077194807755,51711.22398872353,52408.38877043725,1
35.61816194351471,51689.38509932204,52377.5455241503,1
33.46431478508933,51652.48018678894,52352.130055648,0
31.675458196471837,51608.60132061475,52318.03198041307,0
39.23929627552376,51570.19739895305,52281.358852524274,0
37.13955993263519,51532.2603526806,52244.39871170694,1
50.76830524311962,51502.01486581324,52213.89786568092,1
44.08625930845418,51466.144801042916,52181.131020293484,0
47.57457531413182,51418.67548063923,52147.014849225205,0
52.644137081541984,51379.63407222088,52115.138809841286,0
64.81131833973038,51367.15935113983,52085.045843234424,0
64.59553533032445,51351.797066036204,52058.958799554,0
49.39469216218172,51333.14931091174,52017.67896191077,0
42.17010461088129,51308.3724709644,51973.13218468587,1
48.61355294682285,51298.013460763665,51930.746269895484,0
42.2372318455395,51286.2872676577,51891.776109181024,1
43.44157255909585,51289.87073620035,51853.68637184407,1
43.32603779633244,51288.65687347169,51817.927348731544,1
43.77625610274988,51290.04893415705,51781.429085665055,0
40.030215569401804,51264.7455912626,51744.75950059618,1
42.76292737398687,51267.22431199181,51710.84648558407,0
53.73421232414526,51275.44909140393,51683.45625132708,0
52.504159268011065,51273.23174638166,51654.656277655326,0
44.90157775696162,51266.38507463162,51622.61323070645,1
39.58116092681496,51256.04679096874,51587.89303233414,1
35.86796845834637,51236.1955517193,51553.19298195883,1
44.10910044866911,51204.24297859481,51518.17114631989,1
50.5734540677731,51193.23837216618,51490.56639276552,1
53.579241260540556,51195.939803705274,51466.06653480325,1
61.40296440018868,51209.00719813332,51452.22618577779,0
60.91806165966941,51208.928428801664,51446.14129831229,0
60.30516666973477,51203.091598438754,51441.83360902537,0
57.808783750314966,51225.64009244593,51431.179873710935,0
62.913190187436726,51248.67319588511,51418.93687219373,0
57.680280985127716,51270.01646705403,51405.29819402446,0
50.13952331229177,51293.44943490893,51392.69475058286,0
50.034135061153655,51304.201350058705,51376.570742002295,0
57.26777612718411,51322.544542034164,51363.294852132945,0
46.668336387845024,51318.41239272525,51342.276595068404,0
49.16400963831088,51318.77911006457,51317.987796155176,0
51.345521071375785,51305.58855269896,51297.90855503004,0
33.634744337384646,51254.30167396717,51267.77620264186,0
33.85146248389448,51219.83530797943,51250.55478409214,0
13.148021485553087,51173.97339514925,51223.46531070432,1
17.4025118229563,51130.700406090284,51204.69161550744,1
16.31015983608293,51086.37152822946,51181.13090349554,1
15.339171978959087,51042.91949217262,51160.729027133595,1
19.33161967108721,50993.633493020716,51142.392380561316,1
32.517023893243206,50958.95282141884,51130.535177989856,0
33.14525292019823,50905.634706177145,51113.132474988226,0
30.790525645510044,50830.78248617744,51093.96469729384,0
33.7958488203282,50771.575597526884,51074.70980830732,0
36.5794965799591,50709.53708971121,51054.00263487984,0
38.826945666071474,50649.70353183421,51035.37775668152,0
41.57874491876452,50596.81417534811,51015.94490458249,0
41.67992055182001,50521.909076373915,50988.554240060184,0
38.332079308890755,50456.38701296553,50958.319600863215,1
43.74484024077632,50383.945833107915,50930.41526495895,1
46.293195732622415,50337.80963498795,50909.930256807886,0
54.80050435094791,50306.11284058044,50888.579303499006,0
49.58767173305994,50259.33481457652,50854.77874040473,1
52.3455198697112,50247.77858022264,50826.16880831644,0
45.308861949442516,50233.02768138693,50810.506132282215,0
39.54732577288642,50223.335911675145,50789.45068698862,0
46.75491947465868,50207.50579608931,50768.4885496377,0
47.13294894784479,50214.95203454131,50752.596810248986,0
43.402657701514634,50214.30702117462,50730.50354112331,0
48.79819628301807,50222.24647469689,50715.82822105139,0
41.82036932329249,50193.07824528309,50691.746902440274,0
46.35114365289369,50154.83322432575,50669.16752821349,0
43.243062157738926,50126.98575829649,50637.86927581572,1
49.574590357180966,50103.370678256775,50605.87844304847,1
43.609902552848,50077.16462090016,50575.575784687244,1
37.43235943271151,50038.63132697234,50544.2762576178,1
43.92799633042743,49998.97151153478,50513.11479280891,1
41.34630767249011,49988.17728557221,50489.34693360135,1
42.30913289601581,49983.99305208023,50470.21963025739,1
46.80580094958126,49981.19236583552,50445.59686242668,1
47.672257011547295,49968.718673541116,50419.04180474223,1
40.46799966827877,49942.47151275104,50381.965029346095,1
52.588141848999946,49949.24238796813,50350.90432407129,1
51.66965295973038,49954.829056248316,50326.86379144026,1
62.903036917181915,49966.7500419373,50306.95011207877,1
69.72158889801982,50002.084602946554,50290.81524981319,1
76.99835572533064,50042.05896598083,50277.30554920843,1
65.47584044267319,50059.241443035055,50258.91361349943,1
70.29578560542426,50094.89737117756,50246.781949570846,1
78.67707797482956,50117.92017826225,50233.97847554264,1
80.26650298804643,50168.70291393773,50231.86311092526,0
80.52596597943958,50235.47211320349,50235.844729469056,0
80.31865202198473,50317.17382552469,50242.50338494601,0
71.1801431158941,50368.26395255469,50251.46335448347,0
70.06438185994742,50423.3742355841,50256.99135572912,0
70.59643700629105,50484.53376604109,50268.50040597455,0
66.70127158432757,50543.76484695078,50278.3405691531,0
60.12532676891917,50592.2286352401,50291.6897764056,0
53.62952122784683,50631.257604820545,50305.55487531656,0
51.8771586514946,50677.59030510232,50319.17958725932,0
46.47474014720905,50717.05628123804,50322.28318866991,0
54.87804228187901,50764.24050363179,50325.40734832795,0
41.772152068711755,50779.482590337444,50330.3843657353,1
37.29899799087934,50774.95861068891,50328.216996705065,1
32.89846004330761,50766.16549842201,50329.60147556309,1
22.469998479275773,50737.129305642404,50325.785559336466,1
27.987061808503043,50715.35303057888,50324.72109130072,1
40.932314460638736,50715.76437390987,50336.45573251381,1
40.138424378583025,50707.1604055249,50347.09130659459,1
57.42193700644463,50727.40112589432,50371.3605926572,1
60.750695698591,50747.43924119272,50395.71495340717,0
58.29544965215291,50749.91036960023,50413.36374107696,0
61.74701845183417,50754.33943384321,50440.505232652686,0
60.61477186256024,50776.269376724704,50462.85967308429,0
59.08215625464755,50791.322204063676,50480.30916479982,0
54.40412623314193,50801.25486257002,50499.6679863325,0
63.51517101389952,50818.61279518342,50522.78336879075,0
64.59292258212716,50834.14675586501,50539.36766493509,0
62.34539236150857,50851.42141075716,50560.40063114957,0
63.833371308676625,50854.89546731798,50572.239184307764,0
56.382435555663854,50855.2093256415,50587.135620813264,0
52.10487370900745,50853.03797656857,50604.689249225084,0
54.881642479586574,50869.942569331615,50627.56709014934,1
30.3771995074257,50869.28758522675,50634.583759493056,1
21.91817993272997,50862.24136344153,50643.63217257964,1
22.36846140008008,50860.035852697416,50654.34736962651,1
27.199157178790273,50859.396717711774,50668.89117377152,1
42.8032170782065,50878.44111563317,50692.5612645382,0
44.177140238270454,50896.575022558434,50712.12409478587,1
42.06704754241703,50867.49930282154,50725.883367451606,1
38.08660990344769,50827.161317005346,50739.092010792854,1
39.29353743370951,50794.26183296129,50754.07986916106,1
47.96897388838561,50773.61411487023,50770.25392341353,1
56.694413718353815,50768.97365954973,50788.51751440486,1
61.97870748282946,50780.75407484379,50805.91077796241,0
60.14954578119127,50797.3666407574,50817.78080145683,1
60.87679487563052,50810.80793898392,50830.28295799198,1
73.27561238887098,50832.87875544737,50848.82258990001,0
73.71115424949028,50858.38156749418,50865.79430967622,0
69.6057845922085,50877.51234033758,50876.07604913789,0
68.87890469265464,50914.742645938495,50885.55151361358,0
61.143634997926284,50954.32032682324,50892.228534672984,0
62.56117992030892,50989.0077713053,50896.300668461605,0
69.56331977629256,51043.577242472784,50904.7090754603,0
64.07237956273255,51090.04135065208,50910.29901860681,0
66.34361312435882,51147.139254769994,50919.389565118065,0
49.122993851494336,51172.721904334845,50920.473996725144,0
44.529490263517104,51176.77201503613,50926.37861645661,0
34.94259326582227,51173.873861717,50929.17059754445,0
30.420931931680727,51167.611187142946,50921.89172026786,1
36.77966682946297,51178.39869602897,50923.62897670923,0
33.09508382728744,51182.65962771647,50921.44751879493,0
30.14910018177349,51159.98546129874,50922.45507179804,0
39.73387963584059,51131.990784757334,50931.330384032226,0
43.15518389878849,51113.88666751513,50944.999245599654,0
38.45749911298824,51086.31947529902,50957.456869319474,0
36.43236748584088,51042.41293681859,50961.10692048787,1
35.80950626900308,50987.02954652587,50957.32865894642,1
41.11503349941169,50938.580940827116,50958.36252379711,1
45.44219634526601,50922.10595489334,50953.95798073749,0
47.197262746335944,50884.21048995924,50940.26001312018,0
49.03706909857713,50859.38439512171,50936.01814488158,0
49.998527367150814,50828.47637264435,50925.95544398204,0
57.54008316113011,50806.931144146525,50916.97378242903,0
47.719443667670575,50780.60754365094,50906.01315444172,0
50.12711347232361,50749.89205320677,50898.84444137276,0
52.3181937435445,50735.557063640445,50887.25170410796,0
46.9545747628713,50710.175503414466,50876.79011547639,1
40.28696393751876,50699.18470737164,50868.27591619025,0
42.18490719434781,50698.71040954235,50859.4176971576,1
42.46042421938436,50671.17992557192,50850.0172166814,1
48.34676654234573,50656.609033544446,50842.875941585284,1
50.2495928498578,50662.68008644194,50839.550078642176,1
41.48803071325301,50657.17761908888,50846.48639757708,1
49.87113253706596,50638.167550465274,50855.36972040916,0
45.85920662796215,50642.06829773067,50870.26984733278,1
55.1644530986014,50663.83577748492,50882.88254439712,1
47.59828405790207,50684.8947982024,50879.9101319741,1
50.383636032044734,50688.83569999087,50875.26679477008,1
47.20926324826411,50669.48453456062,50874.75207343313,1
57.090068194529685,50680.22223275509,50881.48437942009,1
60.69892142813985,50681.89440696159,50891.071174481694,1
60.976149841323085,50695.29007948723,50894.625829828845,1
68.20900377202766,50708.98688051525,50892.979070815236,1
65.47463916230942,50722.19028450137,50882.58763830476,1
69.65094421089888,50755.99489733106,50882.29574400223,0
67.38178504609459,50795.70251260935,50881.20953355813,0
69.43441892220334,50845.793312077345,50881.95593812838,0
59.21529703914871,50874.37918884299,50874.67496472977,0
59.280327767399385,50920.831812780765,50876.745486134874,0
55.07070585799996,50972.55954519914,50873.14397638565,0
53.55528888061736,51006.68072642076,50863.82010142429,0
52.85903378896075,51017.8439176739,50851.0845371896,0
50.71483640568173,51016.586303782984,50835.69002210115,1
38.879409574860446,50997.47414020631,50818.342836230855,1
36.787006395208365,50971.38665473029,50799.96880731689,0
33.43953271734274,50933.12648948062,50787.04437845544,0
33.27442450783522,50907.74226511094,50772.298232004025,1
44.9673601246756,50906.88790175399,50768.472410784874,0
35.197598427325204,50911.63924720019,50772.36329745603,1
26.909099722548547,50874.65536169788,50759.98704568765,1
22.27041674586603,50830.169964688364,50750.07530927046,1
33.0735389268949,50792.98535483898,50747.825787244954,1
28.302567396914924,50751.27899273279,50740.69435400542,1
37.72603734286476,50738.073871199704,50732.26251977859,1
44.325517128175754,50710.01626089023,50731.774458238724,1
41.243332902885605,50658.78407792891,50727.75799000226,1
46.310985057892914,50601.41611634544,50727.710566056216,1
53.42867981812684,50564.673380593755,50725.11194063643,1
57.522982275114245,50530.93776433121,50720.27820991003,1
65.16064381768192,50518.960638286044,50727.04403571638,1
66.62948626138032,50529.28859718523,50731.781782249695,0
63.29676369305605,50553.55899071701,50741.11758441867,0
65.85259654411695,50597.2402090491,50751.81364806218,0
78.46863716207908,50652.059201267846,50766.92349927762,0
70.52583801438675,50691.64393691488,50776.66956080014,1
67.4138524649855,50735.511261311454,50787.02605752384,1
68.99546178749331,50779.690795361,50800.10434878264,1
56.98616550751714,50795.07399444075,50806.82812561251,1
60.187982152963414,50825.01844705177,50822.88651245981,0
74.00535338026987,50887.465902757205,50846.50143656177,0
65.4271957910347,50938.615326425235,50862.87782642277,1
68.21915141170983,50991.489128617184,50879.34940411504,1
63.77670272787042,51042.139181842,50894.67897910667,1
53.65927164876215,51069.71101287873,50904.87990474396,1
54.344975783643086,51103.54620491154,50916.36562111106,0
52.302482747279385,51155.25355016072,50924.32509907259,0
56.99650512026437,51224.856926113884,50943.695417220806,0
54.01943360588008,51282.96140868553,50962.76222411429,0
52.93435832750007,51312.94575800472,50977.66269928766,0
51.70102451606554,51321.92935879613,50983.7268861328,0
53.158996688693996,51329.727929381064,50990.915191217486,0
54.22668910934804,51323.85027213676,50992.541661478484,0
44.579390558521254,51297.909728348684,50987.38278719556,0
41.26769125168424,51275.93852665213,50988.42279613792,0
40.977801174387814,51253.95923122197,50975.855294356494,1
35.78013512480972,51234.63190192571,50962.59781325039,0
35.68427545883016,51208.24543884258,50945.085199488734,1
40.74415113978013,51198.84021690211,50936.61253683616,1
30.782454826331957,51162.33049052738,50919.48598355844,1
37.64274470033507,51128.74828551227,50908.976932687016,1
26.849593814326752,51107.0533498001,50903.02687577451,1
33.68478356085066,51079.33531787908,50903.945964197126,0
45.03250188816155,51064.29918426301,50913.76413129868,0
41.63569152418132,51045.47351677446,50924.07965537123,1
42.09900482536974,51024.677647454526,50937.68201820076,1
40.38328816907636,50990.14165451075,50947.13116508463,1
40.25138442705852,50922.91243093101,50949.76348354883,1
47.66006161954434,50883.85208015002,50953.5478954727,1
57.040171191624374,50873.226838296716,50962.29773572627,1
61.96677413841578,50886.14262100942,50988.32178985741,0
61.8479949248681,50887.46403842543,51013.83282071231,0
60.85387455769843,50899.08117233758,51034.97998847793,0
68.24376208514178,50929.27285754526,51058.580333120546,0
64.98429620319806,50957.053313059965,51076.01457288203,0
62.26690819742458,50992.009280469385,51088.65250218815,0
56.045253628716424,51014.937473903876,51105.05917164037,0
53.49397467861638,51043.41052017894,51121.88296102214,0
53.873673323141,51056.270303153855,51133.2513058602,0
46.191071180084826,51072.019739244344,51135.9187735237,1
53.475790604860336,51078.72326393194,51132.88198294537,1
59.86676324441056,51086.305539954614,51125.83365288227,0
55.59266483903616,51095.624652004066,51120.77222871195,0
47.44075230270045,51091.09589533984,51111.30640581497,0
29.139554230803398,51092.3290286995,51100.18758634389,0
34.56851573465683,51088.97512092345,51096.61449180418,0
30.340870062957507,51091.75163215331,51089.62731342138,0
23.554786924334323,51101.648243555195,51078.5464628265,1
21.961372148300725,51085.7203186934,51069.80642517376,1
23.359583794171982,51056.57683908068,51054.921092537836,1
40.2132298170115,51024.42108314659,51043.103862013166,1
33.70087402116569,50982.199579269,51031.266521849815,1
45.09512296625761,50951.908864571815,51019.14788285978,1
53.790639467619194,50923.72246996999,51011.21364837174,1
58.50157593752313,50911.32781950782,51012.66129553365,1
67.82949672057379,50937.761389735824,51022.33857611787,1
68.8862904270474,50987.47033715051,51037.94588643628,0
72.62165150190717,51044.29733171598,51049.65912326298,0
69.35927383398248,51098.667961181825,51059.53392685871,0
63.769388806030626,51152.12500295623,51071.5904715043,0
67.67765356095582,51205.24822646273,51086.20953001202,0
63.68517067293162,51242.34228200491,51090.879393931806,0
67.1878336839919,51276.21866735417,51101.719586798914,0
60.57161671284904,51292.99494789666,51109.340493634154,0
59.27985602848538,51327.10612179454,51120.65462440086,0
62.77883443737489,51353.76475861274,51136.5367027605,1
60.17455760844336,51389.80961363117,51151.69839810357,0
55.723070801184626,51424.95202294097,51165.22909646585,1
45.44815534693476,51447.29371205233,51169.18782323386,1
38.5979600041662,51484.079375018606,51183.620646334326,1
38.20732761908984,51516.497686501454,51198.20362240884,1
33.32851971395249,51559.16900858184,51212.112785362515,1
39.68428369488379,51595.50455048839,51225.615575903495,1
42.10640867392824,51620.55331062994,51233.71529891851,1
41.78609303557011,51632.81718074045,51247.598761120054,1
51.36572943608933,51621.30558235694,51260.98975007884,1
51.1202992564072,51601.030303011285,51282.3013458365,1
66.7648345514859,51584.90805032065,51314.457371018834,1
64.76629187321063,51587.09956790332,51340.832921960035,0
66.89786539991265,51601.43415427148,51362.873397894204,0
61.828011086377295,51604.55264911721,51373.57354125514,0
63.40153441985524,51619.86685163891,51383.8405192172,0
79.16726456540299,51637.12717561494,51396.93798810985,0
64.38391165794532,51660.71845330945,51401.91873193984,0
63.52676738356459,51683.84547018243,51411.371487249846,0
63.99804182445243,51707.3780529146,51422.68421173858,1
56.090506791267664,51721.45860714799,51434.306851401205,0
52.253285813042005,51732.03564257778,51440.67914542539,1
53.969960829881394,51768.341619966275,51454.016349958816,0
50.392367875361266,51792.15423102478,51471.6744430465,0
55.04482629567282,51818.49748036605,51494.11330898249,0
43.18348643176153,51835.724850854094,51511.88050972231,0
38.23508934396418,51840.55128946419,51523.586230887544,0
37.759750332078866,51848.3644306951,51536.62271306062,1
37.79240317675764,51845.77410604365,51548.97679205771,1
39.53674437529647,51835.65357604443,51559.66113212722,1
36.59857487101198,51823.17720446362,51574.87157476062,1
46.037509052848435,51802.13597914001,51594.65246525276,1
48.3169759303526,51790.96761836819,51622.93184182996,0
43.61268489918505,51766.48368713817,51646.83613711721,0
49.07682847115616,51752.99154878628,51665.001727511015,0
51.39424768479267,51737.81503604175,51686.0867019263,0
50.120323416878485,51718.8381431302,51703.70969953321,0
52.4045971743964,51719.19283727132,51720.106878860366,0
38.469749674406806,51698.620264546,51726.28846526512,1
40.05622781709145,51671.84760565447,51716.31869810604,1
46.23664529320978,51658.37743644172,51702.66969111769,1
46.87574380887054,51656.12855410423,51685.41163438069,0
49.95261440140535,51644.939775502935,51672.52507568726,0
53.676678693073356,51640.477278737424,51667.015353358984,0
55.75844983224387,51627.444314498236,51662.99174419668,0
50.22937756702299,51621.74580563729,51663.641919175265,0
36.47811929324962,51613.30840163054,51658.4221245981,0
36.655985340720164,51593.17401943669,51656.69434167664,0
34.310345745467785,51580.89274588455,51650.49144169372,0
31.349231250653403,51554.318682919504,51639.88270184993,1
28.72960767419491,51525.543896872594,51629.165288057186,1
34.65442999027823,51504.092636348636,51626.30871061583,1
37.1446188317817,51464.04510681297,51629.632399734204,1
38.74876338433589,51431.67025875971,51625.87249061365,1
47.90990217320159,51415.89625524338,51624.76115500778,1
54.68756468911258,51421.688698114805,51631.09457773948,1
52.197305447132806,51415.53502848044,51631.72189073003,1
50.03045322932836,51406.45816879313,51634.468822125644,1
48.20718951749159,51410.53728536163,51637.376507113586,1
51.572869004066824,51425.66452958372,51638.06227699676,1
62.856477761593474,51453.822077648256,51643.78640097249,1
70.71337276220996,51482.61787952954,51644.49556606425,1
71.27052406345439,51515.98224857445,51644.07814795571,1
83.41962083110747,51549.65337227307,51646.303040559615,1
85.05326920830339,51587.90650837355,51656.333287899215,1
84.6654088712049,51640.824937544094,51672.02515353734,0
88.14478525821325,51707.644745954174,51686.62915273379,0
80.63095471000261,51771.49674607869,51701.00565878432,1
73.18661347641776,51830.13282776061,51709.006384724984,1
71.29698347158202,51911.194724286055,51721.40937039852,1
77.94525677171673,51993.76632320202,51738.0883744788,1
79.4655632466266,52072.430840541965,51762.4667898015,1
82.24205032605536,52173.50161620149,51791.6963982283,1
74.20880912684571,52268.16480261581,51816.27671925006,1
72.73247123098102,52354.22864304191,51839.05362007813,1
70.54394836758567,52421.89183065119,51865.561369658324,1
72.15500610920827,52506.554495158794,51898.12317300787,1
70.32693843345751,52589.414820422106,51930.88897801644,1
72.45706807334807,52690.25840865087,51975.17022815647,1
70.64257541402566,52790.366262015,52019.947351384995,1
65.69945835687955,52865.92223865844,52060.88441465041,1
76.11890821427957,52944.804662605595,52101.563039450484,1
80.18293278116316,53024.55416560363,52137.51276684989,1
80.73860456343735,53108.7980165913,52183.228772340866,1
81.06786174428922,53185.623198404544,52229.38594774652,1
83.43077450246977,53277.83003466644,52288.03115298721,0
79.88373460148115,53363.541981711205,52344.51068816619,0
88.19209522258029,53463.8447273121,52398.86641480064,1
81.40351212893825,53562.98998965304,52454.7542747678,1
84.37705186620789,53654.797723305484,52514.58941745892,0
83.13733556387373,53746.41206119596,52573.302224380495,0
84.03349642590933,53832.577218047765,52633.04625537892,0
79.37226957476737,53900.54259103779,52693.93752444223,1
72.59276606814974,53974.179383911134,52749.75756131954,1
70.34166474994282,54027.62042375561,52799.12406378107,1
65.31788509648489,54080.61336097667,52849.10839179407,1
68.63458102242839,54135.66817660733,52907.067082998576,1
69.41692369437938,54204.7031965266,52975.50064885241,1
67.14881213406564,54251.698525692525,53043.492540079664,1
46.09056322644858,54287.97715583116,53113.41074054965,1
46.294466420109416,54329.849192110196,53182.60653274544,1
59.545527896311995,54388.439136513996,53255.30163951663,1
67.82833433052593,54453.7793314638,53333.40645671022,1
69.37313186857176,54513.2459823878,53415.859061792115,1
71.52413741025332,54577.858954496296,53494.17102744769,1
74.59536142784575,54633.126946326505,53572.606452271895,0
67.72309288393109,54677.980317495276,53649.488803772125,1
68.89881991457837,54719.90948947486,53724.246943073325,1
70.89344038755361,54762.590305626625,53795.575482873806,1
74.41555025262663,54810.28558236555,53868.43783857165,1
72.2172258739239,54857.27137680005,53934.68194404121,1
70.6755529474975,54909.00817884187,54003.60237510384,1
67.97500580155955,54955.00423063008,54069.546317264496,1
77.21509036710646,55020.818015092365,54138.22341844726,1
77.29342985871133,55094.75511375398,54201.863505933245,1
74.20530766526758,55179.38940518353,54264.53417884985,1
74.68930208689684,55264.562384999954,54329.8341386169,1
75.9839664094868,55347.3186111164,54405.829394867505,1
74.5983767731746,55434.4527666813,54485.22051564794,1
72.71176092788053,55539.196220974685,54564.6113392251,1
85.4653188257022,55662.168018010954,54649.96721066903,0
89.39690496823233,55769.359173034274,54734.072972513546,0
87.70586063600744,55859.264185683816,54807.71148450316,0
87.70115540053419,55949.49227872766,54888.39005223685,0
87.20198468368636,56029.72071042079,54964.36785439924,0
69.4609765869892,56071.06346465647,55032.275105873996,0
73.5565398439952,56128.55486114464,55098.28895016646,0
70.4791200939483,56191.13316281994,55164.93428003247,0
73.76583869460828,56270.5628585386,55227.69726282889,0
67.6000708802757,56336.62047371165,55286.93952325031,0
56.11935761095934,56386.01988335451,55342.72100191963,0
52.44179921100711,56429.542988684574,55397.49770553544,0
52.523144411536556,56481.93674138938,55452.49934757879,0
49.26955371959974,56521.54930304126,55503.32393302724,0
39.422256682518366,56562.06228861145,55552.439142016,0
31.647644858529603,56584.942549120016,55587.379184631274,1
33.764821238659664,56594.47957326962,55622.209175240256,1
27.90341322483073,56589.38129596922,55656.04402233035,1
36.04157878206675,56591.40182199246,55696.58524858372,1
50.2521887348797,56589.022132592196,55738.30110293978,1
45.31081254142423,56566.445865334754,55777.98073232454,1
54.98529301075296,56555.97243450179,55823.431059095165,1
46.831944931679814,56550.10639092729,55867.53700445896,1
54.924205940775174,56543.98770728202,55916.313381585205,1
65.95346774537823,56536.57262248105,55967.948733889425,1
72.0783677385351,56568.94907417441,56027.60939115309,1
71.0332216576633,56597.57414338887,56083.05133687908,1
71.11645496513066,56626.19684838208,56133.531740774655,1
69.79464690673336,56641.85667207257,56183.76052138091,1
81.12745647643635,56666.982551597976,56238.541681557035,1
85.2796905613166,56719.160906133664,56298.44568752903,1
90.14630826743998,56778.110890522075,56353.36640713867,1
88.79529554339437,56833.5398628456,56404.40356013151,1
90.45198586007275,56905.04375677983,56460.04304278405,0
93.96293353498815,56985.07042029065,56515.32372833375,0
87.71109703922257,57071.40254215155,56562.689422961295,1
77.2979793179438,57145.32035184484,56609.14518898008,1
72.4446969603033,57218.57208181522,56655.50905926649,1
74.92555819586605,57285.230212163435,56705.64121119844,0
71.85069374683268,57354.06709257766,56755.81370702463,0
75.54138791342743,57439.275321042354,56810.78231002147,0
67.53432582601502,57496.299240991626,56858.34748395507,0
65.69372670891065,57551.62068436359,56906.183585952356,0
58.6628858715975,57589.587833797945,56943.82130906743,0
48.075590407608544,57615.83620445238,56976.38117016878,0
41.839868047018356,57619.49486249701,57003.65157407848,0
43.45082507431112,57625.95104522646,57027.60680096968,0
38.79390392256023,57638.95703002589,57050.18710833845,0
30.857068045182814,57643.878177346836,57067.53068564713,0
29.881581101378472,57638.7414462139,57078.35977165272,0
28.89815558996122,57603.81110494124,57075.10292230114,1
31.179542821524322,57562.56584730452,57070.64907684677,1
26.995995320900818,57513.718438836906,57066.185261392755,0
32.836668868040775,57464.48809308687,57066.04136852773,0
27.683402685140322,57410.625978919896,57067.6858357334,0
29.91530925159512,57359.43121851032,57078.03652450283,0
29.396787868917457,57315.62881736265,57083.9747714673,0
28.618120152409332,57261.02985203101,57083.46773495092,0
28.548773405151266,57188.61868114439,57072.86354024076,0
28.562290211614567,57104.01409700575,57062.77115634226,0
24.81748359428731,56998.82910721384,57055.9059995652,1
18.221591006501868,56894.59785874466,57044.369431979096,1
22.237897347565365,56798.52911088937,57032.82053375235,1
27.200057971044842,56719.379445656974,57022.953366113725,0
30.66727596059357,56649.031448567366,57011.16883415115,0
40.53930019360556,56604.31316161994,57011.399819078455,0
37.399552709753976,56538.46145856441,57005.199555087594,0
28.659752940741996,56465.477450149694,57000.625570010634,0
25.519225518104633,56399.79118076032,56990.88642915427,0
24.69083037332456,56336.690661745146,56977.42718331391,0
24.571894450838087,56284.411746023085,56962.28927457648,0
28.137613931226213,56229.91970938911,56940.22798680169,0
31.66603791192442,56180.49378350165,56918.3402184225,0
32.487213298300404,56110.51877856093,56892.6537970393,0
30.431523273130097,56023.45848927381,56862.4401824505,0
28.566306945051153,55921.93153924318,56819.22951053034,0
25.05176884819143,55823.93054873603,56774.51733360616,0
20.139734663032215,55736.85529938585,56727.73111535243,0
20.686492149605968,55661.48839920235,56680.71623109267,0
0.7448025846744599,55591.256690585695,56632.480811937356,0
0.8832683062142621,55522.78898737044,56577.35723205991,0
0.0,55462.18892834547,56518.00064710846,0
0.0,55389.28263896504,56455.11764420013,0
18.25628410787847,55326.4731517521,56391.52512410263,0
18.035734706399396,55260.25258703066,56321.24170084716,0
17.290820678533507,55170.970692531926,56251.2270792306,0
16.36562107850621,55091.91820380722,56183.838695872546,0
15.774893044025347,55004.87826069073,56115.148041560846,0
18.46524095433861,54920.27053528151,56044.902558401496,0
22.539260008843925,54840.14747659313,55971.85933692009,1
21.992087781606628,54762.40644246111,55891.54172314398,1
22.368907704693058,54681.90024724269,55814.46838930212,1
20.798349115718125,54596.45119478755,55736.27242259208,1
25.201663771976968,54518.9381639808,55664.39392911244,1
43.20227029558785,54474.964256949854,55606.091403449485,1
40.32137755357263,54438.42305532467,55546.800787661414,1
46.4354014256098,54408.70665068879,55487.61957579109,1
36.52695603206121,54383.46069666809,55425.5325820093,1
45.638032233143306,54366.87140883147,55369.91352368652,0
52.3302495407164,54358.336268578714,55320.318740883275,0
58.54372632521691,54357.08027871697,55278.664901570206,0
64.42888362362106,54357.550157332254,55235.99437111955,0
60.517679236806714,54362.2108170321,55194.514595478206,0
55.531453536937946,54343.98241510923,55143.32285291157,0
58.153098428232056,54332.78295805833,55090.10449250252,1
51.447511635629176,54312.44741978791,55032.43355974165,1
52.20489606953096,54293.41120950745,54974.95165273046,1
55.843930150096114,54292.84935087377,54927.87584109795,1
44.01565966640652,54293.02619878451,54886.66556545754,1
56.09956102650743,54303.15203298343,54851.514511311165,1
61.72268141217539,54332.56890995269,54825.03764423952,0
60.24001220285395,54363.05025227835,54801.8493467156,0
57.96686913446651,54402.802988455864,54777.98197361868,0
51.87009930169995,54435.520009314605,54750.85015457549,1
45.58626676982565,54439.55904514267,54722.30244207961,1
41.05871478083618,54442.81681114975,54682.20224747334,1
48.09145292267952,54450.56644864545,54652.461571823515,1
53.35509098765294,54459.9528693758,54623.322749699735,1
61.8118820716589,54481.11902324563,54602.44466068064,1
72.9265903305823,54505.03776763973,54587.65758324111,1
71.98346934846778,54519.59025516629,54572.73630522748,1
71.26236589251933,54542.94437025627,54561.20423546643,0
68.93578025198207,54567.59223195171,54549.353974858226,0
69.86095775283584,54612.05829426953,54543.938659195,0
61.95657936225076,54652.62947442443,54541.77288656277,0
56.924157038374354,54695.52228329108,54541.869857360805,0
52.15298867432583,54736.3961012883,54539.93787375137,1
50.19727977174064,54758.75473401664,54536.63561495027,0
50.08003439030823,54771.72572688799,54530.7604965318,1
51.74278775671672,54770.043992813946,54523.029432202464,1
51.79976274891108,54762.23273857656,54520.81514472197,1
57.65978671353307,54774.152220980985,54526.63466376981,0
45.30908982493355,54770.69654988794,54530.54753798784,1
46.551320780714335,54782.894468164755,54533.41868114056,0
47.489527194976425,54798.44140688658,54537.57797002197,0
45.349920291949246,54826.99685351376,54544.612711866066,0
40.79614892597399,54830.57933610924,54547.926024744316,0
37.577101785369315,54837.3158960733,54556.297803852765,0
33.57472378445401,54805.53330134839,54556.5497671074,1
37.729810856114305,54767.169537217356,54558.4664074908,1
41.27588603207002,54738.690463451974,54563.249913623826,1
44.65090694340791,54703.718044227266,54569.93135426026,1
45.03253036958922,54664.447278887266,54576.55240849812,1
49.58393582017033,54618.50318320027,54583.7646668828,1
47.600735087136655,54581.33324137988,54584.32048033478,1
37.44456813376995,54552.58803132549,54587.53584776113,1
47.01871085782507,54538.51887511347,54591.86276352124,1
38.5386534620388,54530.94032645994,54595.627466867016,1
44.5454673286927,54537.05206704169,54598.832759815894,0
41.5286020356954,54547.63109710555,54598.7473636132,0
53.46628797902436,54551.81022837727,54598.70712458608,1
53.809795007979346,54543.776146977056,54601.125059627724,1
70.25625043239157,54545.0648349962,54603.68914517348,1
54.716190522310185,54521.380026724466,54604.37772578665,1
54.85371825514323,54505.23304566798,54606.55800506583,1
61.11718336357057,54497.50115308559,54618.63420518513,1
69.48161556573157,54509.302230538495,54634.28243315673,1
68.40007366379979,54519.04438096493,54646.77581588923,1
65.93364038607208,54548.41789429456,54658.70644531142,1
71.7497136533746,54582.04324342881,54670.02289166896,1
66.55631004136367,54611.2366779314,54674.71702081531,1
62.93312990523871,54633.981048279755,54678.30367266081,1
65.91847541725392,54675.1275026632,54685.48221418105,1
62.39145639882531,54705.473307119406,54691.745986004724,1
65.46368412133798,54740.80300594597,54704.8180646561,1
67.55634575723428,54789.29158722852,54726.12575819264,0
72.62261705433839,54836.72983475994,54746.328117967045,0
72.49768270707735,54872.631768561296,54760.699026541224,1
71.71099208174982,54903.51747986579,54767.79214246396,0
65.47209159344453,54933.64198447362,54770.18905034676,0
60.06199601435975,54956.63947661702,54773.526813166376,1
59.15655952907988,54975.317255223126,54774.074213614454,1
63.163481780418365,55005.66622304039,54778.91874160895,1
56.29659283409355,55043.768030118874,54777.06162012639,0
56.39689223990689,55077.39522039915,54776.464303455716,0
57.90574198001917,55096.71790755497,54779.112454890696,0
58.21340183348236,55124.687795436665,54789.599110816074,0
60.2698145816816,55146.90525399329,54802.03602387989,0
46.69778673031025,55157.20041703726,54812.896321371125,0
31.21489397108172,55144.370045163596,54819.75331260882,0
29.533451070570933,55137.02632311697,54824.63445463148,0
31.369083856659074,55126.61477148275,54819.288692861526,0
36.54810408891498,55111.83748237251,54821.938587174875,0
32.262948024254754,55089.05337656012,54814.209549362866,0
32.119833242454106,55051.985439617114,54806.235677748315,0
27.293063117060285,54990.55245955933,54791.54800061087,0
24.982163846914034,54927.79741733641,54785.215350457926,0
30.5926608991999,54884.023205715464,54779.381950398085,0
33.233604792953756,54843.36369657866,54782.924300556064,0
30.839818416168967,54793.86482420841,54780.86716514318,0
21.69052880393953,54741.8683069504,54774.79795056574,0
23.80994861382193,54690.78741370504,54768.901961405565,0
22.89070152506521,54615.13704290346,54759.194647215416,0
25.820368576290036,54541.66084925931,54746.32468655001,0
33.22407274301085,54485.06753589127,54737.958021260274,0
34.980754165142486,54429.085256369726,54729.71134490839,1
26.885377862857666,54346.578820002425,54712.82308877167,1
28.641804588394763,54260.569297336486,54693.88761223051,1
28.406486562609572,54180.59690799137,54670.31425775099,1
44.35109589897979,54137.76195483453,54655.80565570042,1
49.53640783416022,54107.95649681716,54647.09296200744,1
49.848012077678405,54093.06721053969,54639.00511828657,1
47.28496792981317,54068.05991990205,54631.13662113722,1
55.83181988036326,54068.3711257593,54633.005988976794,1
54.26337534365036,54062.736856892145,54629.237202237986,1
56.89412489658149,54081.174029672635,54625.0171512457,1
66.69178707616777,54104.54483067184,54623.31239051126,1
67.12591960962268,54119.9136989183,54619.72967757943,1
66.20035477164605,54143.28817872191,54620.872414327,0
64.90728828842704,54173.04981043491,54617.26979194562,1
65.98489418995956,54197.61822360804,54609.350568836395,1
71.28819935150217,54229.62314702505,54607.15880090368,1
74.21518692883393,54277.65305523192,54600.20486824291,1
70.83785550993052,54334.11211891563,54597.7802112685,1
71.21816352166691,54393.6109949816,54599.08121687453,1
65.12405688063731,54447.686885815405,54593.069464343134,1
66.2362656694693,54515.214427991115,54584.21692606414,1
67.26917823230798,54604.51240768938,54586.639867881735,0
75.73109214624344,54706.804627952966,54591.62911698586,0
68.67946074767693,54780.69593297616,54594.62723510141,0
60.26384721460774,54828.38027015879,54595.78927942415,0
58.31073225384626,54863.474446599386,54594.26799483708,0
50.242881125075435,54894.61523529936,54586.716226040815,0
53.355344148897395,54916.12320858444,54581.94806036303,0
60.59641118030005,54949.750123332,54578.17916341113,0
57.580232432394794,54975.403662469864,54576.49145321165,0
53.17849357122984,54983.36933821793,54566.78500762377,0
49.763158425536176,54992.14013223725,54557.82362887702,0
29.55242349698034,54968.962065383486,54545.577073665496,0
33.05500388382572,54951.70627299799,54540.20428307937,1
41.362644420907024,54958.85574304302,54538.082336806816,0
26.109384100049667,54941.97810386459,54533.304133856414,1
24.699603445099896,54930.78717628403,54527.78474580753,1
24.92743537639751,54907.468299152875,54525.14618030561,1
33.80210249825103,54873.96556764307,54527.873268084906,1
36.91721090903152,54849.27185136934,54536.55722106714,1
42.93807637317906,54830.05897127063,54545.12154763781,1
41.79273780282044,54795.79798511368,54551.34977964102,1
49.18241927796673,54768.132999712034,54561.53683823922,0
49.531882891131005,54750.939946529375,54577.457284029806,0
50.21771520562537,54736.24283324209,54593.53908994082,0
51.081622035331215,54727.81367687906,54609.078500106676,0
61.69433909156172,54723.07985713438,54629.89335173318,0
61.77622633655658,54717.596555259996,54652.3223427633,1
52.17542473573048,54707.13121118998,54667.00463353061,1
58.05883335291576,54687.10538222175,54679.69950355246,0
56.18162631299144,54677.48040339661,54699.14564098143,0
62.52882782740944,54669.12165993287,54721.244573915574,0
64.1468489604686,54691.959472659146,54750.12209953261,0
59.02802880273199,54709.1976634205,54768.77856651376,0
42.101344617748204,54694.87290925733,54772.84890178288,0
39.77155719843312,54691.156906202996,54772.54001212174,0
22.718299532216662,54666.342313253015,54767.09770314789,0
23.335099157464853,54651.79458356161,54758.51556342653,0
20.96152617931409,54612.48286304978,54747.77167054797,0
18.222092783117063,54561.70095740169,54728.767992158755,1
18.233558379261865,54503.248666044245,54704.60308178678,1
27.818243874040846,54459.58764174685,54687.219356772446,1
26.357629589551593,54391.91439822847,54660.98732604184,1
27.95025942388324,54320.8910997646,54636.593799761686,1
30.206849370690676,54262.721804210334,54619.58052218174,1
37.54535620872387,54218.40596366507,54604.5916267627,1
36.20133386302299,54185.55688106667,54593.05488206709,1
42.26953937174169,54162.0228689194,54583.48664276481,0
52.66051837226597,54151.329624484315,54570.0920853317,0
49.41272374165665,54135.31325769074,54554.75005230259,0
57.336762163429306,54120.90108981284,54541.42030571012,0
58.77194040882273,54114.417635170495,54525.206664908015,0
62.24099943694216,54087.72961918096,54502.4920960238,0
64.40631099057894,54059.393563215504,54480.25761860951,0
62.07629998274265,54042.83412277375,54458.630442828864,0
59.51371804728722,54037.639620176284,54442.206081552504,0
65.2506190687719,54048.01661396471,54428.45825461404,0
63.257428017062225,54051.028429068814,54412.47765162028,0
54.29313162999697,54057.96252428987,54391.0566309311,0
47.14744630481796,54074.10638760313,54368.24908221207,0
40.21820352801136,54088.19771194931,54346.53443127932,0
34.532987349036034,54089.2829259005,54326.07647423774,0
24.117998137565067,54089.66736902238,54309.2694474974,0
29.326069892028528,54091.70682490787,54292.59402052565,0
24.69603259744467,54083.55700731879,54269.46102789205,0
13.768023805480965,54048.073614940164,54247.02983119292,0
13.203447016931463,53991.539434665545,54217.35578541968,0
12.385353539362754,53912.29598099436,54185.4177155014,0
13.202764730301368,53822.34546616026,54149.44404473858,1
6.462223688021197,53745.696135383754,54113.31976590835,1
9.451977213201573,53668.14811988785,54076.65596515701,1
13.051913950496484,53585.189024047504,54040.96308048154,1
13.899589863961666,53504.209698494116,53996.92277553664,1
24.07703413116124,53439.61200078891,53955.726440313316,1
24.41538977724943,53378.62397077491,53915.58289784199,1
26.12798043804861,53314.411208501806,53876.84509420161,1
29.266446403312926,53249.24970309706,53838.92619299911,1
30.942028741885565,53191.052868952705,53801.860177097355,1
31.797787379690348,53143.52945331342,53765.61592778048,0
40.95971690321433,53100.61632897183,53733.6534609121,0
50.051630763112605,53063.30519948128,53700.86434971319,0
67.88452675240485,53031.69908004459,53671.10744228243,0
61.17547962432668,53003.33578216225,53633.81997129863,0
46.77360262136973,52955.49450832594,53591.11275848782,0
39.76718310291152,52902.309168000276,53552.43553138924,1
44.69344629608201,52872.30598108434,53519.489461145466,0
47.79428047462191,52854.03004634831,53492.43087865781,0
41.275389711608234,52848.44493844798,53464.077857455944,0
38.25316940088299,52834.38745498158,53438.20588151129,0
35.271913917385135,52819.77555442306,53416.54960471691,0
31.83974164458489,52792.23729110003,53392.251415179315,1
26.10352236096908,52752.865685849196,53358.27429812248,0
25.587204901765702,52717.054476379904,53326.97880679721,0
25.98760561462673,52675.110210408086,53297.414084570715,0
30.04710717371904,52643.106675502786,53267.73684635896,0
28.383639076595003,52612.39209197626,53234.439545526075,0
26.331766610555135,52567.43822163423,53191.678729226136,0
31.560300778412127,52518.66149397126,53144.5156271181,0
34.58485564157442,52470.060228635906,53093.10816944112,0
20.236820270524632,52402.20079037401,53040.40847398541,0
20.759208315493098,52334.57507847813,52986.333945179314,1
19.304141367990326,52256.30668870138,52927.863063694786,0
26.963947539742392,52191.340406077914,52875.26428605742,0
27.106154182673336,52144.88550757575,52825.309536231915,0
28.797922179944635,52102.67097796511,52776.37027346578,0
40.73237539755095,52059.02488870664,52728.0435685576,0
32.89732396758862,51994.71205263931,52671.10905412764,0
29.372961898578907,51928.83594233221,52615.20086276131,0
20.54841819207921,51855.86368884566,52557.36634733361,0
14.450797418117418,51773.11396539554,52496.15263583386,0
21.550938322831655,51705.84050541625,52439.3085325661,0
19.02704862406911,51634.582883383075,52376.394281115514,1
17.089726109110728,51553.112919991094,52312.35702718469,1
34.42881977352697,51491.01143385485,52257.1359281495,1
31.06954448494774,51409.79858139799,52198.23347599064,1
38.83976900445612,51339.300488992616,52150.93029514706,1
36.35849467694418,51282.9612160919,52108.24744179668,0
34.818401338389876,51221.4402969807,52068.17335351263,1
38.37504461056151,51167.5550601092,52031.192007020705,1
39.94018638234892,51142.357588153965,51999.073055093504,1
42.783921419974206,51105.53959911043,51961.29053686834,1
41.55658541238991,51066.12338434397,51920.23680781337,1
49.947995345921825,51030.060610203174,51885.60465074104,1
54.23020198472956,50996.06530842426,51847.890859286046,1
56.041462386071274,50978.58239025458,51816.35364125765,1
62.84490601822884,50956.99296712466,51785.07627200674,1
73.87049056275522,50975.69811909397,51761.688420526414,1
69.07486854664378,50996.83180833592,51737.51243851459,1
78.34560856337424,51037.8161183811,51715.08101336069,1
75.32910364944644,51091.1395748585,51692.36193418853,1
75.56448246646852,51137.79000578854,51669.102455089,1
81.70552581375983,51205.66328311099,51645.97996234208,1
81.07070925933692,51290.144150859116,51627.08037466344,1
79.9113749976502,51358.687368864536,51618.41307236494,1
92.54250414856438,51450.2684759204,51617.417199158685,1
98.35671774988953,51529.62892076099,51613.85947101772,1
98.288594334723,51615.728550489715,51612.926843453235,0
87.25910010450545,51696.97317355686,51607.58464755618,0
79.9546817428531,51767.04639683991,51604.25558376405,0
80.70033569155906,51832.18751389744,51604.037838883254,0
79.8209210154261,51923.02562219424,51613.60586930604,0
64.28586128448597,51999.56192613324,51618.91530392699,0
60.07401032827033,52061.95090125288,51623.56322069024,1
58.91285176700687,52121.6961392724,51626.52523083177,0
54.96212162820497,52161.629454364695,51623.76275280242,0
47.35321713248373,52188.18645347086,51615.39401660458,1
48.47147303801431,52201.41041122346,51615.2772963621,1
51.87965756615402,52228.66224267946,51621.51273799787,0
40.345753338368624,52233.377727088904,51620.40801274188,1
37.81589501480571,52233.171236288385,51624.75011255429,1
37.62892368999943,52239.02243742304,51630.88139866697,1
44.533987044450846,52244.194906691686,51641.13524953819,1
47.959597067192924,52250.18823715239,51650.61950709324,1
51.56792271519691,52265.913793021,51666.82438654304,0
45.86525727113797,52272.48341628663,51685.3421744873,1
60.13160476340608,52287.88842064057,51705.40488379129,0
59.713678517936955,52291.81258504873,51731.76705641701,0
59.835865059490025,52306.41987679872,51758.61822134279,0
58.12519637697727,52314.40355366893,51787.67152969334,1
65.40987098550045,52322.96204041473,51823.97706889093,1
63.27535346361567,52316.07978671593,51857.7015818259,1
58.85414159191079,52332.180045897396,51897.954168932716,0
70.83029782974758,52350.825250238544,51942.64815278921,0
74.1235042153598,52375.09853357212,51980.16007071869,0
73.92977368569738,52412.138901265076,52024.69888074925,1
63.51025553707603,52447.45795110012,52058.657001447595,1
56.12081587274274,52468.660127871415,52089.556861073914,1
46.131940300452484,52473.77085764757,52122.44496226463,1
50.11740625587932,52505.79556256102,52155.7042137226,1
53.14552852428725,52558.153984495424,52191.06867109086,1
58.7054993871283,52608.909511578575,52232.22936365423,1
62.75571123520696,52661.93821296461,52279.461180986444,1
60.2649028255181,52695.64713157232,52316.85411564088,1
64.2126523677178,52731.87158317501,52361.14689644335,0
66.73089471465991,52773.86383095572,52403.45475076775,0
65.39282432711849,52802.240105720935,52443.5037392298,0
66.25918172916833,52835.433096715016,52475.66104746542,0
58.32663893068356,52856.97426026464,52502.675202114275,0
53.028030257163316,52882.42970661503,52525.51696498692,0
63.91923011293207,52917.98086488127,52554.71358490004,0
63.66501761229038,52944.84640739106,52580.524142466915,0
59.24251832558854,52958.051061697,52598.90928036712,0
54.40527497909015,52967.36719745502,52613.53737142758,0
43.279020714716275,52958.83724066685,52620.22001943961,0
42.04331806815448,52946.48600988856,52623.18589433652,0
42.39829684129475,52954.97039853665,52628.793592557864,0
45.85787360035858,52966.71753824784,52629.95245617717,0
31.090238545968248,52965.00912246484,52629.65934182782,1
29.181669370530855,52959.62358023792,52632.73508708181,1
29.165788056590202,52935.05133910307,52632.21420117312,1
35.39418710131346,52917.47643490237,52630.00968873747,0
37.39912438949532,52885.28113368376,52633.74886400666,0
39.3136805018444,52866.61277401653,52638.71886474633,0
26.07320040522906,52826.319552209534,52642.9962616182,0
29.97263131823803,52780.85950939676,52651.14677278059,0
32.37411430249499,52731.969894922026,52661.017115810275,0
33.00800938236799,52679.18079984139,52666.7692029126,0
30.379207652732816,52618.95992589053,52658.7942753987,1
28.291882592394813,52561.298047805685,52656.685093273634,1
25.088704826778454,52491.6840460803,52658.11870881679,1
34.270167305321706,52440.46254393148,52661.10018507029,0
38.28399051200571,52394.612589125405,52659.07635334061,0
45.42306211144357,52368.779699161896,52660.973956231384,0
45.56466293750865,52354.64157601101,52655.7111326356,0
32.75338922423174,52326.9719233935,52644.98129717927,0
28.913144504247924,52271.889325084805,52622.393954335545,0
37.33605739870448,52235.09422926502,52607.26511386369,0
36.60404832186249,52208.30233899024,52590.41232670442,0
32.604928271934824,52166.45119035458,52573.55414175606,0
28.375321987424186,52102.56502338136,52544.05539435977,0
28.692208077593463,52024.694449798575,52513.45555397053,0
35.1020923591425,51955.41646779878,52483.04343276721,0
34.742576162138434,51881.76314215479,52451.094021512836,0
28.461086209763394,51799.07266855489,52412.5859156113,0
22.558965464651024,51709.998396163384,52370.29057073992,1
30.346679167907794,51637.28166073691,52336.946599664974,0
20.73877915997157,51556.18155021414,52301.77777184968,1
19.85799345585248,51487.16820623597,52264.15321483406,1
28.49744976752082,51435.91631174517,52228.73339294729,0
34.766266699267945,51382.453947467795,52187.838694005746,0
29.168281674924188,51322.280406134516,52146.448542892664,0
28.519553001264768,51260.33353368299,52098.43448162796,0
31.805443873112523,51185.696849394655,52056.99384336031,0
37.58121419800246,51105.96891513878,52005.35006542112,0
35.82872579919383,51031.025583290364,51947.84599811313,1
29.738352323489394,50961.80551725347,51886.22011894856,1
36.82297702314767,50888.2438279541,51828.38940635932,1
40.58730435567771,50817.80811458519,51774.74586843264,1
44.91177744357335,50762.658183885025,51725.64553266406,0
37.74122014110397,50731.61774675724,51669.51014711015,0
48.506388953624885,50708.94365901627,51619.09445462062,0
51.170238156037236,50679.6748747855,51571.69295800261,0
37.910659736083225,50652.566427484635,51525.17371352469,0
28.63298806067523,50627.8376284912,51480.18607074103,0
21.867220571993983,50594.46289584976,51429.48132512438,0
20.626537960848566,50537.43591131064,51369.93280477458,0
19.47949524789412,50490.684565737276,51311.364582845454,0
17.350696093310106,50434.31983562377,51251.87750009764,1
16.467286559767743,50352.02466907274,51185.69382848121,1
26.713265703153027,50275.209138553815,51123.90181378605,1
22.47076841969583,50198.84412474565,51058.99561882998,1
21.596758078300113,50124.44520500961,50994.100110158295,1
34.36137171750599,50072.456981717594,50939.33152644074,1
29.434963652614627,50009.364551923,50878.56806530651,0
32.12003406315934,49964.62209620372,50821.35103283592,0
32.450853501750885,49929.56555440967,50765.258382743625,0
37.28189921883848,49894.518526881024,50714.52449717517,0
40.03838597496603,49861.165097847246,50671.62793721534,0
38.72439830926635,49805.94408075298,50623.50394584298,1
42.53498228948155,49750.1609364763,50572.90090326856,1
45.23305455632569,49693.32416246793,50520.2391020352,0
43.259236264066764,49617.114723374165,50460.69381170211,1
55.359047180141104,49565.162341728974,50403.72677055151,1
52.91074798551669,49524.474839319424,50348.11937606441,1
54.441535989327555,49504.646905645306,50300.55131802511,1
51.75986479465543,49484.38400978166,50254.93067865332,1
45.851452729609335,49474.68146635046,50207.19947767963,1
56.74847538949898,49491.90436235925,50165.31830944524,0
54.062572922347044,49525.48579969078,50129.3076722157,0
54.54148427087489,49548.55212251076,50102.29665343781,0
47.28452804669054,49560.4407692332,50073.29414660383,0
45.924596470977725,49574.68571405986,50041.80780866273,0
51.942262433977255,49561.09461915488,50011.064117240785,0
54.05157333258783,49569.70597781095,49986.821389008925,0
48.656040022080994,49560.06246445123,49961.37666015104,0
62.57662706073105,49557.18011913433,49933.21776610259,0
48.07818891120246,49538.057447961015,49907.27485627392,1
44.72882758111514,49515.22171407339,49882.8493403503,1
44.366519397488744,49517.268874778354,49856.04497105626,1
46.90417793273268,49511.323463607856,49824.44870972458,1
46.63923755288749,49508.52785878074,49794.738083093696,1
42.82005237336646,49533.18204851559,49769.83321763516,1
39.34609742031256,49535.68624857865,49743.722530225125,1
47.5202413234837,49546.69620471353,49724.41029189431,1
53.44963049848984,49551.76412686683,49708.84673545569,1
60.64596216514946,49579.51010818174,49702.012515024624,1
70.79147670665415,49618.284563523965,49699.21577190758,0
67.30330586974156,49643.75096405354,49695.69544923259,0
75.55983157221988,49673.13123214203,49693.496891518495,0
69.07359155866726,49696.22953656248,49688.14136935991,0
67.7002226716379,49717.935578136836,49676.89091425206,0
68.1679762935064,49739.84909231517,49665.87749567459,0
57.38042685020791,49753.25689883859,49651.34030578236,1
56.12212098451652,49751.56867119162,49636.31380608911,1
55.87753406021447,49764.29352878903,49629.30891332676,1
50.85077535349494,49766.23538901691,49624.73755718509,1
55.276689697486745,49783.67224574332,49624.46992827633,1
51.47344464645805,49806.72674739149,49631.81210505739,1
58.69637672359358,49842.13234568973,49652.08804170305,1
56.59065899183068,49889.81928404359,49670.29276792049,1
53.8238771221251,49942.14303821047,49692.05764847962,1
56.739977960205294,49992.955697431906,49717.23741460408,1
55.3636125661769,50049.591798397894,49734.57645689723,1
63.29076460779907,50106.25739777146,49763.1674302337,1
71.73605657413613,50168.8331283839,49790.53114832777,0
73.60804216526616,50222.48672986007,49819.18098520478,1
84.73141057442201,50260.26222874676,49845.51325265387,1
94.35889824330228,50305.83303096877,49873.56262248119,1
87.09886670497754,50338.2405481559,49906.41547847967,1
85.24145289999466,50369.88574993488,49936.031294743334,1
86.28603587811484,50426.11315513267,49970.006511317944,1
88.1258588011189,50502.93929354292,50020.2073237421,1
78.46025097152688,50584.10261016657,50058.91641315741,1
72.60201441499123,50667.952060262294,50093.70469446624,1
72.67305532354393,50757.312412559855,50130.375116092575,1
72.99865830584287,50857.144454943314,50173.84173524976,1
73.86228582156608,50956.63563750877,50217.25159673966,1
73.23343450126939,51062.09871364258,50259.88984557072,0
69.91792556213355,51146.64292753876,50300.55089284224,1
70.25078408354885,51229.24346782909,50342.56930604781,1
70.37799582516008,51303.223748923585,50389.17084035578,1
63.561953982048934,51364.60026738437,50433.203235933885,1
68.5545682195983,51426.01376026653,50480.54411334189,1
76.28079282982785,51488.15702968904,50530.547850984934,1
70.51238108086955,51540.270992064485,50582.61455937306,1
64.62078865488105,51591.81001079775,50633.03294187015,1
73.20365714887092,51643.359572031826,50687.63410228219,1
76.97434302296688,51686.68019464325,50742.146014709135,1
75.44179856378676,51743.483564826216,50796.901354498805,1
66.42397107939061,51800.624273358015,50851.7516186434,1
69.24928870600029,51856.83737775305,50909.330318906876,1
68.14477605432977,51900.668401125804,50967.201864786184,1
62.37744048123505,51944.42056307594,51022.41013895631,1
67.74319441781162,52011.84276619932,51079.76331906056,0
67.45791066330288,52069.520755740275,51137.477767641954,0
68.43347730968031,52114.63407017747,51187.89132004806,0
70.88581478727109,52164.028648811356,51235.549230854616,0
68.58906338561796,52209.403929691194,51286.15103182578,0
59.5054098523988,52239.46693514614,51327.08517404389,0
56.16985215282951,52260.97363817874,51368.46694669432,0
56.45057451475438,52282.74939307657,51415.09636633167,0
48.41854484845272,52291.51439720044,51453.86935788799,0
45.99290116251848,52297.97919274601,51498.43303090487,0
49.29302666311597,52293.64667505715,51547.37905253114,0
38.724667812545604,52280.820570932956,51589.225376230635,1
36.839729968941796,52269.17522318396,51634.20887553696,1
40.130820406727274,52255.5374246661,51676.38017385131,1
25.36509959841426,52232.83333059375,51712.588647990044,1
30.522839930473594,52212.55582961308,51745.07074806815,1
37.82824292740948,52207.45752289263,51778.80691418302,0
30.00123878848683,52186.13539011671,51806.92725966937,0
25.89269053297994,52156.56538849055,51832.64574120964,0
37.18110505117195,52143.625712247056,51860.02370449598,0
38.60150864554413,52111.6993077236,51881.940083041416,0
29.57784359647708,52058.78280658231,51893.45763892131,1
41.14527899631932,52017.96514618738,51906.08268657898,1
36.970556364846395,51957.96934733515,51914.63207828998,1
34.39075831774245,51889.12840274426,51919.46918053597,1
48.417365025566355,51852.585760875234,51932.82325913162,0
46.283912959662686,51819.95993743856,51948.49662169579,1
46.25178530439154,51784.560489988406,51958.47530027396,1
55.5239556969647,51775.853382069305,51963.03499329855,0
53.35208715662321,51771.34891273508,51973.331551932264,0
43.06186046439888,51756.072672000024,51982.62729722624,1
44.24729544690442,51752.02836493338,51987.11175718005,1
45.56914378780676,51745.639134283396,51989.606747273,1
42.365603526014745,51741.895534208445,51990.48413253117,1
45.589913132841666,51752.957094601516,51988.93200037362,1
72.62687866895553,51780.69746181373,51998.69256177814,1
61.839157320344306,51788.300693372395,52002.42980440035,1
71.24950628877525,51808.60221200156,52009.07864490055,1
77.3607828151514,51842.723301922975,52023.89495502508,0
74.97219511873597,51874.50959220768,52039.42203727244,0
70.96630636440416,51901.799359974764,52047.3970151557,0
75.22899725622136,51965.044890049736,52063.36719811541,0
61.58236413964992,52001.501225903296,52069.9591726212,1
56.91925713738792,52039.257487992065,52072.99124467407,0
64.5683167839148,52092.62900259724,52081.84870371757,0
63.11336457664902,52127.72069548867,52086.51811139661,0
66.87282371492294,52180.116818368195,52100.293639699856,0
60.21926961812736,52217.3775444422,52102.69136694961,0
55.70190557647856,52238.42057882208,52098.13586437705,1
46.284917591660175,52249.09389206196,52095.200883526675,1
51.56358653358497,52273.133175750976,52087.1434610469,1
47.29388214091978,52295.555243091534,52077.525552120554,1
40.76558525177838,52312.71179262722,52068.8378362529,0
44.68076249224333,52341.35203750759,52061.413488009675,0
52.25116773089231,52382.2345127327,52058.064233590216,0
44.84022793976945,52393.09877801295,52060.14529892486,0
46.482676424715,52398.62396292577,52057.48993429916,0
41.80167943084204,52372.773393344745,52045.08824500782,1
37.84276566963489,52337.481966853185,52042.28198288618,1
41.75759516593977,52303.82225684459,52041.759262911866,1
34.589105043724004,52277.295678640505,52040.856616589044,0
39.11247557837368,52233.41333906293,52044.4043053674,0
40.235603876679384,52203.40540198583,52043.651244141955,0
45.82314747018345,52186.77992982003,52045.488246735644,0
51.470673337716846,52175.21948947101,52058.803167268474,0
44.18327033100355,52145.19138838285,52059.572334904515,0
45.51715730486641,52098.42363015881,52056.680082606326,0
36.32702872245354,52057.07043588742,52051.0653852579,0
24.927957138069814,52011.93360061497,52040.28314922683,1
23.646400271355247,51960.81338833594,52022.07595396224,1
29.16059695589807,51909.3159118384,52006.19010269282,0
37.613456665442925,51864.08825882057,51999.64773301585,0
43.930919175983796,51838.367475940104,51996.99876815399,0
40.750822206057144,51798.53054422012,51997.63796676366,0
34.999013377896134,51725.97694644753,51992.803651071525,0
34.55796784308107,51655.18545090828,51981.18517493808,0
33.10669660626783,51587.62784272015,51964.5570964118,0
27.29223363322332,51529.577113959676,51943.09489459634,1
21.295842749168713,51474.93907463547,51921.91625991265,1
26.83291979331844,51415.68328814502,51899.493013075844,1
30.653591448775202,51361.67317975313,51883.0968196903,1
32.3334058269419,51304.79722395934,51865.51184897779,1
42.03279668099242,51263.87198994674,51850.944386407275,1
45.116605615484396,51212.262929012104,51833.63520465711,1
48.967478194992026,51155.03884261589,51819.63586647422,1
48.67271182876168,51123.42992238775,51796.665319134125,1
39.42091258577785,51090.52604534266,51777.570223394425,1
40.732048087462616,51069.446582233446,51755.40313335066,1
49.99446073267218,51063.09317205503,51728.431097279645,1
60.17295665265149,51084.00058573759,51705.872351374186,1
72.01457261875363,51103.56564708908,51686.89661753855,1
85.03612847319405,51119.064959740725,51661.25576089226,0
80.45486491715064,51117.57648621012,51643.42887227671,0
82.27424017080331,51124.43203940049,51631.70778732703,0
82.57501879146764,51155.948942280105,51618.13162694466,0
83.56056681494387,51187.10912428035,51604.94054645474,0
68.7025047848279,51220.57668185653,51580.74104180714,0
64.43340608498701,51257.09251691315,51558.98088358472,0
56.9899418559467,51285.96113599027,51540.93248277993,1
62.43400770854045,51326.377221072646,51530.40634468012,0
62.096068070257814,51358.4158839082,51517.20990295318,1
56.72108360343117,51388.08823911681,51502.5250473879,1
46.9355130606285,51392.248105558676,51482.75891157987,1
46.498248905598096,51415.67741533947,51463.36535578986,1
48.17204806350275,51433.630178252664,51440.19413268221,1
51.883150458006284,51456.0966514712,51421.86446851744,1
56.82771010759626,51490.249973913866,51414.22062778966,1
52.73528447792599,51520.63506362719,51414.54780146363,1
49.94517616756111,51552.04466668773,51414.256177213465,1
57.43536243384028,51582.379224014665,51417.295138242225,1
64.2902910841624,51612.05521400901,51420.80043168595,1
71.822971766059,51647.62258362793,51426.939458718254,1
75.20321600225834,51694.28036898938,51439.77885907813,1
73.53016819443252,51738.93562548258,51452.57006559205,1
74.39764165368365,51775.230056882596,51458.1358539093,1
78.6587774994223,51813.9240661576,51472.433617564646,1
96.28590920594536,51871.95089495859,51490.15194772705,1
95.94608687272023,51946.75743374271,51514.855682726826,1
96.22658157243487,52035.08792391243,51550.19421209891,1
96.11676167106724,52115.44010885408,51592.25703288738,0
95.94065272508759,52204.26011622411,51635.18758470747,0
92.69908487057195,52294.559026025956,51674.71335427006,1
86.52686530507361,52396.65363384957,51706.07337474366,1
85.35219557452943,52491.41913406068,51740.520791726085,1
79.28767324303391,52574.7525021318,51779.70435495592,1
77.55008803221864,52649.9187604717,51819.757792342796,1
78.89995886470481,52729.25837070202,51870.87283898241,1
80.24908855569322,52822.450986143376,51931.69735033711,1
82.01347981102577,52917.815583555224,51991.40678078136,0
79.74225431423788,52995.33276574923,52049.154929283904,1
76.83929223387545,53069.820349946596,52104.05929976333,1
77.07761638010865,53147.10928265387,52163.86428219607,1
73.27190167430209,53215.32771541469,52220.36114926532,1
66.12333759347436,53271.53401092118,52276.27849835568,1
68.61980765655505,53341.179745694426,52332.59221514072,1
73.0830474283207,53412.98032028709,52388.25377672438,0
73.11803397558722,53471.23193229009,52442.434302506015,0
72.0825078195025,53526.51291758305,52497.68221686668,0
80.40722193320894,53579.82376101776,52556.88644768401,0
71.79596321185016,53617.54690397148,52605.675560180935,1
65.16609619607425,53647.29945165575,52652.68110653413,0
56.87079294874175,53679.04749933198,52698.706370106556,1
57.770572737785265,53721.12991377678,52747.494745770324,0
63.571784778407924,53761.72610470666,52795.43841784854,0
60.160477630640386,53802.54940720389,52838.344540925435,0
45.70351989518643,53828.65220797324,52876.37502581995,1
51.71414456049059,53851.28276387886,52923.15527179135,1
48.85525644092108,53850.508164155275,52969.06360923396,1
43.61278150017971,53849.427518174154,53016.79333365492,1
41.86757270257029,53849.98845900405,53058.59942445647,1
45.70852382703475,53853.407627989436,53102.05599739582,1
52.12237906297642,53864.66253528133,53154.49400066186,1
60.37629243816833,53906.66525148389,53226.12800763541,1
57.38156833109219,53937.91641750259,53285.17409922093,1
61.36942098519395,53966.84889751052,53345.87970284386,1
61.78643114473596,53992.4028984004,53402.77627549606,1
63.42321603340039,54034.208002637315,53460.01751399539,1
64.25926226331758,54080.79633574669,53521.746725714474,1
69.94737254092311,54131.769932796116,53588.77655412736,1
78.08682706656175,54195.66990964506,53650.99183443309,0
71.38470492089246,54252.67866077798,53708.93048524172,1
79.24634236579739,54321.43074047387,53768.22963284494,1
79.00895851329658,54386.83992427339,53824.51856788392,1
78.41256232314781,54443.59059269294,53877.30040473268,1
75.45427602984677,54501.09376141825,53928.69002273969,1
74.25173059400565,54583.587797593675,53984.240518394385,0
71.10156018288563,54671.797541143176,54043.09393026519,0
73.86042709669881,54759.25321181144,54094.061920461456,0
72.99466981993986,54850.21656285408,54142.84478923157,0
71.57899358275512,54938.775851029786,54187.93372132675,0
59.92145780196608,55011.03797617153,54224.767141374796,0
56.904464930869146,55068.26481980384,54263.976318173016,0
46.277089664053605,55086.77746949803,54302.177541894795,0
38.57711722239493,55105.84696102821,54330.94523000794,0
38.94322693658557,55107.25998628281,54358.88269650427,0
30.510406428295454,55099.95775008506,54382.791871341404,0
28.181239793060158,55075.71010021953,54398.5982058024,0
25.829049029278437,55028.630978822686,54404.218722786194,1
25.99011944349347,54963.503008267595,54407.051524012306,1
18.67142880608428,54888.392897280035,54408.21588704542,1
9.974803060039818,54825.93468991348,54411.37622122848,0
15.9819588710576,54760.13537752382,54413.44007079291,0
13.091871249934655,54695.757575140495,54416.69051177424,0
13.264573404776414,54631.36376032978,54421.23230449612,0
15.006217457869866,54569.107908369195,54419.8612878096,0
12.460465558162767,54488.417950843446,54414.41557061692,0
12.485958768656317,54383.56435180352,54408.026898070566,0
21.545379844605733,54297.70031703138,54402.53688024078,0
19.42758261019189,54188.01973384795,54386.12317836364,0
21.471394271932866,54081.2557731356,54373.4172689924,0
22.270862742666253,53985.92924578957,54360.21905902832,0
31.84021562450546,53895.11698124967,54350.4041109401,0
28.189511546701326,53798.38597467742,54333.079966255056,0
30.72559458463256,53717.55730743804,54313.277711100505,0
30.45156781680123,53647.975888334506,54297.053288956515,0
20.066437031244376,53569.62489622387,54279.180946641645,1
15.983938358041769,53486.99749291523,54252.88409741694,1
16.208381238067304,53416.71103190802,54230.6998698873,0
20.72409065767029,53355.517441063406,54209.48749316801,0
23.96142470669757,53303.28133461076,54189.53303728809,0
30.44663418846058,53252.89363191616,54171.170622799174,0
22.226133736598484,53185.77681423116,54141.88578237285,0
22.61464422786041,53100.17100728111,54094.09281409313,0
23.46964423870301,53017.76470296735,54053.171618682034,0
21.480843029386065,52925.68914222838,54003.39738569675,0
15.490261302653039,52833.33110810304,53950.78685449798,1
25.12998563341135,52758.42580412007,53897.71401866367,0
26.372836497447224,52678.37545702398,53841.568528751704,0
22.669441710277425,52610.240686861835,53777.51147998993,0
25.501807746110458,52535.932851036414,53709.52244554894,0
33.5037062937911,52471.06952139549,53647.57540327533,0
35.34508485399407,52402.33458009733,53582.76564678948,0
27.74720482395786,52335.704192210156,53512.625673429764,1
22.044964809480135,52249.47075993712,53435.629777998176,1
29.90083892617264,52178.62550257689,53368.06598541996,1
29.578017510650056,52114.60276514972,53291.586933664075,1
36.47924888374027,52066.60027248417,53210.805189953346,0
43.13059434519981,52034.62260761014,53140.84762820677,0
48.028861726891805,51998.97944934809,53068.99264776561,0
49.06541390367462,51955.50693121024,52996.22546936027,0
39.86574956209466,51892.16938012594,52923.62318438093,0
34.95938549173401,51825.225448804835,52844.67003397325,1
38.167834169941415,51777.935969467784,52770.55621408103,1
46.14874548074803,51744.31119530267,52708.55731239181,0
42.5479052574622,51719.02536255264,52648.103536204675,0
40.11063984675299,51696.8355484416,52589.53797384059,0
46.491632132342545,51672.29776169041,52536.34908325202,0
51.03273438632855,51639.0095068325,52485.719939955634,1
44.07481979462589,51614.14753010343,52437.76928872427,1
49.623931046138296,51596.68388292162,52392.838839805576,1
44.939666438137564,51568.91633958514,52344.768063143994,1
35.09218459111152,51538.8737053048,52294.260977901875,1
45.44053750748505,51538.60815859419,52249.76590681123,1
51.38561882792713,51563.86617865559,52208.6307453285,1
64.27756895980349,51581.23118843314,52172.91529744554,0
67.88749272652852,51601.634046854684,52136.87337206857,1
70.19676633272306,51627.71930171929,52108.467169919655,0
67.56351205579386,51645.08783201522,52079.80263420031,0
60.316543068578476,51645.98442565721,52052.17852448932,0
65.66196108315174,51658.28329339759,52027.03647746507,0
59.95022845251217,51679.70991018697,52001.1354501399,0
55.2441385548597,51700.0785955763,51966.6546797039,1
54.64495609025576,51717.97808980214,51938.39306013091,1
56.639661767637406,51726.75824670911,51912.237688100235,1
59.333831999210844,51741.00907526957,51885.3168109787,1
58.835381225787856,51759.72572260307,51865.578304392286,1
49.35688102622095,51768.16170564386,51848.81476834347,1
57.506339598126154,51808.12304131713,51842.28474371927,0
47.693678511989106,51833.513854028824,51828.96785391043,0
55.396669212958074,51867.21587206323,51818.41265478657,0
50.82202694205478,51905.16680039231,51805.67733053445,0
43.85947934358356,51934.72844524609,51793.841630307834,0
50.703881929986636,51946.17457844708,51788.16733527762,0
41.126299552256235,51937.646055831174,51776.58328647402,0
40.79592972212691,51912.23762110464,51767.53468899605,0
47.79554504748308,51895.54678672895,51761.75964351893,0
39.82964678432102,51852.3854202912,51746.051016388104,0
39.63554773137346,51807.897674483625,51731.611521184175,0
35.306006630200145,51768.768279232536,51715.5895614376,0
31.445749756471386,51709.72376706761,51696.55284387755,0
29.636031710736773,51645.007818912345,51670.71076914662,0
28.030649157115818,51617.50944913868,51652.72462732045,0
26.38307577150964,51568.93268062306,51631.684455496084,1
23.92790795726394,51519.32671708451,51620.18007095919,0
22.542974298241887,51460.688310149315,51598.141934007675,0
23.395944032312045,51399.64000734741,51579.59320127135,0
26.809504555912582,51347.936867216886,51561.34940623656,0
32.78439534980245,51277.11603414134,51539.282114331756,0
32.571671127657,51211.313930759454,51513.90164647498,0
29.615282334842448,51123.20436748768,51485.49162929754,1
36.25496325198971,51041.161984244005,51465.27437218168,0
36.471188825164255,50973.1880379931,51453.02666598315,0
38.39314474180822,50902.8483871606,51438.132302354745,0
45.38183625436687,50850.857506542074,51419.20181096978,0
47.94481766307808,50800.36323518185,51400.06983804773,1
32.47867015642987,50742.06793142964,51379.852596714154,1
40.63095243430783,50699.32342007463,51356.861279741795,1
41.24651832409113,50656.705410745664,51338.68988274943,1
47.75595482354411,50626.81751452133,51320.65755520476,1
53.372647695895445,50616.538454677895,51304.494672580055,0
44.63604226605081,50609.45778345985,51286.92734669651,0
51.02743687057573,50596.43638187104,51275.74969794694,0
53.044570082798046,50599.771813147534,51256.149917317416,0
62.02300972290231,50597.55685702156,51233.656342305585,1
48.87251897842175,50589.6717045136,51201.51814043985,1
43.947143973742705,50583.34928215785,51172.27929539261,1
49.30559013879785,50576.309927883805,51140.78565670235,1
51.281315510123335,50571.34749258829,51109.78597856099,1
61.874845180388604,50588.81142885627,51091.03244775461,1
69.73428132163883,50625.05595414883,51072.200693598046,1
70.621846602856,50657.848201662404,51056.52968877185,0
65.55770406378079,50680.65372613072,51045.25671820492,1
59.921763336530326,50699.691541604596,51030.81768307573,1
61.76081510888221,50724.01239838706,51018.10347164096,1
69.90058469932367,50762.30225349668,51008.58710933858,0
57.27500785623078,50798.09235724815,50995.19925057217,0
62.26813648231702,50841.07379805996,50986.02611670823,0
65.26872448260116,50885.36874837479,50969.5881655725,0
66.54922046174147,50915.43310714397,50953.42525645082,0
69.42090713993895,50945.81040716027,50935.932486618876,0
61.53645085770029,50973.29803131465,50914.179839065444,1
47.75150081746235,50960.673914544706,50886.1278856664,1
40.03735825988043,50949.87258219123,50857.62911881507,1
38.645802627024246,50942.83855340506,50835.733341335144,1
36.72252015388055,50947.84037566226,50815.7592422629,1
51.303193821510376,50983.45181765429,50807.44130776275,1
55.247697338974326,51017.52939457017,50806.84324641395,1
52.29154272682428,51045.4532835521,50804.808222188374,1
50.20775139130317,51062.053678195305,50808.346607339714,1
53.03134738360375,51069.03853383626,50815.9266003055,0
53.87353403096824,51082.54904814015,50831.546180462974,0
52.68392064202092,51104.13253302095,50839.90595175781,0
59.74522194868469,51135.48513902301,50857.4386664357,0
54.12497073255084,51150.89405764972,50870.73040786705,0
51.596688993448204,51141.14896949455,50880.77137307667,0
62.536886842946735,51137.16014745709,50890.20730661605,1
64.77243849101805,51128.76670511069,50898.358051865755,0
60.74278083481598,51109.422431052895,50902.51072433712,0
62.668134746405364,51104.13351751591,50910.5530911534,0
45.156704897415054,51091.11641716247,50923.0973064888,0
45.56224137068638,51092.90057625012,50934.87527586789,0
38.85107803805841,51109.20942375574,50940.536439971445,0
36.943720544501254,51129.048195517134,50948.10904215769,0
35.99673622865025,51139.89927876247,50951.3500502233,0
22.31764133373541,51136.51824063533,50950.221244444285,1
18.448736801468712,51102.81459310601,50951.7399724333,1
29.01796044526469,51080.685609022534,50959.388121993106,1
26.65714507651353,51042.49944266761,50959.12583495716,1
32.38324713787364,51001.211285783495,50958.10411584458,1
40.087057853865936,50972.312089576015,50958.23605426475,1
50.9512545875377,50957.11840959905,50970.610430918656,0
50.73131139188983,50933.385380335836,50974.68555114374,0
46.69833054612506,50900.18062798766,50977.602192371756,0
43.19327359284566,50861.550155908764,50976.32772742192,0
46.2582344444575,50849.968150442815,50984.88995144836,0
46.646096204413,50834.72586257525,50990.75793878302,1
44.56100634127926,50812.95127182734,50993.01458944317,0
40.831797687334706,50777.13429710316,50984.82544614307,1
49.18542308203082,50747.23976913509,50973.92442726493,0
53.719275770727315,50731.25144274337,50965.5755019266,0
51.44990482389031,50719.41507214122,50959.50202405942,0
50.919298873273,50701.2936899843,50948.792425512875,0
52.54593817444149,50687.31491811631,50943.15839276237,0
44.48166793051678,50663.0189838646,50926.95268441431,1
35.1581526889115,50654.68628205483,50907.17485586756,0
37.50290997647648,50650.05589727519,50892.52538844412,0
40.884805327911074,50633.164168938456,50876.22427034451,0
47.43431757685401,50636.20457000654,50859.46016360986,0
41.937534280406275,50637.9707125351,50847.11915800104,0
38.13321765363662,50612.13678930374,50824.76660712213,0
41.99393595630392,50568.65376930892,50808.752726116356,1
49.939739449616724,50531.07616054984,50802.84644954579,1
41.43464038063729,50490.7923599231,50793.97010346451,1
29.261249142050247,50446.48150704439,50777.78490887766,1
33.491851944633595,50406.165712676455,50768.220086254034,0
45.567098348068114,50386.83706698382,50752.11203851482,0
46.04166562071175,50378.27395968201,50737.312415487904,0
50.47968120244033,50381.43723204157,50719.219025538856,0
40.325372645982846,50350.59083045222,50689.33928816769,1
42.82580743086616,50315.80863780945,50664.28354351588,1
43.0666810029916,50276.23556226939,50636.97662971111,1
39.55213599381138,50248.969116452135,50606.72705888535,1
44.3062492150958,50226.879223294076,50579.7160264708,1
54.42957008563356,50229.99600932288,50558.59346508358,1
53.160800466389496,50234.293347213345,50544.43260695508,1
52.93249257822655,50236.89049348269,50532.41752685436,0
57.120552477757336,50236.89548474695,50519.475782199006,1
67.83151347014223,50238.35350941318,50511.03259495397,1
57.48422800544715,50231.31710664958,50497.9925936545,1
53.91903677452696,50248.1648302311,50487.58597234959,1
45.55006446029338,50250.45543427994,50471.7746693283,1
55.43515293382257,50265.13550863503,50465.21688349751,1
74.6547686922378,50294.16306661958,50460.01605190549,1
66.24809105903944,50332.002316199105,50454.62612385231,1
65.0605355688787,50355.24730215968,50455.71171086378,1
61.44017453137845,50357.64141893707,50454.042768847256,1
63.06718012737648,50368.017090018395,50452.24500788625,1
65.99807819224412,50401.384520056774,50462.773056494516,1
67.7176871582385,50466.884142442905,50475.60843083146,1
71.87830064902475,50540.30353875122,50491.48012318596,1
72.11643563079772,50611.57402680972,50498.758876595384,1
72.31078117816224,50694.226263630684,50511.063412203286,1
80.07241185674482,50777.877682603765,50530.79484831725,1
79.3227828205538,50852.99169028206,50555.17007883291,0
86.04119654485044,50927.05578165123,50575.26765943844,0
85.51486004223422,51010.10585485597,50602.569523766644,0
85.66826107378654,51099.111230540664,50633.93976568434,0
85.13823237394992,51173.76260029501,50669.683916230715,0
70.69432088323063,51235.12043980208,50693.1448619213,0
74.59428787927388,51290.463167465314,50711.27066223836,0
59.492016617062376,51334.042662781,50717.62570558421,0
49.31737056819202,51354.3464330181,50726.43798071103,1
43.011620662236446,51360.586047967445,50729.32450384594,1
33.12411496423526,51368.02152242379,50736.627139275995,1
36.81527592059445,51382.85542008146,50746.979366074425,1
38.213599542077034,51416.60397694672,50760.66200071586,0
34.42367341325783,51440.398812633044,50775.13886536408,0
37.81209311142319,51454.28995823527,50790.007211786,0
40.635754713191766,51467.78007157556,50807.53217444764,0
29.776680858617496,51440.73531932709,50822.91953519531,0
26.541397732068475,51412.27458440997,50836.20720263581,0
24.681096918048866,51358.2141366094,50841.918602627105,0
31.688662336229143,51296.99783834645,50853.27703968659,0
27.66234222404489,51214.907894565455,50862.54063384132,1
31.686006044307533,51130.302526857784,50864.922385110964,1
37.09126762501196,51041.83829089602,50864.570013331526,1
36.39530838491394,50935.73149579514,50856.92278012959,1
42.518889730604634,50846.79646750139,50855.82761041464,1
41.137168424510556,50784.79595461988,50866.826911588345,1
38.018631973036584,50728.35896932271,50876.29079484368,1
38.950560857622634,50699.87114169291,50887.07993735362,0
34.67863867870243,50677.7014865465,50897.93092874877,0
31.88988507776648,50665.79388960965,50904.89037037217,0
40.5036861573553,50659.67323150455,50908.49802814866,0
40.38412192489675,50645.22270251165,50911.351108193754,0
45.92104543502257,50613.67506734498,50911.375830260775,0
36.45303929157533,50564.614703833,50906.22655299851,0
45.37171020914441,50505.86068706752,50897.010082847744,0
44.07308690011945,50436.625986666404,50889.65572645438,0
35.746496645007326,50384.992276302335,50877.6505136238,1
48.69643208781244,50341.77712693629,50872.73587969834,1
34.551242577265185,50304.80449860339,50857.786198614456,1
29.114210630013332,50261.02538392487,50840.0219666087,1
36.097197267075764,50249.84074783515,50829.67600649574,1
37.74552462848805,50249.55179062493,50822.64418049707,1
47.619051447843354,50255.94807450549,50823.8926755589,0
43.81248974964162,50267.61413209547,50816.761596960416,0
48.054455745499915,50277.505911337605,50806.276166926975,0
43.58966753976728,50271.70176491043,50788.753960575355,0
45.17253875936687,50259.33063196672,50763.90163212987,0
50.03792919778182,50238.16192504009,50737.715096645756,0
48.85251198109549,50214.82681686915,50706.17115004416,0
48.9988808574882,50186.3543801798,50668.281049402576,0
50.21386397554526,50152.84766849314,50628.44041943308,1
40.98769928949382,50109.64250814162,50584.3857987899,1
51.22627571212021,50081.72179361662,50540.02220576503,1
51.16813515065081,50064.40190021011,50492.34282086629,1
45.7365478347491,50052.464955735675,50448.49102502401,1
40.63590033996018,50046.0852590451,50414.04165415159,1
30.44729742986989,50047.6201364808,50380.51330123,1
34.34566909382964,50041.56252155897,50355.74382320954,1
23.642656810977172,50044.17280061537,50333.71674565336,1
45.352083075898996,50062.68213994584,50320.86040340005,1
53.50797948965815,50077.13552977705,50313.321609437044,1
55.14373222129414,50082.68144640998,50302.574591028475,0
56.264022319190666,50071.593879832275,50285.88863671311,1
58.50669573354303,50065.22591060102,50266.69243614761,1
66.17960612609873,50055.1912752762,50246.63669374335,1
83.88276518979397,50070.78574484653,50229.956229883755,0
65.59998769654814,50075.40847852838,50217.770895810376,0
70.20238193113505,50088.446517904435,50208.18387004355,0
73.46247375011231,50118.51019577027,50210.28957370851,0
61.8507928702354,50137.32482881789,50204.41184559116,0
60.50905117301662,50159.261712373176,50206.18194655617,0
54.25091864701098,50180.37735430864,50204.41572977026,1
57.54675646001861,50197.23415730083,50202.180552326965,1
49.416975443261016,50212.331950998196,50202.983002947505,1
44.59436719741142,50224.11398858759,50199.418033458496,1
42.60071923601721,50230.14769939228,50192.182352060554,1
48.651866544540184,50242.83578027354,50186.30402561032,1
50.39055982247669,50256.88614530022,50178.54982465245,1
49.455217985467435,50276.29995016761,50173.15613110181,1
41.54940257132156,50283.13600460066,50167.79724939647,0
53.209985162981525,50288.08952022189,50164.688124923996,0
47.12524978717023,50290.23949696684,50160.58130881055,0
50.948770675188285,50313.86776594685,50165.96571615387,0
52.61860321647483,50326.33629584198,50171.381072951204,0
43.813385325679825,50317.36942609169,50171.24018935301,0
40.54493357522742,50275.316349729954,50165.432375109165,0
31.08957356971395,50226.197867621944,50154.25313233823,1
35.908051750631216,50177.21333607572,50142.35835369932,1
39.14506348771198,50122.47524515453,50137.35787232896,1
45.95421996274166,50094.68210385015,50137.874533561284,1
39.47131055658165,50058.13408916603,50129.49928308853,1
41.70245506762489,50039.6858687602,50120.46936102435,1
40.96888307036129,50017.50059285908,50106.8015596684,1
40.99432016489134,50000.56469127308,50096.16322661856,1
41.21994456406203,49991.18640930938,50084.8902326472,1
39.80395047329825,49978.35586790784,50074.84399325951,1
43.297168187760334,49984.196183532666,50076.250246236705,0
51.68747063329304,50001.06497259426,50083.71104367413,0
56.04084889626816,50010.3074344755,50091.34837814435,0
59.02981221240258,50007.0362975287,50096.07001633602,1
69.28062860806135,49997.16121015932,50102.41354159046,0
67.90696461361881,49991.72842577433,50113.415675863645,0
69.34300584538332,49979.94404611101,50125.25461715163,0
59.03440578618942,49968.8204048442,50133.14847480483,1
65.96857754015284,49977.810817491074,50141.37853405518,0
54.95887254031352,49989.59788557989,50142.83742572308,1
56.4020137646573,50026.54441079574,50145.822842064204,0
55.27135830439023,50055.684195658796,50148.00702333925,0
59.74872052396499,50098.677101151894,50159.15959254358,0
56.350981274650856,50114.13221628504,50158.45456409696,0
52.15972843597889,50153.85979738014,50160.18899012976,0
40.46030496573151,50169.09445057612,50155.03456269082,0
38.1343544349167,50170.488760406544,50146.3595118981,0
36.584168773584906,50153.44625966069,50131.45136624242,0
37.893043975027524,50132.65105604584,50115.874144955065,0
34.31146100855743,50107.68168183409,50089.60236805453,0
26.981361586929566,50043.35650121548,50063.42945531155,1
30.092451129679674,49967.74019357036,50035.42851394049,1
30.864288339308217,49901.958699323935,50004.727779565816,1
34.5444191587374,49847.48307869625,49980.13331628736,1
31.975160806334898,49792.26430819639,49955.614579919755,1
40.48744072271121,49753.51204958508,49942.669553974214,1
32.430761464253905,49705.562001039114,49928.58575464694,0
40.80492248797422,49677.35607634805,49919.158124944785,0
34.35111960112842,49647.72450348189,49910.82274001289,0
36.304769790413076,49622.40431797734,49899.74007315711,0
44.72913920366189,49598.21943335769,49887.97630329786,0
49.88747077991915,49568.551617827936,49872.67321235034,0
47.9229131895136,49518.607143294925,49856.0824697945,0
57.13972725796212,49487.17672102304,49840.07085066591,0
53.11556863683164,49422.62603426739,49814.003595747956,0
43.44976149972941,49359.01863962449,49782.546219753865,0
45.96606887931227,49317.77793945063,49747.923581299605,0
42.972112538848165,49286.6707203955,49715.585136063826,0
41.25492009416917,49246.89675536477,49687.6850766643,1
31.18800691415551,49220.524162415284,49667.685493128665,0
28.96857507616899,49203.77815854738,49654.46157168172,1
26.082836599062972,49189.180362479674,49640.215324502075,1
24.82530315668609,49169.55359466589,49623.55911937036,1
29.752340725001105,49151.51436331241,49602.86622007227,1
22.923005956388195,49128.07873954672,49583.592440072025,1
26.553106673466374,49088.289967689474,49562.111193545934,1
35.573501296178335,49058.09372403816,49544.82300711857,1
31.38876812419393,49014.16308348648,49524.59748183014,1
45.94286429656171,48977.956404680626,49505.53073816139,1
56.25033307706559,48952.21288557408,49489.28288022362,1
55.119435461194314,48928.315306208315,49465.623952368114,1
61.9149946182087,48912.26341314076,49437.15258856893,1
68.30134986228768,48896.78727225262,49410.674404905345,1
69.29715722898032,48881.754401366314,49389.95809220096,1
78.90123456725583,48898.2716867719,49374.447786393,1
78.3103923614944,48933.24496635854,49359.15283598755,1
80.39228271371732,48963.908962529305,49341.509547866925,1
75.65701856563626,48997.52557403028,49327.06720373827,1
87.15030024426534,49053.01427016231,49317.76645773279,1
87.83417853708798,49113.24195342992,49317.14312026868,0
86.13749047313875,49178.10344726899,49315.085186271026,0
91.67660013558552,49237.562520569096,49312.966654466196,0
91.75119199097023,49307.31189444927,49307.0130366893,1
85.00088546134911,49369.013198057175,49304.81861278112,1
66.07007998284467,49419.90433540479,49290.010255281886,1
65.84587093330312,49469.58352051384,49282.30682152101,1
70.2684676424907,49520.111860485675,49284.672247150236,1
73.6460924313545,49592.23077073051,49300.11128625807,1
69.58561558732254,49654.12355853828,49314.11973915837,1
68.97762489330069,49716.9678261687,49332.99733795745,1
69.10913982979416,49777.662581564495,49359.34638450773,1
69.86137968734755,49834.426129588115,49383.82696297604,1
66.12800664009907,49896.687846296634,49408.56606369442,1
62.692695334059025,49954.598248673705,49432.80416019194,1
66.61027364828345,50010.48635799966,49461.73660631429,1
70.01434187219621,50071.24329951443,49486.2453359593,1
69.47508385212292,50135.317211043155,49513.41163186855,1
72.59639485093511,50201.02279525962,49536.53389130289,1
92.6940747716179,50270.278787941155,49566.78817151649,0
93.01129361562256,50337.97052893719,49603.36960465261,0
92.23936626369782,50407.35812586784,49638.740663275086,0
81.52640139857807,50470.36282971538,49673.69113922117,0
81.6347115791132,50522.61773266869,49708.617272438816,0
81.80214221810954,50582.07847399947,49742.77931397169,0
72.60437406753088,50651.491192528745,49781.55631858642,0
72.35247941247107,50717.25674360606,49825.602063113656,0
68.94505015851223,50769.46424877122,49865.346770878474,0
69.937695008684,50806.31787243376,49907.97014707338,0
51.712475601767345,50826.61736563023,49946.00798326455,1
46.37055543935118,50845.128276780226,49982.838983703434,1
38.1472996820597,50854.670421774266,50019.70328979848,1
39.120760442406095,50866.6472194607,50054.81370576846,1
30.564053633095114,50883.81272332502,50094.26971515808,1
44.34080654299541,50922.35619962124,50141.14089471547,1
47.21900765771109,50957.569765342,50193.533016632406,1
44.68125415095187,50973.20930421112,50240.21307056795,1
43.45629243098358,50977.292495238886,50281.09114034883,1
46.31071497096464,50989.38849580298,50326.62405622949,1
53.07009404791823,50987.05812812636,50370.428860894775,1
59.29829096094232,50989.76189838046,50418.38920977516,1
59.70986426022664,50989.0192181568,50463.02222805448,1
57.35403937584216,50992.25096529514,50505.68616008292,1
74.66166025707433,51013.97767067413,50555.49343180741,0
75.81077850510937,51035.1472844798,50604.13646721709,0
71.29034029636858,51054.02692748948,50643.85841487345,0
74.8907559394961,51090.581078527204,50688.53650798111,0
63.967403985769806,51113.83227483199,50725.31609579954,0
42.83609292865632,51101.57381230268,50749.58944238233,1
43.20322127123366,51114.63628725415,50770.65679010129,0
50.79014496469553,51138.15847732291,50792.80559326063,0
53.514918216512164,51169.594258641926,50816.29961434765,0
46.85346398405927,51188.214320617255,50835.07442578772,0
44.850070566823774,51195.89291837837,50849.70212472972,0
39.888297536688164,51180.265875482735,50865.64196568569,1
38.62840095938862,51152.482170481715,50886.56415066318,1
45.352204953585805,51151.16338150947,50912.8450149662,1
35.315604693171665,51142.83200146922,50930.17919674224,1
36.46174880657316,51131.702032871726,50942.41256108598,1
44.14140565002158,51127.679629146565,50959.851289138096,1
39.65341569611374,51117.59838332007,50978.64143263572,1
49.70198725047587,51120.901831161435,51000.31792789325,1
69.08272165359195,51133.47742867074,51025.30667971597,0
68.0403845265064,51132.8222828458,51049.94720642708,1
66.21880709758986,51135.2487796755,51076.3966796178,1
66.91037860818116,51153.97645293189,51101.254452846355,1
73.86263413999482,51154.09739864385,51121.67814763287,1
64.74318131025743,51156.16056075102,51133.65343568269,1
69.55035653693771,51202.714609197705,51150.26616795757,0
75.94931482487341,51253.19221306907,51163.82216015246,0
73.2160414388267,51297.08259533926,51176.450419821456,0
76.97343899365092,51331.34909199366,51185.89600079797,0
65.35997069090799,51363.06297832267,51192.15448523063,0
61.45978364492539,51396.22363420334,51199.14448534358,0
52.43086374362921,51418.676472372375,51200.28116503485,0
40.03229301946207,51431.61232562396,51198.612603901274,0
36.738581517910326,51430.22016928728,51198.030385238686,0
31.648984827845283,51431.65697852505,51195.05628864378,0
31.513111128025017,51433.3858387934,51193.23974762983,0
26.979452873932672,51421.5812731995,51197.836852165805,0
26.41645969625091,51399.89594669019,51200.5485005997,0
25.448404360749308,51348.75028564863,51197.949873443,0
16.929617063190776,51283.438596124484,51192.02323038148,0
6.473919961760529,51205.672044994906,51178.69093509504,0
3.74076505173133,51111.98406844186,51152.24782714604,0
3.8133374592669043,51008.87121626989,51121.77503321751,0
3.957003161011272,50898.14123516028,51091.650920012544,0
3.1469120333167524,50798.792565096504,51062.25346362574,0
5.937707650678618,50692.30757305477,51031.433798858285,0
6.365417317053058,50565.94345846409,50995.37629228756,0
10.525706391806764,50441.313642058536,50957.07111729269,0
9.909269943137275,50308.554003136844,50913.70991478999,1
6.069050433887824,50180.249761396495,50867.35400367118,1
6.094648619204946,50049.95527568065,50813.5355273462,1
12.293069940752176,49940.020704330884,50762.23053297528,1
21.836721067028947,49853.65000342239,50718.46183427443,0
35.07487114430782,49783.610524015625,50675.24216343406,0
36.54491285475457,49717.44285087256,50636.500519060006,0
40.817597328432896,49646.54706898107,50611.22905030119,0
37.97210186214446,49566.91748782502,50578.74933239415,0
37.57556916558937,49480.81658901128,50537.61174527505,0
39.56503340354117,49414.050561868105,50495.73239473347,0
35.3774364243574,49348.054700988774,50455.95938253009,0
45.09222353542733,49302.54399701013,50421.35136654774,0
37.798414814382,49254.66251244796,50382.00648193214,0
44.985854280770326,49214.935002896455,50346.75616618341,0
45.41102404543168,49176.62262086854,50301.83461575617,0
42.727776562694,49131.7431816458,50257.817935696374,1
42.01107809387207,49089.8507509389,50214.693286085145,0
35.244414332281366,49049.46121541481,50164.088926794844,0
23.60583740295222,48999.65975292134,50109.8956651332,1
22.668438216943656,48955.350285504835,50047.489296527354,1
33.83014073528082,48940.012889988415,49989.96818819825,0
34.98041080881815,48919.63280433745,49928.259735942855,0
39.268740896336716,48892.89782994193,49865.29015308186,0
37.282747782174894,48855.46972412871,49799.05914275315,0
41.3884986639549,48804.131882711146,49735.25595706098,0
31.431856535491832,48750.412560572106,49674.20131898843,1
36.070538097088885,48695.960079274424,49608.52723833187,1
35.37196437845316,48655.77387335686,49539.781996509264,1
35.97927042913065,48619.49525937919,49466.57681089102,0
47.54491192108903,48591.824138104515,49399.922413177825,0
51.21887605846631,48583.76653701472,49344.240806006914,0
58.22861315811437,48569.45007018635,49290.64194094094,0
62.01046910295522,48570.45622451261,49242.71838278823,0
49.6077708973529,48536.69283229857,49188.78836885325,0
42.413243265279284,48517.22974379926,49136.63844556096,0
43.44411073986334,48502.05783591537,49085.978278652496,0
42.010905127789364,48479.03206326479,49032.95177587371,0
35.64841128274966,48443.79132167007,48972.97294618308,0
37.17578883307003,48418.644305609276,48917.39500870083,1
34.65576334517766,48387.13306271574,48862.84240735419,1
35.858670184857615,48338.95576736597,48812.17505669484,1
38.432049481451685,48305.999909946106,48768.39088192333,0
39.65856931382893,48267.83524853874,48727.63062512062,1
40.27218458225004,48243.85024038647,48693.05075239978,1
31.881447400652007,48210.18115783488,48660.07192613081,1
31.847101053634603,48188.66377552026,48630.14980315793,1
28.352276001816733,48156.106708036474,48594.04689232456,1
42.40213634389439,48129.92142480955,48565.37318304744,0
44.617294850625434,48121.12611678846,48538.501800782986,0
48.28834363380803,48106.121174430715,48518.949281695364,0
47.695239158295514,48075.328585516414,48502.27233565489,0
49.75449710029974,48024.45106410625,48480.44025631118,0
45.86406948409003,47968.968375707926,48454.29745133906,0
57.33442397214659,47954.49477354913,48429.12627690395,0
57.378995706256106,47937.07787877948,48398.02538746651,0
46.45991890489284,47908.043918767,48362.218705810265,0
43.99388800766065,47870.225426474484,48322.42311887107,0
44.161658897531396,47863.91222149572,48291.770839651355,0
49.128998644173215,47857.5422591795,48268.08527676811,0
41.983629247404195,47853.31810612415,48238.549425056604,0
40.51949265439705,47830.25139264713,48205.05373335818,0
33.756819376205485,47791.88768300502,48164.12835632129,0
25.016590867949944,47739.70366809618,48121.64708737991,1
22.121490958857535,47673.80079103499,48076.597067655195,1
34.97140544033354,47639.88407147424,48045.3765063731,1
34.53798530967147,47583.99346038918,48011.0499146553,1
34.993162541630895,47539.29045018665,47973.82277202365,1
35.8265264063849,47497.39540139062,47944.546857437774,0
38.257103185284656,47454.2313273518,47920.330430555165,0
41.85257304114448,47404.89626693535,47898.76767426758,0
44.78498069651499,47358.03056118336,47869.47940413286,0
36.06184939721551,47313.6257638414,47838.03744011276,1
33.06849067804612,47270.450811951596,47805.31864414291,0
37.58029143350229,47218.60719544669,47774.38126543115,0
48.86337455632209,47176.51509565885,47746.978672645586,0
48.88320693298424,47143.75160893098,47719.554325153826,1
56.74680930873986,47120.33704731667,47692.17390608797,0
52.698840978020705,47074.89883688628,47659.42082506312,1
40.86099449520086,47026.83475073001,47631.02107330844,0
54.669107268014116,46998.94846028423,47601.39915392848,0
59.20950758738808,46995.0169649345,47569.553904526096,0
44.5633268160177,46985.63402017634,47530.60193631728,0
40.273386300652554,46996.23329459265,47491.95791541192,0
37.71197754254016,47001.617788626514,47462.567050186364,0
45.1770020990687,46992.596529098555,47435.52322049282,0
50.669410641555366,46997.93170309985,47409.39946152909,0
43.944886982506,46989.9320003508,47378.18274685806,0
41.468005823784864,46966.61500479236,47353.676330686685,0
37.14855082464502,46940.391856342896,47329.029450848626,0
41.72442600884539,46918.096175672865,47311.15291945043,0
40.18179881961089,46892.146021568,47290.75550581368,0
41.93433569228017,46871.90223138865,47264.398368689785,0
35.95027281952348,46844.4599549272,47235.96852669831,0
28.563719554469543,46810.635775120005,47201.09547932457,0
20.80155591093917,46757.203670214796,47165.78767759755,1
32.37265680094272,46719.67418140652,47131.958487508324,1
28.25542864891976,46675.031669971555,47099.74389086201,1
31.376533364637197,46641.10413796779,47063.89391032642,1
23.155160956984872,46605.466393201874,47024.757183873815,1
31.866960067671357,46571.447528411714,46987.5296955209,1
46.57227356640139,46542.02586637685,46956.23281687026,0
51.95103924395385,46531.265774529216,46933.32782048648,0
51.36885195661412,46522.56633401992,46913.397098736714,0
44.460673321402034,46510.15355733219,46884.830563699594,0
42.0017042284084,46476.94157961054,46851.46870082524,1
40.943144589497095,46436.88582091898,46820.93622238988,1
49.34515353228587,46419.54440560611,46797.910338510716,1
51.71767553953483,46405.134316631826,46770.16516874113,1
60.523042987556515,46394.826074372904,46743.94297692599,0
60.654545042998755,46392.10579882575,46726.66799653108,0
61.756075641113,46387.24396441213,46713.55253451967,1
61.39505389291202,46388.5556071728,46703.06553835689,1
61.09088302241669,46399.61235712879,46699.93200231134,1
54.704463439734674,46411.33872639189,46696.110653467316,0
45.282572358053706,46426.27345677501,46680.343431717854,1
48.31103171464723,46443.35488233046,46675.70305628483,0
46.48739773163667,46469.967399060384,46672.0146704115,0
53.08560983313808,46495.48851905228,46663.13115739108,0
55.03971975068135,46512.43882326222,46648.04018223798,1
65.93542545608395,46526.68457729746,46636.24501966573,0
53.36793711850935,46519.98557343473,46621.01482177081,1
55.68090874926361,46510.87592542763,46612.227885120956,1
53.336968796703765,46503.059287588185,46606.44048899136,1
43.09376573075433,46501.60396071644,46598.0292698075,1
50.91884786469494,46514.01385553392,46586.468204775265,1
52.085535877083565,46536.73735413949,46578.13052047328,1
51.8738603478619,46551.54803650068,46570.394734184316,0
54.72924726913476,46565.75485938081,46566.507577738936,0
60.35526499223774,46571.89292808552,46561.96624786819,0
51.35260633786714,46569.30208617375,46554.80944688689,0
51.43906443025407,46574.57318357842,46545.37502197724,1
41.44283705943251,46568.484895805384,46536.205888608514,1
46.73600786776343,46561.004435309136,46525.840458597944,1
42.07004819178319,46559.4513377211,46519.244073105154,1
54.76255128522605,46564.2195559637,46508.99264246391,1
60.04203543338253,46566.67772176614,46503.20146375135,0
61.29049689311931,46574.817036196415,46505.96868474974,0
55.527892082531714,46574.120807390565,46506.13347843036,1
50.57374166432178,46579.78608425286,46503.79787340197,1
45.429545267946594,46575.58587027654,46499.2408975072,1
45.7602454737071,46581.393246442334,46496.71371172055,1
45.58554861441038,46582.621753321306,46496.51569389402,1
51.17740509597328,46585.14318329211,46502.71378033731,1
51.60635259430236,46593.563047387564,46511.20017871451,1
60.230243977434284,46611.11184072327,46528.031472978655,0
73.56570882386043,46629.21396984516,46541.94643584874,0
65.74692408038744,46639.40380001177,46556.14358620039,0
59.70334393177992,46644.79138417525,46567.98247622193,0
62.5814355669178,46655.59904081411,46582.019306913084,0
44.94667767877752,46648.9658980812,46585.816794754675,1
33.78451701484336,46628.27153088725,46579.8732877814,1
37.737562354528926,46618.72277766667,46571.1886898635,1
45.53234540331873,46620.20535514136,46564.89606704652,1
54.61578969505666,46632.108800923634,46568.026170541736,0
53.40674917992446,46640.86830195029,46574.56333139982,0
58.054616432591644,46650.69858725286,46588.7265702849,0
55.821600569588156,46655.05068575812,46600.171196810545,0
47.69516855104203,46652.79272979148,46605.196843694226,0
41.385035215324486,46652.1202795406,46606.71555546904,0
37.64971673398478,46648.372114577985,46601.74742380809,0
45.90241598967464,46653.8497432864,46603.35602327026,0
47.8733203821715,46659.10043338967,46604.73362438077,0
39.41904453480058,46645.45677573498,46601.051547779796,0
39.835068745577075,46615.04268633979,46592.681762693675,0
45.3790573696276,46572.113347318365,46586.367429196005,0
36.12356357776647,46502.57180220572,46565.63320379884,1
29.211959464568793,46436.15450939817,46542.61843033551,1
21.90251361800685,46376.72032604973,46520.47519902091,0
20.268815730183192,46300.67808695343,46497.31501238957,1
19.792708387317006,46250.717402071234,46475.42992466418,1
27.080601550918672,46226.12558683414,46462.32929314116,0
28.26209087560794,46191.25978999828,46443.34223569175,0
27.584115253908124,46143.90433023523,46421.23408410533,0
34.733351589539026,46093.42544766586,46404.7547653215,0
29.53909227875053,46045.10454722415,46386.99960807591,0
26.408437425169325,45972.230574131594,46362.92385828175,1
28.951825815320817,45897.200711255704,46338.43226671256,1
30.633688269557894,45828.95571497929,46310.47718593362,1
36.97635186658196,45771.87346303192,46286.7077694476,0
49.24513248710934,45727.039613274006,46264.8424346482,0
50.23177433336461,45669.88588525866,46241.48110394236,0
49.79438799457739,45614.41038997217,46223.10382204748,1
48.588012981671554,45558.63280998151,46200.102897648736,1
39.92307681679941,45510.31460351435,46173.027069010976,1
41.9984916296973,45477.73898849827,46151.775202209836,1
46.80805049802943,45469.900694722586,46126.922392981425,1
53.053304778477354,45476.5449118931,46103.30958061419,1
49.24133483538745,45483.19895669025,46084.10645874078,1
55.47864067786894,45513.56598495826,46070.82697267172,1
52.51414609203333,45514.004766331214,46050.79748308606,1
52.30651218015364,45500.65130636648,46030.03251711082,1
62.43737848543874,45513.91267239143,46015.85860331981,1
61.96130720911486,45539.71621451395,46003.06329659407,0
64.11372079398862,45568.826547711156,45994.86016545093,0
65.70007019907871,45597.88231031435,45981.70779591234,0
62.562859612084935,45635.51179454439,45965.442988161434,0
63.96665813736097,45664.3028448632,45948.39188465314,1
62.26039951102448,45690.653897488366,45928.82219125886,1
59.936477159847094,45713.99357677135,45910.065583830496,1
61.400705139360376,45736.40604561529,45899.818493661835,1
57.9871270344632,45761.29034941859,45894.68863135489,1
58.95479766753422,45789.835079645105,45891.54874283886,1
54.50903159440217,45832.88554323187,45885.17497288493,0
70.12174652203552,45893.0959584182,45877.421932008794,0
74.07206556783376,45947.300449276685,45874.34806114039,0
61.873025819226385,45990.31105260453,45862.76737912209,0
59.070439734147605,46026.75725775915,45851.992209414595,0
43.19841914381454,46044.19466452776,45840.66723263529,0
44.002930593230566,46049.819460246974,45829.90664495428,0
49.854322993214176,46081.4756740892,45824.03890689054,0
48.44109207280116,46101.876870323686,45809.24336792573,0
51.93721909231208,46101.66562274139,45792.88467906049,0
47.495924497621,46091.98790457569,45781.67574813035,0
45.74004072108246,46071.39561298583,45777.40133610936,0
44.60752615048745,46048.084930300276,45772.096429105106,0
35.88987935699163,46018.42243024481,45771.78323937707,0
34.67850575489746,45998.491502767036,45773.32668200068,0
22.454594479989268,45973.007420536465,45767.33702905355,0
13.770950393635374,45937.12631831699,45764.644876375925,0
14.784545161160892,45891.69936945634,45756.21128061588,0
11.752406028227568,45845.595498354596,45742.476595963075,0
13.554558134816162,45788.81650092957,45730.57142721138,1
9.845653166689672,45715.53617753247,45713.82771180384,1
2.90766687267471,45628.97024391548,45691.639850508654,1
14.697569980582756,45542.18564399978,45673.18049985064,1
27.57059832484005,45478.674393128815,45665.34490672097,1
43.194253465907295,45436.820025170346,45667.83993498045,0
49.70325554131447,45428.5708287978,45680.5132781627,0
46.35699713030227,45407.02204577765,45683.96607805257,1
49.10694984897495,45375.345843947776,45683.36139916004,1
49.22630838963778,45356.57897921744,45683.92060550924,1
56.06421065116724,45341.12114349939,45683.56898047138,1
57.512445321273006,45326.2633773081,45688.727975060996,1
67.27240937878003,45333.14237616855,45706.532445171026,0
62.72771440787886,45331.986896603325,45713.79559234712,1
62.04572200444923,45335.4189872,45717.990556368044,1
72.93516761194621,45355.82940911676,45725.04048089015,1
71.6854754904805,45386.602453272084,45728.69842768629,1
70.60142500440327,45423.637718297585,45728.67356971166,1
70.11844953421092,45475.433293158734,45740.78269134688,1
65.19517266131768,45533.4365149216,45755.590679385125,1
60.15271638087991,45598.95061279026,45764.5866033709,0
70.99041209465688,45688.92762673741,45773.51227669322,0
67.7383075405182,45773.6373883254,45773.564186754345,0
64.83588811913967,45844.07531736806,45771.65770267212,1
66.95561421782952,45907.25501425548,45774.04219460541,0
56.52368052235292,45925.346975763576,45772.257587340595,0
53.080046009339775,45940.68827142114,45780.52702773581,0
59.188533993029715,45971.03287009736,45786.78179538297,0
63.52763308383387,46006.99216231411,45791.59584583958,0
48.87264366297838,46026.874182102845,45790.15413858295,0
46.102057023827534,46034.745708979906,45781.53323220531,0
42.756933743830395,46037.936065915,45770.74818413425,0
41.636350566634725,46025.124807137574,45759.343984658786,0
32.93354219388256,46002.36790369609,45735.82257411489,1
35.83415741490403,45994.629959624515,45719.71811917604,0
30.300710948189106,45966.85344301097,45701.07895499088,1
31.918014574979438,45943.002505100856,45688.22156391553,0
34.60901407572969,45917.7516901043,45675.846461654575,0
33.162220545861615,45884.847473787515,45662.13141122621,0
37.37587534518223,45839.95398140405,45650.82152381726,0
32.3620554909878,45799.39193357425,45643.677127704046,0
24.3328786065981,45726.24979664854,45627.21703352235,0
22.485629726650444,45657.5341564222,45608.019604128895,0
27.014910199509856,45595.3189651226,45590.55131660106,0
29.615183668171696,45524.2979047862,45576.392384421975,0
25.842248853783957,45455.70213400228,45555.141839834694,0
25.514032303780183,45380.520798772515,45543.53237903023,1
27.55890979837396,45289.82166166951,45527.85993272398,1
21.424438593617552,45196.917066963404,45513.682924842404,1
23.522914018082574,45121.84794700438,45500.655118042865,1
24.258797634858738,45059.84318983702,45489.94390776828,1
31.111547024263814,45013.5143785713,45489.939464549774,1
29.07050326965205,44958.57864320269,45491.18734437366,1
34.37683346994747,44928.68362200303,45490.42176531618,1
29.631982068481832,44890.345912464094,45484.38672691015,1
44.869100274237475,44861.738077007896,45471.046175725896,1
56.58199979800614,44849.299429249586,45456.51300409625,1
56.4972465090153,44835.7002703691,45447.317751491166,1
62.64316695241167,44827.22644268598,45442.883650721495,1
82.8997188190414,44840.43019025104,45444.3620082307,1
84.0467057152119,44860.956679401155,45451.61134206476,1
93.03600939917469,44900.82425591413,45457.04138496476,1
94.52949058784773,44955.56034485023,45456.98679160157,1
94.5868269146609,45011.24732775503,45462.25548906173,1
95.16741706376152,45081.55610378931,45474.8472310577,1
94.86617449552229,45175.82032869889,45483.13820766754,1
95.52257967280501,45265.260960581225,45494.99578195388,1
95.52553881390612,45371.52519138828,45507.01492196025,1
96.16993025464079,45481.016941831025,45515.91638431132,1
96.04465027260366,45591.92167675445,45524.049182776005,1
93.60331336081924,45701.03981653441,45530.77958926594,1
90.76797019130386,45795.95060364965,45532.74865531468,1
91.71150213206019,45909.02576565855,45545.34269530693,0
90.77174215946145,46022.60165273161,45561.83229946161,0
82.5366354665382,46131.00353091385,45573.88613357349,0
83.68809549515191,46230.50167394013,45593.108054996526,0
83.72981347407794,46326.627448530424,45610.88867493996,0
75.7574478220893,46414.015937725104,45624.51097854226,0
59.560995642715675,46478.76564652585,45631.59304440618,0
48.24350860563514,46514.87757457174,45639.563365218266,0
39.27997056829793,46520.12790414586,45645.76422013113,0
32.70230847218379,46516.24297917343,45648.364150268135,0
28.30489071089268,46490.18507124555,45643.01089724476,0
33.98118463860688,46475.49182551327,45651.505057788614,0
34.26129929834367,46449.16448767707,45656.66104227872,0
33.983932075753344,46413.51816861387,45661.80409790871,0
21.690003688018507,46360.681038160124,45662.06719517758,1
18.6039703654576,46302.07292292819,45660.74341508982,1
17.088282797978565,46223.53914751024,45651.393053800406,1
16.97895265104296,46138.36786992805,45643.4147381856,1
22.418646229841798,46075.42985985011,45641.19475977629,0
26.85882457192311,46021.64712896532,45650.907588241396,1
29.292078464325883,45948.13466718326,45661.58289961135,0
36.08877484254348,45876.82816234414,45674.43597835022,0
39.68244813509001,45806.039274946066,45686.58268163745,0
41.38252887888082,45730.0177844335,45702.834315169006,0
53.625527796020066,45660.47500568178,45722.87035770367,0
43.086458243933464,45586.87134749174,45743.33085287115,0
42.000287766518895,45524.54675376304,45762.64491912604,1
44.715063558845536,45479.366984263994,45782.57098012211,1
46.661534238328926,45442.114628709416,45798.67279568009,1
50.0649542295055,45424.3564712738,45812.70098734914,1
56.741931163989285,45415.34102798977,45825.7158511596,1
61.24922332895754,45399.11231418534,45839.676534661536,1
55.24603599254316,45389.20523430499,45856.20477101507,1
50.518084583153644,45380.500668509754,45869.30913450945,1
59.48327139148429,45403.33682007062,45883.682151506,1
53.075821572468385,45420.95087757186,45894.84365797092,1
61.04328095010001,45469.42692040423,45908.2732448877,1
69.06922600194412,45533.34646737574,45920.58124903547,1
69.24332420437884,45594.32989252543,45934.54404502599,1
76.99711045888401,45650.415842281465,45950.74422278834,0
74.04342796560005,45700.71391652178,45959.644328279974,0
77.55299837961438,45764.79872056133,45975.85653547274,0
81.28656721006871,45830.75194170238,45986.261016802666,0
75.10028368873634,45896.57651454517,45991.136789507524,0
75.79977001665945,45943.4619236336,45994.15074292461,0
68.76346367589058,45991.953172099646,45991.5020451557,1
68.61743280986859,46049.2471211737,45989.93699086311,1
66.72674836888699,46097.42405360653,45984.77193086294,1
60.24362267711503,46152.08848639789,45979.09226362549,1
66.76784022433696,46209.9246582696,45978.29060919712,1
64.6381352317814,46277.06370748948,45972.93102789196,0
60.601593680196444,46337.719499159386,45965.72367323264,1
53.234259814899396,46394.22418431927,45961.49303237724,0
52.33287874385324,46453.28154509171,45958.42108297008,1
54.66023994065595,46490.920768474076,45949.39947948346,0
38.84583393470607,46535.1880832823,45943.3125161938,0
45.87615823970099,46570.875109639965,45945.117030133355,0
51.68182952675665,46593.55118228156,45952.05069211941,0
56.99671691197172,46602.71610914885,45967.57932702719,0
58.495060282761294,46601.77378783848,45984.95654625435,1
48.277155964706786,46602.678387135944,46004.64165463612,0
47.19189434999527,46575.47181554736,46015.84853148637,1
45.00834909691646,46545.96094492062,46024.979599700084,1
47.78751049448873,46537.457310488,46040.712446257174,0
48.61955412598606,46538.11193144552,46065.12310023878,0
41.516118026756224,46537.81422837778,46085.79856733553,0
43.528055948323534,46536.63002002289,46115.17333986817,0
41.35139838010923,46537.59667235908,46144.46345183536,0
40.11168591228001,46534.61432053963,46162.7660479013,0
34.079711659086755,46507.096785446294,46172.4704717895,0
37.145459348310055,46483.06150518939,46186.90176309442,0
33.1759096450692,46445.23174771013,46193.08510737904,0
30.52081495982621,46405.1736231633,46201.14677166413,0
30.22529645844925,46355.529831852895,46208.62590193785,1
36.522185545200024,46317.95603067738,46212.391889481696,0
37.83870359986387,46277.06397784719,46219.38956833598,1
39.36667834803011,46229.918882206875,46227.26588151089,0
30.714398330179606,46183.028065227045,46233.51512450463,0
27.474222695646176,46134.96527529427,46244.719585661136,0
31.29476235004715,46095.39922078556,46253.37364605905,0
27.159888892005355,46061.43937089869,46263.08099179969,0
26.710484716435573,46029.638706292026,46268.05908832905,0
23.944499226913507,45987.74206166985,46264.39433064604,0
25.0102164015658,45921.788096985205,46257.22741764735,0
22.633522109350793,45855.75854175626,46246.09178891303,0
26.084882752105216,45797.4400230809,46236.39422553914,0
23.970443736663356,45728.10642366421,46218.645141172165,0
22.595602120055773,45648.62136592985,46190.573411257006,0
11.548828885987703,45558.76368264929,46148.53956395084,0
11.09189247615231,45476.73132522467,46102.99666496679,1
19.07570316231562,45393.860309402306,46064.160320246636,0
18.249224003541045,45319.05722314039,46014.78850841067,0
19.002215201064644,45248.77862391099,45968.357444547575,0
17.88704092581939,45181.932538844856,45922.76831165772,1
22.392184386356163,45113.71668126831,45880.49379253559,1
22.712515512786922,45045.32683393682,45840.73903307085,1
23.4012165234476,44965.96277070503,45793.95214132342,1
25.30248810437962,44884.91651942354,45748.51211083143,1
32.50286546022821,44819.18456897549,45711.55801869217,1
42.51711667667802,44771.221414043124,45677.89234836846,1
46.880699232746665,44728.55632402816,45643.67803841517,1
52.00333309350276,44689.704665611614,45608.85315490994,1
62.20604306487559,44669.63931894944,45574.56038449811,1
67.8867943857268,44663.928005270005,45541.486001718666,0
64.4018220514588,44650.63302668011,45509.97669219544,0
70.23320807841648,44644.805682922684,45480.24126539529,0
69.57173630865974,44647.700705564035,45449.375379541794,0
71.95952477323057,44661.493285795914,45417.750252662736,0
60.310269862943024,44680.52976943486,45379.66502806524,1
59.5868440676879,44701.997729452894,45343.08624161255,0
71.88352572219296,44722.5803494212,45312.12110516074,0
73.92570054645583,44748.41904908079,45283.96740182403,0
68.06701080068245,44773.25576240383,45259.27537154086,0
53.69951221072226,44801.29291874381,45228.302554960035,0
40.219189912519944,44812.345433073395,45190.18719318673,0
39.53761425590203,44824.52915827234,45155.42500502868,0
30.77738639132602,44838.8071669193,45114.82300008199,1
23.37703419871444,44844.91181450923,45071.438167691485,1
34.16783926915926,44844.73282400504,45035.60542007834,1
29.138944535387665,44822.454130296,45004.03528630836,1
25.169267267875753,44787.895256304575,44965.611538861245,1
37.50238931869495,44770.886567311085,44939.11508275032,0
47.00096749593273,44758.98871065069,44916.08641949306,0
47.41745613760785,44740.207238347946,44895.356964316685,0
45.38497937984358,44726.100996824396,44873.234678654255,0
44.441163077288074,44705.22743191901,44851.50664702403,1
39.7956134117915,44675.34480159929,44827.545747298755,1
43.62303468872576,44653.36880737807,44805.88654952316,1
46.93866252269128,44640.10236229748,44781.719862866536,1
48.53754614264362,44632.19148972909,44757.80314918996,1
59.283112410305726,44626.49906101896,44738.14498120885,1
70.15640430508427,44630.23338559173,44724.20527354392,0
61.56433040697209,44625.46390833007,44714.364110204944,1
66.65776265032498,44628.38490236833,44710.941277113285,0
63.83737610739,44630.62330899523,44700.13310008233,1
58.53587128351369,44639.75215438402,44692.349857549925,1
54.74893812271306,44660.590511838294,44687.81663535163,1
59.88086692704655,44696.08155465225,44690.422243180445,1
55.007225311114105,44716.54178383107,44698.71666055105,1
66.83662079981906,44762.04358579575,44718.16019053678,1
65.32624054170532,44805.94723793883,44730.446310275845,1
67.09710138715008,44843.38681034779,44748.84691763329,0
62.54897907790561,44862.359549205015,44761.51878961068,1
64.02720634131181,44890.09082206356,44778.620277604175,1
62.488855298408886,44919.30363143909,44795.46945872257,1
59.13025600654113,44951.42408271287,44813.94554653444,1
59.47085378409398,44985.51808667398,44835.367873686344,1
57.94539385591343,45016.27652729771,44858.43055267283,1
67.16945562535966,45052.94809010895,44875.22527131991,1
71.73043769073098,45106.76403769325,44892.02019865002,0
65.28900590583913,45141.64295007555,44903.379631627795,1
60.59863688236552,45161.85059645676,44913.06364588197,0
63.37578450440754,45190.406531327215,44922.670995156055,0
52.73984726787915,45211.541612270856,44929.986719913635,0
58.08841837639988,45242.95484529865,44937.061827529746,0
58.6060496773427,45280.567455066914,44946.65456640761,0
47.89716386570609,45288.49244674288,44944.13333182316,0
42.33970396301049,45286.648151345034,44940.48418940009,1
32.65761532950431,45270.354611231116,44934.64659726956,1
29.150037601761937,45221.26219401164,44925.865976360285,1
42.25821981944601,45205.22901878909,44923.505778023005,1
44.07126461580488,45185.46200779638,44923.66410111952,1
46.58346554285443,45185.52762925193,44926.42753634991,0
39.239915492254546,45179.74451246332,44930.00091509198,0
45.22705769452966,45175.79063415052,44940.84753915342,0
41.483885581144975,45153.621352046895,44945.58242404427,1
44.35071318877575,45146.78829816641,44958.56032618518,0
42.782551226556215,45130.34545419286,44972.604008546274,0
41.65586519720051,45105.91934869175,44979.699881194596,0
39.570242429556664,45068.64538903213,44990.49670214446,1
49.393487790102654,45043.25929981133,45005.5252490305,0
52.036684343085646,45024.2785460376,45014.42043737259,1
53.626414804498204,44988.81947515739,45014.60330095874,1
59.700942145062854,44956.91907886934,45016.67145612218,1
53.80765403805031,44935.62470649343,45020.87131139736,1
48.069798156968915,44898.30194480288,45023.884371561166,1
49.92482013104427,44902.331218600026,45034.92789862346,1
46.31786962411207,44903.613066488215,45040.58189304415,1
42.36405220083218,44922.3840855561,45047.559286573,1
58.7278057146511,44968.46654632678,45060.37599899936,1
50.117258778714266,44983.688763049744,45066.381658835315,1
59.61821190066684,45003.46915326696,45072.9584081896,1
69.47654381940978,45033.480417855804,45089.634140160204,1
68.54670595916178,45066.007419631766,45105.04992199736,1
64.42451753157357,45085.677113285565,45122.869060869554,1
59.97547095430491,45115.285063985066,45135.795587884684,1
71.32122229002574,45147.55605760035,45153.34654449,1
73.92055284210244,45200.79243439463,45174.488360443225,1
74.86658266288067,45273.83506061084,45202.61719190651,1
77.74985762771163,45341.49779261596,45222.278384872545,1
77.26420345038657,45416.37412645053,45249.69600443518,1
82.62555792853313,45489.9158658899,45273.03205958943,0
76.89374332066077,45568.258015648986,45296.96268753633,1
76.123761478552,45656.84379657098,45323.372645925156,1
82.96176666032848,45752.16266674093,45354.01492551808,0
75.22041639061113,45842.60038814406,45380.35489373364,0
64.90413428260158,45909.49442946478,45404.518435739774,0
64.52682702059215,45985.51520948694,45428.27736591984,1
69.90901757616004,46071.031796649324,45454.79276918915,0
67.96444682788689,46129.85691454041,45469.613149738216,1
65.06438418881756,46197.76618892805,45488.83095437632,0
57.66350748695058,46249.23133894132,45507.910705183436,0
54.63661287319674,46287.95825633062,45528.65483016157,0
50.9157528421537,46316.99586481572,45547.231623015294,0
49.725311295339495,46359.02167317739,45569.295792021054,0
49.234329230779046,46407.1927214604,45586.44569444208,0
48.995107207313374,46432.946337473106,45611.128100782094,0
43.624153259021455,46446.569911046696,45638.45706432389,0
26.59723877672498,46426.32066024672,45665.003611512744,0
27.835439454043453,46400.80884723224,45694.09704616078,0
33.619726885881946,46368.29297550574,45714.92158712184,0
27.934000033646342,46318.54794990019,45726.26643643096,0
16.728042952714176,46251.92210697966,45723.52047862742,0
15.262854825319252,46150.66082300988,45711.739170143774,1
21.534475870848524,46046.33212181232,45702.2315205828,1
22.30530732574914,45951.44185021494,45699.48309300086,1
17.628367090308714,45861.621234306505,45690.451610195814,1
24.043248974995294,45780.85234641244,45688.48012280767,0
19.147872119101578,45686.47767563626,45687.01609996695,1
20.90563448962253,45606.125815796295,45684.605320443894,1
22.549072685940047,45523.761352096,45681.03177529018,0
21.402731392576186,45442.59116372878,45675.235752259905,1
26.820089794527675,45357.354143202196,45676.068697379495,0
32.71733242775883,45287.82860310477,45679.59543270947,0
30.31857530674435,45208.735966834436,45678.54029615745,0
34.042732400031255,45126.61992294073,45677.77288569722,0
43.025583052235476,45050.45016020384,45670.375677423624,0
43.23780544644244,44950.664372584826,45657.27758676253,0
35.18611613347308,44873.08891357579,45645.28554272062,1
30.494694462281345,44789.01328739791,45622.315742589235,1
37.48027393797635,44707.86083775798,45604.59041700513,1
29.40299920923377,44643.52169490161,45582.28745308482,1
32.00028389900274,44605.94513154159,45552.50636410174,1
35.73281440587,44598.76553308578,45524.84241552538,0
31.76837314537015,44569.04941141155,45495.5804398332,1
36.4018210868946,44543.79336429846,45470.886413126216,1
36.20658135143316,44526.53818165106,45442.0444598161,1
29.249244597891447,44497.98364332057,45407.35660637805,0
26.777373369560323,44464.19173980714,45363.158771645474,0
33.03926760301485,44433.66760093559,45321.47324377173,0
39.32727648047942,44409.920453999,45278.450306309576,0
53.01394253014775,44392.01932152972,45236.07713451583,0
44.140899493987476,44360.4737060644,45192.95497354565,0
48.312999617455674,44315.92098805562,45143.226309303325,0
42.97426881615423,44272.614008992816,45086.72083305821,0
48.933348571310056,44240.79753116138,45037.05174290415,0
39.430753994594866,44196.5712833988,44985.20641899724,0
31.89805332226436,44169.686126321045,44930.94595349617,0
33.97157439730846,44135.94364817877,44871.250283332396,0
30.471086682606384,44113.46006713236,44815.757003626015,0
23.855385876048288,44071.666046004495,44754.15035983571,0
23.76699340753906,44028.600938099655,44694.03529274815,0
25.552690539963734,43981.379783586395,44629.874975004044,0
17.377580302436556,43916.779418652164,44564.75583705996,0
9.929065155259693,43860.26461553967,44496.0776167781,0
8.09437846761952,43794.6456370258,44425.86757935238,0
14.929552792911906,43731.306309411404,44361.38844859142,0
14.284967491361968,43660.961514513394,44293.11324776473,0
15.314237928389247,43600.7969228443,44232.94927668451,0
6.937579298469458,43526.596059162366,44171.78812854379,0
7.8530793892365125,43439.36310765465,44106.87835916913,0
12.280103775050435,43353.96705216421,44050.24477542143,0
15.917365536165306,43281.62119815934,44004.83461001752,0
15.194870085178309,43210.379612657925,43967.11382516255,1
17.675037110845395,43137.0472481974,43923.00688361224,0
14.784429854317253,43042.29387378595,43873.392552332545,1
29.133733757921576,42977.40303649144,43831.519139871205,0
38.645007202083505,42925.02479781876,43788.614934058714,0
43.6857102644147,42883.18776525421,43749.93431917958,0
39.02951761651597,42826.23262631413,43703.79972783315,0
33.67706945341254,42776.33584028941,43655.18015511308,1
35.64264899579902,42725.268921759176,43607.10639596031,1
29.0271410955405,42657.99622395173,43550.13180730386,1
36.65310414248508,42609.99894581995,43493.62397414603,1
45.99360660655491,42577.720188415326,43443.67130541046,1
52.811449354116284,42571.4724715386,43403.808598791526,0
48.32781770343238,42549.8100549616,43361.132406494515,0
50.137100568049505,42538.174148962986,43328.11715831599,0
55.249755699181115,42538.86808443459,43299.26094502803,0
59.87208447025527,42545.10972348902,43274.22670298023,0
53.19155990601388,42551.6790257866,43244.4056343806,0
44.24186771632077,42536.615235071695,43207.48219148947,1
46.01077937057841,42530.530491606085,43174.66875404332,0
51.345216839162404,42528.42336240552,43138.97695689044,0
50.844486272506295,42521.71692079865,43104.07388736709,1
53.108761317867334,42532.38511654117,43068.82925322964,1
62.332552463593466,42530.55572290967,43033.12615637465,1
59.89991663466925,42523.534356322925,42998.83521925965,1
52.724948507231275,42507.82752860421,42967.38863469841,1
50.53711683199673,42524.29460464269,42940.050529315995,1
55.90631647046924,42545.37998327344,42909.36396682285,1
62.471260804530516,42586.00404295665,42884.700284531085,1
59.419325985787026,42651.57988682421,42866.57427960778,1
62.529575167945715,42711.76793115863,42851.96275138724,0
65.69120886794317,42756.28438307478,42837.13945504325,0
84.99455958825035,42789.921052366364,42823.45800727352,0
82.82793303597323,42835.14647760889,42816.562484178554,0
73.34636502702475,42869.87735573195,42808.19365008035,0
71.23682720481402,42881.725129253515,42797.57353745793,1
71.71439442189522,42900.3339337839,42788.97624964085,0
64.09111815801978,42915.53882860104,42781.95474741921,1
62.97633417584715,42948.78158958391,42775.55445208317,1
68.34472353027779,42981.26997137456,42774.62482915859,1
63.446009000783704,43016.9906625049,42779.06145443153,0
59.34663975583386,43052.78342352157,42781.08141055985,1
58.39028212791486,43099.83748675612,42790.90599312176,1
58.31419655563394,43150.84024862883,42800.939732061626,1
61.22434831459191,43210.338349350044,42818.58595319431,0
49.95435840724565,43249.331847262416,42826.80260446565,1
47.0443809960355,43275.410292369794,42839.57622259896,1
50.31969523038783,43311.246913173585,42858.117489030425,1
60.7816956086088,43347.89319963713,42882.27074352026,0
58.461706207358915,43364.260130995164,42899.62985274212,1
60.81374303624288,43389.176506817515,42923.481509051075,1
69.02006594824742,43431.669433029674,42954.98832897616,0
60.85752786723954,43444.24990253357,42984.24041877257,1
59.43786736379829,43460.4863654604,43009.79581576613,0
60.21998815905328,43492.22034868176,43035.07187042555,0
61.719203888495585,43530.339177186586,43056.43410223087,1
56.08605612513546,43559.33221487141,43082.21608506375,1
56.43564073481417,43604.07758054076,43113.05144351975,1
51.04682819880276,43643.29543924575,43142.76505907779,1
59.34127080232766,43669.768959281035,43179.33392329031,1
60.83597982028009,43701.32712654561,43215.5927267218,1
63.38477243071685,43757.64707301676,43253.05216440042,1
60.072724551508315,43805.246987097154,43284.41579934519,0
68.16927749832973,43848.702993761755,43320.496907581684,1
61.37353099173129,43876.81709570771,43354.0431318922,1
49.060346893769804,43917.500780679235,43378.255682963514,1
65.80149045946348,43965.97171928315,43407.921020916605,1
62.84879824154699,44004.486581011995,43439.24051112057,1
64.9344069536273,44037.50558906453,43482.626885117395,0
64.91701381439309,44081.86726417862,43520.16456177113,1
63.8469331589394,44107.67490678716,43555.182126803724,1
62.89780685987028,44121.246735426954,43594.800254827474,1
66.71506090888883,44154.22609444686,43632.976809934844,1
60.02839012243535,44170.364256321955,43665.71922913105,1
63.72536663182342,44198.49989335146,43705.05808523696,0
53.08875331032214,44223.63576926977,43742.7573984971,0
54.89337540970529,44262.94850500049,43777.67764520687,0
57.842026990699296,44304.001267892294,43816.499957367305,0
54.13019571085121,44338.60922066907,43843.807130162764,0
54.16861376465264,44365.365790283846,43864.84828467415,1
47.92632581867746,44380.98291749339,43883.27872125571,1
44.95183040725336,44370.403148753874,43898.69967067205,1
47.58183963582748,44371.70810100774,43917.13061880173,1
48.09821028985335,44369.676451939464,43934.30889731392,1
54.463024093330205,44381.706268145936,43958.7746968578,1
54.80799534210656,44408.97845864893,43989.15701472168,1
56.10408903781875,44427.79509122687,44018.90548389381,1
62.2585611941387,44448.549434423476,44052.444753449556,1
60.21133824301923,44470.1680519513,44091.18147006435,0
59.11648959842294,44486.83125852574,44122.3890766316,0
61.909037329370854,44527.25070481834,44159.2861437291,0
52.70263719711414,44550.589930417635,44193.9228575859,0
61.56454308820801,44582.50963266583,44226.04566829872,0
59.509106788171884,44612.43298236074,44250.35632262381,0
59.439162103627126,44621.025593235565,44269.33298279118,0
64.32496070748044,44636.821141228706,44297.75311608361,0
55.09613374940762,44638.473820521824,44322.90305646769,0
55.1976123088401,44629.89123782479,44343.957687227776,0
44.15705651277067,44620.0335782976,44352.663281626956,1
37.59670294296098,44610.32529052935,44363.27434848784,0
38.8957068144686,44608.61474323005,44371.054015820715,0
38.83782459891846,44615.85737962631,44372.37484931071,0
29.255914336345356,44598.93017204556,44379.00272660653,0
39.7807922552947,44597.24749846411,44389.01335051539,0
25.514041091541642,44574.4680254546,44391.673767566936,0
27.933098617458967,44542.93627389645,44394.195853405625,0
20.507513293384378,44503.70773506655,44396.65569197187,0
29.442714063683425,44470.22636040688,44398.904265396,0
30.94861046470008,44424.85531558068,44403.80542059832,0
29.78912905130531,44386.653548022485,44409.14291212818,0
25.66333277905221,44312.74626032106,44403.85379723928,0
32.24094832953236,44260.361549230984,44395.0086480716,0
36.287221871595406,44197.983462736374,44383.140258554406,0
41.40337457291956,44150.81362501727,44371.200575126015,0
34.48050393816135,44099.31521061949,44358.332228755884,0
31.01385281414548,44037.825409212935,44345.88296749709,1
43.04228878571905,43996.195438879426,44334.99254430621,0
29.027764698736334,43938.64977845947,44317.62296620677,1
29.478957188644202,43884.43183224099,44291.43377889753,1
39.245661470139616,43854.89331223643,44272.48476771096,1
44.17774158207948,43826.779608969904,44258.69589669381,1
39.988228442822574,43795.11456213619,44241.921979994404,1
45.595891727265766,43782.82075870356,44230.44059230922,1
47.817320506983606,43761.752778803595,44225.56875950805,1
56.501735843838254,43755.21070882328,44214.35809375566,1
53.95285070966239,43754.54016367263,44206.55761116677,1
56.92543490424001,43763.578563475916,44196.90771536204,1
58.37996429586466,43771.52351201456,44185.9131630449,1
68.77381411037496,43800.94655417079,44188.74035399902,1
72.75315558539077,43829.502320675645,44194.7975242849,1
67.93326470534817,43874.859782337684,44201.404543177,1
71.43154500980677,43899.1979673177,44206.52657549712,1
79.03760563545143,43925.19543657782,44204.53519278245,1
79.85593897246164,43968.66516465729,44210.79606021315,0
80.53886541092876,44029.465374962034,44217.435871482325,0
78.84209974046084,44093.887195456206,44219.84646222,0
76.02618044479595,44143.616552010826,44221.32112861978,0
65.08803323015871,44198.11391059222,44217.44875667426,0
58.45040965636688,44253.46206600846,44204.751384520394,0
58.153453915347455,44295.499711424156,44195.952148870325,0
53.63817594231507,44326.18534700166,44178.26975356714,0
46.55408623914001,44349.67961000279,44161.55785182847,0
36.968401278690884,44365.60631750842,44143.67926624626,0
37.411400597824425,44376.241922983565,44131.09233575719,0
32.551244285801374,44368.87542382204,44113.49802599025,0
30.207435167510482,44338.501834827824,44087.229888606416,0
28.92034771391789,44297.77574867571,44060.628486623595,0
13.91472310977528,44236.110086076216,44028.400702345476,0
5.241479894547695,44133.79557888305,43994.24515423319,0
13.465272092563453,44044.71969182064,43968.55528480141,0
13.173578005320664,43956.307167741055,43940.4815129814,0
14.269620857692288,43877.60911175492,43911.22726834856,0
15.229097400780901,43797.54597147549,43883.98151255442,0
12.848314999349526,43687.475640692675,43846.887317104585,0
16.21763863879913,43571.67022153567,43816.31674991475,0
17.49511401445362,43459.994476550084,43786.66974328146,0
12.973877005811218,43340.444231359485,43756.01572713695,0
12.42396032190831,43227.782083079495,43720.47104574331,0
12.774464688272346,43112.53654111036,43679.823874732276,0
14.827172399875167,42991.73415888608,43637.98439321576,0
15.314330054767296,42873.48004388216,43602.563266991594,1
17.303529808238864,42761.34909348074,43561.952869528366,1
22.511073608389452,42644.871281005355,43522.43439355385,1
7.7232932277023565,42528.43085234888,43482.139226689826,1
11.29780963518435,42429.97361279596,43445.76138686084,1
23.95520299798997,42361.698813273935,43416.779250230815,1
30.79723936447988,42305.0543635098,43384.17205647573,1
45.10254463302271,42273.83846358516,43362.47617639575,0
37.0009115752924,42252.83433542698,43341.60615550759,1
35.22687867865788,42215.45436631389,43312.77970643239,1
44.09981393017169,42185.5874729389,43284.00465856901,1
52.303148585101624,42165.0898200605,43259.217371518294,0
56.23906098474064,42139.690019168236,43226.72921674029,0
62.85491544881124,42131.78437904172,43194.89995719982,0
57.461027828885975,42110.33365609859,43158.36592882488,1
62.95140212760319,42095.00049366422,43122.853875278095,1
62.5015656383013,42086.978455780976,43085.375684058985,1
53.935378159775404,42071.18834870392,43040.33698041906,1
50.437316177001684,42063.3320905414,42984.77808928051,1
56.03545439368463,42081.36093920485,42938.72784062745,0
54.41392397810187,42103.81387030418,42894.14490217818,0
59.55813069894804,42153.59413446198,42863.711336386084,0
56.722634753627624,42188.38358774762,42827.70965402177,0
61.528030608133655,42231.46557600752,42787.25939122992,0
49.16403499616256,42246.8965169627,42732.73384366111,1
46.720499045290794,42252.89413269951,42680.382025128136,1
51.411872312316895,42259.27368744071,42630.434910647695,1
52.18878231698736,42264.486244726766,42589.025110049566,0
52.7262147604278,42270.18344706528,42548.29470793032,0
54.53718420005856,42291.357702564455,42511.12290288851,0
52.70141465427598,42300.65884362372,42473.79405721783,0
57.34362140468619,42301.60423545753,42439.9872217002,1
57.346732539159,42305.00261127316,42402.48773424618,1
44.990726766263705,42290.921254323635,42360.771689735855,1
50.295665899392716,42301.972414414784,42331.604725061974,1
40.90496505847271,42308.6931954361,42310.9304195214,1
51.56774399487487,42326.55012225265,42296.885433489755,1
52.76828430650942,42368.69851752591,42293.37235299894,1
60.798650466853815,42405.50824887404,42293.463157276914,1
64.94226579070056,42432.65657460193,42293.90259373996,1
64.54858514509222,42462.81123913726,42296.746530736666,1
56.18421662827333,42459.552385260686,42296.488645788384,1
61.93241893656694,42475.221304996274,42298.779787430074,1
52.75830708625874,42473.15312795653,42301.530386135455,1
61.224352479496496,42512.49289651466,42309.062913652706,0
64.43935200420233,42559.97288737116,42320.37338945657,0
66.2948692027787,42600.42921882922,42334.428905635585,1
75.57911349352929,42645.1546855195,42355.97415102557,0
63.16412911574091,42682.05297300855,42376.101280689596,0
59.50532482016637,42701.06694327663,42394.85601664474,0
54.813105399583925,42722.89386392775,42413.55958523606,0
58.71968524656511,42768.71860390425,42442.93502586959,0
58.285825085336484,42808.17173706558,42467.807916670274,0
47.8302829722341,42841.91570431684,42486.16563052303,0
41.60264917739154,42845.5186205489,42497.822728163155,1
47.943311952538785,42857.70351730143,42509.33230113239,1
44.558897068640505,42853.073307561994,42516.09301111063,1
47.22146856605436,42836.40511876122,42518.399015069364,1
43.95083591648873,42837.04465851992,42527.14728651408,0
39.894644214215376,42823.94207952232,42537.29767902333,1
41.04877953570544,42807.846824134314,42545.650271214836,1
37.569384399227374,42807.51273886714,42553.45781331104,0
41.42788429654752,42798.38338136694,42562.257132309554,0
43.7007135172218,42797.82053211612,42567.94484736523,0
46.022820492010084,42783.61265320874,42578.37451249677,0
38.04212248175153,42769.94869958265,42590.35267182395,0
39.221486772510325,42749.072538936685,42599.266538897864,0
34.213004089595856,42685.34258289024,42601.6358447001,1
44.10062325703414,42644.22833478469,42608.4597783869,1
44.22658994234619,42619.88465886783,42610.26550450993,1
48.31936543801998,42600.06552178969,42612.06024583026,1
50.6478636961376,42560.57247008685,42605.726360119545,1
43.3358203540224,42526.14114845135,42602.91094095176,1
47.07995621227625,42513.7847204486,42599.09328829947,1
50.49797101047754,42524.40381578768,42608.825647693135,0
48.021700559867014,42526.52571584888,42618.78493439214,1
60.933750066572934,42559.502021915556,42636.18434490057,0
54.39773130437506,42578.43178374919,42643.977230678334,0
54.119537409919744,42591.36283587465,42655.619042037826,0
46.31963889099736,42594.131204656514,42658.40707986016,0
52.610262807321675,42603.65656663287,42666.8493604185,0
58.9707482323912,42592.015022852705,42669.62212826911,0
50.4863328394353,42571.341027564966,42668.79249882628,0
44.13384807752002,42545.99833347103,42669.97567902418,0
44.43199689732859,42520.894407052445,42665.943309551825,0
41.16351811344438,42481.1539740167,42659.33698325618,1
41.09490415518179,42443.48282099677,42646.03961839552,1
38.10923238089593,42434.20852264589,42627.83984674809,1
32.82837957573601,42415.71599121053,42612.542875321495,1
40.12227900583384,42402.820794470856,42598.331192457495,1
30.61712425561805,42394.784367306565,42584.84949709798,1
34.36108585230721,42380.81924055486,42574.23310223722,1
44.88089757337279,42393.46733185671,42570.20935169594,0
51.890693732363545,42406.030200691755,42572.24411739356,0
43.81952115686389,42400.37178077683,42563.977201398004,0
52.067622739453206,42396.71353484764,42553.48119338274,0
62.240434316437664,42373.497931067024,42545.41182979569,0
61.88017962483708,42359.04349097251,42529.53275285954,1
54.49550808141887,42332.434345061374,42515.77159085897,1
58.25319499585626,42318.43331967383,42505.35363041905,1
59.64042145226397,42292.03161733367,42494.50446178086,1
66.1936749789557,42296.23594815847,42480.629065970796,1
69.84464145830967,42321.19105265131,42474.000225060576,0
61.23500532211419,42346.07027380877,42471.63750682095,0
60.24192265668322,42372.55055437716,42476.756083083135,0
66.54741543943462,42417.65683025942,42483.318308439375,0
50.864506269877864,42454.679474308665,42486.68208509419,0
43.88726124897846,42483.2832404973,42486.59109544252,0
48.107331901006056,42514.19772210375,42483.40410075503,0
46.93033702045804,42530.59372950607,42480.99185245101,1
43.59547519889248,42539.60865065707,42477.55422770708,1
45.44564503719921,42548.76156741804,42470.73263365758,1
49.49484626357745,42533.68376184235,42464.3295038861,1
51.27456444342243,42517.531925886324,42460.12867490163,1
59.26636316741478,42522.409136019814,42459.495794522445,1
48.477551878288985,42519.91168145651,42453.46638613228,1
57.289327089191204,42536.443094896254,42460.360052179516,1
68.0021750330599,42579.45766988402,42487.17878765704,1
70.38170554909503,42646.28989027564,42516.596213055345,1
68.72176265493445,42718.482353112464,42544.79270811689,0
81.81055113733387,42814.35691472703,42580.2210189558,0
87.07584638776697,42892.53904380706,42613.41569545888,0
81.21551908306222,42954.98357052634,42645.53719389056,0
77.79815219845347,43018.576129392444,42673.55407039849,0
72.3779687021748,43067.87987911816,42694.146508415324,1
74.29941645965607,43105.73036063976,42715.00016635573,1
76.67685257530175,43160.51719126164,42727.08815283262,1
76.35393965816955,43227.540202680204,42746.23446301492,1
74.06449951624226,43294.55058674974,42764.67920110507,1
77.38197792028697,43362.53649642195,42788.35396915717,1
75.94834329361683,43448.40761923729,42815.45464874885,0
72.63637924584698,43543.587032516894,42851.36143752325,0
71.44332439073247,43651.25213698707,42896.29394765494,0
70.05777455089999,43756.982559455886,42944.52236529558,0
49.68045612562905,43835.21766940363,42985.22509946292,0
42.13199261038596,43900.12348194358,43021.05418930303,1
55.92828138078083,43961.47340093389,43067.55628415437,1
55.899287233754144,43997.8981828145,43112.65465172448,1
57.88007867919139,44014.86289495778,43156.25497455425,1
58.35339041498246,44028.05940616922,43194.888152796244,1
59.27909573870198,44026.68006609926,43232.97929847288,1
60.92893715534842,44034.97050105264,43275.07619965799,1
66.11624293004606,44069.331165454714,43315.882727329765,1
69.23070077700588,44123.95891427741,43360.72555583275,0
61.37825327663705,44180.50675888462,43406.20049965844,0
62.31985759737005,44245.523936002915,43454.52432681784,0
58.05518575852973,44303.70189929783,43499.16974012495,0
56.88921168607338,44358.49637676162,43546.015617330566,0
59.13913740996882,44402.47527568771,43592.6955733556,0
59.6858689551094,44428.19190079378,43632.257401605144,0
51.89300478783013,44436.229670685025,43673.13387008939,1
49.96909249802569,44428.50710273876,43704.26989935537,1
56.54153772424866,44420.83758361217,43736.152560039285,0
54.287501447877226,44408.44938268352,43769.474008845486,0
53.33007321736975,44415.30297092905,43802.32606608367,0
55.964359396599775,44453.97064141841,43835.57971376663,0
42.466206740760164,44456.957260187875,43868.46739850606,1
31.982188089269016,44458.01592782416,43902.54772665523,1
35.609894750135425,44467.050945147625,43937.3962637718,1
31.3351950769069,44476.75457821554,43973.35249228003,1
39.61579620747222,44491.989156512886,44013.93150081521,1
44.7165536919064,44509.126644727294,44059.22223058169,0
49.967663477072264,44509.4892838702,44106.20493614091,0
61.120059165616986,44497.87860589251,44152.86422783523,0
62.72082311616979,44497.68801907111,44196.31205287895,0
59.419465907219845,44473.11296286875,44235.80483938274,0
54.19700997138877,44450.81506107495,44264.91852659642,0
57.16867476488527,44432.37697890543,44287.18334093913,0
57.87403346909766,44429.46429738328,44305.96533619866,0
45.04859595991935,44434.2387099988,44318.55994435969,1
46.20328194121581,44426.640760615344,44318.04740844471,1
49.049276363872984,44426.25730446783,44317.757203619665,1
58.391861054915154,44436.26937264551,44328.66688088696,1
52.45585870780192,44440.8997481311,44338.403456340944,1
52.78033515226534,44454.18350390074,44356.847515996706,1
55.85025043060877,44469.63939856168,44381.143328935395,0
55.64341878804288,44500.40291030277,44404.421686122514,0
51.12969753197882,44531.61411658283,44424.17729221629,0
51.89907538303541,44566.144682253806,44446.033901973424,1
60.23988377042548,44599.499902687545,44468.13785478626,0
56.3817535914432,44613.22910830665,44479.86009644295,1
52.16631914995543,44611.698754371646,44486.46691932359,1
52.14542002987627,44613.73486270078,44491.19802642639,1
60.30151591304067,44622.071328405626,44498.89973541513,0
65.76532017369054,44623.86913318742,44511.77263839247,0
66.823933146997,44639.67272596706,44531.62453699214,0
62.02400757242386,44663.72645922538,44545.81974991301,1
66.83983002271458,44683.57059146197,44561.45230439812,1
58.93462515008574,44695.83594537775,44578.354556366656,1
42.394105020401256,44709.79152549691,44591.25279209077,1
37.58294250400672,44728.708238507614,44598.85867740806,1
58.14963657015073,44776.65910502574,44614.43264520891,1
54.50761207204877,44802.97429383214,44622.12413223793,1
59.728477922993456,44851.132540980965,44629.27290702236,1
70.53846410508618,44904.39143903143,44646.401388055434,0
73.71730534778597,44939.96711775651,44658.92060163683,0
73.50334983241319,44978.7724293036,44674.44989812482,0
71.21675280664797,45025.401005017564,44690.939143518655,0
62.806532441694394,45050.77956158835,44705.35561633368,0
55.296650004515186,45058.68848511567,44720.33648851503,1
52.94493205891108,45075.67693311394,44735.639001414514,1
51.83434313759266,45095.00427398983,44753.065787824016,1
59.65934345385854,45128.7116197282,44774.34764087281,1
62.02055878745212,45150.71883199795,44795.8075151409,1
70.56183816161848,45195.463236251526,44823.83674452147,1
61.2853308095461,45236.13506219263,44844.49030530183,1
67.51703891181216,45289.24250663471,44878.73384849174,1
65.36337925510027,45349.13906488801,44917.90155922366,1
62.0820629225175,45417.661811831975,44958.59890304038,1
60.40627510666856,45488.62032740588,44995.9990917669,1
61.07378922650019,45573.07486101756,45031.292959209924,1
65.50906476731637,45647.767701377816,45069.889067869124,1
73.20562728446934,45722.97428339826,45107.51813204916,1
81.07733082620311,45781.13631404992,45142.575990285324,1
79.25321185704621,45819.99078593779,45175.3224948021,1
84.56406375993944,45876.88219677065,45220.42829519759,1
83.18915899780167,45938.64282158918,45269.58100233052,1
86.61600520291903,46013.855461492094,45323.53053655333,1
84.66072645807411,46108.326152006426,45376.90035818294,1
88.46140575223387,46218.70976621103,45434.12491099991,1
86.6113570466767,46332.844336137285,45498.12043162329,1
87.37793641786143,46461.92962679376,45567.33471675439,0
84.36602344547647,46569.62793164041,45627.691064470775,0
90.58301005524038,46693.37873580759,45696.7991102115,0
90.38765867508579,46801.27855557474,45762.67476519106,0
68.91946995204975,46889.879507922946,45812.58634904633,1
72.13943055940442,46968.193390336106,45865.85004050508,1
66.78147109469074,47028.71997764718,45916.7439036494,1
70.19902265370591,47092.205373607285,45969.02317958179,1
68.47957625654591,47169.823589117106,46024.12856633872,1
67.09113936727098,47244.97155879669,46083.98993940595,1
64.39276751112891,47308.629203134245,46148.66124737416,1
66.76024395986367,47384.72383029084,46215.91371908518,1
63.95626560240005,47459.25614886299,46277.44991846827,1
65.01020556895523,47544.190389420764,46343.45099729543,1
65.26547621711772,47624.553746958045,46414.38070359398,0
70.69059618558296,47713.964418400705,46489.67618600064,0
62.22908281741875,47777.84048707805,46561.23849479976,0
62.344067027280296,47842.66548930043,46635.632175752005,0
69.50593882790184,47897.482405964416,46709.201263186915,1
61.88859008039334,47938.02066206069,46781.84540104451,1
69.7317633970815,47971.447610536896,46845.25011895885,1
67.58119873137514,48008.12029958694,46909.749466772686,1
68.28310010371635,48042.55623348863,46973.368587214565,0
65.25513728287672,48069.87209732372,47028.86702850797,0
62.70846335205975,48119.91022817715,47084.56359321458,0
59.38774393101588,48163.228467382905,47139.6324557368,1
57.28269572675319,48210.65146820691,47190.84408892514,1
49.942954526394544,48242.252042974025,47245.61217213605,1
49.71298511118079,48275.99842441648,47311.05254205904,1
36.85048668982757,48300.95632947231,47374.1016979493,1
49.56268752427291,48332.302191203875,47443.58041425978,1
50.64334738163326,48358.73247086368,47507.92205953936,0
47.6346408946573,48374.6437170067,47567.01987247176,1
55.684475221038575,48387.924453471074,47620.435484183254,1
56.44261007508814,48394.799755136824,47677.84658077166,1
57.96263101779448,48388.303516912296,47729.30059011168,0
51.628080336271395,48391.446314284534,47778.161394558374,0
48.39734854429613,48381.10327645298,47821.00876160042,1
55.49422445797133,48393.83725827317,47871.288035533835,0
54.073424757194125,48415.59466438314,47918.85332239076,0
53.96350220884449,48424.927731165706,47956.114130874004,0
59.76898667536509,48438.06092666118,47995.78412407785,0
50.81731497872113,48432.31630766411,48033.84058466024,0
48.857562055857535,48420.54259288013,48069.08775128491,0
40.62024733325603,48406.35466633608,48096.35258104076,1
34.06650451105034,48383.397719525485,48117.534414911315,1
36.47348483740856,48359.936638709405,48129.27655981206,0
38.36564442103118,48351.7703739661,48142.989860919915,0
34.23755063564295,48331.30484442045,48156.090573342815,1
39.867150003857304,48328.85166474276,48172.504629391486,0
37.135552967853265,48306.028624623286,48181.2200133916,1
34.5217352056501,48259.856848320764,48184.0136262115,1
26.673864859468594,48230.64808576561,48181.92761245499,1
38.49157479658869,48214.695325510154,48185.80219215743,1
44.34299089444456,48198.82763531738,48201.42583172944,1
55.1902988225006,48210.88440100162,48226.376994377875,0
59.256811840355155,48227.68052515918,48257.745613563166,0
64.31092022600848,48256.23284598354,48286.61975055091,0
56.58000456052587,48249.76941243619,48303.266364861476,0
60.43958375229924,48248.60124918195,48320.30519854486,0
64.91023940219563,48257.95382513126,48335.84397967282,1
60.8329725917607,48258.65750223765,48345.35759285658,1
60.7291615427582,48265.42119038078,48356.306601267344,1
56.38236438834918,48280.99473306334,48363.80948874194,1
59.66388506579608,48298.5237103386,48365.94056639298,1
75.33941109250837,48343.6038148883,48369.39017350636,1
72.74310909751905,48394.097721679806,48375.77945365277,1
68.35972435085691,48438.22064808723,48381.21192443464,0
64.07334265918377,48479.44284180541,48388.874747679205,0
53.05415731702954,48515.976547934864,48403.68698374116,0
52.11632452996419,48562.82298584135,48417.77016351338,0
48.80772018532729,48624.14592839249,48430.42387773372,0
50.28310048928965,48664.721487992065,48430.79371425635,1
49.04328399705562,48689.170340626464,48433.521489478524,1
45.89186492892134,48705.213562231445,48435.547165351156,1
48.10208385389204,48688.49563530543,48436.48386154689,1
42.000740231786146,48656.632537697464,48436.138041359394,1
50.94944988776234,48636.74673970382,48444.41762924283,1
55.92622866977721,48646.982000179196,48451.65979516656,1
52.9091810971705,48667.24484622509,48466.82060524597,1
59.987295159140096,48697.29080767861,48481.83942626271,1
61.55069656213903,48737.334154135446,48496.798266165286,1
57.620736695440684,48767.322464175595,48513.37810013492,1
61.178931288417786,48816.4256515999,48535.209967993476,1
56.42285781286382,48858.05177904465,48551.24137595612,1
56.471424064730165,48876.09668061738,48564.507438988396,1
67.96057620627164,48904.91922527443,48581.16861804873,1
69.25965423375499,48939.614040564826,48604.61623007937,1
72.28055448091052,48984.070233958526,48624.96793795335,1
70.42969500633556,49016.689230672506,48644.1248102569,1
73.62522457739861,49041.471274113195,48664.38758069237,1
75.73210562814863,49094.39774897165,48692.958606657914,0
73.89929914499604,49166.190763904175,48724.34349675239,0
69.6856910348647,49233.93298273744,48758.877645421446,1
62.1857991650703,49297.6353993971,48792.05945857557,1
60.98178365237962,49364.391926116354,48828.881544183234,1
68.74029477701457,49444.95326031382,48870.14469000116,1
61.53041738037165,49511.019510697064,48908.117283935215,1
70.97146923304174,49572.335595789744,48948.07209571428,1
78.69356634981986,49636.97999593044,48990.07193772103,0
71.8051453595514,49684.20407600042,49033.10960681355,0
69.37304084685006,49725.93582047113,49083.22985502544,0
61.888632142105415,49772.61190550362,49130.1636280301,0
66.2576144420885,49803.80110250363,49170.85227879086,0
66.56830086744355,49838.58195599878,49207.143104228664,1
47.239471785382825,49870.79245582034,49228.47066091589,1
38.42765153018919,49881.338699095075,49242.63188762308,1
40.04864621266454,49885.297482326125,49256.24208461642,1
47.5277594143341,49887.83159450678,49280.19281078158,0
57.07381689211894,49912.97335503265,49309.87365259718,0
58.346994214638016,49948.879456643976,49340.75783329746,0
55.70883904345046,49954.943391336266,49371.47296229736,0
46.93864579568255,49947.8036745367,49397.29649041476,0
31.882116180249042,49930.06880152686,49418.507272806855,0
29.799110811105635,49906.513210031684,49435.2552584528,0
40.056896944938906,49899.291335400296,49451.156552388034,0
43.59876700967224,49892.9673377324,49469.69253642219,0
40.2319800474621,49880.975939958924,49485.21940068389,0
39.009193032283676,49855.56867966603,49498.52243085853,0
38.032600010593356,49803.964965944775,49505.26730492501,1
40.649242741533456,49752.21878534136,49508.867926613566,1
45.97589198754564,49713.20431947849,49518.853211459835,0
44.10934780443573,49680.36890367053,49536.422594301504,1
30.960163062485833,49630.11184008159,49547.22887857292,1
39.66292295769298,49608.6440642537,49568.515305037574,0
37.87237713017796,49581.02910694648,49585.48404957231,0
39.87689988056517,49562.10103028059,49604.81928465634,0
48.59884746342937,49555.296449662834,49623.66196860001,0
54.737054975440685,49548.34566915211,49640.73827837075,0
45.75405249896036,49518.090895113244,49650.21207215244,0
40.331828135941414,49470.827427001524,49650.17248102661,0
39.198338357879756,49418.39389903353,49643.896860256595,0
39.35214086649842,49370.492200751636,49638.56438504516,0
42.02766007243935,49334.873690504886,49625.886488368844,0
45.00210053934824,49314.12208182568,49617.683379565206,1
37.919402573167346,49273.10350650566,49609.959282743344,1
37.88794506571494,49228.814688077124,49599.25072154327,1
39.282629545197075,49179.84829988928,49581.313104413675,1
25.30108419733442,49143.411868815194,49562.25908480119,1
39.28843723804315,49128.341702513426,49549.928293661374,0
41.273254897342085,49117.73661333923,49539.374062303985,1
29.7737895110168,49092.14610493817,49517.952553846444,1
26.447697480590307,49067.68504152823,49497.020305351114,1
38.8054485018225,49068.88069088862,49481.207961833396,1
40.58899123769535,49038.02451750732,49464.67095228165,1
56.65228329901523,49033.078428877,49452.95865067657,1
66.15796875720854,49038.25291574027,49442.13914682691,1
66.25771499508991,49030.612765684185,49431.49927059487,1
70.37981222452595,49030.953507668666,49424.18544312232,0
62.64300464792502,49024.17285891062,49405.08921734451,1
64.86474430387004,49034.92633477595,49390.46138453684,1
73.8546302735398,49059.6498073756,49377.38245501838,1
66.10613568122443,49084.083690522086,49363.153099052564,1
63.0475370139297,49113.053636919605,49349.58750213524,1
65.29958927268687,49142.94601693812,49339.42900394095,1
65.32476960082604,49172.53756204604,49330.65732523363,0
68.03359912177638,49211.14942084552,49331.17501024346,0
60.122962274326206,49254.55096907336,49329.01449911256,0
67.45128071914638,49297.724368697396,49326.21619447744,0
59.96291660407523,49326.775844128504,49315.449289299715,0
52.97288750267761,49351.30826814704,49300.3455869052,0
55.70580490853712,49382.692406081056,49289.05215974435,0
46.57699185594937,49411.16917602105,49282.36650594486,0
44.756895319181616,49413.73383277635,49274.673974333185,0
32.21167623535601,49407.23505847886,49264.95969166052,0
34.8890422819634,49394.11838550489,49250.8894707184,1
33.827116204338154,49364.58348906429,49230.78560735966,1
32.521573534945816,49337.555630600706,49214.13114685157,1
30.80157623920732,49298.94490270676,49201.53593233862,1
30.16256929219422,49268.46947778187,49190.89102207935,1
37.62100033165802,49252.34028206669,49190.50998322698,1
40.942524382763466,49233.704730891055,49185.58261958341,1
43.71560111002758,49231.980065186166,49183.7975636588,1
45.79277864055409,49228.497180405146,49188.94163826467,1
47.52903658012085,49219.86584959914,49183.917718079116,1
44.692327940619805,49212.83101248768,49183.378087450095,1
52.96570490084891,49211.753427480515,49191.03596912342,1
65.28466716398138,49227.27443792294,49197.80569441661,0
82.70671501376945,49259.612100223814,49210.72276690612,0
81.73240115918364,49295.48292127896,49226.406099766,0
84.61992614890177,49328.731339907186,49243.50715206747,0
80.41575974197269,49352.545742240625,49262.71289702719,0
71.65174219610225,49366.55972012957,49280.79351369604,0
75.86806630542219,49402.97420389436,49301.914179688974,0
66.74591342425505,49451.54018554556,49319.926933148476,0
50.50552083805405,49461.66241305273,49326.31303333723,1
56.28311718431919,49508.62839861547,49342.711091575,1
53.29584533973856,49547.09452785931,49361.02963803959,1
52.09104975353838,49579.24522891203,49375.86927637734,0
56.88401246366752,49631.79736466105,49392.2732869384,0
48.98673012244017,49652.70030132994,49404.495458423255,1
49.134755049953945,49683.17255667956,49421.99320027996,1
40.78610084498138,49700.21405276812,49436.80916815477,1
36.706597367009955,49701.16943225732,49441.85713481213,1
44.816679701900014,49721.497383591464,49457.30686451278,1
48.79573103583317,49751.2471918986,49470.645592658744,1
54.80098204535513,49775.611582394275,49485.97943578502,0
53.74508766888756,49792.77147543184,49502.66917831567,0
57.20522914889853,49796.40252048329,49516.90237203197,0
64.02791094660373,49785.49556435754,49530.93518194477,0
57.486183074549764,49784.47408746123,49543.32625314158,0
55.93722620131937,49778.57015000402,49550.28103407856,0
52.71557562916984,49770.65458927416,49555.421873196865,0
48.07457052905471,49759.17812056264,49560.36397314618,0
57.315125256283366,49765.14231056848,49568.805450600616,0
51.46094810348643,49797.82599179523,49576.4284052369,1
53.117135146031515,49803.75178711534,49579.75203808293,1
53.97612419940651,49804.0020873695,49580.810085358054,1
45.98408416863354,49810.0904683394,49580.815716234145,1
45.06855349189475,49807.063493506575,49584.38834668962,1
44.32488068027635,49824.03431054901,49593.585875384044,1
45.34725278333526,49835.09083048241,49602.952570040514,1
39.0718717125704,49845.837463178126,49610.67648301759,1
41.56964140791043,49863.32075988552,49621.6919056558,1
45.65148438838906,49871.70092371155,49643.093210605846,1
54.598392232529314,49878.970107389134,49664.58628141244,1
62.457231224364456,49875.31933136723,49690.273772706205,1
57.493029519249056,49863.730280801785,49713.139038396104,1
57.538637846356075,49857.82268484002,49740.45348488526,1
57.69800939701467,49860.637182477614,49767.80226382307,1
62.56898066111142,49869.794893787985,49790.3080978301,0
70.41199675472843,49886.87180335429,49811.54786306386,0
62.218707008669526,49907.36279030085,49825.57496324274,0
65.47745794388476,49939.86736534058,49844.91204712035,0
62.960336774780586,49961.99108378102,49865.655544273366,0
56.03302763492661,49980.84105066486,49883.63242050777,0
51.76793138068727,49987.903089794294,49890.211903008436,1
48.6971206929924,49993.446627392186,49887.27896114575,1
43.00787298946475,49995.18887948826,49875.04642793993,1
48.53511176196097,50008.581659295785,49869.627841896356,0
46.85064406866123,50008.21254294929,49865.378356600886,0
54.35535416262493,50016.866213169946,49868.680758412236,0
49.270237793676806,50030.39655837651,49876.21121831637,0
46.08342068153755,50038.61669010634,49875.9489001406,0
41.09087579258801,50034.15066521925,49876.13740247534,0
37.62574848471406,50008.75477177261,49883.423224900405,0
38.16459883593376,49976.51914366066,49877.43007072428,0
27.610733369605768,49939.687754005616,49870.17632885463,0
23.36661841774982,49872.14585474129,49857.613735216975,1
32.06599105711811,49823.331402813244,49844.41587908396,0
36.258823541594595,49769.1677989422,49836.895096875,0
37.886124733361,49709.50984276353,49822.08277749745,0
39.98393472802226,49662.54479185959,49810.50725887933,0
27.786450527816385,49591.10181561897,49800.88500046503,0
23.731634377851876,49491.74758076735,49773.75562314373,0
31.013793324682396,49429.06770204687,49754.76062456708,0
32.093822093015106,49382.191878770915,49732.844021559096,0
33.33807231541772,49342.32593308418,49707.10074420669,1
30.42802714248667,49286.849953321616,49671.22540107526,1
30.045305267961695,49197.18118677229,49634.302090862264,1
38.01661534921577,49129.903958305265,49603.550304938486,1
44.92046089451845,49063.171567002755,49582.52132521173,1
52.29966525123196,49005.27896274626,49570.060967705205,1
44.53937848090549,48948.04709201669,49551.496488722216,1
48.51676352623445,48910.6470730514,49534.339307468494,0
51.67472969842549,48890.55475950292,49520.514731983465,0
52.818021941540856,48885.571374957595,49510.15790586118,0
56.45527801522484,48893.907180475464,49506.13836609701,0
60.377361831422334,48906.21115282188,49496.06200900997,0
47.74225725557532,48891.40555497268,49478.15270367039,0
45.50521670504617,48869.38760515717,49455.03641471828,0
49.53042978343862,48860.66883647319,49432.313979893755,0
51.38034792698795,48835.928169502426,49406.54354140905,1
56.399516397312944,48817.78884231865,49382.67223343828,1
49.57086189644311,48824.59403968694,49354.91286953389,1
46.40959529224479,48809.75971761624,49327.076468657935,1
46.034937746395855,48799.776112134845,49302.62673386615,0
46.4686183357128,48785.58037775608,49275.84078298841,1
46.162482233428626,48805.19065318896,49250.17258841484,0
39.54848648047289,48828.11002828576,49221.29122918552,1
41.712320311723055,48845.40687850602,49193.7950988257,1
37.73920672848347,48842.182894254816,49164.645761571934,1
43.849331365315784,48833.066019177946,49140.342259256046,1
50.3681408216528,48837.35978908622,49110.49345822048,1
54.03152106625079,48828.53089352182,49080.955231364824,1
54.17739698184839,48821.949163762314,49056.95797722245,1
64.79225484777925,48812.732784498636,49040.08978374292,0
68.96097294319827,48806.89118708922,49031.516189975824,0
71.72271278943214,48820.765661129524,49026.29272166647,0
60.527923039561,48833.97719208804,49008.31091678729,0
58.880149930035415,48854.98889545621,48993.746955721035,0
61.72069308610458,48863.925502724,48971.137695715384,1
47.82898873438231,48875.57380603515,48944.614440472506,1
53.023796374426325,48886.07717456897,48921.65642722333,1
47.03686127846136,48900.178994194765,48901.32420112409,1
52.76003798402926,48908.85016720717,48887.114626831746,1
58.216051849271146,48921.3348723149,48880.553025327834,1
63.347204968246,48956.994927902866,48882.763652547306,1
63.91508439375033,48981.550930103534,48893.93461855974,1
63.26870067878615,49022.910394361796,48901.12282580493,1
61.98749547145965,49054.300554532805,48907.848201061955,1
61.9138226196378,49098.86441832381,48920.38759179604,1
62.014091006804186,49146.658903968826,48933.98790409975,1
72.31202579280401,49191.64863407424,48950.71218560258,1
77.99597574347071,49256.1811154426,48986.72864523493,1
78.14672345728496,49308.5067711922,49008.73360488059,1
90.62235168579492,49371.462401529556,49035.79799284637,0
81.48805831239606,49413.038611304924,49059.80126126411,1
82.5308282682898,49458.10478684136,49094.79465507437,1
84.20592310371391,49530.18119848433,49141.510921472094,0
70.80523378946084,49580.48742867163,49173.98034386759,1
67.97703606461587,49637.82186361453,49200.9978143601,1
68.95301378680615,49713.40306374896,49227.86408087359,1
68.27686472972943,49794.40229885144,49260.19850995722,1
68.99713657371765,49877.35073731963,49288.005666831385,1
67.34298084942861,49959.16465713171,49314.55858588328,1
60.1373190297281,50019.47585122877,49334.11481583631,0
66.76044855325699,50090.39441005768,49361.35854438019,0
58.73324450605297,50152.914781945845,49392.61607020931,0
62.58294882633103,50214.60570245171,49430.40288479654,0
54.79078340027148,50268.87513585497,49467.64321334107,0
50.93655075614212,50292.713682721514,49493.205530295374,0
44.35069800464318,50302.43721946221,49520.591524083655,0
33.449297942304696,50298.229570218726,49542.888476762615,0
44.44621398969632,50283.41777069745,49570.25813763912,0
41.751674450718696,50267.99912465014,49592.029367694144,0
36.770025747242116,50232.89499564395,49609.04554625002,0
32.68676095625894,50200.69048877499,49625.845305671675,1
31.23810367722406,50161.29017052867,49637.23446201025,1
28.934563922555554,50100.359583601465,49650.41074359839,1
36.403983761948886,50068.42473469681,49663.18748634391,1
25.091193469463832,50038.120773292496,49679.37296597516,0
24.944528166558626,49994.94441361849,49692.6154386498,0
27.525686064904036,49957.75074842158,49708.354893691365,0
29.12958018319526,49916.85492909884,49723.335281062195,1
36.496855730479595,49874.811847209225,49735.703659262035,0
34.48117394509475,49829.08489454591,49740.65565985521,1
40.15396651459924,49758.966624633176,49742.188719397775,1
34.0879956924537,49697.099179746794,49743.149477656225,1
47.1333691455944,49644.2257906946,49754.502324239176,0
45.824194317135515,49590.301862114226,49761.76840000428,1
63.43919278682412,49581.91765166792,49780.40238987294,1
65.09200186103928,49588.34725312739,49805.70090292055,1
60.358208123182635,49594.05880274928,49826.08112803474,1
52.06422806876216,49580.40269583806,49842.34761829644,1
56.52931246552808,49587.02526072945,49863.299405103055,1
63.338481625830795,49611.22103044227,49885.00000950096,0
60.76445917339825,49646.241042096735,49901.54375134923,1
61.22890210105506,49681.81987679462,49917.34204068668,1
55.73751343224629,49712.91719391886,49926.41346342121,1
66.51115841751016,49747.30539113299,49940.38942098398,1
62.12885130313676,49768.79552424849,49947.345408345034,1
63.50141017624562,49804.451326332455,49955.73240759524,1
63.54806274951044,49845.125221584705,49969.74552869555,1
67.15058182841304,49886.20126714892,49975.34334174471,1
63.69007002337189,49936.73845731745,49986.99633371214,1
67.10339008384567,50020.37839360357,50000.22205668483,0
75.97984291007137,50107.40887920964,50019.93682655966,0
80.28980759097125,50189.47090025822,50035.69592302296,0
77.0975956262301,50257.528724509284,50045.441334649164,0
68.48339434700924,50325.67560603267,50059.8436709487,0
63.53133525756843,50363.38556339484,50070.627869785065,0
64.5014650171264,50399.95090522697,50080.32003951175,0
70.95945462126122,50450.07086759795,50088.34855553335,0
67.75270168684087,50511.91850287829,50096.17472451991,0
64.17233592009633,50544.65678501794,50097.496256257546,0
60.03449804845386,50564.03658747609,50102.824303999885,0
58.5080616599503,50593.536633619544,50102.80064077398,0
51.406174479542635,50610.348259962666,50100.315431893425,0
45.99967245878075,50638.97125318438,50096.159683714286,0
24.36590073233262,50635.833725894765,50087.17285699989,1
18.937237385111686,50629.51924925017,50082.067634956504,1
25.664823564524994,50622.8339703711,50083.89110795881,1
25.070423917798152,50599.535424872265,50090.26787055697,1
38.507498355423294,50593.976052486614,50099.566654460396,0
43.50792787677015,50583.064997543996,50113.022682869676,0
43.94874143640696,50558.98350217,50130.657459295246,0
40.66532499713218,50521.45749830496,50148.24363037165,0
37.805391316720545,50481.83345883578,50163.91323834581,1
40.29181489853304,50435.551586121655,50179.518135657236,1
37.15289727488007,50386.04517503873,50186.89184708547,1
35.254052121932844,50350.83353314414,50195.71297372572,0
43.29506449313749,50319.84298226899,50210.27946697195,0
45.065358503065866,50294.481301556996,50223.040776787515,0
49.18753148982715,50257.56325714423,50232.45805573806,0
57.09334008526244,50238.85187458097,50243.112267206256,0
44.42208924644337,50201.939896254924,50251.9663046835,0
51.47892690331997,50167.95683211506,50266.396723766724,0
38.370725201908556,50132.181508988564,50274.34836359013,0
32.81285756304645,50085.03633189635,50272.48390019498,1
30.509751326081698,50057.59017060882,50274.08818039773,0
34.69279704162987,50045.24022514644,50267.39666434791,0
35.684180199624706,50024.086184822765,50258.18668063696,0
34.49296748504791,49994.9237080224,50250.61383266621,0
44.24959314182389,49958.87398250267,50250.95516912623,0
35.24706664277788,49901.64033386801,50238.868712125106,0
26.930139833884155,49824.26803867998,50215.876262590325,1
24.412936058912507,49756.59073627134,50192.383508041494,1
23.603878986279568,49680.12214781271,50163.23414675306,1
28.45246468131495,49623.20617393732,50143.63372766462,1
30.021499864353174,49565.16247110329,50114.034679073586,1
31.22984627465945,49516.05010853042,50094.6148074385,1
39.63693762488368,49468.643808957575,50075.956460022004,1
48.512043731630165,49429.59869479813,50056.830166072876,1
54.523327825506804,49417.705312400474,50045.05967383869,0
54.151939565761715,49403.316908892804,50029.74364783639,0
50.968408031490185,49397.92554344159,50002.98516461871,0
54.393659080196954,49378.27400654561,49974.74277470111,0
48.67147115573848,49365.93731535191,49944.934929627605,0
52.207980288582604,49357.71330125746,49912.557730894245,0
59.19774516941911,49349.844898835385,49883.755897518815,1
58.213657628092506,49336.8178586688,49856.7695824575,0
60.73901928420918,49316.99620764357,49825.0048016036,0
54.928161430754294,49305.82181210229,49792.914210467956,0
63.701799433025094,49288.80372126701,49761.709256481714,0
61.42988927831909,49298.20929450835,49740.289715921266,0
47.813591491016545,49306.418318522265,49712.828955008794,0
39.261661027344566,49312.66515939245,49680.03491835064,0
23.20937241126029,49330.14090802632,49651.1512059785,0
19.286983981500782,49323.56520367515,49617.47130786092,0
21.526155327753003,49327.574588347714,49590.731024054774,1
23.313330430456347,49317.493657593564,49569.80457077586,1
30.204062586798628,49302.24985063452,49547.722812127366,1
34.00131918662787,49275.42706657671,49527.18682275465,1
28.877707699042787,49220.92372858939,49495.83874427979,1
44.90582055532785,49185.72841163684,49470.809013473525,1
53.21167269623737,49168.954108358696,49446.97340709418,1
57.15328535907544,49158.73708128474,49429.654607893026,1
59.044113513805755,49164.23502283498,49417.89555522729,1
56.01303791575668,49179.27096882847,49410.04548397697,1
71.74897859147598,49205.66138930911,49411.60238322696,1
74.32888674483821,49235.737571434685,49410.731197773704,1
75.51231560224372,49273.35332500616,49406.40893869847,1
88.04203990955847,49319.77538729143,49403.031844761725,1
91.03337556634892,49376.47124039757,49409.27244978305,1
92.1265165489733,49438.72340759068,49420.23832912514,1
92.17825671605026,49522.93328989829,49441.226312466155,1
92.47198536025677,49615.34130165497,49458.988706166616,1
100.0,49716.123169577346,49484.727870214025,1
100.0,49838.58644685537,49518.891353844534,1
100.0,49975.23410085793,49557.788596154416,1
97.77739163748622,50108.035957925065,49594.9228638873,1
97.84092595259814,50248.83008243775,49637.62037117336,1
97.86013919166432,50392.282577834834,49686.13037067963,1
97.72966769943133,50551.053883556895,49732.71070470149,1
97.98579130523248,50703.52438221857,49791.56263281375,1
98.10597469738849,50855.17423566495,49859.33588588818,1
98.14761160770169,51010.45684729635,49931.201052303026,1
94.59639222551752,51151.79696102482,50006.56548051213,1
94.58997716249579,51305.67409847268,50083.032653791124,1
94.63763536007399,51453.64509417608,50166.99543245607,1
94.452031709299,51602.30802755503,50245.23436538354,1
94.64428107191651,51761.964230200174,50323.73710719551,1
95.28991938426708,51941.146453035006,50407.65094805648,1
86.3616597057154,52092.87585538871,50479.34066697834,1
82.79378765152268,52221.44744536029,50547.490543712134,1
84.35222745282543,52370.94361243762,50630.43354006455,1
84.43851217118153,52519.54060935223,50715.49534728927,1
83.95211455368023,52663.0858789422,50803.58729565014,1
81.58344122196475,52795.62108198217,50894.05446613441,1
82.19412691110446,52927.253325637736,50988.751966875345,1
84.12797722473546,53087.36388322143,51095.14127370835,1
82.66745893301075,53227.64194249942,51201.878665115706,1
80.32144278867847,53363.52128336481,51309.21015918464,1
77.36063101963761,53489.38403671951,51412.94283088248,1
78.29229632123302,53608.755946627076,51515.78129366124,1
78.46944373475189,53732.881168410226,51629.92102584336,1
76.97171170285786,53864.05576241519,51751.757293512135,1
84.94588018416054,54006.791724579176,51877.22580713327,1
91.92677135732043,54159.737899218104,52017.501732008306,0
86.23971027723043,54299.979676914205,52155.95746788267,0
80.47801952165946,54430.61539190756,52290.483059109145,1
82.1656787714072,54564.933805965156,52428.810689327765,0
82.95448861403652,54674.602238241096,52567.321016722235,0
73.9501044389469,54782.20051230112,52703.851380463035,0
66.73571039824918,54894.675482873994,52831.069372207,0
71.05059964461822,54982.853986899485,52955.99349148087,0
68.00312076848687,55060.303060122846,53076.121738824506,0
64.65182886276328,55125.69682968895,53188.17201839172,0
61.61414477640228,55190.168165306444,53298.4133447256,0
52.816640295064616,55231.90980671057,53399.251333835935,0
48.875954155686024,55253.89028541641,53502.40235930105,0
38.53711173450009,55263.08460106066,53597.7711755375,1
24.38871752095514,55274.15193325646,53690.96077757064,0
29.46652483432854,55293.921635619,53779.92298897106,0
31.714509904571358,55305.45727581589,53862.47484095132,0
28.975273085446588,55315.701210606974,53947.02819412682,0
24.416082629719043,55296.03020520268,54024.0328549312,1
26.072237331108767,55261.68112195842,54095.44898808571,1
26.035674952781093,55198.83836433922,54161.60249900185,1
29.280031449965477,55148.87038224619,54225.41198043797,1
32.7201561661155,55109.43288153794,54291.0418285543,1
48.67230920592953,55076.735597723964,54359.972895442246,0
46.188046013841394,55034.75213174427,54424.30883828601,0
44.921367050485856,54992.57818001293,54480.461099045446,0
49.73506786406811,54971.45574782729,54538.24191845049,0
51.745312175157345,54933.46814326137,54587.311054519436,0
53.8982003489799,54908.77364818851,54635.44845918137,0
48.31705577528819,54884.43905956637,54681.228857808346,0
42.235573558154094,54841.48757880101,54712.738736856925,1
36.97133038782832,54805.433594301125,54739.96673388596,0
44.35967247577416,54772.02329903622,54770.28846789352,0
42.82522143015233,54745.833341355516,54791.31881999963,1
45.902113292783866,54724.500081676604,54804.30222902729,1
46.07883318017523,54705.60035872847,54825.012790306966,1
41.787840816307316,54674.88914676262,54843.85152151226,1
32.51782785879324,54630.96809293896,54851.03798632736,1
41.210379548720134,54616.5233996806,54862.82597106256,1
47.806896681966656,54615.59552763563,54876.45284756307,1
39.653266028900305,54615.35307740742,54889.49529717195,1
46.48702875208932,54612.136336297655,54899.36518470194,1
40.77306370568996,54599.881886242714,54896.04902976282,1
49.516966727018776,54577.33073314421,54899.84841170016,0
63.74574754965616,54573.970039661464,54908.48834080467,0
66.34036525676632,54585.76829431539,54919.0148020838,0
64.13951203734138,54581.98272070455,54927.532628081484,0
65.56887259934847,54582.51776418298,54927.16569282854,1
55.50647393147724,54562.70181627675,54914.906880726,1
50.23032553196186,54548.906521351324,54898.0747765172,1
56.68868180824486,54554.930392837465,54870.81573430468,1
62.5553679988482,54575.32837723561,54850.106214014515,1
59.94513051636629,54595.95563951517,54836.42456693657,1
57.8549097841215,54630.64894156305,54817.604874238794,1
64.48180122874317,54671.48668617321,54803.056008200125,1
57.20151007977933,54695.26093338335,54790.23695873986,0
65.11883700384617,54742.52545088149,54782.991508715255,0
56.477039860545965,54784.16329412324,54771.56170921687,1
56.99726042253154,54822.42733444237,54767.675680790366,0
56.428029648716894,54854.05198391416,54767.794909253156,0
46.39262812910837,54868.30869126633,54760.751507555906,1
53.534172372454144,54885.714015446276,54760.88686819622,0
63.160417160728784,54918.067430305935,54761.719887718624,0
62.72143136868325,54934.71808783687,54768.50180641064,0
61.21141078901707,54936.52354893783,54773.43698707723,0
56.52861234181731,54935.524498089086,54775.655947071835,0
44.00355070225586,54912.966867549505,54770.53646477492,1
35.872369455469936,54876.74992402903,54751.58517819737,1
36.37470617576931,54867.06960116053,54743.32263910913,1
36.68361594197099,54852.91464905734,54734.56818735677,1
40.002793538095425,54858.186355146834,54734.55493062771,0
47.38555525416451,54866.53580427383,54737.17238282558,0
48.47980188947102,54881.33292903735,54745.18458593633,0
46.595089554119255,54887.778735392596,54742.02212930625,0
47.73092152802408,54866.23514003481,54735.64921151634,0
42.22405194452304,54843.25758339923,54730.50872009438,0
38.11947414071858,54805.04211061933,54716.426053832074,0
34.03884344884506,54750.99862765443,54698.573902974094,0
33.84195531301886,54679.80394249763,54676.087798514025,0
33.76296412390448,54606.725941713434,54656.70966211198,0
34.985424051099045,54540.68659797874,54640.43111522701,0
37.86375974426676,54456.94083162128,54621.489763124286,0
31.920904136584966,54362.893622457006,54598.06801708694,0
35.39657411635528,54276.975079320706,54580.958501596724,0
24.25079247798331,54185.86090528835,54557.981316521924,0
17.719592616955822,54099.264710150615,54533.1216876407,0
7.092101102225271,54033.288493219006,54513.896203357486,1
7.948593820105188,53991.42841660853,54495.7693076652,1
8.747595950509861,53930.03194237819,54468.726056188185,1
8.526685464763261,53863.542348861614,54433.746915847165,1
22.965889739741144,53795.464634048265,54406.59955328406,1
34.08587416106104,53719.98596038811,54380.312232461765,0
42.5055393311131,53638.892650115864,54360.78889148559,0
43.02389168771609,53563.4660325199,54336.476249056526,0
48.71226969639852,53502.48317237063,54307.05446460001,0
58.19355123098145,53457.275732094575,54279.111695206055,0
48.42344374230303,53398.18595558552,54242.90734778445,0
41.448071823313796,53351.68204171144,54206.239613985475,0
41.823258413298475,53301.954635948314,54171.788926382644,1
38.37419477059845,53249.698346234894,54137.02639206542,1
34.601917326774796,53201.589309442614,54099.09468186906,1
36.23209107729564,53167.21319488533,54058.24369018417,1
38.87595024380737,53135.85753788446,54014.02877643466,1
51.37437868699384,53114.867662298006,53974.64598989071,1
54.59482127066629,53127.523604962684,53940.39608403772,0
46.70710986145922,53124.628519130114,53904.86872193939,0
42.73272452612517,53121.838025357356,53865.62123314783,0
43.761670570133276,53120.03393177646,53830.11756272648,0
44.33567204983469,53124.607998736516,53789.59832190583,0
38.06048062078283,53131.66761594724,53744.7931686604,0
41.206592644912014,53112.59073890255,53704.312372338536,0
47.08078522300231,53089.61485881244,53661.872569808234,0
46.410960507753515,53047.12816145866,53612.413183946686,0
49.35138100701234,53007.07048067493,53565.41720619175,0
52.66322341247278,52966.19355646835,53518.92246761222,0
51.68529500846798,52921.826614485726,53473.6325417647,0
46.43003107633245,52886.273551303275,53432.23002128597,1
38.984918344107534,52863.4416152377,53400.91629046894,1
13.591017171399486,52839.777902117654,53360.872246765495,1
18.6036810271995,52822.266809309585,53324.76725616631,1
31.740594878458765,52826.94663452062,53286.598793618585,1
32.791175616840206,52830.9082269793,53243.99265926636,1
35.62088236414556,52837.274050917185,53196.40522518659,1
47.720720779891394,52837.88329313253,53154.68781298668,1
44.82967759217688,52799.71936033202,53113.7897721566,1
53.41006762719403,52791.37314567022,53084.11494684779,1
52.79781546033389,52770.99797894261,53052.00358047713,1
56.08728376099548,52757.96416340662,53032.90377702737,1
60.38630161279426,52752.541428440854,53018.69331628313,1
55.20553337705075,52748.945275569684,53001.680902202905,1
63.59902319832949,52764.609958522604,52993.88171655608,1
64.63189008268455,52782.8487130205,52992.235722367914,0
74.1509654199987,52829.44075469549,52999.03203684208,0
74.2157711057813,52876.373864162226,53005.176720128366,0
70.6080425043459,52924.68103815919,53014.450520760554,0
66.95796359168651,52966.424007845766,53020.49626084277,0
57.50990252206598,53000.266429523166,53019.021195807625,0
53.42536756947468,53029.35188312972,53016.08567707742,0
58.50763332233429,53064.48787862844,53014.65462126559,0
52.69370823242671,53100.63749986617,53019.60531656813,0
50.894721412788016,53109.16212877068,53012.077791507545,0
45.42653212246895,53112.68679706316,53001.072993936374,0
44.49083186467319,53118.75527545203,52988.35027532106,0
52.4724175829828,53123.406785420855,52978.66411414706,0
38.71339423692615,53123.49572707303,52962.194794037554,0
39.89860210018348,53113.45951907452,52946.58846163977,0
26.398687907115104,53111.5134718709,52937.334586991296,0
24.30586233940447,53098.92070591863,52931.799242710236,0
19.49190821288437,53055.213686395226,52919.99693646188,1
30.024288731139976,53035.46404211244,52915.987180553915,1
36.01485730285476,53007.39352531211,52916.20340290389,1
32.37850065052196,52959.03027658242,52908.96255504676,1
35.21003612770565,52895.51925715787,52902.89672455143,1
35.647823718282524,52833.51923462837,52892.637349060504,1
46.43404437140433,52784.83008694344,52877.37311355285,0
46.16209826284431,52738.19167684477,52865.921523928635,0
43.52132503076965,52709.106780149006,52853.928697724295,0
37.75648391007389,52676.776081098375,52838.782536806175,0
48.280382226256464,52653.183852130256,52826.084962623085,0
41.05097639724804,52619.13613791981,52814.59272535715,1
38.62371589262235,52590.389549647385,52803.19731580548,1
39.042309834509666,52563.35510810905,52790.56909365501,1
43.63642487884599,52518.299514937426,52776.81881671256,1
44.2617400534602,52482.510137196296,52768.839976755604,0
52.71968534845005,52484.59157849394,52769.55400284779,0
58.15342944618279,52475.07305285083,52767.88703698581,0
49.753868359407505,52454.15431627338,52764.48689297933,1
49.71929452409538,52438.45160885992,52761.80324015913,1
41.749768620938205,52441.57302996534,52760.71498760096,1
48.77168401808704,52441.50555077046,52763.68267713827,0
45.61619569835353,52431.79861677017,52758.1441958037,1
50.42224184741821,52442.85141925939,52753.73983195879,1
48.385234830420146,52451.292141893355,52748.50396094191,1
48.82976045683044,52449.52546501272,52737.294217812574,1
53.90191095211896,52437.93384488767,52732.658907375124,1
57.634423868177805,52438.224438040284,52724.662040876654,1
64.58757841928065,52439.263555694066,52721.23492842488,1
58.78598849594623,52447.70359800149,52714.678310644114,1
42.70700233646064,52441.43631989045,52701.642919202925,1
52.33411052476687,52454.44599317519,52696.79301239936,1
66.76360126318633,52486.83103741218,52692.08574736131,1
62.25112327304998,52515.7884651401,52683.74499450285,1
64.96893177874908,52555.76164598622,52667.34717322885,1
65.96372651203447,52593.85572137387,52655.83271964025,1
63.36154896343055,52601.34142127361,52640.21815609356,1
63.60925423903422,52619.40590594115,52629.07979622397,1
59.33603757467274,52645.75020294297,52622.68040234726,1
70.15927421079937,52686.509358323274,52624.66623023655,0
69.6431810604607,52732.72400616992,52628.00943861755,0
70.73744195404046,52779.79562787268,52635.34592834088,0
65.73231195674344,52827.125442046134,52645.32952111388,0
58.8554675853086,52856.524837172066,52651.27504800236,1
62.045589299355626,52882.441701832075,52653.978531493914,0
58.975741809933425,52917.74801617768,52655.03071011531,0
51.935442347716815,52945.546515418195,52661.479222713184,0
57.328121920333736,52972.14276333673,52668.13533858154,0
56.87333000223814,52995.77099038658,52674.93793583115,0
41.22924558534586,52997.61199916752,52674.154827943676,1
48.50775429961439,53013.708962018914,52685.041029452404,1
41.885392041731556,53009.5385062998,52686.42279807431,1
42.63790433905159,52991.3066109825,52685.650981629464,1
41.43659585472497,52992.711619587455,52697.21753170485,1
49.47693640320632,53013.08763002844,52714.37452237708,0
41.6446332887305,53013.56649939161,52727.85162554555,0
47.29320423991231,53031.158943271555,52738.7496986248,0
50.318066107286064,53037.1857583337,52748.67742881954,0
50.07603771567041,53045.92998133815,52757.409682822916,0
46.22469291936339,53030.835671426124,52766.290066367656,0
41.73503787866166,52997.86345742346,52765.88128073484,1
38.46891633669164,52953.238010476736,52768.98667736365,0
40.63580228305437,52919.1074908841,52776.81669760857,0
46.09447273621152,52890.752240661575,52782.23390102337,0
48.70791273930994,52875.617502125446,52796.90572636913,0
50.76171031266733,52853.49512683889,52803.42470597236,0
49.47388596920874,52830.107950123915,52799.68577136518,1
44.200871427210345,52804.402730327274,52799.86720957211,1
26.806411212855195,52765.370226308994,52799.4242998454,1
35.03625292825254,52756.218884225425,52801.261738089874,1
29.748147989403478,52737.51773077597,52803.41890977666,1
38.17280919119804,52737.53480868194,52804.834501238896,0
46.26077003808776,52754.049165662975,52814.55120118658,0
51.81694126825481,52761.43374503216,52824.650462013975,0
56.39669325863512,52742.970474232876,52831.045855312885,0
49.89005405347411,52717.75382071966,52835.142967828324,0
43.079054671163,52672.418574266776,52832.543590376445,1
50.10122852734207,52643.63517973514,52830.84172549747,1
45.058620799612406,52616.372513870476,52828.25326609348,1
44.45935782286966,52589.17538420949,52822.878780850864,1
46.368786805643964,52577.90086983709,52820.46710071349,1
48.78182328231553,52576.482015316884,52817.80108622033,1
58.74925272826927,52579.96890478082,52814.071844556034,1
57.00679925035581,52594.55087325495,52813.73886426931,1
61.45508800023908,52604.63378518898,52816.45458205024,1
58.48773170747308,52620.87922284893,52814.23410656238,1
54.19001450863838,52646.51790933043,52817.756366587906,1
52.08124465881659,52669.101816942355,52819.74557397261,1
57.180143062105664,52707.11193199774,52823.9689914673,1
70.49307328560134,52743.588995574406,52824.09359299033,1
87.11599573143477,52787.70057178702,52825.40953602349,1
73.1273992001777,52813.11213692462,52818.161104859675,1
76.61847220556933,52830.93114065916,52816.073480631785,1
84.5192585420129,52844.82108063392,52819.968959398706,1
87.45695836652305,52872.944888225116,52827.247129870106,1
83.7074820962452,52912.53494374499,52833.05773885525,1
83.79593341269623,52974.583129035906,52844.158235823525,1
81.64714317772189,53024.98812180115,52851.97986888324,1
81.91983866592913,53083.979912554394,52863.5368349606,1
75.21586843482581,53144.39920609343,52881.59366362122,1
69.26115434898078,53202.26678060688,52895.89022814868,1
71.05477971719606,53255.348668262886,52916.12515100555,1
67.61980616493302,53297.32542412785,52936.479369814166,1
73.27637382497463,53356.974945383205,52959.44419458762,1
73.9199383099928,53415.91005593209,52977.58355241169,1
82.49991327412788,53473.29267778754,52998.12457792075,1
83.14017821222397,53535.85317683763,53019.63406001434,1
77.75024675613902,53591.39661947642,53041.42991842969,1
78.56594477589582,53656.17082276384,53068.06532803757,0
81.51255171206397,53722.36363937956,53100.7047801717,0
82.35177695737383,53797.47897551108,53145.25574325854,0
79.26187433716655,53876.9933666402,53187.66324732505,1
68.71318487995111,53938.9916813727,53224.02715682723,1
67.73215844067438,53992.41597904938,53260.634454753825,1
68.40335944551234,54036.909836877196,53291.76406377081,1
71.2740467789008,54099.11787984966,53331.30684005955,1
77.65516190504037,54175.15863997574,53382.17851176426,1
74.10863115893933,54255.26010865693,53432.32282021511,1
72.81728562788743,54328.21668655229,53488.67541905791,1
70.54156742695709,54402.238901302415,53540.001670452024,1
70.55383783399935,54488.38056009563,53596.23535987654,1
78.00158422525968,54590.38750757667,53657.26623056346,1
79.3506837576449,54713.570697907046,53720.2879827118,1
79.7009068467515,54826.07582741599,53785.30102754114,1
79.51450169196528,54944.14953236827,53858.05517566586,1
83.08957554899861,55070.29710132156,53939.141890161525,0
90.37926301827778,55187.77275605018,54025.77573272769,0
89.53461274767332,55302.68973265315,54105.0517395969,0
91.29523486836946,55408.168420170514,54184.78369055759,0
90.39361163879033,55508.918151542566,54268.60188710493,0
76.87216843315957,55582.59620334963,54347.13387666357,0
75.0924750850699,55659.15284317652,54420.731578468905,0
69.86188135072038,55739.67749199887,54487.91059171445,1
74.23878820782086,55836.442098823936,54557.390944981424,0
69.1900287575294,55930.52592678715,54622.120920410074,1
63.69494555299075,56011.21984206167,54687.44308774465,0
51.98553187373143,56062.96343411554,54748.7567216783,0
54.23685428728878,56127.23739638259,54815.57705199119,0
40.400536426650525,56174.40988320411,54875.59459954047,0
38.28142143764503,56229.8398520988,54934.50201306177,0
34.09816696079176,56264.250340807,54986.855267484534,1
34.800686924627584,56271.68168909042,55040.69405142977,1
36.06410134039438,56263.31639549881,55093.24208464767,0
35.09764582593621,56246.124906094316,55145.8225577253,0
41.80672724399794,56219.993059789624,55196.874444291665,0
43.35696512684075,56187.055606032154,55248.95015507638,0
44.18517243488521,56148.17261611305,55295.21152755855,1
36.92058118192609,56115.01457518844,55341.062320951816,1
39.61624195829063,56082.38101531891,55384.1441316634,1
38.630225705167575,56047.47766339565,55429.83327002582,1
41.896638379982726,56026.45384573151,55476.80870271341,0
34.293272672808,56014.25543957086,55524.2942869921,0
47.11733654891605,56011.25022665765,55573.480512726375,1
44.06241775714505,56000.119861809966,55614.64891155213,1
54.281286267853886,55990.66005750074,55652.02092103753,0
47.581940668937236,55967.39363060556,55685.08346887186,1
46.953197496394445,55952.667695947064,55715.48252932208,1
56.48166629127183,55934.03922846859,55752.63409558806,1
58.17499292116386,55936.85694266275,55787.869047500026,1
49.45369293581252,55926.74131367633,55816.25308278049,1
60.931054835080666,55937.545661632495,55842.88194193309,0
59.33358691398857,55950.09216541557,55869.933570939924,0
63.187196912897754,55967.72334196661,55904.73474888523,0
59.05577140110441,55979.112989555506,55940.50136192775,0
61.447876054816824,55991.74303313174,55978.80772279347,0
53.40418514260693,55997.67061193196,56008.3712479093,0
49.499273127604944,56005.086108386204,56027.18251492273,1
39.990191779937255,55998.4794844004,56038.35007124921,1
44.91244987166222,55996.6772684444,56051.52836442026,1
52.71675909033138,55996.62314486903,56067.586967452466,1
54.157233957012416,56001.490253184325,56082.05257994889,1
48.822426084587526,56001.81476290111,56088.86518912187,1
41.62630846437471,55993.58290258314,56085.4853945968,1
52.292425483966724,55992.9967752339,56081.41729067929,1
53.27384434906448,56006.1649643687,56076.827093837695,0
50.62341460216081,56021.975198117914,56065.7547075904,1
49.61361291061873,56041.56638247332,56056.99997989134,0
56.22819860471108,56057.833018242774,56054.691409823914,0
51.840189997264126,56064.9600589715,56050.58570302041,0
53.076814727853176,56077.30168221991,56043.60649505142,0
58.54633413396295,56086.837039292266,56044.578276310145,0
58.89805443962082,56084.6202693484,56040.12054140868,0
50.28512083240741,56064.37178738441,56034.61246703944,0
43.79664758670138,56037.91351399068,56021.08992799445,0
35.1545751134701,55989.95901255042,56002.58095709878,0
39.29281964982378,55958.03888221828,55987.09886397195,0
35.83053149886773,55911.167958708924,55966.46432476008,1
32.8233443409959,55883.390795504834,55940.81143089812,1
31.895281912279913,55858.6097180567,55925.208298361285,1
33.14603722148573,55827.19098471622,55906.527420499435,0
28.618326801634723,55784.82414796582,55890.282102812416,0
24.832549552641822,55742.03243011147,55877.00548553029,0
25.84732056081755,55706.88154259629,55862.911453435794,0
32.49378498394107,55672.10671106035,55851.81001266571,0
24.08282797024181,55601.1188751195,55829.27741996964,1
25.111571332463498,55528.826339068866,55802.46300080509,1
30.31989345967949,55456.82833194391,55780.46226622368,1
33.02711213916359,55376.58488739301,55759.31953470574,1
42.700819856154965,55308.56276716752,55741.05840375986,1
38.21708648997138,55246.121203596864,55723.06391113191,1
46.39341038592166,55176.991135311684,55704.79319214222,1
42.63365821234546,55119.941480289715,55682.39495769622,1
51.199227144003636,55097.02754764183,55668.92339543311,1
59.104596286350755,55099.36082781296,55660.78631439565,1
64.43906404561498,55124.612322613306,55656.16186314382,1
63.94222925045145,55139.79905860625,55656.06103517222,1
65.61130104936055,55180.24843823465,55657.49662167513,1
65.07879929043253,55225.53505840746,55657.409762873656,1
85.26309223610272,55266.893111489786,55657.222765892104,1
86.84263777081759,55303.67332288235,55657.30022418184,1
88.41165758558577,55364.98231819949,55661.25676543922,1
88.62872345310981,55426.424971286804,55667.53860787878,1
89.85382072360234,55507.98859467206,55679.01755451797,1
89.78854559946626,55581.38864430193,55692.72027456428,1
88.94088948223812,55678.617371814515,55704.02715544276,1
92.22933427992292,55798.87457532906,55722.944586163925,0
90.77407410381996,55916.52787958521,55745.03897470329,0
89.39928599433536,56035.01093575872,55773.93211524906,0
78.26554074796663,56133.97000828382,55795.975499695625,0
79.44812203432693,56236.911059097896,55819.17907682345,0
74.72833355988439,56336.26637671482,55838.703641554406,0
69.43443936310835,56434.16666667194,55855.33571920455,0
64.90218521523134,56503.910918016256,55873.05460160636,0
71.3021411978502,56562.69604496722,55888.66602228898,0
54.869147897783094,56601.17235820145,55894.16482067691,0
52.541264825897464,56636.75557907396,55901.973187554635,0
46.90870277496145,56676.76026436401,55911.57417443139,0
39.9093434694308,56696.03991378194,55912.692521089324,0
41.99208096932199,56712.86008595217,55916.38277668437,0
30.04833267677786,56730.880065153564,55918.731577355305,0
26.37785623525633,56727.01800548305,55917.329151915525,0
36.98045560243543,56737.245386138886,55928.58865459497,0
35.4694904147741,56710.82857465538,55937.600269426366,0
36.08109490393704,56690.19659168483,55953.63350564194,0
36.13106499190884,56667.24185954775,55974.94029424169,0
35.873087443939184,56625.169086318754,55989.79666780411,0
33.98636455035118,56568.9688200841,56008.15931925336,1
35.700985536212,56518.973323877086,56028.16512659795,0
40.15254497959196,56479.06742356366,56044.15858189841,0
39.758504331070405,56429.382651060914,56060.05574336133,0
34.52262076550117,56385.729351679794,56079.06572304,0
38.67553920378631,56344.851093131976,56096.46318441276,0
30.504562760763648,56288.87144424068,56105.85056226412,0
30.908091074549006,56223.593215172645,56109.26062393389,0
37.5947176533288,56182.62315774987,56126.76653372907,0
23.015691115997114,56128.695389113214,56141.92080757238,0
24.255098538682105,56054.06545156691,56150.4690222806,0
17.468532276722357,55987.62428876003,56157.10828163614,0
17.04919059365365,55912.198102157425,56157.83691068033,0
17.917026515840234,55842.80705493611,56157.405917891,1
17.95082319196959,55766.52217139265,56153.14156634792,1
10.655973459298664,55669.80722000722,56148.53495048197,1
10.820460799397509,55589.11721514125,56134.436136426135,1
17.192402656101862,55507.26031105562,56116.793298939,1
25.929491740273164,55442.63058351878,56102.14759860388,1
25.71135716417264,55380.66202429484,56086.14185407955,1
43.56836685197262,55348.68969090826,56075.53582032279,1
44.85062538405915,55307.33931534349,56060.886829372364,1
44.49634093779324,55276.19173742412,56047.87803227214,1
60.64986651992969,55267.53593098997,56045.60078660439,0
67.92774718222765,55259.174839356136,56036.74273150266,0
61.96370926169521,55238.78135276395,56021.40573700362,0
66.73500704281952,55239.303783541385,55998.376637811845,1
63.104993945614936,55238.61802726654,55972.15237711973,0
68.31623898358669,55226.23354181246,55945.813001728246,0
76.08210453078934,55248.764989824485,55921.87697337055,0
69.03617390310926,55269.968182602825,55891.84514348765,1
68.16154201339053,55298.44395755821,55862.48149035594,0
59.85226664329167,55325.39875389675,55834.408408925505,0
59.622581802016704,55349.55582564468,55802.463824509716,1
55.37700255876264,55392.09208826147,55775.471850966576,1
57.592136560733465,55441.68853555106,55751.54369803362,1
52.96739744858268,55489.51460546705,55728.67761140645,1
39.23438734429166,55524.3532679683,55701.45618813943,1
40.389637288571386,55549.90481853009,55681.64058273533,1
56.71743097905212,55595.148707801956,55669.49910557075,1
51.44510133960478,55612.498475235116,55649.83110467124,1
62.02932242672963,55650.80392732831,55642.792434790914,1
66.96854160552394,55692.815602446186,55639.86023886975,1
65.28128573801172,55729.205733892566,55644.93105409999,1
73.40967373778703,55767.2871050559,55652.850371331806,1
75.33758996543304,55830.815040190086,55658.83359862409,0
74.52392434199079,55883.34562392769,55667.383457520766,0
72.37531836864444,55935.31219746887,55670.19861943335,0
72.42158751724904,55997.681229418995,55677.98874967675,0
72.37234028490559,56043.15894309637,55689.072916081604,0
72.81893496625831,56099.38049842103,55704.00981482242,0
63.36729003165271,56127.57129661655,55705.92067945172,0
60.645787541477766,56160.1845671349,55706.855266354,1
50.66012372695139,56184.13387926229,55704.36431579026,1
55.864560358995185,56205.57011115074,55703.40815475496,1
47.76275946080941,56221.9130183188,55702.368468108354,1
39.459913616789144,56234.22324273479,55706.81833080409,1
45.660492343061016,56279.460575229685,55723.803132162255,1
48.672724069976006,56331.91887056998,55741.35886786337,1
48.21936706015046,56377.859020152304,55769.16455798638,1
59.64141419544366,56454.83484060769,55810.138860287545,0
64.66476459517594,56520.71594003531,55856.029095301026,0
59.31672752286335,56566.892524860974,55901.73800795117,0
54.995624180716675,56590.496612493924,55944.006877123116,0
58.26251562528133,56620.66540390513,55994.50766433679,0
59.94526301870956,56618.52935476349,56038.322452526605,0
61.37575504609187,56625.70382213625,56082.01810031877,0
57.547748627083685,56617.847484811944,56114.43348893589,1
56.473104678237455,56603.32144443231,56142.26509404215,1
59.424326917231284,56594.37765600757,56174.55916876669,1
62.484474905099475,56589.711815513845,56200.418664664656,1
57.98078196350098,56619.453157515905,56230.766216320684,1
60.55470810106664,56673.19750941494,56265.657575150326,1
57.013355620397775,56737.24701474434,56292.24874929201,1
58.76939414992021,56824.43768479341,56329.51329292986,1
57.061424964415615,56915.66673968984,56373.12262287871,1
62.94285236431537,57022.670450654856,56420.16499764948,1
64.17580350450154,57097.13442964797,56467.209693114826,1
65.76124175192773,57177.40980367046,56521.829372606575,1
78.18691318603554,57257.54355826481,56572.67598536252,0
80.70477667587984,57330.369674438014,56634.29945702162,0
94.21599016680148,57395.718917002145,56694.939079078606,0
85.84783533394095,57456.22352401714,56754.06791599933,1
85.44438626719281,57530.21106894533,56816.268974443374,1
75.65457427369057,57577.57938815275,56868.70258429331,1
72.35385987711106,57642.17939212169,56918.51879515485,1
68.53807871633435,57709.467996767045,56969.99945683877,1
74.1483347765299,57822.240088113074,57033.58821699379,0
69.0396728963818,57937.20923049463,57097.186858827976,0
68.85886361822145,58045.033045059885,57154.512903669856,0
65.94574892186466,58149.43238003876,57215.19222658611,0
62.04777889299951,58231.029712380274,57262.856530341465,0
56.67588130560255,58293.837033705335,57306.06614765398,0
52.565415713897245,58359.10856616437,57344.20988220073,0
39.71315728398339,58386.61750583608,57377.245453241936,0
34.922920385043454,58400.132289801804,57400.849522723394,0
37.69450120078149,58399.339716312956,57426.56263460359,0
35.06073774456553,58405.30709975547,57455.207654029466,0
40.41528938104347,58390.505801587875,57478.95920147412,0
37.1443131096556,58354.77864693833,57497.32386689929,1
37.83555737899999,58307.22970178316,57517.43913836647,1
21.717797670935738,58264.52438065193,57549.720312692756,0
19.477695302888336,58235.58621225677,57584.22857404807,0
16.443270811588704,58196.41424232656,57621.18111966909,1
22.9082534528671,58180.16088074193,57658.53889212978,0
26.847464237432334,58165.36400429625,57695.89918954583,0
21.949770976158447,58136.76548641078,57731.01635430917,0
30.291193797334543,58094.75716915024,57759.70685456201,0
36.94071950477788,58053.098445962925,57785.65868898515,0
42.53331121439403,58008.85144502784,57806.909873620076,0
36.84076492458911,57949.52424628475,57813.067988856936,0
33.26464391129889,57896.16935379795,57813.03789584652,1
47.70699684488504,57862.141860034855,57824.16588172353,0
45.693446445638436,57812.00211889159,57832.8120847598,0
43.175638523760824,57769.03496990644,57836.59327964246,0
40.12784858111473,57737.771919442035,57848.546548594815,0
41.26603180813696,57714.52934369943,57862.092843228864,0
37.88788624725368,57675.66572881284,57878.33495162982,0
35.5106326340056,57643.1194183041,57894.87839102285,0
31.257374158633738,57604.22080766716,57901.261127563135,0
35.106914012725966,57563.40376247213,57906.91591714979,0
26.9198027407938,57510.674069845314,57906.20867762452,1
22.655143356372278,57448.0727074571,57894.17865326494,1
28.151641345309656,57399.44934379433,57886.06205128908,1
31.599615767342073,57342.52150748561,57865.77242120665,1
36.860850283212464,57292.236152123216,57846.526954519184,1
26.395556371133708,57258.90990294806,57825.51213522645,1
41.40167778523583,57227.920745112446,57812.0213807478,0
37.375142759371606,57181.313929667944,57787.22033938414,1
42.78985010416568,57145.09017390561,57761.9285198764,0
41.123526151342745,57124.741556416,57730.81674164813,0
46.06186258114229,57108.060295914045,57697.97444741128,1
40.00664450562376,57059.70087309636,57665.55682135522,1
51.276812891358446,57032.4907795129,57633.723968986815,1
46.093505837793565,56998.57193351253,57604.99029778637,1
51.94784997949936,56969.99451100547,57579.672596148324,1
64.49667986536969,56957.49062833396,57561.30189585563,1
64.96048709596948,56969.75822542431,57537.34220655431,1
70.18245227189173,56994.198403202114,57517.67406010584,1
65.02080799593557,57028.30958783239,57494.57174467213,1
65.72185148319642,57069.07381496202,57474.772491119096,1
56.330704992480825,57104.9198717304,57455.76474136457,1
61.03665612115765,57147.0897921422,57435.479756639696,1
63.60165297060827,57198.324261529524,57421.74832943515,1
60.60061508005517,57245.83637128621,57409.45996738671,1
65.42878967433299,57299.724934835554,57406.36401253268,1
73.49127381428082,57358.70169660113,57409.25692734172,1
74.36833741299766,57415.72633597936,57416.18907523735,0
72.59933533519501,57472.16353301258,57419.88343195403,1
72.61330682494264,57524.662583080746,57429.88209433337,0
67.5728123917502,57575.43103126539,57438.097273441024,0
67.84689800002016,57640.86569382901,57448.51097268212,0
55.86258508011494,57701.242857587255,57451.819479487414,0
60.28553302352713,57759.231991620734,57458.85106870448,0
58.54168249443332,57828.70712289596,57464.408794647985,0
54.75017976519282,57873.10302092892,57462.768202801395,0
52.14724357288597,57889.36640767126,57462.34226435982,0
39.19510183516657,57877.52850187883,57450.45073964576,0
38.861405771119074,57844.51269981566,57434.23976164693,1
36.28855748946986,57824.179116371415,57420.702813209566,1
32.120268859682156,57798.171858222326,57414.23153589413,1
26.83727963067112,57785.30075043052,57411.41730001761,1
27.372023140952095,57764.366990575174,57396.36980885582,1
30.974524977337495,57737.22501507272,57391.83748790759,1
31.334277263377558,57715.97326485093,57388.23528536451,1
24.63287920003856,57683.944990909986,57384.83324111985,1
35.69392949909435,57651.164245328495,57383.91088799334,0
30.185229722734334,57597.722629767864,57385.01183561937,1
30.199379985489642,57559.23651166718,57386.33026929925,1
39.99553736818666,57519.73300882235,57396.08697479544,1
41.537950526040575,57476.33981013375,57403.27169250567,1
56.49060105711887,57428.58537667745,57415.67549541497,1
64.85718150026801,57402.15217892474,57433.451268074474,1
61.12916281817666,57371.02933515857,57447.483065250184,1
58.84931395585452,57336.32123046266,57461.92868383881,1
60.86544203664923,57326.74976971796,57476.573649839294,1
74.35824657959307,57333.917222934324,57492.34519235432,0
69.77727879209174,57360.01519745594,57503.288520583155,0
74.78633180720284,57404.578619600856,57523.545637620104,0
76.84682196218247,57450.23513052341,57542.76079585669,0
58.10254478400895,57476.05334619221,57554.75625180462,1
55.40497085673195,57486.12859407967,57562.644619283856,1
59.71785538026739,57518.42367524665,57579.85892971594,1
56.434765585971185,57537.046520183816,57593.659784175965,1
60.51316573561717,57557.49932013258,57611.80624001253,1
62.477105787409464,57589.00798713534,57632.43863157181,1
60.513033714046635,57611.048546274935,57645.33405516974,0
61.333546867415485,57643.37523898735,57654.458641044585,0
56.812178126677296,57664.72916167312,57654.54257268766,1
56.13811759302577,57685.54840451515,57658.98250146855,1
55.21886083667886,57717.68845104979,57662.71754694078,1
51.79796453802903,57737.525945406815,57668.71792488554,1
41.574674103386116,57743.37199427447,57671.96414892738,1
51.21881178412435,57776.49270281686,57678.750441765114,0
59.711823933055136,57810.005835562115,57687.59646954917,0
64.2429265793677,57831.44656833257,57689.2623032381,0
62.35914255014898,57852.0684551558,57689.69189577619,1
63.74278392639607,57871.553402452686,57685.619347172484,1
56.037103578740094,57868.97879191289,57682.27174118022,1
52.86603661635557,57864.6494574653,57678.755545610504,1
48.36488957701445,57869.67355282423,57672.45326042815,1
55.28561324544339,57904.51119518012,57668.10281982429,1
61.59905394275701,57932.47153164332,57672.350399338364,1
58.76114746239162,57960.13079517598,57674.01930559806,1
56.894065532419596,57987.24177066089,57675.2200991185,1
63.504009024709234,58011.992722180185,57687.99451207232,1
69.95490708357767,58038.6673984088,57705.05445146475,1
68.38098901770071,58086.19049311386,57737.92343753859,1
72.34334734658262,58153.75955531079,57778.24131488571,0
78.3546266223612,58222.504746111066,57818.31275336441,0
70.0651832350124,58276.01495598658,57853.854786046475,0
69.44164654780174,58333.8351031931,57888.131665990564,0
78.2760590305084,58405.6642138832,57928.48303825059,0
71.16316207702206,58443.001817863784,57961.061162881546,0
80.09658489708214,58494.20277529246,57998.88827372578,0
69.54531643739993,58542.49908269946,58032.683939953895,0
63.896631692892456,58577.35726867309,58060.16910511402,0
62.20750823364491,58607.100403150034,58089.37045652535,0
64.30511048966704,58655.13944546593,58120.63291469972,0
56.89276602352965,58690.298588393605,58146.981777439,0
48.364028112605524,58715.989175307855,58168.31300649779,1
43.881918366967525,58736.795570558155,58191.38689737658,0
36.46372046981377,58748.21305665987,58210.77475043242,0
30.537588227817153,58751.714270685356,58226.29327980878,0
31.016211598951188,58746.57342899856,58239.320978532865,0
40.34020204000266,58749.56733359266,58257.121537622195,0
36.220393529250764,58744.1311886784,58269.14003776238,0
38.22025920420218,58716.24026813804,58280.413465811434,0
30.016366459699825,58672.52148881087,58285.418462569716,0
29.374076126678872,58611.600010373746,58282.858705304534,1
29.119794274237776,58552.62120504923,58284.48192958929,1
27.455284597119345,58482.10019669369,58286.520307036175,1
28.626282894450327,58416.349251394415,58287.65326870969,1
31.058695091593023,58359.83571089886,58290.17683916756,1
48.37092638249126,58315.21467927543,58301.974417382924,1
41.26820580029582,58273.24611381986,58306.3791906277,1
39.967590513660106,58229.06120288329,58307.37416775737,1
49.866012471603874,58205.836881479234,58314.35511352211,1
56.380772986432746,58185.75408578953,58329.04288434629,1
51.76503752388912,58177.56830398925,58343.789737228646,1
49.952858119757806,58176.245372742254,58351.73577517477,1
56.32786824376567,58181.49201581493,58368.973325539824,0
57.8052004192888,58190.46149014097,58389.61054877903,0
61.24200297889771,58205.809289503566,58398.019914483455,0
67.70631416097032,58240.13527176737,58411.372753014955,0
74.57235453766742,58257.0706753268,58427.37118041988,0
65.89601609945993,58268.91981500263,58435.880581701116,0
65.73410729044244,58282.40566172722,58444.75436952125,0
53.39656461755686,58292.54720405897,58454.84582742814,0
44.201458664012186,58284.92196039822,58450.967706477706,0
44.12598179443528,58275.90680043844,58446.97522863497,0
35.31958667087446,58274.62536884004,58434.56597650014,0
26.56105207050554,58252.2286733919,58415.556125409115,0
27.665684884227034,58234.57565261879,58399.954782144676,0
28.42029295946736,58184.321376650616,58380.806259778816,0
20.223793956260423,58145.9404699407,58359.958289731905,0
18.30234353313351,58103.81496832859,58333.43319572528,0
24.771564081701612,58055.444058243724,58302.05653957405,0
15.60826360774945,57983.7285525715,58261.03048325057,1
13.219415255181161,57884.75009258767,58208.68787581929,1
21.283763477974176,57809.28117360636,58165.04226222268,1
19.950328453794583,57707.80335391045,58118.560625826765,1
29.131570755191447,57624.615856394244,58077.19120578344,1
37.89381888992107,57551.381029175056,58041.371599007965,1
43.590755391030065,57474.619237770516,58003.53933800618,1
49.05682953842133,57408.53512258317,57973.78559637336,1
53.53075153417915,57355.23450171463,57947.031474917734,1
51.97808756553588,57302.77140902949,57923.02277187304,0
59.255824157563104,57270.935204602,57901.16413108257,0
58.159384663993116,57270.305996558316,57882.97066974358,1
60.39602181173458,57271.21212196818,57869.064407299105,1
59.39613715197474,57283.253188688344,57853.149023752216,1
55.753065545312054,57285.71427235758,57830.55661168821,1
70.71577786720347,57295.61847872128,57817.51646535905,1
70.95312326461216,57326.70155401792,57812.85750978656,1
78.26096982230959,57364.98203398745,57806.12416988983,1
77.22038236616694,57427.193430944426,57806.6580926317,0
75.60625442037734,57479.47088543718,57807.348786493705,1
73.18890284458188,57543.446341351664,57809.400424266896,1
62.92168320026147,57618.54070046234,57811.46415185473,1
67.53956087126696,57698.74284623851,57823.49091869839,0
64.81309839307568,57782.65374832172,57838.78204647798,0
62.17357335656886,57852.39421292045,57851.60919039385,0
62.598794338820106,57919.02921133667,57865.04899918309,0
59.718303942503475,57964.35738475302,57863.196420197215,0
50.8837526142491,57981.78408292348,57857.20078401481,1
59.610167663146335,57998.13985384011,57854.66293530046,1
52.617728881939456,58008.71750940225,57844.17502304223,1
45.955260422474566,58005.587396130024,57829.09745521877,1
45.245374671981295,58011.99785420285,57816.74248982903,1
39.664508840553516,58027.939522248984,57809.74206710179,1
44.65173825165072,58045.60883010116,57798.795749466706,0
47.539565288683846,58088.86785371894,57789.919157119395,0
52.22258247069189,58115.76794738872,57781.49992851311,1
36.28933554723509,58119.24561802692,57764.50164829038,1
40.4394713166911,58113.38880066502,57748.65142002512,1
38.54516243510999,58096.773189872816,57737.799442579766,0
43.20974638925286,58090.150895709055,57730.446880086434,0
50.04426916765081,58083.086424693014,57725.61611252051,1
61.970685373454245,58085.344939123526,57731.633343344845,1
59.678390953768854,58067.8280471991,57740.25941740266,1
55.574780529952086,58045.97407065489,57747.32152720392,1
64.10360518606333,58035.19034046135,57764.79385722164,0
64.42873081523379,58033.262444984444,57784.52371612936,0
55.04542849670296,58032.60844303398,57802.51124675057,0
55.266739918629,58057.440672744495,57821.80086513632,0
43.796935040517056,58063.766985607,57838.643742211825,0
49.92580108485822,58084.483751976724,57855.79090053544,0
51.31337362679675,58099.131382427804,57875.25858716129,0
51.7314053980901,58106.72386215364,57905.53199765542,0
43.69923036035394,58092.771803478696,57923.13831905073,0
35.83631132207893,58059.24747707932,57939.37339873426,1
38.458243072869365,58025.95689873068,57950.45557405397,1
37.344556365811975,57988.82058048062,57956.47574903534,1
35.77734995126325,57953.302665198746,57955.97501926168,1
43.932161809645976,57929.09618821028,57956.875846275965,1
46.64556689350884,57926.16037714107,57966.16979275034,0
45.95193215324166,57923.44314206502,57978.71557330065,0
46.31193238589156,57911.316101968834,57981.76847146724,1
49.44873694507426,57919.797670651984,57991.43001298232,1
50.31753007886305,57914.959910576465,57997.758532845975,1
46.159949393258344,57916.26450231024,58000.52605265268,1
48.52826010213306,57903.6477722657,58011.96725718488,1
53.44280271817729,57898.875133113375,58025.8263778862,0
62.919541815037874,57915.35938362616,58037.974378593855,0
66.08034907510367,57919.16657577121,58043.47468184983,0
60.894320376877445,57931.97425584779,58040.55607217317,0
66.20814403134824,57944.9509701313,58041.982934413085,0
67.55241342394781,57959.557599353684,58041.703090362105,0
64.80422617613762,57972.73262387792,58047.20876702165,0
52.069046112303056,57991.50498040499,58040.24317271732,1
50.682502897635274,58027.956957801085,58037.494682526005,1
57.24259689914676,58064.608856982166,58035.341431678644,1
44.6019188397635,58095.85363738048,58027.20551945286,1
56.06813803529264,58145.81427761124,58028.55777640497,1
59.73302627870203,58187.36375894991,58039.107716686536,1
62.03368312758958,58214.20389070364,58052.59540749575,0
52.7937646919039,58227.887096161685,58066.383408004425,1
49.22839756771793,58254.278671449945,58081.24498159521,1
52.025035086681285,58263.66884209866,58092.09840814064,1
56.89197740654026,58287.19163129634,58101.45937646492,1
52.22704381443061,58315.464367816436,58108.46826773879,1
62.67820289759395,58355.7537564046,58118.72161825915,1
66.13461472433508,58387.55227294143,58134.540108107285,1
67.50347313371597,58398.40559132806,58149.63836791432,1
68.92771317220932,58423.75050483174,58167.61936351651,1
71.06810758230502,58470.456414770706,58190.02936213233,0
79.5775161214508,58505.62862143811,58208.17402470471,1
78.33279332076555,58551.21888871569,58228.956075971175,0
78.17837180581037,58599.58177178768,58252.90350008732,0
68.61080861874255,58653.14275358549,58274.369055271876,1
68.58477004629232,58697.19159395578,58297.981691846355,1
70.53573731728339,58743.86158525711,58318.80992959695,1
66.71435809106723,58797.989554806714,58333.09636338176,1
70.76052609066556,58851.556288820226,58356.13691471946,1
73.61951466953712,58912.62528915979,58381.181563252656,1
73.3605904326464,58977.73076539139,58418.18091940952,1
75.3053808703151,59066.42107458215,58459.158337046596,1
82.57467887814157,59152.41449683715,58502.55822735895,0
81.23281325524499,59239.546141143204,58545.22731973647,0
79.53546980118038,59331.36611997441,58596.897103063195,0
80.2927857366451,59420.87708677405,58653.120111616685,0
80.36226561883873,59503.24541357674,58709.63702419757,0
66.71192454535066,59557.75219370228,58762.112753395944,0
72.9767118177548,59626.12663448943,58818.76795563058,0
66.45269525591368,59670.87269060868,58864.32996447587,1
58.595492405744636,59694.081080224365,58897.197643365645,1
63.72299260179215,59726.1301446839,58929.24882575225,1
59.27467767498377,59751.10357572094,58964.87106547201,0
56.84979699683524,59778.11313483212,58996.22968575936,0
50.177689085919646,59811.414594074035,59032.95092867091,0
44.999920813359246,59859.59967935514,59075.315762664315,0
44.219368742815156,59897.88585519152,59116.50516276728,0
34.894327789436744,59921.58106850056,59142.17873753664,0
34.288301097895626,59937.77521203712,59165.10324608385,0
28.431279745861104,59919.23103270815,59181.207346027426,0
22.38736091301439,59874.722925934046,59195.280387444014,0
23.879632395936014,59801.58730783826,59201.81287212938,0
20.881467095569604,59719.28191778768,59206.447954732546,0
22.283636257484503,59629.75400895325,59208.035873766596,0
22.141733633692795,59526.598791405886,59210.93462746355,0
15.434428730999429,59409.988026472565,59205.93253908527,0
24.64403465856435,59303.37382924665,59205.14301310337,0
19.856701492418864,59207.090226846936,59206.60738918252,0
17.43514187487561,59086.449894028796,59195.02220219761,0
11.230218660418586,58975.97474397942,59179.77435848768,0
10.631852805224582,58863.87851612584,59157.06749353452,0
11.363302912637792,58735.603713889024,59132.33547284319,1
14.043624400662793,58616.423498850236,59109.72899643213,1
15.73155168107489,58485.785562876415,59085.076374070464,0
16.068406510592297,58345.829426926444,59056.40604692295,0
19.87136885981569,58199.271762912125,59028.83872070259,0
28.045831785455448,58066.60431426011,59000.84538590949,0
31.97746132037979,57958.854772130144,58970.699737212126,0
28.993283725750956,57824.31574846354,58935.46730893804,0
29.561972940513584,57700.315428229995,58891.833315386735,0
21.671106056397846,57591.31680232814,58843.62454246699,0
22.39960597510546,57488.70464766363,58795.04328261958,0
26.274913346308054,57392.896836237436,58743.11913374125,1
24.869331319354302,57292.71196592698,58685.28795142232,1
24.282636351006857,57188.89193302108,58625.234299237796,1
37.60127558099735,57119.20924392915,58574.739599074615,1
34.14772514502583,57034.37930692021,58521.35010176861,0
38.74064665975931,56962.75203326385,58472.512380565386,0
42.693800408728,56913.494947874824,58419.79766581945,0
40.608982005952164,56868.31053320225,58362.04845610467,0
33.458886519753264,56833.75239511187,58299.47614542272,0
26.478295745386603,56796.83947470369,58224.50283289181,1
29.08221799600284,56737.67823490161,58143.834491657915,1
35.863960795729966,56686.86082502485,58064.002247623124,1
36.868834446439294,56649.44780523297,57983.63872102638,1
43.93714139340916,56616.95505932612,57907.26990972342,1
49.46308834155731,56580.316513379614,57831.67382583064,1
50.33467725631372,56530.2241238792,57759.688509282896,1
63.542579330231405,56515.99320318451,57691.413936416066,1
58.131235079644746,56520.56244946533,57631.70921892939,1
61.206514121777474,56531.56562613837,57578.61836083259,1
67.06438254694875,56567.505064783836,57531.59325065957,1
72.35665289116125,56627.156842593766,57493.540440490375,1
73.6917673092745,56703.535324997676,57455.45682748854,1
75.0980321159255,56799.621620290716,57420.51710972446,0
83.15349848951868,56886.446650223326,57385.4783874219,0
89.17100995438969,56967.16103292785,57349.06017286314,0
84.95436729862519,57035.75590516778,57318.18231523227,0
85.49442594836168,57111.0224797428,57289.09657290172,0
79.0364598050681,57177.260806440165,57265.260365597474,1
78.81176516406589,57250.047861990846,57249.60611984544,1
84.11087689980685,57335.60769779763,57238.11098887556,1
76.83750909560047,57427.75052713886,57227.22193539838,1
75.3661734829478,57516.2897678455,57218.61655118003,1
76.60131626242986,57616.00140040081,57219.39976462435,1
71.5729186914366,57707.153928478074,57226.136270525625,1
64.72542073064807,57791.81832476509,57227.051624038,0
63.08584420249104,57887.857695768645,57231.99549685158,0
62.57492430730067,57977.1630389119,57247.69919436931,0
53.718494069948754,58055.50970544282,57263.52320351475,0
60.84690595747726,58130.450566754815,57285.247181084174,0
56.770760964907375,58172.40745655111,57306.314747724406,0
46.53999684173439,58185.934048154,57321.34466021188,1
47.75579117791654,58185.850011010574,57335.482606742204,1
46.833944572180094,58184.81162870511,57356.10999043593,1
46.85986710170444,58174.55902285753,57375.593291400066,0
52.269435962536186,58168.80235893419,57389.93939073277,0
56.85712567932353,58175.65168748264,57404.90108137326,0
50.18768320277353,58179.55542278758,57431.19244263133,0
47.17815058293787,58189.124151183954,57460.78385477905,0
39.705616713094166,58182.41287629693,57486.044549432954,0
32.84784140900068,58165.93619173225,57509.00360650301,0
23.70881009454584,58143.353313559564,57527.404526327235,0
25.904696583656417,58121.917465785504,57550.29875112344,1
20.520252629234278,58078.80941426554,57575.36675712213,1
21.870749892810778,58029.92442841919,57590.42234432164,1
23.76752863506171,57978.89805929037,57604.85912498608,1
35.54004883020636,57935.021789285805,57620.90339926036,1
38.99090964762814,57895.8415400355,57640.63783123358,1
37.58471932656012,57859.42261073346,57659.968034527235,1
46.338554496412115,57832.156105845774,57684.60866537773,0
34.40646034170159,57795.25681946076,57705.681685627234,1
42.31977037243383,57785.12044914176,57740.32154590794,1
46.39195187128366,57788.62056704656,57776.186503550896,1
50.894678325612475,57788.45109090522,57811.711304704826,1
50.589816945540996,57777.7656896808,57839.91754354192,1
55.350107879374015,57764.04321056751,57863.43006960792,1
57.1858899242648,57749.50654051414,57892.614048027244,0
64.0214202820151,57737.50204346867,57919.795978745,0
68.9364087782301,57735.081247928945,57946.591374164505,0
65.46866788827192,57735.727793473736,57967.709416367106,1
57.27641132674125,57735.27294990065,57976.11076054972,1
54.452323620561216,57751.438253425025,57977.11709065974,1
57.67284051175751,57773.8964010256,57978.4431815346,1
52.60869259703262,57805.00778494576,57977.52122298415,1
70.18146587689353,57855.88724115462,57978.19858069415,1
63.45575129921546,57908.37397879166,57981.3443033316,0
60.068265818503804,57950.413678077064,57986.766508424065,0
62.88399748943029,57989.87107129123,57992.17726785296,1
74.9735016204533,58042.06785059385,58005.89085218871,1
67.62052490521569,58068.11704240441,58011.83633754316,1
57.89232451482403,58103.10960222784,58012.68244739931,1
53.17208727301378,58116.197342176165,58015.70027192287,1
62.91441775761296,58153.94950282733,58031.25039754362,1
65.46852240290394,58188.058945002886,58040.53432254566,1
70.41451903804547,58229.86415455585,58049.001633973035,1
71.54040589579154,58282.233557068204,58059.596162529175,1
72.0607227508628,58338.27873965291,58072.78246558095,1
72.46572825485387,58389.70097956686,58084.81115500698,1
71.68438357510513,58446.08276072529,58102.82059627749,0
64.67050939654413,58497.80979739713,58114.653108624036,0
60.89264666962033,58551.17442695169,58127.61754870997,0
62.30783617841555,58614.211873568536,58148.42822082556,0
58.630754634697794,58669.6602117555,58171.96726183258,0
59.04456850879561,58712.45219539731,58188.577449661025,0
58.07873406324833,58727.2039572541,58199.256554452775,0
55.855479668027336,58733.51493643556,58207.22933433214,1
41.699326378094916,58739.85425747691,58212.44753642178,1
45.495460625999264,58744.16177430361,58218.019808459365,1
44.57610802051858,58732.986389754944,58223.43574761711,1
43.28587864653852,58739.15354969674,58234.532606903085,1
35.44920195642899,58752.130161851936,58247.16003544719,1
41.90613979266655,58780.47859040074,58270.550382659334,1
48.664993107153165,58802.756002049384,58303.585812049176,1
52.17061340422604,58823.721972002604,58338.499345640485,1
57.976156525583725,58850.705099493905,58377.31390240293,1
54.78887097556852,58875.48881592862,58418.23246518448,1
55.355018982367795,58891.890197597815,58455.529828905754,1
65.68022503142444,58913.12623755589,58491.72503401513,1
77.48694184508676,58927.50701445333,58530.05435776544,1
80.61885936494068,58949.116967477195,58561.4374532766,1
83.23877304410382,58991.553262474714,58606.136125915546,1
82.7678764559751,59024.3813504413,58644.13258134537,1
82.28293821268673,59053.252003061745,58677.819836238654,1
85.43415539635464,59119.17918697077,58720.86868808725,1
87.87055188803744,59197.169616424384,58767.01812515022,0
86.72747075880609,59285.818892345706,58815.93960704342,1
82.73778307312962,59376.20131629125,58863.12544673262,0
85.5818337374952,59460.61099843,58907.2633904439,0
85.52260459742847,59552.79792761863,58950.52241949298,0
75.83872816545302,59632.68486582396,58993.31543584317,0
77.13771078312821,59722.90790276144,59042.214016591504,0
61.487782074728095,59783.30819739886,59083.29836024887,0
52.076651595898596,59805.209393577956,59116.11100907011,0
61.57433056648433,59849.29396254958,59156.213816682015,0
50.67182588100279,59876.01740314602,59185.36596719948,0
42.57410114909102,59879.157146980564,59206.54573246005,0
40.06051016491515,59868.59577486188,59222.80266761969,0
36.969813216172696,59868.90246598172,59243.33759189132,0
32.9240997050415,59846.50232780904,59251.82814865151,0
29.890940943684924,59819.25458351431,59261.89246972056,0
26.65969846129626,59764.259456650165,59270.59606768448,0
26.439213483326654,59704.50637534026,59279.456194611004,0
23.883905383419204,59644.241089246854,59273.93647080646,1
24.393752107943556,59554.736212847696,59267.539595225164,0
29.591297435391667,59484.954808214155,59269.05438661355,0
30.522976691898023,59400.63321198998,59263.299469012134,0
32.72619734806514,59313.53533452285,59253.228084680595,0
26.092120277282092,59231.12241562844,59243.83196486853,0
26.578506434919206,59134.420757062864,59225.85761802801,0
33.16605727170648,59051.03499740067,59214.60551584458,0
35.37264261287363,58957.685698927715,59204.81852538192,1
27.444931161647744,58885.663031400574,59191.87882338168,1
32.3353358242841,58825.54106887076,59178.463351916216,1
28.97833576916159,58726.65654861359,59161.89555796852,1
41.97019621326337,58653.39481575129,59155.84231059836,1
52.77140239777051,58620.4372545629,59161.314659710995,1
53.91829462680341,58598.026313245835,59166.07148992726,1
52.096394617026135,58549.23527871813,59165.36699365714,1
50.698325456046916,58533.422988804916,59172.0027882715,0
62.83510044690901,58546.07266974628,59184.66011774038,0
62.5069577791473,58571.61632141493,59198.39053150967,0
60.42028437522861,58597.714458902265,59206.35054201161,0
65.05595381252542,58627.37369439469,59203.783547744584,0
55.309752700916796,58645.09500606193,59196.088808848894,1
55.77889001129026,58641.34372094819,59185.30983519525,1
59.9673499855713,58666.73260788633,59179.79698579521,0
59.71132373764244,58691.45648601393,59173.05460004704,0
64.28087328855298,58702.39400639959,59159.53907240601,0
61.94835272522058,58728.10047559902,59146.09500248628,0
51.0204642922944,58742.269057001045,59131.86635165413,0
51.53764557778972,58759.77122211192,59112.10570923679,0
49.83887015379106,58760.84180875543,59086.46300670734,0
38.041742452062714,58752.626146302326,59058.21300921244,0
30.62540836706549,58772.29238865352,59023.14083864163,0
32.00446972271949,58780.05631167106,58988.99698869702,0
30.244314330738973,58759.35507766666,58950.72913383936,1
31.30140379021195,58741.616736784636,58912.237658124606,1
34.97019476244057,58726.786449334,58871.837174018736,1
33.175568259857556,58689.058432977916,58826.50699041521,1
29.107081366847694,58644.06693156563,58789.21294403705,1
35.358957178587644,58608.59215980114,58752.66423432555,0
39.526271894779335,58575.091465692545,58723.06384932909,1
36.956486733205224,58543.833255933154,58699.23309268666,1
40.14623845920193,58529.23655489289,58668.06584578622,1
44.09699579120562,58522.42120523128,58643.87135602936,0
46.82597494994776,58490.46142010961,58624.31869504683,1
59.5660935964843,58468.81356892935,58613.14171767402,1
57.35563395306738,58461.10172140672,58596.418774576014,0
54.56340362132455,58445.79245431215,58585.81105308753,0
56.84808190318648,58432.277394887424,58577.07547620337,1
60.94178595187806,58427.83816611705,58577.537193023556,0
64.8342076733644,58434.58256199064,58578.49348136749,0
65.61303415945628,58444.70426851781,58578.39828092083,0
55.230148433595524,58443.6036848266,58578.68782743319,0
55.13254602373227,58449.036479830276,58574.629657343474,0
43.98622969099808,58446.12431668991,58568.92557571934,1
41.04794949968997,58438.46271319069,58562.20860959175,1
47.99518621049212,58447.578403475505,58558.419569157566,1
44.206337078049614,58462.84952773299,58557.878498683276,1
50.30669899701158,58469.208475340776,58556.4823352131,1
51.6158012830857,58478.60633706204,58561.03248957927,1
54.495633683419264,58497.14022381358,58567.6547262943,1
53.45044238411053,58509.83014946223,58572.948724923255,1
55.603690844128074,58521.30011976219,58585.923274245666,1
55.919869212036474,58536.94763648768,58597.29248432392,1
61.043990831238034,58569.984864670594,58604.13773908991,1
65.13567599695267,58593.51654426666,58611.33781008236,1
67.59082051931532,58612.9771089609,58621.91550667312,1
65.62794343131193,58637.74507397937,58627.539887157305,1
84.62516631184474,58681.059826213095,58631.070338790094,1
89.93884893948022,58726.638930235735,58639.546236551876,1
89.4855465166335,58780.656764457875,58651.670403589735,0
80.7084726249968,58830.876836877665,58659.79953791402,1
77.75250597078075,58882.19427290171,58673.52753416911,1
72.82833272886651,58923.59679569998,58687.5308872442,1
74.42640674321434,58995.289700836736,58700.3484128995,1
76.13873931548609,59068.14805111749,58712.88523563317,1
80.17572113986083,59142.835002932276,58734.59596777064,1
73.49507789721834,59213.49713576278,58752.03716274877,0
66.7833414705263,59276.5222616939,58770.18361709023,0
69.09089160401649,59333.49423903778,58790.52169634963,0
73.83646596984728,59397.2243869034,58822.20775755348,0
71.76646439921606,59463.237351206735,58857.19320688502,0
53.427355586175295,59504.92657241351,58878.97694774966,0
42.87384607643784,59521.9263205796,58894.04048788734,0
41.027493471184606,59532.51098943449,58913.40010379704,0
39.74076828232059,59529.22819927473,58926.3823950784,0
37.96514703701291,59517.825237373916,58938.331021889084,0
38.67258828744981,59503.86885803414,58953.4640571798,0
25.731969505366095,59451.749799336736,58954.143485898545,0
25.476409110749316,59385.15782153951,58950.17250124723,0
16.743469952523753,59299.983891125674,58941.62737376299,0
15.708654057717112,59210.604856293474,58926.50817805815,0
15.389752954627,59115.95231113457,58908.213836665775,0
11.797819248903522,59012.830543461874,58883.69462253643,1
5.260510976318585,58900.21872764306,58864.25133591288,0
12.50188889600598,58801.960823602894,58846.14413750259,0
14.52127987636699,58687.52422281582,58825.164968334284,0
15.633269512785901,58572.8333509436,58802.853521401354,0
13.15532868259713,58458.909268636395,58780.83636658982,0
13.544541169039647,58329.08877419168,58751.02193957947,0
13.097253976156097,58170.699393735056,58716.65449025124,0
11.531277499025293,57997.972240042174,58678.50039549477,0
12.500168403390418,57837.57755538472,58636.56649597291,0
22.61979396362662,57709.1446148218,58598.083741883944,0
23.380515289403547,57570.827848343586,58563.28151645851,0
21.2114417767815,57417.842757415536,58518.13441276833,0
21.509044464356066,57267.642725366655,58466.356750645544,0
20.801939888113637,57101.41512844378,58408.89029746412,0
18.699490401548744,56960.27605337836,58350.57051711357,0
11.831719508185103,56822.450699653804,58287.71024628393,0
12.492244240700686,56696.83228788477,58221.504199391464,0
13.008779381370303,56585.7984125073,58156.895483276174,1
13.049090663013004,56479.05927847582,58091.31750015123,1
12.718827236759239,56368.45327247962,58016.2968769332,1
13.951772430150953,56252.40592358379,57937.21975947816,1
23.25065797195404,56134.58255271248,57862.570540880915,1
36.98938510706225,56038.54018119525,57795.39019722803,1
26.829416918201403,55946.07915419542,57726.18715348777,1
28.272422629104383,55856.46407775432,57650.99806720631,1
43.18154472051082,55782.9351441835,57573.54042515858,1
55.57400879814531,55737.2260451636,57499.28220253354,1
63.452956332034056,55703.1095245676,57427.39347057074,0
66.20087762880786,55689.214726724276,57359.374677501924,0
60.62529570782538,55650.771826154574,57288.953754065784,1
61.76445402275272,55622.53162584116,57214.17828646029,1
65.57498162250107,55633.413752011584,57144.240693125976,1
60.255105737775615,55637.25784150134,57064.12588607317,1
65.65453653105628,55651.75462913851,56984.19329481441,1
69.00008190618894,55675.204398342656,56910.04337177307,1
67.85082738339955,55705.299316404315,56836.432277230546,1
65.37191399060515,55745.19483949222,56760.69238042699,0
69.57295025868086,55793.98201983211,56689.19335072633,0
68.22405128794612,55843.08526793904,56626.58097836143,0
72.50575313519012,55928.7393787453,56579.02210019948,0
69.19119334195378,56016.50913017881,56530.819015775895,0
56.32733691770418,56063.53254622953,56476.29227966283,1
52.88556174478605,56089.59576771853,56424.09840936587,1
54.31804949629072,56113.34718991058,56369.978486238346,1
55.89037510347469,56146.34720322916,56328.83702876328,1
50.65819118320521,56169.83109160485,56287.409733184715,0
59.99581337465324,56189.37226434401,56255.037551820875,0
64.18733317090033,56219.357396912295,56230.894486818266,0
56.553712329840245,56232.41511169637,56205.959797726646,0
53.757518324753086,56252.297285779576,56184.74045099286,0
46.384843982542606,56261.125635517375,56158.54104961,0
43.287592652135565,56262.095529957536,56128.29457566783,1
41.68953881813367,56268.159121790806,56096.37984566316,1
29.052720685319898,56280.21851314936,56067.14735969672,0
27.27957038219418,56280.00701603106,56038.482470730945,1
38.536424483214724,56272.11167406081,56013.6414371782,1
54.08911582751939,56274.36627448539,56002.15913272712,0
54.765131965463986,56264.53162617836,55995.817105180795,0
40.33627643051388,56238.76368227432,55987.05542911728,0
47.91390812288723,56201.16209833368,55975.82909360424,0
47.454058385028745,56172.27097350353,55971.39626583986,0
36.94793853461727,56154.147536426855,55970.81419126736,1
37.91503420285617,56131.83856686186,55969.77674596395,1
40.67637119870036,56118.579415435335,55976.84420103496,0
46.135640870180104,56102.6098049473,55985.77052939085,0
45.23523058277739,56091.10480997673,55994.87137731388,0
48.68476962673568,56068.788368837304,56003.81998420188,0
44.33953939319079,56031.50505524296,56009.17714391254,0
37.36354704597227,55980.22415912877,56006.42574998783,1
46.057553465510104,55950.84206955253,56017.69596982202,1
35.22966392320369,55919.52864164198,56025.39013683327,1
36.9346631094068,55888.13268416353,56029.71462824825,0
42.23276007390941,55862.963155400845,56026.1490353454,0
41.67377850200667,55846.021249855796,56027.12419796087,0
37.09110914708077,55832.95137395548,56029.0773892114,0
45.796088370258445,55822.93814013289,56029.642635557946,0
38.0795061728005,55766.07232003221,56013.69764267457,0
33.13348285279784,55704.47796147319,55996.36447994303,0
34.352384397604396,55669.67426425633,55979.239244130105,0
37.7379374613165,55631.25898784286,55968.023958279555,0
35.03078943614804,55573.24762417518,55951.68266517347,0
33.46604979206133,55519.245376418265,55925.14684103004,0
40.83469206494713,55473.51791794066,55904.28077653968,0
22.23272888761845,55394.36461340663,55873.88819474221,1
21.926751685065597,55298.48253373705,55835.08178354862,1
30.35881396348819,55220.24930245355,55800.85137173357,0
36.970876463519865,55156.28849066945,55768.25744467278,0
35.308100781645095,55106.58605120385,55734.21875646122,0
36.0994376840016,55083.9554620176,55702.77382761926,0
31.52378464738574,55021.32809180427,55654.73145504562,0
35.341823733863066,54960.980722001535,55603.178773562366,0
36.60168589126385,54895.91660931848,55562.66825348384,0
31.722298244790267,54825.246839097024,55520.409463896794,1
27.942989015283004,54742.102660003744,55478.62638599814,0
35.896159675771415,54670.8017530191,55438.85920912738,0
38.538178297073294,54592.54820589083,55398.72948127234,0
37.07458790941253,54537.22844943708,55352.84011671179,0
49.79988565801026,54497.63739657559,55307.67647980835,0
48.71200495680195,54436.405256062084,55260.83530187639,0
37.279685771900844,54360.22438750947,55211.194798971504,0
26.309746505529844,54286.18282131546,55161.7055394927,0
23.23270762948644,54228.477462414165,55111.69961401269,0
20.186215403058355,54166.05668977072,55063.43980373165,0
23.967427636506073,54129.57024852176,55013.62888889117,0
24.177188039259974,54097.92200992515,54962.24778110624,0
22.190219897014828,54037.963857974835,54907.192245299186,0
28.9828868640313,53969.64646197789,54846.36951966979,0
29.021588643846897,53893.078531203675,54785.63751847135,0
23.430557969781873,53819.62742708612,54735.11932554398,0
21.980176097758346,53754.561757509,54676.09131871574,0
21.23214635226097,53690.25033872087,54610.37051964931,1
14.246520226459467,53626.67877563393,54551.68074916666,1
16.63024797848243,53569.02267967384,54495.283109021584,1
26.699518641895736,53522.41270432216,54440.15970155285,0
27.819101389171223,53458.50539183108,54381.217443880894,1
34.04147472428282,53407.48373238083,54325.28105023398,0
38.57379962967375,53363.62090482174,54270.773131105576,0
39.589620544300736,53311.294238294984,54219.59215302916,0
38.19431609947392,53263.6493409893,54174.20537462059,0
49.415802807324106,53231.97524212663,54123.64806800115,0
39.99607412000519,53198.4149944684,54073.26008062327,0
41.61617499607569,53164.08602154306,54022.080948964496,0
36.320944411745224,53132.66726486331,53971.32144751663,0
41.499173400630745,53102.310965850855,53916.1447752892,0
43.38602147899727,53074.71000947957,53858.95123531589,0
39.477129514949496,53049.596588760825,53797.85562475036,0
32.27192890890986,53002.222374426274,53740.82954142741,1
37.26568253705664,52972.26424860973,53692.752033325974,1
37.008479976487166,52931.19869834916,53639.72909918111,1
30.73261155044173,52899.96830044221,53583.57504375549,1
26.975183480872104,52874.04805027343,53530.69069008861,1
36.18643593748427,52861.295673755405,53488.50086810152,0
51.9960333453061,52869.153909820714,53453.53750577362,0
48.94176734861884,52871.06693282259,53430.84062931925,0
53.31277766819749,52875.715022035816,53412.1104392004,0
47.26522408769225,52861.66111874934,53381.8457767523,0
41.35111595817517,52829.42189088314,53340.02649119105,0
36.23844377006262,52780.51143982133,53289.16230847617,0
35.11210404643424,52733.15552712926,53233.885400665255,1
32.007216125049084,52657.3223138094,53178.0457568032,1
41.066280874735845,52601.5407747001,53129.48410170269,0
36.56123869438477,52550.2030018323,53083.795505970025,0
37.25847741852102,52496.888228247015,53039.97800317663,0
42.73929572397235,52456.73824589552,53001.9990096459,0
39.979086179888014,52409.769899999825,52954.53849410818,0
33.05509168814693,52362.82251050011,52905.96534659407,0
19.470697860819357,52312.70655257108,52851.02078268101,1
22.80375523265799,52256.29608426385,52796.21550840127,1
21.84257528461893,52196.6994377361,52743.846771850716,1
23.632803570542023,52138.54086829227,52694.90163606861,1
31.565987127810715,52091.75033669354,52652.91769623985,1
42.623388988551696,52047.712269277516,52616.194790846865,1
45.18011407148375,51984.05079613141,52580.735148317886,1
55.61154057923697,51922.63322315212,52548.06581917139,1
46.606845410185834,51853.74717439698,52514.44050498914,1
52.14040355346849,51812.92942914351,52491.83200521977,1
52.50955645600357,51784.88606278115,52466.12233151236,1
48.085032300195664,51775.38529523393,52442.08501408827,1
51.16195454032615,51769.77444655931,52413.94420845453,1
60.50338098545107,51797.064635841954,52395.046908136384,1
74.33859210687292,51815.56246481803,52379.608952141556,1
74.30038638218883,51837.43867712832,52368.099466567786,1
82.39986605823582,51865.37087598523,52358.517281701184,0
80.29543010554829,51880.00514120238,52345.035984398,0
80.12962683783573,51914.64565280656,52336.99459849837,0
77.47032658623954,51960.939136910136,52327.34750840581,1
69.0709952167048,52016.96076320826,52312.35672603561,0
60.35217985429924,52055.346738718086,52293.83650857051,1
67.51059167200467,52103.32439438133,52279.716793207524,1
64.2233258840962,52160.21967293568,52266.19940839223,1
71.80635296997782,52223.48339296935,52262.945055640215,1
59.82369429575343,52255.266470872215,52252.666970578524,1
62.249693788132866,52287.597610780984,52242.70728668495,1
59.50170444145804,52320.98285294878,52235.534574010555,0
59.896951710264155,52366.36328892696,52231.10181676809,0
60.883945345567625,52405.0032625254,52233.994674725596,0
62.01885942469254,52451.86008149176,52245.977414338544,0
57.766769329205324,52488.05904910363,52248.40293428582,0
49.06249436049837,52518.17863055122,52248.73618133536,0
48.91319714633996,52539.43027057619,52250.83169618997,0
57.59609050230981,52568.59102561455,52257.426142278004,0
63.66185181813491,52591.5766104083,52260.21184122894,0
54.7090894338396,52595.243283106596,52248.95303101554,1
46.48547133596263,52590.64233548388,52232.8661454625,1
41.88079617411095,52583.66186080681,52220.17333400676,0
48.120992038764406,52569.74177327483,52210.579770216,0
48.61564757310632,52566.61104938334,52207.232389435696,0
51.50040259646559,52584.02661972148,52215.24258053057,0
44.66905661027043,52587.93183229309,52221.627315273065,0
37.63311776341373,52578.62003928181,52234.71849858119,0
31.829278482597886,52547.68531265172,52241.40287082088,1
37.499694653123065,52538.07674596274,52247.81646823069,0
46.530692499030664,52535.94046256547,52258.32818041233,0
38.554825407605996,52514.10502797747,52258.481286843344,0
32.28779201858626,52489.257538447855,52262.89687214731,0
36.981827764170404,52463.01006890837,52274.069698088904,0
36.02924930604217,52411.65939508936,52285.55855134586,0
39.65516929079289,52369.519798691756,52293.692420056985,0
30.914266633135384,52325.37027477323,52300.2045161502,0
30.058577384651784,52271.68053325769,52304.08756217614,0
23.616818682083505,52183.03539160311,52293.94016424184,0
25.497043913573123,52106.88341560656,52283.88029976056,0
27.230299303540093,52042.95247903164,52272.51370417563,0
26.397190915087123,51981.421337969536,52256.38139138947,1
29.398512623421837,51916.25770880335,52245.177547769315,1
25.21924900471042,51844.15742821946,52223.070969846376,1
18.907141147003813,51759.505129314726,52197.08001604912,1
29.86568810472022,51679.301941716614,52176.80923912364,1
38.04253081784216,51629.20747487796,52165.400526600526,0
33.03571105823568,51577.334797875505,52146.82656339462,1
42.210566719754425,51541.36439610596,52131.723643336045,0
43.788667247642366,51505.40037341101,52115.00114674377,1
43.208914570319834,51447.56915601624,52091.20749242474,1
42.39670458032591,51395.259294251955,52064.58294806317,1
56.080311550619726,51358.515794071296,52040.444928653196,1
46.224670219803805,51298.811052521945,52009.21846433362,1
54.785089838888695,51280.46416886795,51990.95991360974,1
55.59185600779156,51257.04758786923,51974.372759717444,1
58.813214447937675,51261.59700034127,51963.513558534185,1
61.43448826292034,51269.50644390238,51947.80227056282,1
67.65415233231644,51310.465269273314,51928.73291476343,1
67.42219391603673,51351.44708485791,51922.352545354835,0
66.5510863670834,51409.88672989335,51921.42935182058,0
66.58381983543887,51470.55463826122,51916.21010551445,0
60.576864783785474,51519.365995175525,51906.378630268744,0
59.327014359187295,51577.78833431919,51892.1849985639,0
59.773753898857976,51634.57832254133,51870.167312468955,0
64.30602637065158,51678.65766082144,51853.04868381077,0
56.373825491528606,51696.442402295506,51836.70603529824,1
65.98028546786591,51730.974878227826,51823.44440645527,0
56.029898798186665,51749.1326828988,51803.940306249744,1
50.884332740035994,51746.3074934351,51776.893499954494,1
50.18139355138628,51771.629764650184,51761.76208504217,1
52.14710901282356,51808.0670348371,51751.55282780446,1
48.988460705126485,51829.28465593624,51738.694046704964,0
47.64039911052048,51875.71417521308,51731.60742510892,0
45.14066722409601,51908.04946613216,51727.535280309254,0
44.41465088423711,51938.479843370245,51716.15404917695,0
46.118070387184666,51948.60425548514,51707.782527811,0
42.03714107243921,51950.65475304587,51696.61615606844,1
41.45415891375022,51930.06169414034,51681.68346735886,1
43.087507977472875,51901.30422918276,51667.64353864285,1
48.00355075360961,51862.56906914878,51652.08079445391,1
46.537020197284434,51837.285856537965,51645.48243693865,1
54.37688724702131,51833.392579341096,51644.03264662604,1
66.03619148420339,51838.05617019099,51642.20343907694,0
64.31713985665945,51864.35915201428,51651.247215238924,0
53.113691011494794,51867.48987949975,51652.236716133964,1
51.73217273285526,51875.758721088736,51656.861413824445,1
51.237274666481575,51882.84622988899,51667.91068510779,1
43.33814596173966,51883.95277548938,51684.30725980425,1
46.447879522589574,51903.39862461296,51695.499583557044,1
50.389626398314334,51914.02997038096,51710.1930815819,1
57.06793537401121,51927.25617105404,51729.886761038266,1
66.45328316973672,51943.87898590249,51749.742557544625,1
66.51751955638275,51955.546980091945,51776.16324585792,0
65.83682916974843,51960.3066482077,51807.85588786644,0
54.82081208013852,51958.05556968965,51827.655500366156,1
51.432152045068,51965.37186258589,51842.24828289417,0
49.014545947998286,51986.66517358826,51860.34830635354,0
37.97497057676179,52008.105520633326,51868.37991716982,0
54.88666192333616,52037.55729444011,51880.506307054486,0
58.99917665456385,52068.42560214395,51900.423372904996,0
47.33089455493778,52077.88213452279,51918.53157304699,0
48.98915174449228,52066.350360846955,51927.16647333631,0
45.90930483035674,52041.433318804404,51939.25234558993,1
40.78137207594837,52002.234047610786,51939.95516673606,1
39.92721458978186,51986.74489088707,51944.11563734111,1
34.3659112729234,51964.56206907203,51938.04744131675,1
37.380427687701086,51944.01484978151,51937.71404745945,1
41.75329228711701,51945.607752366726,51938.36425304161,1
50.169322994200556,51952.47711421955,51935.9115953017,1
48.08859067871993,51954.59424942018,51928.07608939263,1
50.97613592020967,51961.65732483394,51926.32783566735,0
56.64226865515232,51962.272959940085,51926.905343450446,0
46.45965792674333,51949.65457924193,51924.90974382701,0
49.78662316082358,51947.1298560507,51932.8765012702,1
58.70044835588011,51962.40984250356,51941.156373039,1
59.53512362268454,51965.77969719657,51949.9832008546,1
60.479972680456115,51962.12466261364,51952.808220107865,1
59.37437832720685,51965.6028327016,51954.96797709094,1
65.69165250466969,51975.505399267,51972.18546938724,1
72.02607337013285,51980.1105732094,51983.81569632868,1
69.06819783068805,52000.09694347413,51995.343536501794,1
67.93406830545592,52035.467755857186,52009.639713304685,1
57.09404253179737,52064.32547883164,52014.69686703735,1
61.39367571935499,52109.79630885697,52020.65390382598,0
54.16657024000244,52146.25817568622,52027.22697026749,0
62.59468650683613,52210.78372288722,52042.91922827758,0
64.87322193968393,52260.90131531685,52061.81267236783,0
64.3933619748355,52310.93727338043,52090.714484737655,0
51.49387008786515,52329.81207717682,52107.31473449933,0
49.665616158155714,52336.49313245842,52117.64571471649,0
50.115394879232795,52330.86364099853,52123.75894945158,0
45.79139761476565,52307.685796785416,52116.62263042818,1
40.11804698343124,52297.761685674566,52108.79195002044,0
41.449663618871405,52279.06605936187,52098.75926420922,0
38.032595337074106,52247.28672898038,52093.075112831255,0
34.80087975517702,52222.188388706076,52088.555067901536,0
41.77297632034414,52209.332244401405,52083.40262591284,0
31.39301890109536,52182.809884765695,52074.510820801464,0
30.025469463581416,52123.33088637934,52060.1583740938,1
20.006450445567154,52060.46002062626,52042.38771642679,1
20.610531361454434,51996.24867802697,52022.94053929096,1
13.932964669949953,51924.239030733035,52001.783731236894,1
24.137174488721016,51873.27594111952,51981.78845144839,0
30.459854886012963,51816.119491299716,51962.97904106279,1
35.86610674727562,51772.0078511935,51952.80788286904,1
38.17076420572969,51695.697290898075,51935.04939960245,1
35.20818730113022,51623.96155645079,51916.731225512856,1
31.939645016649877,51538.77799676351,51902.98347518972,1
45.076965347220735,51493.183137064094,51889.565071548925,1
46.09232881976195,51461.08356449932,51874.70889965863,0
38.66429007859286,51425.22952417737,51862.6979053134,0
53.92622040448715,51418.20832659621,51857.36581672787,1
65.69038268020549,51410.81126248528,51856.54312749279,0
61.943800066651846,51392.068600393584,51854.693085322346,1
59.4040381723546,51379.7493177728,51850.276883585546,1
57.62842634605818,51364.27515685458,51848.440303014555,1
59.142120305410295,51353.01083455992,51847.001019824194,1
57.924348217178654,51364.809426172746,51842.19149032387,1
58.06189494759177,51396.61073273352,51837.811821499396,1
64.31473452327491,51426.830205075225,51831.28209868882,1
65.11084903566805,51460.160444062,51822.34178698219,0
71.99404938597911,51507.11040629409,51819.7187097785,0
64.03496846665998,51541.55665301931,51818.54928095934,0
63.77985405066587,51572.38233532636,51813.08003277305,0
58.884836964795895,51582.608606665315,51800.887388533745,0
49.94055359131796,51599.07805443322,51788.36874249711,0
44.797293029987685,51610.754834733154,51776.18329436066,1
43.60240836932479,51614.894647035944,51762.70020092346,1
52.6292292509109,51617.63347729728,51746.416302761034,1
50.077866947907914,51610.24828098241,51726.763982767836,1
47.87987924617637,51617.42160993586,51709.6277718981,0
47.794306201792416,51617.93828850509,51690.354029787035,0
43.88612551120309,51613.130508600785,51676.065139400445,0
54.095129785259736,51631.400381872525,51663.334714528566,0
42.82564443707424,51630.549149202685,51643.99327299214,0
35.36050164453974,51631.050332160696,51616.546946723945,0
33.20994094904317,51608.473100830255,51586.02973402956,0
27.88354521534309,51564.2492466697,51543.516279639574,0
28.231603102733743,51500.81025038597,51506.21109078305,0
30.022851716820284,51442.47634666356,51473.67538437087,0
29.13019868994634,51373.5409687377,51439.41271807786,0
36.40464000773555,51300.5381176808,51416.859638136644,0
28.669392035646766,51229.00757579699,51391.04763700832,0
29.964533538702497,51153.07810232759,51362.68484995934,0
24.026087114437246,51087.578881915506,51337.00424970779,0
22.493631161629352,51028.75029834123,51310.993506351166,0
21.43915935882535,50969.0813583375,51280.08293993509,0
8.654198321593341,50911.50827444765,51254.17955679623,1
20.48872211453987,50850.60730262233,51237.32686925823,0
19.586413551167226,50791.84545049555,51219.31815471556,1
21.099717546121596,50721.38034628414,51199.68043920097,1
31.152242237502136,50653.34093049831,51181.99478969315,1
40.101118140879294,50588.18040768894,51162.02692602821,1
35.1781595091591,50499.22386780647,51136.57646513127,1
45.083031261202144,50440.423150334376,51111.35939264849,0
42.329230837341036,50388.961185228894,51093.85250445628,0
45.041272378732025,50350.082771830945,51076.47822018161,0
44.37720602735509,50326.50539401851,51058.60723854158,0
43.85277066656778,50310.80802663844,51033.26104661278,1
43.24212815064126,50292.92031287832,51006.41008372248,1
38.96961200156688,50269.96775099899,50977.30800880651,1
43.23415479160792,50237.65636873544,50944.63885499235,1
42.4815834697075,50216.40446535577,50913.28491815651,1
52.635833121670075,50207.16365742165,50888.722872770566,1
52.65442579805128,50197.31714127983,50864.0313791106,1
56.31576594920378,50199.09640192656,50844.922004379965,0
63.394766012249534,50224.11949346801,50828.52640349833,0
67.36493275798672,50254.493046632466,50810.05300498013,0
67.13865546278208,50281.889898021494,50791.43853537342,0
51.549515492601785,50292.8996002875,50765.74591280047,1
45.405171521128054,50295.163101435144,50733.681502150226,1
47.518890434642465,50294.04376207523,50696.76813200561,1
45.18547150863799,50279.669679628554,50657.272136671905,1
53.78641917609088,50294.621998252565,50625.472330301745,1
60.78124998880479,50308.00329430842,50601.51726770573,0
63.587450486738376,50325.66620343449,50584.48776405678,0
61.04183056067513,50341.259100157076,50568.679926351186,0
54.03508469194025,50351.13308518684,50553.10261380194,1
53.492950861287845,50359.886274300065,50530.16216541391,1
50.58301044020497,50373.20123923958,50511.59126702534,0
39.74997249825964,50392.45537020627,50487.32151291467,1
44.15715443494593,50418.81410557621,50464.9891818208,1
44.24939527061148,50443.365970233725,50445.37910280968,1
54.505502878337545,50459.20393603229,50419.84429443448,1
51.51909283369488,50460.594068673454,50396.04934689891,1
58.089223056749496,50468.49121792402,50379.8983586853,1
62.21245611581557,50455.2025930624,50367.21820039119,1
64.3479417264281,50472.168810038114,50373.2208303275,0
64.51152919399534,50488.74523691303,50386.612529984246,1
60.22492867841295,50525.850212647536,50399.09545919405,0
61.9148606337125,50580.014874428845,50416.27106442668,0
56.9182769476934,50613.07547074603,50421.7830732317,1
62.54797636172979,50666.46482172076,50432.25503504141,1
68.16815555232498,50725.131564623545,50454.293715220134,1
62.30085480881652,50756.92717591495,50469.25658530551,1
59.678633962652704,50776.190380639506,50483.463796976095,1
57.47528029143,50794.69046819776,50498.92357029529,1
59.68567615941801,50831.97492224628,50521.28927292139,1
71.07437334738297,50895.5072358582,50548.122138708255,1
68.61902543337888,50960.32456589981,50578.98291318704,1
73.2618044970897,51052.93896756768,50619.94496142809,1
68.76049604855557,51140.545774087106,50659.871119256306,1
68.33827199804885,51225.55266910246,50700.328007375094,1
69.98784117569889,51313.79210674002,50745.6715900079,1
71.45789943080979,51432.4908930778,50792.87644399627,0
79.50915537648476,51529.81861949781,50836.24133239286,0
79.20418624829304,51637.45594207234,50882.16746848774,0
67.25881826920539,51705.692532099594,50924.89568555993,0
78.47219466117703,51764.55872411681,50968.11280897559,0
76.01896255911942,51819.15703067196,51009.5901463115,0
76.92576634070508,51870.15673404831,51056.3466576464,0
72.72582097510588,51938.18849510139,51101.99592377807,0
69.96594602005746,52007.2801690467,51148.60531651778,0
62.75461561062065,52041.915749665,51188.19455211747,0
43.348292642186664,52080.13050566362,51222.381931059026,0
37.06241832911653,52107.64651356338,51246.88384163081,1
40.04865936234343,52146.15758315406,51267.73880616971,0
35.20536035821311,52166.220793019966,51285.980371476384,1
30.47163448601188,52169.20269029941,51303.04725561942,1
30.82079082392154,52165.40789132042,51327.98622960021,1
30.85779852404491,52148.437614646806,51361.25476671276,1
33.90225161812006,52127.45535615318,51393.23575688749,1
49.1498765210922,52129.60234463276,51440.301073376766,1
58.36028352949761,52147.448147608935,51486.80204975044,1
56.796356257183426,52149.93885095099,51529.65066665331,1
56.253722478535124,52152.1314189832,51566.827418612345,1
61.641457603886245,52177.46438093588,51616.64958079927,0
60.89091943687369,52204.31679933784,51666.169171220325,0
67.8041143196642,52233.464023307126,51717.54390857841,0
74.71054658253193,52269.20317270285,51767.99091969682,0
72.67511977508285,52304.039327534265,51820.9802405776,0
68.44268647168238,52324.6491626544,51864.32994660935,0
68.67690849624452,52338.90368494673,51906.82040240299,0
65.35854896698464,52352.24138727685,51945.409532615304,0
66.81071246964996,52397.25214020677,51997.04515967235,0
61.63595668005217,52441.27608090946,52035.99778682499,0
53.72273998762614,52475.9530004229,52076.03896911391,0
38.319013314823366,52498.16428689998,52096.378562221136,0
33.703948826400364,52494.85329215844,52105.490477717576,1
32.870457044548246,52486.09665286646,52112.08480568778,1
15.23393084687659,52462.11547220357,52114.095005822644,1
25.569853080544988,52455.09921272175,52130.04525367778,1
25.596994137085034,52420.03354971613,52141.72856457492,0
31.952929324268,52378.91078556144,52148.3137381256,0
31.161742063955913,52337.142257264044,52161.736699192945,0
37.95806338829276,52305.95592668641,52178.7336370311,0
33.8891523509223,52236.19158143149,52193.25002609276,0
34.31238181477164,52169.28101509887,52201.09160836137,0
23.533885404353057,52084.71218285627,52193.225887377645,1
27.99767288961307,52003.27640135511,52185.17165387894,1
29.068003799269846,51924.484832979106,52169.59858674217,1
38.87439690527072,51870.85351068127,52156.45304124702,1
48.32495589560192,51814.405347158085,52142.361473625235,1
61.02423577573914,51787.92264432076,52135.06174764759,1
65.55569714368167,51748.84032660852,52123.58493308464,1
63.9925949509834,51734.235926464,52117.76470961148,1
62.30114537931295,51715.795776215746,52107.37490277128,1
52.117696078585304,51710.43213209399,52098.27440221889,1
57.18858525609073,51733.789276737516,52093.182698765864,1
54.13391894385659,51764.64846108576,52090.2813778533,1
61.67394559334043,51810.810176716666,52090.35638289,1
68.02870425998111,51845.84399363613,52093.107453091674,1
75.97304733891504,51873.35359565032,52088.15793521637,1
77.83318366438141,51898.68250743215,52091.02044123246,1
70.57971888745317,51919.0973856229,52097.32345117665,1
70.13244642601143,51939.70467461781,52111.55690145289,1
73.01202926804169,51980.38282789716,52126.94012399,1
64.22832386093756,52025.14976348336,52144.663196546724,1
67.59825817619802,52099.68514499544,52165.41886925605,0
65.63524173192232,52174.839154909554,52188.9441593146,1
70.52593497039321,52255.891768460635,52212.580248267695,0
71.01868820176574,52320.80369622781,52233.79237727688,0
69.52403327399949,52385.709443444124,52244.80431314979,0
61.24788955054859,52416.272417788256,52242.591455719325,0
64.0970470716293,52462.18812091871,52248.48464107173,0
53.68866690651788,52478.04557368994,52248.130371494175,1
55.473678871496936,52493.596599094875,52233.82779003487,1
47.84116941514293,52508.91523890082,52220.11377804409,1
53.82670403980878,52523.803931156915,52209.31866190578,1
58.06687535180176,52558.823562750535,52206.12953387237,1
56.12236299021962,52592.071914871725,52205.569417824976,0
65.53854025823983,52651.40373854397,52223.809283447496,0
57.560638585856104,52704.88629371853,52234.5509787251,0
52.23029019031324,52734.61362879105,52243.969337838134,0
47.16916938471768,52764.121721085256,52244.07128352804,0
49.94230611375182,52788.58899769946,52250.48206816889,0
46.36904649428542,52789.97093944558,52252.54729959908,0
48.19179629862515,52787.68220203279,52260.470362599845,0
44.57097421512231,52780.03835532257,52279.49289452171,0
46.899208617627586,52756.02662144066,52296.916146744275,0
44.56064547461776,52712.16348964509,52312.599455244315,0
46.136312920499606,52672.68252723066,52320.82570308044,0
42.71045121071717,52628.01413178728,52327.99654597825,1
38.91472773242898,52607.52670661637,52334.03782414129,1
33.56895359480639,52560.919878812565,52337.99568969113,1
14.846750808764838,52527.250234383406,52336.64809457297,1
21.207905873678428,52502.94480931332,52340.529081187604,1
29.84742339934958,52495.97041342306,52350.789537373756,1
41.342386961351934,52496.53625805206,52374.04829198409,1
43.134507490499836,52482.55384677039,52397.840512038485,0
48.06400822483177,52463.32592510147,52421.10585467392,0
54.46298041049504,52420.2355505305,52443.5620993872,0
50.16388130660877,52388.25044966623,52464.08901972835,0
55.541869784227075,52366.529514183494,52475.41208578324,0
51.847841274986834,52335.99861789412,52478.93460004229,0
58.133576744181255,52313.18943421868,52482.063471270754,0
60.778556071772734,52302.764063746596,52487.33461461142,0
59.84665743050133,52307.62571348124,52499.347795154754,0
50.06759336615919,52278.12442303184,52497.22695303944,1
53.11847667767943,52260.54383433464,52495.27429604383,1
46.69425707162718,52245.73639070337,52486.56994083899,1
49.79802844130538,52249.9279596502,52482.45928948606,0
46.14945906038263,52263.30612846026,52483.977559102226,0
44.99666718808454,52268.92649420622,52482.13541885092,0
42.63667874358179,52279.23392773855,52482.05030653739,1
41.71734145021937,52300.7162442134,52481.0527224112,1
39.372668117993946,52307.10000323168,52471.21595132141,1
39.967735253806595,52304.47256553527,52462.51865819452,1
44.569273884518,52281.77424929771,52446.88393370501,1
51.041796557694646,52277.04962606133,52438.724700499195,1
55.77491329829316,52285.72083978723,52433.03748320456,1
56.725695392455464,52299.27214428551,52434.94947861027,1
63.003022075414705,52300.59446662113,52430.04302899916,1
65.73366482867797,52313.30603602334,52434.22553307727,1
70.90325761962546,52345.63537529977,52432.31350179471,0
70.2208296389276,52381.26515640445,52443.35130435656,0
69.46889427816285,52418.004299009895,52457.097694577424,0
68.7964848924475,52446.90587229127,52474.54404851093,0
72.12132846484607,52506.30339348079,52490.22673796899,0
60.85341678078882,52548.115598833,52490.991110476825,1
61.643793630100596,52590.81258652733,52486.066209501245,0
63.261405971809424,52622.22930456048,52470.78951589267,1
69.19822802376763,52658.89773702286,52465.58213642395,1
59.813336906529244,52687.71888421402,52463.377521020106,1
53.703938259623726,52720.451292299935,52464.58213502327,1
40.9576092219779,52733.20169283779,52458.89780046653,1
54.876587388605635,52769.827057802955,52463.15839866435,1
55.916954617026214,52818.58709356732,52474.88061480833,1
57.730465615429054,52879.65178938724,52486.72930733087,1
54.434382866869434,52922.11965053362,52505.161912136384,1
59.22395922712861,52965.41352476958,52534.33749725436,0
55.44212296146857,52990.02681425257,52561.88719341904,0
50.8107770458574,53020.411598393825,52587.00201564177,1
62.38634474143503,53052.770009274805,52612.32285414065,1
69.12026721135958,53093.194887221456,52645.22350515827,1
62.147159853934454,53109.45020791205,52676.23129376801,1
56.23277806728942,53117.1679788356,52702.78696238633,1
63.71677228577082,53141.84385773031,52732.89342623383,0
64.93585816014487,53168.29856694381,52758.93166152568,0
74.63006753452186,53220.68122425371,52786.24206147016,0
65.3223992541669,53269.147448860014,52808.39481900466,0
64.08538360994021,53320.446763324646,52830.87400101032,0
55.66267873845811,53346.15677874751,52848.74466805646,0
47.20051764942188,53357.57351167748,52859.7951200177,1
44.15781478945231,53376.666553007904,52880.84930906878,1
51.88941944561746,53426.11397048143,52904.06761497163,1
54.282263796001395,53458.430419063916,52925.42494079128,1
48.60904091218855,53474.143943505536,52941.48790681805,1
51.14853806847683,53500.444928323945,52975.65750944771,1
54.93199848537628,53520.73001757489,53009.23638543247,1
56.893941331377185,53524.8319289388,53045.975712548534,1
56.910019427003164,53553.923522480276,53083.48541855107,0
53.993748650493075,53588.61088345472,53117.123917639554,0
48.42722638232037,53606.14277047315,53147.20936464742,0
56.278394497808776,53621.88660591587,53182.28457642919,0
50.803510945476475,53642.4468356757,53212.92353035293,0
56.542421290395176,53666.87464887007,53246.69682064169,1
60.05799857018757,53661.219944736535,53275.59237791434,1
57.91350378214191,53653.302538204625,53307.54297708845,1
51.31734949903199,53638.19449136455,53330.70000759144,1
57.69440614363476,53644.35711269701,53351.849328168566,1
64.6533093841027,53652.52585415071,53372.17548495641,1
59.879227540179116,53680.40519114681,53400.66895786673,0
63.00814654915849,53732.02529872673,53427.28282509905,0
62.9544930689062,53775.64462556732,53452.8530091758,0
57.741449451399525,53811.01506040152,53475.96757657047,0
52.56578457151079,53837.800034256536,53493.34323488994,1
43.7963241902226,53846.560854211544,53501.34989958616,1
45.64946877570865,53849.8323643162,53513.069097781874,1
52.25374727107196,53861.7933127345,53534.707470993075,0
52.34182171887159,53873.14208404558,53558.90751155583,0
64.12463683196638,53878.29686917671,53585.91244439755,0
59.143580599162,53879.67252826864,53605.43383413787,0
55.23590149346447,53880.53353813321,53624.335226215095,0
47.250800648573396,53864.79808851945,53640.023294917,0
45.85888770286526,53861.85742020066,53664.385821298085,0
37.326651016741295,53844.533186490924,53676.57927211688,0
33.01843567160262,53832.7309227305,53681.249909579616,0
34.75095462345344,53821.97183831867,53684.47099666102,0
28.563742294211465,53798.490268275586,53681.248254688224,0
29.577243537155738,53758.72539142865,53669.17407483218,0
29.899720678969047,53688.27227344397,53651.473668632956,0
26.663478038920886,53618.36204186858,53639.84913525664,0
21.043004686973802,53537.63090143198,53621.22718196192,0
19.473010132338487,53446.639489631496,53594.23085013982,0
11.040627725761354,53336.60229088145,53566.82840975823,0
11.307945975101148,53233.50627874605,53539.87855485411,0
10.591945548845104,53138.09837146028,53499.851705078145,0
22.837498763659653,53050.49508423386,53465.9477046979,0
16.963858453656,52932.30274621329,53419.3560797769,0
18.195449649364363,52810.87408103763,53375.59816442687,1
19.715241191928627,52679.768899070434,53329.64129869587,0
17.215853843426004,52548.22490123134,53286.261083131394,0
19.86940161029102,52425.85714608601,53251.64867997851,0
19.679442819381492,52303.934752428155,53210.9305746851,0
31.662334209323816,52191.63708365588,53170.595066567854,0
26.32767849184887,52083.98022551464,53126.79919469717,0
23.60161751587019,51960.48074402775,53075.78462978849,1
23.31251737851389,51821.09911380397,53012.73267085302,1
27.208857147940705,51697.623942087535,52952.00582449328,1
27.75156763392937,51579.57263063224,52891.07035550957,0
34.65338453183119,51491.1583240279,52826.367589252004,1
27.290811041722392,51401.70339709666,52765.08614071342,1
31.61382191394587,51312.76401860159,52703.8756812133,1
31.504038260233727,51229.926617669975,52637.44685484146,1
29.79003970720848,51156.18615624141,52572.32413798451,1
42.258057833674684,51105.47129076987,52515.31721161405,1
44.393705561701815,51077.46620431412,52466.35020890918,1
54.41804386827532,51048.954190078664,52424.208365447514,0
52.063618912048284,51052.697415738316,52385.1572495264,0
56.53414068620098,51060.31099894662,52341.97971892672,0
63.40539705709639,51056.66189799215,52291.295716232446,0
72.50240807738096,51062.78178379053,52239.21172018889,0
70.92505024062673,51066.17166049382,52185.30722468535,0
71.10608488324802,51076.621080093195,52131.321156495454,0
67.02494518591428,51069.678564286834,52074.060468121985,0
52.374012578134796,51053.40019154582,52013.03925761288,0
60.75323693249985,51073.24245638364,51966.45727065734,0
63.24260560109072,51105.56518483381,51915.02579906007,0
57.69689335485326,51119.88043437556,51855.2406731497,1
51.95371001539917,51140.19255480353,51797.89054381274,1
44.555256193604485,51144.42498446562,51732.81883536758,1
36.513420877809445,51149.261374190304,51672.92167908207,1
36.795272701869095,51169.27713201736,51619.37311876696,0
43.36635187650419,51204.380089689075,51573.2796553093,0
47.36713031997172,51241.727167850775,51524.27203704456,0
44.19334589760185,51256.09300789732,51479.9411401766,0
41.71818527819553,51257.29524119433,51436.17593629471,0
39.2686374755396,51232.355044614975,51388.36164796604,0
39.984902456342276,51198.834753670075,51345.2950436842,0
48.47930785246098,51163.856866050475,51304.03230877546,0
35.74091707786117,51130.819555142516,51268.314628911874,0
31.554312553694018,51084.32919998503,51225.59858343547,1
36.68545780092962,51037.35997562714,51185.198854363414,1
30.867487607187954,50986.98524794319,51147.45945982013,1
29.801264506384555,50927.2878412954,51110.33468828756,1
32.00914726068703,50896.42077185759,51078.2050548575,1
38.43260223862917,50870.66623176269,51059.48441477831,1
38.05767640376646,50855.0421086998,51036.84460884645,1
35.913631469081366,50846.358636680445,51020.863029336564,0
37.278821402649086,50832.35524072444,51006.48300768747,1
48.72466604142583,50842.31449597139,50997.83707412796,0
46.713480297867086,50834.915348560855,50987.59785801388,1
50.348035005589544,50826.525587812044,50979.64049545738,1
45.525962744306334,50793.458630075096,50969.08920636807,1
54.90119981575022,50778.841215879016,50959.15368993381,1
57.8960712933708,50764.0584337156,50951.97242345698,1
64.48500271627313,50777.821472400086,50963.11222764364,1
69.90365138352905,50816.090709955584,50986.358286426694,0
74.58369544972429,50853.46794305738,51007.632644072146,0
69.71206078763078,50885.74455305199,51026.50107774335,0
66.2426277614825,50928.22195592373,51043.14008167021,0
62.82173788660219,50980.335616667035,51057.051471263614,0
64.40170401776174,51029.521168697065,51071.901714401596,0
57.14860509279805,51066.46756436075,51082.07583849644,1
49.94788905531529,51109.68209392072,51091.73306335928,1
50.18733569310797,51133.486122128896,51089.410987401105,1
49.29944529278589,51145.08569989308,51086.53221300989,1
59.03071362293568,51156.970108683396,51080.05097628834,1
55.68634761198773,51183.46323762971,51073.16935809313,0
59.0987365323146,51213.8824143182,51067.91157383611,0
45.070478807107506,51220.3682308184,51063.319607258454,1
35.3104606550216,51240.6450514724,51058.74316508663,1
41.25712164591852,51261.023572295984,51057.58126017824,1
41.85937559336494,51290.02056945702,51054.4490021136,1
41.37231363755043,51303.36705455768,51052.62908604215,1
41.53159807375004,51319.56206901317,51058.43717444392,1
52.616297368068004,51330.09031291951,51065.85137025799,0
66.09472378439528,51331.853400192085,51076.873572569995,0
71.81196021213036,51340.77238867795,51095.9894257931,0
67.53024850197185,51339.71849355527,51106.31145324405,0
66.27368331098856,51338.44521698136,51120.7481746765,0
61.39249756769707,51337.42339578467,51132.316279901366,0
56.778599385604416,51338.780673118126,51139.703130841895,0
45.98644179667941,51341.08494826996,51136.7577819288,0
44.88786491744657,51337.65707303536,51130.10502543311,1
43.405159415757126,51344.65381413927,51124.83530989789,1
45.22237707881943,51357.27763596083,51126.52517091649,1
45.203019557467975,51354.08549891802,51128.743158009565,1
42.81498764230804,51339.48713456494,51129.43031045107,0
51.8696292933976,51339.27593926843,51138.079203123285,0
42.8441999252456,51344.62559075166,51148.84202150212,0
37.34172855101453,51346.63333927034,51163.66482080075,0
32.80125810301779,51339.56098853205,51178.461665340204,0
34.156649317964536,51324.895942073716,51189.613279765814,1
36.956593935005735,51314.75901263558,51207.617554578224,1
35.09427869663537,51299.5479379043,51219.68804086262,1
35.57529830289165,51267.412490306524,51224.549873675525,1
45.340659306450135,51231.205291000275,51227.33884549018,1
61.740113455727354,51208.3320714669,51240.77879970768,1
54.55022438242585,51189.44808882771,51249.14859248537,1
53.468980243366595,51177.48555477151,51254.81659819655,1
60.15984356335738,51175.760387566304,51268.65429550354,1
58.85655373097948,51169.28964373899,51276.80875321268,1
53.90458645403291,51184.448073119616,51293.15355914661,1
62.12352501507722,51226.91855023614,51309.33595917597,1
58.7742234001441,51262.4194901396,51324.179732467484,1
60.17686043367035,51289.1915702325,51331.07321004946,1
69.01472052596401,51325.916909663196,51332.67363789261,1
68.90824892104753,51371.98342491446,51336.8365031939,1
75.13610801913026,51407.93193782004,51346.95415703051,0
75.70700481200315,51448.51172289981,51356.95792829255,0
75.85587844443278,51495.5137650816,51369.73608016658,0
64.52205760721435,51534.55351858266,51380.47460529445,0
74.52159833964954,51588.68835848417,51398.50159741519,0
67.90532871298586,51632.34180449472,51416.681438807835,0
55.60653508960891,51670.225722639574,51434.38388106688,0
56.410410368718324,51703.31890146046,51447.84315430248,0
54.73718385424415,51734.66291455914,51458.41596784049,0
47.34104829929385,51750.93932453117,51467.769234468265,0
44.32157991112487,51767.70884373945,51470.67916425385,1
37.91846864249595,51766.4517739298,51473.25001544112,1
40.14708515826499,51763.75403435535,51477.89788865673,1
39.97171215579679,51772.51992343485,51481.40729366823,1
40.75732876403353,51784.1618006543,51490.81005162552,1
47.7336209651958,51793.047620632584,51505.20818560593,1
47.858570659125576,51814.96202379891,51522.339714381786,1
50.30121624358391,51830.313652722165,51531.16254597052,1
50.048902739568256,51842.765762586845,51537.03858285052,1
59.87391119079832,51866.475054911265,51547.11756968722,1
74.75768411712045,51910.135919606386,51575.12112745095,1
78.7848522043654,51956.7646996764,51604.28572137057,1
79.23217458711632,52003.61465927105,51636.21258556112,1
79.6985390954361,52066.83643903691,51671.69691166196,1
88.40607412207504,52128.65611232457,51713.53006303703,1
96.51176912290387,52206.87773729246,51764.36970451066,1
96.59296209931284,52307.47810423922,51819.51359710685,0
96.54938045915036,52416.713681151836,51871.61757237888,0
93.600971151916,52520.074495082416,51924.81156630624,0
80.58149652180259,52603.87037237553,51973.522529592505,0
80.90162813605384,52707.674976354,52018.03877908809,0
84.14573241100638,52822.98493065198,52064.59375140124,0
78.91675596645042,52923.6706448465,52108.71281088719,0
68.29573036776335,53007.97567546491,52148.773168441374,1
61.34143173457619,53090.024007956694,52196.86127797871,0
50.51462999706347,53142.381672960546,52236.25724973591,1
49.40171264323065,53192.35687874291,52279.46329071723,1
49.9638192906243,53254.915664888686,52326.16381580338,1
52.328174699987706,53321.82488531781,52373.286420577526,0
44.99946760829235,53368.22773699408,52411.07583589809,1
34.4670160307829,53374.49235384773,52449.13883345896,1
35.87415870672942,53381.99619944191,52486.08997923872,1
43.41813312347384,53396.14973456752,52524.36832436162,1
47.24006549771079,53397.31885247573,52562.90859515665,1
46.111641668399784,53403.31912392867,52601.07848336065,1
52.30313679611431,53413.4960075455,52639.0006874344,0
57.05844996739542,53416.98090919942,52681.33816473079,0
60.938319328858974,53412.953244933065,52721.1222422591,0
62.26638281955468,53422.51431512741,52763.45052849192,0
67.4895504075825,53439.906739453945,52800.691855408295,0
58.86986059947148,53436.99310815381,52829.663247221586,0
58.75582163030211,53440.07410561286,52861.21870448646,0
54.570046047071834,53446.47115774363,52889.095767952,1
54.93672510525499,53461.002202384305,52919.352641962025,1
58.21740723345784,53462.64951217563,52946.44573945529,1
53.16798249821516,53475.58101122759,52973.552932429055,1
54.07024766772548,53499.54643268038,53011.191574733544,1
63.32164942976519,53531.70133769931,53057.51679029892,1
66.98708903103199,53576.307100215534,53109.94409484007,1
65.67859418717697,53635.721466687115,53164.98869276047,1
66.02776172306511,53712.292290601166,53226.97221220365,1
60.986265088787874,53768.67006619794,53286.977296145975,1
56.890642242390044,53811.16736384619,53343.333656157956,1
66.44271553281726,53880.95953992809,53406.284441753945,0
70.7635963730084,53941.32641821954,53463.944330386745,1
72.23282639637051,54001.01959007139,53522.18947520994,0
74.49999211317603,54057.87464914913,53578.50321487088,1
63.4872915746429,54091.91708581712,53625.76361549709,1
67.43912102915422,54121.955842721174,53675.12656054566,0
71.79567785585705,54172.03275632858,53722.91493597523,0
69.00295080719476,54234.601630400124,53759.44953153908,0
68.11549020107917,54301.37780260504,53799.063945657916,0
56.6287379651679,54355.53732230064,53829.86483316384,1
48.33871950251664,54399.00640949728,53852.22063014617,1
47.43276770844269,54450.793546130284,53875.30071297757,1
54.10005513946769,54512.080003997005,53895.63383911088,1
58.889070062651285,54572.90191627438,53917.36109954761,0
54.3017575040708,54623.488085561396,53940.226552062755,0
51.43550523523345,54644.18817759333,53959.589567844436,0
46.59710106687764,54656.11751963423,53985.88755166395,0
48.73903959585594,54669.39142353027,54011.65879107415,0
51.79980141291827,54678.24584335867,54029.08166122866,0
49.08507450620725,54688.53917551871,54049.281068426826,0
41.90528158423697,54673.90913735311,54072.657826509225,0
39.768662114161195,54657.08838423759,54090.770080899114,1
35.80046803437067,54630.11395689187,54117.28238878246,0
37.54600118599804,54591.092356090274,54137.997405809816,0
45.627926475728906,54583.02097426724,54157.0057392485,0
47.553604093347424,54574.139648099605,54176.05246565837,0
50.54961228303621,54563.433408072786,54200.99720440672,1
38.62336380706425,54541.98293510446,54226.445764041775,1
29.971977570066514,54493.14960990774,54243.52530984425,1
35.321768680418685,54463.78359592857,54256.918377708265,1
33.027046589896514,54445.41051224972,54271.45729405577,1
45.15352909510435,54454.01528811494,54295.579178652086,0
54.87032572330147,54462.433901464436,54315.20899667845,0
55.314013729941394,54457.86834324504,54333.71607316586,0
56.12147680115428,54445.18526080139,54353.119358410084,0
53.42207355305211,54432.257850796996,54363.486982112285,1
53.67954539184992,54422.83880010141,54379.060375922934,0
59.04658543376489,54406.621024690234,54399.50995768873,0
56.95404194936114,54408.36245243172,54416.3969999562,0
54.93270851216022,54411.484648125595,54435.286464579614,0
50.63310434502503,54420.174794558014,54456.326863378716,0
47.404135055344774,54418.01931526871,54472.91800213634,1
60.24013122077779,54419.2462955256,54494.74850250168,1
53.74391390578726,54423.505647299906,54507.58109165764,1
54.590745007110044,54422.215881979486,54513.211556960574,1
45.16791635804133,54428.19025457363,54516.80572740162,0
53.11668768291081,54441.12147998788,54523.15720972702,0
44.464352376880385,54448.281953643775,54520.84162925882,0
45.34679038969083,54470.797217759966,54524.376170469055,0
52.603699244740405,54493.25257765442,54529.752463231554,0
42.610909339250036,54503.49534962565,54520.471617934796,1
46.972394701743944,54492.73753261611,54516.143624410724,1
47.8380194625116,54478.55735761831,54506.22410369721,1
48.291437957360095,54465.73716146039,54496.86107809036,0
43.709815398519794,54445.46971567583,54494.54041035355,1
52.86575428375126,54441.51175477946,54491.3093469356,1
52.87097493238705,54440.297217917454,54486.36616055849,0
57.88421617960355,54441.14711015542,54482.12814959085,1
55.811831664596525,54437.64078021805,54470.90219100141,1
47.40117058102298,54428.82932384523,54464.60326519745,0
37.265361373663886,54420.00969924448,54464.7281792776,0
47.58253109006928,54429.07060488673,54464.22882563893,0
53.85087215709158,54438.80950165646,54465.44030156545,0
48.73743793828799,54452.21025929911,54459.30442886753,0
50.68615400880531,54454.80753288903,54445.73933589163,1
47.46653470404749,54448.13961804551,54438.38630358249,0
43.441976499645335,54418.90191874929,54428.27096937304,1
47.7501916901812,54414.50598332971,54418.8874531786,0
54.22345237244894,54409.882985937955,54417.03102750077,0
55.78961808874804,54409.0789887382,54417.96838851935,0
42.8679031765314,54413.207121333035,54416.190811526765,0
42.99445189325574,54410.74320291598,54417.60555188208,0
41.92472019179726,54400.12402565096,54414.22813120085,0
37.930797741546584,54375.359515898235,54410.56794201354,0
32.708339975139836,54351.1594565482,54401.795803265944,0
30.457102669836218,54317.3857598466,54388.6077916344,0
32.89146305296501,54287.676768851336,54376.063504869904,0
32.587105838894885,54250.98539502389,54365.72913355862,0
32.41129032439258,54206.717977703294,54356.32953811963,1
30.81089285478373,54168.12602778813,54346.340237941266,1
32.634199371727405,54127.62192740848,54337.6127453411,1
24.885200719072472,54081.70932312492,54315.30643964292,1
24.378682523378203,54025.1362629917,54290.52124617636,1
26.975377068628717,53983.128056593705,54269.40831420698,1
35.44189341763769,53960.0107138771,54251.66951712191,1
38.451152362443565,53939.141812456015,54241.1398882461,1
36.57763542436252,53911.21142171973,54223.620018020374,1
56.19414354836879,53904.309692110226,54217.962920146594,1
64.19875369569672,53907.845098298894,54216.82408584764,0
68.74093490683178,53910.00265807583,54217.37559249945,0
58.56644208258994,53910.66027057609,54212.385001933995,0
64.59152283153631,53919.361321571385,54218.14235440315,0
68.99650254380504,53930.04371953754,54218.54710080562,0
67.45768835361892,53950.987145988096,54221.56054148882,0
58.67053765615924,53963.73385845878,54218.40299385766,1
55.475221122197865,53969.51051098779,54205.13589420006,1
57.50330589567418,53967.22568323485,54186.5051861687,1
57.593953453172055,53980.71260622954,54178.70139459292,1
57.63671040316076,54013.763975924965,54173.51624138563,1
57.83608681541699,54052.00876136285,54169.842711424644,1
62.8026629253057,54089.31407562436,54171.94023574059,1
50.204117093225605,54127.47284985231,54169.20056653739,1
46.325513294608065,54170.13281017437,54167.1514271988,1
47.94436500960475,54211.24458286748,54167.61128276982,1
54.222011037291246,54245.697920455925,54171.76079903396,1
55.52898763788569,54286.41147617476,54179.099776804214,0
57.31196928664193,54336.81112710065,54182.22558169365,1
52.66548715504215,54348.542508056424,54180.921079306994,1
63.628456500099766,54349.65774448904,54181.63087155603,1
75.65445207710123,54346.662418072345,54184.508830190294,1
73.0700763974479,54354.489908726864,54186.177085726944,0
74.15574585018649,54365.64665386286,54192.772773993594,1
74.60491782019805,54389.867703909076,54198.97038170668,0
58.60974476949869,54401.72205211546,54201.365258615355,1
65.94362640966588,54445.72786322441,54214.7711259918,0
52.56960398348112,54474.734334584464,54215.773780815645,1
59.17360483704089,54520.86558468478,54227.290652542884,0
55.237726705046995,54554.06143289682,54234.52357441976,1
54.41705032942233,54578.5125595444,54240.96807082821,1
49.49611031014008,54595.85533383481,54244.55324946329,1
51.99514315367537,54617.69782702321,54253.73651801665,1
56.60053717904323,54643.60475835262,54262.34518871204,1
55.97807870869055,54665.28878635799,54273.21733148161,1
60.25202938476773,54691.84791422593,54294.20664210091,1
62.38220091803989,54724.014380342036,54320.90276855148,1
53.77905557756169,54734.4902877153,54345.9415879517,1
53.53984264598136,54754.52362687008,54368.96432490115,1
62.258036701868285,54789.60082540966,54396.3672514613,0
53.58531720049255,54819.32890911384,54426.67524412025,0
74.83739018954651,54855.918654299036,54459.625880794665,0
64.92321918726466,54891.75297414478,54491.829504421454,0
65.57047888705105,54912.56400366044,54525.1146462078,0
64.98466399574997,54922.832882194525,54558.0490293878,0
47.90595599577684,54923.12999004531,54577.36603199601,0
42.95641274861214,54902.81643442476,54591.89341421087,1
47.0814035145994,54917.04878183377,54606.936568566736,0
47.61710591040918,54909.54677308521,54626.62479308908,1
34.28131488362037,54892.06595517367,54629.62607964514,1
36.870227358353816,54886.12712718055,54632.28088238087,1
39.44087032303572,54877.80245998174,54631.67317022565,1
30.09073159096957,54853.409983547914,54630.83640320539,1
40.199138766464316,54851.08026374347,54635.03276558087,0
38.51731813313622,54839.55276988251,54637.0209516196,0
38.956559196327625,54823.73100804086,54643.30418692201,0
37.10038698296736,54794.560144393145,54653.233282925234,0
38.41517264058657,54776.33558763488,54668.671618610526,0
36.54327497087208,54741.68248209957,54678.74704444704,1
40.099065320243575,54689.39526471969,54679.84031485736,1
44.38959306167811,54647.78281004234,54680.28277776721,1
42.951441529973984,54602.301876552716,54679.743126870606,1
48.03787474169063,54569.843163517515,54684.041139578716,1
53.140010868896304,54539.257365900594,54689.828452627116,1
57.65516202999854,54533.36421739927,54703.341592277764,0
59.85318653328933,54554.43571614185,54714.64248530576,0
67.6175869394709,54586.441955026145,54728.191028038964,0
53.418131962269804,54597.732169038114,54731.464845712086,0
55.538741573342215,54603.1056523279,54733.14260317998,0
54.04374488463805,54626.52779692139,54740.82019519113,0
57.740392961769125,54639.46135133882,54748.20232512078,0
57.95806447526392,54657.25773870204,54755.91129847753,0
58.45559148455358,54679.10494341473,54760.68241708054,0
67.19946900297475,54680.11149324543,54760.818701333905,0
65.63460300553085,54692.83522793693,54758.207961230735,0
55.73799686018399,54684.959697316706,54756.599245002515,1
53.19344564122973,54691.20280615184,54751.423260096206,1
44.673569684984365,54679.08699717206,54750.41268364556,1
31.204220343286707,54677.835378631935,54741.5349620259,1
41.65010417820054,54706.63272884281,54740.86883323576,1
42.3156808788534,54737.013558985156,54743.683177543506,1
52.68976975731949,54770.08447613652,54749.434783791294,1
51.130373675194406,54782.73463209622,54750.05586160793,1
56.77171072032966,54813.4192278904,54757.754240442235,1
62.07849580232019,54835.667486689345,54771.4930724103,1
57.42078433197589,54846.796378584964,54776.62187104937,1
58.999446938520045,54847.50989125004,54777.58923240216,1
62.42372155112752,54874.35425681547,54787.41043335215,0
66.56004912798102,54925.300939315304,54801.45352815807,0
66.19411167686488,54958.40396445907,54808.34145081089,0
60.5735271651711,54982.31215952973,54813.395625287136,0
67.24546010559885,55002.9056556858,54814.706099032235,0
57.81197400099035,55009.95314910461,54807.96248706447,0
52.68422370175407,55015.97162439078,54802.18174962604,1
54.29121753774987,55032.662075901346,54802.13963871346,0
47.326175811928316,55046.7705074484,54806.05545196374,1
50.63290920731764,55055.7245101984,54812.586490405665,1
42.096522980969304,55075.86145536763,54813.93775305911,1
43.18954226015442,55110.55547921841,54821.93844447918,1
44.054535043400804,55121.89565750962,54832.80071417015,1
51.25096174269279,55141.62026130014,54845.88043119133,0
44.72201153289714,55148.62732192214,54857.76472856746,1
40.37469197644582,55172.32040734698,54877.62003112756,0
45.872406783066225,55180.84232842394,54889.659066314416,0
49.431399871847546,55174.2143418897,54905.35770121319,0
46.7224783915161,55168.1169698939,54914.37625579058,1
58.6431624553637,55169.998184529424,54927.76444845668,1
56.07718318362954,55154.927486090826,54938.84719273454,1
46.88990144447297,55114.99765162098,54950.779595966625,1
61.584992831512395,55102.4419049158,54973.56010688932,1
63.14792087994216,55105.39856818279,54996.44192854331,1
68.96367196338403,55116.229488533085,55020.27714382438,1
60.44683079943924,55144.85536399166,55037.96736725413,1
63.09428993951598,55171.43100437733,55055.05120501673,0
53.51935207678882,55183.66344294918,55062.25932893341,1
60.107641975735866,55213.65464080839,55069.743021830356,1
59.381075738201574,55248.792803536286,55077.52682980972,0
57.63290257274749,55289.44615961103,55090.623349288275,0
52.62841362494922,55305.77360625641,55103.00562605059,0
62.97136522999668,55335.404676093385,55116.35146583894,0
61.4848773923628,55350.17985373495,55130.16783214979,0
53.99958145700888,55356.52121829693,55137.470120405414,0
45.92079743786839,55333.79787730478,55139.497204683576,0
38.435036511367755,55311.5340518836,55142.22808976969,0
30.955508498609234,55282.35821513878,55141.16689609393,1
29.240200344675557,55265.398285378484,55146.55169101529,1
27.984272102632744,55237.451218316346,55146.26381332248,1
29.649008303740317,55215.24136160403,55153.30893850732,1
29.22216047434904,55196.14515186016,55158.10350525792,1
38.81999666201444,55179.84092280526,55162.84338447431,1
40.57728126660611,55167.56454805362,55168.66232417069,1
47.3187048337679,55162.324752784785,55177.173254483685,1
50.753259255284526,55161.24142039327,55189.37008257295,1
51.02133685303747,55170.24148086373,55197.78010620606,0
51.27137900880684,55182.643808783716,55201.04985777117,0
63.990677912294224,55206.369661253026,55213.572334897595,0
78.06963815882638,55222.95185855136,55227.70361673024,0
67.03052218838904,55225.86167614919,55231.22631702176,1
60.30021071730237,55216.71172843629,55219.56994169898,1
64.11335420042025,55216.63918734876,55219.64555499483,1
69.42947254281651,55221.017652320676,55225.650029266166,0
70.3964860201848,55245.247049580714,55234.40667796337,0
75.41095196106627,55305.725872764444,55257.806294147515,0
63.44234627307156,55346.70837475633,55274.5227899159,0
59.15660643258064,55392.39960258468,55285.06190676727,0
53.54897027008053,55431.419510822896,55300.41129236509,0
56.111037025465826,55485.618354481834,55318.22135103585,0
50.29676574718344,55531.5589381648,55335.587931626185,0
45.655856936665856,55569.26979969225,55341.589233447456,0
35.82330774640869,55577.35796660699,55345.02830811325,0
40.976405332694355,55587.43715770628,55346.98908273315,0
42.871149565416424,55576.61805886564,55348.369549261086,0
47.7476149025218,55560.0383074906,55344.45724263039,0
43.12423517599493,55541.579928231695,55342.075146129166,0
38.30610170913761,55515.21559411442,55337.45035866105,0
30.737263897407644,55457.10586209525,55329.16789177814,0
19.20020800298356,55383.904738991405,55313.26623851504,0
21.84875250945953,55324.11043532401,55298.89949671503,0
25.84005311085761,55289.275631212804,55289.28113353571,0
25.914967237834418,55235.73526346746,55272.96289841549,1
23.880478446764812,55181.714278018684,55256.17631320053,1
22.090339458156663,55106.12234880942,55230.363822073916,1
21.488286947995192,55000.18090576756,55199.936510857864,1
36.343681805801154,54933.296171325885,55179.26885669533,1
36.72973291572799,54882.325291757916,55164.52664629076,1
42.24250020281934,54841.40482940507,55151.51136780376,1
41.91471452355338,54786.464368012814,55133.28997682646,1
38.44163327640826,54736.07024696427,55114.237566567484,1
40.53788120938866,54697.67309017953,55098.349027016695,1
52.41812210790958,54684.52288104192,55084.67559009267,1
61.51798842449752,54663.90631880605,55072.479668761596,1
63.54881913907809,54655.97421552109,55068.15074815075,1
61.01439743177592,54651.88573772817,55071.692386799754,1
64.63390256897698,54649.37892909637,55077.21309701427,0
64.25052572322994,54656.88480202124,55087.260993414035,0
74.51377444469206,54681.88038650111,55095.760732227194,0
80.84072963617233,54715.26214099638,55104.390607587055,0
73.67483344155342,54748.076252037776,55112.03345288853,0
58.02158912983901,54765.12175173772,55116.871773486746,0
52.63532366382117,54783.788313816316,55114.54185481991,0
59.285799427423775,54799.03956243645,55108.76631895366,0
43.27269383540342,54806.3740024706,55087.983521948234,0
42.0732921235127,54826.85808252343,55066.183175709935,1
26.58769939367258,54813.04400136728,55036.38986489675,1
27.445123874622993,54791.888470744925,55008.224511075234,1
28.415430079651927,54769.41481863909,54976.72943075818,1
27.558424862937102,54749.27501506395,54943.8192394315,1
25.440477298085725,54737.005494267345,54918.69509381474,1
27.937352760399904,54730.6634160054,54903.92970204434,1
26.848554705424334,54708.88071821219,54881.572202438045,1
40.61919152892997,54698.41306250756,54863.43783283635,0
38.186552892738725,54675.435519419996,54840.226136086465,0
50.65288811523983,54668.84818271613,54816.94131078043,0
49.783935411850365,54652.082201052035,54799.36262753256,0
45.759577097231926,54623.859728381365,54779.84504373271,0
55.659817132462585,54591.68154362519,54759.865545348104,0
50.98989278036121,54555.9403083136,54732.51938911976,1
60.86370684643099,54529.1803690969,54711.08202526137,0
50.28948280761784,54497.18806713725,54688.03908046475,1
53.45312668782965,54479.49324077517,54675.39596448718,0
51.24472024480873,54451.550628815974,54654.41170739754,1
52.35589822524643,54456.019734421294,54639.74419217049,1
50.11535108322472,54463.034494028216,54627.381650324984,0
52.18417789428474,54484.5162085117,54613.56437700875,0
42.843373565490346,54495.11109602723,54600.18271184035,0
47.59649352686234,54502.86246611058,54595.032072364316,0
40.179295742462486,54516.22697725609,54596.748134737376,0
35.53931305076149,54509.5221568487,54592.859782424624,0
35.14692111776169,54487.28166704862,54583.13211637868,0
34.54093664845462,54461.92921453256,54572.04978286408,0
35.659091224090005,54413.6839270822,54556.225692461754,0
38.37162493120862,54385.21749845574,54551.864195944996,0
44.883264742525625,54342.10755463522,54553.711970327495,0
32.350967214251256,54293.462891630144,54543.42931565426,0
34.05400090450871,54248.34379391729,54526.25244459646,0
25.146740285820385,54201.695550127,54503.981833636884,0
24.066834330487822,54163.16070389396,54483.197923472224,0
19.01380910671891,54106.02698493984,54459.0647204516,0
18.561669454896062,54056.78164466049,54431.682502257136,1
21.990227524019986,54001.3062879551,54402.10932725245,0
22.38795369588837,53957.043034300834,54371.66639359545,1
25.797100074105032,53902.889871462714,54338.51045454715,1
29.083781845846218,53848.52067818714,54306.035626508565,0
31.107617838303725,53790.98772451532,54270.20789517634,0
33.69114112694422,53737.263893508956,54232.33434843544,0
25.333359486244532,53685.18303088633,54196.3531301184,0
30.524674601904223,53636.184025236675,54165.1168884335,0
27.098652619095944,53586.04650053645,54128.047881824095,0
28.549986057658458,53544.21835400646,54094.77075728617,0
24.841174944044283,53492.74113459315,54055.63091117482,0
31.659167789039785,53455.16965239567,54018.677728445444,0
42.82397460922957,53412.746726312864,53994.4132854819,0
43.97702241336024,53364.14586941515,53968.62708508418,1
37.00370643140006,53322.16413644051,53947.077369683546,1
26.82298326754311,53263.975698734655,53915.08733579235,1
34.62987671850826,53220.559790005194,53884.439822183325,1
39.09610133960824,53187.12111339831,53858.33636280596,1
45.36729425877809,53175.93658345599,53834.637156127064,1
52.49191962786727,53187.756806023026,53814.519858264175,0
45.881985254543174,53179.66986654864,53790.42498658703,1
47.616258960009226,53178.609938056965,53763.74514381521,1
58.662761368344036,53193.86642947488,53745.8828185691,0
53.38609229677131,53194.150914009355,53716.15671902586,0
58.54216544326411,53193.17889399113,53686.64657235198,0
55.0265420715903,53190.66416518792,53659.056123158065,1
55.31614203204389,53191.533006639555,53636.29371532415,1
48.91830522790235,53164.03083756927,53608.35310013578,1
54.67144402655884,53170.40587519358,53584.53808426276,0
61.900279263103606,53176.97116403503,53566.68399604527,0
61.756856690612054,53207.75559089007,53546.93585122078,0
59.61549732917766,53231.58187333362,53530.69022625251,0
57.68353062486093,53252.652740718484,53513.06648800077,0
44.192496050510336,53256.617214493584,53486.06017327032,0
46.88992910724856,53257.90045409403,53456.43106791648,0
46.73386766986437,53288.77570877915,53432.55318089312,0
41.667926599188604,53312.810388790465,53408.418991255276,0
41.19971718250384,53313.379920472005,53377.197540092326,0
42.04951485134008,53303.06284847495,53352.05343277756,0
40.57737818012401,53269.69291181589,53327.48435617108,1
33.86992109229848,53239.50987557487,53301.45725100395,1
36.297658242723486,53185.2394545843,53272.36735481605,1
29.35512749287321,53122.363015368624,53240.74102533425,1
36.1907431808189,53085.56249930259,53213.538696892814,1
42.01550799919478,53071.67552669664,53197.931626378566,0
37.94797865281197,53046.68209000556,53178.391441593376,0
39.09586585492417,53020.80775628482,53163.93859778727,0
49.662811358534206,53027.20454693174,53153.970637350874,0
48.947755827093715,53009.63671384416,53145.981975824485,0
42.48971536445132,52984.01846754442,53137.578725198844,1
38.14900906228304,52938.38185401484,53121.76607764468,1
41.32093222986709,52888.074080427585,53103.102644703205,1
41.9353352234166,52834.87127228909,53085.85904833132,1
50.01353438390006,52818.48376684182,53074.04540873219,0
57.08033941560665,52816.99846850266,53066.83536551141,0
56.70279894778388,52790.88138860738,53054.00017893249,0
51.767568289632315,52753.98855275896,53035.94120000433,0
52.38083251050455,52746.46053158089,53021.30814263001,0
41.901757945525155,52731.007333138106,53010.037765818226,0
46.90360326486023,52723.17241631985,52999.06598109644,0
37.47874077376386,52707.338802667175,52987.296318233566,1
39.00189150779937,52718.2424659028,52977.596480218905,0
35.40895766964266,52703.831620860845,52957.17498315345,1
33.71805162146542,52661.86252557166,52932.62535935541,1
40.73092786016672,52609.20016954921,52912.746039622056,1
48.907536628042536,52590.478914239866,52908.992727795456,1
47.43059866302001,52561.177826471,52900.18581237359,1
42.61822860022896,52523.076396879296,52888.352750743274,0
41.87049238512356,52499.86280965761,52875.55246630513,0
47.992628948777075,52488.71948443698,52857.96379656442,0
49.48333951392907,52484.70140063226,52843.77869127813,0
42.347354214698285,52481.102313048286,52824.09959469973,0
39.70677894535604,52459.8090299309,52792.236088513724,0
40.90756259230841,52427.244044429644,52767.28266090032,0
46.423577431941624,52382.7065073276,52742.646410846006,0
39.125519313281416,52349.944677877116,52717.71238400816,0
42.572773079194874,52315.05313295701,52685.34925053131,0
45.86570034176884,52258.15987576087,52658.959757906654,0
43.3112006375739,52214.761316095755,52627.779942179106,1
36.066890811748316,52180.74853454883,52600.576929301955,0
35.905584594320956,52160.517480785136,52568.40107419159,1
34.28579243471668,52124.43129713385,52534.736249739,1
23.812199081475768,52098.93611507495,52495.68833289604,1
29.20809584118669,52099.23723925964,52469.673369261836,0
30.69646175929094,52089.34015053253,52445.32191819745,0
35.350216905491564,52063.92145480302,52419.05102620501,0
45.86362416759625,52044.993571221705,52393.05908534609,0
42.32288772270261,52023.457299553666,52372.38370237593,0
37.05288777591611,51981.184631289376,52346.80117943089,0
34.79925250917445,51926.056153321246,52320.50909316657,0
46.44894884498358,51885.938712473355,52302.350226037524,0
47.338459031534185,51843.41896469082,52287.37139874234,0
41.51136742294148,51812.46357328565,52268.276311680536,0
30.758456287151148,51767.83485880557,52240.1916047015,0
28.041542907123514,51711.9646473569,52198.762059110115,1
27.133788236886872,51652.781247729086,52160.152047097574,1
40.145454915235874,51620.50006789934,52125.226175177115,1
38.62249442403203,51603.80457051446,52089.59976733974,1
36.679807012147464,51575.65741521027,52054.18822272554,1
40.400624035115044,51549.52239136751,52026.7784988312,1
38.10004702618095,51525.13554035469,52003.102548727526,1
45.446182125550386,51518.61688554425,51986.95337178567,1
57.7997782843378,51542.75201470392,51978.84062986197,1
64.96742898976828,51567.8005608205,51969.40008685331,0
62.19406250259964,51593.48465879275,51955.91639431349,0
67.6883545569227,51622.482845706894,51951.691609044814,0
69.92596749101281,51648.047043512925,51950.68248164767,0
66.24627571467964,51658.328273884545,51937.13079929739,1
69.15852438504129,51673.71685111248,51923.88498662064,1
68.18457346707306,51689.55084394074,51907.06046421493,1
59.82226727999382,51687.33807102422,51894.349933380334,1
63.31117046363526,51710.3188555826,51884.20195461425,1
68.76140582232777,51748.624760767,51886.193567643,1
67.22240978822876,51802.68341931954,51896.519962200655,0
69.91497793657088,51877.02617256586,51905.892460316776,0
57.754424957079344,51940.13944092339,51900.016257770985,0
52.83711730252253,51993.65047456939,51898.21523441647,0
52.507204198997385,52049.977377465475,51900.360159574215,0
44.258826620078196,52089.174697198934,51889.912977742075,0
44.5059905795344,52125.19561652466,51881.36895166626,0
40.560789705430786,52148.49878815668,51868.62150373729,0
40.22958406791858,52138.55850575432,51849.93584886808,1
46.41184377796832,52119.7641020166,51842.82265869625,0
46.26165975369739,52080.6175904101,51830.74950524547,0
46.15620647754093,52033.366101857515,51816.18023212546,1
43.51201971211998,51989.017559997345,51807.32076189291,0
38.583523470948315,51941.465923221826,51801.2475977536,0
36.358772847195745,51910.47261634878,51798.055895532554,0
32.33803387674563,51884.00469455346,51791.58233800372,1
38.78405984686489,51870.52867642443,51782.97252096517,1
34.5626425323951,51861.5572245498,51774.765830886194,1
29.99005351032595,51835.79031909236,51768.74556339766,1
35.15693200333021,51793.766334952255,51764.12565559392,1
32.38298279933068,51750.85169869652,51757.165745975406,1
40.25523989739763,51702.952063255325,51751.33722540589,1
62.97410679800203,51692.952421050024,51751.62864426979,0
53.27239112405059,51671.8584322171,51748.96117881463,1
59.80194539739842,51639.52654504409,51746.78785777038,0
68.20654197030296,51631.98037300733,51750.231274429265,0
68.07771192088853,51626.42618987593,51761.51696628814,0
60.427648101272204,51624.196891639425,51763.92477540372,0
62.59287561563333,51642.703412185125,51769.6496278658,0
46.9512259249959,51622.86849020168,51766.984625462654,0
43.542936959672176,51610.38873952714,51767.77105753412,0
50.586768676936416,51615.79572654744,51777.712663801656,0
46.592815416506376,51604.04524377668,51787.82636031195,0
49.79308235755069,51597.11551988131,51791.893778546386,0
45.5864321480909,51586.698393979386,51791.21342491853,0
40.474764315588985,51569.70811516451,51789.20261798543,0
35.00340534624945,51558.95670862256,51786.74624786719,0
32.83984106492862,51540.016059346075,51780.71803848276,0
35.210347586818756,51522.86380226462,51770.44433008581,0
35.622822284918385,51513.83064264495,51752.557106770335,0
27.071030594853028,51492.76129195611,51727.150038429645,0
31.21428896049008,51470.110363517786,51701.987507295904,0
27.822214246899378,51419.131098327955,51670.28794531821,0
40.145810850909285,51377.18226138394,51640.61526596303,0
35.85448470786024,51323.92562247156,51613.02679720519,1
26.883961231283223,51264.884685267876,51586.69840809142,1
28.371564624894845,51193.671675024474,51563.16529872163,1
35.436526335103764,51144.50406969494,51546.791174872014,1
38.48906580577245,51095.70112986479,51523.80253757869,1
48.47223004121975,51081.526585296306,51500.14535527438,1
46.02638787380997,51075.61427037994,51476.94339795827,0
55.40646907346834,51064.45771517155,51452.68528084394,0
51.62703680991742,51057.24325242432,51434.66788491232,0
55.44185299574247,51058.46947235949,51417.82137766243,0
58.6595763954224,51061.42304394548,51395.791691510516,0
47.990409506690504,51055.6723827095,51375.80169218965,0
51.66953996931587,51038.05898980617,51351.89159717979,0
51.31548454894769,51035.43294784774,51335.49170235918,0
49.75912251920456,51013.81099576355,51320.545326089494,1
47.08820822661625,50980.25450388449,51296.75326751749,1
42.95518307831637,50942.910122774054,51272.06705137524,1
41.23427631176645,50911.87606014112,51253.39149060934,1
48.52975165022658,50906.92010225299,51237.44896222048,1
43.41571743437378,50894.649234073644,51221.88859030376,1
43.30253112554419,50900.8431266714,51209.17500133424,1
43.09225219762191,50915.48826796009,51199.291837454075,1
51.14445430801764,50948.19909530975,51194.23346627576,1
44.424810561879085,50963.25484023777,51187.4702211472,1
44.918954027403935,50974.71136480109,51179.37095586218,1
50.662282336394256,50973.210067969056,51171.922848481096,1
52.0236581112835,50966.915533052525,51163.36893170067,1
59.725364906714574,50980.181136148196,51163.57691000109,0
68.40406567002911,50997.07418229814,51156.31658941156,0
68.59019637661902,50995.211063086776,51147.1624300103,0
69.0606820485003,50985.36467569949,51134.12694377269,0
70.30780940480554,51005.34299318465,51125.14674026058,0
60.06307382477693,51018.87663731469,51108.8717761553,0
63.55409738513962,51034.51138699027,51099.61750049952,0
58.04012188022744,51059.415480560405,51087.23015343961,0
50.21669403717329,51080.50367035191,51079.80733957758,1
45.985114893418896,51119.949740548196,51075.89145178365,1
46.075151720563795,51145.22119102978,51065.16167640228,1
48.9905967488408,51158.01827153361,51059.03817332324,1
52.65619870108158,51177.90517298803,51054.20445154645,0
54.51821068852354,51197.9394232619,51053.67141304724,0
41.31903541070961,51210.23699303734,51055.50338860321,0
45.019638731865754,51213.85842891342,51056.194154392106,0
44.72767988330188,51214.77993054456,51057.375769626604,0
39.78473951825698,51193.359319312636,51047.56916268138,0
36.854238808306995,51182.41531630616,51039.35671794558,0
40.858244942809186,51172.373545947645,51035.21383329728,0
34.72721856199129,51131.18782512782,51028.0078946451,0
32.285884617587286,51074.982465536275,51018.657136294896,0
30.219367629812368,51006.95842948245,50999.07289724971,1
26.853663046850244,50950.996799179644,50984.95541445592,1
37.863273456084215,50898.99657846101,50978.79149753783,1
35.267741371649436,50854.20332861784,50973.084437592646,1
31.53361898345304,50799.16085531577,50961.480214747855,1
28.227795074687094,50750.67161688133,50949.21834824621,1
40.41285087068494,50736.6413569318,50941.85324823178,0
40.702443211387404,50724.078143245795,50935.27700093,0
40.669274238969905,50708.48662571041,50922.77324061783,0
49.804553140807776,50688.921890821664,50911.70962868218,0
48.053391101748275,50667.68869563601,50897.89214085707,0
42.94656946262806,50630.42945933444,50881.27397920284,0
48.85082547169286,50603.443076095726,50874.611665957695,0
51.72103611097104,50561.416769320516,50865.53726619785,0
54.287170655641255,50513.506468156396,50848.60517775007,0
54.392169578964705,50490.898405041306,50838.40412639248,0
45.591226405504024,50460.39986160012,50831.41486103184,1
46.29462355256449,50428.23519408853,50829.34386182307,0
44.29081464559621,50394.524862840444,50821.067415724836,0
41.608210311606,50369.274933033405,50803.599068607065,0
34.68925580017218,50375.675252818415,50791.48330474761,0
32.31693831768018,50385.96899527133,50779.00576189589,0
32.22966560904605,50370.20741730118,50760.679157274266,0
26.062217885806973,50336.324444551145,50728.334577289206,0
21.6948096579585,50296.9106616469,50694.9425433115,0
25.154029525585543,50259.31354788921,50663.05922148147,0
17.924886023319303,50193.605065828895,50630.01124737572,0
18.119727683741004,50113.28103945027,50593.8232034891,1
19.96970233185266,50036.40116119935,50545.261250638294,1
19.133704977387453,49958.51316828204,50496.28522307575,1
25.818010240994084,49885.14708538277,50453.86654977546,1
25.819609969354318,49822.34019910983,50416.06418856697,1
28.516495824882625,49752.561316828636,50373.49899541529,1
29.83998972401271,49688.71191888007,50333.471378824004,1
18.073402637746653,49634.97841028335,50288.79198706729,1
22.467963003120644,49589.42597486143,50250.40832411289,1
32.06948078789202,49552.11911871286,50220.06104037621,1
56.263495792282626,49535.27528076297,50195.474077908984,0
66.00277178819739,49532.1835319736,50175.852352102374,0
61.43111222238599,49530.35876614488,50152.53526645157,0
59.49166563516249,49508.203020621346,50123.60244380094,1
68.59146688550496,49491.165871554935,50096.29634121311,0
66.89067657797598,49475.54631441119,50066.802885823796,1
70.10806088363688,49487.531093076876,50037.803642954575,0
62.29416883298019,49501.06089582475,50009.45492942356,0
63.5914583264001,49516.5092916889,49992.31921043197,0
57.35426280728738,49527.679492587915,49968.11691788843,0
61.29201168283402,49553.745049082034,49946.37180474285,0
57.678566749645135,49573.36549341037,49922.132317951306,0
55.456756550068164,49596.44258666112,49904.86927152568,0
51.55582591973122,49609.69500144003,49894.961178558486,0
41.48230610868886,49623.96967263065,49885.25333794736,0
35.77157496271781,49633.66693526449,49867.36713813668,0
36.08436345830668,49641.42020206344,49848.358128202235,0
41.207725752752765,49655.71484922403,49831.413584630594,0
29.554797047679827,49651.04570389053,49810.55795891657,0
28.887120259373432,49628.87231726192,49776.953424508254,0
20.492749365639142,49582.66063646026,49738.90707519477,0
21.453476235930793,49526.36861127753,49703.005146329204,0
15.611997928022035,49465.006764674814,49662.969215992816,1
27.06858925817353,49421.93357809236,49625.300396783474,1
18.622700063484857,49365.98620471847,49590.51903936672,1
21.38078201888557,49315.922078157724,49551.79448664861,1
15.034509441882705,49244.48530147205,49511.03105581519,1
33.43466587373554,49201.36402327143,49484.59795146959,1
46.27642549513298,49179.02183518848,49467.56858249085,1
44.84546834454324,49159.47317347016,49447.746242636444,1
51.37094086980335,49144.38652202021,49432.832335915526,0
50.442105427979506,49140.71845328798,49420.60975413032,0
59.87608816104419,49150.35850718881,49417.30270118783,0
65.50843660017686,49165.3392912959,49410.82679394948,0
67.60366677723604,49180.299632718416,49402.98559292621,0
58.102102615976406,49174.225317086355,49388.97429805076,0
58.598935113058324,49163.557541193746,49379.25136685927,0
55.91189396771164,49151.54715995678,49373.268183954555,0
57.90346797936169,49151.54482502776,49367.450469772,0
54.03111970202086,49149.474373576035,49359.30114760711,0
56.31302063800831,49143.70170183392,49351.07534014823,1
51.073760087497575,49147.43820166151,49347.41996251407,1
34.76840338378713,49147.39655882981,49338.52257221193,1
38.03739162919536,49139.4500663062,49327.02158915285,0
38.10435704676874,49147.2278432818,49320.4740970355,0
40.530895139562375,49161.12693857847,49315.220735348536,0
32.993023365153846,49191.6561845665,49312.20876208976,0
25.3641275448488,49181.26755751663,49303.113610362896,1
23.084650405207498,49138.38912874703,49287.15384404508,1
41.1088092079252,49123.85670409739,49276.441276790254,1
42.09170505057662,49091.071796460594,49255.150942194574,1
47.66224941163463,49071.84978475665,49236.476255243535,1
44.701155375465255,49030.481668231005,49217.35186202229,0
48.07721785752881,48982.97301582627,49200.73479203145,0
53.14616979717494,48939.62261018739,49182.36828837919,0
51.33935532317447,48922.27183010464,49167.66450432814,0
59.680710167226145,48917.52223426617,49151.247823335,0
54.93319419132006,48904.38352918467,49134.59723729853,0
44.49247466618499,48877.895459681444,49112.00493696902,0
39.34874704252284,48854.697011173696,49090.108155041424,1
35.91310112387731,48833.463096538086,49062.96255913065,1
42.20109216203295,48804.40189790938,49039.83452431369,1
51.262918456968194,48799.545560384424,49019.76376170126,0
39.954573391055774,48794.22534018247,49000.83372464983,0
46.29699764862091,48781.37155569072,48983.43485025954,0
37.96733395159162,48766.07908503364,48968.185595256204,0
35.49340825462181,48736.27740440963,48950.15164302824,0
36.95995183544771,48726.84993353744,48931.56764408826,0
33.542661164691495,48726.94941153135,48917.51532710141,0
39.18991948173244,48714.106103402766,48910.534791246595,0
31.483807342668356,48696.568533753205,48900.71410111175,0
27.503875259148444,48645.98209335669,48884.3216480752,1
32.56078231360701,48603.266700005435,48872.65583615454,1
39.00829919947162,48566.86801168517,48858.70856546858,0
40.76837639836609,48523.5196068482,48845.38164923107,1
42.212743938504275,48479.44448085855,48833.07346540846,0
40.98530363152637,48440.341954144715,48829.59048440406,0
37.926888803627314,48404.83527421288,48815.9857376751,0
32.597867266372376,48377.90488775415,48791.55815799528,1
32.040447119426176,48360.623581885455,48770.56831840754,0
31.604386368036103,48336.467310639695,48739.794874578445,1
30.837903530056778,48313.08488096403,48708.78109538411,1
29.414786213993267,48278.69226430863,48671.097264549186,1
36.60188662623186,48259.796655236176,48638.616670225936,1
40.19717825268879,48233.07391856235,48604.544564597105,1
55.851642370952916,48206.93528416218,48581.26958208652,1
60.71006235097078,48201.13716835118,48565.18349389122,1
51.75404866676439,48186.791510027026,48545.66538411636,1
60.733410131970075,48184.89543446972,48530.8555708782,1
67.44110713897143,48193.03882901957,48527.96057342402,1
64.1591500936444,48211.57914138937,48527.86507693393,1
63.60843073189273,48245.129301796056,48523.398088129026,1
70.77151215147194,48293.188018294946,48530.9724199406,1
72.59958426068283,48345.664543505634,48541.194356348344,1
81.39879562912412,48400.75460882613,48546.79235544881,1
84.75428552486025,48469.83290333551,48556.555851311285,1
86.74171675652926,48543.33339594456,48570.26136895528,0
82.33759707720449,48618.0593747793,48590.70246458017,0
84.85370977698979,48698.059060568616,48615.426130723914,0
85.33414927185247,48783.03630679106,48634.240159485,0
84.14645494614363,48880.49900010407,48655.56575603584,0
80.11197307393527,48965.57195975852,48666.269965384854,0
70.87899360035826,49041.89975754933,48675.664500276514,0
57.07947863624255,49088.27450534232,48680.73726603236,1
59.12250875460809,49142.55965274185,48685.71938161888,1
55.89329838164929,49183.0011645707,48685.56131587295,1
49.79287002813416,49216.18068105382,48684.646872606274,0
54.3530326847006,49276.0540830528,48694.33360566361,0
59.16927873935928,49336.44778303213,48714.276500218475,0
46.486478968563375,49360.82861422155,48730.41321464316,0
36.57034586875605,49372.71139357975,48743.56439575061,0
35.38331709079243,49382.22326931076,48754.52663668957,0
31.417819809052844,49363.77371390565,48756.663681349084,0
25.53663358260404,49320.829705999655,48751.83610267522,1
25.381184252326705,49276.95760264976,48745.02677423242,1
31.298523483355467,49225.868066597875,48740.47144393697,1
37.679830545924474,49171.10894904773,48744.19398681053,1
40.06028903569066,49114.967639329734,48745.949546897085,1
37.123226080844596,49053.619994075576,48746.094363741606,1
42.249414935023125,48990.06119639341,48744.622196681266,0
41.02849725950949,48925.13024279398,48746.990439652145,1
35.93930060866552,48882.21406286455,48760.762753188006,0
30.04332317751812,48852.98412660045,48775.55147091451,0
34.72520998884171,48833.57377395581,48787.41957094061,0
32.70900110180261,48790.66781516439,48792.57866494537,0
44.536171076669206,48774.595695599026,48803.62180176915,0
46.64620785435963,48749.73857243105,48808.40551992081,0
57.46110839506962,48710.13799745763,48816.4546949615,1
47.32428851269657,48637.09380394789,48817.95206669597,1
43.59721739719879,48582.31061107363,48819.08802631843,1
38.39423831315145,48541.31705251571,48825.504292501006,1
41.45959795308571,48509.574678925055,48833.12255587397,1
57.54190881995735,48519.66047505378,48853.05096564715,1
53.23805096686059,48539.97323121779,48863.90673306787,1
56.72581872205566,48568.60103304862,48879.23762002693,1
55.72061890626153,48595.410153907374,48895.86139183505,1
51.21418249356924,48605.892544452225,48906.09613725094,1
55.70314530029222,48629.17639073632,48922.90349918079,1
64.00360004715452,48653.53606465427,48933.55061581542,1
61.91155314309226,48683.091398296725,48940.64322439213,1
71.6689390679755,48733.3412137918,48955.69526861312,1
71.17257294160838,48776.99295043226,48973.50821264248,1
82.62282251039149,48813.52978615368,48983.68817805801,1
84.33691383104981,48864.34522794835,48994.89184471771,1
85.9610436922668,48947.6935645189,49011.35424722248,0
80.06758184240012,49007.219009640714,49018.576244291224,0
71.04382976739825,49069.075706761585,49018.70244424763,1
77.05051958492695,49134.11105014356,49022.87536510722,0
74.15903976136781,49216.991990108596,49025.52523851195,0
66.10270679677073,49290.442775777614,49022.05061391305,1
72.22259095045496,49368.297890116955,49020.62384850616,0
71.8568545038878,49451.381880887886,49027.44652432573,0
70.67739042754266,49500.98408127268,49036.68469513649,0
68.17760342059381,49557.51095304872,49051.60131215042,0
55.71692210490945,49600.065451865725,49062.23993967649,0
48.28301343438419,49626.435251901516,49073.235026767376,0
47.16468266277121,49654.6207957977,49081.472183148486,0
40.9752634221136,49675.48896916384,49082.67745362521,0
24.013921146981602,49683.249459684586,49072.2712864764,0
25.39858592841847,49678.01738871705,49067.51873419032,0
27.77464350879812,49654.05399282123,49068.2323083097,0
32.393872087512534,49640.529207120315,49076.8305877663,0
31.689103153124506,49626.68975016207,49088.85459256058,0
30.613581890667362,49589.87570786463,49102.5102454637,0
25.29439314537605,49536.998533780876,49115.37061967493,1
17.385601607472637,49487.28824205014,49123.144314472134,1
23.528386819141303,49447.62930676536,49129.31058733467,1
22.066772421757946,49397.83708549854,49136.02314357474,0
17.6997621402066,49322.259518120074,49132.98104812976,1
41.85648596521629,49293.14151588346,49143.28274170906,0
44.08935601498629,49260.0401982838,49154.58783070208,0
44.154780855191355,49221.11589863016,49163.00725863196,0
43.93135082963986,49170.121356815514,49163.53958722253,0
40.70006711333494,49103.86763468794,49159.71885644328,0
40.06756341576054,49042.46015367309,49162.956875079966,0
36.196905626743664,48995.3667602405,49161.54345262396,0
40.298002862704315,48960.26515426594,49165.68281588244,0
45.37803677041085,48926.7986013628,49169.341695187286,0
42.132484167341644,48896.223518642684,49175.92317235433,0
36.89454447055622,48844.84389914428,49172.532049418594,0
34.348078699364336,48791.58375484617,49168.33898924189,0
33.9088272048928,48721.03726474072,49161.41562209257,0
37.44525617565429,48640.99098094216,49137.386794915925,0
21.19094837179486,48581.68430288574,49119.19467413087,0
17.609069779569708,48508.71845746449,49091.417589441284,0
20.95878210519261,48447.58799347872,49064.01545030068,1
21.17288846901002,48366.8343641922,49033.687315230665,1
24.782275628858415,48290.80067502514,49000.672857290265,1
30.64959932868922,48251.212395294046,48972.051580385676,1
27.9261613116753,48171.328537394955,48938.57759734835,1
33.2586077002737,48106.92024492503,48904.019443155375,1
40.719860981609855,48060.798900607944,48876.52963870224,1
45.14728195125907,48032.46340601103,48851.11303516545,1
56.92680428471267,48024.18745777964,48823.65574837579,0
60.85585968120393,48027.438087788134,48794.85468438766,0
64.96611591060932,48032.771268198376,48771.764356047024,0
72.90242860208699,48035.455739392826,48752.23482893494,0
67.83246847297058,48030.52513998635,48727.90733112439,0
67.20444706166163,48020.58040085977,48697.35853665481,1
58.357266108279894,48021.77937369149,48665.06668858414,1
71.49171514358581,48047.80424360461,48640.14153063695,1
71.8751029785864,48082.39344980188,48613.820249658165,1
68.57700127446881,48127.15153842634,48587.853777777396,1
72.99089691336769,48176.262317400935,48566.69521987176,1
65.44808759177866,48233.634284138716,48544.845122350474,0
61.59482817145094,48290.667645156056,48529.7084076025,0
61.074527072706246,48362.57430625918,48516.86871941525,0
60.80448763294925,48437.7403555175,48505.573411831734,0
55.167025261105245,48500.202562862694,48498.83282165691,0
48.37159227594918,48556.39716029101,48489.92950597794,0
43.08942391325858,48587.46384864286,48477.383385484034,0
42.161813392540395,48591.51283171617,48456.923088540585,0
49.00050895880883,48593.160361666065,48437.701279767054,0
48.229363950253415,48573.832686105314,48417.238539672064,0
28.740599925713582,48531.42363573118,48392.62472516777,1
27.297186335665245,48484.925564607474,48370.81928506996,1
27.650759188971165,48432.77831086366,48346.29443057427,1
17.991462585412634,48387.774066490165,48323.88212352104,1
19.719692187994852,48359.19294852512,48312.13190881682,1
36.48626403796556,48369.70228676144,48295.69099693534,1
36.823963087188524,48357.65533575007,48279.18758562347,1
32.16671872333798,48338.592998665765,48260.81108967241,1
34.130793262095494,48322.99881424899,48249.00476075078,1
45.18330192849764,48304.970907666146,48247.13652906304,1
49.40059683181052,48293.941296918136,48245.43757964848,1
58.36445977874235,48283.92788708237,48245.13285833924,1
60.30691411735878,48277.10301655501,48243.603864330886,1
70.7453203523817,48262.7737152482,48239.963457385886,1
85.55960518006556,48252.91727062313,48241.510322449096,0
88.3257887759029,48268.696990212906,48259.470742405385,0
90.14591327128765,48295.13620348445,48278.804364939344,0
79.53143319797667,48319.554048536884,48296.329802059045,0
77.0579436986449,48340.80649244121,48317.627484366676,0
50.8465978273813,48356.47781565295,48327.15594477895,1
50.90874778454751,48385.99741208243,48343.53630701495,1
59.84820371062462,48427.28238897446,48362.69704326825,1
51.894695434952304,48456.430058629296,48382.132708349105,1
47.594099966428224,48485.17274028664,48401.63094962565,1
52.655495092556244,48524.220175345996,48421.3350208376,0
54.392656129154794,48548.98949466844,48446.75537984473,0
57.762688512062255,48585.28944137374,48470.535264202954,0
51.03045419939758,48606.69764626045,48479.17058793341,0
52.415523962667656,48632.14384283967,48488.876935482236,0
41.21503373957395,48632.33483714284,48490.39548080833,0
37.416467183068455,48623.03879397406,48483.67786212286,1
43.534878980893275,48615.106689814995,48478.06702698588,1
45.135302727720145,48604.79459723043,48471.33940746592,1
55.638566181659435,48604.65002115669,48469.61340985403,1
51.41146136003409,48594.105521046105,48470.92037052362,1
51.97888226545081,48582.30783089523,48483.682125286876,1
59.77716159622808,48574.96269713239,48489.66774635046,1
61.914294611186,48586.370754804186,48497.92072405998,0
54.46401008287703,48590.17224898617,48502.835768590594,1
54.72332307142236,48626.8302280676,48507.383109045615,0
48.992727262138374,48658.95260431511,48513.663635085504,1
54.17944350049354,48671.84209442332,48515.16682297517,1
54.639906235531434,48704.40027761334,48518.863096890775,1
64.45929239318372,48741.29325120615,48523.05210790111,1
65.35362981080817,48759.8637182627,48525.19948299759,1
68.8742179832803,48788.08580908921,48539.43083936401,1
72.60680748219058,48821.65339395685,48564.21108232855,0
72.36409738336341,48879.95386854607,48594.54700266537,0
78.36247663957684,48937.50906781649,48626.61641794241,0
76.30823943105169,49013.41778120046,48666.22951884638,0
65.88304144337283,49083.80984968996,48704.63234770637,0
63.699639370415454,49147.11876946259,48742.94430892792,0
70.19321439939293,49209.842633835666,48782.16513665473,0
63.05605499158786,49259.54302060397,48818.320991499546,0
63.09677072750704,49315.44108170027,48853.41962379368,0
54.03166456718307,49332.790187747785,48868.91728568141,1
47.149412353710304,49332.28322515564,48879.51890211267,1
48.51231372552513,49332.10154428564,48895.32414230793,1
57.80342129207331,49360.033500193174,48917.649642968274,1
46.85188280806762,49366.81763684563,48932.12180071741,1
39.158405246606,49378.59187581424,48947.523866643955,1
41.709899979296644,49407.46220077829,48964.58054845354,1
37.76298427209697,49424.875740082934,48977.972186301944,0
39.53036986500108,49443.21964341205,48995.23047916665,0
45.14018892449914,49469.69383826292,49011.910110053504,0
50.16636261704464,49487.509042896134,49026.9556604373,0
44.813083950736505,49474.35623436876,49035.899094682274,0
43.0550331861221,49444.10730814559,49044.368306508855,0
45.229880364818555,49412.34973938453,49055.23371671974,0
55.35457966042927,49378.25636935987,49074.94094032915,0
61.04985456530365,49359.09972663048,49093.87327352559,0
59.67068147871124,49344.5733516239,49109.86069398771,0
45.69758756856047,49319.74506515279,49127.49113926412,0
43.62566185942424,49286.98253942785,49139.04491115604,1
40.3185807358734,49252.312424342635,49144.65652339235,1
31.299551546507487,49237.57244761761,49144.350466861084,1
32.14372170658622,49230.96772838324,49137.79021691648,1
36.44109039016197,49227.835203347335,49143.77916514268,1
41.41268003026206,49215.094881763034,49150.83005853763,0
37.33408164441839,49217.120765723244,49166.03617214957,0
44.708227617446234,49219.538159079995,49186.12361268632,0
48.596126904902064,49206.62984458561,49201.189810361786,0
41.85159041287473,49190.384228782335,49212.208038922705,0
35.916490821494975,49155.4045569998,49215.53229350389,0
33.62951951898587,49113.81771366835,49219.79498710241,0
29.45003218044802,49059.897630569045,49217.99158030683,0
28.769912910034463,49007.2522128646,49208.81490097515,0
34.81561258642314,48967.3477590252,49196.75910819725,0
36.112101602719285,48922.703532224004,49188.246230014876,0
36.07246309818996,48873.12426030838,49173.458553225464,0
45.36191656188198,48835.723556369805,49164.58165434747,0
27.770716731895178,48767.95832460696,49148.30718606115,0
21.073485596212436,48705.66229303684,49127.995945433526,0
13.252114936366809,48633.53624312664,49095.94210792423,0
13.374544334022175,48568.79690102603,49068.22979649768,0
19.328820199014245,48515.56216034437,49035.34100736315,0
18.563790363673604,48451.65382943117,48989.7903911062,0
18.52559149366921,48362.824465565514,48936.92740395045,0
17.15731216028044,48249.30793091475,48875.54960377693,0
17.59875799015653,48131.09541749957,48813.10722666922,0
18.71844218016298,48007.25502537606,48755.50168296076,0
17.246700324562795,47884.96997050579,48696.330290779064,0
17.01788475802782,47767.54465080849,48635.288845711824,0
16.29971784807954,47652.35491467443,48572.65705113208,0
16.117539579988062,47555.428987284045,48515.790149335924,0
21.58199001441274,47461.65568657858,48469.53777983915,0
20.169660884201733,47367.585592507174,48422.935847915775,1
23.31664921776884,47264.81483270007,48369.84442356302,1
19.874156262124828,47155.26776642066,48306.339936505865,1
24.221624639948303,47063.75296329139,48252.23268380376,1
31.938657820952614,46967.73502387684,48200.2389135725,1
35.396657110046576,46895.058376115296,48143.34565619596,1
52.206976614747745,46843.29123565614,48095.3621436628,0
57.96433503179373,46829.56890560527,48050.48181280152,0
58.52328176169211,46811.15383988369,48004.81379714598,0
57.85473765242788,46781.011305108885,47952.741912248246,1
57.882847281388166,46760.756192817236,47904.3503744856,1
57.987614496189586,46743.20419040481,47856.56615685415,1
60.074220159526064,46759.97493079417,47814.59968034078,1
54.52602741696407,46766.04512622581,47768.2227294156,1
62.82549349486492,46784.206247573755,47725.544291338076,1
68.38650794071884,46812.05934753471,47683.32468914338,0
71.6288182897528,46840.54350410828,47643.608221294024,1
72.55586718251625,46896.86410236218,47616.60967630581,0
62.51904995779022,46926.274997166314,47585.37517846539,0
62.741228447515184,46952.165572159334,47555.37502965584,1
54.85095563773811,46985.01238087072,47524.55370891077,1
52.91460791195558,47034.47058924315,47492.49857792135,0
55.406081045549065,47096.185144004,47458.77604140224,0
49.750025988826984,47126.56746794346,47416.011364691854,0
55.57997997687097,47162.23239359355,47377.31660737793,0
61.17930309977123,47204.016831042114,47342.30045077856,0
50.817213659772364,47218.37413802151,47306.558107358476,0
53.60922698187899,47214.71421800104,47274.205677202015,0
44.729977690001135,47200.36255777228,47239.431734787555,0
40.869227020057295,47188.40817050859,47204.14612822406,0
42.69123538317871,47181.578602477464,47174.08093033075,0
31.160281989473418,47180.9300288197,47141.999064771946,0
34.945547439362244,47158.43706567853,47108.893093722596,0
29.919584963949887,47129.880823877436,47070.92535484322,0
33.561354911085445,47096.013953537105,47029.660450205,0
22.367583045583373,47035.99710591905,46990.54020166823,0
20.122029782612444,46979.33971326561,46953.07918938553,0
19.99316283611799,46886.59031133519,46917.831303589235,1
10.510671697637491,46809.93692152046,46881.83118666316,1
5.956018321597455,46734.01925466963,46842.75786738594,1
10.899765973107208,46667.025439145,46810.7023527963,1
19.4487233268095,46599.048549285675,46786.98821140942,1
31.394118711954548,46538.0118850051,46774.257623038386,0
27.139555107874344,46478.14774651744,46754.83229629899,1
25.950583147563606,46405.306753060984,46736.5372984519,1
38.86365336277644,46347.72055122088,46727.4006830646,0
40.951455703700795,46301.680273685386,46720.21235650923,0
43.83649390915828,46250.82330579474,46713.59303365013,0
41.76572178149503,46212.16817578942,46702.12741018969,0
48.690457717465534,46171.38476663713,46688.03776024748,0
43.050071198447874,46117.335596239915,46673.98093182384,0
56.401325419976,46075.32393931111,46666.202707416356,0
58.71903623601581,46043.660452963784,46664.25016833985,0
51.859112175371735,46014.779279585855,46651.335881361,0
49.66623202712694,45981.592945754724,46635.203618956155,0
43.02082319428016,45961.986521400395,46617.311459782264,0
31.659812454571863,45926.05337671845,46586.184045810456,0
32.21545659170724,45893.96359570207,46543.58917962796,0
29.06020380993853,45848.709167542824,46496.853317726825,0
15.151659305421433,45802.93163189503,46451.525998100406,0
13.561360860290435,45748.54111656841,46405.81632229676,1
13.401507790758984,45675.93586445281,46360.08088102861,1
13.026544709471068,45588.935897818505,46305.84200984812,1
19.10330579981131,45525.51170689641,46258.61892856724,1
23.899691802224694,45466.23653747836,46209.34941441374,1
24.832213365737985,45396.87064729094,46161.325202967084,1
20.099277315462587,45324.03062277134,46113.60720397446,1
34.51026320464342,45275.52965156156,46065.0592533299,0
36.87493812197578,45231.30649045318,46024.14000750445,0
37.13670730205525,45186.03081451452,45981.583857189544,0
44.07458028855275,45153.44923824408,45941.35567477318,0
44.86921970544038,45099.69586056568,45892.29281594537,1
50.064809464987015,45037.03710594204,45840.590953115054,1
52.88185532374225,44992.023184341786,45797.51816792034,1
58.899414810699184,44954.05870366069,45751.93414298301,1
62.81203511429848,44917.65723724311,45702.76762226267,1
74.71778243992779,44924.610600246,45668.67863070025,1
71.55114072419586,44943.9900803921,45635.29952458438,0
60.079655730260576,44959.245218354765,45600.406381959816,1
60.80938810209476,44987.21732577195,45571.04966020575,1
63.96402301766645,45025.84023622966,45543.52097579764,1
59.291509178483224,45076.371914517884,45518.25763530789,1
55.387123493218375,45126.1732141914,45492.93646925326,0
59.599756252262466,45172.43262930673,45475.63965073896,0
64.68669935881351,45231.3152459093,45463.46993136262,0
72.62044854432747,45282.19550380907,45459.80456212309,0
65.71377976961972,45320.65855448791,45450.134740463385,0
49.8773529747622,45308.562492428064,45433.848125767036,0
49.120159053081416,45296.83122713761,45418.89772975131,0
47.3083609258979,45280.13000066798,45400.0281555889,0
35.84258795455429,45261.50212892749,45379.14635068617,0
34.165612556594695,45247.26424048275,45351.579092424196,0
36.29183191187916,45227.27911355852,45316.297844536435,0
27.795680079048296,45195.341502999174,45284.395670513026,0
22.761560091597786,45150.53844375967,45250.02681926248,0
26.002211939953398,45117.59936663331,45210.719148427626,0
30.169317106979406,45063.057823163086,45173.22965049134,1
25.572078696942356,44998.158468896305,45134.23358982501,1
14.497043269260843,44939.325707787284,45091.26939475896,1
15.618484582144674,44872.15149380287,45051.356351072056,1
24.140959841246925,44809.431030434316,45020.35914947541,0
39.287096141893876,44754.76509245535,44990.03409656559,0
33.742439341854805,44694.71927497951,44953.35999805955,0
42.471473468017265,44640.63310666239,44925.98118156957,0
36.992834537258524,44552.59407954213,44891.87038487758,1
38.80262904434356,44460.50987887835,44859.21390511427,1
44.13619187271888,44387.99627850876,44834.911901179505,1
39.78064788260355,44329.228168840644,44807.95395502247,1
50.16039981982005,44287.543032807,44794.43127585698,1
51.95599260351828,44268.983984015715,44786.449096437165,0
52.185569164278206,44257.892102122,44782.88674490761,0
53.024724256033345,44245.24071438277,44779.30103239618,1
56.79748391341393,44240.71738023973,44777.01043750492,0
58.02150897631403,44251.750989127184,44774.89138340534,0
50.527157564967396,44258.30673594381,44766.854898648664,0
46.126050354362306,44255.29538056322,44754.089041736544,0
53.11437150233133,44255.651425749376,44745.87797168255,0
44.221837339169426,44253.141409145916,44725.27829285874,0
51.867255777568545,44264.67298691634,44704.61599334422,0
46.21918732202673,44254.86564934584,44678.89028500457,0
41.472370548453604,44225.09482056521,44649.01738240386,0
46.44321217543921,44179.90665212867,44622.11841319079,0
39.12295584767991,44149.88312822713,44598.498406973595,0
29.22399926679799,44102.95859898152,44570.35534742545,0
25.677746309491653,44075.05224999238,44540.26780341026,0
26.381962193013123,44042.30246379527,44509.07199573513,1
25.229950104500986,43999.37624545092,44464.81815926148,1
28.343577264950312,43989.744692314845,44426.25579979157,0
28.27305772434447,43947.6822881555,44389.80610377727,0
33.38133854335159,43899.94447190585,44351.53995489073,0
27.735822854471408,43845.725977077855,44310.84104124689,0
30.328933902230446,43795.40222743642,44266.9131575636,0
24.721298017329772,43733.58428571666,44219.97486611503,0
26.209804237651312,43652.399779228275,44166.87824337396,0
26.752989984666357,43575.055438162315,44104.35097554987,0
27.746506076449677,43498.015295336525,44040.41695834753,1
28.420950341822433,43417.906410374184,43984.77711403706,1
29.653484367122232,43349.74108283035,43941.74972901966,0
27.967875384245232,43275.91839965749,43896.25086235217,0
29.898054404673516,43218.80351054763,43854.35968895643,1
35.57179113272049,43175.894865907925,43814.774477196035,0
30.741453142966577,43144.480175516954,43781.00478720448,0
29.866507157632256,43094.06027424308,43745.21087124741,0
22.00160505002357,43047.827516896825,43711.34975298452,0
32.56276444746025,43012.61331581077,43685.0977522307,0
30.103982073840385,42971.11019656559,43650.47632770806,1
34.933658874853975,42935.656373946054,43613.85757957466,1
39.365157918093864,42885.987496210684,43581.387410717325,1
40.265720713917716,42842.15414435838,43550.937478405715,1
51.54820008879972,42806.63707927703,43525.33418908039,1
48.276132150607694,42771.49901113911,43495.668233528806,1
57.925815053892926,42757.22793060972,43467.898292825346,0
59.392740166699305,42755.18835045687,43444.16249630597,1
61.82111198553691,42769.21369226819,43418.310477616265,1
56.3509112065028,42784.853269237814,43397.25465142814,1
50.20654490634413,42796.33245352667,43374.745988206865,1
60.44193186719404,42805.87001675645,43351.92660933614,0
64.24133291979874,42822.686947161805,43339.13324034812,0
61.53320434140264,42847.81685675189,43320.360391930124,0
74.48506280918531,42877.55345144474,43297.78747592805,0
62.73569562490555,42889.15805995317,43267.280860328494,0
58.434315576788784,42886.2509535025,43237.40888285237,0
65.59918773211596,42905.71293066905,43211.20909141914,0
47.13181482201636,42908.411001279,43174.01375784525,1
48.46066300519229,42901.76110413051,43142.479499505374,0
38.96891704601052,42907.15360552854,43111.21961769418,0
44.322818345514314,42920.2987966968,43079.716527953635,0
44.0691398269238,42939.31863976373,43055.85830296445,0
43.67349475693092,42957.36543593295,43028.01445801236,0
43.03552683886855,42952.41090520872,43004.35229142555,0
38.417095030259716,42941.86018166585,42982.37437796906,0
39.348631487837615,42921.99863787723,42964.73508712476,0
28.57694479153527,42879.05868524061,42935.83271911137,0
27.221740038536808,42833.089968154396,42910.363025285435,0
28.333201034881583,42784.06312028517,42880.85899954526,0
31.81537010348009,42742.605562147,42854.86722754755,0
28.36324406706754,42700.499506571374,42832.375913784315,0
29.230315658515465,42637.49321059012,42798.23264765823,0
26.388831031666896,42566.23837967294,42767.78282853711,0
27.87915133969473,42492.77246945423,42734.91867494739,0
21.709701035552044,42433.55026945829,42702.41057728068,0
17.612810556754454,42381.16974669833,42671.715890557134,0
16.542687789639643,42308.08091987874,42641.007745083974,0
15.91872184722098,42243.89046640672,42610.61003271662,0
14.607156330465642,42162.99346729209,42577.65471115729,0
14.392591666482247,42088.75572487658,42547.515789510195,0
18.245685548910473,42004.86645536826,42514.50054595126,0
16.532667156650973,41916.29344160631,42482.47924647483,0
15.002229535638392,41817.30529620299,42444.56921663056,0
13.08589555198661,41725.07462321008,42406.86073649053,0
15.873014543002952,41644.40815566696,42369.779693872675,0
15.563164234710868,41539.5226619044,42322.75208167974,0
15.057952088633172,41452.30524234993,42279.13070635411,0
11.682247683721712,41347.81053703646,42230.35623334128,1
10.555542862211908,41247.94335684795,42174.99101596013,1
9.87223481744391,41137.15790470566,42121.28631080358,1
14.017100347435033,41026.736563034756,42068.8079894198,1
16.88662651041558,40934.630882827405,42017.69000230491,0
29.68590745009378,40857.70891094639,41974.004735172304,0
25.506206751357396,40778.69045700438,41923.74002603833,1
28.343054332905368,40702.177380130655,41874.681924877295,1
26.968611447872163,40621.3092379716,41817.34841350189,1
28.621190410098805,40541.61932449842,41755.58013470059,1
34.31575642488043,40480.96331567858,41695.30988208078,1
37.87764346071369,40446.52033062176,41642.32153571087,1
49.11898397234339,40413.59344684893,41594.420186839096,1
52.51800275171401,40383.13455272545,41545.40636033886,1
55.9571306861591,40343.45225545006,41490.78536979014,1
63.467186855065016,40332.24117434737,41438.33894366876,1
71.71058645622456,40327.16121437368,41386.70384166211,1
75.88195196722394,40335.993669773445,41348.51393780079,1
68.32635801806458,40351.70028141656,41308.93181284536,1
67.1656889093136,40381.3866206596,41269.40018235033,1
68.9411853585792,40432.26751626683,41239.89883933641,1
66.14758902855006,40483.93096061888,41207.85895855548,0
72.5318997841194,40558.242672748675,41181.72193769163,0
79.9294706884661,40632.7687480263,41153.7959699516,0
72.5460046788197,40696.23349738504,41120.45594535343,1
68.76119726971086,40745.5998125247,41089.298485809,1
61.19046616818324,40786.018318086324,41057.18299118937,1
58.3454725503543,40818.36678847306,41025.284567600174,1
65.77440498898105,40863.33059521167,40993.881196435665,1
65.31877505627892,40929.21778891492,40975.64377617031,0
64.1978961086985,40988.96948160916,40957.661687462685,0
51.901037797783204,41028.787875002025,40940.211437597616,0
60.56076236146,41065.36579560647,40923.52428022289,0
59.94401438493194,41107.86543135919,40908.35273025399,0
46.3607033286694,41140.38488520437,40891.94203963584,1
48.54996340635727,41162.65284506559,40876.904729825816,1
39.65139480129743,41177.22381378643,40860.48437939499,1
43.16336883223089,41181.08310896809,40847.52707360471,1
50.15190489158606,41200.34353530076,40836.601328286335,1
53.389923784332176,41215.82181363568,40832.496539853106,1
56.21573512233463,41220.98991725805,40830.738619676944,0
59.37656383588396,41229.594810054215,40834.499495660326,0
60.51018724649024,41233.99820374639,40839.81892923956,0
54.90565286141266,41233.72934862462,40845.34112725415,0
54.63037706267995,41244.57611934478,40851.76901644882,0
49.52555560707925,41241.24670724328,40858.87505022512,0
46.72756585332699,41246.720482849516,40865.841335045145,0
32.60487586280328,41236.75941592855,40862.225071704815,0
38.591314512328346,41214.59863877861,40863.91158718535,1
38.178410582995255,41183.18027675359,40867.993789931774,1
44.646580015540984,41157.22009933552,40881.42551238232,0
33.18662951411335,41128.76907124884,40892.54172335797,0
33.09212276118447,41100.2388003929,40908.75663849778,0
40.04435451764159,41079.159467201,40929.32189192049,0
39.38389159010297,41071.39381280435,40946.647211626616,0
33.92294813276611,41046.99284144015,40952.618302023315,1
29.816757940571136,41027.39216763053,40959.96506364545,0
26.93174846999173,40986.33441120145,40961.189886033026,1
24.099289825337593,40933.22977738902,40961.3695440533,1
33.26816628047611,40884.51499597887,40969.654808445295,0
42.722544171723754,40859.38831698631,40982.10862020004,0
46.1852111544846,40824.23821965901,40985.586651275225,0
45.38044404777986,40772.27707523351,40983.2923805934,1
43.5884552171402,40716.566038513636,40978.71372156942,1
38.365404822127026,40653.630225701185,40975.84020454928,1
49.78595914858212,40625.38691101127,40976.13334489067,1
46.54662528020929,40592.52331838776,40971.986176650775,1
39.04293627373202,40575.902206300045,40958.188486315456,1
47.967703009335395,40580.60431763766,40955.47320167379,0
56.064334154688304,40590.4380365134,40951.6143562733,0
58.31840375852234,40602.46043977379,40949.5026817851,0
59.573706741090106,40615.41331373847,40945.1346646058,0
60.8979916963017,40619.3275494367,40933.19058917299,1
53.31384218840001,40598.15966751451,40915.47825971577,1
49.1406833066651,40591.411839709835,40904.718548556535,0
58.23595425272896,40612.386973200235,40899.33316629353,0
58.89731479151012,40624.46596342823,40895.34412178222,0
59.26712584174767,40644.82251049255,40891.77217484082,0
60.407181944774074,40670.164142641224,40884.10296302512,0
45.535061569718785,40670.800165440094,40866.28775905536,0
44.97149077290309,40645.928974707596,40844.89241743941,0
49.98729626355505,40638.79734728615,40829.59044018887,0
38.882423319488794,40630.28573222041,40809.26035523897,0
36.12876810950861,40627.1026254008,40786.40859918606,0
26.160403630406705,40616.317409371804,40766.21321421625,0
28.0968693988536,40584.75925909341,40744.97591050181,0
28.006716315624473,40552.873575566024,40722.24608136262,0
27.521887304874355,40512.64869634606,40690.814721266644,1
27.44681658352802,40464.165903355904,40661.00214889585,0
24.732744686776826,40418.382620862365,40632.63867916397,0
23.86101849504793,40353.04495891697,40602.32469844867,0
24.20258555338981,40294.60659105987,40571.13937700806,0
25.3068046151174,40241.91320686524,40536.35659042053,0
24.651654740383947,40181.46938837614,40494.57427561637,0
23.03920377751774,40099.04202716272,40446.50491168371,1
26.451496121951863,40017.22507823515,40409.72451469028,0
26.02480083453206,39930.75460403436,40368.95777025615,1
32.69347043411629,39860.50837414513,40341.271758127456,1
32.599158086851645,39780.012908162455,40310.268670778656,1
36.24219207727583,39721.577959883965,40281.64683230751,1
36.932792433444604,39666.76820130797,40248.711658228385,1
40.12075603119029,39602.518117892796,40219.09005884645,1
44.939680788499786,39565.5815786574,40195.39746654478,1
37.394333535193745,39515.17335445678,40160.81415408837,1
42.93128674931735,39483.793301963415,40131.17300987988,1
45.93396928101562,39459.38815521691,40109.934036012506,1
56.51106548158543,39474.16195390793,40100.95399587357,0
59.086856237598795,39490.38115923447,40092.43342047985,1
62.04314547580872,39492.43665566442,40084.68490020602,1
60.848265616620246,39494.185101340685,40076.506721308695,0
64.5867212658971,39503.6262955473,40060.01988987307,1
58.98023810336207,39510.59881482853,40045.68361507587,1
68.18080091158976,39526.70326216227,40038.127065192035,0
65.0501153055582,39558.289643004246,40031.26371741262,0
62.16331575459444,39594.92836040635,40023.024165565774,0
64.95655658908711,39625.9663349924,40009.956284282736,0
60.68842353286489,39671.408458623766,40000.51182635056,0
65.78212908163502,39701.14028521655,39991.366989694056,0
61.770279091321676,39740.72323336556,39974.31623706982,0
54.92219856579815,39764.568837693776,39951.29915277966,0
41.31817955694305,39798.77844164824,39927.23885897817,0
45.023330552193116,39831.094630121705,39905.362585399744,0
44.22759569614709,39837.15300042409,39882.527646939736,0
32.33793858603582,39842.89768539775,39858.709361241665,0
36.088530160111944,39846.61593198788,39833.2546467911,0
35.902793253781695,39839.71345215331,39800.864627593735,0
22.40708592778489,39779.13848528718,39762.823004617145,0
20.47062426920455,39717.302138726925,39721.4252717736,0
21.794244937822896,39659.38967074512,39680.375111447574,0
15.451093236020782,39591.26260325582,39644.69169643499,0
11.72595522624762,39522.70275185483,39610.72940073196,0
11.640545559597669,39454.94584890548,39572.1430157236,1
10.428461747406487,39362.85529384553,39531.15488984209,1
10.467894697412689,39264.68493790713,39486.29664241515,1
14.157018514696688,39187.27094253739,39451.40557883201,1
22.12209131087728,39112.957126888556,39421.2354314008,1
27.463011089965732,39040.66994898288,39395.630375717294,0
34.00759675218592,38976.40626307368,39376.8700163851,0
36.99260237929827,38924.793151432736,39358.567136300546,0
35.09660360626948,38871.12115846627,39332.39456782122,0
42.39965629696302,38810.52748061622,39310.231867657865,0
42.755781211959366,38742.33220943225,39284.45283274869,1
39.29869710335304,38670.80625258636,39254.08486522818,1
42.08591557011782,38615.81649678985,39232.44820460716,1
47.687995074138385,38566.37270180562,39220.18691664826,0
48.476273659514185,38520.07624526629,39202.005094406195,1
61.966665483758455,38510.39654618895,39194.67978147898,0
67.65732919924909,38514.867378278504,39183.16887342695,0
59.03167554129854,38513.90632440049,39173.932477942784,0
48.95766799547211,38504.133361652894,39157.71385714256,0
50.99607050142758,38506.97713625086,39146.812974709115,0
49.33654573514487,38514.933063121905,39137.10899381525,0
48.225866855076525,38544.408001002004,39122.685458779924,0
42.03260871567043,38556.04879151907,39102.646817240064,0
43.040227679334734,38558.29853251475,39081.20767105254,1
45.303240269929155,38545.068250356955,39055.50746945681,1
44.19261324984421,38512.12085501653,39010.81393616074,1
42.175823420770804,38473.65161020623,38970.178196773806,1
42.89254826532607,38437.05294165181,38936.4136506955,1
52.89072665473217,38434.32450333652,38908.45032861955,0
47.53251784884678,38433.68830542687,38882.25667160969,0
44.04906423519484,38437.16331312408,38855.078632066914,1
44.07401226728834,38443.97243995376,38820.99253634477,1
52.064345999388735,38456.73224102663,38791.82524381611,0
44.14356950287319,38450.0557965166,38762.23789109235,0
46.232525922471005,38451.54211714608,38732.23540726767,0
44.62959679327501,38439.47524535305,38701.9064961707,0
57.06925232236558,38427.12154420841,38673.561377023696,0
48.50389939782394,38406.854512489124,38640.3849895922,0
49.15576170610189,38393.8851842663,38609.44039577157,1
48.88249239893752,38356.152963288056,38569.76278336505,1
46.76094805048059,38311.25367713925,38529.17261262227,1
45.98175841669167,38268.76530382396,38495.33038013987,1
40.85151615756042,38265.16714214675,38471.55459993967,0
40.69806809418061,38261.261746620985,38447.06599690578,0
41.224417120047185,38256.77068785583,38422.33036373783,1
52.051245016828666,38282.09821777347,38411.997829155254,0
45.198453539094196,38302.21666478301,38404.14400719624,0
44.643741143613966,38300.060111537925,38392.681827012624,1
45.003827296913244,38282.20610510781,38384.827729360346,1
45.78506745857059,38266.507915030175,38379.77873687983,1
42.86532409091844,38252.47543174289,38374.09046520188,1
49.8521578717949,38247.14022631648,38374.706509333155,1
53.64947988556832,38236.59529715794,38380.58938751643,1
63.10588625739326,38238.05589760145,38382.551873117976,1
69.01882009183748,38237.88161379933,38382.205202031975,0
61.76610743880455,38229.71336948201,38377.52386437035,0
58.40831006199827,38224.97656168825,38372.98949646952,0
57.364984761444255,38236.09651816914,38364.90633628677,0
58.09613681432327,38246.067951456935,38359.41911296784,0
45.4429070097887,38268.162115035964,38352.81663713294,0
49.182127184982534,38295.15973426892,38350.303622556945,0
46.73032505730738,38298.53218351606,38346.42075251175,0
35.8643208880017,38283.22746126394,38338.51898572929,0
31.49003048678044,38266.43230767283,38327.08983925267,0
27.614145084486083,38241.83064885219,38311.03212517218,0
24.175317623440108,38195.14876008979,38285.89871471559,0
40.48588985932976,38178.14922744867,38269.45674686431,0
34.67613997882961,38161.21397607743,38251.6048876834,0
30.294983462014343,38133.47575590052,38236.5646870594,0
29.321614153379812,38092.823022512624,38214.117091384534,0
25.1763286974535,38056.427348194455,38190.6881792309,0
23.11621189920109,38010.88023814924,38161.29540419204,0
23.625814151448765,37958.479096982584,38141.56150970183,1
22.59571866342978,37896.85569705391,38117.97473893363,1
29.70570190336801,37841.19418573928,38100.6555761849,0
34.37058552997756,37791.40619341745,38089.237999730714,0
33.20486876573443,37726.326024083595,38074.05926202047,1
37.68168929515201,37669.47824161223,38057.87645627094,0
39.00490702481475,37607.765898195925,38028.795670911604,0
35.96837504972517,37532.87160051285,37992.48995516733,0
20.290398665860124,37458.925896314686,37959.008655833175,0
36.91292289430681,37418.50661973053,37936.23442442246,0
32.45970814481892,37366.17729432291,37902.29700704781,0
31.164825009431866,37299.88903454368,37867.0231344635,1
35.39672760543502,37254.63594174994,37832.26965501372,1
35.86927877943678,37209.15887157823,37793.77216520566,1
39.4767842405448,37145.95483729527,37756.99006409905,1
39.12679921571646,37085.6684975911,37723.1304817242,1
34.680866327097135,37030.63991878752,37691.26658086789,1
42.348283541249245,37001.393252023096,37672.21320687854,0
41.78309461306689,36961.369388827974,37650.73446390639,1
42.5156488408237,36939.73231716557,37629.68220952869,0
48.111978598501125,36927.324744702426,37606.42455072411,0
48.36576797139974,36907.21020007979,37576.35412031716,1
50.333201196659594,36882.13338253087,37550.80065405492,1
43.27486660386075,36856.96825589338,37519.18601497869,1
50.816995922497625,36842.74379592466,37490.270114477134,1
59.08907384616287,36823.47654638214,37467.243030208614,0
53.8217220259817,36810.28830455575,37440.028550690775,1
57.92995467941997,36813.4418542079,37411.26353083843,0
56.165238392711046,36819.04035298478,37385.634624329934,1
65.28785058456657,36813.026786907125,37362.589048658716,0
54.95499471156321,36810.01825178485,37331.66618889857,0
52.84265813203536,36833.22845484316,37305.09215736019,0
53.05823021185025,36837.36049783928,37272.061208629704,0
51.74517074548544,36855.53203947299,37244.09963320205,0
48.44273136074529,36868.37854642696,37214.350857994534,0
49.619948547974154,36876.78837902236,37179.40722606548,0
49.438347277226505,36889.060044540696,37148.4634181014,0
44.077144090179,36874.43290441324,37114.72152262946,1
49.3433467731607,36882.43961630757,37085.646416721844,1
44.49783623581565,36873.100371715525,37059.509484808485,1
40.21822547406176,36842.014198181096,37029.93924549097,0
46.7655314702189,36841.15891820802,37006.244764531235,0
46.524950389782724,36836.5278697099,36988.679542398,0
47.00741404350349,36839.84067118076,36977.06277941507,0
49.49850323266681,36833.727813764955,36952.501549003646,1
37.602052016714424,36805.33167531755,36924.89010990466,1
48.26947948869169,36797.191219555185,36905.51473615265,1
45.241915457689615,36788.2855060816,36889.448524266016,1
46.90922127867968,36781.878787299254,36875.815199971854,1
54.26831401732507,36774.577446934025,36868.067932172635,1
50.93613627413348,36779.19380637242,36859.952072654516,1
55.87757587247344,36773.16360232207,36855.615319467455,1
57.72881157602223,36794.625827627366,36853.43386538494,0
61.03698271132957,36808.1473560024,36850.79609823603,0
72.37528599139765,36830.295446548895,36855.93862698066,0
56.49405621257325,36845.342630723084,36849.75298170982,1
59.72630277128244,36866.34596650342,36851.89544542439,0
50.293858600815135,36881.58332569565,36854.20621270258,1
57.18363102586935,36896.22681757664,36860.566785226634,0
67.59528938072307,36921.88497004714,36860.86082493513,0
61.76198462235248,36961.53377673297,36868.08183845499,1
61.214554387221305,36984.848250156356,36880.2284507763,1
57.85317278785884,37003.82217593379,36888.35403607154,1
50.652022108999645,37005.917495259186,36895.766228887456,1
51.288030133892214,37014.46777058582,36899.906722319865,1
59.14406492471888,37064.01674205462,36916.22940769007,1
58.15084844649463,37109.83675639039,36937.19347119379,0
54.3517414175231,37147.01100706272,36947.69562628187,0
51.82021969636495,37181.94861281669,36964.04688956734,1
62.32226386613826,37211.280052397036,36976.687026265216,0
56.80660500520728,37242.54246807746,36986.03916200453,1
60.17173900312424,37261.51481271534,36997.337164521676,1
57.43521545585908,37269.006611276236,37008.18315688309,1
59.67453717703859,37285.28353842507,37022.12221124871,1
54.98706749720518,37283.80046555905,37032.3612948344,1
63.29758266221694,37321.78527666621,37049.07647382346,1
69.03700095380991,37363.75251396255,37073.28112918711,1
75.04871290894044,37426.42144982845,37099.3980509508,1
69.24909139953418,37466.67910042733,37119.62228420365,1
64.40411596765,37507.044525081554,37138.467920204894,1
60.927376286374674,37551.188936512146,37164.55011234592,1
68.17500460579556,37601.460782917005,37187.52138200584,1
71.8640817918047,37670.16458297834,37221.47567012717,1
70.52858365936439,37745.31533768795,37251.67954817344,1
75.78264961264337,37843.004120980404,37289.756952141244,1
82.48839273926113,37922.677356957705,37334.58499886422,1
79.97611181266498,37986.42289407055,37376.13861100573,1
82.16671368396983,38082.87223503569,37431.07135853085,1
88.03649216805799,38184.94362097775,37485.04849143542,1
83.03964475171882,38281.507876417876,37540.05002814616,0
80.87318825836653,38380.33723217756,37601.36837560311,0
81.02000398665598,38495.546693722164,37659.09227472733,0
89.5534695486988,38604.78856515085,37715.48743505947,0
89.27387272839692,38706.908798970835,37768.94946236474,0
82.05822095741433,38809.19598360486,37822.54856277037,0
69.45414914454099,38875.07580875793,37876.9741271996,0
65.01763794519637,38926.799794646075,37925.12455922346,0
66.62244491874753,38974.44240316697,37973.86080978494,0
60.76208475370247,39039.67340463013,38022.740131136,0
54.99130018538444,39095.128422762384,38066.68831053624,0
49.1471262300328,39134.35811793359,38106.615836970384,0
29.08549433607368,39158.80301564514,38141.77714733507,0
30.931346353134714,39177.899608202184,38174.785182357096,0
30.193695804628092,39192.089828183314,38205.25653704581,0
28.113393273974665,39181.38097250986,38230.191162525625,0
22.009071697929286,39163.482937738154,38261.841121670244,0
20.910921966698012,39142.29677303019,38286.51893361643,1
18.388988536651482,39090.18472797984,38314.51191944452,1
18.28984688014313,39021.06252828294,38334.982775717945,1
33.24046600008077,38970.4942332013,38359.49373340783,1
36.96228300184005,38925.884779063636,38387.10877653538,1
43.08897418951509,38887.401202438916,38420.11345564036,0
47.34896301915299,38864.91963364667,38459.92641814461,0
41.39024098047509,38817.60018818964,38493.62253953692,0
47.16378311083666,38781.88732518951,38529.516384611845,0
48.56984222694258,38757.16462115848,38554.23327884115,0
48.81605054929032,38742.54582034354,38578.208184804724,0
48.5317486741216,38719.11202927392,38602.70121866942,0
46.32582114374996,38679.86554472508,38621.906903899355,0
42.763834959786394,38632.04049864076,38634.99248903373,1
43.71255355373944,38594.594246392066,38647.436548296224,1
49.35692790106911,38575.95069146613,38667.55149883539,1
53.38995204170462,38549.312471140416,38686.90752630276,1
43.92379912963852,38517.313881285416,38698.06867418994,1
49.37351843143054,38511.26269219206,38721.17605317883,1
47.29237255529524,38514.831025131934,38739.05942105653,1
44.74117439350481,38532.36622092226,38753.96441640032,0
58.484098910153705,38569.683813261385,38771.816864817694,0
50.677254320752624,38599.31048536059,38788.03532969124,0
49.5357050922954,38605.816250328244,38799.0024235065,0
48.48756766414714,38613.751122031696,38812.1336507432,0
48.25129098491736,38601.100402723445,38819.96930356293,0
51.04941867750237,38571.206151128026,38820.34304540449,0
56.7814575662798,38564.03329097863,38821.10972085319,1
52.541622852610125,38540.65183052265,38808.57546842875,1
47.55117527778129,38519.52398458431,38792.97192989179,1
50.175321686558874,38496.37307437597,38782.18825692689,1
57.797576200073124,38487.931415098225,38764.72489069444,1
54.02992583083212,38501.161400003795,38748.39401550977,1
55.409668857834504,38538.8306022538,38737.9215793681,0
53.98567525245483,38583.58529287063,38728.73577257345,0
49.85503008533865,38622.457315845255,38718.315747684625,0
60.02591672163146,38661.30097425234,38709.512489943365,0
61.92169998153173,38705.900643638255,38697.66541205691,0
51.59597187995803,38718.67427488334,38684.96736969022,0
52.28356072999565,38718.05654627231,38676.25171606229,0
51.99177659469272,38706.40442333813,38665.80626787714,1
48.89943675320168,38675.34375268304,38652.177404624126,1
58.34084351696455,38664.82355529905,38638.09538995881,1
61.72839027922655,38665.43665146158,38627.12571498618,1
58.86605758964538,38660.91286904208,38622.755551186594,1
56.85009092703527,38668.010550561936,38623.65231752965,1
57.307525458426184,38689.8150061822,38625.1092045965,1
50.890271083249694,38712.3111394069,38629.19824534262,1
54.890043563430204,38757.66502085625,38639.0890877673,1
56.019107734139126,38811.79292770672,38652.295925879225,1
60.57272491139583,38868.07213775003,38672.498402814825,1
71.32704374610859,38933.203107239024,38701.932242398114,0
81.32893344602928,38992.97042590813,38737.15717455985,1
88.22626981054654,39043.676668336055,38767.194553422,0
91.88120400485576,39091.29724968139,38794.90076082055,1
94.01412065370691,39130.949385248,38815.73502080826,1
87.85185438050033,39163.03049174779,38828.75683318381,1
88.81981404693745,39210.403241553235,38854.78663340235,1
79.3887247234261,39258.43873567141,38875.58793388298,1
81.82103705250667,39329.5179296064,38905.19303944145,1
78.28646766587892,39402.34018417793,38929.7240134109,1
83.30570388569677,39510.34147712812,38968.66918376581,0
77.19303568586135,39607.27329842517,39009.058491438846,0
76.68391038368176,39704.68805676138,39056.18473823442,0
71.9043541206263,39795.49108740791,39103.11428759292,0
61.9965097769632,39874.84919647984,39143.21171953513,1
63.70732411789162,39952.88866968271,39186.53968401341,0
57.43170247874423,40019.958329865476,39230.25602477465,0
53.96690203623447,40070.183550640155,39262.65743114654,1
58.14991993085857,40121.106114924194,39294.805961796126,0
62.889281745629624,40168.181951951374,39326.824695226474,0
53.75559701125768,40185.19263642241,39348.13577166252,0
59.87213250933481,40202.25359394582,39378.33441799394,0
54.63324311929781,40219.56586810666,39412.694400533364,0
51.188084323631344,40226.727830514465,39440.091444213656,0
33.3119098125312,40230.70263836453,39467.575915064685,1
29.400241566588903,40219.38065340086,39488.026634092945,1
37.44177654245741,40216.21194108205,39515.65809344372,1
43.104069379837455,40232.8341358375,39552.46085600892,0
41.58125178318881,40220.41715413554,39585.55030726195,1
40.45797138173638,40217.506481690536,39618.177376336724,0
42.08160319016682,40180.23480687481,39645.590540476434,0
48.12115968672767,40159.04239169088,39672.21088811368,0
44.067699486277306,40130.38735161554,39692.80743797912,1
39.63479940089306,40101.61726329162,39710.32707576132,1
43.307786580131655,40077.89454320555,39725.386610479254,1
38.180450869418365,40036.96026619409,39736.80340079011,1
44.10564751408871,40021.07424487893,39756.32546527092,0
50.95863467640131,40020.934238564325,39783.56141661893,0
54.589732596803096,40016.03052054391,39813.99555150476,0
68.23213438900663,40013.92287605385,39849.83207631277,0
53.77977537417902,40009.46336862363,39881.78361803876,0
44.09678146789522,39986.90250455573,39907.165997696604,0
51.777500189731875,39967.79818897725,39933.63901553964,0
51.49433284511468,39965.22647253546,39961.81688561101,1
55.60127536387294,39973.33764690959,39989.70675360374,1
42.92840143002511,39982.95638881242,40005.28318714503,1
40.90797019901852,39964.77734119389,40016.64457415852,1
44.1750303403712,39940.61000809063,40025.63885090267,1
54.59460755836946,39953.59884798158,40042.27267537188,1
60.76288854008239,39970.777737795186,40059.259616354786,1
61.22979039526329,40009.469894033,40076.09725519403,1
59.72555633989602,40042.411199129216,40091.98719740211,1
60.33839031731911,40083.63814972491,40108.79203053466,1
53.300356989883525,40118.163786599136,40121.07369052842,1
62.69753508656492,40165.091116681455,40139.04330305263,1
68.35481170854865,40217.860183154975,40158.735277352986,1
68.8850247886873,40263.56385963079,40177.58971250195,1
67.1044225692551,40300.58912970461,40200.42157423221,1
67.1036503711588,40339.3060986426,40217.91081911924,0
78.55143041304703,40366.90010477775,40235.65604455269,0
87.66614526828717,40413.01107504357,40242.85145720494,1
88.36706687168207,40481.40739867037,40256.81963779469,1
72.98130274161737,40532.39587938289,40264.72214458824,1
57.86087046509926,40561.09977027418,40268.060358757524,1
51.96577840015912,40591.2682314793,40276.27436760353,1
57.63241356161384,40654.669382414286,40285.995472237664,0
63.022592105968265,40745.62132476066,40306.90977211659,0
61.91693312058941,40820.163246264885,40325.630729152566,0
55.995277357065,40866.411706522675,40340.39491201128,0
49.28892544921972,40885.688887585435,40346.26239060841,1
43.91989856715978,40883.686909399614,40355.4949643849,1
48.74647875338471,40889.51615794237,40366.89222300074,1
47.54439462513791,40891.89157884168,40377.72231482867,1
46.47398614432287,40900.863113617284,40390.72780376955,1
47.790387522707235,40905.76728542649,40409.06916187742,1
40.75662042760212,40903.45275336302,40432.36411733785,1
51.85616773936301,40910.14068119373,40455.16120854661,1
58.52219711138192,40916.59459521804,40473.92575798443,1
54.985265077217626,40916.23938256525,40496.23971049113,1
51.4231241922834,40922.629943423395,40517.70542924584,1
47.77584420530162,40936.167118905425,40545.224382017186,1
61.40617579805885,40955.66328121349,40575.46799360374,0
62.56594509411426,40985.722049749675,40606.856023841894,0
76.12973774616961,41041.570607775946,40644.04169655125,0
80.86062275317619,41094.17263614483,40682.785604779245,0
72.8550163910177,41126.255121324895,40721.71341428999,0
67.07180272073259,41133.64204504691,40751.936892183774,0
62.38430199260772,41142.303236509695,40774.178328330716,0
56.05102144423869,41147.57622633761,40793.013194328756,0
64.66643132450533,41178.79843492758,40812.2126141579,0
61.52793245129959,41222.59385579928,40840.74715925517,0
54.691335563201726,41242.748679161065,40869.230692842866,0
48.83466074541105,41245.568511156285,40888.83044370028,0
42.38710943392331,41241.004152389774,40901.038875711274,1
35.64992223864779,41223.22157397669,40909.02273270426,1
25.886596063444188,41210.35685935592,40923.324305555245,1
33.22299933831556,41193.29099631643,40946.566670595625,0
25.694944967235784,41170.67511496552,40965.95180073439,1
34.30439775862732,41168.88217564598,40982.35304155689,0
31.810009380873197,41144.41874505528,40987.16183214987,1
32.76442531697204,41107.07612765483,40984.266875465924,1
39.12275072548317,41061.62924454427,40983.155211769765,1
44.8527717856554,41026.75410301994,40984.10240515991,1
39.08793181583642,40977.6612567048,40987.84068459352,1
40.411325633000146,40937.5738286085,40991.77868955006,1
47.905553756806704,40911.722165147,40999.2582070868,1
52.12379147868398,40886.817470382426,41001.238336484435,1
58.59487725118727,40876.031894738626,41004.35543434432,1
65.25003736788341,40879.69939192448,41009.17051164151,0
63.51017710706303,40866.10447521701,41011.8943623336,0
65.08992631866332,40862.385716994366,41020.49701603548,0
63.571774915968795,40862.72545586496,41021.757915720715,0
58.387685078634355,40881.97003277066,41028.66010505539,0
60.81213665144242,40899.83976807013,41036.53487482965,0
63.307219616107965,40926.51046743868,41043.11962708802,0
54.04198906892876,40945.54309175231,41039.67378929046,1
48.474791348100595,40949.905789422555,41028.28045646039,1
43.01199015323372,40943.87968006859,41015.438374255864,1
41.955993967747936,40929.046705116096,41007.40704099426,1
39.421689436735555,40934.57852958424,41006.7176889494,1
47.97346006700441,40954.47078479638,41012.580425624634,1
44.9339817574019,40963.029501670746,41012.56054926111,1
47.02862553351351,40974.454639690266,41017.127629499344,1
49.896012300357846,40989.62971372761,41023.34732463765,1
41.24539470271278,40995.918928021405,41027.83934658803,1
56.44803492959935,41015.22671114366,41043.96779019906,0
53.32715803943283,41036.50888120964,41051.7856164908,0
64.8507866834293,41066.91635690273,41064.4841390182,0
66.03910666161448,41095.08454916052,41080.70857827962,0
69.11358392573521,41123.6390401716,41092.29800103288,1
63.05715994102846,41122.093367775335,41094.86751558345,1
66.20039041013045,41118.5704643407,41086.92078897159,1
67.17834995134525,41124.913380051665,41084.33663717619,1
70.70848855202794,41161.0980641952,41084.345857397355,1
68.23975105002808,41197.1635453842,41084.31599078377,1
70.67695611440826,41245.338576360125,41087.30717130456,1
69.7458956061053,41304.219433080914,41096.51141167399,1
69.83706729203222,41379.69928570844,41110.39679393536,0
72.26096210162648,41458.17800471241,41131.64775234418,0
67.42524296030929,41536.0101457256,41149.6023732686,0
71.09621850938606,41604.323594338945,41165.272321040495,0
62.20061325633862,41669.12296612375,41183.11026404618,0
54.54012313638086,41713.13119344501,41204.15270241483,0
43.3673243649837,41725.15574417687,41217.00796135249,0
53.48459459182974,41748.389788313856,41237.906632322905,0
57.5504267318678,41749.017228645105,41259.43193791473,0
51.05152364231911,41750.48745517838,41274.66420003558,0
34.49893444025764,41720.166018436255,41284.28050040649,0
32.098951935007705,41678.64660463093,41284.6143498736,0
29.29647175322846,41635.12937516523,41288.582253076864,0
22.962420600694614,41596.821323731856,41290.76559401425,0
24.548900472709818,41572.172484234565,41291.138084847706,0
18.204951004471425,41537.439382290686,41288.61074888448,0
14.373836327202682,41471.74932574224,41281.981085012325,0
12.190071998918071,41392.16645916262,41266.15304300541,0
11.683785220322179,41298.147989433484,41241.877501019146,1
22.83982871574206,41214.47024624846,41227.5725220204,0
36.557185258773025,41144.986709056815,41217.978719662635,0
28.31193436625989,41055.98318149447,41202.161268172174,0
24.88184881449658,40944.29748822553,41180.87957847202,1
26.202007228897926,40832.5368242502,41153.33276394283,1
30.42574089341244,40728.23768991219,41129.31515766507,1
33.72023798561,40636.56039623879,41105.98884780209,1
39.697571719836226,40583.88772162562,41090.62714277468,0
44.50415364256249,40523.390918547,41076.65881276622,0
39.2671821248133,40453.19579070558,41062.49301749604,1
40.058408758704466,40389.94504718317,41050.679903139826,1
48.39592359775034,40354.74961237797,41048.628473330245,0
50.69011972768309,40318.71528800046,41040.481783027346,1
57.954315346312214,40293.39739289334,41032.1097984005,0
46.97088619484888,40270.499421483844,41017.17704868924,1
49.55007014366014,40264.23478585224,41011.6201985203,0
47.378100613748,40243.479393300004,40996.220650328374,1
62.81798125939447,40247.89644944925,40985.28777930098,0
53.31672297102698,40248.583788983306,40967.21898739017,0
59.44845018437379,40280.19844089284,40947.866192918824,0
53.73148981381361,40282.29234125247,40925.885906037525,0
51.84994918444328,40271.35573076506,40899.754469207575,0
44.64557991960315,40252.65017840169,40865.18751986864,1
43.94944345445779,40240.21075806806,40827.5082656306,1
46.12112275358705,40235.468365780536,40798.68276314491,1
46.71729323785412,40240.53819544534,40778.102250106924,0
49.76728650055818,40244.832444563945,40753.956473606995,0
51.17757421658181,40249.12377141266,40725.83742566167,0
56.0715116945576,40259.346846153974,40701.53213307412,0
47.60738275876268,40273.892547572286,40673.9146059809,0
47.37789914722706,40271.508223775796,40637.595419417776,0
42.930190558913615,40260.44863036392,40600.92821119243,1
46.6186177059965,40250.8570423231,40557.55339807162,1
39.99829161651086,40242.15210439674,40514.56658186895,1
47.317680969587165,40244.45525976593,40473.229714860034,1
43.55331986002409,40219.98021002002,40431.96309607881,1
54.30346493872521,40215.81451709244,40397.29397978735,1
65.0514810691867,40206.630718559085,40377.87776905387,1
64.40484911134796,40221.388223428876,40356.41836143618,1
57.2672021716987,40214.137277676404,40333.91421253134,1
59.738405565109424,40226.10104424645,40316.13134166475,1
58.76311330547261,40241.36811818335,40308.235309106414,1
56.84971170646645,40279.3289704348,40305.46046619018,1
68.30493458092633,40347.56751948734,40312.48352335945,1
80.56105716202464,40410.1063399629,40323.996769637335,1
75.38719028197991,40456.293915083785,40331.750822446615,1
71.27281969745874,40488.98335557099,40334.57406291911,1
73.29359065535347,40525.54134100324,40347.354231766076,1
72.80000566449097,40555.223615769304,40366.7549957168,0
81.20566508901747,40608.44787905656,40398.03456183013,0
67.11224281602483,40655.36623477498,40413.95381482839,1
67.76677043747186,40711.52829523329,40427.54484566303,1
64.46672745516878,40770.85099419638,40443.50052315238,0
64.7494909555484,40822.752268408636,40465.9484939422,0
58.51767042444602,40861.52517809853,40484.825056399364,1
59.753797201566464,40916.11030583297,40507.11214244712,1
59.669421745488094,40969.78970991057,40530.58570525606,1
48.51341242385434,41005.503909978266,40546.52424439493,1
47.81542799417321,41035.63414863632,40561.31565347192,0
53.25390298174805,41076.90345437129,40583.397277997625,0
59.287930882568965,41112.15364371724,40605.01478027838,0
59.21461648346995,41153.2822132567,40627.64834945791,0
56.3524542807395,41185.108550909696,40652.01777135388,0
39.22988528377501,41177.61342620077,40666.16993668242,0
48.48038722422445,41168.707735200274,40683.2800951239,0
44.34888733969458,41167.6779241338,40693.12807775924,0
47.505998002662416,41180.86452334436,40709.52811493687,0
55.066658073786265,41193.84155193467,40725.73227276024,0
49.17195574163595,41183.72087123168,40740.809828616155,0
43.66572445894235,41154.51513760217,40747.76124051386,0
36.69810055437756,41136.37834780464,40755.588217449265,0
36.475203148200784,41097.05458324807,40757.824386656226,1
35.25142922756949,41059.619202050075,40766.288132611735,1
35.2254832805675,41032.737251103696,40782.95909115645,1
35.9604653696412,41016.512844607394,40797.2428479301,1
26.773984697972395,40984.41750374729,40804.6638657679,1
27.150888092260715,40944.73208511891,40810.545561478044,0
41.56659248912575,40925.76945118722,40817.18251630475,0
44.63887812968538,40911.98889532688,40822.372473141084,0
41.105569803821815,40885.61949602747,40828.0880573797,0
36.78641646605782,40851.29502771216,40836.92950185293,0
24.379523675010745,40788.727314790594,40838.95982322858,1
28.412717619107127,40724.7658739721,40841.581304013474,1
24.438165156828347,40665.99012058026,40835.70514315583,1
39.524049425803824,40626.01788845459,40835.90514659937,1
40.73746797589377,40575.688217066214,40835.41128057772,1
46.21678464490418,40533.33648926393,40836.536903805456,1
50.6157081181925,40498.096032560876,40842.318398360956,0
50.307152220846476,40484.54222247605,40846.071428235016,1
52.584895934301784,40472.37310287067,40851.05557059157,1
48.21214361142649,40456.206908784756,40847.63056326459,1
42.93186629025696,40447.07501736354,40840.1071463283,1
46.51932170139862,40454.70576641664,40836.438851004474,1
49.599557276608145,40458.83082146316,40827.464411946785,1
51.912805115648474,40460.22989253568,40817.292268959216,1
63.22626126340295,40481.625419924916,40814.79646770435,0
67.07133535759203,40511.43856879414,40819.5276467673,0
75.84984852082306,40530.474021739275,40819.15558859916,0
71.5024812009569,40544.84074059054,40818.21932306958,0
72.1130603946765,40557.05450919976,40807.53070943698,0
64.71302633008398,40569.83283510198,40802.71614198373,0
55.066650912360366,40597.71301631761,40793.4337116623,0
56.89741202313909,40635.4620214928,40787.425714932055,0
50.042531049609096,40678.09528624547,40777.842350290564,0
58.49748980808813,40700.82025742852,40771.62317833136,0
59.31977762347227,40728.197788579586,40760.24627367637,0
43.40799399952375,40735.476218992866,40742.811507438375,0
38.52746637228767,40720.728671832316,40728.40830310257,0
29.209752629203393,40680.605077955974,40704.05979996288,0
16.750393089491993,40633.90573990323,40673.85648480434,0
8.822240380995964,40589.435185590264,40638.543180013796,0
8.702962787294766,40547.21147206779,40597.67884985274,0
5.3568408274476695,40466.150209836975,40548.855514575385,1
7.328007622826831,40383.48534874504,40509.813180964484,0
14.94702196872008,40309.63123854258,40473.66167029615,0
15.06257972150587,40221.482932526065,40436.31847106126,0
14.627422806469468,40131.35963975904,40399.725693333174,0
15.629935780660787,40037.58777290579,40356.654076987616,0
13.110425524573046,39926.10713645806,40315.17382916012,0
13.555695532005089,39822.324063597494,40274.65427983511,1
19.684836155948787,39730.95518097041,40240.54687525004,1
18.20805441546564,39628.405403379846,40205.97403971501,1
21.374906812921722,39515.62864240231,40169.829491072946,0
22.44866842271452,39412.85434714265,40129.88918870615,0
43.081475613111806,39337.8317250316,40100.150730501045,0
45.17078078586796,39268.94143646838,40074.05584676481,0
46.64285015652537,39190.0047043012,40040.9205551113,1
38.41661882564127,39093.3843786105,39995.45427407189,1
37.58601273002409,39027.28307385294,39950.1774713733,1
47.78895057988725,38993.60797559563,39917.0518766316,0
45.228605693443384,38968.11800131308,39885.27236945416,0
45.738663309615674,38942.01899153594,39858.99552055088,0
52.42988000060369,38943.02562175042,39836.15941368671,0
49.618600291322856,38934.140360446356,39817.07327691093,0
40.05297664386022,38890.71931997394,39779.54224290387,1
47.03921770858821,38858.84388711657,39749.5807390814,1
46.62100076221213,38815.84871424115,39712.73058332407,1
50.49475813579007,38788.48202558795,39672.80847419844,1
38.79834843667886,38769.051680269404,39628.97761227747,1
38.39069842213666,38750.8222130126,39586.03392389188,1
47.25042025174111,38734.337281460845,39551.79902432047,1
59.3079634798177,38741.79974067587,39523.863929039944,1
57.70398483212675,38756.24435932894,39490.44492823786,0
48.26998013964912,38774.992532949036,39456.35387330049,0
52.55013966457176,38771.42369191808,39424.628250254,0
56.25404268751462,38770.26283428386,39389.510812508386,0
48.39656089198164,38775.24590709656,39346.44349043226,0
46.50405959739643,38789.03666538466,39298.87933153005,0
48.23625839110103,38774.43184433991,39242.01391287305,1
47.00793763468203,38742.641783543586,39191.286786369135,0
47.92120783733628,38709.70416985616,39141.220903355825,0
46.82897063131791,38688.37672454308,39095.261003841064,0
52.213135136205864,38666.778643202575,39048.68606237062,0
47.149721604369226,38643.1392591298,39003.09086606466,1
42.42050016608982,38643.73919692597,38956.70981870286,1
34.43670831762091,38629.418270312744,38910.068931774666,1
30.987868916886967,38615.1369301809,38864.59486779927,1
35.48082044264241,38599.50728464577,38824.319919323825,1
44.76934779830884,38616.59494171923,38803.37355778277,1
47.38131798161467,38643.62684393552,38789.9223655048,1
52.1644994984443,38661.840863003345,38780.7612952857,1
62.28445734073077,38681.946450160016,38777.75792027683,1
78.46057700953745,38716.85117714498,38790.725315161064,1
68.58982724527185,38735.999805348845,38797.35965594202,1
73.42539809948788,38761.199919364546,38805.25572258279,1
73.32609855236032,38789.45515822375,38816.69970278746,1
74.78892193501592,38842.50339299122,38830.90099172513,1
81.55334199709661,38916.405325861895,38850.40635271248,1
80.93685264167291,39009.12055968744,38875.2192821648,1
85.71951270879687,39114.49941994642,38908.156928908706,1
89.39443583709482,39227.23156402833,38939.731456579,1
86.16943329718865,39327.41846544953,38974.86622866894,1
84.04384160203085,39428.628041286596,39013.885821924334,1
83.86597215200874,39549.58584295666,39057.78346439026,0
84.15819048616599,39672.69347972067,39090.654520578486,0
83.02409073930082,39804.28070083655,39124.20463752193,0
80.39197174221535,39942.84382757611,39165.730517109245,0
86.43297110794097,40065.653323729726,39213.22749737152,0
77.05072542342879,40155.137140591585,39254.51518447822,0
64.44440543465808,40219.430758170296,39280.251478534665,0
65.58265014514811,40299.17413976305,39313.18375066569,0
61.19334489310882,40364.088271274944,39346.585632172435,0
46.03215206545374,40377.59762526617,39364.55411656737,0
38.20247044390183,40408.9960178733,39387.301918912795,0
38.400333524699725,40431.904133911885,39421.729648157976,0
34.08580888975598,40428.44975293473,39444.54204911472,0
29.364577219547797,40404.79021930767,39466.47759375175,0
22.089163794562694,40364.234920774834,39480.707510787244,1
20.343931513715745,40318.534235409425,39495.01230422081,1
24.863860666355407,40264.632602219215,39513.68108459135,0
24.15093102465353,40205.84620746253,39528.33502697967,0
24.54493024765695,40147.13073406461,39536.99862602443,0
31.740547062569334,40094.57937993849,39549.21983016816,0
37.473100762958865,40037.25754424693,39562.68946890942,0
25.9414594680359,39961.578315217,39566.71636989806,1
25.22723362380293,39875.80148596015,39566.420098192444,1
35.11820837576995,39792.36060675362,39572.57639697206,0
30.12186351062398,39706.18158353796,39580.08546463284,1
38.76688965456827,39648.516352792794,39604.14898785938,0
45.592839563335716,39606.00807254987,39625.597994137184,0
45.90518572841858,39540.785828570704,39645.61641415152,0
44.94409344059109,39466.568320639475,39657.862270610996,0
51.99940617063378,39435.90183960616,39672.2033951288,0
43.93881569110215,39394.79140841011,39687.96277862492,0
46.332154789151865,39353.7219479519,39705.72274856834,0
43.61642588456934,39319.80297075324,39720.69592929092,0
38.36843601572366,39294.90993355317,39738.38679510066,0
33.569274232548025,39272.420927719875,39749.87296801688,0
38.34552267814537,39254.20065465975,39750.05458939702,0
37.67007271245625,39215.88981497874,39742.58627300864,1
41.69280896285833,39189.32401355647,39739.328287200915,1
43.458125484969365,39162.12052123112,39729.068254452875,1
29.346750128463583,39122.25855753438,39711.38278232391,1
28.0883127809131,39076.4916935778,39698.886224201,1
42.650354059708,39064.25731341733,39687.93932751917,1
53.42671121241835,39067.09225552245,39677.474937111925,0
52.72212117581341,39074.61438433901,39665.42079351118,0
47.806829758290846,39075.69654826543,39643.801953594244,0
42.811779588407354,39049.91924043161,39620.46846015705,0
54.20957528411645,39034.89933211955,39593.757959006434,0
48.354372629209394,39015.70387904906,39561.005340159805,1
51.591757295559745,39008.57799789314,39530.32608358844,1
48.253184377132065,38981.52422581425,39493.36186893987,1
47.56107674360549,38951.300000551215,39448.64844166275,1
50.32910727238555,38934.08439003391,39410.27911269364,1
55.11067056622369,38935.57667950111,39373.21432075674,1
58.97120741943265,38946.198393331004,39339.72862140261,0
61.63679652925159,38971.016380941364,39312.01819090154,1
56.08848001556488,38997.5954290642,39287.03790478606,0
49.855909298923464,39025.22131811183,39264.90249698525,0
44.925704726549576,39038.570041787214,39235.08664801059,0
50.733438325309905,39054.910540669975,39205.39716221089,1
60.93568642181276,39090.4484721952,39196.523121095524,1
50.270986507638725,39113.574262218135,39180.71752193893,1
52.999629070010094,39115.04073653854,39161.19396856983,1
48.71025661209749,39098.47449132197,39145.48483246682,1
57.410914159015704,39084.56767049783,39137.331773987244,1
67.68100484674584,39104.977598497346,39140.09902468325,1
63.8941698640042,39135.03931397115,39147.07049158174,1
62.85280785432412,39157.125000635104,39150.75491837279,1
59.69449982015862,39191.83320468369,39155.40013904827,1
58.31855886097133,39230.07606314387,39163.50421522014,1
62.06259775437567,39286.70308827023,39170.21135227256,0
67.68242664524908,39357.23559107956,39176.6396603958,0
71.76770497623309,39415.948580643024,39192.027218864045,0
74.95398280093981,39475.223007425666,39212.98292934295,0
59.071477798801304,39506.88325091781,39225.53767906829,1
67.08679517726729,39530.72616890978,39241.83602505027,0
71.99691375849794,39559.014060944886,39251.2369880469,0
80.4878625043674,39598.379401864215,39261.85102871098,0
76.31049349359631,39640.056782759886,39274.795029686255,0
70.17313401145256,39685.2599431974,39292.87381123406,0
61.57425686730777,39705.501178894825,39304.362856811,0
46.65088966875762,39721.35753154557,39311.34397119311,1
51.810202229237724,39752.581869695554,39320.737937267295,0
43.75925178518678,39781.5921254754,39330.20049435569,1
38.332130538596445,39798.4316106489,39338.74044482553,1
32.624170894617066,39789.24191689999,39346.8274203553,1
39.46497839414722,39792.834452351584,39362.524010658475,1
34.4675722020085,39791.72038230965,39381.08714530515,1
40.38205646765652,39786.588538408476,39394.30594898907,1
45.16349120751554,39784.56056330175,39412.4802320484,1
54.26726576259722,39796.36577824753,39439.854240557834,0
54.22433253527259,39807.97148333502,39469.23157629869,1
53.23737804525398,39810.81465052342,39490.65015370648,1
55.34605482134554,39812.86961389041,39511.293872690134,1
51.640145828340394,39816.98056758415,39522.48415236635,1
60.170674898305364,39821.53572457707,39540.17169557492,1
63.520626281918574,39842.97836769871,39568.46063895373,1
70.56769109803463,39861.83700298202,39592.626097055974,1
71.88675288189285,39883.48227744474,39621.90638904453,1
77.19188304626748,39903.72640231306,39650.93317300202,0
69.83436070752583,39927.21482842394,39682.639097854866,0
71.45186337976638,39971.59660861543,39719.4626144188,1
75.98840888585787,40013.89974791047,39752.66408041792,0
71.3723073005369,40064.2284027138,39781.66118364077,0
46.64721698732886,40091.25407876526,39796.762718999234,1
46.97525972668915,40130.42722619853,39810.59175845816,1
58.35011160346677,40175.06154159823,39833.51045567209,1
53.79209383265138,40216.729690062464,39857.69049408541,1
54.28491700713451,40246.790769327956,39877.59424000537,1
56.747918577882544,40276.14731975351,39900.97494368181,1
55.804015034989284,40301.37745114482,39924.22583213767,1
57.19202876888166,40327.844422962706,39954.939640596516,1
62.33831123885066,40375.33258993857,39994.7668950665,1
64.38526035056645,40423.79150255715,40041.42067718421,1
67.86922654781492,40495.04571571831,40086.67537045453,0
64.79814580747438,40560.65562945142,40122.44290795655,1
63.587855764279595,40609.18003554249,40158.116927582276,0
64.96647551683175,40655.83225809953,40192.10900004174,0
78.65515199283901,40700.76934688933,40225.48084592678,0
76.01018139756425,40742.96141899603,40256.08731534289,0
71.1416689938282,40791.36438858158,40284.503617979404,0
64.7986616557956,40823.65900160213,40306.03197862783,0
77.62506549877475,40856.31806849888,40328.81187556026,0
69.17787023851994,40883.51788299273,40344.97913386759,0
60.684522213226906,40933.12250261955,40367.258419679936,0
59.72755595374771,40981.37654612394,40390.85190934383,0
42.789596796959266,40999.02659467916,40409.5154691658,0
27.6256725336318,41000.7746266919,40418.64858401648,0
20.114307107538508,41013.403825755224,40426.9330572035,0
18.10323859526676,41004.947920045386,40428.850134421,1
21.760542593108,40986.17680102041,40436.496080987905,0
19.471082508003775,40950.57691057287,40446.62739220743,0
29.453674965114857,40912.581575220756,40458.76677727658,0
30.06991032303354,40866.59162552002,40475.42047720205,0
29.074302308579803,40814.12490790846,40492.95268935836,0
27.466580311616752,40747.03188383887,40505.5588947321,0
23.335234952153513,40678.533417150255,40512.39651350174,0
25.04108507083599,40609.52786086009,40519.23199146192,0
22.84497944189647,40528.16877142633,40522.11293913392,0
21.242776751677397,40450.221016660056,40522.35149668621,0
22.24799499641371,40366.03789711112,40512.37246552484,0
26.372981173871636,40292.65034922459,40499.90352498365,1
27.69546261222193,40211.40443496719,40489.04778933777,0
30.96858019834383,40134.22143150602,40473.51986091383,0
26.76712891338805,40062.00570656437,40465.26847527202,0
31.102670803809872,39985.61882786887,40456.48515066054,0
18.59093132274657,39923.23236804118,40441.617069302796,1
16.996748920109354,39875.22379289683,40424.00329998241,1
13.75722241550369,39820.396487000115,40401.69874102565,1
16.75736871463971,39772.79147074486,40376.47616179372,1
31.910189631842115,39732.48991285141,40358.6061147589,1
40.36088873575711,39713.283055945445,40343.301971139445,1
56.118989559819454,39691.35843472839,40329.750252003745,1
61.87404424704512,39682.31888198538,40322.656668910684,1
61.41322610271255,39668.024406724704,40323.660820542136,1
64.08294438820882,39676.49436410355,40323.98574989411,1
64.27562514260185,39684.27408522238,40316.0815309514,1
69.94530577594124,39699.45099076585,40312.32051174327,1
67.04971511804315,39724.727104206264,40313.28747308525,1
67.97824066630551,39750.06027582963,40311.916679116664,1
66.57650526893656,39780.09539233726,40303.85964200182,1
72.36577435583467,39817.621011023,40295.814160207774,1
83.25204796433799,39861.444984297515,40283.49274708135,1
90.70546883307706,39910.92021002702,40268.37134390178,0
88.90560662709566,39959.17077732769,40250.91849991577,0
87.5733267829654,40010.54587965935,40236.44125074372,0
88.3998455514997,40073.65881151339,40227.40857969115,0
64.28907331526285,40124.75851139397,40211.57380130018,1
59.95314412999611,40176.810612191715,40192.115247146605,1
61.88299362327512,40242.6881942383,40176.366871890634,1
62.80302448033555,40296.83705258476,40160.79518036017,1
60.87076667698305,40344.05374117066,40151.45986696685,1
66.32442646311488,40385.8115934177,40141.54766197127,0
66.82522575998595,40416.88223501427,40136.0024097193,1
62.213874106602894,40447.023232398096,40129.22111245355,1
62.63217498995868,40480.49420182891,40123.6328121761,1
59.69860568273059,40513.41565286123,40121.837154224224,1
56.08563769900829,40535.26594684875,40126.11703980601,1
58.84709805158571,40566.91152953436,40134.690554596906,1
60.702038011716375,40604.137709231865,40151.592594791255,1
53.66884398100306,40642.78883906919,40166.50445722133,1
75.25371918087858,40693.288536447304,40192.89881055755,1
87.93365719040301,40750.49932896241,40218.65984857801,1
88.3902595604406,40816.79198309464,40248.451486931626,1
90.82096528174228,40907.50838511431,40288.27189079811,1
89.3730734324132,40994.501172906515,40335.428966370775,0
84.80655604412613,41060.38044319932,40380.147390110775,1
85.67590307232472,41152.16332239834,40428.62798591548,0
88.06650219261925,41251.11665522958,40481.29440066791,0
87.3568169211186,41343.45246925286,40533.65945292774,0
79.73723752769772,41423.23123963023,40583.67251736781,0
83.91056585322639,41506.44910908323,40636.9793709103,0
72.95248133304105,41568.28195109371,40684.29866842188,0
70.85029375422386,41627.01048196137,40733.118029901445,0
70.21262405242577,41691.17828023836,40780.890141923155,0
62.22993961926352,41744.69759869007,40827.26432050459,0
47.28896619808722,41780.43589792518,40864.71856617783,0
35.37407844463446,41803.00365801143,40897.228985851856,0
15.380695801414618,41811.20608778519,40931.01439491093,1
20.163444768444933,41818.28868226375,40969.79147939882,0
23.462633762971038,41826.11286044073,41003.95363625706,0
16.093639660303793,41816.601493489434,41034.22618557514,0
15.036461109001436,41784.97597433027,41056.10686441876,0
17.847676334151245,41746.743205443185,41074.22121631475,0
16.499302683238568,41664.85648804761,41087.00472332728,0
9.313690883265721,41560.4689098483,41089.018784668675,1
10.323579138097799,41458.29861943,41089.75720379383,1
9.92936135873768,41342.0641842177,41085.67326329622,1
17.086346908198934,41238.48780496181,41086.798680970125,1
18.731081399816688,41136.371986327176,41088.18413712677,1
32.21787407929082,41060.62272045004,41095.88344861292,1
35.726060417669075,40973.324709308814,41099.26085022464,1
41.0363710522787,40905.604493538194,41101.96247211815,1
37.070521701873474,40836.325888685016,41103.28030136464,1
42.939320245878534,40781.018038448296,41109.629046371396,0
42.262644122298305,40728.03007216453,41114.257997506655,1
49.56496213718255,40701.15832126885,41115.71837008001,0
43.96560394305682,40681.15669166567,41119.788257960536,0
49.38430928617775,40664.46465969788,41126.0760139134,0
62.1938763870082,40641.541690323196,41129.33287783277,0
68.52283509907537,40628.36364773373,41136.56427431664,0
58.7582427040309,40593.37808932249,41133.95592483588,0
53.13482732262638,40563.91197130697,41127.34701557447,0
50.71671438950534,40527.36972981455,41118.416214234865,0
34.540419030863774,40488.04804587859,41103.414648719474,0
34.79420529645482,40468.05149915888,41084.04170360066,0
27.97233068176149,40435.07899663941,41058.422541305095,0
23.987353755593773,40384.260373140525,41025.271033812925,0
15.72286031253752,40320.68690838022,40988.308832508475,1
15.616090506065916,40252.57215463415,40947.55791528768,1
9.754345764771728,40165.50051195848,40904.968117768636,1
12.502691699700748,40086.43960242876,40856.52127661722,1
12.041791638311452,39993.71700175168,40799.249541233854,1
23.129073833540488,39921.42573250321,40745.13380112807,0
15.63851443625984,39834.98432593211,40680.61942269852,0
27.39121345630808,39763.447728462874,40621.836619729205,0
24.658667315518997,39666.56807077729,40558.1934211112,0
23.83268403469812,39572.119306236025,40487.77065149561,0
31.92136003401349,39488.685816176534,40421.10367829217,0
32.535412928211414,39403.82711747952,40353.48273712344,0
33.8159885965258,39295.60244950916,40285.51275826822,0
35.277391271632936,39190.96335196245,40207.76162198756,1
40.06039954730286,39096.98273560258,40138.827329378015,0
44.23020549551922,39013.18294305649,40072.885198672906,0
46.228906028864934,38952.58609264852,40007.97777368354,0
43.29617563166313,38891.67053794017,39942.8308793007,0
42.49865335580698,38835.03075426743,39880.260483841994,0
32.887840087168584,38801.1677899761,39824.536686598796,0
29.44060593768569,38756.77476793327,39766.53630456771,1
19.788105533418147,38707.82735629282,39703.373384899314,1
31.7064927742409,38673.94198629598,39644.09976811074,1
29.085370728472512,38619.01967620883,39577.488549704976,1
29.034648257040857,38579.666612622816,39517.12579655088,1
37.34406013144469,38537.34694841684,39461.37529831753,0
44.20495115640802,38503.52282148601,39416.085956073875,0
52.93479696961878,38460.816518708816,39381.975663273406,0
47.8381931066163,38430.27347988481,39346.98336529312,0
42.23480985749812,38401.616857017376,39311.591720615485,0
34.21075302091654,38343.61577743887,39263.154867283,0
35.6887493284095,38288.25040741982,39214.23410556049,0
37.73219036722984,38239.594426787204,39157.10144080308,1
35.86854961462747,38202.344401054215,39099.36949868572,1
39.817465852467926,38157.56152831002,39039.61014328675,1
42.85835817123751,38106.88632781839,38981.10937432626,1
33.35503801049654,38047.42234743891,38914.53949727978,1
49.9272845669602,38009.04823680204,38855.2381451557,1
50.18617853664355,37989.11105423259,38795.44157702749,1
47.10522506480021,37978.66647264585,38743.54059899087,0
41.74001962818378,37980.34204925916,38692.88726039222,0
42.46621704980144,37994.64582400074,38644.61503837033,0
40.53443381968202,37987.380046922335,38587.70632778618,0
47.446298291921245,38005.285212877745,38542.251399127075,1
60.416512410671885,38014.37107449102,38497.3094378245,1
52.945936365563796,37998.29514123965,38449.745462887564,1
55.43200945498298,37973.82894408226,38410.39831535534,1
58.363907708277004,37942.46007783812,38371.739094745106,1
68.17439030174725,37938.95763332789,38348.53481996852,1
69.32123095954009,37946.2680118468,38336.39477609799,1
77.51197250595243,37991.856873700825,38331.622853411245,0
76.5100739152501,38048.38853981577,38332.56065963315,0
74.90213372984736,38109.320416415976,38334.62940258608,0
69.13813958365894,38172.7954450737,38333.91183574369,0
59.127714352132806,38219.06901820822,38329.75094986937,0
52.921939593653484,38256.00946103404,38314.94286573859,0
59.79747476061554,38305.93301141106,38302.918971471365,0
55.745163339525554,38336.70445010212,38284.5408338114,0
58.23868694704372,38363.92806425944,38274.385574420354,0
53.444281612121856,38361.886141319555,38259.447333024276,1
55.20554121648093,38365.41239470703,38243.57789180442,1
60.044134114446045,38374.791106343895,38233.000633916075,1
44.626141208245286,38375.36928108867,38219.61306041799,1
44.35154985324117,38373.00050949452,38215.06626213991,1
43.31139265374021,38386.11111050959,38212.960787787306,1
45.671017320568595,38426.2424133682,38214.969251012255,1
43.83604795466671,38461.56639223042,38213.9904351881,1
48.3586076966207,38507.610214841254,38218.11496550554,1
59.910985886282894,38544.721242379936,38232.41101521351,1
65.08040763997897,38581.49214134162,38248.524516644204,1
66.65185533334514,38615.316641518795,38275.039602845456,1
67.96040512289457,38637.469654099,38304.417578755616,0
68.00403456285038,38663.18800211893,38330.32780891526,0
75.87388286711061,38687.127449903535,38361.154945221584,1
73.90220548069966,38726.82316192342,38388.61356958961,1
72.36070812870955,38779.56547114871,38411.83027483134,0
80.06041843863811,38818.714052546,38428.99546389536,1
77.52787453310023,38858.64807406308,38443.67345595311,1
76.13655520707101,38902.43262913226,38463.249234119336,1
77.04507611004763,38987.045511046665,38493.61879463599,1
66.53194355483572,39046.62885955361,38524.78312465032,1
69.72924672970598,39115.0131591618,38563.705734612864,1
64.32232332649137,39198.556324023826,38603.197819312634,1
66.00904314975088,39288.03284851255,38649.34164112325,1
65.65176088616056,39375.68495346512,38700.21015784934,1
69.86153463439378,39462.1811596637,38757.08718375037,0
65.26781572839596,39546.43273792355,38813.59459138197,1
67.21842372586224,39620.632299656114,38862.74859064717,0
67.78581542912023,39679.99800219909,38908.76579440012,0
64.86398967238739,39731.77555240929,38949.76814854958,0
71.54613885325143,39783.88993647792,38996.45875773295,0
72.32106729420815,39835.59466006981,39040.797113183246,0
62.73461131665915,39867.17076557591,39082.24409637669,0
53.78765156039415,39898.6328251235,39118.49399011988,0
55.81182322164368,39915.95688598085,39149.24789418554,0
46.5175667770836,39926.66039727251,39183.17637724448,0
50.81569519195278,39951.055598560306,39219.88612568657,0
43.3906800490584,39971.141896856476,39255.14618356046,1
35.161772310889205,39979.589128696825,39279.501832266906,1
22.569601148864123,39964.76313228203,39301.01684281009,1
25.887760645035485,39971.83894572208,39316.77595345882,1
31.057462688876925,39964.309820275244,39330.074246796656,1
37.233905287394315,39967.45196675199,39346.45043944704,1
51.08918689150969,39983.50028436784,39373.623576840895,0
45.23312012714922,39989.172634293755,39408.251604283556,0
49.34627543886719,39986.55794702007,39449.30657814479,0
49.49039789253559,39975.347310916906,39481.36031118429,0
50.70329341031997,39962.597558039255,39513.10583382202,0
58.03200794680372,39947.67959721651,39542.26640758294,1
53.37811317523596,39926.16282592888,39575.478822393314,1
47.197106357622125,39886.09851757917,39604.733206881814,1
50.01714676234604,39845.72763906303,39629.1717262709,1
49.46797671442051,39816.49560345332,39658.69462532255,1
61.99183546955589,39819.61204794513,39697.13860550013,1
63.17305168351628,39843.63524611968,39732.257548429574,1
67.24199487778587,39889.95205954976,39768.66023571711,1
68.8315082815482,39944.469888022504,39813.04752400341,0
59.69392979419469,39999.14002188378,39851.75810637746,0
59.41511452417962,40058.2160900656,39884.89977134117,0
54.82040182041386,40115.691564960056,39914.69661225746,0
62.127541779076545,40170.1413873233,39938.70585178062,0
58.8419728049219,40209.6660452083,39958.952803240376,1
57.96371348786637,40236.702795522244,39975.85635680836,1
64.81863207036415,40244.77956482215,39996.68442280834,1
69.20018857763455,40254.95259538148,40019.50337766678,1
70.61812989881588,40260.30173205317,40041.601082506575,1
73.66757048848739,40280.92968795281,40066.24656534703,1
68.31398988245995,40313.95689796048,40095.229363380975,1
64.24692814989281,40347.11784664198,40120.140494586834,1
61.41668173644641,40404.367467610966,40142.40760501903,0
40.17716160729861,40448.50104032346,40165.48207918976,1
48.22699703679458,40500.277570452265,40183.277490787084,1
50.965624055551025,40561.984445445196,40204.06587389109,0
49.57115645104095,40590.927312987216,40218.29639128999,0
48.500600849114825,40611.195116844916,40226.461613781496,0
56.943803715831834,40616.10060270511,40230.22801293367,1
64.18497630306891,40615.23892924845,40240.57000053337,0
52.042783224030096,40603.27508544298,40244.81522069222,1
53.377570884058116,40597.21809763987,40251.78780951748,1
50.02415787129639,40590.93284419192,40258.35952897051,1
55.012032313449694,40597.51871607981,40264.15736362138,1
44.126004205229286,40595.476172521434,40262.90540822103,1
53.964442829965996,40622.301971905974,40277.908839340394,0
46.26692013413651,40636.67118314504,40291.899766016955,1
57.76500798651282,40662.00878568258,40317.924137547474,0
55.4192390136271,40684.12050537063,40344.58512574583,0
50.57484552772785,40698.642305935515,40365.281248297106,1
54.085516844280924,40707.20782230184,40389.65573355913,1
58.791262106346224,40728.63502337852,40419.75885245951,0
51.531301956297554,40720.61965305013,40444.750213326275,1
50.83859014442458,40738.09614678479,40471.984959614834,0
57.49909321322372,40748.882745293115,40497.10666079423,0
57.33434993145982,40760.55607350463,40521.30751659215,0
59.42698888461376,40779.08482086206,40536.530205887684,1
52.903931119001925,40795.44719010049,40548.971436104184,1
56.24943129108983,40796.030417434114,40554.017001099295,1
48.26260815212451,40794.18074341672,40568.103373533304,1
56.4057595431935,40816.498421004624,40586.37556587836,1
52.56947776976874,40839.156360392895,40608.37851478803,0
55.20300053804506,40870.666774831145,40636.161108531414,0
64.7067539613232,40900.371280244806,40669.86646868763,0
68.5976981300101,40962.52923059432,40709.626044833545,0
54.21503433815989,40981.470012818565,40743.89860308649,0
50.64567857981828,40985.85421993425,40758.39663481261,0
54.503703908565775,40993.118288780846,40777.71735461194,0
49.44966940548283,40987.663738678915,40783.66979739748,0
43.864474841516035,40979.533423081084,40779.30666232054,0
42.98913600221358,40965.87582431069,40776.35005452989,0
40.11738594935117,40925.38725530361,40766.62731855471,0
42.01478007239157,40896.609867330895,40757.11753427461,0
37.006857843097244,40851.33553742409,40744.462619655154,0
33.69705717636724,40803.84958380688,40734.78007623366,1
31.99828816102132,40753.391602413074,40727.98303934848,1
29.298562668364738,40699.38848519159,40718.373774035455,1
23.817247340727974,40647.16358350367,40705.85583135307,1
17.162745952059524,40608.6498722974,40693.35625719698,1
26.80511465904908,40573.85262795015,40685.27254953223,1
42.36790577798831,40548.41230715013,40680.157729554216,0
31.61971138321597,40514.16388133318,40675.19692866451,0
47.45663981348364,40493.88838384106,40671.969475023456,0
56.890340976870384,40472.93296597815,40679.63923894951,0
52.132305824984186,40425.59677077782,40679.75372496377,0
