RSI,MA_FAST,MA_SLOW,RESULT
26.36990867340738,1.0877481501266284,1.0890820551398883,0
25.051294482935106,1.0876637108008194,1.0890144129683115,1
25.83934712944304,1.0875931583337346,1.0889457350156329,1
30.175250462101957,1.087489045459676,1.0888755761550788,1
32.42574647675953,1.0873749812139837,1.0887974696312945,1
35.49018264914882,1.0872859577765586,1.0887138949861046,1
37.48932528515324,1.0872000611582893,1.088637911258298,1
42.14663405003672,1.0871464463965563,1.088568920032948,0
39.354764937277,1.0870771104180497,1.0884854182255654,1
39.32557203418771,1.0870325313057638,1.088395456535553,0
47.32260115865089,1.0870128439356823,1.0883102992724443,0
55.834216287870014,1.0870048368239698,1.088227739919837,0
55.73132417956126,1.0869785650999892,1.0881450860279598,0
49.51103184417621,1.0869469379671413,1.0880641125607435,0
42.26194552023932,1.086900450533919,1.087975049310054,1
44.81511214108144,1.0868405365567693,1.0878902885010882,1
47.54577141761108,1.0868149882968108,1.0878207523540515,1
55.795857919392795,1.086820581300407,1.0877627273723618,1
59.092765141735526,1.086832003733744,1.0877103473166647,1
60.60085301753219,1.086842622327156,1.0876621029743592,1
57.95298363787066,1.0868535111866,1.087621476592657,1
50.04036078438318,1.0868811688520554,1.0875854533146354,1
56.570469747282466,1.0869093861920527,1.0875428045176334,1
64.65594511772396,1.0869664503147534,1.087510738597833,0
63.27138364613294,1.0870331308768715,1.08747805255257,0
65.290051758075,1.0871141059494946,1.087463302858359,0
54.42148212166012,1.0871403198527188,1.0874361009898705,0
57.946075364121285,1.0871648930917217,1.08741316500087,0
63.37803742231389,1.0872033602995967,1.0873976572557438,0
68.28902774227572,1.0872419805828526,1.0873781012784043,0
66.18400255236341,1.0872770083262853,1.0873626996978638,0
50.742772927357045,1.0872675893590922,1.0873371228663344,1
50.09889257764447,1.0872620629271492,1.0873138382431513,1
47.16388807623336,1.0872646780684287,1.0872815826262903,1
52.03545328679605,1.0873060566449897,1.0872582753570461,0
52.58643308382483,1.0873576042676376,1.0872382047320661,0
47.786324931369776,1.0873848365989063,1.087208347875996,1
38.63116682111457,1.0873841989740929,1.0871828055395643,1
43.322272180830545,1.0873983725328684,1.0871615024342685,1
36.97415348674391,1.0874024243648204,1.0871539298563742,1
45.61368521057889,1.0873931052533403,1.0871511478335507,1
43.669963326310814,1.087401161949676,1.0871502642479107,0
43.73531502390357,1.087405253875169,1.0871455323280867,0
50.98969491163442,1.0874008049270234,1.0871455840685187,0
46.93007230381541,1.0873863625730562,1.087142117380082,0
56.35437181214553,1.0873435356320527,1.087138491340939,0
55.20276662376325,1.0873341232453135,1.0871413837848196,0
45.06225211028818,1.087290429596787,1.0871398142042619,0
37.29890181789147,1.0872498720463928,1.087142785177992,0
41.70314863576292,1.087217715435338,1.087140979749998,0
46.3612541867519,1.087184259114485,1.0871371432930064,0
48.12189733737482,1.0871770975203505,1.087142477554147,0
32.78038129270816,1.0871520004434028,1.0871373750870186,0
28.07505429431812,1.0871152369980408,1.0871320592416363,1
28.78088274575589,1.0870511644242598,1.0871287486411565,1
21.06382660047521,1.0869828317447146,1.0871169543193284,1
19.644603279145144,1.0869242071835377,1.0870980062860953,1
13.368361191545972,1.0868791697408668,1.0870758948772883,1
33.90740874778942,1.0868486940549487,1.0870701358890282,0
36.64948513672475,1.086815905769578,1.0870672796419,0
40.42626352628472,1.0867949271431248,1.087063981116528,1
48.76281825672209,1.0867651328164385,1.0870543826448982,1
35.753863348304805,1.0867051007582824,1.0870361465914038,1
33.572724795273984,1.0866301413171364,1.0870188654085169,1
34.02035447334768,1.0865666161255478,1.0870085836167336,1
50.4026413707632,1.0865449544978456,1.0870202585173696,1
57.114009467936036,1.0865262890779683,1.0870259040972825,1
61.19054816817539,1.0865340995924484,1.0870252215210783,1
63.34256826624659,1.0865369476262265,1.087024762734985,1
60.79890553590036,1.0865183496603579,1.0870112706832789,1
66.20238655233395,1.0865168173348576,1.0870024657523094,1
67.32713013142245,1.0865300828118478,1.0870020431380638,1
63.50363936971175,1.0865764443291746,1.0870041983418672,1
57.15077845975655,1.0866154747145207,1.0869916690015433,1
61.51728084608683,1.086680687732279,1.0869877713833196,0
55.018859705459626,1.0867369071431336,1.086966074796784,1
66.7659267892898,1.0868043486960706,1.086963617823436,1
72.33157252975589,1.086898586320542,1.0869693721688167,0
67.21484645022576,1.0869496731116186,1.086968661013837,0
57.65657696285493,1.0869896467695586,1.0869663461165824,0
58.89743973383735,1.0870272519421142,1.0869640785628594,0
55.54447552151182,1.0870584216685943,1.086970715568699,0
49.554141938010915,1.087095113011838,1.0869693666252795,1
54.290946181565815,1.0871332305078356,1.0869662863842795,0
45.754714755968735,1.0871545099949782,1.0869479649567289,0
44.556166476258944,1.0871459447368927,1.0869355947050716,1
37.89069107615405,1.0871264735297657,1.0869225588696265,1
47.670637090189864,1.087125728128579,1.0869218331828727,0
38.98257416460917,1.0871137546045528,1.086910915563659,1
42.59041887917377,1.087114480328348,1.08689609306869,0
43.68447960223952,1.0871102664681858,1.0868893302382476,0
27.485095088615665,1.0870763106477868,1.086872102617308,1
31.78348789053804,1.0870339012472012,1.08685565729068,1
41.60465244053651,1.087024739799752,1.0868412429506344,0
35.751231790017584,1.0869704241891198,1.086821396029745,0
38.219013477365266,1.086939905852308,1.0868046228848862,0
45.18662023224926,1.0869044829010026,1.0867917616857117,0
48.5793919042391,1.086847930458387,1.0867923725134565,0
47.85412024890488,1.086787681799985,1.0867837849152737,1
40.848463027304504,1.0867161207583307,1.0867657082457796,1
46.48182358259261,1.0866508940696842,1.086750732544939,1
40.32680411497612,1.0865976742859482,1.0867389462749382,1
44.817749989938406,1.0865714718464334,1.0867371551864917,0
48.04821413459229,1.086549437685439,1.086739966659239,1
40.73907056904671,1.0865331377093266,1.0867407542707557,1
47.6450557384392,1.0865132176522123,1.0867477490680708,1
48.01364925245386,1.086511485045711,1.0867574700144957,1
36.29661623461199,1.0864757881518636,1.0867604805472717,1
56.018436792059724,1.086479826675069,1.0867633686117069,0
57.389908548869315,1.086495803614831,1.0867680522067908,1
49.605793315705284,1.086481708243874,1.0867640426785472,1
48.979546423995394,1.0864959241417933,1.0867644191474501,1
50.28791809334405,1.0864921079156402,1.0867704601536232,1
61.653873581084774,1.086480490817229,1.0867813827506716,1
64.11452241487864,1.0865103649010215,1.0867988955399344,1
58.056679383919715,1.0865251592421603,1.0867967047826121,1
60.736424605122764,1.0865505059833243,1.086801448447854,1
60.968460799483516,1.0865703170953158,1.0868068595146037,1
67.43896255937665,1.0866210133703702,1.0868174112129312,0
71.59822615455735,1.0867199683893607,1.0868463557373806,0
69.60387842993165,1.086807413463127,1.0868669709962469,0
69.39337346132051,1.0868790977243292,1.086878552239931,0
59.52887972674333,1.0869336818763322,1.0868800502053548,1
54.06077750094248,1.086970832150918,1.0868821096337977,1
59.40349234411476,1.0870170262706864,1.0868752896861187,1
58.23509297324553,1.0870648538646195,1.086878927756665,1
64.89313799698893,1.087112435733443,1.0868807048294447,1
65.02980007642851,1.0871831406222727,1.0868743022679637,1
60.653999548806496,1.0872260539218133,1.0868739209357847,1
71.58238883913464,1.0872836627386975,1.0868856585944464,1
66.48616705937984,1.0873551712555414,1.086895210403918,1
73.27135933847806,1.0874576340057545,1.0869241040823139,0
72.80268738366617,1.0875841019912371,1.0869660557453829,0
61.583939480765615,1.0876859063443178,1.0870024530852644,1
56.95654353647782,1.0877542683762422,1.0870387988924402,1
62.90124366653146,1.0878421777291707,1.0870751979795232,1
67.07038233054469,1.0879122844983808,1.0871157728352998,0
74.93479853466081,1.087986909561098,1.087151332087611,0
76.64019562885966,1.0880563022857839,1.0871944302854237,0
75.2951906506822,1.0880961506820401,1.0872390238788574,0
68.66346688654878,1.0881269779942655,1.0872736556066789,0
57.19793272208205,1.088146388640586,1.0873065834370506,0
54.98004070354683,1.0881724442790695,1.0873354674181022,1
52.57313187920424,1.0882235830537428,1.0873616469353942,0
54.73777223236902,1.0882790897602188,1.0873987559145581,0
34.90079977164362,1.0883107931053924,1.0874272826578988,0
31.696086911304747,1.0883409438024634,1.087455289190029,0
37.83009759771268,1.088364466511495,1.087480916689207,0
38.659321310647066,1.0883745363306052,1.087508662748033,0
36.201302260235174,1.0883651090151476,1.087545253897173,1
37.66960185395035,1.0883605246829648,1.0875790626492303,1
27.329246107066368,1.088297993258816,1.087604231671461,1
26.324745005053728,1.088231443634856,1.087630044460752,1
31.215251192113428,1.0881861631421377,1.087657143267944,1
42.33523662487472,1.0881731918055377,1.0876948205309245,0
56.83232413140888,1.0881687904134898,1.0877374270840343,0
51.28901565745649,1.0881470759227023,1.0877700091860967,1
41.96038669071706,1.0881005840489049,1.0878012504464274,1
43.719537806559444,1.088054719139747,1.0878243872712947,1
52.78545368426145,1.0880176534535422,1.0878477638143422,1
54.47759209689298,1.0880010153884034,1.0878813784644905,1
66.61365412207738,1.0880648910039947,1.087934170181931,1
72.75365174629732,1.0881440277015275,1.087996235332457,1
74.70986861023597,1.088227351901748,1.0880603913692015,1
76.26465581425808,1.0883217747222589,1.088123319843053,1
83.55399035914311,1.08844465449322,1.0881950807583227,0
81.25816362956694,1.088560207511624,1.0882591698013488,0
81.5190934353743,1.0886813653076393,1.0883253359741363,1
75.55737607697273,1.0888041885869797,1.0883819328346769,0
72.22722209648894,1.0889211537106296,1.0884257280256806,1
77.50319629601222,1.0890299652502855,1.0884680833640938,0
84.06386255862743,1.0891571494564996,1.0885154523643292,0
86.24325491232881,1.0893136867308086,1.0885820464025426,0
74.65978844419243,1.0894338032593331,1.08864233171131,0
74.95525256682116,1.0895479679220659,1.0887071971914764,0
57.48703482430865,1.08962213481595,1.0887603394645664,0
53.32335840292793,1.0897098877723668,1.088808990001666,1
53.14643683640274,1.0898280423633366,1.088859211142853,0
49.49246258201693,1.0899394356255852,1.0889097399528034,0
42.20552192758898,1.0900269559269007,1.0889450810896235,0
40.82556962105523,1.090096020957283,1.0889777183451872,0
40.43918265015844,1.0901174889815395,1.088998112172245,1
40.58092885267912,1.0901194381486596,1.0890103697954259,1
42.439236310472815,1.0901076007100206,1.089029069115483,1
44.431997709681454,1.090082136822528,1.0890544672215676,1
41.69107539174594,1.0900371280610517,1.089073060891075,1
40.86513906298532,1.0900290074995849,1.0891058590018305,0
51.38334738181066,1.0900190111851455,1.0891381766237556,0
40.07987501948585,1.0899902301101243,1.089155503964413,0
47.14426196277375,1.0899677981289257,1.089174387004435,0
46.32469818693541,1.089942719803973,1.0891943800879766,1
45.13652723995035,1.0899291998669516,1.0892285768548755,0
41.69319109163567,1.0898690722403532,1.089260697587056,0
45.53544193027564,1.089835232545022,1.089286991507822,0
51.4024730845265,1.08979867375602,1.0893150307897967,0
52.270214485326946,1.0897992920329982,1.089355739035609,0
50.01578928998062,1.0897889848418574,1.0893882064174236,1
47.51436089508117,1.0897573258732245,1.0894163548875448,0
45.33324227197596,1.0897175785246378,1.0894469568304164,1
45.32639407085411,1.0896841974092313,1.0894727164472569,1
43.456439679506055,1.089688027663068,1.0895087195372284,1
42.26196306454837,1.089687738676335,1.0895540103392527,1
45.46844166214677,1.089679491929763,1.0895895891133887,1
49.15994944350272,1.089681766233553,1.089627310352049,1
60.60925335462919,1.0897151893026995,1.0896712662204322,0
61.179093701765865,1.0897738733559685,1.0897150940680667,0
57.80307582259651,1.0897776076984083,1.089758071712113,1
56.22581052186101,1.0897645697444203,1.0898037709019617,1
58.557647178249624,1.0898009125964698,1.089853981347102,0
53.09154167723221,1.0898238435918135,1.0898968630597434,0
59.406210734071635,1.0898633586755513,1.0899393174028358,0
63.117096290663305,1.089901706770068,1.0899633031613047,0
61.11943591018003,1.089938038718588,1.0899783019938802,0
63.771092984072055,1.089975198833389,1.089986130280478,0
45.920746193376885,1.089956165128904,1.0899687869524548,0
41.552399623691045,1.089908779281887,1.0899413889510754,0
44.38836191991858,1.0898756093587043,1.0899143671562557,0
37.34169754461263,1.08982874020633,1.089875304847021,1
35.241886933976076,1.0898134814031821,1.0898506739568974,0
27.430529774470116,1.0897865704178533,1.0898188831301463,1
29.555549426579006,1.08972657695162,1.089787364217762,1
31.287785952613262,1.0896624698683814,1.0897561385040053,1
32.158915002809266,1.0896388951437939,1.0897196724785827,0
30.541812735361518,1.089580014557733,1.0896857948714087,1
33.82878266792643,1.089506749084999,1.0896547786856055,0
30.32502951919335,1.0894181501292721,1.0896335001933954,0
30.21081413404174,1.0893376190932689,1.0896091642404737,0
32.49692291651732,1.0892712831204725,1.0895810672048158,0
42.518485896272324,1.089188929375872,1.089553778847217,0
44.09675884593062,1.0891081874200985,1.0895293556570225,1
45.434284601292724,1.0890218352041774,1.0895096431015936,1
49.20871753684169,1.0889180837735022,1.08948354107809,1
40.50435755558514,1.0888299390600793,1.089462502358448,1
52.52674318421972,1.088752619187115,1.089444137671316,1
63.175818448840104,1.0887477085764943,1.089435015654041,0
55.15356430707012,1.088739596548011,1.089422376345859,1
57.9636730658422,1.0887672685424186,1.0894096715733892,0
55.37434044967753,1.0887843759675626,1.089381450759988,0
49.654653443674825,1.0887747204467222,1.0893644700915366,0
52.271268583093075,1.0887953418046483,1.0893499006004355,0
58.48071966431143,1.088826778707891,1.0893409877793294,0
53.226705067978514,1.0888469140096773,1.0893232241610957,0
51.3017968155186,1.0888423083783718,1.0893089669337903,0
51.82640935454248,1.0888518456653145,1.0892924401195259,1
48.745105281925994,1.0888350950246206,1.0892693471930457,1
54.17986118845655,1.0888309349194667,1.0892461573479828,1
55.132485372427,1.0888468526763682,1.0892323113742781,1
49.34934984403368,1.0888454452372265,1.0892163149504168,1
46.204778722177934,1.0888545459007828,1.0892085657976749,1
53.48558843970829,1.0888772593103098,1.0892065804174538,1
46.512005289108515,1.0889111186203444,1.0891988794845042,1
63.14568019949599,1.0889602020669606,1.0891925264343403,0
57.90539379405865,1.0889951478282345,1.0891887647178367,1
50.871384304842984,1.0890117589137875,1.08917613474341,1
53.53563504147198,1.0890157891511751,1.0891552555934316,1
60.72120663182496,1.0890475421750268,1.0891318438734823,1
62.07472855978939,1.089046986174349,1.0891174229637655,1
66.44354792499782,1.089077471401414,1.0891066114227854,1
75.86006187956269,1.0891293983783408,1.0890958644042852,1
68.12538970333898,1.0891636270263383,1.0890858139742452,1
68.8263377429264,1.089201847257037,1.0890763832119237,1
72.96889996575297,1.0892463750907466,1.089061091489367,1
67.5879908274141,1.0892907595401633,1.0890500552624203,1
70.69276942731844,1.0893590206563795,1.089045968848722,1
70.737231704023,1.0894485034891848,1.089066282537158,1
71.37334404186157,1.0895374449350748,1.089097623609258,1
82.17744431258438,1.0896406133307823,1.0891383129631094,1
87.7047202026707,1.0897544904280436,1.089186615039102,1
87.60828680241102,1.0898651028217425,1.0892292143650992,1
83.28178236926745,1.0899664517212797,1.0892785329388246,1
84.14092733629957,1.0900604701843215,1.0893324367775847,1
82.60610281531419,1.0901430920689188,1.0893847753145554,1
79.74038855902546,1.090239603818155,1.0894290481875812,0
88.00135282132695,1.0903534456383757,1.089485507175667,1
77.4423748426862,1.090443804744271,1.0895300778571404,1
84.17868509421142,1.09055639410532,1.0895871414639016,1
77.62093529210529,1.090654206729556,1.0896440580182805,1
66.01007448217406,1.0907320466138508,1.0896909168201365,1
67.08016257457027,1.090808093187811,1.0897435299290605,1
67.01196471063136,1.090904888273013,1.0898044943154113,1
64.73339635712657,1.0910028386947537,1.0898687846081543,0
66.77879551257871,1.0911132471889196,1.0899391568555339,0
64.3840745428983,1.0912267371995412,1.0900087745182052,0
60.74632358175452,1.0913102867418107,1.0900690358706002,0
59.784934608563205,1.0913825921072184,1.0901202359494477,0
56.725009975987874,1.0914325374024134,1.0901747999510192,1
60.01062853328664,1.0914775273115023,1.0902224164707428,0
57.07612148902919,1.0915199963022444,1.090280863172975,0
57.03878970056469,1.091539853540465,1.0903352676025964,0
45.469058259878416,1.0915595439924097,1.090384213813929,0
53.26053047967644,1.091580565920881,1.0904339516627808,0
57.53207872864287,1.091595084126876,1.0904840433614347,0
45.12147831573584,1.0915958140874626,1.0905304504712174,0
40.960148591888796,1.0915912720008403,1.0905812777098771,0
37.69100400595514,1.0916026777230325,1.0906371109365052,0
29.02927830939454,1.0915750934884592,1.0906848048914985,0
27.1755870352916,1.0915555339400242,1.0907275305237427,0
33.50763049614331,1.0915576679698413,1.0907758059131825,0
26.720606052073677,1.0915207090714332,1.090809995197321,0
24.45735747212001,1.0914507632760004,1.0908338959016874,1
13.551323153887424,1.091360679019993,1.0908486087680136,1
13.444624672710916,1.0912579678740708,1.090858263178378,1
18.24540870483017,1.0911601040432253,1.0908747570042014,1
32.18844336510702,1.0910978293712064,1.0909034640535678,0
35.357603879949224,1.0910472825251625,1.0909328332990424,0
36.92439293718115,1.091004494026842,1.090957580691745,0
40.49375350050574,1.0909467934894015,1.0909823393967637,0
34.417658427619045,1.0908762608722138,1.091000378961295,0
32.528514616476684,1.0908178330159384,1.0910106414576353,1
33.351938438328276,1.0907598960677038,1.0910227214304753,1
37.74362472650673,1.0907006059260604,1.0910334551303904,1
32.708405099630525,1.0906373631885558,1.0910404386005585,1
42.81893876265365,1.090594243954698,1.0910518442370316,1
60.7115950065229,1.0905704604963629,1.0910658536458706,1
65.54583235155724,1.0905413711372347,1.091074257995725,1
69.0934306749601,1.0905259116015682,1.091080191558096,1
70.51858112092386,1.0905278698003618,1.0910824331115745,0
60.47841079080867,1.0905203289430165,1.0910821413191718,0
56.635992214720346,1.090537870738021,1.091079102363832,0
58.143908982692004,1.090576713375653,1.0910780005634368,1
58.94944092938316,1.0906277978180818,1.091075539821518,1
61.125245144620536,1.0906704888210288,1.0910692218792217,1
61.46012776148742,1.0907088838631052,1.0910624690221815,1
67.20075873112773,1.0907326185362964,1.091055133212736,1
72.09504942482147,1.0907652554692564,1.0910614135890366,1
83.32526017012182,1.090814680542557,1.0910608952666399,1
86.24589044978919,1.0908966885958389,1.0910793321432768,1
76.05489459404966,1.0909822243761471,1.0911004500662136,1
79.18151498635999,1.091081122663046,1.0911198532477295,1
78.68237125070809,1.0911871009596148,1.0911356065051159,0
81.69619573659166,1.0913210855217765,1.0911607538611994,0
78.6768626393814,1.0914553540738114,1.0911772813545153,0
72.58539973932163,1.0915692366005,1.0911888439974151,0
68.99594988731005,1.091651137153812,1.091202193810671,0
58.49492684314894,1.0917028106734858,1.091202345422232,1
59.52830550926403,1.0917405721920033,1.091203405473932,1
56.39321018590984,1.0917565945607217,1.0911940600112622,1
55.339332929349986,1.0917808911433156,1.0911864992556002,1
51.60666466063243,1.091806952678319,1.0911859420189736,1
54.733532008755745,1.0918609678898987,1.0911985701224325,0
50.54153425808808,1.0919277743175733,1.0912144231801946,0
51.293671025343905,1.0919975223371705,1.0912301971633396,1
44.38672780758475,1.0920534264840835,1.09124551398083,1
45.69353641813667,1.0921092394442007,1.0912623201900802,0
31.075972824120583,1.0921234817520955,1.091269735200662,1
42.46804322246906,1.0921508068790868,1.0912911806228909,1
50.06544782021872,1.0921635258710265,1.0913225289156778,1
50.54854057867722,1.0921807174416278,1.091349669854928,0
52.135431743409086,1.092159127184742,1.0913752204930527,1
58.763532419592906,1.0921550948833825,1.0914173391480688,0
61.61844784240128,1.0921164974403461,1.0914630812293407,0
64.52588159209367,1.0921085917162694,1.0915175308913947,0
57.15749016879394,1.0920893654049437,1.0915605485421023,0
49.15821858222267,1.092070139357955,1.0915911178053705,0
45.56828845567904,1.0920828504023272,1.091616572573098,0
47.81204042855815,1.0921041524809307,1.0916432688555675,0
49.53971924374974,1.0921300905673856,1.091667378842456,1
50.06663580573645,1.0921631154960285,1.0917012411051261,1
51.09605722184308,1.0921749997785937,1.091728808724036,1
41.95749859323222,1.0921566058062957,1.0917572540178693,0
35.512034642032646,1.0921257599109004,1.0917844847741305,0
40.71252390826746,1.092111284152851,1.0918197655490578,0
53.75635278057075,1.0921209588380434,1.0918561999341678,0
39.02211161248594,1.0921063851042851,1.091876690033249,1
33.353307117235985,1.0920886031560717,1.0918886280081965,1
33.62406187630958,1.0920625144786986,1.091905821773743,1
42.47461518098907,1.0920237189096942,1.0919208685594108,1
41.746525039612166,1.0919807336774234,1.0919338317486909,1
50.53693732754231,1.0919867127427216,1.0919547572949329,1
50.86639631997932,1.0919741188419219,1.0919763013345762,1
58.18683232995899,1.0919809324965617,1.0920043351007325,1
55.97269401389513,1.091970191683743,1.0920374120364804,1
69.08089508537722,1.0920142785046796,1.092082706398732,1
73.97723147814186,1.0920936860635972,1.0921355448162908,1
72.34751341120514,1.0921692805047918,1.092178182587312,1
73.27161120936601,1.0922587438013442,1.0922208941590825,1
73.14155347065348,1.0923646387192127,1.0922545588918053,1
81.7306091890328,1.092481720361459,1.0923010394992507,0
85.23162086381089,1.0926003424582373,1.0923364966421123,0
84.54342664136206,1.0927313910191905,1.0923749700416996,0
85.37959460251776,1.0928765115129713,1.0924066551706084,0
79.40311720842112,1.0929875343319446,1.092432637652311,0
70.45127825230713,1.0930701340500566,1.0924565589139905,0
61.25163813167795,1.0931390149168796,1.0924718411384764,1
57.126643066506816,1.0932268663937474,1.0924982502963012,1
58.89853581264605,1.0933063158521232,1.092532119237791,1
57.38561847364014,1.0934033159561012,1.0925795571175627,0
52.07406620466138,1.0935126547798335,1.0926265372032982,0
58.195677853734004,1.0936231555571168,1.0926812384464522,0
50.27961159834117,1.0937112196930123,1.0927164020558215,0
43.07205302595929,1.0937560436345566,1.0927356428275259,0
37.72604973374296,1.0937990215833961,1.0927580117349707,0
41.903099558047735,1.0938168492950966,1.0927880755231372,0
38.912884833504606,1.093807856472939,1.0928149916277863,0
29.106077432086977,1.093771586481508,1.092837424479077,0
32.80811042870532,1.0937194061252202,1.0928483338575359,0
32.50793818852583,1.0936379780871808,1.0928443397782672,0
41.89369377941486,1.0935460656640108,1.092847178788204,0
44.6148797528215,1.0934741260664413,1.0928624961947921,0
37.91923205512198,1.0933777975001766,1.092864051088417,0
27.86058512011732,1.0932578845628491,1.0928632100196098,0
25.0023312605841,1.0931484645149898,1.0928485867717992,0
13.36317480355929,1.0930558531583612,1.0928431540153578,0
23.280390844413844,1.0930081574192068,1.0928470483629769,0
25.041629876570866,1.0929497168918736,1.09284499689212,0
28.984762342354486,1.0928880739284366,1.0928456878167934,0
24.754557191832177,1.0927959417449427,1.0928458975885855,0
23.018749215776523,1.0926908050472581,1.09283761302379,0
28.100202209815762,1.0925596336609908,1.0928350919994108,0
25.3946923370043,1.0924336351617605,1.0928272137980075,0
27.495519280262187,1.0923248826595402,1.0928152919269818,1
19.010530453731093,1.0921989952044147,1.092793096155596,1
30.56463028358857,1.0920968176445487,1.0927784190457395,0
33.59209647231691,1.0919956594591838,1.0927707013697456,0
32.99655030179814,1.0919150170226994,1.0927679900257283,1
38.11033609939722,1.0918389210854689,1.0927588965002442,1
37.91502600771132,1.0917807072700008,1.0927471351223896,1
30.356352530561693,1.0917091338223068,1.0927385388461575,0
38.82695500544612,1.091641273901422,1.0927243206582724,0
40.58178763820431,1.0915988747929832,1.0927139534688417,0
40.58066914219207,1.0915562261710903,1.092693327489421,0
41.602648473068186,1.091520828478416,1.0926688414896681,0
40.80712254295657,1.0914822451967434,1.0926303406921831,0
35.665670041709944,1.0913948059627923,1.0925674963226548,1
32.55228412936545,1.091299424753603,1.0924970545916444,1
44.28207045235953,1.0912169859606926,1.0924289846805326,1
42.64217864216946,1.0911671755477608,1.0923669123200046,1
41.50099471807005,1.0911255226867191,1.092295133953894,1
47.23062107736554,1.0910941236355227,1.0922326044703252,1
47.69504607711405,1.091082921971481,1.0921678261789236,1
59.56478365812573,1.0911262082591462,1.092115170625452,0
63.48186420933722,1.0912042563388717,1.092079784958367,0
61.36499320960645,1.0912509147777312,1.0920507313368093,0
55.35620557999563,1.0912827111567023,1.0920281798656746,0
51.56377397529672,1.0913009067234891,1.091997606157625,0
54.14299632345667,1.091318944546153,1.0919639479778558,0
52.49515143712809,1.0913273220283835,1.0919167375513026,0
55.587245661840456,1.0913176802489626,1.0918605490338091,1
59.02000332529294,1.0912891273757772,1.0917907093857366,1
50.323026585411775,1.0912329886668872,1.0917226610583917,1
50.474595957892554,1.0912101145997373,1.0916749558754935,1
54.364808584571165,1.0912091024025512,1.0916328738173302,1
52.438864973489245,1.0912120963912029,1.0915884395306257,1
56.13089417570828,1.091271818359409,1.091553081077243,1
45.20700439674038,1.0913554287181626,1.0915305914863063,0
36.70533699254964,1.0914056166998847,1.0915034689103986,0
44.369923625913756,1.0914539770270633,1.0914933118959576,0
50.03586611601947,1.0915141565454904,1.091482370306486,0
52.36940511513719,1.091550129017157,1.0914630056506116,1
50.75691256245901,1.091578577656334,1.0914481382413868,0
50.265184114144105,1.0915477088095835,1.0914311003241455,1
50.42679109986473,1.091479304343197,1.09141212088965,1
56.682665598250175,1.0914267113038956,1.091399074595023,0
67.44700215414088,1.0914170926208104,1.091391753946316,0
56.04546974384211,1.0914105921189217,1.0913819562484444,0
54.94875026259457,1.0914094842010456,1.0913725120868993,0
52.31621429131235,1.0914099619058113,1.09136234561565,0
44.58339526164462,1.0914244665354649,1.0913540136290916,0
42.21040791238033,1.0914397838495187,1.0913427694611477,0
42.201578596080296,1.0914583645220814,1.09133255280252,0
34.767493189416385,1.091452365894537,1.0913259491694922,0
29.32003016572625,1.0914206784188925,1.0913215471031215,0
33.82668249314197,1.0913931673852542,1.0913069794269077,0
34.263474656625306,1.0913427036178907,1.0912918987407256,0
36.399390680796614,1.09128749510521,1.0912795827193102,0
38.175768867347585,1.0912315924006182,1.0912605374364581,0
29.731562397241333,1.091144191264909,1.091238705493921,1
19.883816517371486,1.0910600373469317,1.0912227317163359,0
29.143942645924383,1.0909989558790838,1.0912060784416762,0
20.32243787529083,1.0909260661627351,1.0911790147892875,0
23.258096467985297,1.0908678007047687,1.091155730137617,0
32.500945934041454,1.0908415480496172,1.0911404087181307,0
28.402815695321962,1.090776361652036,1.0911167211771402,0
36.12017212147837,1.0906906844077335,1.0911101053242929,0
33.06030316880069,1.0906160463206542,1.0911086048752647,0
40.71868437806602,1.0905415226750532,1.0911023267726436,0
35.5229062925096,1.0904653097806412,1.091081599308802,0
29.763334934688046,1.0903693305354754,1.0910515367685942,0
26.378633536508318,1.0902578240626049,1.0910082496319804,0
28.799574431847773,1.0901599987254795,1.0909633835041195,0
31.98091608993552,1.0900653414014612,1.0909016024264182,0
24.800196889535357,1.0899695835798122,1.0908276779994974,0
25.714732854868956,1.089879347792658,1.0907583526328783,0
24.24963346812443,1.0897649427762117,1.0906847913885294,0
23.487242401463803,1.0896531307834885,1.09062047234331,0
16.574355030334942,1.0895367670026999,1.090547666419077,0
18.05204800560891,1.0894192772502524,1.0904754875826685,0
14.329297413275569,1.0892911676094874,1.0904121266605458,1
14.074315946016881,1.0891426380104288,1.0903474826955366,0
9.093042143892163,1.0890030034068785,1.090287020685284,1
17.902309185312134,1.0888769732108852,1.090222473582076,1
20.113016998866783,1.0887310188299986,1.0901491752891095,0
30.98399817983318,1.0886226409100097,1.090080938984663,0
27.23948626754725,1.088489166984315,1.0899970447742553,0
29.11030341020586,1.0883735794776734,1.089915865179069,0
40.74991961329313,1.0882710565203129,1.089848502700815,0
29.987806698963766,1.0881429077827984,1.0897571716110965,0
32.14672778455659,1.088029878847962,1.0896578256895828,1
35.44368327355373,1.0879499191316016,1.0895681656777583,0
38.54685055438267,1.0878661924602506,1.089478429425686,1
42.81445820722427,1.0877841371394743,1.0893961737583744,1
40.390969266573805,1.0877065867902735,1.0893185909783283,1
44.014651638090385,1.0876207564010039,1.0892359706717216,1
44.94863903043769,1.0875575136541369,1.08914095980186,1
45.76071505490044,1.0875127788351746,1.0890613470298112,0
49.544100983332065,1.087490025571858,1.088979882967402,0
47.0624481276452,1.0874821138900899,1.08890434837638,0
50.65288648361988,1.0874673130737602,1.088829265275864,0
45.22495402678163,1.0874581043645486,1.0887548109015488,1
33.43677941919378,1.0874481756156833,1.0886829451227247,1
50.77555767379976,1.0874290692568152,1.0886131549269873,1
54.00802649906644,1.0874123015087778,1.0885458245250634,1
51.6558477742873,1.0873873450019127,1.0884786100313264,1
66.45212080769052,1.0874104651098473,1.0884241493710376,0
68.551441632594,1.0874387050256646,1.088376349147251,0
71.02226402235887,1.0874404310591896,1.0883320381642434,0
74.68161812086593,1.0874972499690487,1.0882983950927523,0
72.60542958844806,1.0875599011771446,1.088257771221668,0
54.51662991051614,1.0875833244353053,1.088201913100247,0
48.30061775344781,1.0875946720795928,1.0881458717924293,0
39.489451792539384,1.0875723906569645,1.0880780097392528,1
39.68522820373992,1.0875538963098763,1.0880035302824318,1
41.433111012890514,1.0875343793916636,1.0879391777675727,1
50.398529406160335,1.087542344191666,1.087881623715433,0
50.138546901521664,1.08753769617135,1.0878300069700897,0
50.93676136367991,1.0875259453304524,1.0877736520295616,0
52.939389336280954,1.0875215715333415,1.0877268530774602,0
36.86274208387669,1.087490208861087,1.0876776166061086,1
33.70852591149172,1.0874696945005655,1.087639559076733,1
38.42468354625521,1.0874672314907694,1.0876058382288405,1
28.6963091345836,1.087436672905151,1.0875616875284633,1
35.274044893603715,1.0874295853973934,1.087529825252096,1
42.790785220712806,1.0874232287128942,1.0874961623994208,1
44.92485854801468,1.0873795116977072,1.0874699769396359,1
56.090522835843466,1.08733221953996,1.0874479846498395,1
65.5929280367018,1.0873238781280625,1.0874468826143886,0
66.03466743465417,1.0873002465011585,1.0874507827931148,0
61.74279849557877,1.0872864593136442,1.0874558879033307,0
58.16877553478286,1.0872963535806648,1.0874633993283416,0
55.128011055232435,1.0873086214768066,1.0874681190204005,1
55.131470246104584,1.0873614062890122,1.0874717829705036,0
62.10565240150137,1.08740662254609,1.0874737717688685,1
61.5162841946093,1.0874526360210381,1.0874711758119842,1
55.75790806084556,1.0874663380746008,1.087472492151547,1
66.95561176084703,1.087482320914943,1.0874735035449974,0
63.785746627119515,1.0875065951947964,1.0874678674993552,0
66.55430219628107,1.0875339914900963,1.0874832865603792,0
65.87188468084295,1.0875869045690485,1.0875004268945432,0
61.435860880775515,1.0876322353055996,1.087512485546332,0
41.960262235045,1.0876513216085055,1.0875198898881429,1
38.238953345467145,1.0876859223061972,1.0875224015951526,1
39.23855597616496,1.0877090262006361,1.087530801016241,1
46.97711509417753,1.0877384074782126,1.0875432228303046,1
46.57000460715186,1.087760185594635,1.087551045715835,1
46.820252319068274,1.0877855160718672,1.0875570795445164,1
59.446758667425705,1.0877971207241146,1.087569720675291,0
60.94946857520649,1.0878121989060843,1.0875828167995125,0
70.5873294379283,1.0878517057164478,1.0876096449604058,0
64.29533159805999,1.087886496102318,1.0876347560234492,0
56.52423353177225,1.0879153643331805,1.0876549945073994,1
44.939110755136575,1.0879050967230612,1.0876621939570021,1
52.7052027573248,1.087930111035003,1.0876808955793584,1
55.94506001074079,1.0879638673382317,1.0877017847465118,1
59.912015670957054,1.088003954733098,1.0877098880008476,1
62.855750933509675,1.0880410569599732,1.0877144443187208,1
56.625031472823885,1.08805627191956,1.0877142038435033,1
61.41511897885285,1.0880926100596766,1.0877214305966303,1
65.6651089454175,1.0881385367635057,1.0877318811290875,1
63.76525848606436,1.0881901525132833,1.0877552167775233,1
62.0242215540964,1.0882673362181563,1.087788955543568,1
62.218975609031396,1.0883583994604062,1.0878368051165292,1
56.799795793652784,1.0884471614556248,1.0878881070745405,1
56.71767342891735,1.0885127115047621,1.087934555675544,1
65.16932718897789,1.0885991660591192,1.0879737744628164,1
81.86322889324103,1.0887008068921216,1.0880223238328253,1
81.60838907223712,1.0888022944579343,1.0880802603262838,1
83.08938718622528,1.0889214782995984,1.0881427795060152,0
79.96430537103747,1.0890048419689273,1.0882154982035421,0
73.35614772282729,1.0890849684039392,1.0882808655847986,1
79.55819434308535,1.0891818778556992,1.0883408530533714,1
74.37952936099609,1.089306303984877,1.0884100463888924,1
76.75693407396386,1.0894247023221597,1.088478942349265,0
65.7029690680668,1.0895078982051511,1.0885356525434144,0
67.85902891933706,1.0896148711129983,1.088604031766964,0
65.75822201175879,1.0897152743729719,1.0886676662519255,0
62.9367217515941,1.0898261567526057,1.0887151152933205,0
61.85439251099068,1.0898851712869164,1.0887554005109337,0
53.30173597416637,1.0899174246534198,1.0887842672649977,0
49.5017045798073,1.0899603846567634,1.0888208292079626,0
44.02992975455172,1.089993557930256,1.0888629301249475,0
31.26699196976051,1.0900001666517767,1.0888923092616352,0
29.26145723024399,1.0899839909313522,1.0889190544286453,0
30.9154665619249,1.0899746355572701,1.0889433554900367,0
40.00709749190843,1.0899832434807102,1.0889805366252603,0
38.97595628702296,1.089959727166433,1.0890132863334212,0
29.84099814512608,1.0898934824071664,1.0890350152112318,0
33.357686764111705,1.089799653702539,1.0890490443909924,0
23.281789164847794,1.089709402379512,1.0890644973277273,0
18.92211310267372,1.0895935418291445,1.0890653881942165,1
19.456793102638358,1.089478753659581,1.0890718258738012,1
20.682078292012875,1.0893596655983797,1.0890795437057654,1
28.49691566156544,1.0892346077598736,1.08908917497296,1
34.37800335249206,1.0891626712322378,1.0891053580450245,1
39.488298026730064,1.089084689925253,1.0891338334992113,1
42.71294534685226,1.0890050454063886,1.0891554779857342,1
43.3669018760586,1.0889152062149423,1.0891623494896516,1
54.3818842436904,1.0888791489861736,1.0891821805429693,1
48.70808588873915,1.088868802883993,1.0891911061320159,0
49.76016615143218,1.088846318162432,1.0892047580320083,0
56.32050045627785,1.088822371795056,1.089225733109698,0
58.33403742647209,1.0888207461125883,1.0892585690174459,0
59.01214949522159,1.0888363812055224,1.0892815624968533,0
73.06019146768328,1.0888484481388425,1.089297187810281,0
69.23655494724895,1.0888272768651648,1.0893098654780868,0
70.72582574442166,1.0888095081627043,1.0893206668145137,1
64.23461083220751,1.0888061352329734,1.0893349605365974,0
50.11175607677858,1.088795755762464,1.0893303026721073,0
42.74076987773207,1.0887910635989158,1.0893255080618913,1
42.827060023146345,1.0888230000767505,1.0893185272196035,0
61.12790134423539,1.088878310872412,1.0893162157355036,0
25.54642218773425,1.0888973211389004,1.089295112377163,0
34.69839708998134,1.0889222609126956,1.0892792147557884,0
43.053652471884035,1.088938157622954,1.0892755364923012,0
35.49943016337701,1.0889060550042833,1.089256589077277,0
33.389999374181485,1.0888728454020593,1.0892242933897092,0
32.760823370748994,1.0888506620754768,1.0891816965366685,0
30.64069404001816,1.0887687656764247,1.0891210954936998,1
30.10113962955033,1.0886743137505486,1.0890588948446642,1
27.815351642244934,1.0885629942476116,1.0889959683694772,1
37.00883086401825,1.088478320677633,1.0889443102384715,1
42.46926228175333,1.0884047110121398,1.0888979318283507,1
46.46143983369073,1.0883523400792503,1.0888526175996893,0
49.38682907095357,1.0883193991574247,1.0888217881911904,0
41.5749299651382,1.0882777253431495,1.0887750071701474,0
47.566283363877105,1.0882286750239334,1.0887260270748982,0
45.33561657871596,1.0881951166947026,1.088682544513436,0
36.59356050534114,1.0881539191350786,1.088637801811372,1
46.075802911998366,1.088121820098492,1.0886072662399204,1
46.448144461178344,1.088089940839194,1.0885703496925758,1
46.43575390826152,1.0880298793729541,1.0885307443125831,1
55.07472855078032,1.0880202468533633,1.0885031444577977,1
60.469543440345056,1.088000905680666,1.0884859806555138,1
64.6317218019139,1.0879574587375938,1.0884686657644307,1
62.59520841796599,1.0879625025950583,1.088448292723016,1
52.76393803077586,1.08795647081652,1.088422990849744,0
49.59978275279548,1.0879652496850756,1.0884104034478324,1
48.92889498839512,1.0880040377479216,1.0884028491118531,0
53.465152377177525,1.088049849864492,1.0883950738386563,0
58.46693191750101,1.0881172126140777,1.0884054366834506,1
48.52572895096171,1.0881395246033663,1.0884086186159856,1
60.263580835600514,1.088161661822046,1.0884187303178172,0
55.66089613944587,1.0881619521822539,1.0884235553686414,0
53.886575340988024,1.0881435766161935,1.0884141503447726,0
61.079556161359314,1.0881578719650888,1.0884042799860818,0
53.65897230339385,1.0881694699626203,1.088391796897391,0
44.492318865727704,1.0881526004222881,1.0883775021963742,0
39.940173606586406,1.0881307133614861,1.088338427561497,1
36.955147288366696,1.088107221473502,1.0883026336757238,1
36.3050093017739,1.0880681280262023,1.088259073638084,1
42.12156669489016,1.088060978803746,1.0882261871160588,0
33.380775153941244,1.0880119362406484,1.0881796205090217,1
41.418164766826486,1.0879816765734027,1.088144098802666,0
40.97542916297885,1.0879599966606524,1.0881132851731548,1
44.33555971959676,1.0879194761041737,1.0880851724186196,1
38.81702583158958,1.0878869977113066,1.088053986669185,1
41.08818653660271,1.087851267326051,1.0880284562850633,1
42.57255997473928,1.0878060759013892,1.088006977167423,1
42.80382685721894,1.0877820772015474,1.087991479279709,1
45.64923159745273,1.087754899921102,1.087978196621191,0
51.878155896364426,1.087748743870724,1.0879567918153106,0
57.80618800270474,1.0877232732318751,1.0879491111550073,0
54.888337731101466,1.0876997219407167,1.0879345397798499,0
64.32527654904408,1.0876886285213998,1.087914338704151,0
44.8745630125199,1.0876361474378053,1.0878963169594906,0
48.91937082392696,1.0875740087282373,1.087872262227862,1
42.14490195122506,1.0875441458995252,1.0878548957259937,0
41.81987404195595,1.087540195489988,1.0878469994869224,0
41.315387658956645,1.087524395181135,1.0878426662479583,0
44.83295113433339,1.0875280778215657,1.0878451070676656,0
44.4056715322249,1.087510652274847,1.0878391197549444,0
41.29085615981718,1.087516359274042,1.0878242798137827,0
27.10900371992676,1.0874849448568313,1.0877971407136984,0
27.969328051064778,1.0874533028564393,1.0877668466527606,0
23.03711151332341,1.087408435961061,1.0877374566657843,1
28.14729227259052,1.0873778666433207,1.08771366331694,1
23.237054285544488,1.0873157715298014,1.0876767182191027,1
28.68999118658428,1.0872696782713784,1.0876532808219428,1
37.971579365593406,1.0872141244469615,1.0876284010190966,1
46.54328432314383,1.087160697653829,1.0876064993470451,1
48.13036887226556,1.087119756699034,1.0875927427457426,0
56.24045173890857,1.0871092520440893,1.0875847132312975,0
61.50884102755938,1.0871148171244756,1.0875801043573736,0
52.17862636513169,1.0870881520648583,1.087566616035057,0
45.83435434519874,1.0870679458766301,1.0875384942721193,0
45.53965064943978,1.0870585901910679,1.0875131099776814,0
48.49432246379575,1.0870384769098487,1.0874841866159026,0
49.789409757426164,1.0870235655323643,1.0874548106006992,0
50.79198658442377,1.087000527747728,1.087422937401253,0
49.907654933612335,1.086980014955563,1.0873902280042598,0
54.062669572987595,1.086942957693832,1.0873604929911307,0
46.732384486708334,1.086904824060261,1.0873215447090687,0
39.08875019436592,1.0868572650811186,1.0872752658732443,0
34.974133779925296,1.0867929199244575,1.0872265839760662,1
26.375867676255837,1.0867229750903766,1.0871634979158993,1
14.255316776937192,1.0866322683661653,1.0870987826783578,1
14.529540913589628,1.0865829050229667,1.0870488400593745,1
15.666937366242024,1.086503863361876,1.087002540822099,1
34.66439832097427,1.0864572184695214,1.0869683998175044,0
38.93822399979074,1.0864141328996655,1.0869449012964303,0
39.697401688105344,1.0863590795069054,1.0869119830270064,1
34.71671946084376,1.086266168630776,1.0868864061873487,1
40.13688280318598,1.0861685468518625,1.0868548524687576,1
37.592037929539245,1.0860899036190252,1.086818578818406,1
40.39686342769982,1.0860322841879086,1.0867836175056134,1
52.3862681956534,1.0860224383035317,1.0867672862145712,1
57.4807539126205,1.0860107601549056,1.0867479837474447,1
64.91966236964561,1.0860085562208668,1.0867358027284904,1
68.14471006840684,1.0860066907976484,1.0867127828396932,1
73.43768509354186,1.0860014990456055,1.0866888676540611,1
74.92236617185803,1.0860342000470824,1.086674675461674,1
76.85368740957666,1.0860666693097374,1.0866589031402136,1
75.22997063336788,1.086147425217215,1.0866543471838432,1
75.67621697338143,1.0862526459024162,1.0866521909284728,1
71.84396977299804,1.0863697048550631,1.0866569208828023,0
78.43691795428217,1.0865108880225904,1.0866735343960992,0
78.91315786802417,1.086650854879913,1.0866915236515293,0
83.64429463735887,1.0868143898700013,1.0867122185741043,0
73.99696407655212,1.0869148857583188,1.086724596048378,0
63.95565281448671,1.0869970748204858,1.0867325000959982,0
63.157710422458514,1.087072778561264,1.0867368335415732,0
58.906084511376335,1.0871602411673085,1.0867439589446553,1
65.00024855883984,1.087246509206625,1.0867594782086751,1
65.76373909733658,1.0873440773283494,1.0867748886071698,1
51.87686945747599,1.087419785137473,1.0867881571761782,1
56.74357552097249,1.0874627946462878,1.0868012574157582,1
51.11762809935738,1.0875164038397778,1.0868282366714355,1
50.32219950176403,1.0875611707900923,1.086852399735976,1
58.85346823031212,1.0876326970976673,1.0868802118999756,0
59.698459142294325,1.0877172570649178,1.0869114914184967,0
57.47358396235749,1.0877821427238221,1.0869396298715892,0
53.98967575147785,1.0878553804029214,1.0869573544837465,0
53.43540980930082,1.0878765169396483,1.0869590271099125,0
60.32696297827597,1.08789348147063,1.0869743226907813,0
63.05270567125777,1.0879219983185577,1.0869985418595736,0
64.74585555144812,1.0879451027329574,1.087028139412855,0
53.5696196294888,1.0879344676019758,1.0870499199283803,1
47.11953408415552,1.0878982894734543,1.0870621081505403,1
59.00995493333185,1.0879014620085314,1.0870849697526994,1
57.150185631027895,1.0879149482739379,1.0871064734233482,1
57.46326897031779,1.0879423698293385,1.0871365983957757,1
54.999073819069764,1.0879713326618172,1.0871705623852777,1
49.176606268434604,1.0879914317549253,1.0872131448781979,0
49.82127017530835,1.0880229395901089,1.0872668964734304,0
43.936606147932785,1.08806673691975,1.0873256619079275,0
44.95601763277013,1.0881062730932802,1.087390859306604,0
52.533411303166424,1.0881297163513006,1.0874469612027686,1
46.46053549546861,1.0881382453091906,1.087506152514902,0
42.929976102434736,1.0881259249743451,1.0875476945019051,0
42.53633924928371,1.088104427813756,1.0875876093841328,0
47.86455264994049,1.088068861722653,1.0876235427578884,1
65.77258314509284,1.088053184459106,1.0876721608150786,1
50.91572315376126,1.0880490025000282,1.0877112093691788,1
49.76778508526717,1.0880355731930011,1.0877525905203718,1
40.84933115056066,1.0880124326047926,1.087790601226327,1
51.73182699061857,1.0880069230022913,1.0878219332923589,1
52.75382449030588,1.088023512950075,1.087855021046448,1
53.308359823257014,1.088071796414057,1.0878874042278164,1
47.527781256305765,1.0880819991796433,1.087915093105497,1
48.51211686696031,1.0880968010265255,1.0879445942157162,1
55.6648781628356,1.0881147248248815,1.0879688083068952,1
58.6946466098468,1.0881334581074347,1.0879972779043567,1
64.94581272308166,1.0881677272535213,1.0880212656927204,1
60.903922055722624,1.088180162815767,1.0880379032387708,1
68.44781489480988,1.0882214792605385,1.0880663716701178,1
71.14295631984227,1.0882958373655103,1.088104839043772,1
74.38186384945769,1.088371687021406,1.0881352940593658,1
72.77055099447333,1.0884473715828922,1.0881593452000582,1
78.29639867434638,1.0885494944933871,1.0882015379959324,0
78.51632384831262,1.0886719789794936,1.088257571047736,0
75.140443125569,1.0887938017945178,1.08831195205119,0
70.66976042020113,1.0888904854654018,1.0883642585343158,0
78.00588909978862,1.0889963614766862,1.0884111502772036,0
69.26729965294132,1.0890848738049679,1.0884489091110192,0
62.10547469670107,1.089166202319926,1.0884891680993083,0
57.299331653675786,1.0892107640551176,1.0885211210558907,0
50.584166995383534,1.0892408605051849,1.088544803712611,1
52.48481386450955,1.0892549590138494,1.0885649195173193,1
47.69975910921379,1.0892948541490974,1.0885799559260694,1
44.11557108986687,1.08935400103775,1.088599291804849,1
41.68947894540401,1.0893848281538567,1.0886098824789092,1
47.97056319583097,1.0894291858461016,1.0886268000816286,0
40.059010179412205,1.089454351500057,1.088652399516884,1
29.693495436816264,1.0894865345251195,1.0886751244605666,1
36.337722957110856,1.0895076996309614,1.0887006521950793,1
33.82998323335619,1.0894775404346257,1.0887178141244391,1
37.21860793284805,1.0894585599628892,1.0887449310037314,1
43.86387307319377,1.0894487588120971,1.0887795329355152,1
51.69437287609177,1.089424543663108,1.088810770657763,1
59.9689619239778,1.089380972461592,1.0888439807227976,1
74.92744890615474,1.0893820736625819,1.0888878335844872,0
70.51993947493723,1.089379911566064,1.0889276900960148,0
66.31557496458521,1.0893740112843546,1.088964182088975,1
56.59221653524746,1.089378930652414,1.088991305535941,1
59.322893099078755,1.0893892976428832,1.0890181923885616,1
50.507756475267534,1.0894051659379442,1.0890406781937565,1
57.610685061718556,1.0894503864444487,1.08907307174987,0
63.252676104990655,1.0895174347879835,1.0891165953088364,0
57.7531528771232,1.089572408716124,1.0891585494227811,0
59.30831844084899,1.0895916398032757,1.0891941766006572,0
59.64144439685865,1.0896329174343844,1.0892355047636015,1
56.11920049206624,1.0896511468838517,1.0892659850515272,1
56.660012982262145,1.0896820801432487,1.0893056305741724,1
56.32958228952136,1.0897167992036034,1.0893476148648076,1
37.760932186363895,1.0897186598098505,1.0893831430771024,1
48.43218016863702,1.089760573824441,1.0894192744532991,1
57.86268141614294,1.0898236898579352,1.0894650017668754,1
57.91045919020531,1.0898751172779488,1.089500861281072,1
58.69596044819426,1.0899133424056036,1.0895433079481471,1
62.791574404324884,1.0899515179844603,1.0895858675059715,1
59.94317240405549,1.0899578809130683,1.089625096019762,1
57.008698070365554,1.0899836881055303,1.089667782095253,0
67.05543927360785,1.0900476133203985,1.089716136515726,0
70.98464696681171,1.0901182314347506,1.0897665329835347,0
64.87406043278052,1.0901852072472225,1.089803683583235,0
60.525521368764636,1.0902410540781835,1.0898187648788256,1
54.95954960069867,1.0902681017105786,1.0898316376255393,1
54.06608651001075,1.0902733448746609,1.0898469846255439,1
67.16825537297309,1.0903140676011023,1.089864378665867,1
59.737494396521484,1.0903595114916547,1.0898691896055217,1
53.372310766632246,1.0904012409681356,1.0898784804330488,1
56.777337779250836,1.0904510074468399,1.0898901938441024,1
64.00780894422083,1.0905091058473797,1.0899107283224494,1
70.51821730689599,1.0906020643889947,1.0899544910984182,1
66.76035044627093,1.0907097960607408,1.0900005805734283,1
62.36592052995092,1.0907869735628293,1.0900497582563837,1
59.19093029557266,1.0908528753129771,1.0901098076899922,1
62.39449854427254,1.0909381972658267,1.090174156581863,1
71.5650873630802,1.0910570353519615,1.0902481804292927,1
81.01035937902594,1.0911803443800152,1.0903164048428777,1
83.55375858560629,1.0912932471748573,1.0903884636281622,1
84.56080084311468,1.0914051316280697,1.0904581604080401,1
83.65643439275992,1.0915034935669097,1.0905357933424669,1
88.37777140219734,1.0916168169468796,1.090618645952239,1
88.6457420771325,1.0917497238959846,1.0907004932892443,1
89.66235574965133,1.0919193207538531,1.0907954770065167,1
89.64754106206328,1.092117420996178,1.0908951820388546,1
88.67465687139867,1.092336750527961,1.0910021813118895,1
93.09939197740763,1.0925388923401054,1.091110118136666,1
95.60484350800412,1.0927462915505306,1.091215317241097,1
95.24883614364917,1.0929525346469775,1.0913066648268073,1
95.46363241084984,1.0931771217213635,1.0914090779062218,1
87.29630587572697,1.0933716288615825,1.0915097753533407,1
87.03233440357107,1.0935337621150467,1.0916164236834713,1
86.74722937410314,1.09369795831792,1.0917240448434429,1
85.98976698568785,1.093869927284775,1.091835662795116,1
86.2275625884187,1.094045410616413,1.0919478173587782,1
85.30263521394745,1.0942135320617268,1.0920525954913602,1
84.54254060974637,1.094354649445377,1.092161076720994,1
70.2603609155534,1.0944666100641327,1.0922663929472205,1
68.82759494754475,1.0945951538677405,1.0923733582015047,1
65.97292078910098,1.0947245201116051,1.0924875096991413,1
71.36430492969475,1.0948697046226106,1.0926108431342114,1
70.32939761069812,1.0949979652273738,1.092731112361747,1
70.54933684593638,1.0951219039765854,1.0928617909559382,1
67.35155092394413,1.0952335833607088,1.0929846808210235,1
78.47628185152807,1.0953513851101717,1.0931062601397492,1
76.81925204188194,1.0954470250417834,1.0932309444174233,1
80.8119887192839,1.095537119647968,1.0933596290336116,1
81.94979760474305,1.0956388394730028,1.0934902458365139,0
79.67797685183538,1.0957411577295888,1.0936199755534153,0
75.25993759198937,1.0958186818474585,1.0937430754029933,0
75.66233584690781,1.095911371350287,1.093855278565296,1
90.33743304449133,1.09601463522973,1.093974985201463,0
79.32073257567089,1.0961084014618667,1.0940933225293006,0
78.082524121602,1.0962037310667716,1.0942207335905514,0
63.697623038421774,1.0962693820815133,1.094348329507152,1
71.58725116408327,1.0963500923096687,1.0944832944653633,0
59.17642894844152,1.0964072581860298,1.094598352954965,1
54.669305482410145,1.0964764380767966,1.0947131635812772,1
48.18983741573211,1.0965400823421991,1.0948288947511302,1
56.87543292121994,1.096617527205323,1.0949541176025348,0
55.241663826189374,1.0966615369936812,1.0950718155927321,0
49.213405527403275,1.096701835462663,1.0951710207912142,0
56.83222221478738,1.0967670640327718,1.0952846981447506,0
52.20341343635067,1.0968068316391186,1.0953926240515393,0
43.52899490693917,1.0967899553569196,1.0954810921573261,0
40.91121186975562,1.0967811087244572,1.0955681090008753,0
42.543620226301705,1.096760545955743,1.095641033275124,0
38.90294018399937,1.0967155462471259,1.0957043265833584,0
43.925223953184336,1.096678372748371,1.0957740257828208,0
39.85004905266514,1.0966515527645413,1.0958416438575818,0
43.00092523989311,1.0966133602513568,1.095899225239075,1
40.58719090680262,1.096539858695944,1.095944201901089,1
42.791766860425426,1.0964948417299472,1.0959913696628858,0
38.57953897343564,1.0964575832365073,1.0960360385836128,0
38.47608453289692,1.0964293389173347,1.0960730966756147,0
48.28790462498534,1.096410868453669,1.0961129416356465,0
36.781668985869814,1.0963991945220801,1.096142473827755,0
36.56274452639544,1.0963730215406366,1.0961638555773197,0
41.34714282088374,1.0963308117600188,1.0961802055963465,0
38.857083143426046,1.0962644353287172,1.0961890430454764,1
42.02267594531658,1.0962026952430715,1.0962042421453277,1
45.27354922605952,1.0961456646094585,1.0962157817889788,1
43.26878776333206,1.0960656974507512,1.096231793797883,1
36.935371669442745,1.0959886774091874,1.0962401241013044,1
46.56915132974107,1.0959662959260341,1.0962494462811747,1
51.926178210068585,1.0959360819584543,1.0962571289595666,1
53.03028426248553,1.0959301582417136,1.096271236793659,1
51.63532447430243,1.0959446938974255,1.0962955601166753,1
54.17595667664175,1.0959554555047148,1.0963181464376106,1
47.97360384884107,1.0959711066105013,1.0963402784571405,1
56.44318434412562,1.0960019345241494,1.0963521171996904,1
70.83426584716499,1.0960616078451753,1.0963696589482095,1
81.08159050401737,1.0961281315942288,1.0963938607099433,1
81.93214481578852,1.0961878501431586,1.096417745296593,1
82.84841484639244,1.0962596913864089,1.0964364191861096,1
84.23826186988072,1.0963024870393043,1.096455126434655,1
85.93307515911499,1.0963829357219264,1.0964808002573383,0
91.11173581667057,1.0964761213975813,1.096498768347151,0
91.43237789382344,1.0966066998007782,1.0965264224248223,0
91.82182337365657,1.0967373596249606,1.096556514156477,0
78.00868108848414,1.0968429077308715,1.0965768566975616,0
77.53470365192827,1.0969539959438737,1.0965915260746364,0
71.3409007973769,1.0970495875510664,1.096608268233563,0
72.0835631655628,1.0971765619028566,1.0966292564357385,0
66.4969417810753,1.0972720904258961,1.0966505296189277,0
61.60247295116469,1.0973621584651134,1.0966619554217445,0
46.41106294552379,1.0974071239558927,1.096671183101604,0
43.615836724988185,1.0974401639716875,1.0966810504746318,0
32.40193288538674,1.0974299944992958,1.096674111300449,0
29.059959009597407,1.097387519975348,1.0966482755651503,1
25.56764218444343,1.0973497360428424,1.096627396819355,1
31.013240607128907,1.0973140982713185,1.0966145640716716,0
23.446754367594394,1.0972649050752692,1.0965929971269421,0
21.833194273641354,1.0971982594195278,1.0965743164087565,1
24.33197033398531,1.09712026303708,1.096568542258174,1
23.514161932935735,1.0970435586519602,1.0965601064056563,1
22.611753924536714,1.0969278770382709,1.0965477326903497,1
26.526929005758063,1.0968448922836391,1.0965505067617562,0
32.66390637927404,1.0967480538568721,1.0965542948682228,0
33.22548805166038,1.0966485033367577,1.0965552943853636,0
38.97222217237724,1.0965708177307594,1.0965598396893228,0
41.73254589430061,1.096494336300657,1.0965733171165215,0
43.23550734471176,1.0963974446223903,1.09656930939054,0
49.46718214361412,1.096284235630151,1.096559917393196,1
41.61993494280423,1.0961705862338813,1.0965470285455465,1
32.31628653156969,1.0960486052889613,1.0965170501558612,1
28.228708853656485,1.0959507509506121,1.0964918056730166,1
43.70891811075407,1.0958866465049546,1.0964865004603588,1
47.27816031763357,1.0958685128921153,1.096489191753288,1
44.89475812428906,1.0958655701367819,1.0964887294883763,1
52.72363354183261,1.0958598099033263,1.0964902426834569,1
52.25823147239339,1.09586325299904,1.0965015994275042,1
52.470815520621386,1.0958741837365706,1.09651639164127,1
53.85088578883594,1.0959005135717965,1.0965390508738002,1
50.59315445712665,1.0959178550256996,1.09654916589804,1
52.68585900420277,1.0959457238673929,1.0965639631692314,1
65.4109905141485,1.0959968704602052,1.0965744175777463,1
69.87236302479121,1.0960388939767918,1.096588186793503,1
76.22246316172567,1.096077284636045,1.0966030265207547,1
85.81036829297587,1.096134733048635,1.096620744960617,1
83.79484173690557,1.0961837496454672,1.0966325657378497,1
83.04207050830978,1.0962494014111646,1.096648434542917,1
82.28253572429642,1.0963486431939584,1.096657514030432,1
89.63030244080727,1.0964827215505797,1.0966778659561642,1
83.75112867098282,1.0966166918536495,1.0966898287324427,1
84.21255529654192,1.096791725913915,1.0967127457057055,0
83.18142743086631,1.096973945140326,1.0967282094403767,0
78.47189806187706,1.0971194277987801,1.0967438230208384,0
79.57915750373247,1.097248039526804,1.0967457276436983,1
76.02282570166923,1.097380413730052,1.096745951130413,1
76.08845867118161,1.0975105616807759,1.0967573042634187,1
75.26678042957997,1.097627561832271,1.0967710257828633,1
69.80103924585191,1.0977220869784639,1.0967853914122287,1
66.3756121483137,1.0978153523502239,1.096794567052747,1
75.8469317230999,1.0979504558290285,1.0968205120592929,1
76.68884791047145,1.0981009991056805,1.0968594994254586,1
77.15239270613195,1.0982521849565965,1.0969124419780278,0
72.48276229199342,1.0983905129613842,1.0969683263893817,0
78.14916963348846,1.0985211138590478,1.0970394742646554,0
75.1857258338868,1.0986451742355725,1.0971238066647067,0
66.19674567076939,1.0987619212517923,1.09719743982143,0
69.1924753824651,1.0988550467089664,1.0972648139179766,1
60.905629861113276,1.0989201794109622,1.0973196237647092,1
64.42777500026702,1.0989601715467077,1.0973826308070365,0
65.20606280544683,1.09902020943882,1.0974498072931385,0
60.3116678398284,1.0990469600769501,1.0975141062757015,1
69.01404540329929,1.0990943518547778,1.0975947993669792,1
62.30349402016392,1.0991331284177146,1.0976591174744685,1
47.575529563244686,1.0991571976449592,1.097709385158933,1
39.83103752586713,1.099189438859105,1.0977623253393518,1
43.23833185984638,1.099231024058594,1.0978213867945525,1
50.753539628936416,1.0992900256411344,1.0978893015190543,1
48.466908339947175,1.0993507494597907,1.097966713347189,1
50.27803961309237,1.0994280188098324,1.0980520803246199,0
54.31745564613322,1.0994725764774524,1.0981413081567213,1
54.69581956501734,1.099488631588022,1.098235509945083,1
66.23184192332566,1.0995113967426087,1.0983367002948263,1
66.96643187557497,1.099543376688199,1.0984310184626793,1
56.86249294422166,1.0995499102815336,1.0985120332204228,1
63.587282227360184,1.0995693892105234,1.0986053342942033,1
63.058951266622685,1.0996249113983034,1.0987034804194207,0
66.02438296277533,1.099674910793622,1.098789477035809,0
75.441769881615,1.0997558760030501,1.098872300671301,0
75.9951212421256,1.0998382633184336,1.098957730705691,1
74.30622133407051,1.0999148528012088,1.0990486064033425,1
65.9274013926549,1.0999904355036112,1.0991319909301889,1
64.55998598975722,1.1000323340540448,1.0992089848045152,1
60.22713561442266,1.1000922357783587,1.0992804541950953,0
64.96329792420204,1.1001916940611645,1.099355148928981,0
67.7890248903751,1.1002959395690108,1.0994268079475022,0
62.533242479577844,1.1003789193873368,1.0994994546913004,0
62.96683728954046,1.1004482157709508,1.0995688272629687,0
56.05385393380936,1.1004816672791982,1.0996199229812849,0
54.77455098930291,1.1005161700604496,1.0996654597285678,0
41.2015803714113,1.1005251547620618,1.0997046933200862,0
42.156224729851445,1.1005312922590522,1.0997313364831376,0
36.3535717002333,1.100507379808561,1.0997500741621205,0
30.258399617451474,1.1004542622927578,1.0997649522602702,1
34.81388748182174,1.1004422030611198,1.099789698634149,1
35.0238254791482,1.1004009802062162,1.0998135608846689,0
38.466371637099044,1.1003442535392265,1.099836957162801,1
38.40501080899064,1.1002962065040764,1.0998569349045313,0
35.03058380523609,1.100249378028333,1.0998832170912487,0
32.55131193389457,1.1001962914281613,1.0999101063368661,0
30.291849580105264,1.1001200498381392,1.0999164440069866,1
31.46279414770646,1.1000670068277165,1.0999183940190032,0
38.189456423196155,1.1000166318190656,1.0999147635495028,1
26.768358843857655,1.0999432913929996,1.0999015655677415,1
30.240983042211724,1.0998459383042305,1.099885078707054,1
40.522413346189445,1.0997629426100015,1.099873915297274,1
49.26084087009141,1.0996982594568858,1.0998739899733376,1
53.90565803391161,1.099616771041094,1.0998735169958196,1
46.061620926324565,1.0995727718990473,1.099880959976519,1
46.8029601525365,1.0995067167457264,1.0998840778081753,1
55.320989049160154,1.0994979085188408,1.0998957729520948,1
57.085693297440734,1.0995002659378597,1.0999126588275014,1
56.90388546271645,1.0995258690300058,1.0999226810322116,1
60.314663586624086,1.0995863465960982,1.0999462395316237,0
68.20881250648436,1.0996329935977651,1.0999800170152714,1
63.40242949455653,1.099682770485265,1.100010893535133,1
65.29403542628603,1.099724404566802,1.100034309366084,1
76.72341593676471,1.0997656684381312,1.1000471920233301,1
80.42937746141476,1.0997992183635046,1.1000626046527342,1
78.3621833084909,1.0998425304036663,1.1000759109743996,0
75.71341885191019,1.0999058665154782,1.1000897600221968,0
82.113156799983,1.0999652482261566,1.100109040674257,0
85.43576548699941,1.1000308255368807,1.1001225350672117,1
89.91281841881835,1.1001209311039395,1.1001325873340375,0
58.145385994966524,1.1001874853881446,1.1001401087496985,1
61.4108833080645,1.1002452731906112,1.100144268889309,1
60.934338233901684,1.1002955049940841,1.10014222741165,1
60.74710113061413,1.100365936731221,1.1001499273708595,0
41.01427175802076,1.10039816350325,1.1001378749765989,1
52.939760670469894,1.1004665404216192,1.1001353886494494,0
53.20892674924261,1.1005016722758123,1.100130500741936,0
57.77137678250093,1.100547697840473,1.100135563762246,0
53.38397662504738,1.100571674191519,1.100138417087201,1
52.97489243420031,1.1005893878993305,1.1001451003800125,1
48.84080194763422,1.100587718536309,1.1001384268053291,1
43.98075062890534,1.1005805782710643,1.1001247490159543,1
50.9854839711085,1.100605093723864,1.100124779100695,1
50.13302297530289,1.1006278229595434,1.100119034898767,1
57.981497989236736,1.1006543720218682,1.1001316865498023,1
57.84363173407108,1.1006830576569988,1.1001426660130194,1
58.285053403796404,1.1007183993321616,1.1001670578502367,1
55.64656936285038,1.1007450076897436,1.1001945268465334,1
71.96354926569069,1.1007783012110641,1.1002309036282127,1
72.75328180014277,1.1008464664383086,1.1002894689922578,1
73.29043319916944,1.1009437403938653,1.1003407236827967,1
70.91405619409588,1.1010302859200025,1.1003959911748233,1
81.13382819779451,1.101127393934941,1.1004554835699358,1
82.00274495735843,1.101226114687226,1.1005218906441194,1
91.94941998354211,1.1013860847247676,1.1005925576551727,1
97.71095071391969,1.1015243100950678,1.100666596116212,0
86.19232459440032,1.1016474842360995,1.1007414745011201,0
89.57708058441864,1.1017785371078646,1.1008201758743053,0
81.14579202773456,1.1019079933876408,1.1008949617146313,1
80.24528801947889,1.1020327975908202,1.1009809028591406,1
74.45253060786996,1.1021620888896968,1.1010648870395159,1
73.73750697576185,1.102299774647785,1.1011394818310676,1
73.6583947577441,1.1024136813717196,1.1012109478666285,1
68.13781965423149,1.1025352686898975,1.1012864339582884,1
69.82434098092452,1.102659923326291,1.1013665471207,1
73.46404702836881,1.1027957326157602,1.1014582723610327,1
72.03840595280744,1.1029309096914326,1.1015402583192735,1
67.30800914989409,1.1030601681339987,1.101618487724989,1
66.58135027333444,1.1031984134690516,1.1016999214038312,1
68.32081617893259,1.1033184496276602,1.101782310204883,1
67.778865519098,1.103420935950997,1.1018559006240893,1
64.3121803628159,1.1035293667896813,1.10193462969659,1
75.0640117426618,1.1036325554035595,1.102018743904639,1
71.8085036817796,1.1037146976758934,1.1021015023392242,1
81.29228559068741,1.1037996700958435,1.1021927383481083,0
80.58582687816535,1.1038728107286575,1.1022787082462084,0
80.17845760719719,1.1039649800819646,1.1023651199277147,0
78.05508557018595,1.1040300518849229,1.1024460973378118,0
77.0782608178325,1.1041125525544904,1.1025276525216752,0
62.97021151435218,1.1041740695657756,1.1026021582438752,0
51.772345571750805,1.1042252999515723,1.1026800128648868,0
59.95089860591765,1.1043014099885162,1.1027619365502297,0
51.69801838348451,1.104359884169081,1.1028366995366272,0
41.47440943649619,1.1043986671061718,1.1028995261082688,0
38.15255912851366,1.1043988203802455,1.102966809871498,1
32.86598125818615,1.1043651835590675,1.1030177296160122,1
25.45673092519914,1.104304897376466,1.103061548359535,1
35.0373091357165,1.1042729037707957,1.1031085700971182,1
33.23671475668954,1.1042415961139416,1.1031678901728004,0
31.934966807207218,1.1041821241445757,1.1032194047029809,1
41.05935413384994,1.104174852829517,1.1032907543413726,0
44.95587519799626,1.1041733469957153,1.1033717371864502,0
44.04555134106336,1.1041564511000266,1.103439286855104,0
40.6843489962809,1.104106527571165,1.1034929841838728,1
50.793491304382414,1.1040703325786925,1.103559122570838,1
42.9627043662214,1.1040155448330242,1.1036117031166186,1
41.23295105211399,1.1039341924593493,1.10365143717859,1
46.316513411034514,1.103870774719519,1.103696404149722,1
57.76697090344851,1.10384371958007,1.1037538198692776,1
62.331574454886365,1.1038538726592022,1.1038051207322328,1
67.48243937342015,1.103894085138374,1.1038601507626904,1
65.69832795531084,1.1039193013567226,1.1039175427249177,1
65.41494177429962,1.1039700232286773,1.1039737512541217,1
69.16523497112547,1.1040469999147209,1.1040278801992667,0
65.59622031929683,1.104160495323828,1.104076574111122,0
63.7271398058664,1.1042851381757097,1.1041220608482691,0
64.77879107284176,1.1044286884775742,1.104174030056125,0
72.77199226220188,1.1045362990832035,1.104211674887254,0
65.94861168639977,1.1046245523063398,1.1042545137402797,0
64.34008644916497,1.1046977334324406,1.104285379039629,0
73.47911126541798,1.1047356529270596,1.1043201799563176,1
64.2910060231277,1.104744017072766,1.1043494341564428,0
47.689218467351225,1.1047406998494673,1.104370094246203,0
40.11413617305734,1.1047775721241588,1.1043899055575774,1
45.53683141302176,1.1048009602945565,1.1044155373581441,0
47.39794241571594,1.104858966801046,1.104436996790733,0
35.68255799456141,1.1049180967796852,1.1044463120138908,0
27.60640367803218,1.1049470437797957,1.1044511544080409,0
31.917459010033696,1.1049535060616311,1.1044558569063094,0
28.700813552095696,1.1049244669402856,1.1044475276572827,0
28.316978449575657,1.1048835996848896,1.1044452162562473,0
33.4191580156632,1.1048420618958539,1.1044426207673868,0
31.595258288038693,1.104773197706613,1.1044300081753433,0
37.10694508494371,1.1046945302211184,1.1044198132173566,0
33.363335034517604,1.10459163448184,1.1043933598655207,0
34.45254160835758,1.1044781552113432,1.1043641986413433,0
39.777213270344525,1.1043704115667767,1.1043362026500498,0
33.83670775680088,1.1042500824850405,1.104299687127301,1
28.380641837473107,1.1041405706505265,1.1042657209786944,1
22.14698406142989,1.1040561586012418,1.1042382146538157,1
30.232033934523457,1.1039815089956753,1.104222663573959,1
35.37416462124867,1.103925046968727,1.104198888948527,1
38.322593610645704,1.1039056008879862,1.1041883809337651,1
43.7099758589915,1.103885334762518,1.1041845726201158,1
42.672493563586826,1.103837747519638,1.1041911082139013,1
39.681800960624635,1.1037782199902133,1.1042022113631913,0
48.83957054111414,1.1037503994402784,1.1042245128394157,0
48.4649414766847,1.103738156213447,1.1042372553851014,0
58.85416933193686,1.1037124102941638,1.1042441825783984,0
57.94657512965651,1.1036908718104665,1.1042510267236392,0
50.39574568031962,1.103662759310256,1.104240378848543,0
51.83255452938552,1.1036053569494833,1.104215424748894,0
59.72746104549833,1.1035887234066812,1.104202917098005,0
51.789277433773,1.103551851282756,1.104197942701993,1
45.10366567979099,1.1035245959632876,1.1041750652193587,1
40.56430378442491,1.1034955850494952,1.1041562147279316,1
37.59015183151965,1.1034752012723446,1.1041526061752478,0
35.610128523379444,1.1034742881560227,1.1041410925019024,1
44.83675023937709,1.1034854840497212,1.1041224267665548,0
41.4524430792978,1.1034868721510405,1.104091414450551,1
39.99969881676998,1.1034841578154764,1.1040586926447997,1
36.82219155446453,1.1034655545621026,1.1040173902306791,1
46.64001808094007,1.1034586664391959,1.1039838382179725,0
45.02553465395879,1.103432085972464,1.103938607043213,1
48.45357225968206,1.1034165938995022,1.1038935476441711,1
56.25040447281915,1.103408774017209,1.103851665699791,0
51.19976892199824,1.1033990116509422,1.103812642108763,1
56.35557498288547,1.1033857370687372,1.1037770305793149,1
59.545102245361925,1.1033699063006681,1.1037423241761295,1
64.34859191036145,1.103365262579996,1.1037180383826612,1
59.49733394648952,1.1033683573430626,1.1036934606149442,1
65.65124357294768,1.103406949371958,1.1036805976685706,1
68.9067417897941,1.1034524555947294,1.1036876193961098,0
69.70268506163194,1.103508257389257,1.1036902168080323,1
60.36731339595453,1.1035539057170574,1.1036762433883591,1
64.70951558004198,1.1036090059231163,1.1036562303767596,1
66.12679677830751,1.1036893779035857,1.103661118624808,1
68.55933769884018,1.1037621190107099,1.1036671225942682,1
72.1114394936066,1.103840730738826,1.1036773166374327,1
74.38417640983772,1.1039546103385165,1.1037034718098433,1
70.38577891993691,1.1040560012021483,1.1037276532517033,1
72.62764058978368,1.1041784570177664,1.1037519482794442,0
76.2685364611722,1.1042931615458154,1.1037918237536533,0
74.29354609017994,1.1044199931340348,1.1038287922083796,0
74.0174395147832,1.104539123706199,1.1038725433339147,0
69.42909918603118,1.10464002241144,1.1039164125798298,0
59.31387001288165,1.1047194927792592,1.103952274593756,0
58.91757533155408,1.1047920032987855,1.1039937989048128,0
59.54985860814313,1.1048481020248062,1.1040253367258415,0
60.04003829447248,1.1049040548307711,1.104057196874473,0
47.308470127189885,1.1049506630682946,1.104081122243992,0
51.81995865074309,1.1049863199077432,1.1041051068441772,0
37.40890042952712,1.1049654804674747,1.1041115712279053,1
28.74325337954157,1.1049579666074645,1.104119269546011,0
36.26796475900051,1.1049835027265722,1.1041345454711327,1
26.77136969590738,1.1049804570417667,1.104137125197381,1
17.74691816976248,1.104944326565444,1.1041386894748744,1
27.514708706862464,1.1049386662425278,1.1041473266059005,1
25.21422801157634,1.1048902745522495,1.104148462340667,1
35.86291882617196,1.104841805935563,1.1041638454598819,1
40.912926578399066,1.1048079264276425,1.1041857200986578,1
40.73172098115121,1.1047549369956977,1.1042117802979299,1
44.89983577285875,1.1046766850782412,1.1042270084222774,1
47.31911763145156,1.1046124949805871,1.104253049687512,0
50.914960878832254,1.1045524986692061,1.104283704416282,0
52.21092138517864,1.1045093089114209,1.1043219021246002,0
55.249269255956534,1.1044675304007,1.1043492062450981,0
54.577144771652556,1.1044380314655153,1.1043792962286099,0
44.42939442615,1.1044056859168787,1.1043934174727044,1
53.278369370955275,1.104371160725298,1.104410912304176,1
46.702779494233305,1.1043346265175609,1.1044213097248257,1
36.18773777831177,1.1042835525720085,1.1044323060481396,1
49.07682010258721,1.104274358458777,1.1044378480357377,1
45.76392662130333,1.1042765707938715,1.1044570634745738,1
46.89395553819262,1.1042754172663554,1.104478074817874,1
44.984595296125505,1.1042877850820074,1.1044887296233006,1
43.784857199006396,1.1042897959223665,1.1044950031834442,1
47.31474569905354,1.1042915881933384,1.1045096670557408,1
47.644674905532064,1.1043136508332951,1.104525960153718,1
55.23990702703014,1.1043454148305492,1.104555906360103,1
61.068288157757934,1.1043767933102533,1.1045890944855339,1
61.143339790432016,1.1044216277045413,1.1046176516309634,1
67.47635791704674,1.104462661888031,1.104631090939598,1
68.58504245837823,1.104497324281405,1.1046486764443713,0
73.77227533682823,1.1045285595463619,1.1046735659480038,0
81.12327716475754,1.104562335101582,1.1047032337959866,0
80.57553673321932,1.1046242712954508,1.104723163601844,0
71.50904169538441,1.1046718772350512,1.1047431995183463,0
60.30488847855825,1.1047207203978018,1.1047454133362948,0
56.147026440008084,1.1047436888708762,1.1047265437171199,1
59.79357990721163,1.1047878358284762,1.104714043575357,0
49.238239504126874,1.1048264652361222,1.1046915093354819,1
40.45112494053967,1.104814259887246,1.1046462873723102,1
29.952707777574375,1.104791513565629,1.1046056716472115,1
41.221904907412615,1.1047970251649597,1.1045812354013782,1
40.325029710971585,1.1048188303920874,1.1045602528155591,1
44.991228478639414,1.1048579591075773,1.1045503897147713,1
44.77803771629521,1.1048801187979458,1.104544913255405,1
44.95857447415283,1.1048986693898117,1.1045461870997202,1
45.81870030949811,1.1048962161858227,1.1045527709021234,1
40.743434994218475,1.1048835090960798,1.1045622328966482,1
44.63036452369742,1.104871932154301,1.1045718965295865,0
51.46101935301975,1.104869817426578,1.1045928257232394,0
57.3906430841687,1.1048556782284786,1.104607761092777,0
59.33243415958238,1.1048587067131679,1.104623647542642,0
65.0151979443857,1.1048484891713568,1.1046504466478226,0
75.96435167663219,1.104812584917401,1.1046704669426268,1
76.38543104831147,1.1047965181530066,1.104686340282538,1
57.770893187534924,1.1047869428631887,1.1047040806606703,1
57.995117008146146,1.1048053333713277,1.1047119546914257,1
52.078544347684876,1.1048159672246132,1.1047172598941453,1
58.90709649276322,1.1048594400104792,1.1047333105413943,1
62.32012759835848,1.1049423266287326,1.1047525439925066,1
56.7763458462292,1.1050190091635366,1.1047682773203913,1
64.1219476290612,1.1050705632000672,1.1047884612137227,0
69.04765239426906,1.1051430614135063,1.1048137538163936,0
69.91617913713931,1.1052113494199236,1.1048479173224608,0
75.97819989362674,1.1052785652752608,1.1048811267793033,0
60.68686995159828,1.1053275869319104,1.1049149475057327,0
54.662304592485505,1.1053468457363689,1.104943044906552,0
57.55402356405346,1.1053658802884252,1.1049747344049938,0
50.81853250149569,1.1053717612727376,1.1050071800098784,1
55.40834229620831,1.1053700122204126,1.1050310872278937,1
55.56890894216535,1.105379134273766,1.1050487864847347,0
58.4219111043261,1.105381321083191,1.1050660090693765,0
51.77426134060471,1.105385074807296,1.105089362537938,0
51.85094402464207,1.1054074622334507,1.1051175334670604,0
52.44082507587564,1.105422769128174,1.105138812656472,0
35.911565326293314,1.105421921044129,1.1051473887450036,0
20.876358210501735,1.1054065602118157,1.1051364128439325,1
14.79774527322563,1.1053891748511169,1.1051222125104907,1
12.700291825851892,1.1053373556357875,1.1050996017138928,1
21.07503766010558,1.105287414877915,1.1050824451884602,1
37.525287329221264,1.105260810786909,1.1050736719225929,1
46.62864081290848,1.1052402216291903,1.105073126046854,1
48.63033812710714,1.1051955777151723,1.1050670508618294,1
56.7661858052116,1.105164927538612,1.1050641798197254,0
57.14071581462639,1.1051363520846118,1.1050669167191274,0
53.11713884496065,1.1051223978845304,1.105075618500424,0
50.48893595703753,1.1051152193494418,1.105091657097978,0
46.84066835448599,1.1051080821396213,1.1051028329294519,1
44.89593439890822,1.1051042649605551,1.1051182998996512,1
55.43441116993614,1.105105808594369,1.1051477067107427,1
62.37933260954803,1.1051089110890255,1.1051757454940934,1
63.4646459045677,1.105104113882669,1.1051888445564602,0
75.6437660672689,1.1051069282305293,1.1052046016733148,0
77.39726645328248,1.1051203047478542,1.1052224717231711,0
75.67418248762324,1.1051469574609885,1.1052455481216894,0
57.67481373181683,1.1051809687030913,1.1052603084703156,0
44.48031207638392,1.1051907611590779,1.1052542308332347,0
41.28710055407302,1.105216729727069,1.1052555007628864,0
35.30461840803696,1.1052403405357265,1.1052469650664631,0
35.67246926415136,1.1052515809324055,1.1052351505907914,0
33.920707046879514,1.1052223083712085,1.1052203239796847,0
29.958136102642285,1.1051477246756722,1.1051887332318557,0
33.77306807433715,1.1050844645641231,1.105161441018936,0
36.64459900144975,1.105010230887926,1.1051432382079354,0
34.40801206042629,1.1049251195438596,1.1051183572754686,0
29.019554208370707,1.104806198854978,1.10508332089714,0
26.211786251054363,1.1046882855393256,1.1050448379651774,0
22.502829906086035,1.1045807863290518,1.1050087605712273,0
15.99525427058147,1.1044569260975243,1.1049572943344694,0
18.584752232787878,1.104333260021458,1.104904080067833,1
22.334553123148723,1.1042069556879384,1.104850924103854,1
20.079394466728758,1.1040892950366104,1.1047963372910774,1
23.44957773493074,1.1039668740182622,1.104734126715217,0
21.95335933336264,1.1038119972716791,1.1046627308638735,0
32.08381094957754,1.1036608257855895,1.1045984523258208,0
37.298823260755825,1.1035295498254312,1.104541093627724,0
33.65498366306326,1.1034361731142037,1.1044899617843686,0
25.285627453290658,1.1033147825849219,1.104435061681485,0
25.635171768292338,1.1032072460023479,1.104381158958307,0
31.14997816424811,1.1030898088600922,1.104323069246663,1
32.68850546443366,1.1029873292223284,1.1042636019591099,0
42.695870981914624,1.1029375549183307,1.1042112267659114,0
43.21678564485597,1.1028590801562657,1.104151043158524,1
35.36032935697587,1.102745014645828,1.1040782591728864,1
43.56462166183885,1.1026616643463139,1.1040139153627246,1
39.86022088116234,1.1026140398260245,1.103960168409898,1
36.99950261515153,1.1025645728813789,1.1039080430330026,1
45.527992873785,1.102524827446963,1.103863021609566,1
37.32883227012128,1.102498181452983,1.1038216246613475,1
46.60133449723701,1.1024961752059095,1.1037875841990308,1
49.35052090059258,1.1025045674946434,1.1037484267869477,1
51.01744172407534,1.1024969517397616,1.1036990293353057,1
59.62769792084159,1.1025199019025522,1.103663856390169,1
60.7659522341204,1.1025483623756114,1.1036161047986732,1
63.37468580813623,1.1025700057067254,1.103571913774666,1
59.61981184707128,1.1025985163701406,1.1035315410219682,1
69.42213906528586,1.1026469627209898,1.103502659132988,1
81.12256125110147,1.1027328307591762,1.103484961129307,1
78.89850787284294,1.102825828093366,1.1034697842114316,1
75.53410221317492,1.1029207962002112,1.1034490642889998,1
80.45755622162744,1.1030252580800997,1.1034301407555396,1
74.31642114964731,1.1030938786022393,1.1034071326537398,1
81.43013969673288,1.103213278450236,1.1033935832464066,0
78.79517422353362,1.103358929749167,1.1033737091734113,0
75.07246067267363,1.103477033669916,1.1033459458462955,0
78.72434625646876,1.10360104765041,1.1033281999888256,0
64.2260348607303,1.103714890827641,1.103317694900428,0
62.05939731981199,1.1037985612239836,1.1032957542083317,1
63.59759207920708,1.1039093220620413,1.1032892172718736,1
59.081183904262886,1.1039828393402114,1.103280087562153,1
48.98971726605248,1.104030484065571,1.103271697064693,1
43.95455398465634,1.104093497253341,1.1032773383663732,1
49.559416228566,1.1041419363802314,1.1032868451166125,1
55.958662601916785,1.1042102455306273,1.1032961106557537,0
57.91991594819384,1.1042823639657298,1.1033148115434142,0
57.5419117632443,1.104338641085798,1.1033445179142962,1
43.02637205081909,1.104354064926524,1.1033689708878671,1
49.05864136173198,1.1043685861040784,1.1034000810393174,1
49.22146879398814,1.104377787021814,1.1034381285811474,1
47.53922071833522,1.1043945267123583,1.1034735709653598,1
57.909218290180995,1.104424289732886,1.1035170743735185,1
64.29391818417706,1.104472561934101,1.103560439412736,1
62.02853465639581,1.1044974716431843,1.1036058222963756,1
71.31299982499729,1.1045528083574752,1.1036700336077296,1
73.55349420830885,1.1046039721215797,1.1037232043806915,1
74.3354209023741,1.1046662832830176,1.10378289337186,1
71.94184566870905,1.1047496565356718,1.1038430882690151,1
70.85735029314924,1.1048516328830869,1.1039104943275977,1
72.13081533565828,1.104958530048279,1.103989730890246,1
77.89033242801817,1.1050828981639995,1.104077323283716,0
88.98786291043722,1.1052310443856466,1.10416918313002,0
88.54332376970787,1.1053872284260648,1.104257207769467,0
88.19236998601438,1.1055201526132206,1.1043512740993944,0
83.58135031789334,1.1056297043557057,1.1044499865397048,0
73.63311921102277,1.1057086432449938,1.1045336031028863,0
60.753370521464,1.1057694387117698,1.1046066774685943,1
65.24581722471694,1.1058824044454958,1.104696103513514,0
53.84983251791033,1.105956302048957,1.104772670880115,1
55.66944493660916,1.1060317210456467,1.104851544418213,1
50.89618944006624,1.106106750338085,1.1049178010182301,1
51.912671149690496,1.106166467818863,1.1049818345032063,1
53.993712761918566,1.1062300779076877,1.1050536898799066,1
51.42738335805102,1.1062997567822566,1.1051177642482573,1
46.89197608057005,1.1063282144600735,1.1051819744415146,1
43.77320829127858,1.1063638180856392,1.1052407293322573,1
39.69439132765445,1.1063897428085414,1.1052993839472203,1
40.12277310877007,1.1064110819676771,1.10534873596769,1
51.37950116117879,1.10645250242627,1.1053983629944353,1
58.437977329641605,1.1064783604827415,1.105450743845996,1
73.34740359107339,1.1065076241696592,1.1055120544714951,1
68.90662545122717,1.1065387566344214,1.105574582551749,0
82.2482030256645,1.1065714035969862,1.1056482177673659,0
84.79943714289864,1.1066122401738747,1.1057108587888498,0
75.60984276395968,1.106646212416554,1.1057648996066596,1
75.84664522351312,1.1067018521164198,1.1058235304814878,1
68.44802645343609,1.1067772168117194,1.105877145133118,1
61.417762450860955,1.1068138091498434,1.1059356708423949,1
67.90197021556502,1.1068757450737348,1.1060035444200154,1
72.96935177235562,1.1069595740480511,1.1060716452126167,1
72.25019415612562,1.1070478742955174,1.1061438150003526,1
74.93573567354434,1.1071361959377053,1.1062241192520599,1
75.17407434552744,1.1072378147458743,1.1063114168769201,1
74.53540599517548,1.107330137749411,1.106393044795929,1
78.63583901761274,1.1074702321612384,1.1064859690937592,1
78.45488208806596,1.1076213160434571,1.1065763101633481,1
64.93005441770714,1.107741749785031,1.1066606274269135,1
66.5160223304653,1.1078772140178146,1.1067579956042062,1
74.95079045139738,1.107994285442731,1.1068486427298962,1
76.7160789190935,1.108123338534684,1.1069489644511439,0
81.90460795650783,1.1082514661801153,1.107054830258598,0
84.51079712578002,1.1083675737667567,1.107151896165297,0
75.7857508609128,1.1084477147719918,1.107238278902522,1
71.92524930517244,1.1085220051049869,1.1073206721735707,1
67.06118813019552,1.1086029901103882,1.1073849723078248,1
63.27562752173722,1.108669271944766,1.1074496504107623,1
59.82654835732732,1.108754152808617,1.1075122929433578,1
64.14770921060608,1.1088720114902597,1.10758461282423,1
57.00613071617989,1.1089869947845685,1.107657689180608,0
49.10812272272201,1.1090654655868752,1.1077144194280555,1
59.60413130704659,1.1091502863555538,1.1077707702769743,0
61.256504901296424,1.1092484241013434,1.1078310711383388,0
56.54644958103049,1.1093118818793988,1.1078812782582534,0
50.12646438849738,1.1093697181022615,1.1079328709915455,1
46.5766515707939,1.1093887494013326,1.1079895871120098,0
43.53471913632093,1.109387524581023,1.1080478626977597,0
53.17908305072748,1.1094224354086084,1.1081218261056491,0
53.686315957359774,1.109444231889648,1.108182726581867,0
61.08059364682553,1.109466603981573,1.1082527635029427,1
59.02241423819439,1.1094563173995198,1.1083188029926931,1
53.44818383204886,1.1094293712226926,1.1083838786124411,1
47.94232354905619,1.1094153376059928,1.1084514440801492,1
43.13344840721389,1.1094140759655557,1.108511878125669,1
60.713268015041024,1.1094418541317466,1.1085775111133667,0
55.78966616278466,1.1094763955619662,1.108644244748582,0
50.06306747504482,1.1095230151148194,1.1087133292224343,0
59.914119821212765,1.1095747948540842,1.108786313761575,0
51.46798954909333,1.1095802505397898,1.1088522802530754,0
43.055058421283135,1.1095533740203682,1.1088980378182474,1
40.305067928214086,1.1095215509021588,1.1089316955958224,1
43.307934583675205,1.1095019975054776,1.1089685196113015,1
41.83185698419606,1.109456216764308,1.1089980551902934,1
50.247929067506014,1.1094579557559885,1.1090358991218543,1
51.371325745267924,1.109453241291189,1.1090692714384711,1
53.58508836384922,1.1094510747730166,1.1091115320545948,1
56.11736140194654,1.109483813378829,1.1091606472027236,1
62.6579289671465,1.1095369191714561,1.1092257070495437,1
63.393083881264076,1.1096227617399619,1.1093063076179144,1
67.30108401985922,1.109720436815268,1.1093906401995561,1
68.70631983040212,1.1098467852111282,1.109473687457924,0
68.12355387111548,1.1099885833857313,1.1095601622485267,0
75.01510317400418,1.1101312212561099,1.1096494542075108,0
80.54421847804238,1.1102711838380244,1.1097252257625292,0
84.17273074095476,1.110372968978919,1.10979464360517,1
82.76962911703149,1.110480698045737,1.1098484311023813,1
85.01602422815543,1.1105825040723307,1.1098978044339838,1
78.58822003029637,1.1106635228157065,1.109955022973845,1
83.48925014357852,1.1107762628567879,1.1100118997886645,1
84.47874055387754,1.1109297446081778,1.1100722214844263,0
82.50075006780342,1.1111074373075807,1.1101253351049811,0
81.65050884127128,1.1112883541966478,1.1101832748179146,0
68.49159979790751,1.1114604236211914,1.1102351951320673,0
62.75175674734793,1.1115912151645608,1.110293299278882,0
53.12714926902981,1.111719718087101,1.1103483566313168,1
40.319272918278195,1.111817454690837,1.1103973178867745,1
34.91658642671507,1.111890819434997,1.110449266198816,1
36.62327214089639,1.1119322665732088,1.1104969525553805,1
49.90062512611179,1.1119654929039198,1.1105437001833784,1
53.04370757903433,1.11199005591644,1.1105918646523047,1
48.91146728141578,1.1119838951887082,1.1106410592986573,1
58.36613225960879,1.1119966579452334,1.1106987108843986,1
60.06097499589072,1.112016060791049,1.110756508883393,1
58.86993642427996,1.1120524628881614,1.1108214581660343,1
57.528790139568066,1.1120977407070427,1.1108858526470824,1
47.80893181409754,1.1121286775542343,1.110944402363542,1
51.045827802086166,1.1121565840691223,1.1110054282292237,1
56.19938020855101,1.112207620234046,1.1110690969040202,1
65.34669066120182,1.1122764793818471,1.1111447987855443,0
78.7349427600127,1.1123541576044436,1.1112272429335743,0
76.3680028645972,1.1124231769824187,1.1113120789381405,0
71.11566751829,1.1124532391476787,1.111392821987909,0
68.09764659605088,1.1125025399433546,1.111470076067012,0
58.25094598728445,1.112528219040436,1.111538956508834,0
63.64049700550953,1.1125694979880394,1.111599414173834,0
57.16782050025797,1.1126365609461042,1.1116613840404295,0
50.06324446523064,1.1126978735669286,1.1117192095796598,0
41.0807319043893,1.11273709185437,1.1117618713554949,0
44.268603175375574,1.1127613123972613,1.111816124926367,0
45.84491328399263,1.1127680802522892,1.111877747145073,0
42.983806533719736,1.1127726621571463,1.1119415038006524,1
30.245786112407856,1.1127063487403093,1.1119804513783313,1
19.836247468620982,1.1126213070944637,1.1120225450154555,1
21.255229252427412,1.1125541177570162,1.1120599229664456,1
31.262776848131438,1.1125152445692694,1.1121106539583148,0
32.80301466527452,1.1124839065262249,1.1121575350648252,0
30.702072866112104,1.112449118403916,1.1121915502392583,1
37.584392080361106,1.1124050306661526,1.1122163415018989,1
33.24134425919202,1.112317698352212,1.1122227734304444,1
35.10566842106347,1.1122117442638453,1.1122237659130052,1
39.91511304702323,1.1121246141209808,1.1122232105020817,0
50.189226168624785,1.112072682237974,1.112226461528806,0
47.826897893341126,1.1120171347501162,1.1122244414646147,0
49.07301475217917,1.1119850587464892,1.11222450647222,0
50.23430382383508,1.1119349654883481,1.1122242127776056,0
60.21860414587621,1.111874683063691,1.1122189780476113,1
59.07643195952233,1.1118179940031836,1.1122134055520008,1
52.74814109979083,1.111790735971287,1.1122127566177271,1
48.510723807069795,1.1117694777071856,1.112213410866526,0
46.577313479290545,1.1117441622714188,1.1122035142103694,0
57.83628457081917,1.1117587859167222,1.112202043244309,0
54.05589791027481,1.111812426641209,1.112190080356156,0
60.34376667970721,1.1118661595798565,1.1121848393989213,0
53.89273099069006,1.1118821005693666,1.1121762771283676,0
38.090297709086215,1.1118367590667544,1.1121574703501762,1
36.00091439995897,1.1118115346889366,1.112155167064065,0
40.70264148581556,1.1118063961504805,1.1121577809254517,0
40.41198282348538,1.1117900060848265,1.1121594373065458,0
44.33442915185812,1.1117895966615188,1.1121524149334838,0
51.038359702203564,1.1117923994479788,1.1121447033256207,0
44.888659149171076,1.1117602728424103,1.1121337615635625,0
40.97808827684949,1.1117018064483233,1.1121085209300419,0
40.345386361640166,1.1116567563355777,1.112080719682426,0
38.77395353430726,1.1115959469877372,1.1120419001120505,0
31.702833340647643,1.1115527107476804,1.1120062007938607,0
28.7021945909037,1.1115015289858652,1.111968118620264,0
31.54512328677717,1.1114607408571648,1.1119350682672176,0
33.54896802664402,1.1114139076236278,1.1118952715735597,0
36.1608882853291,1.1113291436434587,1.1118344765711707,1
37.839768466769556,1.1112738984378665,1.1117714105437386,0
30.942703286274906,1.1111852440300882,1.1117068700633768,0
29.48142181040842,1.11108850268977,1.1116441857729924,1
30.312558865517516,1.1109950903968258,1.11158185958031,1
33.997170398045725,1.1109301158393101,1.1115370358479175,1
35.624822232683925,1.110886267558414,1.111484178178326,1
37.70824678804391,1.1108300837943201,1.1114325762033515,1
35.55797138050869,1.1107692796192745,1.11138634334639,0
44.46172818768862,1.1107230919416948,1.1113538373414757,0
43.805273593880635,1.110678546026686,1.111319308385254,0
48.66548600335409,1.1106207556058254,1.1112857734670354,0
41.74536593309043,1.1105739895195084,1.1112542925085072,0
42.44266114060199,1.1105364513815972,1.111240561986557,0
45.06524005223689,1.1104709171883118,1.1112205637199652,0
26.511282065468478,1.1103803770791216,1.1111724038408923,0
31.543148422685604,1.1102919819980113,1.1111168957653574,1
39.99962671417272,1.1102374946665865,1.1110695538764084,0
31.477062501577194,1.1101405668988922,1.1110116476652083,1
22.53999964581115,1.1100290277928617,1.1109448704242433,1
28.461169508885803,1.1099510029779849,1.1108877984214798,1
38.687067924511574,1.1098863695048367,1.1108412606401352,0
36.841388728465795,1.1098330668109557,1.1107902511393668,0
31.64640136831335,1.1097809978595117,1.1107275120216074,0
30.333606800052152,1.1097231769234925,1.1106642764496604,0
37.6548121741192,1.1096687495735194,1.1106105121787295,0
38.129025634984785,1.1096198700881437,1.1105581400182443,0
35.763504341593304,1.1095580775249207,1.1105059339878431,1
37.212657949361486,1.1094826115613599,1.1104521903696607,1
43.0353342769335,1.1093824490845663,1.1103905225867876,1
41.577325139987984,1.1092814800391835,1.110324109318053,0
44.82026105969138,1.109210386588264,1.1102722631937734,0
56.125800527128895,1.109156553179751,1.1102133994137189,0
60.29851534040877,1.1090976423104604,1.1101546482542575,0
56.020866574083,1.1090504363573157,1.110094274430949,1
37.00889466300184,1.109023602799293,1.1100290047328631,1
42.31968725240273,1.1090034674908653,1.1099835791350017,1
45.192477135786,1.1089686056018662,1.1099323822415803,1
45.20388238580501,1.1089664805006962,1.1098756814052946,1
53.948482564146786,1.1090273979736145,1.1098398271797585,1
58.348748485676445,1.109083509426243,1.1098053635273697,0
58.60020798609576,1.1090974815810748,1.1097632934933737,1
58.90216936798572,1.1091047464663482,1.1097280405889418,1
68.18165004690155,1.109140158081378,1.1097028526748294,1
68.15477348802244,1.1091800121991826,1.1096735787951024,1
54.467548880914904,1.1091776690010249,1.1096432009840445,1
56.82013346395098,1.1091988036995728,1.109616577199001,1
54.843752216693524,1.1092219041169373,1.109594084040272,1
62.275813941825746,1.109280345153778,1.1095800320883058,1
72.85590419779565,1.109369286840728,1.1095726742736276,1
68.3727368905183,1.1094496786445036,1.1095723233184709,1
71.6895609577952,1.1095249155168279,1.109572670025358,0
72.77365202711361,1.1095963240327136,1.1095778314147688,1
67.16785556406808,1.1096843094562578,1.1095929709608525,0
67.69640665970965,1.1097839430410954,1.1096098154886567,0
67.14676455605553,1.1098943291382384,1.1096146900524344,0
65.91755324846416,1.1099818153412393,1.109621798248132,0
65.57375009844776,1.1100859185144594,1.1096347161296358,1
63.413541564812476,1.1101877072564015,1.1096430524601453,1
69.41475447747662,1.1102355446578773,1.1096448082662314,1
60.8070553447326,1.1102645739270378,1.1096397746875102,1
66.1436513048574,1.110311234047933,1.1096394848702167,1
66.7306917381845,1.1103952274065603,1.1096565357437627,1
56.89930793606878,1.1104459810858358,1.109666664556525,1
59.42813215726343,1.1104953990008033,1.109683371520099,1
59.9299007626809,1.1105875743937768,1.1097260799099067,0
59.2244946211859,1.1106647667318632,1.1097656910925418,1
57.62702113184457,1.1107587668081762,1.1098025928969077,1
50.05499169314523,1.1108087315149235,1.1098472979347183,1
56.19728352257337,1.1108489201071436,1.1099006311993405,1
58.78194123567121,1.1108930113638233,1.1099491266728063,1
58.597401715341185,1.1109326733250122,1.1099911915534282,1
65.0061647045947,1.110989128244317,1.1100402559881133,1
74.05250299144264,1.1110716350131247,1.1101092258222978,1
80.89091919399097,1.1111555652872713,1.1101827708341683,1
80.74073832092697,1.1112570778559918,1.1102500213654234,1
77.33889403555807,1.1113711594367206,1.1103223139875626,1
82.94105997498235,1.1114644941107934,1.110397282763985,1
83.46787800179409,1.1115679276725,1.1104771789046013,1
78.1691258856023,1.1116729849400027,1.1105610226084062,1
79.25164744632109,1.11179489596084,1.1106451410561726,1
81.04443729344436,1.1119302169587275,1.110727417018402,0
81.49900576471755,1.112019501944347,1.110801715249601,0
82.73291438852577,1.1121418981020974,1.1108843668731796,0
85.97261914234011,1.1122836876940077,1.1109766720547758,0
83.77914905559979,1.1124025229496821,1.1110776479700621,0
67.17469193438689,1.1124907250027398,1.1111605940972915,0
54.44392873925554,1.1125630241490474,1.1112403603157803,1
57.526507604097525,1.1126707141164758,1.11132899138103,0
56.055126020651095,1.1127716364565114,1.1113983265924992,0
50.24093430974957,1.1128603764270377,1.111459873473124,1
49.56418198759814,1.1129267588238105,1.1115229024505222,1
51.71821788928527,1.1129879397302074,1.1115935332936568,0
55.18862987170124,1.1130184781854968,1.1116605538639452,0
53.472004092375435,1.1130367381617003,1.1117254612191756,0
46.20047292197576,1.1130446088269783,1.111796797295805,1
48.90206645807061,1.1130436873554967,1.1118602674499325,1
38.86395327944937,1.1130342272256404,1.111922212007466,1
40.58510594464614,1.1130439204734734,1.1119826090324794,1
39.81745148627618,1.1130532099354207,1.112034591846283,1
55.76047072507948,1.1130782298605362,1.1120965615425857,1
65.12394850494039,1.1131063055633965,1.1121599730370295,1
64.1326840227201,1.1131644540682084,1.112228967263799,0
61.731540822888434,1.1131990300899124,1.1122902551266416,0
69.20484556230554,1.1132199053369614,1.1123510569731223,0
72.5843174534647,1.1132421886778192,1.1124167917858945,0
63.63467257740727,1.1132827443142514,1.1124809656864962,1
62.79944200961681,1.1133372826697157,1.112540905977883,1
57.24139604887627,1.1133546805101142,1.1125957806825155,1
63.514331706609376,1.113390236562274,1.112660203354258,1
63.11248503790234,1.113433812888459,1.1127275690576928,1
69.19292993736278,1.1134879782333005,1.1127936001246694,1
64.85604905713461,1.1135337835958175,1.1128489557693597,0
65.29363207452701,1.113567504380206,1.1129091631816934,0
62.79823960732875,1.1136136095531044,1.1129727454400957,1
51.607296785401225,1.1136580935373304,1.113025004953226,1
50.798030556925,1.1137215233532536,1.1130829700984888,0
45.33973326615849,1.1137785996267409,1.1131301451348923,1
43.498177743549434,1.1138133409585795,1.113184452809942,1
54.39856360296267,1.1138820010324422,1.1132478242164026,0
53.885411661353295,1.1139173987586228,1.1133063165005057,1
49.0275733392685,1.1139198105694672,1.1133548279348116,1
57.485300212289424,1.1139149563345845,1.1133992984999062,1
52.68248556193617,1.1139192701311211,1.11342930917384,1
57.34416437109687,1.1139227874277922,1.1134579458293306,1
58.69461260542919,1.1139340054655111,1.1134875628297023,1
60.23083918721307,1.1139682998531695,1.113519821853076,1
66.02947684714636,1.1140143743492315,1.1135608580732583,1
65.43593002150314,1.1140842817220147,1.1136023223023213,1
66.98190256641058,1.1141327550391518,1.1136441113939175,1
66.30481565566618,1.1141982862212663,1.1136889251618634,1
81.26500282757283,1.114289298237566,1.113737232636205,0
79.98255895260948,1.114374071429597,1.11379078356346,0
67.40971113939088,1.1144481102566637,1.11383164804352,0
78.42955385117564,1.114529954886747,1.1138712523171916,0
83.37685620571722,1.114617117354221,1.1139108427150417,0
65.30162929927464,1.1146586203190423,1.1139501282250097,1
67.37759651817726,1.114733024304225,1.1139981451969632,1
63.19087316591618,1.114797502672925,1.1140351682325216,1
61.02369396730102,1.1148315391074046,1.1140717852767599,1
59.9152997964415,1.114885560216712,1.1141163900163753,1
56.12714128515272,1.1149526049957736,1.114165166403597,1
57.43827945807128,1.1150225829343476,1.1142131557815622,1
56.34672656884923,1.1150833348506342,1.1142552518398952,1
55.65481648176929,1.1151465239024039,1.1143018601256118,1
43.93414690258456,1.115198481947058,1.114349112077734,1
49.16845580628653,1.1152520013268967,1.1144031474416358,1
58.305426061684805,1.1152981057213662,1.1144664094715486,1
46.452770968927325,1.1153240312554513,1.1145143666151123,1
53.189815709995344,1.1153698653860982,1.1145707735741885,1
64.31531473775084,1.1153975714595505,1.114616661801469,1
64.13489238648697,1.1154089001709533,1.1146582704792276,1
70.37131433213587,1.1154277276982532,1.1146960930154777,1
76.86708177709495,1.115488745920275,1.114747534375665,0
74.18178429726528,1.1155298059425216,1.1147952125594158,0
70.90724535335684,1.1155674319302862,1.1148409400160284,0
68.38394360913745,1.1156373566671525,1.1148919731661702,0
69.43683711880121,1.1156900223821187,1.1149392410819243,0
70.42407318953397,1.1157627171484037,1.1149983828878374,0
61.09014696931304,1.1158125252547966,1.1150407007537688,1
52.265263353003256,1.115841548419944,1.115079484228969,1
44.52415560159398,1.1158516970460708,1.115110653928705,1
53.08841497794813,1.1158654585088201,1.1151458257467632,1
55.60504302783551,1.1159114114677169,1.1151928146748993,1
57.74510068895543,1.1159481011013628,1.1152356567449153,1
53.593589335540884,1.1159861516093246,1.1152803353065317,1
52.25121647481248,1.1160141707425197,1.1153202063973422,1
48.88712193527543,1.116050387537994,1.11537512463605,1
45.54726127654263,1.1160867256169857,1.115423720478475,1
48.38181310132076,1.1161103494989764,1.1154621129608022,0
52.98153272693462,1.11615664079709,1.1155123586168558,0
56.47386914177384,1.1161983276407788,1.1155696773077521,0
53.999220791374285,1.1162373488990156,1.1156250500412501,0
67.17364063362827,1.1162638130934888,1.1156853515606118,0
57.75918347647048,1.1162530807933027,1.1157273299056198,1
65.69507545790879,1.116257756374851,1.1157704403797644,0
58.87693776777611,1.116252912115241,1.1158058180709987,1
42.97787160285856,1.116225156058921,1.1158235537658001,1
45.87517306058322,1.1161930689130641,1.1158418977642572,1
52.28111601589062,1.1162058313045118,1.1158699312599127,1
51.46383259729023,1.1162323372045266,1.1158931046222735,1
50.663412225602976,1.1162891532665735,1.115910595940308,1
60.1350254982181,1.1163558988886106,1.1159385567303688,1
63.108085624363774,1.1164167090268629,1.115980254182979,1
64.73223921501977,1.1165036853713337,1.1160251489387498,0
65.28635914252528,1.1166043259540186,1.1160752187464507,0
65.02612711437303,1.11670504725884,1.1161387771732614,0
56.23266837492921,1.116764310901944,1.1161876392751375,1
66.56684152254742,1.1168337939047388,1.1162382369712005,1
60.745591612972625,1.116887052673863,1.1162843183873854,1
69.04648418893098,1.1169582476193027,1.116341433577892,1
77.57420602889985,1.1170192878650071,1.1163963504554453,1
76.90540102733405,1.1170793324585642,1.1164477498509369,1
75.3474738349058,1.1171326336413734,1.1165050710769076,1
76.2926796586857,1.1172271373452731,1.1165595752827675,0
77.66341735458043,1.1173368986849863,1.1166258070749358,0
70.54151608770009,1.1174471314195205,1.1166838701080481,0
67.46470839227271,1.117587742759336,1.116739408580988,0
56.93972433903768,1.117709549001373,1.1167961048626258,0
46.64648574167319,1.1177909500275645,1.1168383651164993,0
43.670918824243756,1.1178652362451118,1.116880170536498,0
50.958359400009044,1.1179246737924953,1.1169169053889247,0
49.98175381502607,1.1179534876326411,1.116948860704124,0
50.78283429620318,1.1179521914412853,1.1169656323913832,0
30.164279727048793,1.1179052010200334,1.1169753069697546,0
30.491490547703847,1.1178458321028262,1.116986578815467,0
25.01113283412589,1.1177627608754253,1.1169889388565704,0
26.55310944420185,1.1177151199746578,1.1169976783121531,0
26.83325951693236,1.1176724066075066,1.1170021127548417,0
10.428944027902503,1.117620478666793,1.1170074997521842,0
10.768352316151336,1.1175313484491611,1.117017353589579,0
8.269021368395812,1.117433574172632,1.11702910130607,0
11.895920676023891,1.1173387394416572,1.1170370622240717,1
25.569127152821068,1.1172557391867324,1.117042802164514,0
22.64544268443764,1.1171439573080673,1.1170379177654497,1
23.520468848537178,1.1170084750549827,1.1170347364531992,0
24.10354400118129,1.116879930550391,1.1170301740311968,0
30.3454054839044,1.1167585370351172,1.1170226683798372,0
36.31046138226536,1.1166514785280524,1.1170220060270524,0
33.95540421870804,1.1165529408186798,1.1170154016443807,1
38.36650277205269,1.1164587938366362,1.1170010317523162,1
29.920962063247615,1.116353262018696,1.1169788791400916,1
36.77652036433438,1.1162703098412023,1.1169620450809987,0
43.07808485013644,1.1161980636531372,1.1169393326152426,0
54.864071872287916,1.116175430087313,1.116944246687359,0
58.80746631170487,1.1161531331928716,1.116944729542675,0
53.33218990976617,1.1161427810025366,1.1169448864114886,0
39.26141952111457,1.1160983222568572,1.1169469447913276,0
39.541120890091825,1.1160255798197398,1.116935117117512,0
33.5315231560766,1.1159509386159694,1.1169055426767673,0
35.51016994634634,1.1158849424481199,1.1168783956870163,0
34.60020704431784,1.1158378595017027,1.1168485838001216,1
29.27527420285351,1.115762271077099,1.116799611099467,1
35.82001421853303,1.1156800014705157,1.1167481191419748,1
35.37494942162577,1.115618613535202,1.116683889030997,1
38.37450121547869,1.115557702103881,1.116616086913144,0
40.89953694630248,1.115523375973917,1.1165575055172274,0
44.60553824097975,1.1154924323325444,1.1165139169520775,0
35.09237064997036,1.1154542627820299,1.1164701935779688,0
32.877700218037035,1.11541400488811,1.1164261825300796,0
29.628076382446878,1.1153462555722051,1.1163562349334772,0
31.332861747455112,1.1152796593443637,1.1162830277318343,0
35.41589405115715,1.115193756055861,1.1162078145199175,0
37.23532196416976,1.1150927253997207,1.1161233693185815,0
35.34980512380275,1.114961208028788,1.1160378749607647,0
32.82356164298163,1.1148317533483065,1.1159426714080032,0
37.41515719273245,1.114709551929602,1.1158498546155213,1
28.914810421189117,1.1146003061880743,1.115751970162823,1
31.755781811386257,1.1145206373617698,1.1156595524616706,1
33.891375818896734,1.1144713596843538,1.115577706539483,1
17.78138766376685,1.1144017191210112,1.1154929888373761,1
22.26658363118274,1.1143456116680164,1.11541695895033,1
22.67549420399361,1.1143117432535674,1.1153429133478374,1
25.26041056265757,1.1142647320087518,1.1152731353689618,1
40.724124818815945,1.1142355898960603,1.1152160445814072,1
47.4058509431996,1.1142077441301574,1.1151608517240765,0
55.76525617778113,1.11417001210434,1.1151204060087934,0
66.1981080456049,1.1141231343512625,1.1150771227027192,0
61.63146971608826,1.1140710979972839,1.1150296701338798,0
63.13586128166006,1.1140378520795646,1.1149931318951882,0
56.042621319309575,1.1140197274997556,1.1149515865537152,0
61.4371903310181,1.114014018615322,1.1149152055089102,0
60.29809182330643,1.1140109782346106,1.1148767100370989,0
56.157366075605125,1.114019623793948,1.1148289231614676,0
64.72288037097893,1.1140283101451198,1.114791616095586,0
39.406359852097474,1.114007615982365,1.114742327778956,0
36.95199471869068,1.113982063785721,1.1146907079096533,0
37.59096379626289,1.1139676543013066,1.1146356170692986,1
32.52311413657273,1.1139531128426925,1.1145802061875265,1
26.009559813869856,1.1139165271472211,1.1145231410708993,1
28.952001845510367,1.1139152830555241,1.1144755845249315,1
23.563046589581106,1.113879882355408,1.1144276070850148,1
33.62825882912236,1.1138605023352839,1.11437899034547,1
34.120267968742226,1.1138472474862438,1.1143328089022042,1
36.14973701118224,1.113813676011207,1.114271342950965,1
46.759196304150464,1.1138032359575907,1.1142208928299642,1
41.910820941432114,1.113760594301989,1.1141675313285746,1
47.129559478449586,1.1137274330965137,1.114128767038582,1
51.74497483458086,1.1137184671864286,1.1141068250805553,1
57.165203036810276,1.1136940194203293,1.114090364216932,1
64.5009502849483,1.1137076145268405,1.1140806553852034,1
62.95494785436542,1.1137158305400463,1.1140663939242474,1
63.33096631049164,1.1137288754075512,1.1140633517692795,0
69.58888642565432,1.1137489468554964,1.11405650131546,1
65.15706132556872,1.1137689317349913,1.1140517433755013,0
73.04324348982365,1.113829306474266,1.1140509695271101,0
72.59416626398612,1.113909814417965,1.1140452832872725,1
60.928183140922606,1.1139627017085483,1.1140237248197002,1
68.13071612183109,1.1140327562568948,1.1140116035774725,0
54.46606486181975,1.1140932885525348,1.1139948545366694,0
63.597540183359364,1.114150323423627,1.1139972116655001,0
64.2031345419555,1.1142372514944947,1.1140106439450674,0
55.778946151898325,1.1142932732109014,1.1140187972074862,0
56.95650809100016,1.1143367247975606,1.11403040866134,1
46.730550391245636,1.11437328422384,1.1140361734289856,1
46.867511766891226,1.114379990171276,1.1140401875591521,1
44.38701764553388,1.114399980156926,1.1140437026195038,1
46.693272520422894,1.1144178777379554,1.1140557956585344,1
52.249721447570586,1.1144404212154062,1.1140747386220098,0
54.204886849961724,1.1144939592531549,1.1140994040444525,0
49.45068895224485,1.114518177791004,1.1141272388532004,0
55.533682181354735,1.1145430086984658,1.1141453527364273,0
43.7838440500941,1.1145382576286051,1.1141539575192947,0
46.90000105595437,1.1145175136801655,1.1141576139840255,1
46.599660403631,1.1145132571373444,1.1141628102720151,1
48.69533030968576,1.114521072212779,1.1141763007601586,0
48.14122570713102,1.1144984697243272,1.1141766663352675,0
47.45708588590906,1.1144932082515868,1.11417175437983,0
51.83378900601896,1.1144679855888489,1.1141703586140985,0
53.92709747714512,1.1144719027233134,1.114168474794169,0
51.722640941057286,1.1144481876119143,1.1141685957103635,1
50.281717698775466,1.1144139328391298,1.1141706096345905,0
42.25010885079869,1.1143889349725922,1.1141699799026787,0
33.87477145022865,1.114369882536311,1.1141705121582854,0
39.573443977948166,1.114375609933777,1.1141750933444488,0
40.48797256487962,1.1143846574807446,1.1141910041585037,0
46.62237376494167,1.114391779753617,1.1142075890066623,1
50.93074498591734,1.1143855629714463,1.1142229591265904,1
43.14386228521508,1.114358366113696,1.1142368399304112,1
23.223077273537797,1.1143046838333355,1.1142546667188984,1
28.329242490950094,1.1142555521324335,1.1142633464839642,1
52.4628619835086,1.1142335384671955,1.1142868151811425,1
57.155386109834424,1.1142451901665598,1.114307832651805,1
52.33438008254304,1.1142644977121514,1.1143245140743885,1
65.18947419546188,1.114279786799314,1.1143492545872578,1
58.88146014074533,1.114265834851777,1.1143613403178332,1
70.61429368909211,1.1142879950068818,1.1143876266172243,0
72.35040346712228,1.114324586758757,1.1144106158447271,0
68.78035091182468,1.1143599650648266,1.1144269577654577,0
70.7925492654258,1.114397856707401,1.1144500097089978,0
60.729798499431226,1.1144243292604934,1.1144552816038247,1
53.86506254915905,1.114427539385885,1.114455293172926,1
47.97123116958362,1.1144199482263866,1.114446409030213,1
50.52132288542328,1.1144147179973731,1.1144368206150361,1
59.225442361859926,1.1144272812296316,1.114438433142305,1
61.37811937394995,1.1144732176300358,1.1144485686208119,0
61.62512320863564,1.1145352705853198,1.1144577714736041,0
64.67660865778308,1.1146064803547866,1.1144804705850857,0
54.122658984431055,1.1146519997026292,1.114484537308705,0
53.290199514833226,1.114694929108924,1.114495322941454,0
45.95489713079731,1.1147299236998802,1.1144951865944654,0
42.34688187222671,1.1147316258693052,1.1144845649310666,0
42.15611029811384,1.1147223920897322,1.1144794802033373,0
38.771054778467224,1.1147105091562644,1.11447402781787,1
37.63497072582678,1.1146584824095729,1.114463333861551,1
44.20232595914623,1.1146226816090696,1.1144584168929506,0
44.600930217124024,1.1145531927936165,1.1144489116719007,0
44.99511811480665,1.114481748048242,1.114436163968842,0
46.34909526663581,1.1144430240750742,1.1144279989093249,0
33.429495815826144,1.114383793579145,1.1144059434393936,0
24.640194850645983,1.1143101719126558,1.1143720792524854,1
21.49512130432356,1.114249161694872,1.1143377543714883,1
30.736715210985153,1.1142225747467092,1.1143201358774546,1
40.920592008347654,1.114223218863938,1.1143191026885453,1
39.74665604046299,1.1141794320122582,1.1143049030922705,1
43.321471190239116,1.1141096261467338,1.1142839901943937,1
42.49474594750742,1.114023269857836,1.1142676915270078,1
43.517983639379985,1.1139278116764997,1.1142543119550508,1
58.35609674569958,1.1138990345113808,1.1142569568777179,1
51.207398233683385,1.113855852898332,1.1142489030114615,1
55.465861855054676,1.1138282941364843,1.1142472292042935,1
56.100315004489396,1.113817063486187,1.1142458171898895,1
53.21696089122052,1.1138246417880422,1.1142537629295175,0
56.97853995354206,1.1138407711958653,1.1142623832816916,1
70.09357930024981,1.1138912108589365,1.1142695742316147,0
69.48205299081098,1.1139245571396543,1.1142743767565144,1
67.23097714259274,1.1139780314698773,1.1142834123584047,1
58.20117939738874,1.114022769213006,1.1142910464654658,1
68.97448582746149,1.114045719294436,1.114302940181621,1
64.39241518406708,1.1140769159896995,1.1143148363019393,0
69.30148302149576,1.1141517235037128,1.114330547800997,1
69.90800816693283,1.1142303821388488,1.1143364918401497,0
63.600745726358774,1.1143094171332215,1.1143458266641193,0
79.53962809704097,1.114358306009927,1.1143566260076554,0
59.54128384857978,1.1143990426435262,1.1143526054299553,1
63.50557254892584,1.1144512576112875,1.1143581592981981,0
51.24867680258183,1.1144968662513877,1.1143512400248101,1
46.735130002595795,1.1145342576217225,1.114338180300237,1
41.6893755005277,1.1145230489224418,1.1143221904207636,1
51.58204434568312,1.1145550013494843,1.1143117608682946,1
40.978782740923634,1.1145511125683947,1.1142979425274542,1
54.803651623969614,1.1145872746177334,1.114309711282629,1
56.12624459463555,1.1146229907243344,1.1143349799286966,1
58.203586839286274,1.1146605856673448,1.1143607303496803,1
56.885230811051294,1.1146927364422536,1.1143757563166636,1
57.8402061947215,1.1147350452567968,1.1143791078072187,1
56.02244385392516,1.1147811340036466,1.1143817577257358,1
58.15962149210845,1.1148420488684185,1.1143852738709186,1
67.58522748191209,1.1149019742218325,1.1144029299893023,1
64.47910787767134,1.1149687874405059,1.114424379634572,1
68.44206346467648,1.115026984076966,1.1144493719518314,0
71.56194109476758,1.1150833505563769,1.1144771817149783,0
74.26170711720692,1.1151199026578207,1.1145048308913545,0
73.66505951220032,1.1151742322165714,1.1145421152317783,0
93.23050558030401,1.1152640606131796,1.114594836711398,0
59.05349566050999,1.1152908543577569,1.1146254283976729,1
57.06559197441391,1.1153410725984951,1.1146663919467616,1
56.916606013919655,1.115404018377234,1.1147070884318337,1
57.16845577147482,1.1154756184440366,1.1147352281683487,1
53.00914035502705,1.1155207741626454,1.1147665531016948,1
56.19872458502244,1.1156148266852637,1.1148198044364974,0
57.640234663133675,1.115676025876809,1.1148804569554038,0
50.39970531417778,1.1157097910512008,1.1149298664504932,0
52.01962320262889,1.1157463134261878,1.1149699681745802,0
48.18162448229489,1.1157690843601658,1.1150116172558266,1
43.13326007162264,1.115766877710549,1.1150420084327448,1
41.6009596521486,1.1157474534661378,1.1150714311690562,1
40.267364161596454,1.1157312868900227,1.1151066639563276,1
42.02162212504411,1.1157210831225985,1.1151317494337893,1
57.6397253872002,1.1157172319262572,1.115168931245742,1
57.93624062279924,1.1157272172430228,1.1152089411944468,1
59.260969205991906,1.11574721433335,1.1152492420538436,1
55.853025274012914,1.1157605128239543,1.1152791793057195,1
59.6025508668764,1.1157632836012756,1.1153111201939425,1
58.3629443137066,1.1157691571706412,1.1153460152360801,1
57.58602120578036,1.1158304509394739,1.1153877859176007,1
66.39905667931065,1.1158997398972308,1.115435075317703,1
67.31318661366521,1.115976732369775,1.1154886736945415,1
74.6692711899231,1.1160592771967788,1.1155406513292858,0
87.49744336352218,1.116163702054154,1.1156012675274765,0
93.00030954286942,1.1162508674018403,1.1156594619957483,0
83.79264100580171,1.1163105917328267,1.1157125407929949,0
80.47424318499966,1.116379463224371,1.1157578848869532,0
72.7044181449868,1.1164310553919365,1.115799067927384,0
65.01227932686945,1.1164870947363954,1.1158468380929742,0
61.813462608051914,1.1165616605732658,1.115886169617536,0
60.74521158131739,1.1166337408696896,1.115926181016377,0
56.60323942593411,1.116688265841083,1.1159682672440718,0
41.977094609848535,1.1167000897167918,1.1160025657515296,1
38.551021870370676,1.1167074167168096,1.116029897392672,0
29.39887413886437,1.1167038853621551,1.116070050311951,0
20.24060461534046,1.1166803550037279,1.1160864742082415,0
23.166312589977196,1.1166763355542557,1.116100517237688,0
21.932836215857137,1.1166799008186774,1.1161188462544755,0
18.4086065363759,1.1166473465422553,1.1161278592760806,0
18.63425508953945,1.1165920370242077,1.116130582624565,0
17.540579214402612,1.116507356670341,1.1161255643843806,0
17.21548823357675,1.1163979532122497,1.116111035432074,0
24.73640188725038,1.116295720153674,1.1160981497020226,0
24.62267826563172,1.1161745274494423,1.1160835635310513,0
25.897394030958836,1.1160497648414798,1.1160685743015537,0
22.204523094554986,1.1159081724178193,1.116042469537572,1
30.806396363646044,1.115778557269071,1.1160213467314533,0
26.26677043848713,1.115641526784072,1.1159859857543841,0
26.636251623639197,1.1155155229626519,1.1159474230327633,0
30.403184152714232,1.1153958475753618,1.1159281669045782,0
34.511861038319864,1.1153084683658243,1.1159131393233086,0
25.814061919528797,1.1152060762732445,1.115889090402476,1
23.14668130268052,1.1150867957183317,1.1158470366612476,1
25.575619653322917,1.1149670735009798,1.1158084171280058,1
36.46136741954798,1.1148743408692199,1.1157738559855332,1
44.29928390430824,1.1148124487622202,1.1157410433624058,1
41.7968342598969,1.114743812861423,1.1157141259617769,1
40.91365311048056,1.114653738865777,1.1156818164303113,1
44.911325723271815,1.1145998851070462,1.1156601795748329,1
48.31217971039641,1.1145428690269983,1.1156409791511448,1
47.70078958494503,1.1145045354487375,1.1156283971774206,1
54.42985445451631,1.114487882469381,1.115613673663817,1
57.75374634549233,1.1144746905160077,1.1155995926593862,1
64.22864244758833,1.1145058008553,1.1155989911026682,0
61.954148425897536,1.1145467651567191,1.1155963934670323,0
65.3887840184936,1.1146101529392192,1.1155876449799194,0
82.51063717692135,1.1146636258365832,1.1155825919365048,0
71.05190170547283,1.1147091514712966,1.1155643329023925,0
62.53355460535365,1.1147433574195895,1.1155371031323427,0
56.03636668042139,1.1147672634772416,1.115502891919685,0
52.65112326401191,1.1147628983299867,1.115458402696411,1
55.64411741826224,1.1147804508117996,1.115410577779286,0
48.27889352736391,1.1148309596769639,1.1153557096533215,1
57.634290228684804,1.1148955262589666,1.115301146809931,1
55.756990373622564,1.1149330882792206,1.1152467443364855,0
53.52443920754882,1.1149519265993635,1.1151975773090204,0
46.5028608216634,1.1149627016075292,1.11514742131504,0
26.346417134920642,1.1149831790187377,1.1151026658810317,0
30.68511806080238,1.1150039260649662,1.115066912106261,0
29.258418181375177,1.1150262693509552,1.1150268226622206,0
27.038240798387022,1.1150315955230672,1.1149875390387718,0
32.804950045103865,1.1150247837523604,1.1149482808283278,0
29.965011259178283,1.114981880769189,1.114912309080345,1
28.416170641077798,1.1148852940175378,1.1148701420229594,1
28.588702729422536,1.114775677713276,1.1148251104074804,1
34.580137317904075,1.1146868117011102,1.1147902276588724,1
40.24955700396129,1.1146022677235625,1.1147529648042274,1
32.46497082374097,1.1145471637332587,1.1147112380682251,1
39.67411501467258,1.1145152439093537,1.114684262079182,0
39.04660807536433,1.1144874027451945,1.11466103820808,0
43.53237318279964,1.1144732798797534,1.114644771980176,0
41.89733710772676,1.1144553233649375,1.1146335258403612,0
37.58873017607329,1.1144536835843486,1.114618895025591,0
39.0602948001095,1.1144264869638851,1.114601930615708,1
31.370028740265198,1.1143627049800742,1.1145719203919233,1
31.968959995226314,1.1142970483136474,1.1145531276673517,1
47.587598402524655,1.11425765129001,1.1145390589234156,1
57.25010731688943,1.114229819637148,1.1145379830222621,1
64.4279242153936,1.1142040924725851,1.1145423399102343,1
65.72642427325593,1.1142099142220847,1.1145524493209098,0
65.11422663149551,1.1142269375827851,1.1145549267255561,1
65.1275718160444,1.1142514765695282,1.1145664409468414,1
57.77472528689271,1.1142869388416918,1.114592366329689,1
56.70871545942633,1.1143299488889107,1.114615292178132,1
57.69291378753577,1.1143893388164796,1.1146311095863846,1
62.8593548359251,1.1144536711728954,1.1146467166231424,0
61.14865378553921,1.1145119734152407,1.1146602290257546,0
61.90256047392124,1.1145606189699429,1.1146739901098914,0
80.062761290068,1.1145965089745953,1.1146829116262016,0
82.65205688811274,1.1146434776573075,1.1147012816602035,0
66.29054238556424,1.114662931545029,1.1147081304186925,0
48.25749985338506,1.1146494910447475,1.1146981692705078,0
40.41530849986556,1.1146238120564822,1.114678543641781,0
27.790608822180047,1.114588563761693,1.1146350357782653,1
25.77088208692365,1.1145822756213126,1.1145861245777609,1
23.945814828691695,1.1145757849635831,1.1145393804770973,1
24.341567992990164,1.1145411543576769,1.1144900703318532,1
34.95016450730772,1.1145144175337538,1.114460089447245,1
33.20850110030953,1.114478100919031,1.1144362373100112,1
27.108309334814862,1.1144277494588752,1.1144166437135634,1
31.84443777401826,1.1143854012420156,1.1144039278903675,0
29.86218670033881,1.1143230107927784,1.114383464939233,0
35.88160595521309,1.114285471798784,1.114374171178417,0
32.31675173660712,1.1142515374333317,1.114357696647878,0
40.8369504414297,1.1142184237098918,1.114345243758653,0
46.05680562159639,1.1141511738613985,1.1143264155279564,0
41.6902372449127,1.1140627093255504,1.114300232112963,1
51.37538160947082,1.1139932659735452,1.1142780248918145,0
55.79546168089893,1.1139294608450487,1.1142531255382346,0
51.89917913549041,1.113843106842003,1.1142280166566227,0
49.97262076834255,1.1137653657149804,1.1142016384954578,1
48.4703646754266,1.1137389488240206,1.114183835299172,0
42.1327434314247,1.1137029488074104,1.1141669708570696,1
48.06371782516366,1.1137098995714876,1.1141648779998454,0
42.41076935653101,1.11371096312751,1.1141602387434544,1
49.01838688945107,1.1137238192671988,1.1141541835035327,0
43.33855478107482,1.1137385448558865,1.1141445811847825,0
46.29045879541146,1.1137405312430235,1.1141374364511507,0
41.4195503563292,1.1137294547486598,1.1141219216457334,0
44.65017914337623,1.1137114292453107,1.1141062543136098,0
51.71379758536965,1.1136846844224322,1.1140884897074392,0
42.87053820949132,1.1136599892844834,1.1140653313070512,0
44.817880395045336,1.1136308198349045,1.1140450256786396,0
46.50947476857284,1.113595088646127,1.1140251373207746,0
49.59565045926058,1.1135458712493604,1.1140185102663673,0
38.46833893983846,1.11349781647047,1.1140067227906858,1
33.624271886446195,1.1134346330681886,1.1139710248242345,1
21.408149260657822,1.1133563159045976,1.1139286233987944,1
40.46216657612605,1.113308541829439,1.1138949052809763,1
41.24575316466841,1.1132860675919147,1.1138584780045546,0
42.427204331223315,1.1132763493949132,1.1138214032203089,1
38.04077216400145,1.1132458063137076,1.1137815671968436,1
40.26358332125694,1.1132334413992868,1.1137455718801075,1
44.06478446383001,1.113204643177295,1.113714755715199,1
39.32567780566346,1.1131716420740934,1.1136731600464997,1
48.572122835597185,1.1131457799174274,1.1136310270013459,1
48.458824587242226,1.1131355777576295,1.1135940229217383,1
53.72392839443723,1.113127100572251,1.113564029092074,1
56.446483129809785,1.1131333622329862,1.1135366629490897,1
61.6317886653264,1.1131423600371781,1.1135058072655581,1
81.8235447581904,1.1131608369722783,1.113487651878339,1
84.60106798683421,1.1132032239312215,1.113486824461641,0
75.58396628488347,1.1132291879143195,1.1134871760217744,0
66.93878087185968,1.1132542460743207,1.113491410245826,0
67.57552050889235,1.1132842610774811,1.1134993044488348,0
75.48186129241961,1.1133524266235333,1.1135173794546658,0
65.89762381736928,1.1134404405683322,1.1135307393084968,0
55.15267024212546,1.1135093070505842,1.1135265792055264,1
62.61252845295418,1.1135444557141303,1.1135214471990158,1
58.01988782965669,1.113568598628886,1.1135148176725589,1
55.21586823001227,1.113595630574303,1.113505494953224,0
52.43632702358647,1.1136302651801269,1.113504468951783,0
48.051567344156076,1.1136612147637392,1.1134958690660897,0
56.637271724838705,1.1137063055122027,1.1134966629467473,0
44.4376162846785,1.1137450948932188,1.1134838285198305,0
37.50966919732036,1.1137547419934433,1.1134724542541634,0
38.46860022762902,1.1137521095525336,1.1134697830125315,1
34.686621611728725,1.113714056493571,1.1134523453000846,1
33.522378559846274,1.11366678848246,1.1134315940040542,1
34.197919625714604,1.1136441482739696,1.1134262238383446,0
38.64055569952625,1.1136117284442641,1.1134261969700523,0
46.869983154734086,1.113573891916138,1.113420801698488,0
39.882917128533975,1.1135224635271985,1.1134149819096897,1
37.191866589887006,1.113470393743732,1.1133956079147236,1
34.82002099038857,1.1134111681701317,1.1133793864658834,1
32.263555049660795,1.1133239415678073,1.1133574283749093,1
40.36434010109029,1.1132745262285433,1.1133451318575593,1
35.156061315216846,1.113255489134176,1.1133325623619874,1
36.8456581404299,1.1132173087578363,1.1133165888026866,1
41.64610902801609,1.1131820626376452,1.1133030710294927,1
44.9844248979685,1.1131516897187161,1.1132922970717376,0
59.37705179540705,1.1131347597373962,1.1132943771329482,0
66.22630071936527,1.1131448859001942,1.1133014954922056,0
54.19586984273298,1.1131174376985358,1.1133056025677108,0
50.129523310133756,1.1131018401938864,1.113306216097641,0
43.95288448878716,1.1130798064767249,1.1133052502566654,1
48.03709171508168,1.1130558112830793,1.1133182542984879,1
52.97984457129879,1.1130634592972175,1.1133352026571324,0
58.742687594554276,1.113088555145171,1.113343599330347,1
60.003574040196874,1.1130875896752839,1.1133468326716924,0
53.16452731127735,1.1130815131952236,1.1133482624901767,0
51.24327677819944,1.1130742525714612,1.1133521802015895,1
52.71523455852896,1.113073367275652,1.1133509522602358,1
60.318135253432295,1.113113070481789,1.113358978836521,1
51.03217832263946,1.113134286718224,1.1133644443235358,1
47.00475335560905,1.1131630397897934,1.1133643323238556,1
48.95179842081112,1.1132029222977267,1.1133720696735983,1
53.47961743359875,1.1132345414374172,1.113375538708054,0
56.66273722431678,1.113279981860937,1.1133752366538667,1
62.01453858748979,1.1133163630314378,1.1133726722271968,0
62.36547895189211,1.113342565000485,1.11336498828302,0
65.65113587997112,1.1133722574610743,1.1133619905448893,0
50.2194732878528,1.1133450638826952,1.113347845879556,1
56.35408117410928,1.113356098222713,1.1133463434270678,0
51.9627975900627,1.1133579360681123,1.1133356860938934,0
50.482410147238426,1.1133746377964568,1.1133141347258348,1
51.95887707487378,1.1133884111563834,1.113297442533708,1
46.132937258265876,1.11340401743974,1.1132930868127948,0
46.168510153580215,1.1133808418400692,1.1132781537807226,1
47.34956420498844,1.1133657380957442,1.1132656884584358,1
47.35249280032595,1.1133857967086178,1.1132643289439024,0
42.716960897261586,1.1133831313415385,1.1132533266661542,0
44.07283899246495,1.1133958387104976,1.1132448018389391,0
43.13467228556985,1.1133672732659645,1.113223365938026,1
45.33365215958834,1.113369211044931,1.1132140907842207,1
39.726687930415785,1.1133686649318757,1.1132099014992287,1
45.09190123531145,1.113328142421896,1.1132024828213432,1
39.666809296603795,1.1132948359985209,1.1132078505100338,1
54.749453092963776,1.1132914453823175,1.1132250994138098,0
55.13038670494196,1.1132905528905808,1.113231234073841,1
60.13687657115561,1.1133031626432024,1.1132415619625955,1
51.616953643885175,1.1132757805743358,1.1132427460081684,1
54.56362881289059,1.113267229888487,1.1132457524240715,1
54.604957666307925,1.113242763791287,1.11325529144609,1
52.3154179013084,1.1132619187918016,1.1132759863425616,0
61.412899252052,1.1132904077774866,1.1133007212097064,0
58.71136953946668,1.1133206395590183,1.1133158878658982,0
62.94750827095634,1.1133420324125847,1.113327704124158,0
53.48858727499991,1.1133686410154198,1.1133386866837558,1
56.06319905433574,1.113397384758159,1.1133518173066412,0
62.97263217957206,1.1134089988524838,1.1133672525974094,0
58.65592686529032,1.113434279201885,1.1133731344519495,1
47.8393362894139,1.1134496633265558,1.1133667128094837,1
50.25525626302963,1.1134789653573383,1.113367977001547,1
44.00345406457936,1.1134953282839872,1.1133714860202608,1
50.744443755651105,1.1135104120047552,1.1133821437104408,1
67.34495268546175,1.1135666138559968,1.11340680385051,0
63.75388177486072,1.113611792237454,1.1134271836861285,0
53.93162376122532,1.113624530294984,1.113439489473735,1
47.593318259963404,1.1136304187823054,1.1134483657166496,1
53.91542946084466,1.1136366737800671,1.113463626196533,1
52.7975348198131,1.113659609509599,1.1134768887834234,0
56.71272803169186,1.1136871511892077,1.1134912659894936,1
60.22985717435575,1.1137274263351327,1.1135010337874274,0
62.5128865006254,1.1137667337856971,1.1135289651695508,0
61.537580990864726,1.1137917006825435,1.1135521855668065,0
53.65635016532957,1.1137933653505776,1.1135520650870385,1
56.60767350504212,1.113810153352878,1.1135579488903424,0
55.427740234730294,1.1138354280238014,1.1135608651489017,0
58.51106336137929,1.1138634943488168,1.1135706698335928,0
42.30502895966422,1.113848774120632,1.1135697362454682,0
47.02169947672428,1.1138542242075138,1.1135659211505253,0
44.154605207819756,1.113848557347673,1.1135681101954749,1
49.08718784362098,1.1138498637761733,1.113565483222931,0
46.30144465749849,1.113857935096732,1.1135714856317087,1
43.766322355831576,1.113852689315219,1.1135733643179457,1
44.53097882900406,1.1138098421621745,1.1135753762528264,1
41.86980836976278,1.1137809951714954,1.1135779747788308,1
35.46423808959911,1.1137591116998937,1.1135907974176649,1
40.42056167681654,1.1137557075500835,1.1136043534983853,1
56.49964703294122,1.1137707871294684,1.1136176223648733,0
45.98409078493309,1.113765121447276,1.1136296848257183,0
54.78357273782473,1.113793454549283,1.1136503123250077,0
52.36285061378586,1.1138035334298686,1.113675537852989,0
57.13813301651117,1.1137788365046617,1.1136928153534429,1
47.760329727884944,1.113743191228555,1.1137019960854782,1
52.13308329255969,1.1137327072458567,1.113713891016623,1
52.93783308032842,1.11372093530949,1.1137283886147302,0
52.290434372054825,1.113717519583704,1.1137312948294562,0
62.43460690897576,1.1137249117978842,1.1137444133965142,0
57.44629069515596,1.1137400879339794,1.113744506361779,0
55.03392112796799,1.1137416937757822,1.113752286431104,0
49.59219915762055,1.1137426812948585,1.1137582907580232,0
48.75668900145731,1.1137381618303877,1.1137636424385713,0
44.19170468918861,1.113746731580751,1.1137654107472883,0
48.749471291775066,1.1137632989955,1.113762520805151,0
31.37033948181127,1.1137469087470935,1.1137458839280567,1
31.903826658896165,1.1137232079440345,1.1137304449914107,1
36.893724278365504,1.1137044698024547,1.1137251289324788,1
43.812977198775464,1.1136830298874927,1.1137186115501188,1
50.384302975081305,1.11365048009664,1.1137142148625356,0
42.060405819374935,1.113625328124768,1.1137061043948717,0
45.63411425000212,1.1135861212058535,1.1137048954767268,0
44.21539479127194,1.1135632365605634,1.113709246334279,0
43.0607828959213,1.113527154862238,1.1137055459847434,0
44.51818341589649,1.1135158226456874,1.113704160341851,0
47.27158159606279,1.1134997645375333,1.1136871512892377,0
45.322638251905424,1.113468658837604,1.1136711352547901,0
42.70803406167787,1.1134446815217331,1.113659355320156,0
42.457768280036895,1.1133907284534472,1.113648537264971,0
51.15536936332517,1.1133484073993245,1.1136291998094818,0
50.28509957997306,1.1133067799656815,1.1136111546135372,0
42.56932502370702,1.113267629744622,1.1135904821801892,0
36.0066612664741,1.1132067376683898,1.113555366971874,0
32.45486918887815,1.1131427328805505,1.1135158103852298,0
32.205127961746726,1.1130678076090892,1.1134729635757692,0
32.11169799181445,1.1130419402329907,1.1134453138810219,0
26.816947603102804,1.1130200275040834,1.1134143946518928,0
26.96904420391452,1.1129656765959681,1.1133772283613455,0
22.662563592527903,1.112895097796743,1.1133312529292894,1
32.6853816066908,1.1128238939056865,1.1133042627765575,0
30.072414181273928,1.1127540383368577,1.1132660300466093,0
26.705924671499233,1.1126670134625125,1.1132322779226627,1
30.837942616790556,1.112569031888879,1.1131969135793613,1
37.38816341405964,1.1125094799866446,1.1131661639407087,1
36.399068169033804,1.1124413602237309,1.113139628705256,1
37.99345203006787,1.112371840505362,1.1131119506265128,1
49.233408576039395,1.112324879175015,1.113088688856198,1
53.510311062307736,1.1122987861923719,1.1130752251171474,0
62.133083131764444,1.1122946845089523,1.1130641280485185,0
60.27267120693793,1.1123019982188584,1.113041684245238,1
54.76019043768679,1.1122966756566777,1.1130237762972979,1
59.108420778261646,1.1122952051174815,1.1129911824074687,1
64.6310387019427,1.1123178596667977,1.1129610974666457,1
61.978962181839485,1.112336599590183,1.1129389156194385,1
72.57773571956513,1.1123935954029895,1.112933125245543,0
77.28409301332138,1.1124503532796708,1.1129323722945474,0
66.72258491826705,1.1124776260824327,1.1129170709610698,1
67.45146062756328,1.112546565200392,1.1129088466080208,1
63.58037492837764,1.1126106968787273,1.1128855669616264,1
64.64155183032736,1.112651157346937,1.1128686905417406,1
61.075377766776825,1.1127100883012078,1.1128533878567795,1
61.91676004366029,1.1128059203317602,1.1128575735374233,1
67.70966813543396,1.1129414702272535,1.1128782369381076,1
68.86829860876942,1.1130743701109949,1.1128972193528062,1
71.96386280934081,1.1132082951287459,1.1129176271585544,1
77.45586755909504,1.1133592003841448,1.1129568672813333,1
78.04488896566703,1.1135020849230062,1.1130002396477865,1
75.57959653112073,1.1136140759525273,1.1130390675771762,1
76.2531309804704,1.1137383122816251,1.1130862410061715,1
75.53240453968691,1.1138647198999725,1.1131273801665709,1
85.31866905690808,1.114010717650481,1.113177932107583,1
84.86380894919465,1.1141791609308684,1.1132283982974747,0
92.52855019300455,1.1143460902988365,1.113274238961955,0
95.91616317876117,1.1145193278009977,1.1133357847949423,0
91.17582237155885,1.1146622825264667,1.1133917091978547,1
85.09527750077207,1.1147871059742387,1.1134473088692294,1
69.97631024217708,1.1149179733130423,1.1134967967512452,1
69.42403049336144,1.1150396539560394,1.1135468355817433,1
73.19579189411431,1.115187989555999,1.1136044714026472,1
72.98176259918309,1.1153489513180301,1.1136689081092228,1
75.02656938383157,1.1155312774634678,1.1137431868558938,0
77.3713372675152,1.1156835846562763,1.113823955502085,1
74.52483140880436,1.1157992741955782,1.113915251548983,0
65.6399309915443,1.1158894873758514,1.1139959211509263,1
61.25999315297818,1.115976642009868,1.1140811609188659,0
61.37783135503694,1.1160662121255212,1.1141665760383455,0
63.00248580672943,1.116155203941447,1.1142543102227322,0
57.849798020638474,1.1162445962675416,1.1143506354458055,0
61.32909901652163,1.1163059864345195,1.114450596461282,1
55.4629463217157,1.1163411574339093,1.1145342855778602,1
59.90003581292114,1.1163635068489506,1.11462171951242,1
61.75636648944991,1.116389223147664,1.1147172821715352,1
60.93932055576928,1.1164172437224595,1.1148135236953873,1
61.114226619813216,1.116440190175569,1.114908068870512,1
53.1715233427155,1.1164731420317844,1.115004421921076,1
53.25049847854053,1.1165145743616882,1.11510440241176,1
44.89223978172571,1.1165626041879946,1.115191886756437,0
56.47743497391444,1.1166145239221448,1.1152731306736525,0
61.7729692450855,1.116661074202908,1.1153510272802296,0
60.71946473863461,1.1167081381733988,1.1154313640910392,0
51.47333338178128,1.1167221942347496,1.1155133942871225,0
40.745043158807924,1.1167040340925847,1.1155874870921263,1
47.57437214842743,1.116692300116262,1.1156650277287685,1
53.1237161873315,1.1166897590912415,1.1157371849513498,1
50.26957145984087,1.1166800829252974,1.115795755927789,1
49.20711140997355,1.1166703758766685,1.1158545850771444,1
43.83739648609582,1.1166420521067797,1.115920080632471,1
47.11182268633945,1.1166340368868666,1.1159856241203954,1
50.06463015843335,1.1166363507449748,1.116060858007781,1
53.18208003913633,1.1166716862491315,1.1161424971387377,0
49.930705477448996,1.116691887855632,1.11621443933419,0
52.061875327095194,1.1167169128744607,1.1162816791886154,0
51.41819398491449,1.1167372285760164,1.1163318270348923,0
47.77491879080755,1.1167444951346623,1.116376118879979,0
50.63883035745079,1.1167531659150112,1.116422370235582,0
52.37283598242589,1.1167350872194866,1.116454757145897,0
49.196714291141355,1.1167330431332267,1.1164842700405253,0
46.70615528441431,1.116705076048041,1.116509530711858,0
44.692816507920426,1.1166505043144017,1.1165159040933401,0
35.967531866348665,1.1165657169102494,1.11651176289515,0
42.576320396113964,1.1165055103543617,1.1165113113686749,0
35.5545523817931,1.116468164991367,1.1165030887163254,0
39.963282605018925,1.1164373682533444,1.116501538910572,0
35.25087066486941,1.1164057170552162,1.116491740653037,0
34.36557295895692,1.116361397124185,1.1164754017668763,0
25.630183634238037,1.1162899271428757,1.1164557135445992,1
30.63794154564846,1.1162428745254651,1.11645004111744,1
31.09639922234429,1.116177584389625,1.1164407962938294,1
29.26002785548863,1.1160948148550938,1.116423588127419,1
34.110601092438245,1.1160041920541024,1.1164045934331668,1
34.57753756334283,1.1159415853298218,1.1163785624807314,1
42.79367401582837,1.1158775604279987,1.1163592694973044,0
53.356122695992696,1.1158313442566552,1.116344655059323,0
58.45619671458365,1.1157852707127138,1.1163344322147242,0
48.45788242145924,1.1157171556264711,1.1163185756822234,0
49.31781586915297,1.1156694820913051,1.1162960651322105,0
43.3895133336009,1.1156195829715654,1.1162700216525727,0
41.748414694054965,1.1155706680405555,1.1162399594210637,0
44.71300216994603,1.1155276859001098,1.1162045838795762,0
51.75247015805994,1.1155126959656805,1.1161803783078583,0
44.530598381859555,1.1154802859203528,1.1161580229972359,0
45.56358394366736,1.1154578067808614,1.1161305221696045,1
44.46165826169781,1.1154009442957011,1.1160950191398684,0
42.27830737036733,1.1153486628217737,1.1160551297115189,0
34.87049950999818,1.1153081282200457,1.1160093962421809,0
33.21854421404575,1.115297694461084,1.1159689615843575,0
29.988616098787105,1.1152842522678432,1.1159387003493795,0
25.544695731729817,1.1152454557293376,1.1158931690167067,0
26.59610070457944,1.1152009408373766,1.1158395347812065,0
23.9083469647869,1.1151315777332016,1.1157739692570878,0
20.726007144236874,1.115044937528968,1.1157076597984186,0
22.510123113330792,1.1149402847729486,1.11565376976945,0
21.475889224469483,1.1147921598501855,1.1155845989528925,0
17.333862075436116,1.1146356035599125,1.1155127700021925,0
15.982375437761632,1.1144838786243496,1.1154400939618443,0
17.161951126326542,1.1143414646761443,1.1153645006520008,0
18.760337248589764,1.1141961866853958,1.1152916754840192,1
18.006595542407155,1.1140545390152405,1.115208160272413,1
20.718759029762992,1.1139299009218906,1.1151220039503427,1
13.365489488984423,1.1137919058090486,1.1150284661318253,1
4.370578357541021,1.1136505656548255,1.1149414941169131,1
20.84788209764514,1.1135338353270257,1.1148572911506305,1
32.6711344762746,1.113448589345023,1.1147795634474713,1
33.28889197927832,1.1133473056551797,1.1146962539197258,1
40.55518266989989,1.1132723314487687,1.1146170624556837,1
45.1135565880257,1.1131961752145079,1.1145533967823658,0
46.347103389575246,1.113087266290895,1.1144803896124467,1
54.28320714501969,1.113018331849872,1.114418471337439,1
65.18045982815167,1.1129864090505284,1.1143738966756571,0
58.6812298181259,1.112960096017917,1.1143317209001549,1
54.39074020699753,1.1129297708020067,1.1142773639774766,1
60.730860165858914,1.112915962077646,1.1142328886039616,1
61.00408326185479,1.1129279704612431,1.1141808398360522,1
65.03400644535805,1.1129620788861656,1.1141353147345723,1
67.19584768607534,1.1130163555099155,1.1141020773161363,1
63.80180383576922,1.1130733835625382,1.114077883219866,1
53.0498427912538,1.1131094743681809,1.1140383154211053,1
62.78572301596333,1.1131721010027227,1.1140059669176523,0
63.79982202828061,1.113249619174069,1.1139839256779325,0
60.09848775366123,1.113331896685523,1.1139595479843933,0
66.25485890913498,1.1134175968693847,1.1139318987327385,1
55.02843105156506,1.1134552286593535,1.1138883584431725,1
50.63295334084232,1.113480467354886,1.1138392126867636,1
59.20675045103677,1.1135337806305978,1.1137956578868795,1
64.79138665550673,1.1135737150547866,1.1137596862270098,1
65.20083529894009,1.113618343831056,1.1137329414782664,0
61.81989400997807,1.113675185398192,1.1137026305830973,0
61.87408662670616,1.1137282143895604,1.113681489877041,0
54.21227569843039,1.113742879437072,1.113659974090442,0
52.20791784074322,1.113774029374414,1.1136362542636484,1
59.360084607483316,1.113816326540203,1.1136117802254166,1
54.957543708229295,1.1138467384028197,1.113588461252745,0
44.204692643812784,1.1138675349318414,1.1135674760905083,1
44.85169415586459,1.1138780872277998,1.1135470844969828,1
51.20895817380837,1.1138959213930835,1.1135371945853516,0
59.99512366980487,1.113901343655995,1.1135193428978303,1
44.33905236638155,1.1139025643443197,1.113485640251696,1
51.917873659899065,1.1139143190256084,1.1134735122361605,1
58.90590321451196,1.1139292516681911,1.1134752500102583,0
46.83652352084941,1.1139282412315081,1.113478213383716,1
51.82316670237386,1.1139382285661512,1.1134892151476117,0
46.71573604624205,1.113963637891774,1.113497699690703,0
53.09158925147234,1.113985285704287,1.113516463028404,0
54.605305431911574,1.114002766017109,1.113542522869758,0
54.277505739279995,1.1140176630781815,1.1135732000085428,0
49.27455134256987,1.114003938353872,1.1135979309493573,0
47.82114381088074,1.1139848666722423,1.113618102577836,0
44.60497916562895,1.1139435830229925,1.1136371074801419,1
37.5068137035981,1.113905117005699,1.1136500605239654,1
38.73308513130049,1.1138659965963185,1.1136658905785561,1
42.04652958988142,1.1138187551009693,1.1136790560038743,1
35.426766879947806,1.1137783647677755,1.1136862730290449,1
36.14953558597999,1.1137658260308443,1.1136943707648366,1
39.09550495988491,1.1137465585842274,1.1137067856686018,1
35.786886941744996,1.113718491497547,1.113715658604863,1
41.83170106118914,1.11370447115108,1.1137226612724591,1
43.25958999558796,1.1137216294951875,1.113739385533413,1
41.763146471762774,1.1137136834097507,1.1137516528601121,1
47.801288620360715,1.1136961557494092,1.1137591486898106,1
55.18536105107598,1.1137052457637844,1.1137762732820629,0
51.8416982730999,1.1136854252247457,1.1137914769167072,1
61.788812873121756,1.1136861866482315,1.113805789518937,1
71.22654018342524,1.1136963051260462,1.1138237968943252,1
66.133168612595,1.113690560950363,1.1138339156954369,1
71.50162595695129,1.113688901959216,1.113842218588263,1
71.5056434648384,1.1137092493879452,1.1138522772795203,1
64.1347972196632,1.1137368152251657,1.11386903892063,1
73.28320631790017,1.1137942186118346,1.1138859545237865,1
78.7421642878026,1.1138995574190464,1.1139100358219565,0
71.95495997673166,1.113994114110119,1.1139307775483949,1
62.2410964804672,1.1140786915319816,1.113943493868913,1
62.96896682122946,1.1141575954517922,1.1139672197460202,1
62.90268494072842,1.1142250141168497,1.1139921894696223,0
60.09596843847145,1.1142976705849201,1.1140123416503307,1
71.34833358118091,1.1143885348954323,1.1140415865411213,1
61.50540382643729,1.1144518248422943,1.1140560536769541,1
60.88388905589809,1.1145184285344376,1.1140766827879112,1
61.69058688817584,1.1145748049852509,1.1140902890983881,1
66.43997526809986,1.114645831868382,1.1141203296623348,1
69.39427737121537,1.1147395127475204,1.1141624666313055,0
66.88759609159176,1.1148402587141768,1.1142010497862969,0
62.03801161231489,1.1149197239828288,1.1142349837509407,0
57.776911868510695,1.1149987737072267,1.1142762924044791,0
59.54919914383749,1.1150834657634403,1.114316067109693,0
66.36629106167015,1.115166907583853,1.1143506130645706,0
65.54401639347701,1.115240480295682,1.114387931935395,0
53.57233909460365,1.1152883976174615,1.1144233722298866,0
54.51226926230615,1.1153200127023333,1.1144482319944764,0
45.5770693382179,1.1153058237831748,1.1144606646679498,1
49.158100272316695,1.1152960278121697,1.1144778921806593,1
52.473720516825914,1.115328601990264,1.114499643238558,0
49.66649573827829,1.11533777128601,1.1145168731037145,1
45.61434225967668,1.1153483152219803,1.1145374012766995,1
32.92477114685771,1.1153581377096033,1.1145544903273286,1
34.695070534861316,1.1153419648847493,1.1145713072637482,1
42.29830643837692,1.1153577267253314,1.114597569025538,1
38.882687741279405,1.115368195555987,1.114630014341409,0
44.45473450999115,1.1153963114939125,1.1146713804867563,0
50.10044971681794,1.1154131595331522,1.1147235466733159,1
48.34702508680806,1.115395150216347,1.1147741280793169,1
55.46412338310528,1.115379457197341,1.1148253306248455,1
49.49402254436668,1.1153557302774753,1.1148659299548205,1
48.828366198517685,1.1153067283813551,1.1148926533446835,1
62.77778788280915,1.1153077698613614,1.1149405516205466,0
62.17793955260391,1.1153281627033478,1.1149944815468908,0
61.705273833387814,1.1153279086035328,1.1150373069163761,1
52.99873303119353,1.1153366127317095,1.1150693655244954,1
55.84485974025413,1.1153527524170035,1.1151038595973777,1
58.809719676189516,1.1153874469908693,1.1151371811645339,1
58.05491982199505,1.1154377716646007,1.115170902540986,0
55.83506830176364,1.1154626175213769,1.1152105201572104,0
53.288754621325005,1.115504429167667,1.1152441701114888,0
50.797902205173564,1.1155389609290185,1.1152744635978886,0
52.588018461419246,1.1155789655294193,1.115309852158951,0
46.26667918730662,1.1155898770267563,1.1153316972907645,1
49.42907336810323,1.115585485951194,1.1153480636508375,1
49.32660507219247,1.115563223009699,1.1153605774552224,1
34.93378911646475,1.1155350290445294,1.1153677046598343,1
44.77612828725974,1.1155370911944913,1.115378560183494,1
52.453479434695595,1.1155496351951826,1.1153963365133424,1
58.01588920185299,1.115566659801599,1.1154205179326926,1
59.871432086937105,1.1156137886884436,1.115448407249481,1
59.60939989209752,1.1156805390515458,1.115474863318562,1
59.076461702364064,1.1157093544156254,1.1155052251528288,1
63.02165527091825,1.115728602344892,1.115530508526675,1
69.99240692521559,1.115798964543124,1.1155761627967082,0
63.065168916188284,1.1158722002841777,1.1156108742243915,0
64.14727185930082,1.1159453125154575,1.1156520626094604,0
71.09252775089666,1.1159963200578271,1.115677376440312,0
73.73333334210466,1.116047427032362,1.1156940682549226,1
73.3311476041685,1.1160885780461278,1.115709847889991,0
70.52606916659239,1.1161253503715896,1.1157264206669932,1
59.521332125790785,1.1161527781554754,1.1157360653771882,0
61.867675102292985,1.1161935547950572,1.1157538877715978,0
66.77047722750515,1.116281397756889,1.115777493359979,0
56.80803576508655,1.116354001952533,1.1157934723135778,0
55.12782676358824,1.116440201256356,1.11582129891078,0
49.99129020280509,1.1165131286910739,1.1158449510553305,1
42.1785020934384,1.1165223996670925,1.1158651905370611,1
29.495675292375452,1.116522903162373,1.1158870866534236,1
32.11097973617902,1.1165234823611192,1.1158984700810346,1
43.91984220605908,1.1165466352846305,1.1159319528489293,1
49.97181612370161,1.1165690422872145,1.1159631541446557,0
41.61032067232879,1.1165644836099302,1.1159877635129594,0
42.92482313763244,1.1165423505636851,1.1160106627982493,1
49.379529434453,1.1165046901133993,1.1160349481519354,1
58.22407422249617,1.116515319631236,1.1160697238544912,0
48.85723825721896,1.116495054918237,1.1160915599791903,1
39.707497571706874,1.1164604870564108,1.1160963074496153,0
49.97948337313758,1.1164456509825202,1.1161142685613918,0
51.017228574350035,1.1164504394189623,1.1161382407786393,0
50.520190272868916,1.1164484639666301,1.1161635141426551,0
56.30386052055757,1.1164589342993039,1.1161969477443676,0
48.732004117788804,1.1164152311651017,1.1161968722930942,1
49.59205352931165,1.1163578018468396,1.1161893490173758,0
42.80189890660943,1.1163239756068166,1.1161918991148916,0
44.55031519590833,1.116303189407222,1.1162079295809852,0
45.58181219853769,1.116277838466164,1.1162149854749945,0
47.57828610089668,1.1162726504061875,1.1162192719031883,0
41.13106105675228,1.116256836232576,1.1162147124806137,0
33.01812832198192,1.1162494800571268,1.1162132150953346,0
34.82644373323852,1.1161922929395467,1.1162070983576813,0
39.428331746206936,1.116122489911999,1.1161965657378479,1
24.560865487998385,1.1160584139160408,1.116179542867608,0
26.43536768810742,1.1160125765737723,1.1161797426170557,0
34.62410586166065,1.1159642952488222,1.1161864718709866,0
30.407262079024164,1.1158811679737302,1.1161969018401035,1
41.27778822922634,1.1158224040182456,1.1162065099686767,0
34.65809217903815,1.1157701100573187,1.1161895149947463,1
31.13756583100374,1.1156852564690412,1.1161685170709352,1
23.146614219546734,1.1155938055988477,1.1161490990975387,1
46.17049713858399,1.1155546910159972,1.1161398750736768,1
40.986703790130946,1.115490877491469,1.1161210831203368,1
51.95833451681986,1.115488562841607,1.1161085556634867,1
54.90862122996894,1.115501150440748,1.116098368255718,1
60.30307730616709,1.1155130302683638,1.1160775254049873,1
67.67412553254528,1.1155374253511492,1.1160740196077739,1
74.19136403528375,1.1155826104553084,1.116069904650935,1
73.62433841586083,1.1156323476399814,1.11607368293605,1
71.23619745525659,1.11569516938425,1.116073809421369,1
75.52337786596165,1.1157725139054198,1.1160867894390514,0
77.49071997691537,1.1158797356599324,1.1161088524730183,0
82.65705128448124,1.1159836937677197,1.1161289319827454,0
76.35029511968386,1.11608280039851,1.1161352411089893,0
75.48724185131734,1.116169095276112,1.1161348216247446,0
64.829734665605,1.1162305128084982,1.1161370762133729,1
71.21420464185985,1.1162944967808144,1.116138620049887,1
70.58779266495793,1.1163764687552264,1.1161518459943378,0
64.35293160087829,1.116473310076032,1.116169879158322,0
63.029598732204704,1.1165740041958379,1.1161889574843211,0
55.11271168151868,1.116676321725921,1.1162102348434597,0
57.65268036038141,1.1167520538228723,1.1162220424889735,0
43.44231878616003,1.1168107620852006,1.1162177710395311,0
41.2215659199587,1.1168384071845256,1.116218125093325,0
35.160489904926465,1.1168542686576333,1.1162231354932972,0
35.837678161459834,1.1168839217690194,1.1162292180672355,0
36.327546864860054,1.1168798170364305,1.1162198185698515,0
34.37031516288805,1.1168419824311617,1.1162086756561047,0
38.7982780894134,1.1168076061096477,1.1162125305573447,0
39.40125453430684,1.1167644961620964,1.1162013474931993,0
35.61599711823888,1.1166851876814223,1.1161806887440353,0
26.44260222767069,1.1165800669813952,1.1161614936789244,0
27.10822776515697,1.1164815635603162,1.1161379836871506,1
25.771817851786963,1.1163937776771877,1.1161266597138235,0
21.257610633779507,1.116275953012764,1.1161020820911145,1
21.53931943502971,1.1161835849197594,1.1160809199385497,1
33.29811731705303,1.1161112928209929,1.1160618614153952,0
38.3236719758014,1.1160302119800767,1.1160527953999029,0
34.157632513166035,1.1159389253789302,1.1160363891474194,1
27.337593311931798,1.1158452587554941,1.1160243264934884,1
28.43334478930045,1.1157506239713075,1.116010692409132,1
37.31549623376998,1.1156522446397312,1.1160060231690472,1
37.59565665029261,1.1155975937554956,1.11600781257693,1
37.257304153882515,1.1155410307686997,1.1160111718343884,1
42.268463138120296,1.1154825284598657,1.1160111162477344,1
47.70812226906391,1.115412884172755,1.1160086536368083,1
55.44609367504894,1.1153724557571887,1.116016333683235,1
61.30753735176185,1.1153707432303104,1.1160280113409307,1
78.46729569443409,1.115371570882053,1.1160531148872386,1
76.48770489225338,1.1153831863690473,1.1160805194532017,1
76.84264580575613,1.115433803743106,1.1161166880017388,1
76.202064063779,1.1154999327399497,1.116139590368505,1
78.69255474006445,1.1155559132985056,1.1161639980099651,1
83.42696985424095,1.1156420155765816,1.1161880408078135,1
84.59633846080449,1.115771669894602,1.116210289872656,1
80.01784378207799,1.1158812225593522,1.116228196854945,1
74.85164286889662,1.1159644597039722,1.1162326751565246,1
81.37047562174351,1.1160423726518993,1.1162367002785392,1
82.08379637974154,1.116144298656812,1.1162411695541514,1
81.6033615644819,1.116252206418718,1.1162471413072756,1
79.14101553621808,1.1163648816304543,1.1162476394991458,1
81.31610384600631,1.1164940742869658,1.1162517586198606,1
81.85309139290389,1.1166293149834299,1.1162660610632138,1
82.04817262463901,1.1167784278207447,1.1162894228032822,1
81.15849833138326,1.116940430383425,1.1163196502906598,1
72.08757461423818,1.1170800858814827,1.1163484828660024,1
79.68993512355225,1.1172038729504579,1.1163800841510925,0
80.51176423544126,1.1173442320165814,1.1164151166454728,0
77.2500724464533,1.1174694845439634,1.1164515846744112,0
74.111032387772,1.1175807651629974,1.1164832238400657,0
72.84823841602787,1.1176611075615246,1.11651060233598,0
64.84354494821297,1.1177189590225516,1.116526352448377,0
58.86961511140973,1.1177779553736098,1.116550875325329,0
56.24844557890183,1.117810343553637,1.116576815355458,1
48.84073089731428,1.1178111796792887,1.1165930542813185,1
40.88204163649589,1.1178188957402664,1.116602186443444,1
39.94314021083013,1.117847338353362,1.1166196836832971,1
35.74904948117833,1.1178577159905783,1.1166429937023057,1
38.85584684399689,1.1178839351147203,1.1166717011561804,1
45.097671073006865,1.1179148567362054,1.1167072855369193,1
47.9768632621466,1.1179565674363734,1.1167561914011264,1
36.459063161109086,1.117962911257615,1.1168048963303485,1
41.84895250498802,1.1179659998099791,1.116859835563079,0
40.98203497658372,1.117949849819968,1.1169118516603946,0
47.57021720397968,1.1179329338837585,1.1169824426390575,0
53.04494956449868,1.1179340833961986,1.1170486822565782,0
59.25754841420934,1.1179375627711892,1.1171105921311706,0
55.17548820055404,1.1178962686318494,1.1171615393061818,0
57.695657096420696,1.1178448191333064,1.1172139421761615,0
59.788204759591004,1.1178150425669664,1.1172711373646547,0
51.9112170281273,1.117780822113892,1.1173226815930137,0
58.02031667543638,1.1177698942507592,1.117373412292788,0
45.25210898134379,1.1177502307491516,1.1174119301227912,1
46.8520228546114,1.1177488474822126,1.117459942040863,0
37.27338087623825,1.1177500598708399,1.117500066845708,1
42.35556431574661,1.117759322483523,1.117540761767751,1
41.199419775203864,1.117764435402604,1.1175764755414632,0
42.67713341081751,1.117772713087111,1.117603781645026,0
41.027311859113134,1.117766931911269,1.1176298455678668,0
41.511225112956495,1.11775739548805,1.1176569691845202,0
36.436063185167875,1.1177243177282032,1.1176723969951652,0
37.009361085916844,1.1176859791664033,1.1176793149009299,0
33.62779681046311,1.117605383340822,1.1176796235800055,0
32.19093311150944,1.1175464112744564,1.1176736099395443,0
30.544474342209725,1.1174506134540076,1.1176540200628198,0
28.357873122178276,1.1173536682064538,1.1176376605154186,1
31.31580579128095,1.1172444724673587,1.1176225972365252,1
30.200777852484606,1.1171630977889797,1.117609829361014,1
33.16452584865546,1.1170906184757423,1.1175924701037339,1
27.99762123472655,1.1170042390224362,1.1175719504061419,1
28.8144396064326,1.1169430628497576,1.1175539540807349,1
33.693581445784716,1.1168799644531338,1.1175277683592553,1
31.675948460987257,1.1168421154629646,1.1174970503146051,0
33.270782397701865,1.1167985828734526,1.1174680040619465,0
29.935567445810747,1.116750504551814,1.1174240965130635,1
38.52227021261129,1.11670549356131,1.117390924839682,0
52.10063377285712,1.1166602851387117,1.1173590404167648,0
44.361168180600735,1.1166102780464608,1.117310200056978,1
51.98259837226466,1.1165478793485988,1.1172612034897211,1
51.114929230613996,1.1164809844074726,1.1172170568823103,1
51.99349554864221,1.116420154642423,1.1171760158275246,1
49.67749965557084,1.116379461097133,1.1171435157307625,1
60.1808023660046,1.1163896774389457,1.1171243124061399,1
67.13990221526703,1.1164108755309639,1.117113822730475,1
55.48062950311036,1.1164358623766513,1.1171038931417647,1
56.77050012344879,1.1164687501092012,1.1170976022629926,1
60.78023880452551,1.1165255235647857,1.117093871321095,1
60.4817985013096,1.116577912006549,1.1170979077674021,1
73.56782348938528,1.1166511958371825,1.1170993743927187,1
76.4169886955128,1.1167596054412963,1.1171098498881782,1
77.22125564480407,1.1168723926280377,1.1171202841574008,1
84.67738503289627,1.1169838935732774,1.1171361612855202,1
87.71087991669455,1.1171063285062706,1.117153181793122,1
88.13950106793762,1.1172238977429132,1.1171776232311244,1
89.1437045842754,1.117364859107053,1.1171968666023815,1
86.25633266272894,1.1174891974274577,1.1172129704521856,1
86.40464007368878,1.1176277999163342,1.1172351352748229,1
79.27025986401122,1.1177693762221506,1.1172594430930982,0
90.40607843844626,1.1179375992509422,1.1172983155367753,0
90.30895336557845,1.1181139098509039,1.1173366037958854,0
78.84037449774908,1.11827124831001,1.1173721863059718,0
78.8069326327578,1.1184290936090124,1.1174071954740636,0
64.44331182300448,1.1185339680086723,1.1174378073099485,1
60.24499751419918,1.1186319985276698,1.1174670831486582,1
59.77067326939216,1.1187629908068137,1.1175090655161544,0
55.96840197960005,1.1188757666967681,1.1175441799482906,1
52.28892556329255,1.1189704618023688,1.1175762818810007,1
59.01331821575445,1.1190886671416653,1.1176242893892239,1
56.69892093261814,1.1191829215740203,1.1176657702578192,1
53.8390429220275,1.119231108335884,1.117699335027312,1
53.56842829552545,1.1192861644055927,1.1177450228283565,1
62.513266726028654,1.1193669196542249,1.117808537480649,1
58.28731711822476,1.1194320540108236,1.1178838500611223,1
59.803831933285906,1.119510186995457,1.1179631335195246,1
69.6230060879785,1.119608083573174,1.1180598546500482,1
65.25420240037607,1.1197001141009386,1.1181515488099796,1
73.50269433274201,1.1197614138407903,1.1182419118241955,1
74.70158704938316,1.1198534531283284,1.1183355852288377,1
76.1285449921393,1.119947782114177,1.118441180992149,1
80.2651380272065,1.120043056351072,1.1185521307273396,1
75.36400632195529,1.1201461229652865,1.1186534103521835,1
75.41826806472227,1.1202734807567818,1.1187646019955229,1
75.29114031098129,1.1204243743824247,1.1188707108777323,1
79.11781250617763,1.1205608583210975,1.118971993327716,1
77.30181203680954,1.1206891988550425,1.1190845432374459,1
76.57142649412016,1.1208497371346333,1.11920187737762,1
78.04236482394644,1.1210212318384332,1.1193206605608892,0
77.03050731994665,1.121169637163232,1.1194480330359324,0
75.35904303275069,1.1213325780165466,1.1195796497249981,0
80.37479888679319,1.1215120552036966,1.1197117633458016,0
84.74115100130561,1.1216776795325276,1.1198480327843985,0
66.44237920561241,1.1217759216523353,1.1199671217027296,0
59.72547824230148,1.1218696592251791,1.1200758427756157,1
58.5514307101322,1.1219518446815155,1.1201795211797452,1
57.14644094555647,1.1219966427878645,1.1202841668145336,1
50.0754410361849,1.122058373007469,1.1203873979692867,1
51.81945240335174,1.122124315746289,1.120481428696797,1
61.263260243861595,1.1221981275028867,1.120583671427373,1
65.22747463253805,1.1222702593411817,1.120688806393749,0
57.508498213766934,1.1223269608830377,1.1207790729040361,0
53.11528973119051,1.1223945970745224,1.1208622921307774,0
50.75222268864826,1.1224313181358476,1.120943571820551,0
46.123599898512076,1.1224692288684974,1.1210158710226232,0
46.93718116740193,1.1225150920426255,1.1210884710476008,0
40.56506713873068,1.1225444459182028,1.1211563779619056,1
46.98862141597939,1.1225335281574451,1.121219609669615,1
52.1136588295479,1.1225191414253977,1.1212771971645148,1
54.06050078128452,1.1225079746546083,1.1213434724089155,1
56.097302109731764,1.1224777938194723,1.1213957275524102,1
58.3985856946028,1.122460390595768,1.1214503556437472,1
55.938334398533236,1.1224251416134083,1.121509590105758,1
48.273272933852134,1.122431633510785,1.1215681376634388,1
43.334467502140434,1.1224548796802367,1.1216442074442414,0
45.84807739127339,1.122474001832194,1.1217163225015547,0
49.91528489013494,1.1225172103090877,1.1217858546154431,0
47.220928619570735,1.1225468774915561,1.1218558422872018,0
48.7382020785685,1.122576664743588,1.1219239098732845,0
46.21958822629394,1.1225770319686814,1.1219790173581794,0
46.2877056762526,1.122542605222699,1.1220326798532205,0
52.60632724779857,1.1225125139478063,1.122091635148805,0
38.58199560902131,1.1224614559641046,1.122132408754182,0
31.17180875429183,1.1224041398876794,1.1221584599139327,0
33.403464394646164,1.1223493255709962,1.1221827796466923,1
23.097994764890316,1.1222877431832652,1.1221994935227242,1
24.545094753773498,1.1222339125648797,1.1222067095585877,0
21.12853679050484,1.1221961147135198,1.1222180099146477,0
16.406458136195866,1.1221561678165732,1.122235098754828,0
27.67755348484708,1.1221198957319751,1.1222500494503742,0
20.118491842690446,1.1220859419053693,1.1222509914688872,0
18.255558777250144,1.122020509734471,1.1222413369971067,0
16.38724706383904,1.1219489205633264,1.122230709144974,0
15.847610607931031,1.1218662258697936,1.1222052357086436,0
16.61511635806653,1.1217659471963042,1.1221808365697934,0
15.48765697959736,1.1216546227702926,1.122153828281233,0
15.948293920701062,1.121517035480635,1.1221169892656802,0
16.014377757538014,1.1213803528232238,1.122068088562638,0
18.38521589252433,1.121249338563865,1.1220151525634572,0
24.515578141157008,1.121130337637958,1.1219632975480696,0
23.65558208080587,1.1210141740414516,1.1219053182631824,0
22.767642059486676,1.1208944670900602,1.1218445999033506,0
16.839000343252437,1.120784088938519,1.1217749725165784,0
8.664467406248065,1.1206806065056294,1.1217203338552504,0
8.476552128139232,1.1205686707756273,1.1216623842668714,0
15.821666537967317,1.1204691746591113,1.1216064255137626,1
14.552660194373587,1.1203465130069044,1.1215466576462036,1
14.755643475717903,1.1202193833726086,1.1214824140607034,1
18.148622333093286,1.1200895787256293,1.121421203946564,1
21.559203583727125,1.119949413840283,1.1213505639853327,1
45.70446939171505,1.119859390938299,1.121286644107734,0
49.769773293018964,1.1197926630495143,1.1212276178636975,0
44.207539016970344,1.1197265050079608,1.1211634723183492,0
40.511130093376934,1.1196662230465189,1.121099197672912,0
36.15765717386149,1.119584576209842,1.1210269755063313,0
37.24934349354931,1.1195132703179187,1.1209530995913501,0
37.56889387878437,1.1194489103351044,1.1208787750324405,1
42.51226208175022,1.1194051230188353,1.1208167265071942,1
43.61709603693706,1.1193503711991457,1.1207476444729565,1
40.230072990194984,1.1192849424487314,1.1206740846657188,1
44.907314188776624,1.1192183416764931,1.1206015374059908,1
54.83767816162695,1.1191840186418645,1.1205340511217892,1
52.07369122976465,1.1191587774403768,1.120468426847366,1
58.17910053175101,1.119161496182097,1.1204122789237752,1
51.07663691909615,1.119189153629762,1.1203560938466814,0
51.65462860744974,1.1192154451611382,1.1203030028453402,0
58.253978356365856,1.1192740556871033,1.1202493957974098,0
60.280089527773946,1.119343967617628,1.1202012501111323,0
59.451024865908686,1.1193804478493752,1.120142717188879,0
58.39928631474123,1.119409987312465,1.120083746122846,1
65.86865375119007,1.1194118086401628,1.1200343254747196,1
62.54001657504397,1.1194076495097403,1.1199856720884709,1
57.76618902690197,1.119397473350568,1.1199378792729346,1
58.099779163234565,1.1193879430883436,1.1198927189531778,1
66.96916925705773,1.119430618103865,1.1198594925194785,1
65.58287168748477,1.119493205491359,1.1198352845145876,0
67.06610862224596,1.1195673586595671,1.1198121534703156,0
64.32372159481879,1.119642052712798,1.1197951017069052,0
59.131078414127,1.1197194922648421,1.1197729742522642,0
48.5236527400843,1.119773125231821,1.1197353764656572,0
43.16407706767547,1.1198224245765989,1.1196961304744826,1
48.243925315605765,1.1198690844826267,1.1196734810210514,1
55.22581174662655,1.1199164531339185,1.1196554398756027,1
55.39791672313901,1.119932682669868,1.1196388616438049,1
50.39083896979755,1.119932202356441,1.1196225959107364,1
58.0221748109449,1.119953053090948,1.1196223749736023,1
69.6138448081962,1.1199927622119756,1.119639686489946,1
74.32401057432193,1.1200598460770315,1.1196730474126553,0
70.22044470231194,1.120153459352622,1.1197043655043815,0
67.97072794236627,1.1202556902464553,1.1197338871662452,0
60.93180465753584,1.12032249413248,1.1197576535111309,0
62.340647395442794,1.1204121854926485,1.1197927594495063,0
59.09139663197836,1.12050543800725,1.1198264189004272,0
66.98065087232771,1.1206027282220667,1.1198615676397528,0
66.15721857452189,1.1206579973162252,1.1198952231357178,0
59.13774145088153,1.1206857300322492,1.1199219066638428,0
56.697115124666134,1.1207018338719483,1.1199542818163333,0
55.222351297537394,1.1206945478435812,1.1199851674952945,0
54.29520046702828,1.1206846725799726,1.1200110117940014,1
45.2385645851649,1.120692131358242,1.1200324634728411,1
41.652422361559374,1.1207259571350106,1.1200427569531675,0
25.684678844743303,1.1207197666383555,1.120044322456588,0
27.537386661395132,1.120720994159333,1.1200532355361517,1
33.11926533131678,1.1207441418272857,1.1200700291561114,0
36.14872320132219,1.1207640891227149,1.1200944010758853,0
24.371696416949746,1.1207447055859392,1.1201149490808104,1
26.834814530162305,1.1206974747960554,1.1201391122743265,1
33.717303035605596,1.120634658180795,1.1201648614774393,0
39.05974760797875,1.1205771388581554,1.1201950725679855,0
39.30251543422178,1.1205072169537655,1.1202227969682585,1
46.28222087430365,1.1204673028373844,1.1202572379754874,0
43.85227011576398,1.120388700322364,1.120274632121706,0
50.32756768869288,1.120337834893269,1.120298041881584,0
55.41164353760626,1.1202898469403337,1.1203129079430474,0
49.31616383710113,1.1202537013982456,1.1203210422431114,0
50.83820717234331,1.1202138100715817,1.1203212526280204,1
44.821385469391785,1.1201731774675494,1.120313930528512,0
40.44372133528769,1.1201496852524724,1.120307454549232,0
50.51706965357783,1.12015271458548,1.1203199184884434,0
50.957507466947405,1.120154408334206,1.1203302318815376,0
54.57037311659276,1.1201504778748086,1.1203382246470255,0
38.43671744947371,1.120131814952028,1.120333988633503,0
35.24120235169828,1.1201010746418825,1.1203346760526773,0
36.95723567443137,1.1200515990604594,1.120335491544958,0
30.96274880885798,1.119996176173249,1.120320624303639,0
31.450164515382454,1.1199374744737782,1.1202926566737783,0
25.01264417656492,1.1198722139503379,1.120261054390635,0
24.17337315638281,1.1197936404396973,1.120225496568199,0
24.45665375746856,1.119709345379316,1.1201910138137752,0
21.52609830110437,1.119599445064854,1.1201533249014721,0
19.469233876054034,1.119450476098335,1.1201084585841818,0
15.243018412531782,1.1193089385363955,1.1200505737432136,0
9.891356403930999,1.11916404588059,1.1199970789802527,0
8.4343314950751,1.1189718115425284,1.1199285594921116,1
5.219488119723195,1.1187766983788914,1.1198588406520913,1
5.855626116683695,1.1185862702843834,1.1197745395053944,0
15.710801299480096,1.1184299674703826,1.1196888126318747,0
15.312554847789329,1.118259867069161,1.1195874629460838,0
18.76299125052998,1.1180770767951733,1.119489365465464,0
21.06067042687782,1.1179059649944922,1.119390341780752,1
18.876479289323612,1.117696018896061,1.1192876345524578,1
21.5249144711255,1.117528901311158,1.1191806749609068,1
22.95799477131196,1.1173737839397968,1.119082014425696,1
29.988423175948313,1.1172267564820237,1.1189851028489408,1
53.03876652373122,1.117152267841102,1.1189183325135899,0
48.1907582548691,1.1170605651017098,1.1188425907015622,1
51.957149466474505,1.1170047495054107,1.1187822206440199,0
60.496242724248766,1.116940239305396,1.118723773152925,0
63.31421792572117,1.1168828489742233,1.1186702843714753,0
65.4463782004096,1.116858349427871,1.1186198121293236,0
59.756704833480555,1.1168592968388074,1.1185617944657005,0
58.93841574513057,1.1168607997334878,1.1185069869812665,0
58.77505581976092,1.116860379960411,1.1184528333006838,0
52.36448008379394,1.1168784151545252,1.1183822688230074,1
63.326998615133576,1.1169152049887945,1.1183192869985232,0
59.160208647074306,1.1169536456248381,1.118258115520954,0
53.75696531836861,1.1169543101541233,1.1181915467751018,0
50.336223480172954,1.116953999817714,1.1181151996008512,1
38.578309707081175,1.1169668018847865,1.1180452306761162,1
44.722140869728555,1.1169694550684526,1.117975237026627,1
35.687030309666525,1.1170094435535887,1.1179044908389397,1
33.88892828508469,1.1170269445863397,1.117835972666497,1
37.24400425965195,1.117052583499258,1.1177679138680914,1
41.754756716862026,1.1170808809986625,1.1177015164722723,1
52.814401839721434,1.1170780140649703,1.1176480575802799,1
54.71726342526088,1.117103775366188,1.1175985768194048,1
56.078477390382034,1.1171136960397308,1.1175584280728925,1
65.14137809933028,1.1171293994391573,1.117515658827599,1
66.96761544595043,1.117160230981746,1.1174732909299818,0
65.0754546707542,1.1171809627222002,1.1174304338845211,1
74.71706945991966,1.1172192330873483,1.1173892965507164,0
76.61133414237659,1.1172631304869782,1.1173595131952465,1
72.74538671021146,1.117301122432918,1.117332852417098,1
77.65923935970152,1.1173632482715745,1.1173069285074535,1
77.37430641768958,1.1174178990286647,1.1172879761406893,1
83.54093679709001,1.1174770492661812,1.1172739454379153,1
82.29396477204295,1.117556371241531,1.117265209691579,1
84.25421345188175,1.1176661151806142,1.117264189497218,1
82.36639645035113,1.1177717836267287,1.1172702059750812,1
86.14024572971579,1.1178985194180355,1.1172948667678995,1
79.82402624361674,1.1180130453121793,1.1173295185244774,1
71.21098065120877,1.1181251969380352,1.117362476027153,1
70.00505752967942,1.1182403092445157,1.1173984192136617,0
79.24756126683455,1.1183582796368023,1.1174561037099822,0
80.92257615135955,1.118470610956726,1.1175256226114136,0
77.40835009574678,1.1185765160264423,1.1175946751162287,0
76.0735949681376,1.118668948044257,1.117654020302442,0
64.6783724360156,1.1187353167865408,1.1177058387145506,1
61.63757678328796,1.1187763603855057,1.1177530043661148,1
65.37123835449624,1.1188431350279433,1.1178053018979015,0
62.31479880699964,1.1188917371599996,1.117867583856292,0
59.234799395329446,1.1189528669484254,1.1179290994501536,0
54.415643849375556,1.1190121020129178,1.1179881796463464,0
51.96331773753295,1.119074821645567,1.1180461545728708,0
48.64063564834576,1.1191165423014224,1.1180736859248175,0
53.3938414168279,1.1191612845346692,1.1181142332110992,0
36.45411922366929,1.1191579390306052,1.1181264855016566,1
30.95739771165927,1.1191281183133048,1.1181393411003817,1
17.75546542845163,1.119059058752065,1.118140689886218,1
26.81873910891035,1.1189950517896856,1.1181495477126253,1
31.792980259634092,1.118949539030488,1.1181656154011497,1
39.09205136276234,1.1189243649484435,1.1181879021131353,1
47.64144298329448,1.118907676451433,1.1182173378100704,1
39.90185521516796,1.1188636135047219,1.1182501830500606,1
48.819127067018655,1.1188236709458432,1.1182890089942332,0
49.87384398717046,1.1188067709698182,1.1183359252542207,0
49.71211542608974,1.1187897658943151,1.1183882025985188,0
52.430521713919504,1.1188143873834575,1.1184499937408483,0
52.57549572235374,1.1188283015365048,1.1184976042268022,0
49.55912887634351,1.1188148994194704,1.1185434796383087,0
58.41811391917634,1.1187993658872761,1.1185835527897667,0
56.95630560446127,1.1187662904925326,1.1186248378126307,0
59.452217996903826,1.118720224279738,1.1186552359585387,0
59.505055894219474,1.1186876434575261,1.1186888595564162,0
55.78266683601554,1.1186683951901562,1.118709838374892,0
55.37820362931122,1.1186531563555668,1.1187339856068506,0
46.752718404520444,1.118674229290045,1.1187506988017824,0
43.46667347378185,1.1186707966173874,1.1187558999716736,0
35.82192359510972,1.1186958719037612,1.118754946255024,0
25.04251334575612,1.1186741734477557,1.1187468320028475,1
25.400799709266423,1.118639784370767,1.1187338359145174,1
15.419452112317117,1.1185778705034668,1.1187137981197308,1
29.826850269499573,1.1185229506827474,1.1187060691100021,1
36.67101528425007,1.1184959350506731,1.1187032577617,1
39.00441684465818,1.1184442952774993,1.118699567493767,1
46.4241641995208,1.1183976282310262,1.1187041568401586,1
47.17732710492576,1.1183418147741997,1.1187023800115863,1
44.25387166838291,1.1182771192058452,1.1186943953509407,1
46.10274072021098,1.1182320151966827,1.1186816968547837,1
45.70963850842674,1.1182032392011632,1.1186653675515599,0
53.123344815588496,1.1182026773539937,1.1186594056064927,0
64.2807762948708,1.1182210375539872,1.1186631740590116,0
64.33745069626565,1.1182595769735642,1.1186629430501578,0
65.77641681055854,1.1182549468355913,1.1186475264359317,1
61.047320561782406,1.1182397988191952,1.1186175135198793,1
67.8653376681633,1.1182175225942692,1.1185903882339814,1
61.29230233476354,1.118205202225454,1.118565200474261,1
50.2613963503855,1.1182032378502769,1.118543068397168,1
59.99453940394292,1.1182333977648573,1.1185377612067646,1
60.83439217133376,1.118314987414898,1.1185355729576294,0
67.20020130046669,1.1184066383504359,1.1185397963906918,0
65.83429439069698,1.1185198945644754,1.1185406091661507,0
63.99922456427503,1.1186001585039782,1.1185412917064264,0
58.14063187595078,1.118652473225748,1.1185343183937724,0
53.52069948621394,1.1187043638484262,1.1185346961125684,0
51.38907591985124,1.118741165159042,1.1185361090899075,0
44.502650175811,1.1187720348006873,1.1185480183196193,0
53.736837246437716,1.1187997648979118,1.1185630539847833,0
58.448287663121384,1.1188221689528974,1.1185869409351168,0
48.932200716566726,1.1188119955932954,1.1185921450730036,0
44.93696249165878,1.11876983115603,1.1185875224567094,1
47.86051876428573,1.1187104752542214,1.1185776181813225,1
45.25623134015226,1.1186751038123304,1.118569913994517,0
39.742991922796364,1.1186729039788512,1.1185712426255836,0
31.03713742204522,1.1186650726162644,1.118554074188048,0
33.710885577818246,1.118666372432023,1.1185342288188633,1
29.964406341825665,1.118643062102333,1.1185065189574686,1
38.55718849716323,1.118652945194322,1.1184784915215138,0
36.72862344868588,1.1186195862663997,1.1184542750987225,0
35.13267464607958,1.1185620768848175,1.1184344439437681,0
45.538196399120004,1.1185154226781426,1.1184262191070384,0
39.8102388196987,1.1184483804650198,1.1184134451551455,0
36.43613361703002,1.1183635646136687,1.1183986278399987,0
40.056209121763835,1.1182842735493226,1.118372970430491,0
47.21649801940521,1.1182193959599642,1.1183550964204918,0
43.64344217201588,1.1181278618913715,1.1183259913042294,0
28.8592493189483,1.1180124718974394,1.1182833153625769,1
25.454049383696287,1.1178853018743724,1.1182488560875774,1
30.575899478794454,1.1177687368490363,1.118216086913227,0
33.799547301883166,1.1176987928633146,1.1182019928392273,0
36.36250993355774,1.1176348072323234,1.1181855316013318,0
30.208112173153154,1.1175708542852267,1.1181748116940264,0
36.830917850495645,1.1174958945342837,1.1181590915351314,0
32.76403570849385,1.1173845403609772,1.1181266847497051,0
26.038863030580913,1.1172873905995797,1.11809131231688,0
29.426555373988563,1.1171858066521896,1.1180495001873287,0
34.98368682635527,1.1171141705454528,1.1180154612659698,0
35.181821014521006,1.1170186469725099,1.1179751026281797,0
29.770446845393323,1.11693070688452,1.1179337517738575,0
27.550470622532814,1.11680684642906,1.1178758868349268,0
33.08559724740934,1.1166532252977017,1.1178064382845216,0
37.26874984464405,1.1165257142505605,1.1177353158337748,0
30.93990619563455,1.1164044255656822,1.117656567276846,0
23.145533154532103,1.1162927756340228,1.1175881019498635,0
27.609235113193975,1.1161722531071105,1.117528078135658,0
27.798891364820363,1.116069382533317,1.1174667352798486,0
19.94728343131119,1.1160115512500606,1.1174058549724197,0
22.170918745671358,1.1159460463612008,1.1173459794919471,1
22.677941133424326,1.1158691661911468,1.1172703942837428,1
26.55400261050727,1.1157834353373908,1.1171893720082244,0
23.89819901851385,1.1157070064984804,1.1171056788605496,0
23.673461354365756,1.1156279510896334,1.1170180343040896,0
25.40848546288079,1.115534950415837,1.116933008299875,0
43.13195322071248,1.1154807150143955,1.1168579814651642,1
35.597100994265546,1.115401558305403,1.116770190099671,1
40.83696375936852,1.115336931349036,1.1166878066633263,0
44.12405371403182,1.1152605222907694,1.1166108562620025,0
46.564180706999025,1.1151981426818995,1.116534453741775,0
50.94975056625114,1.1151532051617088,1.116466166257382,0
45.79506547338463,1.1151250174463605,1.116401095576153,0
41.89918015510235,1.1150960618421608,1.1163369305589739,0
44.713590326598755,1.1150559753768348,1.1162735158828203,0
42.282256843713164,1.1150188670192058,1.116194072559596,0
47.812372963214806,1.1150068979468906,1.1161216995370793,0
43.86041792074165,1.1149753742056556,1.1160521987714143,0
43.96994780842714,1.1149406555007415,1.115976448507336,0
43.880267666991955,1.1149064456747362,1.115911208401381,0
36.66840110721448,1.1148686445943192,1.115832259251946,0
42.074275882527765,1.1148280074724215,1.1157537627661513,0
37.37729987406338,1.1147829789068981,1.1156777328170568,0
37.389527298718484,1.1147306028408952,1.1155917509256508,0
34.389497518301354,1.1146856239410519,1.1155129316945027,1
24.069934900984833,1.1146293418134574,1.1154393191797904,1
23.708845927418665,1.1145396234843656,1.1153601214391815,1
28.237957682071197,1.1144854781726228,1.1152766229847342,1
40.89081693457607,1.1144402707459804,1.1152127702051697,1
44.26107174959618,1.1144003831648797,1.1151660207689789,1
34.14990042835446,1.1143574921965396,1.1151233298706418,1
43.32774516707683,1.114307033365671,1.1150814848640358,1
39.841862356620865,1.114258109682813,1.115024822303952,1
48.532666437453265,1.1142453653348632,1.1149811537999899,1
55.87043024113691,1.114239984149298,1.1149411678284489,1
64.74427653726733,1.1142708371200358,1.1149040495938969,1
59.42295693269341,1.1142646705472035,1.1148737516115699,1
66.9027208484062,1.1142986264846169,1.1148566931254293,1
69.32165908668588,1.114352542956133,1.1148431430289134,1
73.3829415169623,1.1144116891934628,1.114830215860585,0
83.21890913130018,1.1144923780404992,1.1148217516791414,0
81.01985909481797,1.1145752741689405,1.1148115896799196,0
80.08904899795706,1.1146714164733404,1.114823560834769,0
80.30155946005375,1.1147746570818537,1.1148403236393114,0
67.9694490226509,1.1148497924476968,1.1148425629733572,1
60.75083060546911,1.1149161099983012,1.114843992952838,0
66.01262376550252,1.11500235691726,1.1148439539524764,0
61.75537254692944,1.1150884299227966,1.1148430937110085,0
60.73155114817751,1.1151473301049246,1.1148439492338127,0
59.19595822543624,1.115224238824438,1.1148510957987297,0
53.07317357982336,1.115268502054232,1.1148523121478542,0
45.29473103138225,1.1153045282617469,1.1148556296922758,0
34.10118656859595,1.115332324738329,1.1148443780643276,1
35.30098131460163,1.1153459791794718,1.1148367428723864,1
33.653124635042175,1.115355181807951,1.114832060115776,1
36.83361919877112,1.1153462007325248,1.1148285497205719,1
27.088033869965443,1.1153352569076225,1.1148155683688605,1
33.903894967964405,1.1153162341278564,1.1148225634544107,1
45.9415420994188,1.115301209885641,1.1148288544435552,1
53.667361235866494,1.1152866432066828,1.1148406642269502,1
53.950675378908215,1.1152666234022064,1.1148491439672643,1
55.08657956412367,1.1152590293862807,1.1148539193697484,1
51.995804287358844,1.115222824006958,1.114862683459008,1
50.44190542105213,1.115197346564473,1.1148808375282362,1
66.93233980044604,1.1152261173809561,1.1149106197750056,0
69.51871473722548,1.115287705152765,1.1149515282062616,0
76.54799326087218,1.1153411365738095,1.114977649403244,0
75.64685884518153,1.1153953392698657,1.1150110797366926,0
67.8057813773019,1.115430993670099,1.1150400845015558,0
68.22556535933893,1.115456949363153,1.1150712972740964,0
74.70626667717166,1.1155189306353606,1.1151124265642707,0
60.241224896228466,1.1155507108434275,1.1151447110406782,0
50.968460091644346,1.1155923339822165,1.1151681200944548,0
47.293888333271596,1.1156183143531222,1.1151918274772772,0
46.612075104485285,1.1156411987085375,1.1152142900227704,0
39.633632554877956,1.115639646760341,1.1152326716993253,1
43.85586412110072,1.1156568877374937,1.1152624740701116,1
40.93027763796364,1.1156587088448056,1.1152918557232838,1
30.53469542959725,1.115641990045177,1.115309542163234,1
20.614030288219453,1.1156051812085008,1.1153225834443985,1
30.305821693060665,1.1155860457374238,1.1153405653836181,1
38.19186849264438,1.1155830435137637,1.1153643234289854,0
41.10158277372355,1.1155833912563655,1.1153927960884291,1
35.581826485761724,1.115561723160325,1.1154073806584208,0
35.826128341514575,1.1155226809658507,1.1154236985016268,0
41.71654106149126,1.1154622091722806,1.1154280770271594,1
46.935337606734365,1.1154105904577476,1.1154360173674616,0
53.02396759240862,1.1153646452807313,1.1154374872551385,0
44.69292412403254,1.1153094568855588,1.1154228500733263,1
56.964604838530214,1.1152654571705916,1.115412804464948,0
55.607474840748694,1.1152157886122962,1.1154017907929896,0
52.26639857177323,1.1151879949019254,1.1153897993338722,0
52.81075223234411,1.1151762894369,1.1153700692798787,1
56.86015198371605,1.115168267495651,1.1153492716427962,1
42.56283858827344,1.1151387904310575,1.1153298892161145,1
41.63078570556174,1.115149879593907,1.1153261795375677,1
44.0171779886575,1.1151557539603005,1.1153238328873278,1
49.594863178637915,1.1151645012545164,1.1153222842559716,1
51.97771811856019,1.1151904358322704,1.1153267844541723,0
48.66374967660735,1.1152123898456636,1.1153178438528888,0
51.5598867952772,1.1152257153306462,1.1153234506941836,0
46.724188832833136,1.1152101950925688,1.1153265901613143,0
61.32424217196726,1.1152146298383776,1.1153457181284485,0
43.19734921283678,1.1151963386766384,1.1153475244572875,0
42.3594333902801,1.1151691929854142,1.115349302972612,0
41.56697062737844,1.1151383754250495,1.1153449469041694,0
44.30751174071724,1.1151161327669543,1.1153483677111944,0
46.83807841060176,1.1150898459743936,1.1153469319937535,0
51.642428148633485,1.1150815851347236,1.1153350001729592,0
39.78206297183489,1.1150428671522177,1.1153152940431619,0
39.03833284521126,1.1150013989813188,1.1152957010246345,0
32.65819179637404,1.1149526535741785,1.1152672490090314,0
31.89037755214696,1.1149178764347834,1.1152480902510087,0
34.21142628317786,1.1148781247470563,1.1152215829158296,0
22.74627318210409,1.1148207362555909,1.1151677367659685,0
22.534245193931625,1.1147353013598644,1.1151052180204075,0
14.921091826706231,1.1146336684223412,1.1150408456267404,0
15.582163839162831,1.1145009213156294,1.1149645170742772,0
14.143874276849118,1.1143353395627857,1.114888522811247,1
15.657473441102212,1.1141867163738828,1.1148097506571808,1
21.59387813103929,1.1140509207189182,1.1147362467276067,0
20.616124407736848,1.1139238374474252,1.1146758408029134,0
20.783205942173012,1.1137749550634803,1.114618766560954,0
24.94945310488977,1.1136648196537684,1.114566126577546,0
24.25786411373697,1.113549284303907,1.1145125372107598,0
24.65415054529315,1.1134323722583448,1.1144620371033709,0
17.40650789037386,1.1132916608284993,1.1144022769475965,0
15.695113978791255,1.1131176213037424,1.1143304969773282,0
19.116842029887678,1.1129483473118094,1.1142575430796122,0
20.877785183545768,1.112792126730188,1.1141900722518365,0
22.771068559438135,1.1126361167740444,1.1141157294392827,0
25.78844062002281,1.1124873169473912,1.1140289583824823,0
26.6355267706805,1.1123117011743962,1.1139394142182208,0
30.5376735244204,1.112150747202283,1.1138571925326126,0
16.391172328977547,1.1120136410746604,1.1137641208094922,0
20.327872181183167,1.1118937976965946,1.1136778534301333,0
19.54122698166863,1.1117744992205576,1.1135864091318646,0
14.657767744028277,1.1116683833531924,1.1134860123032617,1
13.3767076722269,1.1115588271075414,1.1133882709000398,1
13.604670353398689,1.1114401087026093,1.1132796112699879,1
22.564147512808603,1.1113160903721309,1.1131763674315407,1
30.572676871977478,1.111195108695871,1.1130786863204916,0
38.17022697333862,1.111097900902115,1.11298741114704,0
40.24042768953051,1.1110016866836203,1.1128994942527337,0
36.82964473352877,1.1108958037723509,1.112815342547277,0
37.09558880623575,1.110795378028254,1.1127202364771096,1
37.62360642786666,1.1107005647372439,1.112620201258374,1
41.271078031095314,1.1106519875018956,1.1125254914762799,1
41.67710619298407,1.1105913072924494,1.1124178916636838,1
42.2327989975651,1.1105416617459951,1.1123217810119692,1
49.90467235477848,1.1105068598626429,1.1122281872520814,1
59.60624863740295,1.1105057417862354,1.112147177059949,1
64.74532867416201,1.1105126646018488,1.1120586281236096,0
69.36183118508734,1.1105211485569808,1.1119871164847497,0
72.26670996827235,1.1105836142684602,1.1119298893227105,0
68.02072191880112,1.110625174936078,1.1118725732345445,0
58.62085628280901,1.1106587432552666,1.1118034533271897,0
50.27539484500794,1.1106753979525066,1.1117202330945068,0
56.17831622390158,1.110724745108039,1.1116455348893663,0
51.03507648206653,1.110753366042654,1.1115638108261623,1
52.29299152368384,1.1107617725045975,1.1114805168408521,1
49.570851869359274,1.11076900424302,1.111405226588028,1
54.259965929195765,1.1107643372828144,1.1113259954862524,1
52.749007376915266,1.1107582198573827,1.1112515322968646,0
50.40239492228234,1.110771991827216,1.1111958447759271,0
48.293633655087376,1.1108099086226138,1.1111500793822093,0
46.351941807289684,1.1108452436592375,1.1111048313531326,1
41.18181156151713,1.1108504651452236,1.1110653090081175,1
27.290992660333146,1.110862048569227,1.11102857526626,1
33.638855793914885,1.1108726794050674,1.110996166224443,1
43.29974087950482,1.1108834219116823,1.110961187729187,1
53.89155690417573,1.1108734884950613,1.1109270374790035,1
55.94484286855337,1.110887452782333,1.1109036272111503,1
59.9428475930192,1.1108730616242002,1.1108704132729224,1
67.92573879810784,1.1108494540501925,1.110849957221225,1
70.7695914492294,1.1108579596806647,1.1108428082034727,0
72.02680091741837,1.1109005252448085,1.1108469990937133,0
74.70735731868477,1.1109980179430923,1.110872391750247,0
66.40748044506016,1.1110599706128286,1.1108901842097738,0
61.16370561315019,1.1111423038136412,1.1109038816595438,1
62.071763031356575,1.111219192248338,1.1109137470305697,1
66.80426307778569,1.1113003431750856,1.1109304370791058,1
65.56344043010353,1.1113629643576866,1.1109465007595685,1
65.39504722764144,1.111430566294565,1.1109634599337772,1
66.45584388525674,1.1115153919257659,1.1109965451163695,1
66.98111231180502,1.1115914626132688,1.1110291453488792,1
64.95749713881324,1.1116860743118377,1.1110694613896444,1
65.80995940497101,1.1117760228373699,1.1111083648017885,1
57.56338393566062,1.111864858490089,1.1111509878192793,0
56.69664387726565,1.11195998554921,1.1112041169630833,0
56.83752629961418,1.1120532968645636,1.1112560703261598,0
50.07340370935729,1.1121392545073365,1.1113046958035897,0
56.00386922249799,1.1122011911019196,1.1113449432910725,0
48.9738040945446,1.1122504111914169,1.111369903076041,1
47.63733205889441,1.1122585601329606,1.1113950597654687,1
52.257621379638564,1.1122725317814857,1.1114336697047653,0
51.38013660721236,1.1122562622664869,1.1114692781054105,1
49.27969830860037,1.1122161079651751,1.1114980399355587,1
47.839252822292856,1.1122159146715762,1.1115400271614246,1
40.62316869404106,1.1122047642600015,1.1115691226651463,1
40.179197585164054,1.1122074140574585,1.111593968708496,1
47.43901830430251,1.1122133103981218,1.1116134645238605,1
50.74210232573612,1.1122351463397078,1.1116354934547121,1
56.44573841202251,1.1122886458998889,1.1116704588709403,1
47.828782843311615,1.1122965584290267,1.111681722780596,1
51.422519604011356,1.1123099238426115,1.1117030449114926,1
52.22819778062708,1.1123164409647803,1.11173254047345,0
62.14333384689666,1.1123493549893853,1.11177794761654,0
68.19341294893856,1.1124015913857577,1.1118217263303667,0
59.38804681783433,1.112424086155594,1.1118724050082593,0
66.7893652368094,1.1124383256362584,1.1119266915788244,1
56.9115122125564,1.1124252818879428,1.1119672068615587,1
55.550350366555676,1.1124275554953222,1.1120102305760755,1
62.5584610126372,1.1124646885977882,1.1120524905722031,1
63.94116255585361,1.1125274643890637,1.1120972487902079,0
64.29035680170963,1.1125774406689088,1.1121406825232831,1
65.28359036906002,1.1126521380799221,1.112192035873684,1
55.88410201631317,1.112726214634914,1.1122483397314347,1
60.636967470511976,1.112771963505258,1.112303993135837,1
51.11613933203498,1.1128258529041672,1.1123503920647861,1
57.849673024034125,1.1128947726652574,1.112398509009926,1
60.493776176622745,1.1129711687243706,1.1124525366155842,1
57.42896105058843,1.1130438056371106,1.112498034596623,1
61.970924242765435,1.113074106545224,1.11255087683935,1
55.72932768663095,1.113115867226596,1.1125882880511575,1
71.76962353652321,1.1131593383326988,1.1126235963723061,1
71.94955794361844,1.1132153827172178,1.1126584834624136,1
75.99348790628157,1.113288966560961,1.112694327063687,0
68.9399983546347,1.1133427559512712,1.112734840465744,0
63.56191923199252,1.1134018725660528,1.112776232509224,1
63.103346365803944,1.1134610259237854,1.1128234250490032,1
64.72802275694988,1.113557745146355,1.1128701676500665,0
68.77089169133585,1.1136421806418526,1.112921917089742,1
67.74868252835725,1.1137090493440034,1.1129638837919786,1
66.81163534240393,1.113779559256559,1.113002915722525,1
64.38796838315642,1.1138450144246759,1.1130421032478461,1
60.21811099864099,1.1138912111836814,1.1130740906224217,1
64.63974663889937,1.1139555182434064,1.1131201378938496,1
72.9285058625442,1.1140505943088193,1.1131782874633291,0
70.37473161942776,1.1141583681331457,1.1132297450983604,0
68.7095743672191,1.114249534906105,1.1132770042265427,0
63.905662101046104,1.1143274675145456,1.113327821818468,0
64.0234300964301,1.1143960462334772,1.113375976649246,0
66.93919982496227,1.1144643853833873,1.113436466516138,0
52.613701657284444,1.114514007995753,1.1134904671962744,1
53.62069040198751,1.1145591860901223,1.113538258095761,0
47.68977109448808,1.1145709605338,1.1135843627693387,1
57.08784219667452,1.1145761680133566,1.11363835108296,0
52.46052550628968,1.1145895985376617,1.1136843140121782,0
48.59360809190605,1.114605524175723,1.1137365364755125,0
49.818317436125746,1.114608562116355,1.113783884272562,1
41.883971466627145,1.1145975821308127,1.1138238763431427,0
43.24170848706321,1.1146111151300104,1.113872304605863,0
34.36863128837349,1.1146004254157174,1.11388859559831,1
39.91042242922657,1.1145956690692813,1.1139225599786269,0
38.98081342425274,1.1145851660446238,1.113952200128651,0
38.04013649865921,1.114570301806757,1.1139756349592123,0
35.25499510041644,1.1145189762409777,1.1139879863944864,1
47.64968145906327,1.1144752435899687,1.1140077483450137,0
41.56621768117752,1.1144153138883017,1.1140262361914437,0
42.733004038665634,1.1143368899610404,1.1140364299564554,0
41.25381228385332,1.1142672148853476,1.1140645950174297,0
43.61644676627234,1.114215543648853,1.1140911719106583,1
41.49169486422569,1.1141493530565227,1.1141103322996317,1
44.16253125652871,1.114118697591993,1.114126960477446,1
42.02409150660242,1.1140595090025258,1.1141310854292077,1
40.78932171698887,1.1140402551323718,1.1141396095903184,1
52.969389743363195,1.1140143705292642,1.1141536134407,1
50.220609891937,1.1140014178205486,1.1141760957382945,1
50.312755532001816,1.1139970650324806,1.1142050213268382,1
61.4385138758402,1.114028546074877,1.1142373936364098,1
66.8305864218932,1.114064342995293,1.1142611460515117,0
55.38024642608958,1.1140611338336506,1.114279235884479,1
61.81267987467943,1.1141019839105484,1.1142997465444398,1
74.19502211618928,1.114154970212398,1.1143382011729477,0
65.52455035193694,1.1141876647696336,1.114363530703425,1
62.60042304399698,1.1142330427100862,1.1143826989563599,1
69.02140073531469,1.1143007970270062,1.1143927185809046,1
68.1069402117252,1.1143425968757832,1.1144076847148183,1
68.36734860547637,1.1143838447740535,1.114419025074644,1
68.42579904403301,1.1144592207978261,1.1144357079060718,1
71.56907396783313,1.1145523377142939,1.1144624320446053,0
70.79318469190355,1.1146433183095024,1.1144916269777183,0
64.9904154830271,1.114734806764013,1.1145206352676356,1
52.145770687452845,1.114799811436017,1.114535061349229,1
53.10438290192421,1.1148840720379933,1.1145467084745346,0
62.03993228849744,1.1149683784791435,1.1145704765085034,0
62.11587555600896,1.1150438918720178,1.1145889628921446,1
54.7569453698226,1.115111389114296,1.114600413660485,0
57.01151297250609,1.115164622365879,1.1146075230199313,1
53.24649104535198,1.115175055341098,1.114607601810407,1
54.949656285720664,1.115198014291301,1.1146093647622137,1
58.524855844918356,1.1152524079277062,1.1146217805621705,1
55.96992026383704,1.1152768735086183,1.1146247417945323,1
57.51059699013402,1.1152938959684602,1.1146501563620306,0
51.13082130202258,1.1153347508890132,1.1146737566229812,0
55.71419702758689,1.115402021670744,1.1147151234111374,0
53.87496027998309,1.1154429138456758,1.1147394169138323,1
54.62889846868337,1.1154641272310117,1.1147574961921582,1
53.09989924723348,1.1154978406304066,1.1147759516565174,1
50.82208351024152,1.1155222679283616,1.1148011902308743,1
55.56548550406199,1.11553884002783,1.1148389352034125,0
57.7533269249709,1.1155630613391205,1.1148724054613623,1
59.177525169344335,1.1155972034556048,1.1149193464835907,1
59.45585558634776,1.1156391844418496,1.1149524674982565,1
60.569927938783756,1.1156957457969674,1.114990940375472,1
54.026018980498925,1.115721278410549,1.1150308671500202,1
64.93510907765813,1.1157641105362548,1.1150870166102553,1
59.31811587212826,1.11580271294983,1.1151314014044298,1
62.224418138311265,1.1158740131692715,1.115191002732319,1
60.2090985796787,1.1159718798125549,1.1152615977510125,0
66.10677588682,1.1160551702536012,1.1153245469095152,0
70.99078008029103,1.1161169631747498,1.1153823483725294,0
69.82104176683939,1.1161968284245385,1.1154437319417385,0
69.62687174341671,1.11625927084004,1.1155063856612493,0
64.32826732363756,1.1163142595346716,1.1155756568358397,0
57.82228138425852,1.1163393471385046,1.1156347602135908,0
58.283212164435966,1.1163820821874104,1.1156865015770907,0
65.52100181821993,1.116446483254093,1.115735522365576,0
46.607248569173116,1.1164811878490062,1.1157696007831275,0
54.22795688683279,1.1165152231992375,1.1157958610806187,0
39.139684558182836,1.1165076173187543,1.1158162449327969,0
35.49451992463378,1.1164721202685157,1.1158368000353085,0
18.25761319359816,1.1164149532722227,1.1158445342282604,0
9.886357150757675,1.1163462734265768,1.1158289887839279,0
8.862071123318913,1.1162388118597932,1.115811399211536,1
8.72144703633677,1.1161351855600314,1.1157917242899982,1
22.086610993171448,1.116036431119011,1.1157812702470573,1
18.793303310061333,1.1159340542525962,1.1157679843551547,0
19.386946947884184,1.1158104849066863,1.1157616587853723,1
22.615032975711244,1.115682738812223,1.1157510049567714,1
23.641307255526087,1.1155590136278946,1.1157272172749557,1
23.062592352159385,1.1154419177372328,1.1157017881436213,0
24.771386077875064,1.115312006058277,1.115674611659444,1
30.266543892987215,1.11519743354216,1.1156654345037067,0
41.06354974738095,1.1151088116282541,1.1156655526719437,0
39.609408085169626,1.1150038570050573,1.1156489516239563,0
41.44873247823923,1.1148860264241522,1.1156233553979444,1
46.36302329815561,1.1147628200326656,1.115596094732924,1
47.827054212076874,1.1146570765856716,1.1155665824710446,1
52.77996335914562,1.1145520501002575,1.1155466589842822,1
40.84795368407487,1.114450795350178,1.1155173573563477,1
52.72585812026584,1.1143993164271637,1.1154955634350916,1
56.24553564684122,1.1143910058982713,1.1154901871841216,1
55.63267289976256,1.1144127923673066,1.1154765473434665,1
58.41017212990399,1.1144703153428381,1.115465624993066,1
61.70342480410718,1.1145550621390996,1.1154529404773406,0
64.3519929910317,1.1146020508359773,1.1154449250431775,0
56.9447097397871,1.1146446844693252,1.11544020725048,0
50.91416810617779,1.1146858239970237,1.115436852132019,0
62.01877339102231,1.1147338808457918,1.1154356501237435,0
68.48488003773937,1.1147820576227467,1.1154245043129223,0
61.04194981418155,1.1148077411043795,1.1153996600497251,0
61.880338689688024,1.1148393116258073,1.115371454927525,1
59.77626393384109,1.1148480086410566,1.1153489641833894,1
63.42566550350524,1.1148284627225866,1.1153186394421915,1
62.7548969745833,1.1148637448171805,1.1153059381866088,1
50.47337312345809,1.1148935975215015,1.1152751501920433,1
51.79439583341151,1.1149352312195857,1.1152491020408262,1
53.74040288895521,1.1150136696812187,1.1152224450758235,1
58.01513675116667,1.1151185904057308,1.115205343221553,1
58.75840150252249,1.1152283692519316,1.1151866369556798,1
64.38360031417824,1.115313043698906,1.115173995644754,0
65.77100505983287,1.1153884063223232,1.1151668183432355,0
63.8635867489546,1.1154635125612542,1.1151582440319523,0
62.91195840919846,1.1155217313282169,1.115148613710484,0
73.62216346123864,1.1155699012196565,1.1151451621098014,1
63.43826363592752,1.115588546632139,1.115127510821069,1
65.69830217234647,1.1156296663456404,1.115113480487099,1
66.4048724905515,1.1156715065817522,1.1151129796251176,1
59.302844839739635,1.115697085152545,1.1151083949050662,1
73.01194424200654,1.1157512807502934,1.115121969685538,0
67.87167791068998,1.1158190072849932,1.115138414856316,1
61.13040165308275,1.115892730046516,1.1151625656372424,1
60.13001739737572,1.115997435700526,1.115209429092969,0
57.85490844392944,1.1160907954190282,1.1152594328658854,0
53.230730923131375,1.1161463152756341,1.11531039007285,0
50.07926671430039,1.1162204195700247,1.1153487455724487,0
52.859918534108914,1.1162995510430203,1.1153953007569957,0
54.144502244568386,1.1163594628570004,1.1154420362559492,0
46.9746091788635,1.1163659135445925,1.1154786131145005,0
55.88036306230431,1.116370447665085,1.115511210570556,0
49.767517766173434,1.1163585000272886,1.1155406285607765,1
48.79098597464958,1.1163368476684563,1.1155767549873072,1
51.863772061173826,1.1163186507385299,1.1156067309105002,1
43.15365021328125,1.1163082095729604,1.1156283728883667,1
38.44998068332631,1.1162645886002376,1.1156494547478732,1
45.974498170380635,1.1162749104336063,1.1156830644248508,1
35.56305691188109,1.1162787897573143,1.1157198683769587,1
47.96946811336288,1.1163015443931814,1.1157707667481214,1
53.196436850229084,1.1163342991274092,1.1158212945159272,1
58.89137592119287,1.1163528707730674,1.1158827998546936,1
57.36084067647926,1.1163885646086793,1.1159341141289223,1
61.699247211206306,1.1164504979704701,1.115986362466122,1
71.2742969629945,1.1164903917922682,1.1160404688629537,1
74.37432459525922,1.1165412978049423,1.1160878258507272,1
83.25082246084489,1.1166345420676673,1.1161421820442772,0
84.96170436829317,1.1167433272685778,1.116205256145489,0
85.13810115236313,1.1168481076185715,1.1162766700166942,0
76.60782800374986,1.1169306263647067,1.1163399572030224,0
79.486401795891,1.1170132098767873,1.1163903447268988,1
78.19049118132904,1.117108166649547,1.116441654181276,1
77.99756117829821,1.1172144165567715,1.1165032987417332,1
71.08152606910191,1.1173126129411988,1.116566075513464,1
70.28636952718023,1.117406536411241,1.116630142018574,1
71.54385145861104,1.1175180161988658,1.116704194278878,0
72.09840017124249,1.1176665671999193,1.116770583700969,0
61.71333724307643,1.1177820439585135,1.1168384429996556,0
59.29801516199999,1.1178920595520103,1.1169025997099282,0
55.75531501705535,1.1179692326675803,1.116952991942666,0
43.47791605612977,1.118033927309495,1.1169874292774327,0
36.276144760287735,1.118075897872059,1.1170218113027448,0
30.530155705560503,1.1181037055712124,1.1170503788778448,0
30.599224457923597,1.1180924928534433,1.11706799707857,0
34.932124934683344,1.1180715315559109,1.1170836764608165,0
30.368406214752312,1.1180436298725227,1.1170965852684496,0
21.558679372117368,1.1179376999379773,1.1170893015316055,1
35.29508073214481,1.1178492290269655,1.1171095291034197,1
39.79278498780793,1.117768483494452,1.117132196876219,1
30.888075532243846,1.1177012380173126,1.1171518497772466,1
26.90719913095886,1.1176535994401813,1.1171729504419534,1
26.837180641373024,1.117583995315608,1.117174740007402,1
36.3466730683484,1.1175376442162355,1.1171907535142303,1
46.72674050129764,1.1175289642857595,1.1172205692091612,0
48.58744415505965,1.117520520020713,1.1172393757466488,0
53.490198983458036,1.117503599311409,1.1172693158358304,0
55.80968813884145,1.1174788768666706,1.1173036083373835,0
55.4980484037851,1.1174512186679952,1.1173307626388436,0
54.43929539308172,1.1174190557511925,1.1173504015931974,0
56.9643459767797,1.1174009462511043,1.1173695853003074,0
68.72054797249709,1.117381834033981,1.117393797473188,0
60.919424919791325,1.1173656462526806,1.1174198907377828,0
55.66660972001398,1.1173552521617567,1.1174490797316319,0
57.521685067777845,1.1173624719239443,1.1174782467807651,0
57.68131516648698,1.117372390383712,1.1175051723188896,0
58.410257831268545,1.1173748088820368,1.1175232249920801,0
44.01519775079371,1.1174104138684746,1.1175476316389004,1
21.396781312851658,1.1173959555105593,1.117557947134201,1
29.447472750899593,1.1173798328410762,1.1175726141097235,0
14.696823147743245,1.1173377699783393,1.1175663400113098,0
22.977907603057105,1.117312728685006,1.117564322264992,0
36.554818197170405,1.1173260574478414,1.1175640146773116,0
36.954917068431605,1.117309417658705,1.1175590947342404,0
28.586036797680165,1.1172252714828292,1.1175304786141051,0
28.801058116290022,1.1171333552426008,1.117496561126782,1
29.164499807643423,1.1170251232802897,1.1174628460259697,0
27.12744412234889,1.116899103042996,1.117409432727515,0
26.26073071589984,1.1167854054113782,1.1173475938959638,0
33.49128073414769,1.1167008380582781,1.1172914937690799,0
38.9246671551752,1.1166242656931105,1.117247041031669,0
38.38189830553983,1.1165406430820088,1.1172047707552766,0
37.59135703452916,1.1164363362825243,1.117151158590974,0
32.55117058180409,1.1163284952166384,1.1170947111955787,1
37.418517338234466,1.1162186654765303,1.1170406677948976,1
33.98926601621602,1.1161154948468754,1.116988755693143,1
24.146281814845892,1.1160202035425277,1.116924099929545,1
28.205707124817664,1.1159433399740473,1.1168583407485513,1
48.07578830611642,1.1159147724801535,1.116811038542857,1
53.43547123387514,1.1158837702683508,1.1167692983962598,0
53.51277936194994,1.1158836314330658,1.116732099517504,1
57.812596015137515,1.1158634414855655,1.1166961279354204,1
58.71659083947851,1.1158171062000934,1.1166604980085253,1
57.24252495843693,1.1157930132371128,1.1166348178006005,0
50.64506170950709,1.1157985576287603,1.116612904524232,0
56.17391261042903,1.1158102000194723,1.1165920285122064,0
68.72943805849212,1.1158235731411321,1.1165748233334132,0
67.12814341512751,1.1158445784731983,1.1165721841416034,0
58.14428152865603,1.1158527250979535,1.116548992324359,1
57.289979844369014,1.11584276341228,1.116521205736211,1
60.68127981962596,1.115821912759594,1.1164953109285818,1
60.625952872320234,1.1158224341756657,1.1164723046494704,0
44.17940383056652,1.1158389155746842,1.1164531266946043,1
47.40918921110757,1.1158786145529496,1.1164310993302644,0
42.39412847820241,1.1159083637761866,1.1163924275910686,1
53.757034600263275,1.1159563506158736,1.1163630879312074,0
46.8037109809384,1.1159861526586017,1.116317121268422,1
42.83906512103017,1.1160148037586677,1.1162727115053501,0
48.323013072332685,1.1160215590083706,1.116239174679007,0
44.47806232847379,1.1160041483867178,1.1162033354504701,0
46.365268574550605,1.1159938250017432,1.1161692510177594,0
54.18105696787382,1.1160054416538803,1.11614557098338,0
50.55072232885139,1.11598915612044,1.1161099019556289,0
51.24622876538343,1.1159627021454255,1.116077797794068,0
43.05327248715252,1.1159082588097948,1.116031219278572,0
38.58475405434058,1.1158386521614765,1.115978533223312,1
45.77684403118515,1.1157927150401037,1.11594198579664,0
40.02378189771738,1.115745577951122,1.1159062497746621,0
39.300143586524946,1.1157014196458925,1.1158711779784922,1
31.812860059887058,1.1156494476571739,1.1158290516626501,1
44.71422966505287,1.1156294093231058,1.1158119666664883,1
38.346086888662924,1.1155743921482877,1.115776970034783,1
34.30081233246358,1.1155116093293918,1.1157273474472247,1
41.31609363895398,1.1154529756662614,1.115688522533287,1
45.66368932852559,1.1154353591450021,1.1156764626559377,1
41.57759158353071,1.1153905105511186,1.1156659500546144,1
43.942114857600394,1.115353290714344,1.1156483882420436,1
48.695944862280925,1.1153409869791286,1.1156494650798032,1
60.0567593636068,1.1153454684195514,1.1156631998822764,0
64.89264283601742,1.1153720674208096,1.1156718271954826,1
58.34376956855517,1.1153801144777662,1.115671590531622,1
60.256439729721514,1.1153682333145638,1.115676607076402,1
64.26439278031808,1.1153871990327358,1.1156902470557135,1
65.86119783128825,1.1154035863483647,1.1157078342467583,1
64.43371200268523,1.1154791377478706,1.115735408187108,1
75.2515716743419,1.1155823653750463,1.1157652814345804,1
75.10971306522177,1.1156449948655938,1.1157919023258664,1
74.89009865702513,1.1157369985333925,1.1158237131984003,1
71.70109213285104,1.1158513073827574,1.115845791939534,1
73.80846469904641,1.115978891284995,1.1158671000693081,0
83.81883066958929,1.1160974547050493,1.1158974959752817,0
73.21841821755152,1.1162268196550693,1.1159223213025846,1
68.87281228603689,1.116371416870083,1.1159490717152203,0
63.257806873427946,1.1164855807915788,1.1159655495550733,0
58.928345041996366,1.1165483612865408,1.11597638411905,1
60.43943075811087,1.1166178938995313,1.115989027606638,1
68.40697185948014,1.1167436856513338,1.1160164332461242,0
59.43580189036157,1.116810438584441,1.1160358091243003,0
55.02441420685712,1.1168527906725065,1.1160632261120975,0
54.23086221168285,1.1168945666997818,1.1160925485104836,0
59.32138932476998,1.1169503749353158,1.1161229754019104,0
53.78249671516927,1.1170052216901747,1.1161497220822056,0
46.92884797346595,1.1170429856007975,1.1161718750661587,0
44.89477648693206,1.1170792785429955,1.1161880998427767,0
34.593220016735586,1.117082455003966,1.11620504467822,1
31.540876888227587,1.1170395913837448,1.116198577741729,1
37.73750602022161,1.117030807287986,1.1162097641776203,1
43.51195638743231,1.1170157515327748,1.1162240923080433,1
49.29997884120061,1.116996773710116,1.1162358778202321,1
48.810035603202884,1.1169709260208425,1.1162538111229579,1
41.95707658757988,1.1169391949888705,1.1162756439701327,1
51.85013824929012,1.1169275027554928,1.1162911457432296,1
56.37404312144681,1.116929908169117,1.1163253725346913,1
51.7398161040051,1.1169358231679989,1.1163547979641029,1
57.034015945249244,1.1169849358143398,1.1164070549208678,0
58.866013963057284,1.1170336595969053,1.1164670305808093,0
67.36303778909237,1.1170476208103515,1.1165183955542233,0
58.87721312445825,1.1170701322736343,1.1165656308533054,0
64.24060829866576,1.1170974322838974,1.1166216311672994,0
73.7750140070749,1.117102644826372,1.1166738273781627,1
64.64965118828661,1.1170964369549239,1.1167097864546376,1
54.402374193090765,1.1170796953698388,1.1167518433708261,1
48.02499983341164,1.1170664485062267,1.1167938107368927,1
56.69784313828498,1.117081581412516,1.1168395421412787,1
57.65583195612721,1.1171280358643902,1.1168821153659751,0
63.050056009766976,1.1172361446543715,1.1169368313830303,0
54.943937607533904,1.1173079911357515,1.1169916443461831,0
56.40259790137642,1.1173665306360827,1.1170343097708249,0
46.68061881485346,1.1174048926073827,1.1170596474953645,1
43.07817184785405,1.117429383035202,1.1170767373687147,1
39.58554761613887,1.1174239867880793,1.1170931928942578,1
48.24367377494454,1.1174338192062014,1.1171173800998848,1
45.91165079601133,1.117424147915831,1.1171401520879294,1
52.39611386625459,1.1174349645484785,1.1171673492441483,1
56.60809510856994,1.1174351632383914,1.1171894651170762,1
65.5964589187054,1.117465104723697,1.1172201263202697,1
63.97041703656798,1.1174699437665014,1.1172483751145863,1
61.997160631452125,1.1175127222242331,1.1172759203296416,1
61.54727947857941,1.1175683929572067,1.117308465397079,0
52.431083335047,1.117621942331372,1.1173310477967133,0
60.18043743811705,1.1177001729464824,1.1173508737512108,1
60.89695200571472,1.1177956763704628,1.1173793860569834,1
65.65110331170814,1.1179037611745226,1.1174067484586687,1
65.04028023138,1.1179676153752325,1.11743235597474,1
65.99315997735937,1.1180007128482408,1.117463055990655,1
67.9073174847911,1.1180357519901536,1.1175039746192792,1
69.83095071703036,1.1180891447996442,1.1175298280055075,0
69.20117816809329,1.1181532007529091,1.117571414638212,0
63.92490253232295,1.118224795829827,1.1176084495582927,0
53.18156709704046,1.11829512853571,1.117636962103086,0
63.97916931216899,1.1183954629184822,1.1176712280875245,0
53.066233563310234,1.118456959897985,1.117698075383009,0
46.37677349075872,1.1185181721161408,1.1177302266940667,1
50.89369256956814,1.1185638690554573,1.1177611854491332,1
46.26451009239217,1.1186021747704573,1.1177973530236727,1
43.44502289780528,1.1186032395049006,1.1178455855687321,1
46.836861431449826,1.1186324331994075,1.117889025479155,1
54.875816821533164,1.118653131231655,1.1179308722091936,1
62.60213721061751,1.1186676522140282,1.117976816798644,0
45.998724098919794,1.1186819868218416,1.1180154721171132,1
44.47766078906072,1.1186769521031392,1.1180459765969184,0
47.0147816558117,1.1186847966529196,1.118082303615954,0
56.27565991816936,1.118709473054413,1.1181185744127868,0
52.844747432767846,1.1187259155964384,1.1181483929461158,0
49.01571487403173,1.1187584169787412,1.1181724484564157,0
45.81427796984028,1.1187304978008663,1.1181827099008637,1
48.14404766683418,1.118703272404238,1.1181920886430623,0
56.8349101008464,1.1186927815628382,1.1182204743538935,0
51.92723034028852,1.1186799358214041,1.1182414509732954,0
49.229496166238306,1.1186662730284809,1.1182624133839294,0
50.669686316194735,1.1186478409101426,1.118291789669612,0
42.546081082375046,1.1186265104122497,1.1183168013999731,0
37.510617108586295,1.1186019167954266,1.1183444140097465,1
43.07692125017176,1.1185857593845014,1.1183628566379271,1
41.9751367400431,1.1185584170968332,1.1183695055166498,1
35.75139320534305,1.1185302216586321,1.1183632163704365,1
34.982953005092654,1.1185072517093695,1.1183687297086022,1
41.46990011692679,1.1184802121150224,1.1183763448007695,1
41.04065060113467,1.118446155233438,1.118393321849066,0
47.83224189546502,1.1184217985747946,1.1184124383329501,1
49.480342275084716,1.118407255159349,1.1184392839454262,0
37.415367846159995,1.1183729343107738,1.1184579496577831,0
45.466388796567344,1.1183320608385339,1.118481739581868,0
47.47779338016649,1.1183043262776893,1.1184961376378002,0
40.55141732689885,1.1182685809837238,1.1185058155545486,0
44.00458518377986,1.1182476597016109,1.1184957318920292,0
48.467035977480876,1.1182255092818167,1.1184943148491884,0
37.00145317653781,1.118162727343817,1.118480476401727,0
34.307190313268336,1.118097453099824,1.1184530750303425,1
38.10176747791705,1.118048573618731,1.1184330658988733,1
32.6913135841354,1.1179914247875522,1.1184082904060402,1
36.46700826432733,1.1179691610851261,1.1183861952858385,1
31.520681746758157,1.1179499218246045,1.1183628782697794,1
37.30870527743575,1.1179278567397217,1.118346953183723,1
38.961528364370594,1.1179235679061383,1.118338647539809,1
43.416321606542496,1.1179294902294807,1.118320711666167,0
35.231061684290154,1.1179118649619262,1.1182978177735148,0
39.00804928321206,1.1178901569553528,1.118271127281747,1
42.983450855210975,1.1178699087772757,1.1182513670280454,0
49.70093384479206,1.1178548551103913,1.1182363289628225,0
37.63021512792813,1.1178029533619023,1.1182022801227942,1
42.82850855089172,1.1177553149479746,1.1181772916777788,1
62.41360294026052,1.1177339974154887,1.1181680697016072,1
58.83505235366465,1.1177147332743484,1.1181564833253568,0
53.410726673891055,1.1176872865113558,1.118139860250908,1
51.31455246295879,1.1176802893436473,1.1181265518275278,1
55.470183682032705,1.117678502963246,1.1181127427547237,1
59.047355773760145,1.1177067726232799,1.1181019329583772,1
49.80345108657516,1.117732884957728,1.1180791681278224,1
51.14029439313627,1.117766088078747,1.1180667064016352,1
57.89206350814228,1.1178049564340466,1.118059492138403,1
56.51187040751156,1.117829949485268,1.118044256418778,1
56.406388437918636,1.1178664897298016,1.1180256849399348,1
60.276194408504026,1.117912351043857,1.1180215273626906,1
75.84778711374545,1.1179630351250285,1.1180204947983239,0
67.82151915614935,1.1179899023094015,1.1180244734695812,1
63.292172840387515,1.118041456671818,1.1180330914805467,1
65.24007364889184,1.118089800252925,1.1180299347577816,1
70.8356691823345,1.1181337748410611,1.1180329026359082,0
69.82266286044766,1.1181787397070586,1.1180413156342537,0
67.4737236132202,1.1182527480931,1.1180442429959772,0
67.46978098837347,1.118342224747238,1.1180635774117742,0
78.31582390671726,1.1183972576663874,1.1180862060499916,1
64.85571918979716,1.1184408979826426,1.1180985387646132,1
58.68215808674826,1.1184895565075261,1.1181123160151853,1
60.76992852251555,1.118535295224766,1.1181285812539812,1
64.91786801050452,1.1185947864906134,1.118147756667221,1
63.04721847534395,1.1186454331492537,1.1181680213720697,1
52.2802279124142,1.1187021898010514,1.1181815819548677,1
71.423906328963,1.1187852535978107,1.1182120884108417,1
69.61239427439115,1.1188634326933158,1.11824196315199,1
73.95058656553485,1.1189628748479452,1.1182802326336465,1
72.64541449196194,1.119054960976302,1.1183148449950422,1
73.84300661260959,1.1191396056311054,1.1183556391040568,1
76.79412679066633,1.1192237575827761,1.118402565437945,1
76.84887786906133,1.1193433277448044,1.1184627406868588,1
79.38270573123282,1.1194664560586118,1.118529470191265,1
88.32250153884961,1.119603637656496,1.1186062988828533,1
88.90597190200062,1.119734999841942,1.1186879213327554,1
84.60071091470425,1.1198566878818936,1.1187645613395187,1
83.3864426544308,1.119985618679332,1.118841920552689,1
83.85504706677682,1.120110670785399,1.1189201812918834,1
88.60946519306138,1.1202336378503521,1.1189996924602905,1
86.93383249729035,1.1203893756867165,1.1190831463434112,0
88.36551439253073,1.120572805722103,1.119172011141571,0
79.22485243492041,1.120739810522951,1.1192527093713693,1
74.36358110151428,1.1208758232914775,1.1193333399990417,1
72.1255649988922,1.1210006840138464,1.1194122321954671,1
70.67808562345142,1.1211429169554195,1.1194907852261253,0
63.05430648898776,1.1212400035430357,1.1195661477838994,0
64.16093631654313,1.12135340154117,1.1196621424236968,0
62.45148246091233,1.1214540296811575,1.1197597185269197,0
64.77165378549356,1.121557525243372,1.1198442561261954,0
59.1651671884736,1.121631481774058,1.1199223385039407,0
50.82802207043586,1.12167310903993,1.1199968944493746,1
47.719274819685296,1.1217006785238794,1.1200708963589516,1
40.26401176327535,1.1216803985488562,1.120130228425509,1
40.006192297996606,1.1216622251799766,1.120188479905532,1
31.41285856676926,1.1216464058043993,1.1202533296714239,1
50.43822984120392,1.121687809013995,1.120333249713618,1
61.108957181930286,1.1217588418546953,1.1204234747209483,1
60.93840072982437,1.1218131560382716,1.120513463913085,0
59.664160679213076,1.121869215977322,1.1206007829592988,0
64.43224035896564,1.1219242320595963,1.1206878987497069,0
65.24615857893428,1.121983006479837,1.1207799996834944,0
57.898446897573926,1.1220309552780026,1.1208691305588097,0
52.155266554030945,1.1220646622547448,1.1209426222322123,1
54.5830499926409,1.122091144335287,1.121012769828412,0
60.45056152320871,1.1221217532895542,1.1210859766055226,0
60.95373356811443,1.1221676838528853,1.1211617254422301,0
71.75343744983871,1.1222093779478584,1.1212447943656003,0
64.62620111079963,1.1222267155769832,1.1213135148588176,0
56.98407984570686,1.1222087193424397,1.1213688407966165,0
50.516890512737966,1.1222251319636838,1.1214360320963572,0
39.66898438131216,1.12224885887808,1.121500615397596,0
35.17657151685869,1.1222380933357559,1.1215520156033476,1
35.984932857211035,1.1222614926840135,1.1215969109028692,0
35.178032551511805,1.12228160010645,1.1216429466884104,0
27.255159241467965,1.12230224897957,1.1216933533428315,0
29.674297087919925,1.1222673837323536,1.1217261017674351,0
33.8116312987959,1.1221955093078955,1.12175630536678,0
34.556244594814885,1.1221207978780403,1.1217766331251229,0
27.602477569935445,1.1220274607965437,1.1217897828873953,0
23.111001459006204,1.1219084697821826,1.1217954444101377,0
19.552893277105312,1.1217717503772477,1.121799196801283,0
24.048326647666784,1.121664426586295,1.121797570095406,0
31.804916626977487,1.1215864193244123,1.1217906075385324,0
21.74620428179047,1.121502815357385,1.1217724409087675,0
23.437097864598954,1.121407747779178,1.1217550757804167,0
22.998590893342055,1.1212725711214167,1.1217280787380393,0
23.300959228655884,1.121124025041789,1.1217001569105831,1
28.63262461199733,1.121014907290704,1.1216752094609397,0
24.944477622165508,1.120918419715583,1.1216427535427087,0
24.643778282932544,1.1208002730124327,1.1216003910266437,0
27.30507869366329,1.1206994858550572,1.1215512874507778,0
35.97132573236304,1.1206477686551644,1.121515198856233,0
38.97474567005051,1.1205871521298374,1.1214814424382131,0
39.056033758820746,1.1205042542142483,1.1214443747685712,1
30.15049025860509,1.1203936533085046,1.1213936478840656,1
28.87845743386744,1.1202914717004935,1.1213466890304182,1
38.49623701905509,1.1202223116665664,1.1213038694169388,0
42.70988175766193,1.120162870751005,1.121260169553062,1
43.23376033821166,1.1201233163574351,1.1212160993330205,1
53.33679436850503,1.1200993134086814,1.121182577063987,1
52.522829758435805,1.1200673248812931,1.1211568831378282,0
41.835153684154406,1.1200183159602006,1.1211246250699345,1
53.139082346465685,1.1199791353407533,1.1211101022552914,1
57.609320387429385,1.119958268371381,1.1210908581853292,1
56.14545373045555,1.1199403881482195,1.1210726687179449,1
43.597331091449355,1.1199405334103454,1.1210291684965794,1
53.293341927852104,1.119957554141492,1.1209796418253017,0
60.392073865183,1.1199631125482015,1.1209351920649118,0
70.8789699513514,1.119982489124331,1.1208880628015125,0
73.76887337987175,1.1200256819883656,1.1208409709981515,0
61.74613786933746,1.120056474688144,1.1207806747341005,0
54.39613318135606,1.120056744696018,1.1207255146234392,0
49.81202005453926,1.1200523425263744,1.120676514546865,0
39.577608099784015,1.1200317580833734,1.1206206202678057,0
42.29158930083717,1.120047780623215,1.1205640588175299,0
38.60445802247835,1.1200347844179417,1.1204935292564409,0
30.49656163581888,1.1199727304145974,1.1204092104036345,0
24.827323459196265,1.1198753822141876,1.120319636207944,0
24.58014094478314,1.1197770771530735,1.1202434424572743,0
26.119234964061263,1.1196716860503941,1.120161198698671,0
17.525738519282328,1.1195615608845757,1.1200819639404267,0
11.714332577680722,1.1194479922689216,1.1200085846432006,0
11.164589898196908,1.1193044909482306,1.1199273015609783,0
7.393061390694129,1.119164568752646,1.1198440456438077,1
7.362249338739431,1.1190161240793066,1.1197582187578397,1
10.225397584383842,1.1188870552711998,1.119677037112118,1
10.121636581997095,1.118725155113822,1.1195915001476724,1
13.293503957959231,1.1185560003564057,1.119509273056258,1
19.50301243520788,1.1184146885821098,1.119442953915739,1
27.497775863714594,1.1182671419220145,1.1193844398540842,0
29.84668856311518,1.1181208726172214,1.11932032363009,0
40.18896185263723,1.1179901913493717,1.1192558205286698,0
39.40141964118337,1.1178672956506661,1.1191888650773665,0
40.22762519400397,1.1177710841830273,1.1191279277980626,0
40.23326108549887,1.1176629154139,1.1190661258714187,0
45.37854102813606,1.1175797487898596,1.119016400323818,0
56.344606578212286,1.117518190223584,1.1189668764763525,0
44.498735745609316,1.1174728650969512,1.1189028193304424,0
41.49847320633784,1.117413592833305,1.118841511704363,0
31.950894954273565,1.1173357472382557,1.1187753883890004,0
29.321564883275002,1.1172387980198366,1.1186976888063385,0
24.335447963068646,1.117139228226454,1.1186051684717164,0
14.249831298001936,1.1170596338769756,1.1185162942598335,0
7.163036170365544,1.116959682166811,1.118426216824833,1
12.79621474618402,1.1168756929525858,1.1183510346154721,0
10.583066974187815,1.1167874790697687,1.1182754400598283,0
8.840618851942807,1.1166830163540422,1.1181757820226625,1
14.135164355590959,1.1165856623309374,1.1180783896882307,0
20.518934000994165,1.1164809211169566,1.1179859958195475,0
19.152458480399815,1.1163524794758473,1.1178857062809506,0
20.48094093969665,1.1162365269151548,1.1177880044436348,0
20.70469323890822,1.1161038688963458,1.117690041703128,0
23.183617006720596,1.1159762859108058,1.1175877253053876,0
23.434009606883592,1.1158296172463915,1.1174764673480668,0
23.04704966991291,1.115660936150971,1.1173543450725194,0
24.820643539094064,1.1154889778257948,1.1172357780899977,0
23.427264192540747,1.1153119821661281,1.1171086476862069,0
24.552000346714124,1.115143921691551,1.1169751429877826,0
18.37690869469182,1.1149733389410055,1.1168378516310329,0
17.479647738901093,1.1148175858428355,1.1166921499307885,1
23.348727659177854,1.1146898762325221,1.1165510494240898,0
17.678511975561918,1.1145797524671397,1.1164143715801653,0
11.528896954549154,1.1144699742796145,1.1162833469611295,1
11.990438456586247,1.1143635361768147,1.1161589280622095,1
19.473820734772644,1.1142669696257723,1.116038710216495,1
18.794064242303577,1.11415223976845,1.1159224222000315,1
22.11008049633874,1.1140743508787858,1.115816430208338,1
34.78946595861365,1.1140043657217529,1.1157299830912568,0
46.286960463328576,1.113929432206427,1.1156469378408886,0
47.333655541576476,1.1138663687678179,1.11556357936792,0
45.04780407899999,1.1137890780003652,1.1154790112899504,0
53.34979769002913,1.1137401760212393,1.115406915204055,0
51.97239550221738,1.1136684643625836,1.1153333146711288,0
48.95603113322419,1.113601168316126,1.115251107173459,0
45.61958623618174,1.1135548054999744,1.1151698176407865,0
51.84169157115951,1.1135327497480296,1.1150940558807296,0
52.67918872537306,1.1135182464448197,1.115025884218606,0
51.330992047437064,1.1134951876506363,1.1149508179054748,0
44.56331054262597,1.1134852346992452,1.114866070077887,0
47.01367728404139,1.113472065386625,1.1147741193166325,1
41.342950413519546,1.1134442098178323,1.114680384304334,1
40.17979913132731,1.11343171098787,1.1145909794355646,1
32.64172066601317,1.1133958984955097,1.1144947880990668,1
41.81455541138245,1.113394269443992,1.114408202166595,0
47.29062786649648,1.1133874880691064,1.1143285392785776,0
47.51462454878441,1.1134147122193283,1.1142564075718189,0
51.338555375765644,1.1134276788724136,1.1141802256678697,0
55.128967016993336,1.113420668048318,1.1141091042718037,0
50.42794287319005,1.1133849463256136,1.1140354792378122,0
42.7464306965559,1.1133443925302091,1.1139670374847013,1
43.31120061826095,1.1133191680132193,1.1139111592873034,0
53.03041282443975,1.1132978431273903,1.1138703611644294,0
49.69524184866238,1.1132812555131881,1.1138219633256137,0
50.69070629956474,1.1132737371738373,1.1137767291762695,0
53.07716243975631,1.1132699127126648,1.113727505544818,0
43.303630921430795,1.1132265866070972,1.1136696988956611,0
51.38482944474913,1.113186434225615,1.1136272513672352,0
40.51175504690351,1.1131499426755347,1.1135765300433136,0
34.78274887844255,1.1131151748857673,1.1135197715854113,0
25.48546725288459,1.1130828427025825,1.1134662646073266,0
24.62516910204755,1.1130493172766955,1.1134055004489505,0
24.994548040070967,1.113001002832648,1.1133498330100857,1
28.657159220168055,1.1129700303918613,1.1132922858914889,1
29.194057694155802,1.1129093483700039,1.1132400946160401,1
22.493813814504918,1.1128253159784687,1.1131942912095767,1
12.285419778063826,1.112729713531936,1.1131527018542757,1
32.21427897788648,1.1126658594371113,1.113121776576263,0
34.962380638046525,1.1126063527615653,1.1130940766998092,0
43.12969095530356,1.112583285136461,1.1130794577159941,0
43.157694783584205,1.1125472341185851,1.113058896795001,0
40.13020230157012,1.112506144699584,1.1130376666741282,0
38.37033998340114,1.1124291538098716,1.1130101217015222,1
33.35048556194862,1.1123466163984985,1.1129726201731676,1
32.39981990742022,1.112258471005068,1.1129347031075707,1
42.52287805802116,1.1121904735899575,1.1128969071304922,0
47.32692739076686,1.1121576632503098,1.1128718682884051,0
49.33494715077881,1.1121196277428667,1.1128453621128676,0
44.7957802866492,1.112069461582001,1.112802568387413,0
46.768478716793005,1.1120192820666326,1.1127557115294935,0
46.68984741276621,1.1119804072919761,1.11271188001699,0
39.248324844111565,1.111956005638349,1.112672271504144,0
32.67009451435243,1.1119040527557522,1.1126153837038906,0
24.780037250143863,1.1118419792491134,1.1125616918461008,0
27.80578535868119,1.1117845224442466,1.1125134362672884,0
30.2372251599743,1.1117460369273477,1.112470783780526,0
27.54446081778825,1.1116698166230707,1.112407528604292,1
30.829836187540536,1.111566360200134,1.112341022078389,1
33.96493384525415,1.111462951200253,1.1122811821196559,0
31.72360560122482,1.111357344606976,1.1122283016790866,0
29.936997918579948,1.1112829842063399,1.112183264322887,0
32.27701600495516,1.1112149959538966,1.112145981128554,0
34.78397049140089,1.1111514691186373,1.1120980249538293,1
29.442101904504057,1.111081476125234,1.1120468512250572,1
26.517959782736327,1.1110166779115869,1.1119836664946086,1
31.54995277592917,1.1109490256853014,1.11192152217697,1
44.77239122928913,1.110888025039499,1.111861193416473,1
51.6910676625208,1.1108340375594001,1.111807905587662,1
53.729719413728596,1.1108094807000417,1.1117580934481022,1
53.107117867363904,1.1107935626451797,1.1117191580573198,1
61.81504082043179,1.1107647773089826,1.1116800339284996,1
62.01384138788167,1.110731408024939,1.111637167508832,1
67.05630544232085,1.1107507316875347,1.1115965391279485,1
59.18720362976552,1.110769271747764,1.111556898339931,1
62.19470744115576,1.110812994656316,1.11152913926028,0
58.76189485729725,1.110843842778908,1.1115003558070233,0
66.71951735510017,1.110927514300453,1.1114878996816342,0
69.44377360889989,1.1109925154564875,1.1114634545707378,0
73.06908103720625,1.1110641594439916,1.1114468688270387,0
66.44667940066523,1.1111120076996284,1.111427034804631,0
54.92909014626416,1.111128234083623,1.1114014208753031,0
53.03896332657698,1.1111389999084715,1.1113818541812643,0
55.25164697384594,1.1111769069177497,1.1113683865878696,0
50.26855856578806,1.1112307598375055,1.1113511430033152,0
46.814050551403525,1.1112680233092105,1.1113271364702912,1
46.94480390226369,1.1112888846320723,1.1113069496384116,1
39.287668099070395,1.1112875326070897,1.1112843210465346,1
45.29461446592141,1.1112837471399861,1.1112550606688119,1
41.99890524513344,1.1112877654791107,1.1112306585351204,1
43.02216357874217,1.1112851979957905,1.1111999232010519,0
45.69284689627673,1.1113188048433935,1.1111886622184228,0
53.24341261795809,1.1113577261165681,1.1111778000756254,0
48.60693487361108,1.111366414949265,1.1111714435837057,0
44.65572659606376,1.111365068641662,1.1111642792371965,0
50.012238730199726,1.111335560759394,1.1111599751620103,1
47.159559213850706,1.1113058374952622,1.111146501369145,1
46.891105040550045,1.111270637321438,1.1111330893100855,1
53.795989875047646,1.1112634766271174,1.1111209941244382,1
55.71183089955272,1.1112298368329547,1.11111101892742,1
57.11926626496024,1.1112098324066275,1.111103254940629,1
60.62443357673833,1.1112211299557553,1.111097709940815,1
64.2569728167458,1.1112520699646375,1.1111002799117795,1
64.04676490868037,1.111281180456202,1.1111192376680499,1
66.81432529721698,1.11133437776916,1.1111481024113337,1
60.5184555704392,1.1114109616114443,1.1111777121371704,0
61.191303810300866,1.1114947478052748,1.1112064339895824,0
67.80900322450823,1.1115985881025476,1.1112558296383255,0
69.65297257738759,1.111674211944445,1.1112982013665362,0
69.06833480459471,1.1117303502778637,1.1113376181661645,0
66.27238926320803,1.1117757913077697,1.1113673018813695,0
64.3495794403224,1.1117990870847352,1.111395103369781,0
66.84649607851375,1.1118374726731672,1.1114267907633337,0
70.59736641907159,1.1118721000448883,1.1114596959542062,0
56.79960497601387,1.1118950463614845,1.1114897073316967,1
52.55056778528766,1.1119157492597096,1.1115196037012596,1
50.06319707634133,1.1119552000680961,1.111548971122263,0
48.527032159067296,1.1119883107530828,1.1115732035955193,0
46.97615393593938,1.1120209069774256,1.1115957418916484,1
45.52518627435456,1.1120669938390648,1.1116140241830295,1
38.992538128870116,1.1120913114238644,1.111622354452103,1
35.06932967812756,1.1121132854559126,1.1116371131995868,1
36.67041675852064,1.1120998247904195,1.1116476466179719,1
48.52072047603075,1.1121058130164156,1.111661270199602,0
53.847222630406606,1.1121089461507228,1.1116839721725171,0
50.023354643904916,1.112102468270572,1.1116935015828728,1
42.435937963098276,1.1120809949316293,1.111701294850671,1
44.27506048930084,1.1120393848560766,1.1117005778605749,1
54.320946687521975,1.1120141739126557,1.1117068647490036,1
61.52926548770618,1.1120109570657761,1.1117163372148786,1
58.57154335375425,1.1120221249926743,1.1117313487985878,1
51.82326310407524,1.1120166311467077,1.111750462195015,1
58.16238019736335,1.112021040578384,1.1117796070312986,1
59.84841939661257,1.1120351442493335,1.1118029908868399,0
70.20483556274843,1.1120966350809347,1.1118360574290684,1
64.65745139616145,1.1121551858260996,1.1118744687080149,1
71.33912653278502,1.1122054811997004,1.1119156097493141,1
64.72885255404474,1.1122523787746244,1.111959142062533,0
49.640240519818775,1.1122645088164493,1.1119880465622338,1
61.62333444400539,1.1123110678844594,1.1120233451451689,1
69.17108415601189,1.1123961720804267,1.1120667440859575,0
67.3963291910305,1.1124675889318274,1.1120966268349606,0
62.82533767341428,1.1125349859642717,1.1121185505570532,1
60.432584298770905,1.1125748349699225,1.112144638207865,1
60.09967731623719,1.1126074268329393,1.112180915449028,1
65.16783015958467,1.1126540634547228,1.1122209026610042,1
59.115436887056255,1.1127127445161598,1.11226405765903,1
60.94085803035153,1.112780413355536,1.112304488274214,1
63.36928483407877,1.112873384309233,1.1123508278218497,1
68.82832084312749,1.1129581243043742,1.1124076522034463,1
61.59886544912528,1.1130243232244854,1.1124571451257308,1
64.80074308671846,1.1131219350634711,1.1125107842381012,1
79.37833818344816,1.1132157995106318,1.1125650988496962,1
81.11504417760537,1.113356205183837,1.1126330007778937,0
72.45057830220892,1.1134682258514048,1.1126895966619663,1
75.14232309522254,1.1135930131467808,1.11274728932215,0
69.94142451629571,1.1136811222271932,1.1127901595180816,0
70.37170041207136,1.1137728618950842,1.1128288515795475,0
67.59596006920458,1.113884723297884,1.1128722511036093,0
70.69528923025462,1.1139952072609494,1.1129292879384034,0
67.138423459114,1.1140747123325503,1.1129863124958697,0
59.976318608514916,1.1141348375883244,1.1130309270363958,0
54.959757403590764,1.1142044279340946,1.1130653326614242,0
47.7424819261633,1.1142391725390892,1.1130914672055454,0
52.62837606812773,1.1142838831704105,1.1131364501725984,0
43.50755461684598,1.1142922825218096,1.1131715159658442,0
38.26750947003583,1.1142982350759831,1.1132012716621849,0
21.45821021728085,1.1142654268380194,1.1132153347081886,1
22.569935040119177,1.114206104547497,1.1132249068498783,1
28.985177426189907,1.1141629113812344,1.1132460192203142,0
34.64718927909978,1.1141408727658273,1.113276969662516,0
30.38269821124348,1.1140854433035547,1.1132996473771581,0
31.431597508465714,1.1140049365704958,1.113327143561727,0
21.435283426868196,1.1138774192395,1.1133416432671277,0
25.64392461875697,1.1137738437741904,1.1133555557113535,0
26.308061611917736,1.1136461222032346,1.1133647508952147,0
30.769374353564203,1.1135585206219338,1.1133811697942035,0
29.082549635277843,1.1134220559288135,1.1133819200086423,0
23.6490608151302,1.1132843659718803,1.1133803279272991,0
26.86429928269449,1.113110500220388,1.1133691052002481,0
30.489500023994353,1.112957753595837,1.1133605639371347,0
36.887516873424644,1.1128306841796456,1.113356548249571,0
33.323623428508625,1.1126896002737567,1.1133327565395734,0
19.85742768759657,1.112563373787549,1.1133027590208318,0
18.610800515533228,1.112428861009667,1.1132693405440914,0
20.127072628772964,1.1123241384673508,1.1132390970223447,0
19.04334334025117,1.1122103021996723,1.1132032000621737,1
18.045557536897604,1.112120420602449,1.1131625514393186,1
19.732106216181066,1.112045785992251,1.1131374177201991,0
21.405480824333495,1.1119387353211232,1.1130970861949796,0
16.3092985239295,1.111824953562963,1.1130484822555304,0
41.46012958089591,1.1117566732576987,1.1130152811075067,0
38.090887581927554,1.1116675057652154,1.1129801514821043,0
33.42494595164804,1.1115502903786776,1.1129318254306297,0
34.311654786719714,1.1114377393819241,1.1128876807309473,0
32.23658854753475,1.1113355116147006,1.1128373301592058,1
35.46698340633489,1.111219621775453,1.1127839206979209,1
36.146014800840064,1.1111325804650076,1.112722786852431,1
34.08423605173432,1.111051090420736,1.1126514103719003,1
42.92212239934658,1.1110009025557832,1.1125862165008116,0
48.59594502367561,1.110953246715318,1.1125321333334677,0
53.87102125312536,1.1109181847647411,1.1124750481300791,0
45.871552615375194,1.1108829628541352,1.112399621876975,0
43.82309768069889,1.110845248534368,1.1122983763610441,0
36.70482334204202,1.1107619678345657,1.1121868373373558,1
25.97946990929779,1.110667732432575,1.112068984736662,1
33.11457587380819,1.1105965344400246,1.1119693649473061,0
40.077006433377626,1.110540303152053,1.111869527942106,1
35.85101747537962,1.1104703066451802,1.1117716510591173,0
37.725157648736044,1.110407741022644,1.1116620996996576,0
36.64340643333732,1.1103361634856301,1.1115530627167622,1
40.01168778462429,1.1102351082830306,1.1114553893853893,0
44.39407971939115,1.1101668964941769,1.1113651389061372,0
31.91655475676363,1.1101022240444856,1.111277046032788,1
29.151073235976966,1.1100302924651397,1.111186244448839,1
29.550919002084484,1.1099825270547776,1.111113427972393,1
32.137026738266684,1.1099333087029974,1.1110379501487264,1
39.8305953940849,1.1099063182060709,1.1109791433996516,1
65.58924993360506,1.109925444527923,1.1109391463640708,1
70.09646501600643,1.1099190276361985,1.1108886630027972,1
68.35895312880925,1.1099064784233454,1.110838375596475,0
61.62240107722333,1.1098699250015587,1.1107888408092805,1
63.70863518408921,1.109857333753048,1.1107405807499955,1
65.46571660910709,1.1098689138849605,1.1106949742192282,1
70.74281870205135,1.1099260028318692,1.1106477009604272,1
63.39736250058091,1.1099799370612982,1.1106025106798878,1
61.36494345597229,1.1100226161695015,1.1105550031663332,1
77.05102360140549,1.1100794740190496,1.1105324951782005,1
77.39049683558828,1.1101463841040093,1.1105164583119693,1
77.4566424199812,1.1102280585010613,1.1105091230119268,1
78.84671450280517,1.1103165110017015,1.110496565679108,0
78.95107471633918,1.1104131406226971,1.1104883719626097,0
71.77529898318741,1.1105024710870735,1.110490287231464,0
64.4400869469851,1.1106017761923161,1.1104924069946949,0
64.11612368358402,1.1107013643973127,1.1104952458038975,0
62.1944348876688,1.1107720906292937,1.1104926088371703,0
57.01011725245309,1.110839550161486,1.110489649333452,1
55.66249440230363,1.1108993391091055,1.110490710802314,1
56.18163853494947,1.1109213669041589,1.110489378728834,0
55.11324949845342,1.110927121354131,1.1104840174160002,0
59.010399201451804,1.1109427859849204,1.1104855085652579,0
54.89790875311703,1.1109781015661393,1.1104774121326568,0
48.44326359614017,1.1110001274533852,1.1104736294252637,0
35.656915513083845,1.1109921854943097,1.110471732265481,0
35.99859258047901,1.1109791473314439,1.1104642641402351,0
29.117801978043303,1.1109747154426657,1.110458192211074,0
27.829753942467022,1.1109688852341733,1.1104547085498213,0
29.742024745830946,1.1109356753366828,1.1104537331268707,0
21.72850596929794,1.1108656240498136,1.1104422717636,1
23.088467002028537,1.1107753177510338,1.110418889090027,0
23.89983302480357,1.110683982345138,1.110388859931036,1
27.36543651222925,1.1105909033510226,1.1103574593971224,1
23.359033646067786,1.1104831623442148,1.1103303670274958,1
38.0513553534165,1.1104148651184527,1.1103202536283288,1
26.05368313287896,1.110313115469359,1.1103157048578145,1
30.5177001227286,1.110245908782684,1.1103238793772139,1
31.76398299922512,1.110184830515569,1.1103249677636695,1
41.460595064492324,1.1101338060969297,1.1103281119802648,1
42.42962499212104,1.1100795200364506,1.1103330640853422,1
49.64524840031982,1.110060165795988,1.1103449873253377,1
47.565936688302905,1.1100191913394897,1.1103587197068017,1
44.81641616636896,1.109953157482439,1.11036463181242,1
58.68761569841426,1.1099190021162315,1.1103744716740855,1
60.04750340556402,1.1099062083122824,1.1103933259725998,1
62.35716364776275,1.1098989114541238,1.1104117117358288,1
64.18496573902036,1.1099168250303841,1.1104319114013164,0
62.49990877376502,1.1099175621711572,1.110448409937085,0
59.00719903801295,1.109932678425312,1.1104642772145672,0
66.57337693752577,1.109969058111031,1.1104597171968436,0
60.80860745731879,1.11000928046049,1.1104549902197436,1
62.64365495256431,1.1100551712810958,1.1104483370741363,0
49.53334373611586,1.1100690538584082,1.1104371109398623,1
45.4035547563327,1.1100817268751975,1.1104201242763556,1
46.50042764678046,1.1100894858652726,1.1104084824204536,1
52.433426721769465,1.110139212331436,1.1104009886576416,1
57.870296884002215,1.1101683316914726,1.1103992372292835,1
52.24236598215851,1.11020446268795,1.1103977063710488,1
51.19244628802496,1.1102232862737575,1.110385636882148,1
56.66142759699435,1.1102612615880918,1.110379015078975,1
49.52956775398955,1.1102791382807187,1.1103654192372008,1
57.102071408338865,1.110306303034196,1.1103546365197996,1
59.7720219148511,1.1103671375462132,1.1103462305818266,1
58.53146871644923,1.1103950039216481,1.1103314848079153,1
65.45113372642669,1.1104479543445394,1.1103317972334892,0
56.83646108744315,1.1104746244691799,1.1103210157645755,0
69.75304695511139,1.110507217947076,1.1103259623284294,0
72.18676883794808,1.1105497006198448,1.1103324701204287,0
66.95566600732347,1.1105796104479313,1.1103363857500974,0
53.448016846823485,1.1105900185447974,1.1103271778530988,0
51.6909050636856,1.1105955872612372,1.1103223765825865,0
46.54418070472592,1.1105844746952307,1.1103050125582605,1
45.425425007591194,1.1105867507619656,1.1102805706181929,1
38.633865978950396,1.110598649719856,1.110259533182944,0
43.92265065074952,1.1106046494585768,1.1102534680061606,1
43.81436704214295,1.1106004703797405,1.11024951787696,0
39.79334091206828,1.1106018460443647,1.1102500894699634,1
38.741170122336925,1.1105831420662786,1.110243409103891,1
27.32611162326768,1.110555640414433,1.1102336229132481,1
42.1714198531046,1.1105347708870754,1.1102466738138796,1
30.49712256444498,1.1105058786328632,1.1102576435899327,1
41.0265462493674,1.1104983518710498,1.1102803843301643,1
41.02530832232534,1.110469988739091,1.110297864737054,1
48.69719794743057,1.1104533204984472,1.1103195480696082,1
55.87226917349657,1.1104293258974391,1.1103375815450836,1
66.28255213866669,1.1104473666039065,1.1103747162183946,1
69.42629936446674,1.110439300490003,1.110403319011357,1
67.80210991449286,1.1104310008640559,1.1104309382598236,1
64.27712622381452,1.1104255029125984,1.1104530644763648,1
64.74491139146613,1.110453424476632,1.1104767396291713,1
66.69740059102836,1.1105015375167295,1.1104989252708828,1
74.44689285191185,1.1105653111026772,1.1105234604635357,1
83.30732140886612,1.1106474826782757,1.1105583006965276,0
83.01070018876288,1.1107562893143454,1.1105944480621894,0
90.79630729606875,1.1108564487203818,1.1106335641694003,0
89.10720031195115,1.1109581688689874,1.1106732208429053,0
75.8910129183816,1.1110324902054156,1.1106963555399758,0
58.10884689217965,1.1110837833806237,1.110709897587678,0
55.40049080894562,1.1111541135031149,1.110722196944369,1
48.78693084390501,1.111196040386861,1.1107374667242116,1
46.77082026988104,1.1112412735460053,1.1107504408241387,1
50.00226975239743,1.1112653165344313,1.1107644424314984,1
49.97900371940275,1.1112920993849027,1.1107870829476516,1
53.7686840019312,1.1113357646200912,1.1108211631675657,1
49.89908307951014,1.1113646660409002,1.1108476536153347,1
46.281962120959754,1.1113632852261044,1.1108643453762617,1
48.140047584684226,1.1113784190932967,1.1108873539720867,0
37.893968824593436,1.111396119640168,1.1109076010407108,0
38.84761776630821,1.1114225570440222,1.1109327727844707,0
34.9400864691782,1.1114367639243599,1.1109469405636785,0
38.40867457580155,1.1114278538461122,1.11095841149704,0
55.52004544613479,1.1114201428434323,1.11096899638723,0
52.656001586387006,1.1114033409759352,1.1109727820684163,0
57.11282873611298,1.1113691611179843,1.110984110940724,0
59.46702302525318,1.1113252319295501,1.1109844752034048,0
43.725090481765626,1.111249082551519,1.1109830040758413,1
41.6735639149386,1.1111892252276108,1.1109691584521897,1
39.111415929502954,1.111180736132762,1.1109623117928447,0
36.95190531757147,1.111161960760786,1.110955137069511,0
39.48099909866828,1.1111409120012417,1.1109578241067894,0
39.44962184785231,1.1111423806294096,1.1109691581714076,0
36.94826713852842,1.111129516706106,1.1109824592358484,0
26.721837651505,1.1110944167904664,1.110990149359052,0
27.717267978612384,1.1110399907042745,1.1109976995613333,0
28.26792401880789,1.11097701034579,1.11099659797022,0
24.65072737138526,1.1109107401417853,1.1109884532810799,1
24.08694534965491,1.1108269867673581,1.110977410261284,1
24.181315908532127,1.1107538629437632,1.1109758893917046,1
24.867855300271188,1.1106727017414901,1.1109795973152934,1
33.9045496459683,1.1106033064159,1.1109743547752082,1
48.87515462404691,1.11057085960907,1.1109844038875227,0
42.15700713492287,1.110532007095864,1.1109824584771557,0
45.519587803874536,1.1104971373825243,1.1109836415257897,0
44.156832381804094,1.1104474320632154,1.1109817555666313,1
33.45502417545623,1.1103890610344078,1.110968369258192,1
33.95442734515561,1.1103494617875551,1.1109438421493008,1
38.8052114993977,1.1103091727703838,1.110917107364342,1
42.49707097533177,1.1102623686131685,1.1108948588924896,1
58.8614063466729,1.110255261233942,1.1108870403980486,0
60.45154807236625,1.1102411089542097,1.1108728978978206,1
58.91688061248347,1.110205911647304,1.1108509078236375,0
56.281845159845886,1.110180447093611,1.1108285136322218,0
58.166041011523774,1.110184061570922,1.1108047809161103,0
57.97311860922611,1.1101940387772053,1.110772799346477,0
55.470340827021765,1.1102305400296664,1.1107462344939336,0
44.93665297247562,1.1102451390958659,1.1107032413718314,0
35.56477482572333,1.110226564890851,1.1106550401354582,0
35.6010695002103,1.1101931799285472,1.1106196480108739,0
43.16951880867454,1.1101763937974798,1.1105885094330397,0
40.208543129566706,1.1101315182298483,1.1105485459124034,0
34.16593963976655,1.1100143270616438,1.1104936252937783,0
34.98389167863242,1.1099108467674559,1.1104406705703653,0
25.817730239752436,1.1098068461021033,1.1103895402126702,0
25.18668255355665,1.1096941305110883,1.11032510192303,0
24.284174301491788,1.1095793272218608,1.1102542337305763,0
22.97238213705566,1.10945875139164,1.110182028615515,0
21.64053689695443,1.1093470149697537,1.1101045457149248,0
19.611867983647855,1.109220491681762,1.1100246077091271,0
15.66008566566255,1.1090661432157543,1.1099444748667413,0
15.25363160893042,1.108879716001347,1.1098500787286154,0
16.812784883975567,1.1086866853885469,1.1097544404406117,0
16.133589535532337,1.1084777108115302,1.1096515408194612,0
9.617819084808716,1.108258954141607,1.1095470261823792,0
10.337607902660707,1.1080281734931272,1.1094364042965343,1
19.245535876567956,1.1077900990644367,1.1093321813478885,1
12.850956698971132,1.1075605304652292,1.1092278205373154,1
11.481520777716582,1.1073674481862197,1.1091263293189018,1
16.609402989362522,1.1071901791261385,1.1090234252082245,0
29.828943944332607,1.1070243002747926,1.1089334452386421,0
30.996939481592534,1.1068746796543543,1.1088420529736482,0
32.16143547570499,1.1067750403980767,1.108746689201245,0
29.427758432745037,1.1066397755088175,1.10864477409145,0
22.745454960219206,1.106464976418138,1.1085377640637386,1
32.21966827227996,1.1063192020691974,1.108436786468999,1
34.34746641676463,1.1061881274098626,1.1083386805562052,1
43.3137049287474,1.1060892765966694,1.1082534431974684,1
39.872445206505354,1.1059681667103796,1.1081610176921335,1
43.62648881288628,1.1058642500853255,1.1080687625657522,1
47.621411308198915,1.1057809547690947,1.1079877760777834,1
55.704952181881445,1.105746774436933,1.1079074659370287,0
56.44113847714938,1.105729595605332,1.1078179348391164,0
54.64790040350193,1.105729435924357,1.1077305123508585,0
41.636068122101285,1.105709558131701,1.1076319944820499,0
48.749217428756204,1.1057180846494574,1.1075446653310312,0
45.4877253735543,1.1057054806459188,1.107458749192493,0
53.96087554098355,1.1057283339428008,1.1073793693994134,0
57.6573197124507,1.1057270593529391,1.1072934839519237,1
49.31218464980311,1.1056997178217618,1.107198364891662,1
54.57842314674996,1.1056660528900242,1.1070977619010747,1
49.01703828998074,1.1056344049135185,1.1069993713573718,0
59.80075279495311,1.1056196891900885,1.106912200218359,0
57.78226814062027,1.105630857948661,1.10682493843347,0
43.12609057646507,1.1056502775837036,1.1067242504688515,0
45.17415668780712,1.1056704066171055,1.1066273336049592,0
42.06098930545195,1.1056817706701456,1.106519172812397,1
44.892684500052,1.105685937365042,1.106429762505139,1
50.61117675119264,1.1057110832662858,1.1063548250423074,1
39.24600742689674,1.1057052838620174,1.10627360413914,1
42.003003750961426,1.1056739166116216,1.10618678520344,1
49.0073833661189,1.1056691971242327,1.1061225374947823,1
56.87111588164897,1.1056677237111376,1.1060792934989139,1
62.27118386997042,1.105665259190535,1.1060322773200901,1
61.086419866117915,1.1057024880428188,1.105990251258336,1
63.6849036016517,1.1057225433280449,1.1059560304578138,0
59.20216814336527,1.105754904491322,1.1059289801002774,1
53.79187153282974,1.1057633240281708,1.105901198454026,1
65.38184991014927,1.105798696800005,1.1058741566840244,1
65.8975608209737,1.1058672931180535,1.1058570854661784,1
64.25408936735332,1.1059018221928318,1.105832033491906,1
66.70253423891327,1.1059629282392636,1.1058326562525385,1
66.05013163673691,1.1060008595631923,1.1058378698882168,1
70.37546660155579,1.1060266478043335,1.1058445132305916,1
72.65270649958359,1.1060950289932232,1.1058586804094979,1
63.59512380810076,1.106145727254581,1.105874355109541,1
64.65002506330484,1.1062166666240172,1.1058897998362291,0
63.04449453477001,1.1062727492817666,1.105914650031754,0
57.87481074290163,1.1063275563843502,1.1059388683215596,0
59.244633311003255,1.106412913663418,1.105962697954052,0
59.62226649943084,1.106500169976869,1.1059771330842705,0
54.0575942013121,1.1065245499664809,1.105982485619633,0
47.308285717032966,1.1065247165031136,1.1059791639409287,0
46.774464264987586,1.1065396869558133,1.1059922418988886,0
50.14721655934137,1.1065365452086504,1.1060188787745409,0
39.16954741264387,1.1065223874649674,1.1060373046161218,0
34.270180973844816,1.106484708097602,1.106047612375373,0
33.6327278602144,1.1064472070629996,1.106044370640558,0
21.802452142983412,1.106375871328411,1.106037238531237,0
22.164908417807922,1.1062874847317956,1.1060263793247664,1
15.583554202276076,1.106202662503753,1.1060007165857693,0
14.682632263870147,1.106081974020027,1.1059667360857761,1
14.672202898111578,1.1059616392752853,1.1059306873561983,1
13.71495652913947,1.10586008063268,1.1058967711139207,1
25.360485794735155,1.1057749554779037,1.105884839347979,1
26.313512248881466,1.1056714539853703,1.1058557028439058,1
35.217475407136845,1.1055739504851738,1.105837187771931,1
35.436010265795616,1.1054954198878766,1.1058214844097842,1
33.750171743955306,1.1054061002916415,1.1058104846970407,1
36.09536123296466,1.1053124258316605,1.1058077811580116,1
38.72269991853837,1.1052075234170755,1.105793721295091,1
43.3544935088599,1.1051353393079033,1.1057828593773869,1
59.13642399375257,1.1051026108200337,1.1057723325929067,0
61.814979547932474,1.105065025275882,1.1057659088297769,0
66.7699579058802,1.105037050906162,1.1057735881035242,0
70.07048497428404,1.1050104778661842,1.1057733331157533,0
61.98112791666072,1.1049820225864617,1.1057677131418995,0
59.77136853235057,1.1049666363284,1.105756650225901,0
56.59334887056838,1.1049996761722607,1.105752675693627,0
56.51637871305741,1.1050113277090532,1.1057487968635809,0
46.63260646859753,1.1050161294690315,1.1057376017287333,0
42.23934560170896,1.1050373240634184,1.1057139868614505,0
41.4118225919776,1.10504477068741,1.1056815061467071,0
37.37574432697738,1.1050348699002321,1.1056446153977995,0
37.490887027839,1.104987217165345,1.1055987309969895,0
32.354565433581726,1.1049417584206886,1.1055433888809632,0
20.928364872564117,1.1048642971326896,1.105480944828478,0
21.58439367678072,1.104782790740027,1.1054292710945266,0
16.174901456655647,1.1046933601917215,1.105368350053727,0
14.802114673429813,1.10457691302208,1.105291629119622,0
15.7818603864158,1.1044578799764853,1.1052161444085524,0
20.618185310998854,1.1043470409347222,1.1051365044555703,0
12.577110495719467,1.104210611100638,1.1050562332078853,0
13.754161780298745,1.1040581284568927,1.1049785010908004,0
15.527062013666523,1.1038986820695114,1.1048950493340393,0
12.3695973825631,1.1037195047104367,1.1048028440980955,1
17.209837329494107,1.1035700087861424,1.1047090500067496,1
21.31188787677671,1.1034293914104771,1.1046193070773855,1
21.33945036482845,1.1032645352853778,1.104527467254038,1
31.467699837956715,1.1031376755458042,1.1044387016165351,0
31.022592834034896,1.103009729705269,1.1043414256200932,1
33.621165846834245,1.102896808483589,1.1042628902682936,1
38.98073528216102,1.1028009744886655,1.104192009340928,0
44.53422933390161,1.1027119800566005,1.1041135326381144,0
47.830587929218225,1.1026290414987314,1.1040357295130219,1
42.14494901730154,1.1025649782304376,1.103960425187151,0
51.27475229527957,1.1025338310332833,1.1039005940027506,0
47.88322386450893,1.1024759822304653,1.103840781161513,1
43.9900103938464,1.102426306185793,1.10378852399668,1
58.54692250200543,1.10241614276652,1.1037430923335116,1
52.63317710844283,1.102406496697912,1.103697678086216,1
55.11208586731389,1.102399379292926,1.10366346656473,1
63.96032940530501,1.1024207072548053,1.103639860399693,1
58.097355245302595,1.1024429770074522,1.1036116596407095,1
67.39087444290459,1.102474801813035,1.103574987868092,0
56.1031927918839,1.1025155068458907,1.1035404652423038,0
58.55500977692326,1.102560112293411,1.1035035147300443,0
61.19152806203647,1.1026019575752497,1.1034619221523345,0
62.96091268644594,1.1026570380584322,1.1034278423607542,0
60.03938905809903,1.1026873460928572,1.103388669721014,0
47.70777390221798,1.102709650317533,1.1033422763802765,0
54.48142633467053,1.1027225846882813,1.1032977884204447,1
48.931022424849786,1.1027022506067587,1.103231865255618,1
43.25052300014918,1.1026822045567006,1.1031604043504417,1
49.637235432984276,1.102676574339169,1.1030915388862248,1
46.58357264499975,1.1026754315591627,1.1030264066643427,1
47.69747691098218,1.1026852096753823,1.1029818688383188,0
53.492352166989136,1.1027265146158025,1.102944732476474,0
48.17259198456264,1.1027694488689852,1.1028964330753697,0
53.16942946533446,1.1027972482794843,1.102857460561684,0
49.63022361394927,1.102833270153473,1.1028245343599925,0
42.29897614882717,1.1028320513798517,1.1027813574913032,0
36.95383511069403,1.102791235082738,1.1027384461578245,0
37.2052964061247,1.1027480342974236,1.1026969253995862,0
36.11818385669497,1.1026640697696677,1.102645728909821,0
33.76698628795319,1.1025981230281559,1.1026030110852907,0
39.5638351717521,1.102517119209503,1.1025646435607699,0
35.06619088065855,1.102408030622541,1.1025120181053403,1
32.00419482272028,1.1022979096543255,1.1024696621457957,1
34.99535385852673,1.1022082103583608,1.1024411886555263,1
24.01449843579529,1.1021468328308126,1.1024178575220074,1
14.985339339414281,1.1020730454996652,1.102388190246422,1
21.358990374542643,1.1020390808480813,1.1023632531545953,1
26.453151783856242,1.102020079759288,1.1023451848713999,1
28.76101941551576,1.1019915719960443,1.102328694856838,1
31.034970145469842,1.1019478165830061,1.1023177314133705,1
36.44666899065069,1.1018789850417785,1.1023054593405732,1
46.53966616415993,1.1018127090730245,1.1022980595414926,1
54.79774647706379,1.1017472921442164,1.1022895358189053,1
63.91713810521928,1.1017129346047976,1.1022875641852814,0
62.22395844328839,1.1016714031619068,1.1022892037426477,0
74.19255196463781,1.1016540904756666,1.1022842702881344,0
67.53989698413642,1.1016407964892336,1.1022743749580515,0
65.6752335648971,1.101639262978944,1.1022678385685234,0
53.563367639237896,1.1016421394508078,1.1022509680906516,1
52.41041867207071,1.1016361128936656,1.102231464950582,0
44.513951461973825,1.1016174405961878,1.1021980873859316,1
41.5695795471786,1.101625891782448,1.1021719819261333,1
45.23397271388548,1.101643196486362,1.102156418266023,0
51.97817220687879,1.101659453191912,1.1021385128256833,0
41.369036533478464,1.1016367294898664,1.102109950638789,1
44.98730142166076,1.1016494978552427,1.1020882376713486,0
48.1985361904528,1.101657823787452,1.102058099767654,0
36.11944037689062,1.1016442989271469,1.1020257136392777,0
38.594325157565144,1.1016285199320808,1.1019901821044562,0
39.338092301989754,1.1016277529681087,1.1019626298622576,0
39.356781032599,1.1016128342618998,1.101926548127969,0
39.22691713494533,1.1015829520959386,1.1018904573497685,0
43.38503430405488,1.1015529072815422,1.101847883508149,0
43.96693208039943,1.1014853279471686,1.101806756927006,0
45.72362777862626,1.1014153388897685,1.1017714791715418,1
39.363637575678155,1.1013233736578218,1.1017245858759506,1
34.5120801611381,1.1012436832568686,1.1016909480180954,1
34.13508956270317,1.1011694232849245,1.1016627260598133,1
47.35560469073901,1.101129019892311,1.1016319463119084,1
38.73868069201006,1.1011091060054694,1.1016049347291044,0
38.976187777096875,1.101110439039783,1.101568179131692,0
40.28638175300146,1.1011017511164052,1.1015220765263745,0
45.42307989472258,1.1010907414403612,1.1014849352945737,0
37.603801347254965,1.101049678908413,1.1014394850772546,1
36.66337027691096,1.1010306811961397,1.101388915055856,1
31.929590292866664,1.1009665894380012,1.1013420528946085,1
40.704846296046966,1.1009142693216405,1.101307313463215,1
47.20823481158967,1.1008877385200992,1.1012815953283481,1
52.527080435490625,1.100866160378329,1.1012710183479206,1
64.46424078002053,1.1008580183371994,1.101266587985875,1
58.9897734761298,1.1008466897850877,1.1012583763582027,1
58.112387489978026,1.1008376214097637,1.1012622936646574,1
55.410405630357815,1.1008357875023287,1.1012630346473504,1
55.522729727165384,1.1008527222563418,1.1012645616861985,1
53.53804635308475,1.1008782228339031,1.101264035172778,1
54.302916148735086,1.1009194393374844,1.1012631434110782,0
52.94387210115803,1.1009665819217909,1.1012619484475794,0
64.76944944198847,1.1010180875520577,1.101261929176921,0
66.3819606960694,1.1010518447504605,1.101256055413675,0
73.49471974881757,1.1010723869350032,1.1012547628699034,0
60.83667625710919,1.1010721874068914,1.1012454600777373,0
41.87561683595588,1.1010425078459904,1.101213996035561,0
40.152425377161514,1.1010032402215941,1.1011873145255247,0
37.1444477512692,1.100993468940639,1.1011516988115913,0
42.86072394600539,1.1010011387325584,1.1011208092841165,0
32.71204864596176,1.1009940280997825,1.101078027944255,0
32.00370400281058,1.1009654538846685,1.1010371764213889,1
21.10094068589106,1.1008894626254415,1.100981675186947,1
29.569737957382344,1.1008267073042737,1.1009448454893072,0
28.06186323296039,1.100731582216396,1.1009047757149673,1
31.615612518630243,1.1006684774243962,1.1008787910894862,0
31.94358181377882,1.100614331750254,1.10085766965178,0
31.441140392269418,1.1005485548372493,1.1008251779877056,0
29.31349270688378,1.1004530829184174,1.1007820135768005,0
33.001306976468015,1.1003645949163197,1.1007551813433594,0
37.051348568569864,1.1002692161969903,1.1007110307477774,0
36.590314810356496,1.1001672611195148,1.1006657233804047,0
32.343366934317004,1.1000449210906693,1.1006221780423298,0
27.242653001308952,1.0999058888635296,1.1005670029862546,0
26.734214111008654,1.0997343157511732,1.1004973879831292,1
28.47520446173597,1.099582019512049,1.1004331341777969,1
32.0303244268931,1.099458770821992,1.1003643235259823,1
23.132240156392882,1.0993242188902106,1.100295839168992,1
29.64879993847846,1.0991909713356713,1.1002339561669925,0
29.16755213797778,1.0990713944131454,1.1001832314934672,0
22.539814294310375,1.0989769727455652,1.100139467579352,0
23.71416056683823,1.0988827048388328,1.1000927850541744,1
30.14157463349632,1.0988292142939975,1.1000455915905762,0
24.26351624984885,1.0987348241990023,1.0999871672119834,0
27.823869524564287,1.0986600722185595,1.0999251622002033,0
30.785970287663503,1.0985747674735526,1.099864522462994,0
36.34276501776774,1.0984854781370168,1.0998111604600245,0
35.842495036685364,1.0983806463652313,1.0997411399576533,1
41.19691811370227,1.0982813860386675,1.0996746964289026,1
36.47516151108213,1.0981636962100658,1.0996083873489297,1
39.151520555054574,1.098060169546338,1.0995484627911118,1
44.266864843942066,1.097962316781674,1.099484942364418,1
48.41781402317746,1.0978941570869842,1.0994247454690838,1
40.03063522326685,1.097845290286306,1.0993586549494452,1
39.15600351649644,1.0978224169184396,1.0992831474156255,1
46.65376121645355,1.0978133883671293,1.0992198136106135,0
45.65790799695317,1.0978172318360917,1.0991561676965136,0
57.755604080574415,1.0978483864249755,1.0991008787380507,0
58.010192367198876,1.0978734339763183,1.099042240854983,0
50.14876425817168,1.0978635231442309,1.0989773516175982,1
41.84791395247913,1.097837703557642,1.0989067732674151,1
43.21950390169848,1.097793720267921,1.0988236403926266,1
49.26837262351273,1.097752165610225,1.0987392228138433,1
57.92451925142001,1.0977487939384205,1.0986659468871673,1
63.291875178442695,1.0977698154029156,1.0986041335873682,1
64.23680803120169,1.0977952051578181,1.0985537295633647,1
63.36797094960568,1.0978278340382577,1.0985252909369314,0
62.97821628384375,1.0978808139642449,1.0984921694547136,1
60.114032639437006,1.097927867982028,1.098448456045458,1
59.27175501792456,1.0980008471385896,1.098408270711342,1
59.61647461556142,1.0980785932021189,1.0983822888320465,1
56.05296825714426,1.0981507397625665,1.0983590567155772,1
56.38022572431889,1.098206246239112,1.0983514589145522,1
62.7716801094023,1.0982740249801,1.0983375820197756,1
73.40599012012986,1.0983685245614603,1.0983379243536513,1
85.65755995210128,1.0984652038463099,1.098338504179379,1
85.51659955808859,1.0985655977823665,1.0983366741093585,1
85.09030010912934,1.0986596639888437,1.0983453223986885,1
83.15946250784631,1.0987571102135623,1.098363851773041,0
77.86703657008964,1.0988649956415808,1.0983775119077028,0
76.92277331434643,1.0990042264650448,1.098400777374637,0
70.86200368568501,1.099145812546212,1.0984150609633054,0
81.86901435968842,1.099293276223142,1.0984385648668324,0
71.16810700621697,1.0994049931036294,1.0984655885832073,0
70.80415999850955,1.0994932566012978,1.098507709927418,0
65.17366526329337,1.099556196209605,1.098543400242387,0
65.6830255455347,1.0996099940739952,1.0985857802377326,0
64.47896698010048,1.0996719833049862,1.098631275220624,0
51.42752273308549,1.099727397433856,1.098663026484732,1
47.38252493285855,1.0997763708672048,1.098690261292966,0
42.063686132376716,1.0998104102776174,1.0987156638448674,0
42.257458744618106,1.0998560552232275,1.0987483968693352,0
39.31291137157038,1.099895909481959,1.0987781369897365,0
43.53023122607676,1.099936847273234,1.0988183912494685,1
35.24700582427634,1.0999441642772865,1.0988515611771419,1
38.270981527045585,1.099923216514095,1.0988778837955957,1
28.872578358753472,1.099887225866077,1.0988973732009826,1
40.16297588375735,1.0998513987121743,1.0989336233374658,0
48.62224769441696,1.0998330212763021,1.0989845058680947,0
48.82054927264431,1.0998094838101344,1.0990358269477303,0
51.4147956464651,1.099790750596013,1.099093009794507,0
42.60368225557381,1.0997603896466583,1.0991342901092989,0
44.0185041882984,1.0996963074830028,1.0991594250252397,0
38.79986348471812,1.099635761486601,1.0991817770633254,0
36.552789885109625,1.099550640810556,1.0991989994842646,0
28.469402970901925,1.0994544436180402,1.0991998223427515,1
30.50181616754635,1.0993561405744605,1.09920134373308,1
28.124698088883733,1.0992551353938038,1.0991939748081554,1
32.072552363010885,1.0991837426334836,1.099187149947598,1
36.83042750979831,1.09911639646899,1.0991914106228697,1
39.29942895362422,1.0990617033710466,1.0992052637702292,0
38.40083450257701,1.099003659519933,1.0992323725701398,0
29.441445051527424,1.0989445527991948,1.0992550918653246,0
28.520959073428045,1.0988617098628513,1.0992635576192409,0
28.409379965804575,1.0988090976735454,1.0992672740853937,0
32.64037489058724,1.098756488785719,1.0992623972467561,0
33.45555482886667,1.0986967255329527,1.0992449297988605,0
36.184382248639274,1.0986214429748458,1.0992298749417062,0
37.92630600625717,1.0985073075966325,1.0992162817139366,0
43.47734284434925,1.0983989883389653,1.0991950834278805,1
42.98396929552948,1.0982796771679517,1.0991734433808402,1
46.601925747125286,1.0981981362842927,1.0991532487179894,1
39.339845243287265,1.0981210407906539,1.0991253428458563,1
32.02472314307376,1.0980510113932633,1.0990925716285909,1
38.02792130465257,1.098017384621286,1.0990585435081948,1
36.9162998294916,1.0980149576769216,1.0990197238749961,1
49.04835589866707,1.0980374617244655,1.0989900893099196,1
59.8127492431172,1.098080878710081,1.0989624606966502,0
60.12638005856307,1.0981357690107614,1.0989386134664776,0
56.083682798659176,1.0981594841928928,1.0989092060433945,1
63.43056835371259,1.098190673025401,1.0988798423943718,1
64.11404257202163,1.0982111988082417,1.0988585270749518,1
66.18137201864667,1.098224502848323,1.0988275825153968,1
69.21711885035023,1.0982581320193368,1.098804813185524,1
70.81611115591645,1.0982900721506572,1.0987860003051377,0
71.19564270974236,1.0983383614378348,1.098775263338048,0
71.31336434073242,1.0983875075624734,1.0987559351942522,0
76.00180406884581,1.098450459338953,1.098741265355293,0
69.55976686984668,1.098517539466091,1.0987323385268306,0
68.80254325335986,1.0985941312957435,1.0987221875992959,1
59.76534726772917,1.0986610120655602,1.0987136840960172,0
52.650028769622395,1.0987193847155121,1.0986985805149034,0
50.44918337674204,1.098802718461086,1.0986880664375074,0
52.70197275343422,1.0988777648814572,1.09866893867188,1
58.93299369898605,1.0989658742328705,1.0986672274904283,0
49.2273034024364,1.0990192212914787,1.0986581257859496,1
49.01414730688878,1.0990324773592477,1.0986481899071878,1
49.95270402135555,1.0990335846827597,1.0986353350848845,1
48.25246298826359,1.09902629232274,1.0986159218850526,1
45.24301535818902,1.0990383108551685,1.098600736861408,1
49.1942349048972,1.0990380106217774,1.0985787464046775,1
47.335003836034865,1.0990446652416916,1.0985722373129652,1
49.55615983961489,1.099056118546497,1.0985715069407946,1
55.587493136435064,1.0990859493400635,1.098584888326909,1
60.805413529603626,1.0991141921973244,1.0986114208598452,0
65.11360116649888,1.0991480149459854,1.098652691869226,0
57.131048409029574,1.099180522450816,1.0986856879447942,0
62.47651128274461,1.0992007022455765,1.098719492096002,0
51.836301490641844,1.0992259388642371,1.098749217019132,0
57.24975030763243,1.099232841215478,1.0987687654978913,1
63.80271485493596,1.0992496962804903,1.0987888812597948,0
57.63828403852775,1.0992617696529121,1.0988018245680948,1
58.02389332857443,1.0992721804381558,1.0988191174930917,1
51.61493612692981,1.0992821412557536,1.098837111229041,1
59.864896619578886,1.0992887097564297,1.0988590723235823,1
53.44616158363066,1.0993091495582665,1.0988791900949686,1
55.512954319076705,1.0993418439104097,1.0989062372581706,1
52.91922277586058,1.09938086297386,1.0989391030844902,1
45.97896043551976,1.0994025577183606,1.098974021933744,1
45.869267310088645,1.0994385466283212,1.0990165601771507,0
44.69652089487622,1.09945695864486,1.0990496589954408,1
51.887991009875,1.0994909941756066,1.0990893804694908,0
53.31855010465251,1.0995287079874894,1.099134573819529,0
55.30829860377191,1.0995365779093837,1.0991791149333572,0
52.31455338482871,1.0995273698679784,1.099215414958522,0
58.28315887077316,1.0995172032503484,1.099253590098597,0
52.75327105912124,1.0995127621541916,1.0992758081166847,0
54.32281358966511,1.0994982715190593,1.0992864492195933,1
44.57090218941937,1.0994849648241942,1.099288895344505,1
43.26343879500803,1.099469087718273,1.099292606908043,1
51.39834864065472,1.0994751163082115,1.0993026585729189,0
45.22073706144885,1.0994807136656486,1.0993096305110577,1
51.59030175736171,1.0994889542174306,1.0993248980407346,0
48.642718257232346,1.0995163896939106,1.0993404142988705,1
49.796345842143076,1.0995032715504411,1.0993443520834956,1
41.5435423699864,1.099503509076212,1.0993452491503195,1
46.2122130925972,1.0995122171086147,1.0993561210766272,1
48.25545087088163,1.099506223331335,1.099361408681443,1
55.77874210983451,1.0995266858546964,1.0993776804891862,0
56.6881563297111,1.0995496840792982,1.0993987812905723,0
63.52196200678832,1.0996049037806863,1.0994272156814913,0
65.29440713679735,1.0996314468650028,1.099454205329287,0
60.308760426827995,1.0996415800736286,1.099470118464546,0
63.49084519541565,1.099651455639293,1.0994885912364913,0
56.94039354897446,1.0996687625456538,1.0994965702836352,0
63.112783027306435,1.0996821224636768,1.0995187505674762,0
46.94207014723013,1.0996716756400062,1.0995314874289879,1
45.811916578683224,1.0996723474836525,1.0995419543399505,1
51.55530365410315,1.0996787137146424,1.0995498639012662,1
50.09923748357109,1.0996985712134797,1.0995567110513675,1
52.59967560669978,1.0997104896612826,1.099571650188721,1
55.486120701231066,1.0997372307290676,1.0995866567060082,1
55.98369419163704,1.0997711504236811,1.0996109107916083,1
50.08274943421679,1.0997986886592348,1.0996255100265386,1
50.17840182510763,1.0998550570679329,1.099640698031739,1
59.80106812633335,1.0999360407931875,1.0996604594892003,1
70.37438892852815,1.1000249398784914,1.0996938880476974,0
67.46432712657494,1.10010028075992,1.0997212400871803,0
65.4438475797328,1.100153919805998,1.0997488728658906,1
61.8174151138254,1.1001870586506024,1.099780468264622,0
77.50585571612947,1.1002137525904132,1.0998128382054604,0
79.04702862763337,1.100257636685133,1.0998525521421754,0
72.77821364919141,1.1003051350264594,1.0998833002998674,0
74.8013700669715,1.100362854759575,1.09992087663802,0
59.00566702630455,1.100387331968598,1.0999360191685026,1
62.312827984248784,1.1004252515520052,1.0999651913649717,0
55.4503599780051,1.1004880590928736,1.0999899735019736,0
56.687887013938806,1.100551826290864,1.100010339666752,0
51.42944656842337,1.1006085774047647,1.100032271775828,0
49.182418947830875,1.1006866820961352,1.1000559652384931,0
32.13529433133348,1.1007028550832996,1.1000700087640969,1
35.27132988566778,1.1007124522142153,1.1000752399214515,1
35.750959728029756,1.1007008091851473,1.1000797512706715,1
35.39782978567585,1.1006856010180708,1.1000851192700136,1
41.93790899836231,1.100682224086791,1.1001026397192641,1
35.73291258342178,1.1006410112177107,1.1001099826761451,1
42.175077820186104,1.1005916998895497,1.1001254631418407,1
43.49440220579813,1.1005641144771208,1.100147577270405,1
56.88701090935501,1.100559256994643,1.1001785897340701,0
47.87343975355,1.1005495691464753,1.100212660835903,0
46.94121371876978,1.1005215479467945,1.1002314108608937,0
51.403485938796514,1.1004996724924008,1.1002601356728763,0
54.33406971208608,1.1004967602477422,1.100286422711992,0
43.756159576331335,1.1004696563651748,1.1003021833065256,0
53.25645681812104,1.1004647618173728,1.1003206152752756,0
54.985888895308854,1.1004440338342918,1.1003414012682038,0
58.710614758164766,1.100443557928144,1.1003625098297851,0
57.59875680839528,1.1004320556031004,1.1003806725754581,0
39.1983190421557,1.1003814841839197,1.100374191107517,0
44.42708321392485,1.1003215706988994,1.1003647198863338,0
37.06203496600804,1.1002859150001514,1.1003424132518829,0
30.515514748809423,1.100220248374566,1.1003107605252769,0
19.911276215604218,1.1001136841414687,1.1002685928978075,1
24.649141257693728,1.100026134167088,1.1002349906811317,1
26.388495888231517,1.0999146200562788,1.1002009827235142,1
20.646562261844622,1.099813031041642,1.1001623461073313,1
25.4105429796075,1.0997207004497909,1.1001450730657547,0
31.141597894404626,1.0996325859363547,1.1001316726514858,0
39.03782922360264,1.0995497931347713,1.1001270215021215,0
34.51474770824177,1.0994561171373767,1.100115679205462,0
31.102017142676786,1.0993729174141103,1.1000963819620246,0
29.422660735061086,1.099249025941607,1.100064853757892,1
34.80478698744443,1.0991153139145011,1.1000240881083199,1
31.835613562326927,1.0990010467097886,1.0999831265267475,1
37.742002878940156,1.0989042682848524,1.099940299762043,1
44.41366136383733,1.0988023775783256,1.0998879359822586,1
61.077432100431984,1.0986972715155494,1.0998314424846085,1
60.625388220266565,1.0986129055145684,1.0997857224773175,1
67.53663601368194,1.0986045772835955,1.099754454098556,0
67.01625985212715,1.0985836712550072,1.0997233649280955,0
57.28265887693246,1.0985669546962578,1.0996836940942207,1
55.734413056630814,1.0985841894737103,1.0996413816407078,0
44.08574674318309,1.0986318749396304,1.099599288863076,1
58.4119162588288,1.098689580104174,1.0995656808189713,0
57.004240487365706,1.0987411077363776,1.099542493030626,0
63.46984384043808,1.0987875365687736,1.0995072601140385,1
61.85506284184078,1.0988060602999077,1.0994722735485682,1
66.14222606000934,1.0988258004221487,1.0994412623039997,1
62.81429541229724,1.0988189298390005,1.0994111624758158,1
58.65847969116897,1.0988233252856328,1.0993703364812608,0
62.5223476040423,1.0988532192703886,1.0993565276368602,0
55.45281554462179,1.0988945214081587,1.0993376814354696,0
45.170197410367244,1.0989397977720174,1.0993196835430679,0
50.42384779150269,1.0989985879659565,1.0993083213059016,0
47.014285111233306,1.0990235089286806,1.099276813698799,0
48.20243273740773,1.0990549503407085,1.0992535116314581,1
47.06304339529521,1.09906121403053,1.0992192481410006,1
43.58635738984002,1.099069267860067,1.099187783830496,1
40.82289103930578,1.0990305579942645,1.0991429744984047,1
46.7328688040783,1.099006969113769,1.099106324915013,1
53.78381338296169,1.0990140830697777,1.099080708143414,1
54.352594632873206,1.0990304273194416,1.0990536835715239,1
56.06379184924114,1.0990625755192356,1.0990256149716733,0
58.09902592257373,1.0990690247933597,1.099005428190245,0
47.989705688444865,1.0990710760444222,1.0989850187214456,0
58.84796840286954,1.0991036764613658,1.098971117164868,0
55.139311074037884,1.0991328541858238,1.0989479920516403,0
47.86198106262577,1.099135699657826,1.09892271992589,0
58.195672438757924,1.0991508918686026,1.098918925549689,0
52.281490773427656,1.0991637670296333,1.0989072150135544,0
52.77520048000371,1.0991374109594374,1.0988971260205747,0
42.97978197711459,1.099102243372919,1.0988904794348107,1
44.81019646820796,1.0990592986476984,1.0988979293455596,1
40.87388114427335,1.0990053286048451,1.0988999990810044,1
35.6644493097978,1.0989794749645627,1.0989027556621125,1
36.249545202157506,1.0989606870104238,1.0989125740189707,1
37.97916233158745,1.098965629140272,1.098917219617193,1
38.13093180615167,1.0989553664451148,1.098916896034,1
39.61182182655031,1.0989565705799904,1.0989056854764925,1
33.00138527151887,1.098955035541422,1.0989058922766313,0
44.5878744989807,1.0989560015593034,1.0989139418014913,0
50.895768278578224,1.0989459407422921,1.098932449491798,0
44.03630206076706,1.0989250732127442,1.0989495186909708,0
43.00993796645922,1.098892782207324,1.0989621223892592,1
40.62672338955416,1.098847459416583,1.0989622951741378,1
52.66416864999474,1.0987900651505598,1.098966192193762,1
59.06032606948497,1.098751832990694,1.098969816641698,1
62.32067531641081,1.0987378172748083,1.098972684629986,1
60.331087739755894,1.098711891133202,1.0989618510895316,1
62.3195859757213,1.0987190110648317,1.0989613509374843,1
56.790039451439085,1.0987331201715045,1.0989635922106733,1
62.10209838401426,1.0987832123806682,1.0989700885975937,1
63.12808084635863,1.0988399670939988,1.0989811662073072,1
57.25979072421844,1.0988888372712178,1.0989797019478218,1
54.05517127608867,1.0989429490271316,1.098983492178414,1
55.44692785916747,1.098988935731161,1.0989931336839256,1
59.98286136216412,1.0990323735577245,1.09900774492032,1
67.52339860343898,1.0990798936439123,1.0990185333227054,1
81.25158829091589,1.09912981826902,1.0990300408485,1
84.98670034906539,1.099207916111987,1.0990597286071728,1
85.97068550965027,1.099284689252188,1.099086529794211,1
86.18788279809328,1.0993704100828214,1.0991228049616633,1
87.53483804429897,1.099464844863641,1.0991595375276202,1
86.97985657114147,1.0995892799924862,1.099198399199871,0
92.40008163614175,1.0997431631219432,1.099250156851443,0
91.52665258335757,1.0998874452776113,1.099299190168523,0
88.62346756909768,1.1000185042905457,1.0993527327457044,0
94.59975783242086,1.1001396890905384,1.0994008531221746,0
65.45151350209854,1.1002152473961886,1.0994357268503012,1
64.77737725278442,1.1002728606932393,1.0994677075692725,0
60.497788377910794,1.1003304086265078,1.0994901224333653,0
65.53895271583886,1.100397517571192,1.099516924698294,0
65.80535388094077,1.1004654978203634,1.0995423351277582,0
50.75531481492988,1.1005247688797117,1.099561999582363,1
44.34385635493113,1.1005744037821386,1.0995848232735006,0
35.51791882490616,1.1006022023265092,1.0995925440299832,1
37.809376975800106,1.1006317473907266,1.099607302202281,0
33.100729138903645,1.1006644374890782,1.0996300284552063,0
36.07317316594679,1.100712063578122,1.0996545095323078,0
33.24077525240966,1.1007120008603974,1.0996790221394785,1
34.42997029236746,1.1006946844144383,1.0997094391762112,1
30.644266035080435,1.1006460502381232,1.0997403277077447,1
46.47634997795863,1.1006062614961638,1.0997783226670064,1
48.20989490700346,1.100559148463902,1.0998199271434939,1
53.37796342247154,1.1005117025853095,1.0998630478997418,1
44.028817807525456,1.1004638879208961,1.0999004705327118,1
46.68591167668706,1.1004268483147235,1.0999372204154847,0
62.814164089781066,1.1004150875552403,1.099984741566225,0
61.16890689343318,1.1004466067679397,1.1000317413254808,0
69.76249004054281,1.1004770466458054,1.1000765120110259,0
59.39050400200398,1.1004985217703849,1.100107130517798,0
52.54788421202881,1.1004830829305663,1.1001317815736038,1
47.69113476191475,1.1004688211290818,1.100159834294293,0
58.64405951649842,1.100488952782091,1.1002004678122694,0
56.805209554307176,1.100505988425048,1.1002482348768867,0
65.01871752777743,1.1005351771363416,1.1002905888242958,0
58.23246813070565,1.100551161457732,1.1003270335890962,0
51.21913160922629,1.1005547602185943,1.1003568056327204,1
49.882485325444364,1.1005484159568257,1.1003891194617577,0
41.41023403922822,1.100531476057255,1.100404008136448,1
46.64677807466273,1.100533240129891,1.100429487159566,1
33.320404858110905,1.1005454981949863,1.100445242033472,1
39.592575862873204,1.1005580623906344,1.1004655607856604,0
33.908945705340955,1.1005437935396147,1.1004819096508527,1
42.0915441200093,1.100532120215238,1.1004987163749844,0
49.86518965394877,1.1005305017745082,1.1005170969500506,0
51.30196380239881,1.1005284247714964,1.1005356409009937,0
40.70117395475629,1.1004873662540333,1.1005477306102731,1
43.255472498422805,1.1004543273732696,1.1005615449671808,1
39.47051427054378,1.1004014629719794,1.1005539307550227,1
40.04064131312654,1.1003610990163504,1.100537694423463,1
47.48688083692953,1.1003492001716597,1.100523297609139,1
49.7452799817233,1.1003477846564784,1.1005130102114282,0
57.133532844805195,1.1003300378822352,1.100496770968169,0
45.93682041788878,1.1003015132217164,1.100471574916796,0
52.5778635650205,1.1002862111248202,1.1004500951631795,0
48.93919675787249,1.1002773030251571,1.1004305530829406,0
43.902864812934986,1.100241611541583,1.1003975746131385,0
44.521401596297984,1.1002132349335683,1.1003883144767093,0
40.55568267234422,1.1002069536977228,1.1003776453382412,0
45.192284130091394,1.1001994951369471,1.1003771217637417,0
44.76200055054919,1.1001855888528609,1.1003604705461396,0
33.2237235368236,1.1001132034592953,1.1003246430412332,1
37.816977347473944,1.1000640543025657,1.1002976238199942,1
40.00526013392479,1.1000092459990278,1.10027265326174,1
30.28695910888348,1.099918998451959,1.1002438154002305,1
23.975912491481083,1.099808310380622,1.1002062660969516,1
36.80563106090552,1.0997538670032676,1.100183502415949,0
38.38781335846591,1.0996910962438573,1.100153158033475,0
38.72385422376833,1.0996570357118634,1.100131944695609,0
37.103621175791396,1.0996170067312856,1.100106623350202,0
37.63522576517088,1.0995301820107104,1.100076950318174,0
34.059388438138555,1.0994288528875273,1.1000420467679737,0
33.53518718410777,1.0993233119518018,1.100002436363329,0
27.263083252387702,1.0992263949411352,1.0999574518591262,0
29.18651154817171,1.0991180745022533,1.0999117697957224,0
39.3283555874774,1.0990134273688805,1.0998651847046037,0
37.225224307934845,1.0989413332152127,1.0998080728771273,0
31.700970638910817,1.0988385395216307,1.0997450875781858,0
39.869630962160606,1.0987434020924303,1.0996841875168912,0
36.531866878032304,1.0986009873181803,1.09961810798286,0
13.6006442665947,1.0984442462398536,1.0995449358698544,0
19.606514313784814,1.0983462434261453,1.0994756119600588,0
17.984873617287647,1.098251659658644,1.0994027065706156,0
19.000213460749208,1.0981518415055163,1.0993309944939273,0
20.34551022747638,1.0980564516992313,1.0992523252253865,0
19.288760932805104,1.0979651207220242,1.0991718498026686,0
19.294087648880378,1.0978285202774463,1.0990930064394897,0
17.295218289264994,1.0976725655825519,1.0990028178837652,1
16.40780062970238,1.0974945610731415,1.0989171787019636,1
18.991139104881015,1.097336101416214,1.098827767864731,1
27.555092048839498,1.0972304058832338,1.0987509133934728,0
29.34669658088579,1.0971209727026658,1.0986672108927862,0
30.78696543276,1.0970268709158169,1.0985956673138098,0
30.869171284834465,1.0969100564014889,1.0985086263336266,1
40.07012210112119,1.0968048532683103,1.0984215103932433,0
33.639601791044726,1.0966836268848363,1.0983272655499394,1
32.50696401145035,1.0965692624398815,1.0982408313514667,1
31.98649515743962,1.0964701418011724,1.0981514133493468,1
43.36623356322768,1.0963835346007367,1.0980770161683941,0
42.76346509535473,1.0963130514419057,1.097998888953082,0
46.583317644446105,1.0962827377393973,1.0979183508969497,0
52.14330011232379,1.096237143717519,1.0978313555844748,0
55.04143429304613,1.0961815698093884,1.0977433193414767,0
51.088751131174824,1.0961240990233367,1.0976600288145755,0
39.06360295684554,1.0960748748682887,1.0975677907227739,1
40.82430351962161,1.0960360578928625,1.0974753517497509,1
35.12208394547015,1.0960002423953195,1.0973964587809844,1
47.6293927643115,1.0959919839110313,1.0973143174747506,1
42.65358552327587,1.095996078433799,1.0972328285963941,1
55.89566370560153,1.0960023579197382,1.0971489129778473,1
59.975117340901704,1.0960010804544535,1.09707711003411,0
53.52420633409717,1.0959903351606317,1.0970180635733207,0
50.53103997463852,1.0959812741290036,1.0969625552443851,0
48.37931687856954,1.0959831289520277,1.0968981795148267,0
48.09764704395164,1.0959839098447575,1.0968474749503627,0
54.079105989739354,1.0960060460454784,1.096806359815882,0
43.97038277193921,1.095994902308574,1.096737245473589,0
45.40177071304081,1.095988869546641,1.0966705226704605,0
47.323687929616455,1.095956003132861,1.0965966031367933,0
43.67364610727623,1.0959248717749368,1.0965220349705427,1
50.87685989184135,1.0959045891075099,1.0964681137356693,0
46.904518592884074,1.0958786938649228,1.096411291975433,1
43.40128715235701,1.095843077550569,1.0963512255809835,1
39.80100171008063,1.095811354468713,1.0962940126256064,1
38.512670526894794,1.0958026003296184,1.09624160105372,0
41.94200948073124,1.0957919329462225,1.0961867539806875,0
43.58663507618866,1.0957997008443434,1.0961398058326366,0
51.87696172379664,1.095811814773668,1.0961036275755653,0
39.5273281953207,1.095789987956011,1.096051462941826,0
34.381645862302946,1.095748249215657,1.096007817736838,1
39.02092209121438,1.0956842302145722,1.0959731036239975,1
41.28918533831202,1.0956431609776163,1.095936830593909,1
34.191353032713266,1.095549687897306,1.09588176653985,1
47.704084748501245,1.0955122450090329,1.0958423409162332,1
44.53157164509433,1.095473949673861,1.0958144741402145,1
47.403933373178305,1.0954285914089776,1.0957917480906634,1
54.90302307008347,1.0954296264132153,1.0957776879278969,1
61.43735561237077,1.0954644215395473,1.0957872650532585,1
61.888191045321,1.0955193053072487,1.095806500830436,0
64.58738380408423,1.0955998027502658,1.0958275155041632,0
62.2377124570389,1.0956619977586899,1.0958407504858518,0
60.341533907464935,1.0957318750679228,1.0958556529215358,0
67.94121749235707,1.0958067110994323,1.0958631616544299,0
66.48221491857961,1.095868020026966,1.0958771980757973,0
65.88520608059832,1.0959087398968097,1.0958831557051198,0
58.77288305249701,1.0959313261559787,1.0958858336891446,0
70.99095004469747,1.0959352787852024,1.0958862123707651,0
54.00912007787355,1.0959059967658378,1.0958779695614316,1
52.59443153124038,1.0959122516641315,1.0958629497671841,1
51.774972159676004,1.0959259036077573,1.0958529586031787,1
46.73995222797212,1.0959501872123492,1.095840083413178,1
28.289708056680198,1.0959594484290893,1.095825752478537,1
43.657658500204725,1.0960542348072277,1.0958308325389856,0
45.822313505215924,1.096131187778238,1.0958451764181938,0
40.398312701417304,1.0961815072203236,1.0958571270810284,0
42.043615157445544,1.096233086531662,1.0958705595461833,0
41.582048360208454,1.0962578222351103,1.0958807198638132,0
40.94166516768478,1.0962321859318653,1.0958833458615922,1
38.86649079465369,1.0961733873478847,1.0958774243960705,1
45.46135944377227,1.0961068398178186,1.0958693082633957,1
43.271708131727095,1.0960281112338595,1.095851562797614,1
54.05239069869529,1.095966022926561,1.0958459280279076,1
56.966838322905446,1.0959259782841408,1.0958410433164847,1
61.339324639504724,1.0959189340373745,1.095851520109936,0
57.39625328802979,1.0959094092006125,1.0958533554474617,1
60.823398096682226,1.095927273187476,1.0958543245459436,1
52.97997877626043,1.0959557620593494,1.095870556271075,1
45.113608683375794,1.0960024082722548,1.095883385051677,1
47.07923124522047,1.096034614157937,1.0958943941772146,1
53.037471065465006,1.0960915078127262,1.0959196130182947,0
56.66129591131756,1.096149609876176,1.0959380917206445,0
64.0768249884026,1.0962250834294367,1.0959643083043429,0
67.10792294553355,1.0962420729369673,1.0959904306935448,0
58.9255216396395,1.096220371438997,1.0960087832063075,0
59.492858578898414,1.096208796331911,1.0960196054819453,0
55.17235389897743,1.0961918678827027,1.0960305335207752,0
45.6567418821131,1.096168096225536,1.0960280780162899,0
37.74019790112084,1.0961593940921404,1.096022377588981,0
34.68374708487275,1.0961454654619902,1.0960196153984623,0
28.31146372702058,1.096108252870142,1.0960133097251896,0
28.56192747607163,1.0960913246505437,1.0960144005720027,0
33.65104900643661,1.0960689358983893,1.0960162379962168,0
34.83947120503508,1.0960257622615361,1.096031473062177,0
21.034054554652997,1.0959467134442686,1.0960253074840305,0
17.424907248658656,1.0958650393752194,1.0960097913280051,0
11.910358245402278,1.0957706357983208,1.0959911423016808,1
18.235034366903676,1.095676413185547,1.095969270980008,0
27.82394804512137,1.09560322693077,1.0959389072081662,0
28.023621092848856,1.095534169279322,1.0959003397660438,0
25.445567252850978,1.0954236664314971,1.095849158490787,1
29.97206454796391,1.0953137688001044,1.0957988001372103,1
27.796069506243555,1.0951819786278916,1.0957443497283303,1
31.036764963174747,1.0950547458062734,1.0956896445762812,1
43.35361969568938,1.0949656813930093,1.095647847752725,1
44.204516334868615,1.0948975654577915,1.0956151357063382,0
41.705341684388586,1.094833679458068,1.0955914748416111,1
38.31736180601709,1.0947666779734302,1.0955606376915812,1
43.50722122991562,1.0947029951094343,1.0955411769264198,1
53.9158537802422,1.0946805796826211,1.0955269466058581,1
53.90318201327995,1.0946693304621584,1.09551068046695,1
56.92721379738794,1.0946682842843216,1.0955016394007915,1
58.33712187406677,1.0946775724280233,1.0955034875957905,1
66.32579302126396,1.0947176947156878,1.095496857025561,1
73.90234221403759,1.0947776621148866,1.0954838972186898,1
74.61063720059752,1.0948618514428554,1.095481929017018,1
82.48387802172549,1.094972852603838,1.0954870487305512,0
86.59848652067195,1.0950808968965025,1.0954985008445646,0
81.26559948181621,1.0951674989921796,1.0955130324322917,0
76.58199687357506,1.0952548209213409,1.0955329131954263,0
76.75090848319478,1.0953630235611986,1.095551631988139,0
76.62304673311843,1.0954478501251592,1.0955666956937302,1
75.19179494840886,1.095542880829949,1.0955750928896857,1
75.26715664983003,1.095662133531095,1.095584106675063,1
64.73222897279427,1.0957286382831168,1.0955717294510219,1
65.2238228460429,1.095805753535237,1.095573673440188,1
64.7675298328144,1.0958973347859542,1.0955794994810022,1
57.26419309568308,1.0960010983524504,1.0955787722088217,1
58.11097625312875,1.096109841832853,1.095584150350659,1
55.97069949336787,1.096202692669797,1.095594178010602,1
55.2498369805991,1.096319627867254,1.095601928488761,1
57.28230887485525,1.096431036600503,1.0956142100905226,0
53.22326531073773,1.0965020530935614,1.0956142754614404,1
57.22714596057318,1.0965569225303398,1.09562279686291,1
55.50936190915821,1.0966041289024155,1.095637400204057,1
62.012474575877505,1.0966437668875517,1.0956559172392741,0
59.03145092801492,1.0966512694848485,1.0956708093714098,1
61.11385209063478,1.096678283229126,1.0957025756460008,0
76.05728721835888,1.096728416412319,1.0957406413603632,0
67.50378751516615,1.0967741811706004,1.0957843994788703,1
56.08671822883024,1.0967963484454715,1.0958268702182707,1
56.46410572241592,1.096832089052207,1.0958630014543957,1
56.02929482297873,1.0968764960823643,1.0958981169632755,1
56.96502069004163,1.0969080579934076,1.095937024967811,1
57.05424025825861,1.0969912857045896,1.09598955835515,1
56.29960153454514,1.0970633449800775,1.0960529956821312,1
67.79865068480709,1.0971331121776713,1.0961244900327423,0
66.98287101753098,1.0972146786755117,1.0961940784048074,0
60.066055306495855,1.0972672548299807,1.0962497615103433,1
58.76481305695396,1.0973168482905789,1.096307249615105,1
66.02945274882347,1.097363893241749,1.096378019212862,0
59.88042256909479,1.09739542510185,1.0964468726112209,0
57.65350495813135,1.097455504378328,1.096523685761615,0
60.27683358741301,1.0975019934938754,1.096601695937951,0
62.33003660654897,1.0975361198494993,1.096665575586653,0
64.21253079526326,1.0975671535556046,1.0967237524783995,0
63.688050815450396,1.0976137455518702,1.0967828358089304,0
58.06384779348546,1.097624280176307,1.0968456165271514,1
49.74082914018049,1.0976156782047721,1.0969057145984984,1
39.080858076144374,1.0976040808520673,1.0969537999466488,1
40.18506642865465,1.0976292913322294,1.097010854566299,1
36.369535913836245,1.0976558700654926,1.097058035766864,0
53.61809700668658,1.0976977225922413,1.0971061770289625,0
62.07804065488052,1.0977589032490886,1.0971535083811714,0
56.844493964010894,1.0978000712240938,1.0971985219988332,0
51.17801348433435,1.0978142636722779,1.0972339605739003,0
39.43510880052714,1.0977826241169102,1.097248398637971,0
35.74824301316063,1.0977240011744374,1.0972513201159817,0
34.778330840674386,1.0976656101905444,1.0972490059896893,0
41.538059534389966,1.0976308317290306,1.0972576539381809,0
40.71601824584813,1.0975818892902267,1.0972655655044732,0
44.411179560991265,1.097539563763212,1.097283558066442,0
38.7098944610531,1.0974563855655337,1.097289087655849,1
38.073289890691505,1.0973600190961459,1.0972808501639713,1
37.14492387972267,1.097292406001133,1.0972910826738596,1
39.016034263447295,1.0972309446787665,1.0972938289358112,1
32.36001366516233,1.0971626395655742,1.0972889577207785,1
27.424263610247138,1.0971126424035529,1.0972902341475923,1
35.61582315004091,1.0970907178772964,1.097298065016276,1
37.62230009341289,1.0970795696627165,1.0973045507438166,1
44.54550558248963,1.0970526733214132,1.0973040727479628,1
51.6847451212398,1.0970330827702548,1.0972988542347646,1
67.63311896565119,1.0970275825304483,1.0973163888037174,0
52.608730064729265,1.0969676607289176,1.0973178036606026,1
54.67917942340009,1.0969192029620796,1.0973245516226986,1
52.79643995683123,1.0968841498924982,1.0973301137758789,1
65.81613224757554,1.0968888868669757,1.097343445590822,1
69.19877481157596,1.0969058438092387,1.0973423443480266,1
66.02617802525357,1.0969426737984125,1.0973347089441265,1
67.45385892577357,1.096969497901866,1.0973357806306872,1
75.96479406569162,1.097041278289527,1.0973635374420954,0
76.40382945900306,1.0971193351521675,1.0973984565064259,0
68.14949788367167,1.0972179773459716,1.0974256801612918,0
67.0641535054846,1.0973282326409834,1.097448920023002,0
64.57097110989261,1.0974183805277233,1.097461920603113,0
56.22826385175612,1.0974772921551876,1.097459407805855,1
46.48676407420891,1.097533460508957,1.0974490970532926,1
58.60732569388534,1.0975921486635742,1.0974412221428174,0
49.93944030487291,1.0976071863693135,1.097434037632009,1
54.48368524420557,1.0976412669517717,1.097434318208294,1
54.201296808159626,1.0976816236095064,1.0974311648950659,1
53.876081887185634,1.0977080778136303,1.0974239153194767,1
53.48956357046667,1.0976965274286652,1.0974127980238522,1
56.48105412758575,1.097740442214781,1.0974131831489649,1
47.405882858056835,1.0977851118728774,1.09742414843205,0
43.44422612713275,1.0978316353195288,1.0974359064814485,0
46.095898431275685,1.097866091940533,1.097444384146287,0
48.547229412425814,1.0979115582859038,1.0974572555918654,0
48.25554460063192,1.0979500826533684,1.0974684707235651,1
46.76700609334472,1.097946364619555,1.0974726941376824,1
57.34840517048491,1.0979265856013845,1.0974824551497573,0
55.140337290239145,1.0978970159153607,1.097494914846373,0
63.71327552223798,1.097886139422284,1.097501046893309,0
59.22005821855581,1.0978807507081898,1.0974976590066423,0
52.56886510538753,1.0978711364537104,1.0974903466949595,0
55.77595190955423,1.097885667979606,1.0974879695287862,0
47.99133811986853,1.0978811599369445,1.0974885113813064,1
51.16474277877392,1.0978998157555264,1.097511547975253,0
42.6499093193347,1.097919067375918,1.0975354205061585,0
39.13032282358651,1.0979071122622863,1.097544830421596,1
38.51349169548962,1.0978812366382724,1.0975509038342839,1
43.81051203304635,1.097885695649961,1.0975623680741764,1
45.52342143790054,1.0978924952411984,1.097587241894118,1
48.637834713261775,1.0978567779683808,1.0976118866978588,1
45.23988625269118,1.097828872553772,1.0976387350531054,1
47.76496772303028,1.0978118003937416,1.0976682487674385,1
48.345413518992515,1.0978063700078236,1.097701876323187,1
51.33962124363102,1.0978105264994666,1.0977364092302309,1
61.663133681318314,1.0978582748729875,1.0977754935218416,1
67.28469765514713,1.0979703709125197,1.0978290146376035,1
71.1160239205276,1.0980415335532487,1.0978779992424916,1
69.88890014616312,1.098134724593882,1.097935571575824,0
76.62385331730961,1.0982276909483848,1.0979810902604836,0
83.10955188261092,1.0983290123563778,1.0980421996576264,0
76.28311683417516,1.098415976453907,1.0980890560916905,0
73.20019324218516,1.0985031736321695,1.098135579024655,0
69.18720019464838,1.0986021693780101,1.0981738243857202,1
76.83699472882314,1.098679429708603,1.0982209823349989,0
76.54082042876453,1.0987912739266787,1.098274860557465,0
65.31754316901149,1.0988874803437467,1.0983120233983485,1
63.99072410728985,1.0989899601259203,1.0983303765688412,1
64.93027083852789,1.0990899466947932,1.0983506126912266,1
57.73657974351244,1.0991869154442422,1.0983748171334264,0
52.56611415856765,1.099313362185307,1.098405938515588,0
57.12731330746706,1.0994262613329746,1.098441887375206,0
51.78179551902543,1.09953332037472,1.0984906600552515,0
48.58430057626385,1.0996282331674359,1.0985397853865786,0
40.79988897112385,1.0996941612344722,1.09857721425859,0
43.05657815817704,1.0997073509207884,1.0986155593424314,0
47.45246504048413,1.099698404471396,1.0986518696454532,1
51.38645548047476,1.0997000506259813,1.0986853700490815,0
46.33326756866106,1.0996752608220053,1.0987224447791741,0
37.49673866880334,1.099638365144548,1.0987578253468369,0
47.03110160611198,1.0995894051971669,1.0987817848505805,0
54.107249599066236,1.0995815329891772,1.0988076245382106,0
44.432554677039526,1.0995711879064405,1.0988314000594195,1
38.29045310295928,1.0995529192068596,1.098848555292251,1
38.39806461915788,1.099533384401688,1.0988697127813125,1
34.80900404226101,1.0994947102390524,1.0988927115917386,1
32.25159946440931,1.0994876243096654,1.0989285272743923,1
44.978283812590995,1.0995049825778342,1.0989617353594212,0
51.66153586939587,1.0995052045150708,1.098993888131111,0
61.62689082084128,1.0995125643918393,1.0990253871212483,0
48.63343133489841,1.0994913044615626,1.0990501600169373,0
47.15209504986622,1.0994614820074866,1.0990780255967167,0
51.78775771362925,1.0994356775406096,1.0991106638796528,0
45.612598774139705,1.0993906121923958,1.0991435662887592,1
48.259845932517536,1.0993668082326409,1.0991640112494359,1
42.45889060979606,1.099361339091187,1.099192468028539,1
44.49822427492237,1.09934584897385,1.0992273643300785,1
59.45063075737768,1.09934562436616,1.0992711251402367,1
57.21782491410163,1.099352494019862,1.0993091641271346,0
65.82890074359317,1.0993878931026742,1.0993559844914271,0
58.95192209471045,1.0994129661754344,1.0994042601334022,1
51.580839494323776,1.099424374439786,1.099445825292616,1
52.20442415063168,1.0994420783671612,1.0994835112487875,1
44.500138048329624,1.0994638594478297,1.0995115510682532,1
56.47021621055129,1.0994888301768966,1.0995410342522844,1
66.87128431102693,1.0995517441555092,1.0995700993047473,0
64.80625683479033,1.0996139321050211,1.0995859517513928,0
77.58498128545574,1.0996595816962615,1.0996089546166263,0
77.30040130019226,1.0997068074729994,1.0996227212827576,0
71.4235123426281,1.0997389917245917,1.099629907431731,0
60.066729154861186,1.0997615484243866,1.099623174444141,0
52.59922242763587,1.0997768135637203,1.0996223604406419,1
45.346611584226274,1.0997620564366617,1.0996142170014496,1
46.3343293521813,1.0997961914467815,1.0996211751162677,0
49.83469088492822,1.0998255871350957,1.099622474220033,0
47.802541853027265,1.0998482821673845,1.0996152713248213,1
51.12471107990146,1.0998836951952113,1.0996258502706644,0
50.91330962505572,1.0998867245730155,1.0996298309190746,1
44.03792208915793,1.0998732344125268,1.0996224792142282,1
31.717036663183194,1.0998385942576017,1.0996166560167706,1
38.00284868310311,1.0998342894802817,1.099612631051392,1
37.9844773230713,1.099835471110131,1.0996095092034786,0
38.87387574184912,1.099839110615322,1.0996058273450284,0
41.88831545863878,1.099859960703948,1.0996042420828582,0
52.51491092363416,1.0998724699053757,1.099612357720646,0
57.77790239132795,1.0998531338007924,1.0996284124567488,0
60.23854493016011,1.0998186032032047,1.0996340312441166,1
50.60273369560991,1.0997771884776173,1.0996398097572808,1
44.38415226923533,1.0997184006450091,1.0996399772119592,1
47.02006804942489,1.099671532820593,1.099643174502149,1
37.23924042696934,1.0996447666812215,1.0996453190377629,1
60.78010656592818,1.0996666778684383,1.0996564183923463,1
66.43213111438635,1.0997088700156128,1.0996692898451186,1
55.99144402220006,1.0997044370381226,1.099681782248773,0
49.600063564842365,1.0996997180028814,1.0996890076605101,1
49.707683329320524,1.0997079781387602,1.0997005784847043,0
57.09474516290603,1.0997280014264594,1.0997220011173823,0
53.471376757489246,1.0997560091947027,1.0997302415658219,0
44.41185951008493,1.0997717835039054,1.0997291108097618,0
47.259087959974075,1.099798789284241,1.0997311459737316,0
45.918583704343234,1.0997896545491166,1.0997319710864135,0
44.152516436318336,1.0997664522066921,1.0997314972831607,0
47.171430214935775,1.0997356606798472,1.0997258206007237,0
46.536717329153625,1.0997026528851745,1.0997290583599695,0
51.417303083458236,1.0996739790195247,1.0997352260353994,0
35.99184724790409,1.099632025846064,1.0997366871586995,1
35.191102069531865,1.0996014163179422,1.0997362581817534,1
40.554288460760176,1.0995699015462015,1.0997295206292974,1
42.12333224793729,1.0995567360737075,1.0997216740334974,1
39.32370329575356,1.0995438217706908,1.0997055459693557,1
29.282407837267925,1.0995446572734244,1.0996979954769588,1
39.23344680679473,1.0995200596444612,1.0996946924742164,0
52.371487825344076,1.0995019499429888,1.0996932384754496,1
49.57118066114405,1.099511707617863,1.0997009215167863,0
48.0045840440157,1.0994997446483965,1.0996933734491101,0
51.93336238119044,1.0994807447132326,1.0996721787077939,0
57.7937412826296,1.0994438369320965,1.0996539630482123,0
62.85400412719476,1.099426705054878,1.0996370909092688,0
52.8055951253274,1.0994229243356564,1.0996155575548248,0
52.995089700849235,1.09939700547214,1.0995943514727509,1
50.7700582351332,1.0993831840790829,1.099580625348292,1
54.30459334832819,1.0993839512261467,1.0995743523481312,1
59.02479782836368,1.099404090896317,1.0995826343845858,1
55.86154265082169,1.0994191631666774,1.099578247047928,1
58.09137153944512,1.0994375174048863,1.0995799981433156,1
54.58986814280085,1.099467978354467,1.0995845656335326,1
51.64326701797196,1.0995006809561723,1.0995830524861379,1
47.593280173341746,1.099530426849725,1.0995870015399811,1
63.321182195836776,1.0995691279443838,1.0996000314462402,1
64.65869012330305,1.0996112452986737,1.0996146063857846,1
71.45039827861198,1.0996809599477502,1.0996366636639463,0
62.82340575678466,1.099725233634537,1.099650597483979,0
69.57413085011954,1.0997713893351195,1.0996661499633686,1
70.55960783212682,1.099802803237702,1.099678058530288,1
68.3582868345911,1.099844911182981,1.0996823499601522,1
66.37578711623817,1.0998861027057172,1.0996853662697637,1
62.62622374588815,1.0999221619024244,1.0996953865279,0
75.38229859128606,1.0999910595845388,1.0997226393520372,0
71.69500255257043,1.1000675803410316,1.0997552294332338,0
63.89277121925651,1.1001370340057055,1.0997805519467958,0
65.51348855563005,1.1002191943412707,1.0998103964123118,0
56.010451426647336,1.1002621888677746,1.099812556747866,1
52.89380286629616,1.1002882958267155,1.0998144047090266,1
51.66647733724904,1.1003207550665004,1.099824774259279,1
44.782396546253175,1.100351513877325,1.099840716493093,0
53.5196198310561,1.1003950248247532,1.0998593843079298,0
48.6624567989929,1.1004328465145556,1.0998649905213762,0
50.48146288551497,1.1004715797575857,1.0998732297651346,0
51.00096832835565,1.1004876220176878,1.0998863668517531,0
45.88719391150179,1.1004818596722157,1.0998878345409744,0
46.71238749793768,1.10044660836702,1.0998994451911073,0
24.47928353491976,1.1004050366482399,1.0999060312605977,0
23.909412617005742,1.1003494740004207,1.099911675291598,0
24.239952121548285,1.1002869217583506,1.0999117660795583,0
26.327220778699058,1.1002456540688794,1.0999110199798943,0
45.50385263949608,1.1002315708379526,1.0999251842665192,0
40.490199444601316,1.1001959035000928,1.0999331814007605,0
34.56126868167338,1.1000886682816637,1.099930146046222,0
29.924807293898766,1.0999823219471896,1.0999254637826263,0
23.924894455960654,1.099893163760597,1.0999202887427584,1
26.555571193787642,1.0998031903028436,1.0999138096240795,0
25.854362947261336,1.0997376416379248,1.0998995895452515,0
27.229308611175256,1.0996704627352627,1.0998818098259364,0
33.049424882981256,1.0996085561095241,1.0998635136559434,0
37.66214335031513,1.099550336941431,1.099860953410307,0
35.38779555239698,1.099448187708042,1.0998463615058534,1
35.531649512761604,1.099348057927351,1.099826678919478,1
40.2309860634126,1.0992533944887883,1.0998039055386986,1
33.78489356412473,1.0991564532211158,1.0997797784059369,1
33.35235018763153,1.099102400436242,1.0997699925266151,0
35.55449793249019,1.099034168081474,1.0997598387920637,0
43.33616403618155,1.09898442011963,1.0997462188179912,0
47.57531649107767,1.0989492318927465,1.0997297316901697,0
44.45684230247453,1.09892010200343,1.0997121416142595,0
35.82101448056565,1.0988550282706022,1.0996780243261806,1
35.87909869737092,1.0987565032683817,1.099640594232085,1
42.123567385445256,1.098692943694242,1.0996100864959883,0
39.090848766314224,1.0986521259704438,1.0995788256945096,0
30.70229155523873,1.098600485035404,1.0995380066190348,1
42.562511449564234,1.098562493716568,1.099500788109916,1
42.718231434623036,1.0985162608846895,1.099447929998855,1
39.54510755409046,1.098469070448335,1.0993971242707703,1
44.09734373326904,1.098427131442808,1.0993441066690115,1
38.13100709265138,1.098391241034267,1.0992988887745694,1
54.09946145128982,1.0983754698653123,1.0992731768832393,1
57.586085060056696,1.0984014329695273,1.0992524936113777,0
59.69655230262381,1.0984503277648237,1.0992379452644376,0
60.119241799528794,1.0984884259352259,1.0992028520789734,0
64.51328956953296,1.0985249057256081,1.0991627085597675,0
67.262724752412,1.0985363529417578,1.0991297201010364,0
64.22531918964634,1.09855893885484,1.0990957365974914,1
59.76631016587581,1.0985659664671066,1.0990677298577238,1
63.77315891475673,1.0985620243299723,1.0990392230914725,1
61.7626805820441,1.0985729412286953,1.0990130160791376,1
65.3584324897927,1.0986169626240614,1.0989842038248752,0
70.70255296563923,1.0986749781551315,1.0989525755642364,0
71.13218963805802,1.0987219165488147,1.098925714509692,0
64.91920229849269,1.0987663032395107,1.0988967150872797,0
49.368124613762156,1.098815677935329,1.098869228986091,0
36.55735539953055,1.0988331832770348,1.0988413175518437,1
41.213695315541166,1.0988824218677686,1.098822255399155,1
43.91162892661772,1.0989395146261767,1.0988109154619452,1
48.78253968963115,1.0989909927474026,1.0988007141678044,1
42.78559890722488,1.0990169777342627,1.0987909111649343,1
57.61043167737488,1.0990512718866818,1.0987954240103603,1
57.63780717079944,1.0990570575770024,1.0987826883069975,1
56.328816691490985,1.0990390129489431,1.0987751890439776,1
56.39333788193249,1.099034795366413,1.0987813029128732,1
57.309006592459504,1.0990549689999587,1.0987917673808751,1
58.939938639509336,1.0990885766440885,1.0988078852544327,1
63.590283175009546,1.0991476908671056,1.0988335368231963,1
67.37435554785299,1.0992305751460751,1.098864903260984,0
64.75272680546293,1.099300248380994,1.098891137349765,1
69.44829751398908,1.0993600776750099,1.098913624705332,1
65.52914442736008,1.0994191185536883,1.098931716469778,1
70.74940616381741,1.099501618505189,1.098973947883095,1
65.11990450947039,1.0995587869035606,1.099010006100176,1
71.94167255784268,1.0996415990794,1.0990519969235244,1
65.6344739175557,1.0997348184801823,1.0991005750897178,1
73.8881176342481,1.0998585896099629,1.099143793221332,1
75.9528151325322,1.0999540591934063,1.0991902118439276,1
69.85021798085529,1.1000366905319283,1.0992318236268646,1
70.22029305720505,1.1001339577579783,1.099274604513897,0
69.46526595149396,1.1002549733306566,1.099324859695825,0
67.17401323922957,1.1003465348892862,1.099392026657834,0
65.52879313079922,1.1004539967988687,1.0994616857191923,0
68.463672168428,1.100558894096985,1.099521569205075,0
60.70516319172448,1.100634172037632,1.0995741213397485,0
62.38031937944196,1.1007127373828145,1.0996366683198395,0
56.4065028552839,1.100783292089406,1.099696204603568,0
58.86228532913359,1.1008122459288878,1.0997519308408756,0
50.09542604765047,1.100825528798438,1.0998074866010255,0
46.70538456313632,1.1008476507478087,1.0998593450717653,0
35.527433609962856,1.1008513821075765,1.0998976811346557,0
33.19616696793304,1.1008382307458073,1.099916820821976,0
32.33233784990307,1.1007770485380635,1.0999241941105096,1
26.4255552278526,1.1007306462273179,1.0999221334851734,1
20.242280937699476,1.1006551248065186,1.0999186764720414,1
10.71873395392251,1.1005524995963634,1.09991161263802,1
23.99905649165794,1.1004676457816385,1.099916310357284,1
31.683625341474553,1.1004031099986282,1.099927880301443,1
33.516240469607354,1.100339525413747,1.099941247205521,1
30.704836433770566,1.1002687640581248,1.0999573004051582,1
30.67040069963943,1.1001944482134434,1.099973462489724,0
39.20056901282613,1.1001234178020973,1.0999946087290484,0
38.383383468940394,1.100040307884882,1.1000078176110923,1
44.44431654686347,1.0999825768997762,1.1000258333454596,1
47.61109078264225,1.0999400091400326,1.100043603699957,1
45.80257198674892,1.0998651128452048,1.1000564422837897,1
52.69338480700522,1.0997947202565297,1.100080819395366,1
58.56122009299708,1.0997581757837094,1.1001022324072518,1
67.99131848523652,1.0997685285505914,1.1001390921707914,0
69.86171903025036,1.0997678868206768,1.1001701027010748,0
67.0540148717171,1.0997999736525177,1.1002108795019576,0
61.91063317407544,1.099838178701651,1.1002315835479637,0
67.74959116742406,1.099905141586794,1.1002634277144263,0
60.30795138998756,1.0999562343138471,1.1002890220311352,0
54.292088505595736,1.0999994659567398,1.1003045447081718,1
47.853598130884905,1.1000554645510976,1.1003118108584755,1
50.88972670242684,1.100082308752682,1.1003138032007216,1
44.64255936311181,1.100080748624303,1.100301103404322,1
49.02108857782993,1.1001007596024057,1.100289320988053,1
57.67925710459968,1.100132087678832,1.1002900361242933,1
57.28835161753218,1.10016614744203,1.100295890396532,1
58.30264670649699,1.1002066227320013,1.1003096104003733,1
50.52246362286128,1.1002656144968141,1.1003134160077428,1
50.4480493452943,1.1002899712092122,1.1003183070677203,1
53.11994667800143,1.1003429971488765,1.1003241629277478,1
52.29096785685916,1.1004069836810693,1.1003253083641444,1
52.77035250973382,1.1004737644423677,1.1003268893283278,1
64.68753513850308,1.1005447898405523,1.1003385246661104,0
72.877916295753,1.1005838469242952,1.100357954727738,0
68.73242217921097,1.1006184575048168,1.1003639025998104,1
63.87531766519609,1.1006288111075646,1.1003604146127208,1
70.13137773718015,1.1006651528959726,1.1003590307506383,1
67.82768372680883,1.1006872074634382,1.1003567119802542,1
65.43659168624782,1.100732512977196,1.1003584695832196,1
65.8630847319094,1.100808142403832,1.1003741328546521,1
63.23519894239437,1.1009058547957469,1.1003890578236484,1
62.80992869420767,1.1010065647241623,1.1004031122546243,1
68.6530653595681,1.1011137608460075,1.10042170937117,1
62.09306590557287,1.101206381126008,1.100441661919081,1
69.0748857625776,1.101296466469114,1.1004695624128156,1
67.93519652420291,1.1013858616920675,1.1005096822303286,0
59.81462248700414,1.1014471156004166,1.1005531643422173,0
62.60966008589293,1.101518363794019,1.1006099421101248,0
73.8354803022215,1.1016059299265495,1.1006684205474129,0
74.4855933733883,1.1016602704787617,1.100726221196645,0
61.57815690194429,1.1017123038140244,1.1007892300512088,0
55.18991225431609,1.1017359997592475,1.1008342309193715,0
52.86403719014725,1.1017320035409732,1.1008700820830484,0
55.50629088292723,1.1017396628667127,1.1009180097089242,0
46.68763569733485,1.1017576881469344,1.100959472235334,0
46.120474182924525,1.101792313746069,1.100999560825771,0
43.80875711402372,1.1017972478380158,1.1010285627650058,0
44.06689378599796,1.1018008141346283,1.1010609144801526,0
32.059538285388385,1.1017805362100368,1.1010776533073239,0
27.205695547719785,1.1017455678457657,1.1010963563369451,1
27.39495707678566,1.101697249057866,1.1011219123087128,1
22.820465666622,1.1016528525919411,1.1011463651887887,1
25.1413186245815,1.1016149353652835,1.1011644132037997,1
24.17709176091249,1.1015637322834377,1.1011597434122193,1
34.91358175036075,1.101515923692873,1.1011687771616943,1
40.480257436311206,1.1014629661049458,1.1011748792112996,1
43.15940742460397,1.1014168439197856,1.101184630429471,0
33.49740376521481,1.1013543523146292,1.1011896264012588,0
34.87014757165575,1.1012860298594918,1.1012003387656708,0
35.14142551388716,1.1012337493720659,1.1012199345627756,0
43.00217119013013,1.101199987271662,1.1012470391394347,0
35.3429759266305,1.1011547028484325,1.1012631885576718,0
39.99755711831326,1.1011054231628923,1.101279951898484,0
39.81181361635496,1.1010338134086208,1.1012912312314105,0
42.9074143958149,1.1009781226411501,1.1012978862202614,0
47.49607293773362,1.1009375044023533,1.1013081036099002,0
41.918382461661295,1.1008951603915216,1.1013039778288138,0
45.60091800182528,1.100849251588607,1.1012943693168697,0
34.47437675244282,1.1008183053922123,1.1012889869805238,0
29.293016636527796,1.1007786443554033,1.101270615219556,0
26.320794864643418,1.1007366811018648,1.101253791277031,0
32.726935354241206,1.1006981755624659,1.1012361296368283,0
30.868256276187267,1.1006405132769372,1.1012027025783535,0
32.37290799818146,1.10060724408921,1.1011691022781855,0
24.349454609342914,1.1005321833943724,1.1011342675175164,0
27.328627153381348,1.1004455480839845,1.1011015740018677,0
27.931872442964192,1.1003509945313357,1.1010589670836162,0
39.65844042490288,1.1002817016090816,1.1010274240595161,0
37.24469281989165,1.1002160530139642,1.100993754780378,0
24.092119947682136,1.100114118731649,1.100942325093902,0
21.844576926216348,1.099975067289192,1.1008747241368126,1
22.9113296345989,1.0998627297259003,1.1008056545583669,1
27.528275332673147,1.0997676801380056,1.1007415196152832,1
31.513146897679903,1.0996820865925314,1.1006815134180195,1
33.35277037954101,1.0995951640395587,1.100617365248439,0
35.427113295727835,1.0995077757154597,1.1005568692192573,0
36.93736503779407,1.099423869635269,1.1004946794427548,0
39.288207191016355,1.0993608566411204,1.1004313664557102,0
39.508568271175555,1.0992810514353564,1.1003590355840467,0
38.4482973774382,1.0991996949259497,1.1002863849984312,0
34.47043687209748,1.099096440593046,1.1002074459886397,0
25.214678915738304,1.0989775015473322,1.100132730352062,0
25.67011772110962,1.09887367611579,1.1000593716082803,0
31.82090739053079,1.0987651449907039,1.099979295127782,0
39.68138941613455,1.0986830706493613,1.0999044205184871,0
35.60048440216629,1.0985955030780032,1.0998228497346414,0
30.511919100663988,1.0985100242334824,1.0997440776418028,1
23.488926080574444,1.0983769607938385,1.0996578827232002,1
31.502111651097522,1.098268467823393,1.0995889274257205,0
23.0554567455374,1.0981884391139556,1.0995194736011782,0
23.166718819319954,1.098131060446336,1.0994482486922004,0
27.927409814654865,1.0980970054398473,1.0993833156975292,0
28.93425185644803,1.0980351101725185,1.099309589538177,0
28.355562868895063,1.0979506992606152,1.0992363002088905,1
30.30843559250185,1.0978473314922517,1.0991499283681905,1
30.92866473451403,1.0977255117592,1.099061887480959,1
33.90445189662579,1.097618260368904,1.0989752460224023,1
37.621082282969404,1.0975086804522893,1.0988930977107743,0
49.1044958465914,1.0974621606887127,1.0988294879157348,0
44.764716407992516,1.097395473655817,1.0987510747119316,0
47.50542042631726,1.097365023277682,1.0986734603910475,0
50.599945413038995,1.0973303386204685,1.0986029846608762,1
43.49690241094082,1.0972875516542806,1.0985322230048356,1
42.51287188047186,1.0972337565837857,1.098459272397848,1
41.272776683859895,1.0971654017179353,1.098379332149201,1
41.66017554338986,1.097136228024566,1.0983023391835267,0
48.82066274440597,1.0971225424037683,1.0982350304467015,0
53.14315269764092,1.0971316664226778,1.0981708486568287,0
62.32278496132587,1.097140607243248,1.0981178481661347,0
56.19257844064128,1.0971314145204318,1.0980605816671896,0
50.18184745683435,1.0971095945124314,1.0979974140564273,0
41.59752340551555,1.0970312708835217,1.0979165538259514,0
29.763711137964847,1.096961089734513,1.0978378201212076,0
35.757857788285946,1.0969102178701156,1.0977574897212528,0
33.17003649664885,1.0968773321892602,1.0976879878861456,1
35.51237148777156,1.096847704707796,1.0976227501304836,0
33.255365866664675,1.0967904368994215,1.0975510229696366,1
38.895586726003614,1.0967341212801642,1.0974740655792075,0
42.89813889055698,1.0966428201439182,1.0974001947677163,0
38.189252916415356,1.096596256308707,1.097343929742755,0
28.311399354724756,1.0965121700069953,1.0972883014781691,0
29.91642957019343,1.0964411130267542,1.097234337981218,0
19.673896031796474,1.0963610357951477,1.0971695652676925,0
21.565603444364754,1.0962842952966765,1.0971001558795062,0
28.10243225664952,1.096229201816747,1.0970329472600766,0
35.87702149862632,1.0961502068683926,1.0969593116446996,0
35.26151161096155,1.096045804360436,1.0968838043367684,1
34.106513686015475,1.095941148010144,1.096802965204438,1
28.28690746309445,1.0957932533938357,1.0967227289495265,1
34.729549012554656,1.0956853007229455,1.096654823985988,0
38.94431347937806,1.0955942293687329,1.096596529566702,1
40.8228423028738,1.095552605779667,1.0965465955188853,0
37.43742274446606,1.0955135754333967,1.0964937798482501,0
31.099231932801402,1.0954642659693994,1.096437138112731,0
34.914303566470835,1.0954019508249337,1.0963755399563746,0
38.678236388504686,1.0953505381607775,1.0963247641635931,0
40.67057512258537,1.0953096498817274,1.0962708732289346,0
46.377125004776325,1.0952663832130245,1.0962298345468817,0
41.43215135254771,1.0952137853455826,1.0961783217765924,0
33.691979438636366,1.0951205522144205,1.0961167749829408,0
34.554513946109736,1.0950471558049055,1.0960547396215972,0
31.169568744116987,1.094951400409293,1.0959760959689964,0
35.866496633487074,1.0948739700331347,1.095905109211939,1
24.982268879372867,1.0947846433897293,1.0958337335311519,1
31.513387994990282,1.0947011908993551,1.095774491022918,1
23.8668475031629,1.094615005866982,1.0957151092878123,1
24.695936106812184,1.094538929994384,1.0956520721869603,0
30.819654717800645,1.0944725984065102,1.0955885323861263,0
39.51553697489565,1.094443698452376,1.095515344054992,0
33.865846213383634,1.094397243006027,1.095455531726072,0
33.647545489847644,1.094342298815477,1.09538743978182,0
24.08242958246477,1.0942439668315216,1.0953120468033068,0
23.418693188273608,1.0941432420765171,1.0952360560171448,0
26.713829511038483,1.094041112777639,1.0951600805902724,0
29.224431780366174,1.0939520521423556,1.0950902001261427,1
32.13992563699257,1.0938446716948793,1.0950081416317186,1
37.06392122572687,1.0937582517093438,1.0949251569511647,1
39.600830671129216,1.093652968043253,1.094838355195112,1
31.911422915620193,1.0935525655456246,1.0947431050975431,1
41.55595616865093,1.0934995623091424,1.094664034098425,0
44.65623679284127,1.0934602411618863,1.094594998281379,0
39.91894216494173,1.0934377060747207,1.094538670045476,0
29.50240768994935,1.0934056332800703,1.0944829266301617,0
27.369188288994934,1.0933819181305044,1.0944224136353073,0
27.11524977024031,1.0933315541556339,1.0943561798094676,1
31.67869147496222,1.0932744412156816,1.0942858038909666,1
41.59815501626475,1.0932313272032321,1.0942284283084844,0
43.94728324473024,1.0931750464846461,1.0941649024679192,0
36.02309237314099,1.0930840605660084,1.094091840223828,1
49.01232908777096,1.093019898668043,1.0940249886698064,1
46.99452383413402,1.0929721042524383,1.0939714134799972,0
43.29739376581369,1.0929298152300675,1.093907527684632,1
41.707116785892346,1.0928911892201434,1.093848117387143,1
35.05510793194743,1.0928634846896617,1.0937917563474664,1
43.275440038542264,1.0928597431787843,1.0937424166709575,1
39.436482624894104,1.0928445571842502,1.0936858817580617,1
46.23382590169278,1.0928336928059257,1.0936403123293608,0
54.30189259694175,1.0928530154730751,1.0936031021802846,0
55.24846916817757,1.0928637639431509,1.093571309317269,0
56.415921899652936,1.0928525898972958,1.0935309497681651,1
49.247449290548175,1.092820743834521,1.0934856040676941,1
49.318726900732386,1.092786746417755,1.093432326300711,0
54.99058427006266,1.092761229318003,1.0933819881840043,0
50.15124915585403,1.0927551054391729,1.0933387494232167,0
53.61636432268178,1.0927780935112026,1.093306636883975,0
57.00601586993488,1.0927979752452495,1.0932647787247554,0
49.72703053925913,1.092777012115752,1.0932153732020944,1
49.16779274888334,1.0927590586386347,1.0931619726381634,1
42.30146958279407,1.0927657548205079,1.093112628013798,1
48.69163963823902,1.0927496697283001,1.093076635675358,1
41.30919920505983,1.0927238850595125,1.09304210518184,1
31.5465484057044,1.0927210758232275,1.093015397850206,1
45.99876234483733,1.0927476259929767,1.0929975797710798,1
49.85568208634264,1.0927782388795175,1.0929891945433816,1
53.99150839788776,1.0927776823582842,1.0929730132545292,1
52.05849140055348,1.0927862445566683,1.0929543772339363,1
51.234712126537666,1.0927776183588969,1.0929357876751657,1
56.304428702725495,1.092772550964148,1.0929230832033396,1
49.47930115533547,1.0927741638733326,1.0929034954856516,1
54.12107396685284,1.0927796425716323,1.0928839095944074,1
66.92223056732287,1.0927934312050784,1.0928660570235347,1
72.05723611813869,1.0928267565060028,1.0928654421705033,1
77.21783298099709,1.092890028215363,1.0928807026395426,0
77.71478251959233,1.0929501643704937,1.0929023700603586,0
80.74739362052772,1.0929951893671157,1.0929238917738793,0
80.55692038284349,1.093051987547205,1.0929477050656855,0
57.85981344419351,1.0931025310014253,1.092953084918927,1
59.37249872672989,1.0931645703902995,1.0929666135769818,0
62.16654902675734,1.093224219212464,1.0929812894805335,0
66.98683231980851,1.0932865519000727,1.0929914315117302,0
63.48299389280824,1.0933431127534834,1.0929952538184786,1
54.23527934894366,1.0933920354722142,1.0929971296092034,1
52.91151973356903,1.0934120611447722,1.0930001509169605,1
57.6690499713376,1.0934416851495568,1.0930131013510025,1
58.25290611418235,1.0934712282831676,1.0930288829055426,1
61.915571438779544,1.0935395142888662,1.0930604064632101,0
55.901915934254475,1.0936168110162154,1.0930899812003592,0
47.22435525662777,1.0936504214042373,1.093113233171176,0
46.235244035485934,1.093684853108503,1.0931438125026496,0
43.36043125252374,1.0937098066011044,1.093159872767632,1
44.11053179088062,1.0937090790602226,1.0931608469466483,1
48.14560561604676,1.0937158588330806,1.0931798596117088,0
50.52455210974417,1.093703788185251,1.0932057422255859,0
50.93938172011759,1.0936929564514482,1.0932341587650733,0
54.6478197239723,1.0936833641789934,1.0932533401739628,0
50.440952500852454,1.0936524899005102,1.0932708781521896,0
50.1599606001533,1.0936501259667657,1.0932796581832631,0
49.46248982130814,1.093649211481679,1.0932850919804233,0
47.00298309856623,1.093630516199905,1.0932879903832353,0
30.587099978899147,1.0935674192476277,1.093277363251863,1
27.910517386393835,1.0935115876381447,1.0932715913399282,1
30.415321033303897,1.0934593965185362,1.0932661896495157,1
31.470754779251607,1.0934154042242212,1.0932618208794478,1
37.00843673097735,1.093367015364798,1.0932578653212526,1
47.88215887054907,1.0933338719901073,1.0932511942971046,1
40.767706499273594,1.0932733702576636,1.0932505644681756,0
43.59548356661736,1.093224338559756,1.0932689117779608,0
35.07347750144737,1.093171657555036,1.0932782727377366,0
36.96556611296223,1.093128473471932,1.0932888999632193,0
45.28843734129537,1.0931044625911104,1.0933017899127562,0
42.347053584752395,1.093094774013045,1.0933092025280613,0
33.22754488082313,1.0930385503117477,1.0933068494071165,0
34.07319404518617,1.0929605903404198,1.093290927964563,0
40.36707299577982,1.092864709137686,1.0932687468683404,0
45.445970425809215,1.092777648172,1.0932533264994488,0
43.51446277188626,1.0927020993880887,1.0932372200847578,0
39.72198420890592,1.0926209596334968,1.093216994693103,1
33.90600420651715,1.0925180186612329,1.093183279059257,1
36.51008940838517,1.092447625474428,1.0931573750236734,1
35.2059894111667,1.0924154044779824,1.093131668014403,1
27.553212396145938,1.092383901306273,1.0931077793804063,1
31.623443155516313,1.0923528744153939,1.0930766368132723,1
36.838266106259724,1.092339194978283,1.093041487584616,1
30.40916004538829,1.0923033501856207,1.0929991396473033,1
42.689830597815,1.092277673930139,1.092964188122314,1
50.94635475568708,1.0922512735720624,1.0929302788781188,0
54.396505949718815,1.0922045339524349,1.0929097129583645,1
68.70544268404164,1.0922180923869884,1.092899681536412,0
59.796540990477794,1.092208247501978,1.092882511279025,1
61.27829366745174,1.0921836992551242,1.0928606488547765,1
59.164566876774465,1.0921592579739738,1.0928356606162577,1
65.84219025616031,1.092171646681512,1.0928186938908357,1
67.49180330591273,1.0922205623549517,1.092814328448635,1
71.49013965694749,1.0923044499917505,1.0928138528052178,1
74.77684478123783,1.0923953955678938,1.0928229934133393,1
74.32821323964887,1.0924925949187758,1.0928184523367215,0
69.91797638506354,1.0925971608827694,1.0928091346397246,1
65.50220468445337,1.092685833806226,1.0927974440200527,1
67.12443935883903,1.0927882653476981,1.0927987399193513,1
67.66995330036798,1.0928975359097268,1.092806759737852,1
66.25973885130077,1.0930021158835628,1.092824994109742,1
63.5743711646728,1.0931282667932138,1.0928415999973256,0
63.93393004137223,1.093220445330099,1.0928481504425551,0
66.46875793189673,1.0933299607733964,1.0928539413760827,0
71.63081900208225,1.0934171541553153,1.0928577041128427,1
70.96314838072692,1.0935107702498486,1.0928735910178542,0
66.38811216565577,1.0936058390320238,1.0928919981844678,1
53.11747368748302,1.0936416303883632,1.092896649099086,1
47.91047843063064,1.0936943899826397,1.092908060792119,1
53.63860216591485,1.093768187825438,1.0929409562859007,0
55.29904224106721,1.0938600338907356,1.092975039117294,0
68.05781555084873,1.0939492197532992,1.093014623184741,0
52.872791486377515,1.093997384839573,1.0930471206947756,1
50.117602441407065,1.0940201071722264,1.093075089528189,1
49.35033314158569,1.0940151026167564,1.0930954856639992,1
45.70660340056151,1.094024267080905,1.0931188110660182,1
52.17685398098755,1.0940393825331498,1.0931351522290822,1
54.003888612569455,1.0940899166371272,1.0931647476528892,1
61.12525624686935,1.094126228294469,1.093197841848366,0
61.37063295898882,1.0941658795592655,1.093231326525114,0
63.051678715022796,1.0942170069541497,1.093273887286184,0
66.55652944487761,1.0942332403118211,1.093319475997355,0
66.22041174833124,1.094264023345584,1.0933695236446208,0
56.859064872983566,1.0942807106928034,1.0934203419981297,0
54.58452118773717,1.0942948265176864,1.0934645754511174,0
47.13523976078275,1.0942937441732101,1.0935102489319026,0
47.55286517057736,1.0942789165481999,1.093555180950349,0
37.71635672580414,1.0942564927627194,1.0935920387396807,1
37.540895900534196,1.0942229131859238,1.0936181758767174,1
33.62298748349532,1.094176501338779,1.0936453950302194,1
28.947454752603292,1.0941103050820404,1.0936656006276009,1
23.88637105842139,1.0940327173320252,1.0936865603513937,1
29.902392750524882,1.0939993165506599,1.0937111693237263,1
32.09175378080323,1.0939816555295223,1.0937464116657498,1
39.858527238304866,1.093998015287848,1.0937836222070825,0
45.4242096451966,1.0940090372517255,1.0938219165378835,0
50.51552940004279,1.0940370994895146,1.0938681784439142,0
49.75813916028349,1.0940439511512012,1.0938950911585743,0
48.61155004790218,1.0940248220524904,1.0939244716685712,0
41.14531291453936,1.0939542315720605,1.0939395394518885,1
48.20407905444628,1.0938973364972269,1.0939691186954852,1
59.671743822619334,1.0938785194659684,1.0940022251111374,0
60.126971767939196,1.0938514465676896,1.094021877329716,0
58.60817777211831,1.0938285607498448,1.0940299863013676,0
61.00440055450079,1.0937995279596455,1.094026228407818,0
61.96462369543319,1.0937818529849797,1.0940259521583844,0
59.877225580969366,1.093795750882115,1.0940346169500872,0
50.08427887796755,1.093812867278479,1.0940428521285819,1
45.55922183830348,1.0938461473985277,1.0940413286970492,1
43.048032260803986,1.0938723767502219,1.0940353313664173,1
38.22400133735704,1.0939205296734769,1.0940329661435666,1
42.82404829768074,1.0939753322732098,1.094025386543392,1
44.49022323814555,1.0939988078099965,1.0940225143156852,1
57.39239994689069,1.0940053836956534,1.0940165808346527,1
49.65276363396956,1.0939840983311602,1.0940103998774204,0
45.84956079742515,1.0939715007915398,1.09400620875456,0
52.33131820540716,1.0939476720039765,1.0940049116326949,0
55.557723079648916,1.093938011440436,1.0940136435794034,0
51.91898482161989,1.0939189517050847,1.0940142963575492,1
47.09658418625587,1.0939353003766774,1.0940063844723844,1
45.534884854534404,1.0939473369035644,1.0940040399006166,1
59.19493408974202,1.0939368340193512,1.0939972708175583,1
60.83831028648136,1.0939445217658617,1.0940007321002314,0
72.00918121581532,1.093982516464973,1.0940149500184662,0
75.0118291762918,1.0940473981868282,1.0940391466358466,0
73.90497218048729,1.0941079374804763,1.0940594203182128,0
71.12519397757825,1.0941439379483922,1.0940764391161841,0
55.32954732081908,1.0941677767519755,1.0940739961745212,0
55.55864695917285,1.094182948203762,1.0940640166607662,0
49.63763850022442,1.094197379544687,1.0940479313605858,0
49.498988720232894,1.0942159654626484,1.094032549546966,0
47.66840366770307,1.0942253578921801,1.0940222335755356,0
52.54257640437052,1.094232767582402,1.0940100120104121,0
45.66200111784685,1.0942150400914672,1.0939903125941182,1
37.11769732611084,1.0941864212106085,1.0939670377545891,1
39.58718243835271,1.094150397352335,1.0939488700262097,1
44.803770091949275,1.0941338307091266,1.0939468772970657,1
35.16097323075209,1.094112492432096,1.093956043447154,1
30.483969429893534,1.0941151355969851,1.0939711853219736,1
36.059872319773845,1.094137744630377,1.0939908817890236,0
35.077915143911255,1.0941347102173207,1.0940138019547287,1
47.92417399723528,1.0941366125663168,1.094038828911275,0
45.00696849432845,1.0941175145916742,1.094048011316637,1
51.26937439686405,1.094084891306604,1.094056244329299,1
50.06868598450971,1.0940389599762148,1.0940555245111936,1
52.36553836695892,1.0939961080479699,1.0940542486367104,1
50.016818972081225,1.0939491819783167,1.094041272111705,1
63.48390745505788,1.0939511646379985,1.09403688156924,1
76.56963748374932,1.0939869437653358,1.0940488653459046,0
68.47130469342338,1.094012494404679,1.0940712364936334,0
60.35565875940771,1.0940270931659917,1.094084452214472,0
61.91441162267803,1.0940474746178213,1.0940898156362768,0
63.639370004534335,1.0940844579387226,1.0941032165588254,0
56.422085052300076,1.0941397390493017,1.094114783913901,0
46.715820017252476,1.0941666242229664,1.0941138762599176,1
50.86409510437596,1.0942067474734314,1.0941188278215903,1
56.74117151432482,1.0942325397012231,1.094121592824709,1
46.75164059395412,1.0942336505968138,1.094124356774488,1
44.16557527213267,1.0942207307944243,1.0941210186803323,1
48.77781143953007,1.0942170465561232,1.0941287497113843,1
55.78276078970553,1.094247242673142,1.094144487154595,1
56.412289581964295,1.0942860161798518,1.0941631024739318,1
49.392209130598495,1.0943332553516472,1.0941817903332973,0
53.410496338274974,1.0943687669681472,1.0942015976382964,1
54.25386180104528,1.094400043651851,1.09422190263947,1
57.15835379711073,1.0944437671550946,1.0942431551821326,1
51.26505913479509,1.0944860920012016,1.0942566401105953,1
50.39188195896313,1.0945057243670915,1.0942639667399023,1
65.65736292928977,1.0945092401579655,1.0942849807270567,0
61.27662106706527,1.0945272092024378,1.0943080000239374,0
63.281081970412835,1.094570951642357,1.094333898109989,0
69.52046645107669,1.0946011472870587,1.0943555409433596,0
73.24652282758545,1.0946187251631756,1.094372897917751,0
61.91882658183401,1.0946308600387993,1.0943741213434313,0
55.251921789987975,1.094685600808996,1.094369157308785,0
41.14377848103292,1.0946977755327256,1.0943547630424901,0
39.732065109416126,1.0946912281633472,1.094340508910691,0
33.78264369283961,1.0946892811989521,1.0943329585532784,1
38.363899571346664,1.0947068566149314,1.0943305820448002,1
35.9665916485573,1.0947116581345644,1.0943344611473351,1
33.279923832581915,1.094668788766963,1.0943256164763207,1
42.9582913611386,1.0946318480852042,1.0943256985511414,1
49.26368650623463,1.094635010316851,1.0943426874270772,1
49.59959036179912,1.0946376178330168,1.0943706287349162,1
41.636330830614995,1.094632572522356,1.094400363164169,1
54.60142262814631,1.094652968573811,1.0944441836707228,1
50.32327954592154,1.094666717733889,1.0944697949205002,1
53.43622773922446,1.0946928554857933,1.0944961119613812,1
53.95691803430733,1.0947065334529846,1.0945215398694566,0
63.23660956863933,1.0947410540563154,1.094549323794313,0
66.14623423427355,1.0947602937339413,1.0945841315166371,0
70.51207562304708,1.0947821265862352,1.094613746551327,0
64.45992170792772,1.0947905133483782,1.0946420974204327,0
61.0882121693498,1.09480760897799,1.0946632084119858,0
64.39442870024965,1.0948094902569665,1.0946773694210856,0
60.603426837189936,1.0948342671197948,1.09469002667122,0
47.53554462373781,1.0948578955412391,1.0947039943358599,0
41.201597518613816,1.0948806572037584,1.0947047555795826,0
49.41081023321015,1.0949118372046054,1.0947005394205078,0
32.4620692886523,1.0949248032775045,1.0946993846964652,0
32.62992980239507,1.0949447012392863,1.0946926597056386,0
31.9439588826002,1.0949420670278682,1.09468353551516,0
31.1766327870957,1.0949029971630435,1.0946701031168053,0
16.858308706538807,1.0948370402015337,1.0946495491958088,1
16.630234068965734,1.0947856746689344,1.0946479833425562,1
15.784724441353845,1.0946762368139396,1.0946319794069261,1
29.561947320723547,1.0946122489185572,1.0946216786074339,0
33.56947805395758,1.0945558188338533,1.0946249792561968,0
35.40136826329051,1.0944906959152079,1.09462952591777,0
32.90842876218751,1.094394218265701,1.094620192478144,1
34.23852851519946,1.0942907700159537,1.0946015424537618,0
42.96427291794313,1.0942039931357672,1.094580937333693,0
35.107466168952854,1.0941311016092072,1.0945612359234567,0
36.205299856606054,1.0940600800278444,1.0945397336358647,0
42.601207902235515,1.0940050379112578,1.094519367124848,0
40.33713945821954,1.093940220530906,1.0944886080215446,0
38.22135418418532,1.0938787180043494,1.094461044737119,1
36.74930533637839,1.0938083391581084,1.0944258014959893,1
41.04568958406156,1.093733739018505,1.0943903389647236,1
48.00745309032471,1.0936710859334575,1.0943569353888731,1
31.77234041611416,1.0936158530628242,1.0943106202738255,1
42.03306887937974,1.0935916251039284,1.094279726641908,1
44.50834870555545,1.0935676768187492,1.094249683779035,1
43.088223396069914,1.093554383380874,1.094218958532639,1
48.48583155556436,1.093548966289314,1.0941933295346833,1
47.34025752951689,1.093565227284532,1.0941789601076486,1
49.533175661771104,1.0935617415473944,1.0941698839610527,0
48.52357668174582,1.0935440100685057,1.0941668708040184,0
50.42312040265638,1.0935390345253255,1.0941623970819276,0
52.1004215508308,1.0935413101243465,1.094152053274057,0
56.340738060024506,1.0935534993607559,1.0941554266912792,0
57.32842462303171,1.0935279225692314,1.094139367127304,0
50.53405169539004,1.093496220087691,1.0941057198317927,0
56.82065696125891,1.0934936073147248,1.0940821294285479,0
56.853086538707444,1.0934786129755651,1.0940577833061318,0
45.108244201319245,1.0934636189459117,1.094012868170385,0
42.673064809536136,1.0934470535850842,1.093973179077597,0
41.94264650705463,1.0934435530188018,1.0939260805091926,0
29.86741249757476,1.0933923223474133,1.093864654522495,0
26.872830043712142,1.0933331509133422,1.0937937741316837,1
25.20786804731509,1.0932876192082928,1.093721550463566,1
26.06399065376482,1.093212818902495,1.093652003568412,1
22.593157062591615,1.0931345401710622,1.0935872945081084,1
23.476573348371033,1.0930724492062713,1.0935248946239513,1
26.744658029070195,1.093012849802232,1.0934746733527896,1
31.718944290393324,1.092944422982156,1.0934230224525932,1
31.2437232053653,1.0928614662236416,1.0933713122340136,1
15.178643270334035,1.0927806789169234,1.0933268794892843,1
23.042443020805806,1.0927018243757451,1.0932783919503835,1
37.39979758359119,1.0926480766120983,1.0932413626078945,0
36.62682118454116,1.0925765675705892,1.0932081732238002,0
43.30448250847588,1.0925351167026955,1.0931765869972352,0
63.33384545173589,1.0925052492983758,1.0931466206859257,0
55.90258224841437,1.092434660897488,1.0931211777069294,0
55.104506422215835,1.0923758847659393,1.0930938673449337,0
45.11053310952898,1.0923041811009928,1.0930640458852061,0
37.32944230598938,1.0922126611015668,1.093013343950801,0
39.412325822925354,1.092144864390298,1.0929616987317707,0
30.940438306493803,1.0921044337695525,1.092910149664233,0
33.120036104009216,1.0920704961508991,1.0928642852857628,0
35.27290948968954,1.0920342522162294,1.0928189433436764,0
32.62212187760785,1.0919841498568577,1.0927640662568483,0
27.97505184573093,1.0919355418613859,1.09270907060898,0
12.024481841302531,1.091867791733276,1.0926479793061241,0
25.992565105809263,1.091805563568463,1.0925948836156716,0
21.961055484447883,1.0917258525412659,1.0925372752567373,0
19.01321463237184,1.0916518159736603,1.0924805514217382,0
18.922935400956106,1.091566362214508,1.092430088711844,1
22.971041479835918,1.0914807745715591,1.0923772061716053,1
25.60777182479299,1.0913690350548633,1.0923205422564568,0
29.317570696514423,1.0912589376934605,1.0922654070760547,0
33.08875053909034,1.0911601543484282,1.092203998695035,0
34.76295297271092,1.0910567371006417,1.0921422447986826,0
37.022198740470785,1.0909759581896454,1.0920898076304382,0
33.46988628287973,1.090880153132093,1.0920263420820453,0
32.1002557320256,1.090785260928242,1.0919520593426904,1
32.929413704562094,1.0907185125983776,1.0918760523711943,0
36.059901653875876,1.0906414803770625,1.0918006868551933,1
30.53774816785281,1.090579602796954,1.0917263769728844,1
35.681100230127015,1.0905134923839415,1.091653158189601,1
38.340854639546826,1.0904507265256724,1.0915778342096427,0
35.61269839541407,1.0903782559301842,1.0915041996012294,1
44.560002600980276,1.0903347907033196,1.0914444988552312,0
45.35955861967958,1.090307358366255,1.0913734797267363,0
51.85065422762572,1.0902695252483752,1.0913112485247956,0
42.94368522004511,1.0902394903106152,1.0912476238026185,0
44.57257355499018,1.0902170123004529,1.0911885349078856,0
36.34934842972941,1.0901906256926586,1.0911289177813868,0
42.784223879728984,1.0901624637848375,1.091085262746575,0
47.78906214211734,1.0901339337363198,1.0910408553856479,0
47.33076753247595,1.0901136215461558,1.0909958080111999,1
52.926081009362306,1.0900909809432677,1.090955263511344,1
43.332326088289655,1.0900494107768364,1.0909081930409925,1
40.83201798758526,1.0899898235677565,1.090856757375032,1
42.22296316222963,1.089951816111941,1.090801928605929,1
59.159429000531546,1.0899663542324025,1.0907608318427888,1
50.13807038484093,1.0899772129984133,1.090722351081103,1
53.954275037714254,1.0900017215015256,1.0906891038890343,0
49.875834604594004,1.0900152289125031,1.0906517387875878,0
63.25019391395778,1.090059068634192,1.0906175549984385,0
52.95715001931968,1.0900736239007878,1.0905766567417223,0
59.867740667486075,1.0901139492210028,1.090535732608552,0
50.084257724032526,1.0901015648266201,1.090483025066529,0
42.36421561095647,1.0900540454884549,1.090421233563123,1
43.451529102786104,1.0900005242765314,1.0903611043290324,1
41.13992498508692,1.0899616369066032,1.0903106061248629,1
44.20644584403133,1.0899138568340758,1.0902690132008892,1
46.31295785826472,1.0898840265216507,1.0902245826339279,1
55.908075266005966,1.0898938896831627,1.090201045112019,0
47.641099793222885,1.0899052198288701,1.0901747448568364,0
50.14227881897325,1.089923763982437,1.0901516127176831,1
45.501542060993486,1.089922098053258,1.0901304427899041,1
47.04757542362533,1.0899433487173726,1.0901113157833873,1
37.42380689204794,1.089971293252321,1.09009815798265,1
42.18139730982293,1.089986220145812,1.0900741912368686,1
50.327135831193445,1.0899969571951675,1.0900692737043494,1
62.225019776066546,1.090027423253991,1.0900725939932352,0
79.32946834067354,1.0900510734707567,1.0900829883915337,1
62.79564326573677,1.0900417650805307,1.0900761349911763,1
60.40405098551721,1.0899979078680349,1.090069104123707,1
69.2355211550285,1.0900208043940096,1.090081403421942,1
68.62829409971852,1.0900388216793147,1.090087199540907,0
63.496611114642356,1.0900977703887038,1.090099438381754,0
68.6555871206422,1.0902159468076806,1.0901172290103371,0
67.95835249434732,1.0903329457545983,1.0901422213780345,0
66.97360832350512,1.0904352249100957,1.0901705917176043,0
55.76527497533117,1.0905052469346825,1.0901837069354112,0
58.50978063645756,1.090587124318749,1.0902028402106025,0
57.056242755423796,1.0906103058712622,1.0902133263417424,0
52.23397484132293,1.0906400023076244,1.0902253488263094,0
43.96883109756229,1.0906432995734736,1.0902286419368035,1
42.665805224559286,1.0906523587485102,1.0902400839172344,0
50.64716554254703,1.0906574952207446,1.0902403975903572,0
53.17696170324282,1.0906702341018204,1.0902433082768763,0
36.09416799123986,1.0906724084273272,1.0902353445084494,0
43.254323645862165,1.0906652529390821,1.0902395787557362,0
35.45643473631425,1.0906314862546185,1.0902383835749014,0
22.28294500289614,1.0905705513285366,1.090234958645885,1
20.586285507363314,1.090542544230195,1.0902281671693193,1
22.469088523266876,1.0905204678998373,1.0902237177891139,1
30.485042613524854,1.0904602549975113,1.090220056802484,1
35.68835767275999,1.09042393400624,1.0902203807660957,0
38.12241546134074,1.0903675180188368,1.0902266812785542,0
36.28689566814956,1.090287678601039,1.09023637102365,0
36.92983310680252,1.0901880069587846,1.0902366977167721,1
43.899063810458685,1.0901132709435517,1.090229358402064,0
44.839645998938984,1.0900778292492568,1.0902239534357483,0
41.15539314767177,1.0900258246909231,1.0902124814863616,0
37.879570237743046,1.08995747135223,1.090190223317633,0
39.39125196652647,1.0899081419396843,1.0901649781485063,0
37.090884618033556,1.0898591446327657,1.0901428502295945,0
41.224991789411746,1.0898052567188135,1.0901166069163586,0
43.78891039953446,1.089756238186704,1.0901022669343907,0
38.90758444766544,1.0896852423819494,1.0900957870342742,0
33.4577640693212,1.0896085662633312,1.0900785613031694,0
21.230361261835014,1.0894820772667415,1.0900477548997916,1
25.739233627696564,1.089375356646216,1.0900229834997577,0
24.96427641612253,1.0892855752739268,1.0899955781467954,1
40.45358832917672,1.0892413383043238,1.0899671466177836,0
34.93144531969536,1.089181670379101,1.0899342980092064,0
32.312527258980154,1.0891057718470292,1.089892859948321,0
32.03647068313431,1.0890009604343478,1.0898519257185317,0
37.08699717626923,1.0889033427740447,1.089810678901223,0
29.55459453795909,1.0888004663580253,1.0897680402659318,0
35.324705214309006,1.088723322690934,1.089731538734821,0
34.35789274457129,1.0886191918954502,1.089678252282177,0
29.679584733808667,1.088491572588228,1.089609613169443,0
28.547692842319705,1.088343280475824,1.0895293642883885,0
27.285039747632823,1.088190204871303,1.089449599233942,1
30.225670623982325,1.088007692048564,1.089368891820718,1
26.1232535229678,1.087839079720606,1.0892701603602333,0
25.968574196363832,1.0876698650073762,1.0891690242475833,0
16.292141453768195,1.0875139262134381,1.0890687292642844,0
25.364440392877057,1.0873943562415735,1.0889671508078314,0
26.552013183794358,1.087292166871571,1.0888622497499585,0
24.181085861823362,1.087194927898611,1.0887516360951977,0
21.898876038710128,1.087078373394737,1.0886522340837792,0
21.69914378841422,1.0869609993636247,1.0885451281647456,0
17.335774382137117,1.0867898592566911,1.088438967971955,0
17.684178538178273,1.0866231686921837,1.0883275645630301,0
18.656178935540268,1.0864604979495918,1.0882197392987683,0
20.881365163525786,1.0863005099773155,1.0881111862100539,1
24.117282604936676,1.0861273418687303,1.087998617560417,0
26.965239007786565,1.0859643516478559,1.0878856872843459,0
30.40974343983902,1.0857975819745103,1.0877816081536942,0
29.583517625718798,1.0856318314507067,1.0876648836868268,0
29.772538514480416,1.0855058707825702,1.0875593669806238,0
18.294905438638352,1.0853921824009973,1.0874580167173726,0
16.224873765346814,1.085287580622736,1.0873476137909583,0
22.3709615720376,1.0851964615508374,1.087239289281118,0
21.81985134929009,1.0850975960616085,1.087125096785872,0
25.679831305952774,1.0850130214998532,1.0870046592450286,0
21.828226354763416,1.0848737408221236,1.086871218385599,1
31.883868632062786,1.084736926530372,1.0867468499795647,0
37.27532693142045,1.0846152186845528,1.0866331344402658,0
34.19324997650412,1.0844979125071939,1.0865054927206546,0
32.17912866027535,1.0843669252495984,1.0863678724839159,0
38.4712681375714,1.084270019301473,1.0862428060089655,0
35.34302986561346,1.084171909679229,1.086124743302755,0
35.51108657699376,1.0840717530678128,1.0859930090142818,0
25.997728270090192,1.0839474076184203,1.0858550444930302,0
26.99251995450841,1.083823598620182,1.0857185229706012,0
29.48474636066159,1.0837059069442037,1.085578485063417,0
31.018348656923663,1.0835958228270473,1.085449919462385,0
29.888712557519128,1.0834593470027296,1.0853219204494535,0
25.930531449366924,1.083313726552836,1.0851975434012646,1
32.22108738604632,1.083155804562574,1.085071546147167,1
30.45846357746987,1.083027684457908,1.0849548603909651,1
24.444531038551872,1.0829002640771823,1.0848111841001018,0
32.176365476783204,1.082783354736681,1.08467996302415,0
35.79019229929304,1.082679269645818,1.0845544959053877,0
32.98587655332945,1.0825867422629796,1.0844389719764813,0
34.729197172384886,1.0825292166037352,1.0843215679174754,0
30.632795340739747,1.0824129699366063,1.084191851410997,0
35.942094377223796,1.082284359357622,1.0840575491069406,0
42.18048896705461,1.082194158084155,1.0839354791961364,0
40.11068238852525,1.0821127322772595,1.0838163363595286,0
35.70070094650309,1.082000403007269,1.0837056550215434,0
39.33224040845172,1.0818964924332777,1.083607258327545,0
35.28438111277761,1.0817616019238194,1.0834945729643837,1
40.68567008916143,1.0816857724094047,1.0833937215685496,1
34.04596810841494,1.081601683932876,1.0832912505408012,1
40.502353172337756,1.0815285972820565,1.0831843534908643,1
35.05465276211362,1.0814434777177433,1.083069568052853,1
40.8483892219158,1.0813982086156986,1.0829643371471045,0
37.72593626732604,1.0813818346573736,1.0828723061047696,0
37.25361624779483,1.0813551723954542,1.082782265747454,0
42.517661806558344,1.0813000064560785,1.0826904632279468,0
46.81612757747221,1.0812803755624905,1.0826073906224216,0
35.72028161021814,1.0812164203380485,1.082517263682496,1
41.48587394460276,1.0811615903422884,1.0824349328624663,1
39.292443982098206,1.0810738975951693,1.082348327023623,1
45.00274267477046,1.0810060424084016,1.082273048133344,0
56.82560748354165,1.0809784408835366,1.0821974871052693,0
52.70382894808657,1.0809627807259239,1.0821236286075062,0
57.87296939622331,1.0809324482432385,1.0820557259131491,0
46.9031715575626,1.0808892362944122,1.0819696825642655,1
43.86797943328761,1.0808389328826689,1.0818843552142121,1
40.980288257355824,1.0808013573135429,1.0818127690038675,0
39.71154856692395,1.080809774289875,1.0817398980599988,0
46.37645484803143,1.0808108359011555,1.0816790175043685,0
51.8165196119628,1.0808314672660797,1.081618628847292,0
44.288850146504195,1.0808300120711567,1.0815668619904775,0
48.7550268246594,1.0808179164312097,1.081501964013188,1
46.01120690566444,1.0807885002662754,1.0814336497797934,0
41.088313573562495,1.0807182825985147,1.0813604541412978,1
43.195059496551416,1.080676690423111,1.081306171816859,1
44.516300167428795,1.080655127175141,1.0812445063774139,1
47.07493467206188,1.0806400016856057,1.081194627424972,1
41.50549873361112,1.0806292687565175,1.0811402699579777,1
52.18203093524578,1.0806275159485308,1.0811069761945107,1
62.28875443741635,1.0806757212954827,1.081089176093743,0
55.41146136036379,1.0806853292121748,1.0810648170405321,1
57.07030285161646,1.0807040886626502,1.0810407934395103,0
53.71037334823441,1.0807132029057782,1.0810251709687255,1
47.44392208660118,1.080697920808975,1.0810094036156048,1
52.00276654825624,1.080716317628177,1.0809938877905065,0
57.16166008904619,1.0807601294329023,1.0809773332042099,0
54.779960031918854,1.0807848384992735,1.0809665987727037,0
66.64269114184555,1.0808245364761881,1.0809563707558019,0
55.60699319013932,1.0808215181534213,1.0809359169074098,0
49.256492411952706,1.0807900293700121,1.0808999436901048,1
45.58871447073852,1.0807750900758974,1.0808652113793424,1
51.01620533550665,1.0807724725230181,1.0808457650477528,1
43.516326974123885,1.0807575626069545,1.0808229310795268,1
36.581328388740445,1.0807895072684206,1.0807985938150042,1
44.17912199826265,1.0808043137163152,1.0807828043924814,1
44.624226788132084,1.0808253660492286,1.080774491594198,1
44.119096676070995,1.080826165816656,1.0807664967783233,1
54.24161180168008,1.080859713347215,1.0807795145273362,1
49.573977336038354,1.0808679076458232,1.0807798302890779,1
55.05265105957027,1.0808734367411172,1.0807978772170397,1
54.03544857438563,1.0808865908251903,1.0808080144577858,1
57.52270064877405,1.0809197533437815,1.0808313036899257,1
66.57944238225097,1.0809534225324091,1.08084725653541,1
67.32627454225238,1.0809896255654166,1.0808525199788221,1
70.7183488604633,1.0810389565291036,1.0808674014439663,1
70.96438862378822,1.081077671965544,1.080888399407996,1
77.21082213551519,1.0811381711617503,1.0809097170124078,1
77.96538694070347,1.0811995394489307,1.0809496184001546,1
77.62026888654822,1.0812909785205251,1.0809876721787044,0
72.21273051249385,1.0813959553216441,1.0810287667806948,0
75.00265513840154,1.0815135188624942,1.0810682019609796,0
73.77989573577833,1.0816307129567868,1.081106673877053,0
77.83483380073815,1.0817689435206848,1.0811453961974309,0
60.975639133348565,1.0818627242094363,1.0811707042014833,1
66.43167924326056,1.08195524620923,1.0812092083584084,1
55.9708766647291,1.082025317335582,1.0812490453753631,1
61.70377827559089,1.0821220351530223,1.0812947679141152,1
71.01562581608863,1.0822190605766608,1.0813432290420506,1
67.91571782981458,1.0823263686210332,1.0813860433770288,1
68.97567414813284,1.0824101640349542,1.0814293559245893,1
60.35883266372474,1.082491171022634,1.0814724780383767,1
61.74086805613852,1.0825649473992296,1.0815301160771336,1
66.56624090858745,1.0826680710128953,1.0815990848340578,1
70.63743580916062,1.0827977209925628,1.0816842953364414,1
71.97193232719383,1.0829307058355013,1.0817690076089226,0
69.06388345867815,1.0830532649346343,1.0818476545117934,0
63.694494599167406,1.0831511004687977,1.0819141565256847,1
75.16240484070673,1.083231192035414,1.0819903877117132,0
75.13764740351519,1.0833127383842938,1.0820617611530097,0
76.69054177164706,1.083397258545627,1.0821173816807528,1
74.26481183534163,1.0834752095291509,1.0821841540877701,1
73.48134393943265,1.083557745022294,1.0822481364209107,1
66.33900242792072,1.0836150180465287,1.0823061222537311,1
66.4366828600449,1.083712378924632,1.082376487447746,1
75.0556641430958,1.0838159880006177,1.0824490765073846,0
71.2861567130004,1.0839317479037445,1.0825176927637,0
68.53957567404204,1.0840399978838628,1.082596831667951,0
58.552781590632534,1.0841206404968604,1.0826616706503192,0
53.06039435713224,1.0842047045000018,1.0827393179156612,0
49.54429298944982,1.0842639196426473,1.0828189120336433,0
47.87160915325698,1.0843214001777124,1.0828910020791027,0
44.630933000533126,1.0843450678999136,1.0829591542278916,0
38.3244438466334,1.0843247341630846,1.0830259534565099,0
37.76969450666159,1.0842902867863164,1.0830846071435998,0
33.74159083746383,1.0842287711013592,1.08313879056294,0
36.98381859201471,1.0841883499566767,1.0831928480747728,0
39.44640268366099,1.0841550681299073,1.0832457174509853,0
31.084143139335097,1.0840973880463054,1.0832854575913493,1
32.73948929616529,1.084050284864825,1.0833347120406105,1
29.542157799754406,1.0839965351315595,1.0833666210369295,1
22.059046591364506,1.0839338380690315,1.0834030529853067,1
28.037272413986955,1.0838732432118767,1.0834295323681487,1
26.114964094545215,1.0838306171126273,1.0834570000858184,1
37.28973404373308,1.083796621811329,1.0834992859461108,1
44.95847531885256,1.0837568586335438,1.0835362373491606,1
43.87558541421803,1.0837016037722993,1.0835672654864021,1
59.022466941085234,1.0836617376221156,1.083606258252097,1
62.88055359117241,1.0836430475307846,1.0836390738830608,1
63.28525250625093,1.0836151280797222,1.08366897773934,1
63.728210302039926,1.0836192217206015,1.0837082185932263,1
66.55646005247917,1.0836437683460434,1.083743101872522,1
79.40981026945619,1.0836837673568853,1.0837803759879312,1
82.03589109876961,1.0837752800304599,1.0838284880604199,0
86.62791045918536,1.0838708858198918,1.0838878717877818,0
84.44894903124283,1.0839649374505742,1.0839426670594776,0
83.93421277937252,1.0840481804416418,1.0840019933171965,0
85.22639090399053,1.0841523135573234,1.0840578288127056,0
72.37973734962206,1.084257633048154,1.0841008865799464,0
60.17377762544554,1.084316368182915,1.0841307118653634,0
61.4974065224543,1.0843788529406209,1.0841540965991963,0
46.03150498145159,1.0844177096603473,1.084173668440392,0
43.55900477674846,1.0844434958622569,1.0841809517533596,0
46.33998608037863,1.0844738254033324,1.0841793018419934,0
38.859797649358704,1.0844743810182416,1.0841699499563826,0
33.66542049697692,1.0844463491873484,1.0841424946898996,1
32.01765654397967,1.0844322770575763,1.0841188703355789,1
22.508789699997536,1.0843984646474636,1.0841052039235635,1
20.063699339952578,1.0843363126338228,1.0840811221224245,1
25.363976366526742,1.0842886742095563,1.0840593520694448,1
29.02796238746423,1.084238836497,1.0840448497737756,1
28.43923648684742,1.0841995682967869,1.0840328453795767,1
37.8159131405137,1.084172588876903,1.0840263135297745,1
52.79363483714556,1.0841412569059097,1.0840389836041724,1
53.67273598430097,1.084108710375611,1.0840464043681737,0
61.18501998715432,1.084082573832424,1.0840493013922001,0
61.22663042574021,1.084048442035058,1.084048670969722,1
59.58761598132584,1.0839982671513293,1.0840411365196922,1
68.80230511977759,1.0839936833783885,1.0840501037325576,0
69.25621112821678,1.0839984077265605,1.0840481931559867,1
64.57445883441196,1.0839990230587095,1.084048137965621,1
65.9045037995264,1.084044804949292,1.0840630303490237,1
77.14461130841244,1.0841122598576907,1.0840878285364703,1
73.42616622934756,1.0841667302959455,1.0841161002951376,1
73.50432595431107,1.0842473779971702,1.0841527864407239,1
72.15106835223673,1.084354546334684,1.0841928047832294,1
72.79006347372936,1.0844831787339069,1.084236801846471,1
67.08880455804047,1.0845999906247683,1.0842831729215079,1
72.41477059612015,1.0847576115989155,1.0843452115434684,1
77.64532359275043,1.0849425592657453,1.084416261829813,1
81.02150961786364,1.0851242188268448,1.0844959232518896,1
81.08766143735423,1.0852923070338991,1.0845762329655235,1
79.88782915259499,1.0854529547425085,1.0846581981420271,1
86.5238144784139,1.0855750930293748,1.0847367739708713,1
94.53206081066674,1.0857383922125536,1.0848231125286634,1
93.99218092058356,1.0859027488875963,1.0849076574938212,1
91.19874319922225,1.0860692581393345,1.0849957327165358,1
87.5618539212121,1.086223202403326,1.0850657224321765,1
87.81160897968238,1.086370611869857,1.0851411294681867,0
88.3196463779814,1.0865512043648398,1.0852226236700337,0
83.02941575906917,1.0867372522893335,1.0852953501931137,1
83.73237616805552,1.0869112892699566,1.085370038718589,1
72.38374178889572,1.087047397363453,1.0854332805390974,1
65.69434338605697,1.0871917269902773,1.0854826790790646,0
65.19564625453998,1.0873300319323664,1.0855364448857139,0
70.14628211945336,1.0874888285839615,1.0856023612365844,0
63.68404613786677,1.0876135588343805,1.0856629532035664,0
59.07557582250125,1.08771799615146,1.0857094459591625,1
45.53647312495521,1.0877936175674177,1.085759605351174,1
39.78235102964412,1.0878095602772133,1.0858135386675323,1
46.6273089542538,1.0878365813600497,1.085879014619661,1
55.27850131958821,1.0878860921098241,1.0859635859453143,1
52.66213091863745,1.0879295694034898,1.0860526275585203,1
53.89148266512616,1.0879968453342135,1.0861459819432238,0
56.376397563139456,1.0880303111250633,1.086245484571392,0
53.9911461981539,1.0880596491756322,1.0863529774891345,0
59.45535761286838,1.0880880856617186,1.086458056158193,0
57.24473296733028,1.0881244016180094,1.086556097220395,0
48.833661071648486,1.0881210422480818,1.0866550213138901,1
42.35249663857035,1.0881086388884156,1.0867506095415775,0
45.25417785080331,1.0881030908356675,1.086841051928581,0
54.99409834203925,1.0881000764236037,1.0869302419693156,0
60.7249340169504,1.08812109320351,1.0870126822697401,0
69.46777358825726,1.0881368948692665,1.0870809342644072,0
56.28705957414433,1.0881328372942916,1.0871460956531858,0
45.896128888303416,1.0881042520707254,1.087211032531905,0
49.30770282356195,1.0880983026876627,1.0872828974646085,0
31.252679693922673,1.088094378509166,1.087347890502297,0
30.76140598698504,1.088105197856388,1.0874042111423738,0
33.63085899585178,1.0881395613753877,1.0874700001270632,0
31.788367809994938,1.0881431040622669,1.087536647021084,0
30.58100835363561,1.088114599315147,1.0875915036916564,0
41.15892122312634,1.0880847504820894,1.08764162380828,1
32.08839857650287,1.088019580909572,1.0876871221886746,1
35.58476621460467,1.0879576508170747,1.087729593699354,1
24.668450651122697,1.0878837170836884,1.0877646457887364,1
33.48080155119003,1.087830721719983,1.0877970733526232,1
48.86675578066404,1.0878174496373292,1.0878430808254194,0
48.915553861790116,1.0878144832259946,1.087877769964722,1
51.078466842556516,1.0878155661111415,1.0878998122797359,0
44.36042537121052,1.0878063528763682,1.0879139055483902,0
54.420277832990365,1.0878015735433408,1.0879339485730926,0
48.33832857170214,1.0877764124817304,1.087942065365429,0
49.38447460538184,1.0877609007770204,1.0879552573634654,0
48.76644102667965,1.0877453621332567,1.0879488836214672,0
50.31445145929964,1.0877256364221046,1.0879401875457082,0
45.36609101541899,1.0876793717733626,1.08792694291822,1
53.08138018841081,1.0876625924665508,1.0879236465275868,0
48.39185314905843,1.0876319463481168,1.0879087449336775,0
54.0771491499674,1.0876060840492998,1.0878919520008474,0
48.41789749905354,1.0875858312518134,1.0878760786060762,1
35.40027313207217,1.0875726792133236,1.0878560596690032,1
39.85820213013768,1.0875582843507132,1.0878459786031842,1
33.068406701069975,1.0875494634333025,1.0878302167658844,1
37.455389662194165,1.0875385491668659,1.087813000593154,1
40.79069895530568,1.0875640202344996,1.0877947224489517,0
43.077481205808496,1.0875618770749507,1.0877764006488513,1
47.27169931737382,1.0875422436513695,1.0877727798253831,0
59.29027711297539,1.0875579930443164,1.0877835201554813,0
55.88785063289837,1.0875534869944923,1.0877973829666474,1
53.74116023835099,1.0875380562541648,1.0877944955060364,1
51.45266459515792,1.087511540614733,1.0877841279750562,0
52.90918183282905,1.0874957927385964,1.0877685546994718,1
58.27912900789704,1.0875008651093705,1.087756865273528,0
60.1930224382813,1.0875195544277554,1.087744580942544,0
56.721475401473384,1.0875293155238563,1.0877280540849978,1
51.1919241819384,1.0875373346064192,1.0877066424961002,1
58.14904269940237,1.087549367006305,1.087693632682905,0
55.06239282642463,1.0875653863518964,1.0876864825752035,1
49.55368955731615,1.0875737836655894,1.087678009911717,1
56.60622199202802,1.0876016794908832,1.0876755140681622,1
49.86909670072911,1.0876240285264749,1.0876656405101517,1
42.25502030238562,1.0876434722910244,1.08765493023819,1
45.862894531542594,1.0876740948995016,1.0876450967779787,1
57.93399510444606,1.0877118118689484,1.0876445904230165,0
59.301743976235485,1.0877354349849626,1.0876471956146465,0
61.57063815493782,1.0877674278167953,1.087644050700504,1
51.29380255016396,1.0877827982324013,1.0876481477146773,0
48.36351800291475,1.0877701204983323,1.087649489212259,0
44.15507383295252,1.087747520902995,1.0876405667776903,0
53.618952581206536,1.0877506111395951,1.0876374983369674,1
58.4675396432334,1.0877775548391049,1.0876493101846392,0
56.179711517806176,1.0877994538643458,1.0876544360523743,0
50.976923893655076,1.0877817283956552,1.0876617242679614,0
40.40563510226398,1.0877504198972825,1.087661688574627,1
47.47859660638673,1.0877420132667113,1.0876713725582072,0
50.253595420479975,1.0877575413106182,1.0876773703323541,0
49.49590790481331,1.0877543427147525,1.0876683899138744,0
41.21173910063188,1.0877459415925732,1.087659065921835,0
38.01060588768941,1.0877382686902768,1.087647090943371,0
33.141990274867695,1.0876927894148938,1.0876300886835726,0
33.64628320906688,1.0876567254132925,1.0876077012581324,0
39.99649160052226,1.0876344232099138,1.087598134529463,0
40.83111767111665,1.0875936015456324,1.0875781770854236,1
34.41325510098764,1.0875195422395263,1.0875542624655243,1
32.676704685473766,1.087460313336763,1.08754106638051,1
33.44676906596588,1.0873952097453758,1.0875303858893093,1
41.97023868076574,1.0873461906357553,1.0875215869823591,0
44.65932672259414,1.0873004382463298,1.0875168859715443,0
40.20403226952985,1.0872744207207536,1.0875079014462719,0
40.147284090138136,1.0872511153728093,1.087503611985366,0
37.57873372107859,1.0871861671656011,1.0874947053655504,0
41.63122141153352,1.0871364622026558,1.0874857071931512,0
39.66919893177554,1.0870926303441322,1.0874789910322933,0
40.582936267719575,1.0870420520005322,1.0874630897080935,1
41.651268962865835,1.086985667011372,1.087440031268956,1
35.58131302624267,1.0869186051232957,1.0874200615516925,1
39.86412686211692,1.0868515659281792,1.0873921188245983,1
41.32974556960492,1.0867801446048362,1.0873479265460428,1
41.4096826204243,1.0867312086351348,1.087318179599628,1
49.88958696292266,1.0867188927101392,1.0873024232659623,1
48.919398896209835,1.0867188877249034,1.0872906401022004,0
48.09844842664507,1.0867012282033397,1.0872803087153604,0
40.9814819058822,1.0866763989254828,1.0872483906118686,1
48.36474880748835,1.086703851182516,1.0872279811674286,1
51.892012563633486,1.0867066954085534,1.087212018334389,1
48.09099163886154,1.0867074840322433,1.0871984456596389,1
51.440972059709694,1.0866974854618612,1.0871808343645817,1
62.016921317257754,1.0867073036682768,1.0871736528980966,1
60.77440714220099,1.0867192054386057,1.0871660701554784,1
66.07426918737929,1.086743709645961,1.087160424047397,0
69.58824467786269,1.0867977188352453,1.0871641814890585,0
70.28954407591199,1.086833594849566,1.087161756216568,0
62.6306149444477,1.0868650863535243,1.0871553876139024,0
62.873446608855446,1.0869307483165829,1.0871506642871476,0
48.32793992957762,1.0869506588600637,1.0871261208189964,0
48.865249572299824,1.0869722771852497,1.087102001299074,0
49.926934751002406,1.0869747884148384,1.087068914897573,0
40.00646083093099,1.0869883037515566,1.0870351998473324,0
39.24521947969073,1.0869734657814227,1.0870085575509991,1
40.51165912724079,1.0869401034328248,1.0869782201832543,1
36.65752019073816,1.0868839948271822,1.0869332160974314,1
27.27680997026897,1.0868160107373321,1.086886931464555,1
38.86526207707532,1.086808343059827,1.0868590364775372,1
41.261204584010265,1.0867993935516467,1.0868475706291743,1
33.875449597656555,1.0867739295187826,1.0868247848352173,1
42.912757336516414,1.0867834292341285,1.086808800829043,0
43.68034056157232,1.0867806849435,1.0867913712560806,1
40.46473883900412,1.0867623716531516,1.0867802249223277,0
49.50484909558295,1.0867434550117459,1.0867681446840658,0
47.46250127452554,1.0866954635132022,1.0867614936867205,0
57.494282550216774,1.0866459848007346,1.0867598852440354,0
60.32452815482514,1.0866145401040372,1.0867538029742174,0
59.411990675590296,1.0865860539875762,1.0867523685906797,0
54.98332121408049,1.0865236359720092,1.0867523017801404,0
53.54373541488842,1.0864885032196931,1.0867373967721685,0
51.398071015098374,1.0864309916010408,1.08671631404134,1
41.59422063205596,1.0863951258036388,1.0866884889647266,1
26.65198648070681,1.0863484583293743,1.0866544078805505,1
29.106620714827045,1.0863022897487575,1.0866197051622006,1
27.52813686567363,1.0862820463616134,1.0865905925787758,1
37.013974084834544,1.0862880763868445,1.0865739797859288,1
36.10133871121649,1.086310079413409,1.0865563783488563,1
36.01746555753104,1.0862963975000788,1.086540543339916,1
48.57674178043624,1.0862829017749276,1.0865439105389325,0
46.41299018041571,1.0862946483788858,1.0865483773822229,0
44.45360227970043,1.0862777461346758,1.0865524572335952,0
40.98182408351752,1.0862454456010664,1.0865489231252354,1
47.802614802916466,1.0862171153536295,1.0865550132218451,0
55.49379937566171,1.0862021740721797,1.0865565308588838,0
61.00213903447542,1.0861876542474813,1.0865489983016572,0
62.04309935832565,1.0861627446789555,1.0865374280256561,0
67.41692557298937,1.0861304932130476,1.0865255089781005,0
67.99325425497861,1.0861026295324998,1.0865228608334865,0
48.001165382754735,1.0860570173627455,1.0864935682522323,0
40.45674429585222,1.0860214823971415,1.0864633115676037,0
46.01772776968827,1.0860251086728074,1.086443363897566,0
43.77295493411886,1.0860190805569139,1.0864171270027476,0
32.761824922108076,1.0860317903204275,1.0863842025414105,0
26.51272089772762,1.0860371442310288,1.08634688067917,1
30.177585185507994,1.0860273532389704,1.0863040500159795,1
34.528231597388654,1.085996324905355,1.0862534222139728,1
28.012400433748084,1.0859516921020407,1.0862036172498462,1
31.850701362252778,1.0859283538416338,1.0861658503351597,1
40.41994673534804,1.0858907514431886,1.0861279117895746,0
36.260334126165425,1.085836264101479,1.086102619478789,1
40.67072005514512,1.0857941606813086,1.0860812106320188,0
44.407106830704656,1.0857815087129377,1.086071611244475,0
61.22705870405175,1.0857725831648193,1.0860687249871503,1
52.35665301605343,1.0857258039216722,1.0860574661149835,1
52.5305707162416,1.0857035985495083,1.0860543963483305,1
52.850255225721114,1.0856684796515734,1.0860512219554126,0
50.80247611507998,1.0856334469340607,1.086052483456792,1
64.44651145442862,1.08564074292882,1.0860558207810838,0
64.27677384405627,1.0856898843551535,1.086049764573635,0
63.39926133810736,1.0857365576654108,1.086048362826255,0
57.54193163616273,1.0857356110205407,1.0860242366121309,1
57.718456815338186,1.0857649818760133,1.086010845775753,0
49.47137192753909,1.0857733866909007,1.0859886085565105,1
48.118712038326635,1.085778079182836,1.085960730347606,1
45.219867563246396,1.0857723947651403,1.0859348225167549,1
48.36946011923971,1.0857912043722835,1.0859115100425922,1
48.80790362091463,1.0858357012023367,1.085892081689166,0
54.20952131487204,1.0858578421977272,1.0858745656192204,1
51.78422744634458,1.0858706735938695,1.0858667268383189,1
51.66397979334531,1.0858835728060776,1.0858606473133428,1
53.60575103103148,1.0858910999989881,1.0858652539911977,1
42.2008974448202,1.0858916660630276,1.0858702273482306,1
45.67372798428296,1.0858971291569774,1.0858881933181914,1
51.68288711538401,1.0859425137612035,1.085913555719962,0
65.51031658647923,1.0859802089280475,1.0859336613749042,0
57.494818203611764,1.086021014365972,1.0859443971470635,0
70.5523024068055,1.086078314557314,1.085959777514354,0
79.21125366559468,1.086094666995379,1.0859751285792039,0
71.94061934538877,1.0860902626172027,1.0859727089105449,0
62.34314584695111,1.0860856037592792,1.0859647449784124,0
58.33796139897167,1.0861152922217039,1.085959255046942,0
64.85864082764826,1.0861377874588745,1.085967782518876,0
61.65753304114045,1.0861777079185244,1.0859728455824682,1
56.789892649116865,1.0862145419810587,1.0859656775111575,1
56.32027355613093,1.0862571974533286,1.0859626397990938,1
56.548779892667675,1.0862803085893238,1.0859585356067396,1
51.60841431334666,1.0862946086899528,1.085957727879928,0
51.27366595729558,1.0863250744259685,1.0859635435766077,0
54.747313012173656,1.086366199629631,1.085990399745073,0
53.07607510343181,1.0864074174556007,1.0860150213367266,1
44.038153512821964,1.0864372983243562,1.0860301298518171,1
39.07758848009427,1.086450476161276,1.0860427855899755,1
49.637962119752295,1.0864596046848145,1.0860593190639463,1
59.87793065288882,1.0864759578381418,1.0860890811628072,1
57.48745194029528,1.086480175101817,1.0861147901200428,1
51.403993383182645,1.0864862061203846,1.0861403496330755,1
59.535951732953784,1.08650311154289,1.0861803452906935,0
69.56078347816552,1.0865289798601867,1.086215378986625,0
70.76389362589703,1.086577620428586,1.0862474565047038,0
62.561596932448104,1.0866144465662742,1.0862760179643305,0
64.21336016394622,1.0866601857202451,1.0863056650625165,0
55.93304269621395,1.0866783345923532,1.0863265128706423,0
46.342984862019165,1.0866822260842548,1.0863367027502424,0
47.38085706405695,1.0866990539831733,1.0863549775357582,0
47.51137132841073,1.0867062438659907,1.0863636979256868,0
51.32450327838039,1.0867084079127918,1.0863745069112267,0
41.45662785095618,1.086686169670641,1.0863788169745603,1
38.7119969566299,1.086664515600348,1.0863730526452189,1
45.93037408926703,1.0866444929758716,1.0863722431933602,0
39.88943734476757,1.0866041733773688,1.0863620676215096,1
37.537781036889754,1.0865877727978215,1.0863709945627293,0
32.68882163033116,1.0865748172694913,1.0863667197473668,1
34.83305405367338,1.0865642341391617,1.0863756580432506,0
38.06831599762926,1.0865308920098171,1.0863902062935997,1
34.54829088829071,1.0865027077428522,1.0864069153111275,1
36.952608697985305,1.0864753684696171,1.0864140152720088,1
47.93990334728643,1.0864442093960915,1.0864237485681956,1
44.26980100885176,1.0863868731345803,1.086426991361366,1
49.388478740440064,1.0863321109425779,1.086432031444187,1
54.696062909708125,1.0863117324506386,1.086447281822155,1
64.09429890000663,1.0862919181388682,1.0864659923184685,1
67.80820210762766,1.0863209113559202,1.0864982109877992,1
62.0834417194559,1.0863589806743204,1.0865214433571797,1
75.61557004260013,1.086416611138711,1.0865446164867612,1
72.64824276209691,1.0864814371344234,1.0865641892082372,1
80.9422833230249,1.0865680882166964,1.0865933364515166,0
79.29904998472955,1.0866762386885518,1.086617986627055,0
76.91772347606015,1.0867641887790822,1.0866408613587,0
79.39228286471871,1.0868548146582528,1.0866780640097804,0
77.4013532714972,1.0869672772454502,1.086714737015978,1
66.39304589316947,1.0870438720791793,1.0867424265057197,1
70.49477211498764,1.087124872139108,1.0867615536194601,1
70.5229738781008,1.087202303060181,1.0867854960999133,1
71.23703840715822,1.0873016412599177,1.0868250460051432,0
69.70943762511783,1.0874022147668225,1.086864922236525,0
66.77481950811011,1.087525337694477,1.0869120269140702,0
61.838927262918155,1.0876099060602462,1.086949867516313,0
55.86526413900253,1.0877064192942307,1.086979529308671,0
54.92883276341927,1.087789486296377,1.0870013461108856,1
48.593319074259256,1.0878543149546378,1.0870260408217698,1
49.07041949921548,1.0879096599275144,1.0870549369597315,0
54.41387604989787,1.087940498081037,1.0870942197557039,0
45.39565781816083,1.0879725983334276,1.087126640816625,0
48.74336408702942,1.087992424443784,1.087151203129018,0
57.55429295766302,1.0880131650703153,1.0871773851956366,0
54.602230357645595,1.0880015162571433,1.08719946050622,0
50.008969688556284,1.0879882777785705,1.0872120531213276,0
37.668069769956176,1.0879787025437777,1.0872207504321365,1
35.57323137538856,1.0879470600174515,1.0872258398453267,0
18.959123748552017,1.0879232673120593,1.087238265314292,0
27.561840878107958,1.0879218005961597,1.0872470724560857,1
27.643653075305934,1.0879216021558213,1.0872588606448474,1
49.028701065434625,1.0879312089422934,1.0872850892431287,0
40.00886208720833,1.0879023929380538,1.0873063815870951,1
34.68947830621744,1.0878610954415577,1.0873268628667518,0
50.816583179176156,1.0878417244434166,1.0873653535263201,0
47.48701046129446,1.0878271561987725,1.0874062621275655,0
40.51521314260161,1.0877989305859803,1.087433295302924,0
44.66934211426368,1.0877860507511201,1.0874579692209851,0
40.42238903180907,1.0877437325098658,1.0874818644747686,0
40.02046193307345,1.087696623744138,1.0874984773382583,0
49.46757584744026,1.0876713386879253,1.0875328283230774,0
45.0954855583659,1.087629551695453,1.0875527678391415,0
39.90706128415814,1.0875559498053904,1.0875612262472472,1
36.51637656561832,1.0874605370406532,1.0875605169147569,1
40.25979267474598,1.0873924880179995,1.0875663083255729,1
39.80196974299933,1.0873430156464818,1.0875715756214837,1
41.20408985867869,1.087288009335958,1.0875812049126876,1
44.95901594054227,1.0872457274199694,1.0875912864362831,0
40.51696168747898,1.0872238229420443,1.0876031015108543,0
48.77409705219221,1.0872275935572269,1.0876213426234291,0
51.977423891070835,1.087234153570878,1.0876241575308305,0
43.57224686475765,1.0871871007877547,1.0876163372885024,0
46.75975834487719,1.0871452770302334,1.0875978479437045,1
46.24398185841501,1.087107865761415,1.0875774343175488,1
38.017261221259595,1.0870248709562849,1.0875480666221555,1
41.67111606582784,1.086954628130464,1.0875176179043304,1
52.82413886563796,1.086921475043733,1.0874962098087844,1
63.514255875523524,1.086896421232227,1.087474611850575,1
59.964528746254615,1.086899949113719,1.0874549332220762,1
59.87880584144682,1.0869234833770016,1.087450321857387,1
63.59392416585479,1.0869201951869072,1.087450957542197,1
61.63619986025259,1.086941048625238,1.0874482660651643,1
59.952540939240684,1.0870052296932113,1.0874426616205648,1
52.57238204075355,1.087092982259938,1.0874368239120031,1
62.51530646124774,1.0871981266007957,1.0874354238881003,0
67.77651681562426,1.087264823123352,1.087433542446726,1
69.85902833913929,1.0873314809143761,1.0874312295607458,1
72.03306722560463,1.0873859927358862,1.0874298890120868,1
75.18091468124088,1.0874262425178407,1.0874318725361354,1
79.36001830735746,1.087458701510885,1.0874409592567773,0
76.80988738132753,1.0874944895546386,1.0874457541202711,0
62.8789042798786,1.0875434662294143,1.0874446844468972,0
66.83508475332555,1.0876173937964735,1.08744783568478,0
65.72793384785066,1.0877090478079485,1.0874557874126018,0
53.947132450950605,1.0877754580214813,1.0874576433278909,0
53.67830411252627,1.087844629064025,1.087460158418512,0
43.48834979449441,1.0878731645601387,1.0874539946153285,0
40.968261217485924,1.0878726138633898,1.0874448333889501,0
27.69098585079773,1.0878610961375454,1.0874300647522706,0
36.38994893868671,1.0878452401090337,1.0874196976625368,0
38.790029078695646,1.0878257716126352,1.0874126253249226,0
35.0639633102863,1.0877860516616327,1.0873902031529,0
37.351602355185435,1.0877459345377176,1.0873800782604304,0
26.85752487872122,1.0876832265457201,1.0873656763536679,1
28.768405207473847,1.087594603092923,1.0873365753479032,1
30.18286735856202,1.0875153456475888,1.0873088182262522,1
24.309188283836022,1.0874383306095028,1.0872869895701547,1
22.67945785751482,1.0873707774160917,1.0872637796780753,1
30.93176138981049,1.0873044541733097,1.087256161201513,1
38.93302183957217,1.0872391660593244,1.0872579761828518,1
44.77577972699886,1.0871730101183525,1.087246422692442,1
49.593725214866176,1.0871327843850678,1.087245977522743,0
52.09409462189985,1.0870733548835,1.0872547977160238,0
48.59875732465703,1.0870053308486796,1.0872737049358125,0
50.45807930259936,1.08697302698447,1.0872898589144788,0
58.20553842533661,1.0869393055345535,1.0872986743737407,0
41.82780602445002,1.086902379954836,1.08729974286288,1
52.31972721906579,1.086880396205026,1.0872987009029729,1
52.53617308569973,1.0868774230112808,1.0872915047799652,0
53.47939482952339,1.0868521082449167,1.0872695035376125,0
47.61166220817828,1.0868057752203988,1.0872412739847308,0
53.05860331147863,1.08680086424815,1.0872357085370579,0
52.90740150108282,1.0867901239691202,1.087238017035985,0
43.75891328482014,1.0867974545619854,1.087241511873896,0
38.775410018565935,1.0867827779547463,1.0872397381472878,1
33.59714320633029,1.0867679842851203,1.087234160688115,1
43.10688802259311,1.086778214627684,1.0872296854037353,1
42.868914911370624,1.0867829458381404,1.0872183895204408,1
38.320167111073076,1.0867715965016058,1.0872048201566675,1
41.48603036282835,1.0867478379674362,1.0871877180190257,1
45.53747825916124,1.08671309726595,1.0871635835240594,0
51.17341955679596,1.0866962724469735,1.0871480670514373,0
55.1000817316787,1.0867063056958564,1.087135228117082,0
56.074786024890635,1.0867066104854322,1.0871191562260103,0
59.294766699517126,1.0866908929305823,1.0870869654463935,0
42.15344991558116,1.0866373780254637,1.0870476963345854,0
35.44700016659682,1.0865886956660333,1.0870026287635428,0
32.76248489096956,1.0865149491965336,1.086950283487232,0
36.15500853400448,1.0864377621599883,1.0868961126368242,0
37.51608151463759,1.0863658842200217,1.0868323766212673,0
27.531906853079292,1.086293092053285,1.0867607149841894,0
26.20485128260117,1.0861939442386537,1.0866958997407536,0
30.09195015396618,1.0860950047985733,1.086629061436825,0
30.187182844058754,1.086007419164206,1.086560860416399,0
27.913488180770628,1.085908393968873,1.0864929125262441,0
19.339648817992924,1.0858197720437586,1.0864242178800085,0
8.94148987815393,1.0856908611510383,1.086356764040095,0
15.331818117987254,1.0855734112596618,1.0862987084789497,0
20.898816445549258,1.0854759823705358,1.0862507746498637,0
23.910225740544377,1.0853574377345463,1.0861925970692308,0
25.434814424151938,1.085239618393333,1.086129122236338,0
27.594308859118172,1.0850923674009076,1.0860705933471473,0
21.820156168345093,1.084891032499538,1.08599326730181,0
24.497135228687597,1.0847017357318378,1.0859265599004573,0
26.80209672597603,1.084517776349648,1.0858562347490834,0
33.300621091587004,1.0843876415916773,1.0857966147122209,0
27.757994355663897,1.0842632544070103,1.0857325982825459,0
23.426751007401833,1.084149672424744,1.085661841490693,0
24.17078246481941,1.084011464708492,1.0855789168508974,0
22.573289897596297,1.0838630861393546,1.0854819446532793,0
22.92150231591806,1.0837171578725873,1.0853783740858833,0
23.4740197154716,1.0835903866716396,1.0852789406553824,0
17.62495976224305,1.0834455614857461,1.0851779440777234,0
19.745485591823225,1.0832946813448747,1.085076600614877,0
20.384640594891977,1.0831665848071586,1.0849703356553198,0
19.088507103574273,1.0830213702426594,1.0848570437632508,0
22.83299162033869,1.082894381283467,1.0847535645715476,0
24.697682563980308,1.0827628529437958,1.0846516911744575,0
22.744906138665286,1.0826014460169908,1.084540383852148,0
21.67806053821576,1.082465646190442,1.0844380122474409,0
22.15035917463956,1.0823285912281069,1.0843382486394213,0
22.417730725245917,1.0821912105126381,1.0842267318529426,0
29.692074148064975,1.0820955819449356,1.0841154504921362,0
30.708030461774356,1.0819849623122733,1.0840015630005724,0
35.11980161860129,1.0818789989706956,1.0838947231554632,0
25.81909462298917,1.081753762640448,1.083790926054352,0
29.469764689641437,1.0816469429685702,1.0836800896189,0
21.436340506270625,1.0815136990543333,1.08355414277717,0
18.68103529988403,1.081375607791739,1.0834205213669506,1
25.631207530518765,1.0812618203926878,1.0832875376233801,1
32.72101018134671,1.0811813204446623,1.083165663357368,0
26.780098390477193,1.0810722235909012,1.0830293211129536,0
29.161939827807075,1.0809699402395887,1.0828833978952164,0
25.631495364859575,1.0808702150417986,1.0827420424374237,0
32.84594879747533,1.0807865995590913,1.0826086183067234,0
28.51296030666863,1.0806916108962992,1.0824787369115851,1
23.274535239463034,1.08058585613615,1.0823524287595943,1
23.93079647452791,1.080466126135325,1.082232161949974,1
28.01394136138721,1.0803750596283468,1.0821153028394914,1
40.951236229366295,1.0803093328867632,1.0820153917141377,1
39.79497283359352,1.0802529318730998,1.0819221845673475,0
42.62182156735748,1.0801826709563962,1.0818222225400396,1
50.85145209513974,1.0801104838140052,1.081721642098309,1
53.519849870186576,1.0800680631508155,1.081625820595216,0
49.937753413296655,1.0800266990765506,1.0815420451985345,1
49.95365593560371,1.07997645563654,1.0814535994914645,1
54.66389151799334,1.0799386415855514,1.0813792017927053,1
55.93686234144486,1.079946491805423,1.0813033749954744,1
49.40742302241011,1.0799663960398598,1.0812166868346802,1
59.513846434232924,1.0799827821534689,1.081137675390949,1
67.31609336086746,1.0799985695295078,1.0810692438118383,1
72.08948350129964,1.0800457425567385,1.0810106711752858,1
70.07933227020516,1.0800955792746219,1.08096521660525,0
60.10009265328247,1.080135624012019,1.0809155977494962,1
65.79494060971047,1.0801836795927229,1.0808749796039532,0
66.99307636214772,1.0802439979249567,1.0808212794448968,1
67.10359619022265,1.080324185550259,1.0807768012168937,1
54.67503258154025,1.0803888114668487,1.080727817566816,1
58.33659350604967,1.080458870924564,1.08069426532592,1
61.71426200123429,1.0804875832422889,1.0806651905553113,1
62.74712625448973,1.0805387443944507,1.0806508191760928,1
62.18168735816395,1.0806183813998895,1.0806334204313395,1
61.119225492725064,1.0806736360807192,1.0806128719362984,1
64.34317735390832,1.0807304452406874,1.0806001261535412,1
65.84703737763766,1.0808089028678372,1.0805989724228058,0
65.04983777218352,1.080914194520553,1.080610729202622,1
61.70785816240333,1.080993692446171,1.0806189262577868,1
61.94622774289715,1.0810586469781964,1.0806216926092347,0
58.62528750978091,1.0811411741311456,1.0806325780803419,0
61.12237970595898,1.081207424243842,1.0806343866123092,0
64.83082626416343,1.0812841005716105,1.0806514475492397,0
72.70917386515707,1.0813452134458164,1.0806722723485571,0
56.06487048774847,1.0813667728339456,1.0806736929608538,1
58.21900043201599,1.0813987937509586,1.0806811303249704,1
52.457290142846574,1.0814071831996879,1.0806862532955501,1
50.238407930988956,1.0814326011576205,1.0806928148517658,1
53.989400858288796,1.0814459111357022,1.0806963884837466,1
51.36525582984479,1.0814918772094437,1.08071908882886,1
49.346499427163295,1.0815386579557795,1.080759485391536,0
46.248470919681715,1.0815935551822835,1.0807978844711497,0
48.33156025657644,1.0816243339924456,1.0808280245952062,1
49.73565713552009,1.0816471215531902,1.0808633796162552,1
49.03173235409146,1.0816885514116346,1.0809003164051165,1
48.49885728628858,1.0816965754034995,1.0809306702982215,1
41.30420526526736,1.0816900146460966,1.0809603384576079,1
43.540693647443796,1.0816771202261628,1.0810049329345675,1
72.2757365397882,1.0816987562428015,1.0810640863004475,1
75.43477086633725,1.0817438127154595,1.0811327672412885,0
72.39522998694933,1.0817764026560925,1.0811931152914402,0
75.47229937220808,1.0818318527283333,1.0812433945489368,0
70.94330210402073,1.0818476533012407,1.0812893361204958,0
70.6067440177713,1.0818717279585863,1.081347895149433,0
62.888392846164166,1.0819286036236568,1.0814009408847145,0
55.19527572829855,1.0819650401531857,1.0814399211259187,0
58.429279556111595,1.0820108997238074,1.0814799335544527,0
45.92472024558622,1.0820177646858484,1.0815093384714891,0
40.11994793745045,1.08200389430476,1.08152248957143,0
41.989554509111876,1.0819752558491662,1.0815305944463574,0
39.75932034293094,1.0819310587033935,1.0815453504569497,0
36.45307820292253,1.0818770759786343,1.0815556020012158,0
24.36620599409251,1.0818044913772016,1.0815503933342836,1
15.120591476023932,1.081720258456209,1.0815331859760433,1
18.712667720677416,1.0816415996808761,1.0815187245676183,1
17.082284192944982,1.081583704082701,1.0815099023264942,1
18.539531826133754,1.081516881208033,1.081493619103732,0
21.82776009275662,1.0814605102052228,1.0814915378466738,0
25.57521077160824,1.0813869935391678,1.0814892094960111,0
26.215103417530003,1.0812834347915992,1.0814906165711884,1
23.673583851971728,1.0811859536369932,1.081483948376412,1
26.760772096988333,1.0810551250144114,1.081470411257786,1
32.182357756220426,1.0809369386077203,1.0814486138058037,1
41.153583220451466,1.0808249947288031,1.0814305404809985,1
44.831151648906804,1.0807310794141383,1.0814239182180823,1
53.62439346911989,1.0806735430377128,1.0814171602447287,1
60.90476116799769,1.0806072627024899,1.0813992774883139,1
71.22011069264728,1.080601292371107,1.0813841776117108,1
68.64881736795698,1.0806186871099435,1.081372487436939,1
71.27493025538028,1.080660818003275,1.0813714628563889,1
71.23715039989612,1.0807013844188955,1.0813694345720495,1
69.96667204905015,1.0807580990866754,1.081375871938349,1
72.84212688487422,1.0808606319844007,1.0813810058993996,0
76.61292064838035,1.0809725318453292,1.0813841133358486,1
79.11262183855003,1.0810818394011623,1.081404751194505,1
92.21366185592973,1.0812017531818143,1.0814310860988368,1
91.99635713200851,1.0813199152617714,1.0814587119285652,1
79.87565605060486,1.081400911450775,1.0814788619639357,1
82.27673625684577,1.0815080917902458,1.0815140817578284,0
76.65010848064347,1.0816194374975607,1.0815416406864353,0
79.06662550569183,1.081737372076441,1.0815634340246767,0
78.70325977868886,1.081893689747721,1.081590465083961,0
75.82839948165643,1.082042502095301,1.0816158810469458,0
65.55609401476997,1.0821595149148944,1.0816354978256804,0
66.46969575252754,1.0822700544426687,1.081656519430496,0
54.77621977823534,1.0823326676845855,1.0816715971571633,0
47.30054374319243,1.0823955056140062,1.0816814738754779,1
49.29089374483508,1.082441827626474,1.0816900605718351,1
47.10162641510532,1.0824869999238862,1.081687784909373,1
34.734107084559454,1.0824869466809122,1.0816687164425698,1
43.18914251096702,1.0825111339584925,1.0816633270930096,1
48.59795400622715,1.0825262658377752,1.081653637182126,1
45.24804343195074,1.0825407383133598,1.0816582399042474,0
46.13384785481603,1.08255421165962,1.0816571068162621,0
41.83543973666526,1.0825512089913425,1.0816537933415793,0
36.945063763733245,1.08253291108549,1.0816582344717582,0
38.37378855319729,1.0825133714202018,1.081659700607123,0
37.74235216781869,1.0824959787172812,1.081670147576509,0
44.30237122546811,1.0824684876724233,1.0816999191048937,0
49.30422750062765,1.0824387090411878,1.081727021963244,0
42.884557612350804,1.0823789450734158,1.0817425885726855,1
47.641247481233854,1.0823217634964115,1.0817683400910718,0
46.79799664390321,1.082266144857726,1.0818005424391557,0
50.356560109010715,1.0822165268793495,1.0818340051949364,0
36.886975492793304,1.0821366220277162,1.0818545283692318,1
44.20947567087144,1.0821097274443503,1.0818820065018229,1
34.414180731351834,1.0820678092433291,1.0819018450895963,0
35.34248531606515,1.0820230922045542,1.0819150933715678,0
41.8711152629536,1.0819961137490695,1.0819314329933336,0
42.50650793442901,1.0819986128117276,1.0819547876506213,0
42.98747343912318,1.0819763043903632,1.0819794673943575,0
41.41503241567651,1.0819269179088147,1.0820023543398873,0
32.65804493532782,1.0818439182729636,1.0820210317703447,1
35.15040814791038,1.0817676361859356,1.082034163399115,0
38.19081202883086,1.0816927466675832,1.0820384602429574,1
31.89915856485807,1.0816168698273272,1.082035565187604,1
37.46707173457794,1.081554455945098,1.0820385779041666,1
44.62990356510944,1.081524146028026,1.0820392890392765,1
46.80909239138992,1.081453396656705,1.0820338029235983,1
48.917096065710524,1.0814249310295518,1.0820326671737548,1
58.235248527480714,1.0814355815883392,1.082036267440463,1
58.002560199330915,1.0814262839440119,1.0820356140340066,0
58.67211941058742,1.0814408938186681,1.0820326471728625,0
64.83201191072467,1.0815001021682933,1.082045033324122,0
58.63161290847737,1.0815642105302083,1.0820474768208501,0
65.31956957342712,1.081598825830187,1.082040835561172,0
58.2586853204095,1.0816171068640759,1.082020721730518,0
58.27263433911036,1.0816374009287435,1.082009689162755,0
62.608747803168434,1.0816494866022022,1.0819879909181163,0
61.886913244404816,1.081654659089934,1.0819688762875705,0
57.10467679327857,1.0816509083887809,1.0819448819192934,0
46.54316617704395,1.0816419399577593,1.0819016544239024,1
51.99218748090929,1.081650720404525,1.0818643190940345,1
49.33603012821507,1.0816785153634791,1.081841763578549,0
44.189250184564244,1.0817092526566472,1.0818141395285485,0
45.992927810709034,1.0817435404568503,1.0817999142965098,0
36.72902903853039,1.08174407994122,1.0817780076350518,0
26.856382187310402,1.081737040078258,1.08175737401999,0
29.366633706939666,1.0817424921711971,1.0817359998225227,0
28.02079386586321,1.0817035583040524,1.0817193118230108,0
32.5086035443679,1.0816417067921213,1.0816884965739144,0
30.00485499667512,1.0815739768187647,1.0816546984264022,0
30.120412878873523,1.081495640296397,1.0816146079660776,0
26.813193597123515,1.081362140209432,1.081568204744047,0
27.42204663503422,1.081244264194009,1.0815246989019167,0
33.324973166830034,1.0811291450415532,1.0814793291435973,0
27.204859241234217,1.0810332167756278,1.0814286598726885,1
29.594440855301187,1.0809613487147378,1.0813958371617378,0
28.86558275979519,1.0808711973080178,1.081349074772354,0
24.215329207433257,1.080771591779325,1.0813020293828257,1
25.602424432058157,1.08066712963495,1.081260155743907,1
34.176382390499,1.0806203874096245,1.0812211039891877,1
38.4007424111002,1.0805763357574774,1.0811883954539347,1
37.84207486799901,1.0804964037079776,1.0811537143100003,1
45.76017855296278,1.0804419304086967,1.081136262880941,0
48.14347850239098,1.080383866690895,1.0811095699951276,0
47.60252252317674,1.080353183939111,1.0810921575133643,1
51.77797430634238,1.0803104758332405,1.0810723274714646,0
50.175667558849696,1.0802624272220316,1.0810425252117075,1
51.79455505930746,1.0802308813715675,1.081012219246947,1
54.37316376878423,1.080202564667272,1.0809790006846782,1
54.455398504564066,1.0802074034711506,1.0809668926513367,1
52.497177830295,1.0801874664087152,1.0809520272203783,1
61.19551931302544,1.0802102541458902,1.0809452519280287,1
65.78416104647943,1.080237328830307,1.0809425317670063,0
60.68599403813412,1.0802695118774044,1.0809403859636282,0
61.751211393047974,1.0803306778793689,1.0809391486463966,0
63.63595150656017,1.080355440163883,1.0809283548160806,0
62.7375827614027,1.0804059686063687,1.0809301035522194,0
48.3215485707181,1.0804259254447284,1.080902427148896,0
44.55443634962151,1.0804497570593368,1.0808658259323063,0
42.61926998791629,1.0804327505305282,1.0808236906237942,0
41.06788285457609,1.080388647833105,1.0807674970597096,1
38.97446517129159,1.0803553696932042,1.0806958213199644,1
42.275721877095,1.0803112843294431,1.080635092400635,1
37.11104988930117,1.0802747283852454,1.080579931017151,1
42.560595283069766,1.080237926791089,1.0805404854841698,1
31.514715783721172,1.0801963069530904,1.0804958898812032,1
34.1769046326079,1.0801714636014637,1.080451316011412,1
33.095117752341906,1.080143418043774,1.0804077228284827,1
33.73618990798482,1.0801375896370529,1.080373673183987,0
40.41888314768042,1.0801161639464323,1.080356582246806,0
35.476780991160894,1.080114234768599,1.0803374329660078,0
43.269434422242654,1.0800758044440808,1.0803041675602694,0
43.62428959373052,1.0800292496499568,1.0802705305643303,1
45.71749269739539,1.0799699617294283,1.0802309544726594,1
51.968466547270275,1.0798934474473911,1.0801988956488655,1
55.44576729361933,1.0798304076611933,1.0801657018492545,1
57.4717569566321,1.0797651317650767,1.0801391593897713,0
52.49358995492476,1.0797397022463955,1.0801168847258333,0
50.81695094172603,1.0797253144425314,1.0800992689924702,0
57.809444540030775,1.079726937175352,1.0800848747664293,0
50.2346860170643,1.0797396239186616,1.0800650905086153,0
42.48174897255822,1.0797416541006775,1.0800476268764627,0
25.614375384298867,1.0797115664647112,1.0800220133089158,0
15.576561465482285,1.0796605116883962,1.0799924776758882,1
20.263211040844794,1.0796129409425221,1.0799723751509276,0
20.769396753206905,1.079564811927051,1.0799372751661285,1
21.940172716716162,1.079507580559451,1.0799058693119854,1
28.597300604643323,1.0794554813757393,1.0798812786670484,1
34.76754201514153,1.0793971516919552,1.0798656820067891,0
28.137335593709395,1.0793109749648444,1.0798328172688938,1
30.49828868306865,1.0792392969818718,1.0798026174557656,1
38.773949693539855,1.0791979880453315,1.079784801295211,0
34.61460598846206,1.0791495256132708,1.07975356864616,0
31.30584806427042,1.07909695246856,1.0797161887837254,0
39.38554222769843,1.079066974679105,1.079684411944863,0
42.08782282295282,1.0790307733304174,1.0796538208481254,0
40.43324159538321,1.078950547696666,1.0796144075796252,0
38.157236569127406,1.0788500936207392,1.079564569625502,0
35.00273639860565,1.078745657128616,1.0795165059770078,0
33.739767395802986,1.0786216254021637,1.0794505635388345,1
33.281438765188696,1.0784991308988485,1.0793897563046688,1
30.963662132561637,1.0783910032226036,1.079319926507148,1
35.80174871897654,1.0783311409338787,1.0792595381503445,1
38.035610930224685,1.0782773490767814,1.0791956125556392,1
38.40326159546875,1.078232548164879,1.0791331232651316,1
39.82884729009168,1.0782197223269776,1.0790829880313664,1
49.6807923338198,1.0782319782396779,1.079036273165309,0
54.00159490891356,1.0782415090019675,1.0790075120899443,1
42.14331789340909,1.0782137800845937,1.0789712912168916,1
44.51095575854195,1.078209156532983,1.0789433796698757,1
56.868110557420756,1.0782053030893428,1.0789292795582606,1
63.45465838908947,1.078183323387781,1.0789159827730417,1
69.63318681210603,1.0782044601921283,1.0789108389912339,1
78.14854667480925,1.0782508520529424,1.0789066382508041,0
81.66150376234992,1.0782879016541664,1.078904401890094,0
83.06356912766539,1.0783434497688775,1.0789126779744405,0
81.55298079960197,1.0784372951005694,1.0789207401792675,0
69.46560361895399,1.0785147434973412,1.078913099806929,0
64.74606234861999,1.0785884453542187,1.0788968482638743,1
64.1651305070479,1.078697550371259,1.0788831181087652,1
56.47809920666267,1.0788007428747572,1.0788643595471321,1
54.606635622544786,1.078900097347472,1.0788496436685047,1
58.63576664986187,1.0789618454564174,1.0788325764729287,1
62.61002595966684,1.0790547092130345,1.0788295115490818,1
64.25341747792461,1.0791567072295192,1.0788384271779827,0
60.86131972929491,1.0792240158101463,1.0788404312909474,1
56.26777418542665,1.0792720192157386,1.0788390281455738,1
50.61686901089733,1.079305543891714,1.0788338487480715,1
50.78788697868255,1.0793777420744923,1.0788322622696762,1
48.58786306412482,1.0794506731304483,1.0788328740519142,1
50.42606584394421,1.0795200537716614,1.0788414514994606,1
63.09882606310805,1.0795956291961715,1.0788575728112393,0
73.33883215107008,1.0796890669557262,1.07890183918764,0
65.38123893362712,1.0797541883553838,1.0789441089175993,0
61.27769366668749,1.0797851266040677,1.0789732761547122,0
60.563697152473445,1.079793872789073,1.079004302319249,0
58.46268236329592,1.0797740986023256,1.0790273473964174,0
47.55227428287126,1.0797693296390194,1.0790386391122408,0
37.926636849773146,1.0797570280401723,1.079040798803161,0
37.823905039823586,1.0797129360873348,1.0790439025577614,0
34.79697143156318,1.0796666387330696,1.0790352962476113,0
38.68206600714017,1.0796314667506395,1.0790230351506276,0
34.78052267575322,1.0796043744770019,1.079014516018421,1
32.02956586542095,1.079547830645813,1.079009862819983,0
32.418145681244184,1.0794794779193804,1.0790034284740928,0
29.238980556192573,1.0794128883885032,1.078993277314182,0
11.578219759065107,1.0793401211991398,1.078994857546563,0
15.41305433014081,1.0792830478202842,1.0790070304278894,0
15.110550647977846,1.0791876267548335,1.079009050120163,1
12.92321056618033,1.07904878686059,1.0790037386352846,1
16.943181514536448,1.0789029631427045,1.079002984397003,1
22.676844837482662,1.0787595408623116,1.0790049878671224,1
37.14610309525821,1.078603050790846,1.079010603130427,1
40.87974636064923,1.0784643509989933,1.079018909686484,1
48.356410799454274,1.078363606353216,1.079025699430047,1
45.173705284558345,1.0782658259707956,1.0790227437767763,1
48.679813689235424,1.0781960238206822,1.0790129656288192,1
56.130166061839496,1.0781736174572454,1.0790114824943522,1
44.72041577963911,1.0781343709213496,1.0790090351378634,1
48.94182510279512,1.0781151614628985,1.0790063045297276,1
56.86016261891027,1.0781423050769283,1.0790100970426455,1
56.62442628017659,1.0781659059199893,1.0790160681635113,0
68.7018998378436,1.078221858193415,1.0790214752189358,0
77.7880039483326,1.078271065003221,1.0790179480000945,0
77.0025091603687,1.0783063776089972,1.0790108188560252,0
76.15915570490816,1.0783536879231805,1.078997372575903,0
58.92597483751002,1.0783717025596544,1.0789686205301972,0
53.41380449528462,1.0783667081289188,1.0789478162805206,1
46.473008345644615,1.078374384089002,1.0789234256140765,1
50.11664061510472,1.07843016462289,1.0788967843359372,1
52.010320951101384,1.0784938356934313,1.0788802215244724,1
47.33975783800463,1.0785549870964044,1.0788669437666953,1
58.85402785283952,1.0785975367408078,1.0788648796441829,1
56.67648837787116,1.0786352527208822,1.078851127089623,1
53.10275468715139,1.0786787015802406,1.0788344971703356,1
51.94257287329826,1.0787252143558927,1.0788232231950752,1
43.84510371296185,1.0787681366839323,1.0788114126160968,0
45.59921408968623,1.0787820662698469,1.0788020914456053,0
49.57157598935648,1.0788381225051977,1.0787931873101455,0
47.343307053478284,1.0788816565144357,1.0787786978833227,0
64.94084755100032,1.0789078031933805,1.0787651968113332,0
65.2051707646097,1.0789127371219265,1.078742911333813,0
65.19013826738266,1.0788764287122032,1.0786964199215265,1
64.65261409112058,1.0788598698860494,1.0786602206123606,0
60.04640566758439,1.0788424636090896,1.0786337536580342,1
55.06205504691926,1.0788177460903516,1.0786069218964147,1
55.42655286353114,1.0788396433037912,1.0785948384107833,1
52.562227458265994,1.0788699542634372,1.0785880661302878,1
43.64343690384297,1.0789137153304593,1.0785861005301913,1
52.385880891030716,1.0789661338255623,1.0785980634312282,1
59.1386997739169,1.0790285571592668,1.0786249888949515,1
65.94280283569562,1.0791097059194852,1.0786582394342337,0
62.24954965689051,1.0791742612495965,1.0786928343532207,0
68.22719200976442,1.0792597393644736,1.078735890577087,0
60.33267649763977,1.0793129542118909,1.0787678876873397,0
61.47411722109114,1.0793524336895477,1.0787990413154929,0
55.6266149617552,1.079355788368704,1.0788176794839222,1
58.71847654341309,1.0793882199603875,1.0788441603016465,0
55.66633252348513,1.0793974250971705,1.0788771066470801,0
56.91526017884911,1.0794110502275065,1.078923603230089,0
50.74465027807316,1.0793963740220556,1.0789625611630735,0
55.17052707627802,1.0794091075324403,1.0790027380018647,0
54.519832586865036,1.0794326902817353,1.0790282757178822,0
45.401056838003214,1.0794263893763467,1.079045035963302,0
41.02165681467673,1.0794280415726398,1.0790595277458035,0
29.83197426136276,1.079414996189803,1.0790665899840175,0
28.657072479398366,1.0793760388550993,1.0790668444245501,0
18.762177103128835,1.0793145871048877,1.0790444539893445,0
18.185352133560073,1.0792347790018073,1.0790262637623744,0
20.297752084718994,1.0791366604170218,1.0790066630128774,0
20.84415885762631,1.0789859866564777,1.078962461526771,1
9.299549226210544,1.07878950973691,1.078907680961002,1
9.902784594346116,1.0785972291702546,1.0788429827439565,1
9.601305344486434,1.0783783339565827,1.0787787981584318,1
22.375246333962053,1.078203553584867,1.0787267580776878,1
27.927541376325195,1.0780698852044626,1.0786855202280057,0
27.089862055716978,1.077958454824906,1.078652380390023,0
31.93947177171357,1.0778302884865971,1.078629592444718,0
33.25027788100222,1.0777263210843775,1.0786178814452305,0
35.08730395144923,1.0776152894879836,1.0785976531761265,0
33.62524693628637,1.0774954796336713,1.0785632187391696,0
38.766302957480086,1.0773650578238945,1.0785267662928606,0
42.66239555120869,1.0772376778339061,1.0784843321551216,0
40.39358519254321,1.0771233336298198,1.0784402683268772,0
49.84663857275919,1.077008999240293,1.0783916468098242,0
53.32965752891535,1.0769049098570334,1.0783384681844739,0
48.0456737840662,1.0767961015964398,1.0782780303895532,0
50.89169343230366,1.0767205329171208,1.0782198406482542,0
42.643521495281746,1.0766721131608734,1.078159860024645,0
25.196930472943407,1.0766033657929215,1.0780953467242718,0
35.37999314445611,1.0765780078247063,1.0780305433793014,0
25.68882042172247,1.0765483098252937,1.0779619100423488,0
18.640892709080006,1.076509975657742,1.0778964015221721,0
19.295433928573274,1.0764759254655891,1.0778252203902476,1
21.177795521543857,1.076402451368207,1.0777507531813346,1
19.927302166711968,1.0762929929155312,1.0776756189580774,1
33.78556997691841,1.0762246194170313,1.077606370835319,1
32.563308979455925,1.0761351255929197,1.077535660976511,1
42.56803639208939,1.076071010856292,1.0774807996555635,1
46.90407125828295,1.0760224152042308,1.077420165727594,1
51.77357062295433,1.0759976335022767,1.0773508492763737,1
53.193833067694506,1.075980179882363,1.077274955878012,0
60.06190423827341,1.0760032678638103,1.0772159348008072,0
60.823920521676335,1.076017988417653,1.0771435679481491,0
53.6758973569172,1.0760092679496895,1.0770701723049438,0
57.68286466162681,1.0760004854328824,1.0769976888818078,1
60.340638056636784,1.0760094650264933,1.0769395010526688,0
54.243843541955435,1.075990921808677,1.07686092138757,1
56.7978641529952,1.0759669241280618,1.0767876596370014,1
63.79591117116168,1.0759859793286064,1.0767253183647116,0
59.122354244838455,1.0759933842808453,1.0766693474828173,1
61.70804192960511,1.0760229561682664,1.076607449496679,1
49.676849153252014,1.076051927350838,1.0765440963498132,1
51.713248321272395,1.0760982463370208,1.0764939631745172,1
47.82780826494843,1.0761417211872948,1.0764362250271966,1
53.12072550975615,1.0762213678834809,1.0763981676355485,1
50.9542829127219,1.076301948858648,1.0763767348367386,1
56.148118305812346,1.076399144357131,1.0763694838774083,1
61.775994722240554,1.0764595488034554,1.0763707075762228,0
69.36290281045825,1.076528856245208,1.0763770440588685,0
71.98807380733071,1.076613204837434,1.0764017365487561,0
77.75478710533076,1.0766783199483931,1.076430479962605,0
74.29754281931982,1.0766975878161165,1.076456078259152,0
62.09127245060842,1.0767119243673788,1.0764770041124674,0
62.91396044797706,1.0767492031615,1.0764884321355972,0
66.43630039336199,1.0768078043668217,1.0764928565467513,0
62.69038352095196,1.076845674540371,1.076494388938855,0
57.73947800020425,1.0769026032972202,1.0764898473118192,0
55.43359889887301,1.076938988156716,1.0764727264659368,0
44.523319507870156,1.0769364878120569,1.076453797694341,0
37.373947758365595,1.0769399816124416,1.0764471482743254,0
33.491819243779275,1.0769368634637109,1.0764361717526056,0
32.64870363239818,1.0769385053323701,1.0764244273491987,0
22.511896781393943,1.0769022598495415,1.0764055336624059,0
16.22069975676787,1.0768812067114575,1.0763851080156623,0
17.406495554875676,1.0768317935347669,1.0763689211066418,0
17.074814096493668,1.0767424455731103,1.0763552724274066,0
19.11422527927192,1.076646411135008,1.0763398351645632,0
17.115921448528283,1.0765532538464349,1.0763231638504474,0
9.760641440445411,1.0764324136385044,1.0763086631971015,1
9.631308753461852,1.0762730075148803,1.0762797364248258,1
25.024296694558686,1.0761527748837125,1.0762722659859727,1
26.780955021755233,1.0760309414889713,1.0762644645916435,1
29.073579978237987,1.0759274919042023,1.0762576306879126,1
32.39176841513165,1.0758330689413835,1.0762606791648677,1
53.17326994222066,1.0757815823881267,1.0762882923357895,0
49.4750350484268,1.0757316774226893,1.076297212141118,0
57.807143382280366,1.07569534784903,1.0763139362142633,0
54.02811199330924,1.0756686137998552,1.0763117676433618,0
52.03507149809628,1.0756472798932653,1.0763037435699547,0
52.0690469502601,1.0756068775504568,1.0762908458935976,0
48.6665176431346,1.0755605926141316,1.0762683368453132,0
47.87292064784592,1.07551820069672,1.0762304004823628,0
45.74699782713486,1.0754781009149221,1.0761895786613136,1
54.04750939949251,1.0754493983934759,1.076161160193177,0
47.64996167983136,1.0754221850158678,1.076137600939836,0
51.87943559266983,1.0754122425516037,1.0761163834374508,0
50.37419135097426,1.075398142472626,1.0761027234301428,0
44.694542010767165,1.075375829911427,1.0760867261637934,0
24.432120926813695,1.0753700538310393,1.0760622929980748,0
24.65627958138937,1.075368960929326,1.076029967084218,0
19.732112012233912,1.0753354145546057,1.0759972493405083,0
19.39220212733612,1.075298473067748,1.0759630828784077,0
18.649017062033153,1.0752496244502792,1.0759181819332162,1
16.196952735859796,1.075153965663176,1.0758655769552201,1
28.29741469370525,1.075025460947101,1.0758099295612376,0
26.699635410008625,1.074905325446477,1.0757385627762497,1
37.912203896411576,1.074795893178475,1.0756726357428008,1
38.58611692061672,1.0747131060795732,1.0756131905538089,1
34.33576715719748,1.0746191108396421,1.0755398454077285,1
29.378933549828616,1.0745195926114912,1.0754534010032204,1
42.151384040412395,1.0744753667522475,1.0753871555668548,1
49.179812894519976,1.0744580241525594,1.0753345750169399,0
48.19163182781988,1.0744623263154776,1.075289739440553,0
52.6853594789902,1.0744562869614938,1.0752439937131744,0
51.771097770841436,1.0744399598674255,1.0751904631400777,0
56.04368180761259,1.0744237815394766,1.0751476262370931,0
56.68622963567331,1.0744038383121963,1.0751032174361332,0
56.978164289132046,1.0743589178374644,1.075054698036093,0
48.13317448478784,1.0742898605673576,1.0750036421001952,0
50.51018537483871,1.0742385804479546,1.074949406618423,0
42.50558757505705,1.0741757041765352,1.074892785625638,0
37.68062976239532,1.0741247129458504,1.0748375659237999,0
38.28772747707928,1.0740709603317329,1.0747856621260925,1
39.20242429355609,1.0740371199823873,1.074727942263592,1
29.854031543061637,1.0739959872137954,1.074675607032849,1
18.86886983615034,1.0739688647347156,1.074629130440892,1
18.91192095979872,1.0739241466484888,1.074583729948193,1
23.853442939864777,1.073876581137037,1.0745425214700497,0
28.9923167605547,1.073855514750083,1.0745090858523598,0
35.50142815954753,1.0738724729810332,1.0744931871896817,0
36.34676936049133,1.073844125778658,1.0744636959248333,1
42.675971399088326,1.073783070162476,1.0744354264863418,1
42.77098690657377,1.0737029706849983,1.0743999309528713,1
40.73217441453138,1.0736125759001636,1.0743557964966866,1
51.68704194267701,1.0735461153597878,1.0742962763287423,0
57.906298492628125,1.0734926693392828,1.0742520230037307,0
67.64243552693998,1.0734643856248098,1.0742108325464452,0
61.719328921207364,1.0734396743388033,1.0741631222516723,1
62.466345256494236,1.073451033567784,1.0741251435700028,0
53.18617331011805,1.0734344986261983,1.0740804550487197,1
56.16963294359736,1.0734484014530068,1.074047909161188,0
51.866487709855264,1.0734577966738903,1.0740134043146679,0
52.630826419804,1.0734938498100743,1.0739919616841536,0
42.628192728834776,1.0735216515298778,1.0739568435181528,0
48.58419314377538,1.0735542232845754,1.073928422340332,0
45.361420359067665,1.0735611082098668,1.073888676704197,0
47.27777245306901,1.0735581112778152,1.073847717470269,1
45.546841957361444,1.073526958466751,1.0738029728921792,1
37.43879534643266,1.073462282253994,1.0737459772215419,1
32.45384808328245,1.0733773255053825,1.073696533020104,1
36.03017595476976,1.073326357982473,1.0736600732959802,1
49.99384092583278,1.0733218385625762,1.073644772684273,1
46.88524953111064,1.0733382931184816,1.0736353984201523,1
56.4968186133463,1.0733779326042738,1.0736453832731256,1
54.494903860649714,1.0734065819612202,1.0736487247343898,1
57.42172158586525,1.0734232147555043,1.0736591787273413,0
53.9423804757245,1.0734203107425,1.0736605995720552,1
60.111836320151156,1.0734472457613755,1.073656778124393,1
58.08529970360798,1.07346599578263,1.073663897547198,0
62.52962912792606,1.0735036466873007,1.0736740766790434,0
65.8903648190708,1.073526663417611,1.0736684278273336,1
72.04754683517629,1.073554320464035,1.073651922839258,1
88.42514631777433,1.0735838355605096,1.0736405653821663,1
78.9831176139188,1.0736173468996284,1.0736212674934067,1
73.94652043027631,1.0736325175911277,1.073605445429813,1
71.35520825138764,1.0736983429858544,1.0735985012827483,1
74.88552957647936,1.0737916561065324,1.0736028445880033,1
75.54239411394485,1.0739201783323604,1.0736274770901375,1
74.95737294822362,1.0740753813085835,1.0736601855180319,0
74.43351833697838,1.074233981334748,1.0736946933748215,1
80.00880653057355,1.0743805235666453,1.0737420010520242,0
82.6008412168606,1.074510466053151,1.0737990739271934,0
68.3201868074042,1.074609677159157,1.073850885151122,0
64.34934501440736,1.0746724064264312,1.0738994978507435,0
68.06333418885306,1.0747512959356578,1.0739508482231346,0
67.01106839581294,1.074818548856626,1.0739990523761056,0
61.83965133496577,1.0748808581955225,1.0740432841908687,0
61.018283988295494,1.0749214289657325,1.0740747172558716,1
58.92377086549911,1.0749456123048504,1.074099936569105,1
47.53988383953759,1.07495743700065,1.0741080622868902,1
50.76380388633856,1.075001790525039,1.074131493725886,1
45.85270431650741,1.0750466839604333,1.074157368358441,1
45.564115418999684,1.0750783120879412,1.0741907019433437,1
46.59825749416789,1.075134751848151,1.0742301378726016,1
46.446300963338814,1.0752063999190289,1.0742695592535092,1
43.99176690911021,1.0752635562302193,1.0743068560391227,1
55.64599187564933,1.0753193559682797,1.074344832725391,0
58.862970563137765,1.0753454553373447,1.0743897894895542,1
52.27034780001777,1.0753667202267327,1.0744264601816114,1
56.79046767314974,1.075394705627497,1.074478776175341,0
57.523747170555374,1.0753997466498364,1.074522539130756,1
64.76012629315076,1.0753813072397524,1.074568478153538,0
69.87589764168017,1.0753981233298278,1.0746125945590235,1
83.16227867462578,1.0754464488157436,1.0746694167650899,1
62.460924990718105,1.075448467425703,1.0747085458795858,1
65.42198997373512,1.0754653605607474,1.0747607533164578,1
64.23773332323319,1.0754888236467623,1.0748155691384476,1
64.67206572349312,1.0755417110132455,1.0748806182744695,1
63.99287524378402,1.0756145776056374,1.0749608547097622,1
66.30580663916365,1.0757325984631971,1.075050171470016,1
67.19647514864624,1.0758395547113804,1.0751367724174488,1
74.85567233859398,1.0759670460752822,1.0752154513635233,1
79.56316716329556,1.076117061752098,1.0753022093967903,1
78.74765097688905,1.0762626269635587,1.0753840156163157,1
82.42656195298761,1.076394239773786,1.0754646223785356,1
83.70339757120823,1.0765247565179126,1.0755474727440861,0
84.13192583425408,1.076650150147152,1.0756367684872519,1
80.97924349813923,1.0767803704661023,1.0757230393714448,1
94.98661456727031,1.0769211311382592,1.075808514323863,1
94.30494781914321,1.0770498298885822,1.0758972494558536,1
88.87291545276517,1.0771736304812034,1.075981325956193,1
89.4444488800095,1.0773168645844255,1.0760734958016944,0
88.72768028967211,1.077454945219819,1.0761610384227471,1
89.17655210201359,1.0776119787028438,1.0762672694863757,0
75.10389313621104,1.0777712950162506,1.0763640568496349,1
67.96374399912429,1.0779115384633164,1.0764460315074427,1
63.01834951843461,1.0780557773538006,1.0765212176373549,0
66.1511837370476,1.0782064650950864,1.0765951329795598,0
67.351898780592,1.0783514909015757,1.076671298546959,0
65.47687609767688,1.078477055073461,1.0767474009655016,0
55.750211478120924,1.0785654084837435,1.076810726384288,0
51.46650700339037,1.0786162091981288,1.0768577486215145,0
51.10172503018705,1.0786501924276306,1.0769184155041795,0
45.57182165063532,1.078659343382453,1.0769787903987242,1
46.79903782880748,1.0786600333947156,1.0770281173621588,1
43.03848244797771,1.0786551449106665,1.0770821111657023,0
39.28363065980216,1.0786245403482622,1.0771342413483478,0
36.97370783249419,1.078622652118844,1.0772035286326895,0
49.17074232542875,1.0786330505834574,1.0772834896353056,0
45.10354983828823,1.0786204041950975,1.0773624363336325,0
41.77346702464729,1.0786065812317167,1.077423242238864,0
30.476676469573107,1.078539114698548,1.0774704680969402,0
26.964381358054595,1.078459081306303,1.0775133461100916,1
29.161727234950803,1.0783598131173409,1.0775572939940516,0
30.60234229953278,1.0782787188882978,1.0775929844373424,0
35.504996367356654,1.0782128882995017,1.0776257643351557,0
30.496300538506716,1.0781237331133813,1.0776429684953956,0
37.24707789949649,1.0780294868396147,1.0776687455804677,0
37.1869922771372,1.0779209218868404,1.077692979211002,0
34.98035581253238,1.0778078823879875,1.0777126716696974,0
37.369458130900796,1.0777103587285022,1.0777349712157545,0
25.70114737527858,1.0776111159621617,1.0777496721104782,1
16.14579450765561,1.077489739360941,1.077755061916625,1
25.012047076129377,1.0774033412666626,1.0777615473790916,1
29.64915013945391,1.077330906221001,1.0777810928802778,0
43.47392822683548,1.0772667081510263,1.0778026502018139,0
48.82494366677437,1.0772221148186685,1.0778275578171101,1
45.34377050691344,1.0771555860063973,1.07784907862995,1
39.66468810192561,1.0770448079896826,1.077855581788924,1
35.91915878192624,1.0769535457724912,1.0778508152573503,1
42.027371653522636,1.076875858359142,1.0778377636979686,1
48.76023860579446,1.0768617542124341,1.077828351351801,1
54.9387296149983,1.0768696932856459,1.077814398723511,1
60.85746826189204,1.0768891774494347,1.077807914188402,0
63.25627431656245,1.076923833102946,1.0778048217690066,0
66.32557278373831,1.076940907249399,1.0777922246277503,0
73.97738021378836,1.0769825732738685,1.0777759377460823,1
72.03057114648665,1.0770158130242131,1.0777629226037122,0
64.39339335190883,1.0770432920794302,1.0777418435874706,1
57.95612304212219,1.0770648227787638,1.07771866882577,0
55.273687604074986,1.0770846600907136,1.0776993830595587,0
61.22239901546829,1.077147654927965,1.0776819882478939,0
59.309262771729216,1.0771967349223117,1.077651777797622,1
64.60753737101751,1.0772493852759342,1.077616510008328,1
60.155268633892476,1.0772819988186697,1.0775853744012456,1
47.44408499976388,1.0772782804379726,1.0775493469916764,1
49.42060365006413,1.0772873913156937,1.0775202034018674,1
46.11494788519033,1.0773053358049314,1.0774886269138881,1
48.846252267349186,1.0773679882339846,1.0774621807218874,1
54.64693617717423,1.0774467066927025,1.077438675905047,1
60.52337483660472,1.0775567335912524,1.077434293740972,1
61.354611785125456,1.0776458447393824,1.0774402055683023,0
64.65880755390862,1.0777223043773891,1.0774432435034142,0
67.21013448791973,1.07778086699333,1.077456523632753,0
70.72619210165918,1.0778491185806076,1.0774804558433635,0
63.78048758100131,1.0779163490864108,1.0774967062980478,0
70.64576709235055,1.0779720444002334,1.0775149393668706,0
66.02269090865214,1.0780195619591433,1.0775216865398318,0
60.33068159516626,1.0780495981096183,1.077508462597935,0
67.49932505558387,1.0780874712468682,1.0775054956464785,1
54.77334964495328,1.0781001389584643,1.0774968061502574,1
52.2851203578636,1.0780895182622658,1.0775021496733812,1
50.730912892171546,1.07812308802029,1.077517380483217,1
45.25663300026514,1.078131417355094,1.0775251517034292,1
43.39307604483734,1.0781789553564753,1.0775454689885164,1
35.57048368996182,1.078225167032174,1.0775542584847455,1
41.81641475875608,1.078271548486147,1.0775793295509737,1
43.246965722960624,1.0783170785249276,1.0776036635880133,0
32.893640172747595,1.0783180502844476,1.0776210320809303,1
45.934093919840656,1.0783476734292399,1.077654592321548,0
47.69665916283782,1.0783454427197239,1.077688327337461,0
45.990786758543585,1.0783216688923212,1.077724426740366,0
48.101401562680735,1.0782791359176387,1.0777590021260932,1
46.93984169402613,1.0782281587768812,1.0777864506368404,0
53.04509909231162,1.078156618496113,1.0778107407534083,0
53.21665962867625,1.0780983085281517,1.0778293464488982,0
48.88497029529622,1.0780453099465848,1.0778442174180374,0
53.115848905922455,1.0780064441448889,1.0778620297952286,0
44.757546271324586,1.0779933326376843,1.0778878724571357,0
43.0373828156495,1.077949125492595,1.07790372753452,0
36.46538463023725,1.0779309698556303,1.0779188507488529,0
26.521644450307434,1.0778765061641709,1.077908050454076,0
32.668297051993804,1.0778143696858327,1.0778952510432915,1
11.004353807717507,1.07774469685095,1.0778673594640353,1
12.528104668235457,1.0776523176833384,1.0778368628206731,1
24.59329077324395,1.0776015571539408,1.077818518446562,1
25.722779811990222,1.0775186964838899,1.0777937788349823,1
33.53042223079717,1.0774416276018701,1.0777739894190759,1
32.60836523551927,1.0773837983750751,1.0777572345991882,1
41.31372839658542,1.0773116051558254,1.0777533052723725,0
41.097086386773526,1.0772348908266602,1.0777484196318394,0
35.59297439948206,1.0771587313630449,1.0777288573143982,0
39.9414485990696,1.077113986784107,1.0777259028708115,0
44.993433316805664,1.0770660056296397,1.0777130987783228,0
42.51115595024622,1.0770073138355465,1.077700866760159,0
50.05036242992632,1.0769399147607648,1.0776940001780149,1
48.12657635483992,1.0768763135303434,1.0776797863038972,1
59.029210100125816,1.076823346622239,1.0776692341221517,1
49.34447459963885,1.0767471828454427,1.0776395503017189,1
43.499548857706564,1.0767003897402891,1.0776052007535548,1
50.547855762032434,1.0766652106114902,1.0775622415569481,1
46.255010481156624,1.0766684453761168,1.0775170907087697,1
54.57308100962729,1.0766860215588214,1.0774807379158646,1
45.469849077163786,1.0767171720650341,1.0774418814927171,1
46.38087831806705,1.0767431038942903,1.0773944569461462,1
54.45129615503769,1.0767582095420287,1.0773552626288092,0
51.176670645206045,1.0767890361274204,1.077320575525857,0
51.462249933952464,1.0767980877378602,1.0772853997305627,1
60.217781480058946,1.076821382352394,1.0772659482962985,0
58.89986335666482,1.0768085911204985,1.0772417532218246,0
54.99608350059377,1.0767921095205208,1.077225207856662,0
43.43170465534319,1.0767803154049993,1.0772051761714916,0
65.87514979067663,1.0767785087501245,1.0771880711627453,0
45.3002681821635,1.076734923695854,1.0771545013146266,0
44.0610695539493,1.076709894366817,1.0771132423642957,0
43.16731034509078,1.0766925467127535,1.0770809520502462,0
28.941721286359865,1.076650655099784,1.0770314289493519,1
31.22768330502906,1.0765932766865334,1.0769797133867938,0
34.77105056249934,1.0765720458693415,1.0769411485356768,0
34.75488788313622,1.076559313430736,1.0768898567541532,0
27.39891886079144,1.0764974300172652,1.0768230364759648,1
35.03815722158534,1.0764531407163471,1.07676967943838,1
30.973245147286065,1.0763781373873174,1.076720338503736,1
35.590383174990095,1.0763145477544351,1.0766764370837385,0
40.29431613204568,1.0762648424998962,1.0766377465476595,0
39.36504821769384,1.0761931018458675,1.0765931799558954,0
36.45422148275087,1.0761297783839,1.076554362900783,0
45.37122031915513,1.0760665286543927,1.0765094335343643,0
36.659055152189346,1.075964466106602,1.0764544016838655,0
41.6443551482898,1.0758897076120921,1.0764179860696235,0
44.43954171010441,1.0758124911004174,1.0763778163545772,0
40.50929233181197,1.075730377097128,1.0763467245446745,0
37.31398975904165,1.0756219210684157,1.0763110917157783,0
35.856378307366015,1.075565863835923,1.076282968108616,0
44.27121178137079,1.0755030135647465,1.0762535207168589,1
39.81652110217563,1.0754478702202277,1.0762194772767613,0
37.60602901412414,1.0753978475920996,1.0761830893926358,1
31.11162252326349,1.075332043266728,1.076135879652737,1
25.78920941820114,1.0752573627053938,1.0760905742678042,1
40.265596405295646,1.0752023058649793,1.0760461370378147,1
36.16717663924046,1.0751853192574345,1.0760032078482742,1
43.43861421221674,1.0751641151426665,1.0759718329502288,0
53.23096790098654,1.0751545554060007,1.0759365659524933,1
44.022986405297345,1.075127442273572,1.0759010117413113,1
46.859750222348836,1.0750855121680714,1.0758690258806693,1
51.1390170082136,1.0750542062231745,1.0758388965408594,1
57.63515284447257,1.0750220480650767,1.0758126567146764,1
62.932710498092405,1.0750162914746064,1.0757866114753112,0
64.79016646560396,1.0750470007545414,1.075774328847505,0
67.09610825132265,1.0750780000707745,1.0757690302018177,0
69.77566813380665,1.0751061532153887,1.0757541933961363,0
72.30135663546065,1.0751409043043116,1.0757357081159524,0
67.7498481370987,1.075170836843242,1.0757050178295464,0
61.42943357355814,1.0752014025001555,1.0756766602826644,1
59.620463685793474,1.0752274428374535,1.0756472562941244,0
57.81943610286037,1.0752562087649369,1.0756186769659246,0
51.561477061204265,1.0752911020072433,1.075583915744565,1
54.7703855476027,1.075337776509706,1.0755517551614753,0
59.80123767834554,1.075396493836919,1.0755206188616142,0
49.25700823381971,1.0753957633131164,1.0754810059148618,1
55.53157198589235,1.0754285644469996,1.0754577898188658,0
48.66047786103085,1.0754408399686552,1.075436042775691,0
39.55500565560359,1.0754221615640736,1.0753940270780733,1
34.293448168558356,1.0754131094475323,1.0753722860419828,1
37.533532133713834,1.0754082598493722,1.0753483720736916,1
38.716524361370574,1.075404708131199,1.0753237611082378,1
46.919372533678406,1.0754069695936355,1.075315182512217,1
48.961151723209454,1.0753998235616296,1.0753092302253497,1
51.888898607062536,1.0753917504597736,1.0753022106836778,1
50.656528388846375,1.075372623527246,1.0752943542404214,1
54.80688177377895,1.075366403064041,1.0753017826148465,1
61.42976363889759,1.0753930344212068,1.0753116655978963,0
52.12609994550153,1.0754083423761105,1.0753170998250638,0
62.82363169516314,1.0754210284372643,1.0753192525557962,0
53.96623463455708,1.0754400742436636,1.0753173489916314,0
59.72023874854771,1.0754603726620984,1.0753255852924168,0
68.5588686029413,1.0754819782980463,1.0753247957102237,0
55.54319663430884,1.0754767833803585,1.0753158570518615,1
56.10925536465493,1.0754636379392468,1.075320287594672,1
57.822069632754044,1.075485690497144,1.0753193990688825,1
59.845801062385185,1.075498262576573,1.075332098409328,1
50.12689206914434,1.0754960265035804,1.0753423025382718,1
53.758295889047425,1.0755414864357937,1.0753618532250244,1
60.236890556378626,1.0756200861749887,1.075393974977609,0
59.05698761861881,1.0756925177888512,1.0754241737633334,0
48.00321551308816,1.075746813685115,1.0754433384941926,1
52.1535979601445,1.0757801370991893,1.0754680983150526,1
51.663868517514864,1.0758024589132025,1.0754973964839396,0
53.55110217415037,1.0758287694024757,1.0755307733625106,0
48.01868113668903,1.075839456636292,1.0755492145489465,0
57.1685056358527,1.0758750372248622,1.075577669801818,0
60.01518538458416,1.0758672674659686,1.0755929265272173,1
52.232359142706194,1.0758555975700679,1.0755975166906908,1
54.85366583823848,1.0758584335554182,1.0756116490685346,0
42.7216196894513,1.0758261748558327,1.075613614066736,1
45.807454965849814,1.075778655003623,1.0756153648045963,1
52.168192824847466,1.0757905581765128,1.075632199754798,0
44.24376736409806,1.075828435785144,1.0756407147760765,0
42.06845932591853,1.0758471495337736,1.0756403471063647,0
45.80758950741026,1.0758607838630627,1.0756325125857977,1
47.014150724425996,1.0758513121893811,1.075630161998925,1
47.58260150421951,1.0758633056954996,1.075631263094747,1
47.95753145718797,1.0758679127398498,1.0756406835836674,1
46.44707024288679,1.075821421901214,1.0756419827380324,1
46.94107433164831,1.0758059107567195,1.0756555609310399,1
51.78768618303341,1.0758134404597832,1.0756662311721312,1
61.82406704189145,1.0758379766890385,1.0756868481877708,0
55.05974139534893,1.075852880602787,1.075703438121172,0
71.70245268784657,1.0758786234304651,1.075723625199929,0
71.3590969869814,1.0759093813929588,1.0757546617808835,0
61.45316065428565,1.0759209746651424,1.0757746338890748,0
55.25540183504993,1.0759352893308933,1.0757907062721124,0
56.01494462768568,1.075960738099531,1.0758129473048736,0
59.48870425362645,1.075979909291401,1.0758383690060822,0
57.15951413933822,1.076026545696286,1.0758609284055014,0
51.967615591664455,1.0760634367013917,1.0758788562326733,0
45.87464333107945,1.0760439147394287,1.0758869778131155,0
54.12243624833019,1.076035057726836,1.0758948084421593,0
42.147044277913714,1.0760335766610856,1.0758970775868897,0
40.062241284042116,1.076031191733318,1.0758959398682268,0
35.024650382772194,1.076029794233634,1.0758955184667622,0
30.397228560539773,1.0759972267515545,1.0758729400268863,1
16.894342887301974,1.0759326584286621,1.075850410004688,1
20.116240337049476,1.075888720941634,1.0758290597397804,1
16.586319985367396,1.0758084147933598,1.0758028971509181,1
26.35744504450038,1.0757402828044893,1.0757781952290877,1
35.575080720902406,1.0756757510114867,1.0757643572731468,1
35.76316814348654,1.0756314289894755,1.075765296364819,1
46.84327827295174,1.0755951078122192,1.0757762131491182,1
50.063601861035316,1.075561396081179,1.0757849440144975,1
55.82302751788603,1.0755332542913247,1.0757886305749755,1
50.10345687867028,1.0755103430779795,1.075796432901872,1
62.00857555818282,1.0755391713877234,1.0758120212856455,1
67.59663604682416,1.075587431122657,1.0758253069851493,1
67.58973990855225,1.0756425231665614,1.0758409305565855,1
78.30969525148339,1.075716221350227,1.075866619298718,1
89.31592700159922,1.0758199567480133,1.075902905672645,1
88.02434707306725,1.0759110007571517,1.075938225179739,0
88.57400663001991,1.0760016309731464,1.0759662222151578,0
88.4095202750818,1.0761071358593801,1.076003011557462,0
87.53731600046632,1.0762135919180507,1.0760309403440376,0
86.94435201024564,1.0763515531267562,1.0760666542912012,0
77.58055956879632,1.076499067161396,1.0761077978412195,1
66.94035807542907,1.0766157719454719,1.0761319950958017,1
65.75439573440113,1.0767470743061134,1.0761712569310307,1
71.62433389007636,1.076876100223708,1.0762171733171215,0
62.69038658507166,1.0769872369335025,1.0762430287759428,0
60.43503489187331,1.0771091325560953,1.0762775750731994,0
56.02103050407826,1.077193172856997,1.0763146224784075,0
48.71364984689845,1.0772626389309905,1.0763456860416687,1
40.71081357474836,1.0773213633214875,1.0763766510278183,1
41.0009883967225,1.077387614838003,1.0764061565588736,1
48.89156345826508,1.077428630336796,1.076436308324424,1
39.7894084224021,1.077428266888441,1.0764680449800401,1
47.28485030494163,1.0774482466471205,1.076497864912746,1
55.02878088262715,1.0774919313667892,1.0765380156615205,1
58.8843318238068,1.077514639462063,1.0765735707818547,1
72.90257657593321,1.0775583003062115,1.0766203930611087,1
65.77321464183541,1.0775959630553626,1.076653158065117,1
66.26410330006806,1.0776366442813665,1.076693916712825,0
70.22652481504275,1.0776918580648076,1.0767392937039038,0
68.8188985542293,1.0777572784907066,1.0767954499551267,0
72.96292670235735,1.0778349795404187,1.0768574944175746,0
62.56627718253069,1.0778941319382378,1.0768976841545363,0
59.98136567538011,1.0779401162927538,1.0769366851696176,0
57.72584672918873,1.077963137476382,1.0769770536271177,0
51.65226089877253,1.0779748719371756,1.0770154116550417,0
54.932604460180094,1.077966893600244,1.0770503094225625,0
48.446934817707465,1.0779631895565107,1.0770864676365774,0
36.581517729970074,1.0779629368994554,1.0771183841081235,0
33.697260950495505,1.0779478106947844,1.0771438576122783,0
25.069442960798327,1.0779231906839615,1.0771765421318364,0
33.93712367743565,1.0779038436303463,1.0772247824050976,0
26.180056812359794,1.0778862056432725,1.0772670388606955,0
18.296663248560193,1.0778403221620498,1.077310627860222,0
11.19479709886599,1.0777580844621646,1.0773451363245905,1
13.843049299007887,1.0776815188253908,1.0773758779074165,0
22.819097340926746,1.077593051274642,1.0774050419751753,0
17.98306577847262,1.0774747613318645,1.077405019472975,0
26.08316922597602,1.0773556675941762,1.077411625318024,0
36.88415808184365,1.0772424102308733,1.077422956079723,0
33.3437445110567,1.0771004485103073,1.0774314921280577,0
31.994397950386812,1.076944135762403,1.0774194801674464,0
32.89501269167825,1.076825382947801,1.077392864884594,0
33.66142069094481,1.0767049159800615,1.0773616422950176,0
36.77545567610955,1.076597196655697,1.0773294437493057,0
26.085792329590944,1.0764749532761075,1.0772774102662794,1
25.22128532070603,1.0763341073373298,1.0772195520546335,1
33.869404957298585,1.076222633808237,1.077174868770614,0
32.824403014134745,1.0761096061597808,1.077119372228284,1
36.57781056955755,1.0760311119377197,1.077070865620146,0
36.179947278,1.0759686804833748,1.0770233930744837,0
39.18968244609928,1.0758622875251331,1.0769700705505925,1
37.56558452875059,1.0757753398806393,1.0769308660347625,1
30.407352442951975,1.0756943513072093,1.0768895386606603,1
31.84819863199013,1.0756133811921607,1.0768400487119716,1
35.87916896973026,1.0755310005308023,1.0767933833463363,1
39.81139772569949,1.0754488956293997,1.076740947204497,1
45.971546939307466,1.0754230744534152,1.0766969801115422,1
50.01432193423536,1.0753996025419368,1.0766664107624024,1
60.51371999867167,1.0753607071486364,1.0766386936105825,1
59.15447529440342,1.0753169300420644,1.076603218209682,1
50.4216414421626,1.0752806327272988,1.0765602811236477,1
65.93506315395621,1.0752952349383789,1.0765396521045691,1
64.44998535373563,1.0753320445756567,1.0765151614664321,1
69.59432808835089,1.075401034619337,1.0764930850503247,1
82.06094387789202,1.075520154053546,1.0764796161028727,0
81.52246337789144,1.075659669432949,1.0764600997053286,0
82.66298020158096,1.0757806179603961,1.076448730732627,0
85.35243389413804,1.0759149410867548,1.0764306909504393,0
74.77917796000732,1.0760045457197047,1.0763959406821049,1
73.95139088035498,1.0760890909885077,1.076356118073604,1
74.86053358519342,1.0762189353913176,1.0763236528909519,0
69.47516204956327,1.076330255256277,1.0763053153619782,0
69.48358116660376,1.0764495194257553,1.076293299913861,0
78.61371906907533,1.0765883894667656,1.076290149508125,0
76.12101071203631,1.0767099399447886,1.0762874105493816,0
66.82851688968042,1.076817601377563,1.0762812303154248,0
58.860280471996774,1.0768993802606508,1.076271456393198,0
44.2825472232586,1.0769511528669249,1.0762616971493904,0
30.66704678320518,1.0769774893552522,1.0762505650747698,0
26.463225781264725,1.0770109536279908,1.0762383233872939,1
33.505510311437035,1.0770728144178063,1.0762278694386318,1
31.15976700983974,1.0770767973271564,1.0762158887781228,1
36.90393653153193,1.0770718097588867,1.0762077565051669,1
35.1802868578947,1.0770237398497997,1.0761993472053788,1
34.99935237166636,1.0769724214185354,1.0761959771401304,1
43.77228323199512,1.0769371433906465,1.0761977365517306,1
45.796439290757505,1.0769103053064433,1.0762229483224588,1
43.33542299056581,1.0768886079411346,1.0762438670892225,1
45.92989660138291,1.076889511752011,1.0762547812905598,1
43.11310034866798,1.0768722667335375,1.0762648453628965,1
54.992537528147565,1.0768660145299929,1.076292404397988,1
55.258146164898804,1.0768573618311041,1.0763181069152996,1
63.44699762026781,1.0768524845324348,1.0763523273348103,1
71.13196413189007,1.0768507268516667,1.076391561586513,1
64.20023262233491,1.0768542851700347,1.0764391433069525,1
72.37725230446488,1.0768801832192776,1.076499660668204,1
73.8013897606198,1.0769328131389275,1.0765555281254744,0
79.86114375324604,1.0770236950002086,1.0766273326855613,0
75.10980248013121,1.0771268507437481,1.0766888605971812,0
65.06207788012074,1.0772242252539492,1.0767405412955238,0
60.01658317565888,1.0772927255826066,1.076800044661621,0
59.70301411914417,1.077378090869838,1.0768569891738025,1
61.02261638519018,1.0774624324596904,1.0769149889661593,1
65.28416862866668,1.0775484155124035,1.076973360933476,1
48.43043694147899,1.0775880776141762,1.07701880797348,1
53.92605162955928,1.0776151295264418,1.0770642301105473,1
58.781551998643096,1.0776588055561618,1.0771172407635572,1
56.70610284152505,1.0777048533361568,1.0771659674069105,1
61.57775310888876,1.0777635040419906,1.0772159000479016,1
60.0101635078217,1.0778486195479793,1.0772775211652623,1
58.680678354077145,1.0779105378207994,1.0773443664353881,0
55.469982291803134,1.077997826178389,1.0773991434113035,0
59.759493765057414,1.0780810904459908,1.077451945682944,0
66.08050133953276,1.0781437710724582,1.0774886561677615,0
64.0579431171586,1.0782028410727293,1.0775122181146257,1
61.5970480267181,1.0782426062802615,1.077532835407129,1
62.60121767346006,1.0782756202321901,1.0775535290341922,1
63.099942196505204,1.0782779734821712,1.077572545643728,1
79.37479057058846,1.078292082009396,1.0776038751130574,1
79.29484518236505,1.0783320657488853,1.0776377311996748,1
75.89837366281515,1.0783921295261751,1.077669322315564,0
78.4396952495496,1.0784683024248598,1.0777122080412354,0
76.85624472715897,1.0785447722439152,1.0777530900934231,0
62.57776121511466,1.0786075269829376,1.077781015939945,0
57.97218986135708,1.0786937431223924,1.0778123292445214,1
52.66400268342951,1.0787735629554163,1.0778466147416885,1
39.0369521628851,1.0787962610899113,1.0778759930952615,1
49.1860469176008,1.078832825423636,1.0779186364295952,1
54.40361577594133,1.0788623883932627,1.0779698596631058,1
57.83197621272091,1.0788890849758155,1.078028773704392,1
62.23286046304292,1.078930308755258,1.0780873641703688,0
60.351422366169494,1.0789481054027457,1.0781476666415393,1
61.31845019460637,1.0789685820739785,1.0782106546089805,1
59.019343976166816,1.0789921009409098,1.0782760006042054,1
54.364647109982286,1.0790247983384857,1.0783331688826059,0
43.38952919445927,1.0790496474550741,1.0783778370328998,1
51.75262427160443,1.0790947686774208,1.078427314382583,1
56.668697047405885,1.0791389986435833,1.0784727019247073,1
61.57252431149539,1.0791890054932023,1.078523672609534,1
51.81034769605532,1.0792042999800038,1.078570544498261,1
65.20752293839644,1.0792247966032813,1.0786128351448794,1
64.14404849612157,1.0792418344693657,1.07866599709654,1
63.99704597633969,1.0792591637358275,1.0787157617747802,1
61.382921163795416,1.0792927055137742,1.0787578074047879,1
57.59466718953323,1.0793374238532576,1.0788055847178106,1
69.1891652623562,1.079415813114143,1.0788608666996347,0
58.182069650920305,1.0794952903558876,1.0789009839820454,0
61.10778956191249,1.0795656680406442,1.0789354256457693,0
57.952521461860364,1.0796202357971807,1.0789672136844788,0
61.22115388404705,1.0796687844852544,1.079006597396914,0
54.52941279474576,1.079693132074604,1.0790475267671678,0
54.28885606926421,1.0797205070325382,1.0790846331066193,0
51.404956824804366,1.0797391143845738,1.079121327378934,0
55.0170833651384,1.0797423571312765,1.0791535772517549,0
54.36430606168022,1.0797637988875268,1.079203457391946,0
41.291366334102705,1.079769911376926,1.0792397497730934,0
43.53459288777314,1.079759136285812,1.0792674466744432,0
43.16325517097725,1.0797490956575113,1.0792903988532492,0
37.27623183170354,1.0797109991921003,1.0793026706695779,0
24.644941766870645,1.0797040635880601,1.0793127221142933,0
25.14560712162502,1.079656073889774,1.0793110495724694,0
19.24190746279737,1.0795928967314743,1.0793040253177744,0
18.2505354439473,1.079506914907903,1.0792860915595452,0
21.92384040745293,1.079431256302589,1.07927280149684,0
20.58058344513921,1.0793357323371857,1.0792587412235932,0
20.53840235594072,1.079199111601614,1.0792434688281758,0
22.615794741687978,1.0790933486573446,1.0792280753521073,1
23.3602725979553,1.0789642671705848,1.0792099431211346,1
15.348771151618578,1.0788479904833617,1.0791895770740652,1
15.790771744679788,1.0787093051145642,1.079157493143186,1
16.571663462555307,1.0785838010816071,1.0791241953893405,1
30.124680029171486,1.0784911955296006,1.0790937903485156,1
48.004634517556205,1.078440630087548,1.0790796705163872,1
47.55192986000497,1.078408444734875,1.0790739443525295,1
57.16268015704929,1.0783726447377717,1.0790750180380977,1
49.634075008972545,1.0783370475082428,1.079065143594224,1
60.216571265003545,1.0783158948259162,1.0790753001688453,1
61.10267577812762,1.0783112836089486,1.0790817821273742,1
63.06696330908639,1.0783169772637136,1.0790845062177583,0
68.18458226399446,1.078338192879924,1.0790923652759368,0
66.33619309921875,1.0783789456212853,1.07909050431888,0
67.81251002910061,1.0784122322775755,1.0790896760677062,0
69.13421903928176,1.0784739921113646,1.0790882555744998,0
71.34307948453568,1.0785128825463912,1.0790811141390326,0
72.1158646793753,1.0785809627128884,1.0790812069733542,0
63.018854112598994,1.078639967942462,1.0790795970231308,0
48.94515640860738,1.0786788131093694,1.0790616931248869,0
45.12017877263992,1.0787156010611278,1.0790405840881525,0
44.99738615963593,1.0787646509734443,1.079019835266162,0
49.48694127808662,1.078827156712857,1.079006635836327,0
37.096509803193726,1.0788599793814497,1.078978268500608,0
30.809162789449047,1.0788572431429604,1.0789399538179536,0
32.08788600308884,1.0788121431358921,1.0789008622764131,0
20.832353965353505,1.0787479610193687,1.0788560465547674,0
19.23875369484037,1.0786546806240982,1.078801920746434,1
32.639057336550636,1.0786197790589325,1.0787467299721398,0
28.27310392480038,1.0785494279978152,1.0786969552256163,1
29.879848821533145,1.0784625878735954,1.0786405500605545,1
23.20299953481326,1.0783774981960375,1.078587411177301,0
24.457517148421047,1.0782675304543592,1.0785318636635788,1
30.87883136092333,1.07817070005493,1.0784815315110106,1
39.129617395487095,1.0780949621775031,1.078439458125692,1
33.7870011440761,1.0780075049597218,1.0783956118045588,0
31.968494842381048,1.0779174508851388,1.0783511516405775,1
43.31401930282983,1.0778311890425079,1.0783081630353468,1
45.33643800613752,1.0777593369306877,1.078275367244636,1
52.9415135735968,1.077729190467938,1.0782497147977372,0
48.8253149324574,1.0776790055635508,1.0782125480505682,1
54.02539546961792,1.0776203592069202,1.0781835792720897,1
53.31916365684304,1.0775997435757203,1.078164907831391,0
55.56639760922358,1.0775940489192544,1.0781534585124002,0
56.020410176134156,1.077594057061438,1.0781404179499388,0
58.849141241568894,1.0775989785145552,1.0781376877190738,0
58.1753903634713,1.0776132326176442,1.0781288370807895,1
54.40104755939255,1.0776400808583877,1.0781236601549147,1
48.8429639540411,1.077630192427707,1.078119162302577,1
47.46644191596886,1.0776238011670671,1.0781091362295052,1
58.278636894948534,1.0776406883902117,1.0781111185484056,1
55.07289615042462,1.077670000338853,1.0781162151194976,0
56.61008418947618,1.0777093920630922,1.0781318984429897,0
52.536932741225144,1.0777515921513354,1.078148647938902,0
65.81703607897396,1.0777756047578233,1.0781532218169814,0
58.96928704618922,1.0777925936235089,1.0781363972189433,0
42.878160468376784,1.0778190902989242,1.0781154098661974,1
45.137560898154284,1.0778264971165386,1.0780897039868536,0
40.17483266654376,1.0778194458748949,1.0780683265912967,0
35.32397169332684,1.0777789358907799,1.0780349312236825,1
35.51862610784953,1.0777643679455,1.0779937817851888,1
51.012107246789625,1.0777787372953485,1.077968283284744,0
40.651022413053965,1.0777227203260897,1.0779187188098573,1
42.22767855796766,1.0776693080230415,1.0778696034731026,1
44.61118673486397,1.0776451635282354,1.0778335904502025,0
43.005676388004254,1.0776184140250176,1.077795456484535,0
45.353370883860016,1.0776113477211842,1.0777682231507069,0
41.98471827792116,1.0776104598910583,1.0777354590261827,0
40.562998733990135,1.0776046292866268,1.077705026840243,0
36.10947387995181,1.0775745812541944,1.0776674434874354,0
38.799129345228614,1.0775291822088142,1.07763655100748,1
36.601770220019944,1.0774652328938807,1.0775964478876723,1
37.30438575703108,1.077385519124373,1.0775552434075966,1
37.30790956384803,1.0772861919809225,1.0775191329786908,1
46.05132650862582,1.0772170030960693,1.0774971257982249,1
47.059813830518124,1.077195499831625,1.0774897398972363,1
58.4801640086615,1.0771862940508132,1.077490743078775,1
57.16941458338787,1.077170090016026,1.0774958677436246,0
45.569431576302364,1.0771521157606025,1.0774812612719646,1
47.07664910495212,1.077148673522851,1.077474629433697,1
51.09766297440189,1.0771797166187287,1.0774806332832423,0
49.81856205310493,1.0771751812653534,1.07748735651247,0
44.28461026228379,1.077176568195466,1.0774823339063002,1
54.15765308076241,1.077190700166477,1.0774776035177214,0
56.6037305546568,1.0771937277262673,1.0774730966697084,0
53.63091283098118,1.0771711399344899,1.0774609104744421,1
57.0832250777302,1.0771398981433662,1.0774572020539976,1
60.32597237695122,1.077113927347758,1.0774485543482826,0
54.69800531067273,1.0770968699433376,1.077440040045303,0
41.4286686500591,1.077101579714149,1.0774163991859194,0
45.24187072868648,1.0771184467080082,1.077412327465263,0
45.46938254868607,1.0771408971047465,1.0774046630468026,0
44.3505211311589,1.0771530747401372,1.077376575873363,0
36.05253433619895,1.0771419950670826,1.077338311437822,1
33.593123135587234,1.0771236552157286,1.077308965059941,0
37.12596080047161,1.0770784927608876,1.0772815455957696,0
45.18045463725714,1.0770313917901908,1.0772580067477937,0
40.22328550511944,1.0769846582082998,1.0772336986835895,0
32.91152593080466,1.0769476480464577,1.077208243519465,0
34.51714610219456,1.0768874737324656,1.0771800984598563,0
32.04779487668078,1.0767940839998043,1.0771419915270792,0
24.082790369164186,1.0766726030647216,1.0770883976028176,1
22.858683932227123,1.076575766115448,1.0770288835272426,1
23.731751196183524,1.0764642143583518,1.076962652400528,1
21.18429964058835,1.076347029806292,1.0769016666890956,1
21.837159102638154,1.0762530340418874,1.0768450866417936,1
30.354101348476007,1.0761683148614358,1.076796891879002,1
45.366415265470714,1.0760970643173189,1.0767567812285948,1
44.28084093393753,1.0760427829341395,1.0767293748690008,1
43.4708621303146,1.076007420762457,1.0767077931345905,1
43.03966364060029,1.0759569974726089,1.0766893792761065,1
40.8279822970001,1.075897913058824,1.076652333352193,1
46.92168725620883,1.0758722055982504,1.0766363699822277,1
59.24218734768052,1.0759024364656953,1.0766315628148837,1
62.75549085712295,1.0759188861809346,1.0766184541210209,1
81.2728173736738,1.0759548448237533,1.0766161179152638,0
75.84919814688729,1.0759666002877444,1.0766001077744176,1
70.80279833526515,1.0759676474205162,1.0765765736953725,1
71.35721656423458,1.0759894575521174,1.0765621748256613,1
72.14992109346049,1.0760313680865978,1.0765628131928178,0
73.2075776488084,1.076099457188395,1.0765701015189115,0
70.1838418725606,1.076199115523808,1.0765819506547885,0
62.56617105560396,1.0762967951826854,1.0765933939505674,0
59.95909051111628,1.0763959350056747,1.076606549610429,0
53.06688438980442,1.0764629363683924,1.076600039998025,0
52.4880499515078,1.076513607767964,1.0765723298163292,1
53.289517093461285,1.0765669419807964,1.0765491510509957,0
50.38463726842702,1.0766131309782692,1.0765339976134922,0
50.46441633061296,1.0766488924886068,1.0765280855602024,0
36.25998874495589,1.0766517801884192,1.0765090358008178,0
39.897897890386105,1.0766491138944112,1.0764771381863796,0
39.65642883505549,1.0766427844221995,1.0764393746149314,0
41.26884276752023,1.0766430037880241,1.0764229442192508,0
38.06014411955138,1.076609271111112,1.0763989911927376,0
27.933970863501074,1.076554120627943,1.076362611281691,0
28.14659960616534,1.0764706582000247,1.0763359252214777,0
28.68529535761249,1.0764004770308746,1.0763043393294212,0
37.182516168625185,1.0763698644711497,1.0762789485447293,0
39.57968567499904,1.0763154017253451,1.0762495875384641,0
38.73266950428295,1.0762359862025,1.0762165757881583,0
28.392904422900855,1.07610457024427,1.0761645509334163,0
23.512483141960004,1.0759729245631147,1.0761147616381357,0
20.40431100735826,1.0758458695615893,1.0760705118791483,1
20.866747969124404,1.0757005848895995,1.0760299855394357,1
28.26963301843533,1.0755961288740923,1.0759890294613705,1
34.53576641355045,1.0755186103958931,1.0759483768703313,1
28.04503760584292,1.075426081989541,1.0759070271307356,1
36.99559379286185,1.0753409266656342,1.075876504996426,1
43.61526091016476,1.0752602643179565,1.075853132068802,0
40.761955948407305,1.0751930752945704,1.0758312764256595,0
39.562872654707874,1.0751156740223573,1.0758057741954006,1
36.443787907077855,1.0750689174716408,1.0757979003776992,0
40.58102348335326,1.0750104584264644,1.075796821143657,0
46.48173175697267,1.0749633014298108,1.075798626021321,1
52.53852558179196,1.0749197331817764,1.075791692631885,1
55.41238706464095,1.07488483720477,1.0757886464866306,0
54.41891370903593,1.074848211061369,1.0757762978093945,0
62.04426367897137,1.074787798959496,1.0757552424016004,0
63.04986558315468,1.0747601131832822,1.0757365196381212,0
56.22746373412353,1.0747435033174195,1.075711008810143,0
48.51748379611521,1.0747355923154367,1.0756759888705474,0
37.44331933282849,1.0747123549031126,1.0756405383758512,1
39.28227908179788,1.0747124609248964,1.0756066140098064,0
43.74133561904312,1.0747378214828385,1.075564139546293,0
47.80155759133967,1.0747434104831817,1.0755188391822694,0
40.74425211729416,1.0747313543992334,1.0754589807005233,0
41.29428328997764,1.0747270019820827,1.075411187808471,0
36.90842516969978,1.0746894480985048,1.0753652252676213,0
42.10361840361674,1.074646541157955,1.075315965511137,0
35.403935314615836,1.0746050082373964,1.0752607324859789,0
34.90019530189474,1.074565598728518,1.0751922308114499,0
33.12482224099975,1.0745043571849506,1.0751199970421563,0
21.575762460442135,1.0744315390253392,1.0750507186807186,0
23.068921316106398,1.074355442201669,1.074982428899719,0
30.31681340325906,1.0742955746819685,1.0749247479573154,0
22.437418182887967,1.0741712624693913,1.0748517083672016,0
12.870113001118952,1.0740461679816953,1.074767988209754,1
10.171457243395622,1.0739167297441576,1.0746766819079556,1
22.07491029769723,1.0737881632750033,1.0745922279526798,0
21.0280715908997,1.0736533092802605,1.0745116204468796,0
18.85388528973533,1.0735444920736452,1.074434140142241,0
29.962297272168456,1.073473888529554,1.0743729800187927,0
25.41856085141123,1.073368675975113,1.074296882884642,0
29.099478375040448,1.0732655520819996,1.0742266519346482,0
29.314037788235765,1.0731523272720573,1.0741581218399152,1
29.618198373801533,1.0730391693630605,1.0740863851657378,1
28.660817117763614,1.0729066843929413,1.0740136707532977,1
27.25395572741266,1.0727759581359604,1.0739276627335457,1
38.28240403986249,1.0726814755776686,1.0738623950520665,1
52.54168212713153,1.07261062867599,1.0738105894753749,1
59.3801278969137,1.0725697727330172,1.0737783118069488,0
62.479094464687655,1.0725458590038695,1.0737491708184583,0
51.31929051944786,1.072503482534593,1.0737137638699201,1
56.90367362974642,1.0724677628824104,1.0736893000968433,1
59.65077667094359,1.0724446053375185,1.073664138542686,1
51.494022817098674,1.0724639722798877,1.0736298531207995,1
60.10533328916653,1.0725099338806303,1.07360152896619,1
61.015810846486886,1.0725723340741813,1.0735692448713743,1
69.28613481164523,1.0726399389378252,1.0735440978006272,0
69.69936865089608,1.072717477095407,1.0735213811672144,0
68.31772830644428,1.0727761091389836,1.0734983141888916,0
70.0637296098119,1.0728068913062732,1.0734681695526458,0
67.14644342787872,1.0728789015664097,1.0734442601406204,0
56.5348688469701,1.0729175761099454,1.0734083618067018,0
45.655935483147445,1.0729372590952588,1.0733651322053082,1
44.17242598027398,1.0729658525158905,1.073318791290186,0
47.95634049729818,1.0729998537596397,1.073274327832606,1
46.42927462584259,1.0730449487814133,1.0732305226623122,0
45.90618041861703,1.0730633947975363,1.0731837076977682,0
46.98773087237048,1.0730608854353867,1.073137542322562,0
36.81086004766113,1.0730137549178462,1.0730895768479125,1
42.45016721706769,1.072989911721361,1.0730601935457575,0
31.934673229722435,1.0729752039523905,1.073018861080918,1
30.551282962208134,1.072938686257035,1.072969646006522,1
37.9916916486535,1.0729026304176679,1.0729278265164803,1
37.93313353866456,1.0728736082335952,1.0728867546545442,1
31.134632417282944,1.072829155301735,1.072842390294051,1
38.57836995890932,1.0727813791785876,1.0728060173034075,1
51.728321845774204,1.072722076201315,1.0727743118179713,0
49.832261519516095,1.072664038058832,1.0727449930957886,1
57.72799519078665,1.072645263361172,1.072730180041953,0
49.248424954345026,1.0725998760874218,1.0727063771136343,1
48.594254878248066,1.0725443520573281,1.072689385353416,1
47.64437199123492,1.0725036612020769,1.0726676494068652,1
59.004723940247686,1.0725145800523064,1.0726527343534433,1
52.65216059655674,1.0725262886405342,1.072660801758643,1
54.080810336746545,1.0725345424881736,1.0726696776351972,1
61.67049949281642,1.0725526230338105,1.0726848799781736,1
60.959275078660674,1.072569921728087,1.0726964110790016,0
65.13891580600327,1.0726051373743983,1.072718273560217,0
60.13132273625978,1.072653002664579,1.072732981084286,0
56.284937033054334,1.0726629404745474,1.072735814323755,0
52.142891524534434,1.0726877756162705,1.0727465009373809,0
53.503357392671305,1.0727278774200342,1.0727545761417356,0
50.0694860903258,1.0727626696057235,1.0727719634499466,0
50.65672341048427,1.0727730056097406,1.0727802891532163,0
48.532443938179114,1.072789307367357,1.072795439483817,0
51.39008929022971,1.0727940175527955,1.0728132410701416,0
38.912315787966804,1.0727698964824417,1.0728096801798805,0
34.91553082972942,1.0727396400208193,1.0727965976337204,0
36.705414031718114,1.0726833662141402,1.0727756174344025,0
22.047327881930556,1.0726051131286254,1.0727300787635365,0
14.767256599173393,1.0725049438909944,1.0726899698959764,1
9.093259501094849,1.072404230344364,1.0726422363916466,1
14.152154836513091,1.072290924476124,1.0725912620088855,1
13.764794698566988,1.0721634050404643,1.0725405748628736,1
13.521853344869555,1.0720427524777818,1.0724828050740576,1
23.473365408360593,1.0719352914481193,1.0724300629277488,1
24.839410077996092,1.0718293478660457,1.0723721746502897,1
34.200884872473836,1.0717273099431281,1.0723222066993054,1
31.13606548746145,1.0716332193773495,1.0722758251796325,0
34.704704347511026,1.071554534552614,1.0722348716222911,1
36.396254441746265,1.0714724023534288,1.0721839012521885,1
38.07333064736914,1.0713879476508732,1.0721427247581068,1
40.855903553876935,1.0712983920463421,1.07211641663038,1
54.41926328591395,1.0712301050564723,1.072085990169449,1
65.21277110953511,1.071179198207351,1.0720671772629016,1
70.32746944367895,1.071130239126452,1.0720473572081572,1
70.60316205839221,1.071103132963293,1.0720255754461832,1
80.71024992224737,1.0711089981089892,1.0720158427031614,1
84.20013063546638,1.0711335561262718,1.0720235379177727,0
70.63784154372924,1.071190996633581,1.0720105127284247,1
69.02361873826382,1.0712656299228773,1.072006140284171,1
68.86301152455307,1.07136616122546,1.0720132263790165,0
74.88077311891061,1.0714720787252354,1.0720190413319126,0
65.98540877696448,1.071573379702737,1.0720204834505302,1
63.52069424400781,1.0716680518586854,1.072018363696838,1
67.53965403862297,1.0717545082387552,1.0720193145518158,0
62.35104427815453,1.0718146229404675,1.0720091933459508,0
63.87276380858528,1.0718567081303307,1.071999274727905,1
64.11688262744067,1.0719299295437925,1.0719896916526808,0
64.7095659270092,1.0719942884843094,1.0719926365810464,0
59.093827802241094,1.0720512542797658,1.0719866621411633,0
49.55775498959821,1.072097997213029,1.0719804591624875,1
46.347873573044794,1.07214358565608,1.0719680188718892,1
46.66983060920841,1.0721781317828298,1.0719467274263674,1
43.376753837934736,1.072186572823555,1.0719279893970541,1
40.501963482838974,1.0722024142743987,1.0719072737043924,1
42.78807445988428,1.0722284675640568,1.0718889937805711,0
51.24044352738634,1.0722427000677315,1.0718708677804947,0
50.95426618759352,1.072230746788018,1.0718546355671483,1
51.82174872368713,1.072257603584608,1.0718483779724488,0
54.233368331348274,1.0722732942172102,1.0718403477245468,1
49.56290427003209,1.0722576885135644,1.0718251508164287,1
40.2645575553539,1.0722261242441973,1.071804423187302,1
48.355829695661086,1.072232831935359,1.0718044139807776,0
52.59887095182084,1.0722518737558269,1.071803390252226,0
57.55763551817424,1.0722561850307237,1.071804181542987,0
62.715950606913566,1.0722964808858513,1.0718198271073147,0
62.14731912425149,1.0723198018591231,1.0718313394632264,0
56.711217439013026,1.0723002007085416,1.071836425450441,1
48.64714653802267,1.0722570788496513,1.0718534228694567,1
44.75552566890306,1.0722304483256255,1.071876863915016,1
42.394679381615695,1.0722194794588598,1.071906558808286,1
51.885449964024694,1.0722266608476592,1.0719423134205035,0
48.01367589165088,1.0722574915827427,1.071984362043279,1
47.58510229380276,1.0722859699998928,1.0720252764058984,1
53.199889994600895,1.072309476882111,1.0720569478779893,1
54.60490812417107,1.072315262128298,1.072083359485472,1
39.92885272431169,1.0722859577341795,1.0720943268969152,1
51.49921356187658,1.0723080192914958,1.072124555532807,1
53.292585333621005,1.0723202026243202,1.0721546452011315,1
47.87025375024141,1.072340028807328,1.0721873983061068,1
56.63408194851265,1.0723876179954308,1.0722250189542517,1
66.13496514532001,1.0724484289686314,1.0722644379562178,0
76.48583311995577,1.072485559101532,1.0723065955988016,1
70.59577133421722,1.0725107420166384,1.072336007775941,1
71.85404437169036,1.0725447288640748,1.0723699774380362,1
68.21975074729794,1.0725599431994484,1.0724025512017767,1
61.608241401791474,1.0725844795060413,1.0724215320220474,1
69.1380461193332,1.0726495853335156,1.0724428371333388,1
69.96862102723362,1.0727433291385995,1.0724743558714642,1
71.57470240429583,1.07284243051132,1.072507584150393,1
85.83450916545074,1.072959913300449,1.0725440596382814,1
81.34215492009862,1.0730545833763863,1.0725753152809638,1
80.88459518457722,1.0731503556062711,1.0726151524046927,0
82.17702989037787,1.073264340602126,1.0726637919032747,1
74.32639730885924,1.0733674257586305,1.0727021148859395,1
72.30623525256233,1.073469556078801,1.0727453327408056,0
73.94686749593264,1.0735986460468712,1.0727911020635312,0
71.16640297458031,1.0736727401620008,1.0728216797800902,1
75.94989862491619,1.0737738007636892,1.072866450112883,0
65.74100891186868,1.0738506018391047,1.0729071373298422,1
63.0362911869039,1.073898703896201,1.0729453016275206,1
62.70690706835382,1.0739558781872238,1.0729893549686755,1
63.99243843604807,1.074025859774291,1.0730456867953861,1
56.62471323802429,1.07408992050614,1.073097346848975,1
53.7141563810007,1.0741540988129203,1.0731506512534448,1
58.80791462169522,1.074234509213768,1.073204967861661,1
57.65361086306511,1.0743266140202379,1.0732550976030497,1
62.82728824728796,1.0744364156360382,1.0733251046725467,1
58.8135213143911,1.0745159560441306,1.0733776968552733,1
60.43204760370346,1.074594956513597,1.073436249068948,1
62.8100273338267,1.0746705760947919,1.0735092146707723,1
68.21084764737532,1.0747592375021928,1.073588560584162,1
62.425080892818066,1.0748400792935897,1.073658051347985,1
67.39569801080897,1.0749044140541786,1.0737248080226152,1
75.13671665548563,1.074986283908591,1.0737941544370861,1
74.15882964561055,1.0750795793053602,1.0738585721086091,0
73.93093908654161,1.075180028574874,1.0739351927498317,0
82.1174817153597,1.0753104195910252,1.0740257673330835,0
74.83990797482022,1.07539076300599,1.0741199237754187,0
70.24556531988635,1.0754887992579205,1.0742104777027601,1
65.19707779569504,1.0755922068294244,1.0742943925757462,1
54.128461678775864,1.0756701093106513,1.0743667343538723,1
68.4954933328421,1.0757525411114934,1.0744437066068862,1
66.47861709667248,1.075851982143409,1.0745237517063815,1
71.03720756666127,1.075981416727545,1.0746194271916183,0
68.99401911429906,1.076091734650514,1.0747155568705475,1
70.63013034097165,1.0762034018975557,1.0748220752684003,1
73.10097410061678,1.0762776795448878,1.0749129687739036,0
67.09869361717378,1.07636825098899,1.074996916201141,0
63.68545420079535,1.0764475475320987,1.075079256558856,0
65.6881153172369,1.0765262629705707,1.0751646726608284,0
61.99304832866789,1.076593317810541,1.0752465161209257,0
63.6617473915495,1.0766515360904623,1.0753244421435568,0
58.7681150701376,1.0767002347233063,1.0754006051052825,0
62.12243367230482,1.0767355181502094,1.0754704701515403,0
65.36138279062611,1.076759673211329,1.0755384641133612,0
66.09274415081657,1.0767926949689361,1.0756184789349896,0
56.56218351182768,1.076790008528561,1.0756819366111017,0
38.79904869805638,1.0767978077433737,1.0757417152173283,0
38.389911675406275,1.0768111881731646,1.075797980767498,0
30.26614553170782,1.0768111632554231,1.075834892557736,0
26.951508956060295,1.0768044260550782,1.0758666714253489,0
26.83680828733489,1.0767722622132603,1.0758924692496818,0
24.972547632696163,1.0767265390570233,1.0759086310883403,1
17.72598345589283,1.0766445913565148,1.075930293430772,1
16.470605713480552,1.0765573341663557,1.0759506681055695,1
16.883614417618844,1.076460852306449,1.0759669577722315,1
22.57061540798786,1.076369197142149,1.0759915515659628,1
36.545484239231364,1.0763129552290065,1.076012577987268,1
44.93537141059499,1.0762821697128009,1.0760518837083346,0
32.83179594271948,1.0762056257996075,1.076087441422191,1
39.843260865414855,1.07613602840915,1.076118576209696,0
40.32767435409166,1.0760756625652896,1.076144363259956,0
40.38310983216963,1.0760315003208794,1.0761772370311782,0
46.04460137169639,1.075988116859341,1.0762040773701085,0
50.7414683911823,1.0759453892757347,1.076222816138148,0
55.40627204847137,1.0758870290050375,1.0762426449289095,0
56.776194057124435,1.0758400917876005,1.0762434070717266,1
50.53404797754067,1.0757845064511145,1.0762491353801218,1
49.04368602801154,1.0757200260290976,1.0762480085736983,1
53.18918352038951,1.0756865650825618,1.076241288152844,1
54.02144008827565,1.0756745930553961,1.0762328136466304,1
49.45139154042435,1.0756856195909863,1.0762306853686405,1
35.342390799765596,1.0757011728318386,1.0762273345994045,1
49.80859934191769,1.075718105398025,1.0762230220265456,1
52.854327668791285,1.075751883897233,1.0762195899423186,0
61.62397267504694,1.0758114756114074,1.0762195365868448,0
60.30132455523849,1.0758637653933714,1.0762128898869012,0
61.8149471258646,1.0758868950786966,1.0762110308163506,1
62.20827141516575,1.0758883027797783,1.0762116851170778,0
52.71583452277278,1.0759013064453475,1.0762110812685604,1
55.3362709502327,1.0759027498854936,1.0762116324396331,1
66.23827025684923,1.0759180324709674,1.0762105598037457,1
72.832769486248,1.0759406169332404,1.0762126909471108,0
69.505792576606,1.075965121626951,1.0761975593298707,0
67.94477581410263,1.0759911282642294,1.0761825735836341,0
56.7061626400549,1.0760024940354627,1.0761622817840724,0
64.37190565608304,1.0760330964652791,1.076145573839883,0
62.3346174918053,1.0760759770867714,1.0761322258192343,0
54.399271814110406,1.076121448871727,1.0761175691095495,0
42.12263385611779,1.0761579809101747,1.0760939753286853,1
42.09381844218061,1.0761845845954934,1.0760693203606115,1
40.5438517234047,1.0761916698814782,1.076046738885047,1
44.73171078217302,1.076216040163349,1.0760336567754214,1
50.47488083081085,1.0762302235234897,1.0760209041758577,1
62.66185606970683,1.0762538638061918,1.0760172661802638,0
66.02690761542888,1.0762819983230192,1.0760152579284779,1
56.242857449749145,1.0762976421803105,1.076015943347601,1
58.51143820887058,1.0763176455775172,1.0760189659500081,1
52.955394939405195,1.0763250222618965,1.0760172187525705,1
56.26018435911051,1.0763447448449215,1.0760245139043596,1
62.383270577807274,1.0763974079826266,1.0760488252106526,0
60.87594489160663,1.076434288753098,1.0760753704196808,0
64.09628434710618,1.0764669437071837,1.076108852807175,0
68.45757641976752,1.0765117724947448,1.076144431785163,0
62.46375166292857,1.0765383260687027,1.076174970344573,0
60.175779832555364,1.0765644229656486,1.0762037100477522,0
51.70764442170631,1.0765618771448002,1.0762226458409436,0
49.62042017710747,1.0765472090844852,1.0762259273614259,0
33.093795566241894,1.0764939298443061,1.0762022731621517,1
28.163150460327444,1.0764542451976802,1.0761934230879144,0
40.80866409544695,1.0764463168666765,1.076193435743622,0
41.14535326669094,1.0764473240114325,1.0761954034635042,0
38.97266522977586,1.0764172149777582,1.076187942638173,0
38.14104623096852,1.0763833935515608,1.0761790148527457,0
27.48879691758725,1.0763187945112478,1.076166628274469,1
26.092841281672307,1.0762169535417239,1.0761472277431525,1
28.64442362627088,1.076141388464124,1.0761364620182103,1
29.945433543381142,1.0760769317231484,1.0761359360588216,1
29.634384356337804,1.0760049030545853,1.0761311695627658,1
34.80260580280961,1.0759486503151368,1.0761293479973897,1
44.177137634801916,1.0758852633536276,1.0761330933299451,1
53.19784039281694,1.0758550283364532,1.0761431339178675,1
70.91358571930394,1.075862368109069,1.0761733309180672,1
66.07263143479284,1.0758480581725334,1.0761964128949661,1
67.58667523247365,1.0758911209829807,1.076230665178872,0
65.94128286223186,1.0759416971297164,1.0762557986550758,0
69.20632035036024,1.0760014766301926,1.076277730335672,0
72.54880448084185,1.0760794517773005,1.0763029500408674,0
72.00536881806777,1.0761914464560367,1.076323530632655,1
77.34085134191821,1.0763012580608706,1.0763534037341238,0
69.87535646156714,1.07636045560027,1.0763765180295326,1
67.26054917485823,1.0764138545395525,1.076393732290938,1
74.82157975865289,1.0765077812452406,1.076414808362973,1
73.3373842899037,1.0766104936773009,1.0764371636728858,1
70.6594719182477,1.0767222131988374,1.0764590622483121,1
67.27256772851246,1.0768563253711032,1.0764887602774087,0
62.075003303034045,1.0769950947282325,1.0765212613233919,0
57.98188243749433,1.0770968818140134,1.0765442979497186,1
47.734490276339685,1.0772247685374794,1.0765724974290667,0
48.18608324093695,1.07733775695819,1.0766012584165958,0
52.47391398553423,1.0774303427573764,1.076631396594698,0
56.17751874694209,1.0775102894360309,1.0766705817396887,0
52.744482428682396,1.0775293451345678,1.0766986529065548,0
45.94613536050436,1.077546741056225,1.0767230199080602,0
43.43200021993085,1.0774927422220903,1.0767262165452314,0
42.26537652178953,1.077435819099657,1.0767173269657309,0
42.48858359714815,1.0774077394442199,1.0767217692412359,0
42.25718566032802,1.0773729448953326,1.0767250697679933,0
37.21899518171728,1.077326779393022,1.076724233485105,0
33.49707562684155,1.0772673430474329,1.0767224430151285,0
23.816574111301108,1.0772053899341074,1.0766997108101248,0
24.813664411202623,1.077130140318287,1.0766720729170138,1
23.633195517155244,1.0770414392526053,1.0766446065811417,0
22.03226219199216,1.0769359860064003,1.0766068490775478,1
27.184139491134076,1.076845098337972,1.07658177115602,1
21.248058757069032,1.076746014986111,1.0765613970855936,1
23.876302793573032,1.076630655630369,1.0765487727176193,1
25.402805170167838,1.076535949050796,1.0765397939362429,1
35.75105227009533,1.0764440673280233,1.0765525524225534,1
42.377451077142815,1.0763679550906562,1.0765667423737861,1
36.378421092043745,1.0762943691001379,1.0765706174880827,1
40.4083135610139,1.0762133556936617,1.0765769944125803,0
45.54310915957379,1.076147073741908,1.0765905964122147,0
51.32420237730079,1.0761041145018795,1.0766113082881876,0
58.907048257359236,1.0760851185446145,1.076632746158578,0
68.87197944730768,1.076074393445809,1.0766603029273647,1
64.13380534736069,1.0760395922055968,1.076681050737825,1
72.01769510028116,1.0759997414951221,1.0766941936767829,1
57.07918132215843,1.075969655981116,1.0767101346557173,1
61.237997087131404,1.0759538709998366,1.0767245312890084,1
67.99448378266631,1.075980063032802,1.0767376306817946,1
75.11633931854556,1.0760406993868683,1.0767463413371798,0
61.59715360568959,1.0760766549772414,1.0767303213284105,1
63.778147548489585,1.0761495567132804,1.0767274484938467,0
60.13190196517232,1.0762009965572168,1.0767057213857145,0
60.2923841736407,1.076262514200743,1.0766897239140043,0
55.9436304563937,1.0763091546937293,1.0766718439430343,1
54.03191702681312,1.0763621004799377,1.0766528534172979,1
57.584128204460235,1.0764081593963117,1.0766392375986635,1
49.571781006778515,1.0764202018424902,1.076614319886434,1
53.59245204724705,1.076436342480885,1.0766009722403287,1
60.89804449739932,1.0764642003078086,1.0765971327198829,0
63.64882650861148,1.0764926197605962,1.076584531818357,1
66.29032327501241,1.0765333086902422,1.0765804342933643,1
61.205208974816294,1.076576220384119,1.0765743490326907,1
60.05448932679764,1.0766318423716286,1.076570509727575,0
55.159113742006014,1.0766583054658896,1.0765463350328879,1
59.076127255132974,1.07672790850493,1.0765466043531495,0
64.74620680715664,1.0768302800946148,1.0765523392785716,0
61.87455523499527,1.0769213669501783,1.0765579752858039,0
57.43587524093658,1.0769632133816496,1.076550778931504,0
57.85018828420877,1.0769918137090706,1.0765389510463956,0
51.85338116680589,1.0770176036333245,1.0765256247279134,1
58.37225637961126,1.0770307283148708,1.076521043397305,1
57.82263362202269,1.0770547988597288,1.07653054404077,1
50.15000512822854,1.0770557373618246,1.0765376912188713,1
54.336534251938694,1.0770870835992554,1.0765435816050481,1
52.63519333118848,1.0771283837585202,1.076555028962573,1
56.2216494288834,1.0771796154201005,1.076580372009495,0
53.73989998907991,1.077253249019115,1.0766086822751069,0
56.816405932271195,1.0772965257496305,1.076637426566538,1
51.87276463128138,1.0773342815391116,1.0766787892082128,1
44.303577124400405,1.0773706014767908,1.0767161967080312,1
40.376109945963734,1.07736567219036,1.0767523087669482,1
53.902295891389414,1.0773838688968203,1.07678985725623,1
60.01597513131048,1.0774208129481226,1.0768404289123799,1
66.88509582625719,1.0774904168269794,1.0768902395115318,1
70.94877609333511,1.0775561258564657,1.0769546750754173,0
70.26715285858971,1.0776007727332024,1.077015021440643,1
73.278697076372,1.0776439821539403,1.0770683861111174,1
67.23378621891122,1.077707316033265,1.0771159577047549,1
69.26257732676446,1.0777908857231855,1.0771699630582052,0
62.91293848881063,1.077884412138091,1.0772205600863864,1
64.84275945423897,1.0779822947895827,1.0772723155123862,0
69.08039002594737,1.0780656164977611,1.0773227432220285,1
64.15167585233638,1.0781561546520357,1.0773703957013623,1
68.2186124184217,1.0782453320463659,1.0774258775413559,1
73.80240154588375,1.0783167252674597,1.077481822471508,1
68.0692602774662,1.0783674092078028,1.0775394733001697,1
65.10792780195725,1.0784349523530483,1.0776011148163915,1
69.98513216534214,1.078547689318696,1.0776644770808956,0
65.64121752996256,1.0786554285473098,1.0777246808723893,0
61.45923345206266,1.0787574018002763,1.077788495437245,0
60.74232729888633,1.0788725626279012,1.0778415111327966,1
64.64841659534483,1.0789686415939923,1.0778969152709401,0
59.640595770223264,1.0790380433982052,1.0779506405913646,0
58.336361396945385,1.0790932459357003,1.0780038760083201,0
58.28264300334846,1.0791269072249703,1.0780605977734303,0
62.29432082158222,1.0791604814932558,1.0781159502794209,0
54.678238942817565,1.079174026975324,1.078169916164251,1
45.0898846142283,1.0791830954369683,1.0782146588871884,1
44.54618269334148,1.0791600457323878,1.0782483012280368,1
46.03090292133573,1.0791476053206952,1.0782825543104262,1
49.840873244752366,1.079152475051286,1.0783199820568037,0
42.554141691396005,1.0791693048089948,1.0783599769919787,0
34.93171743816583,1.0791804275897934,1.078389829788628,1
39.01450882778606,1.079179406087247,1.078434317789899,1
39.70476894069791,1.0791788038211834,1.0784621805980092,1
41.308614413617455,1.0791891448594042,1.0784830192060855,1
42.91871597621889,1.0791912023424728,1.0785090489733091,1
54.42255408159732,1.0791874373258517,1.0785541666585763,1
50.60857076630051,1.0791736376647456,1.0785974104546594,1
57.88791784144695,1.0791942439581883,1.0786591515671906,1
72.0214876426579,1.0792361297190585,1.0787236716944717,1
73.69865045797151,1.0792662051578004,1.0787814777901688,1
82.19258566800794,1.0793246144805995,1.0788581914388744,1
83.2222457159928,1.07940274670975,1.0789301412525183,1
73.50738137407946,1.0794575065022471,1.0789922468709212,1
76.67517560193909,1.079535777290568,1.0790584150276077,1
85.31647615061242,1.0796709503674466,1.0791369967035835,1
84.84623191125264,1.0798195619626063,1.0792238733723785,1
83.8595138687468,1.0799681807339652,1.079301860905978,1
82.33026740795555,1.0801153067462945,1.0793804364182276,1
82.51242294434601,1.0802448145526042,1.0794716390017014,1
82.60415277458786,1.0803899176391476,1.0795623964889096,1
83.47949860393494,1.080556189614002,1.0796439804549798,1
81.37926872230969,1.0807206779749192,1.0797264222490748,1
82.24554045018064,1.0809129178286025,1.0798048973868641,1
84.88681856571276,1.0810955937615971,1.0798809476174431,1
83.28285796944651,1.0812850249693617,1.0799654660994777,0
80.62175129336066,1.0814519967754426,1.0800520389554473,1
87.71775492444374,1.081625798223329,1.0801313754547168,1
84.4016477386187,1.0817733118248296,1.0802147114418859,0
79.17595672237051,1.081906367303652,1.0802933007000994,1
75.51546004042649,1.0820443735778846,1.0803729806222182,1
84.07568092492465,1.082169404827599,1.0804634915090998,0
78.75054308558538,1.0822785372690427,1.080543423341589,0
70.47163883269212,1.0823890930942575,1.0806211940016404,0
73.03329966131793,1.0825066701271915,1.0807141193953633,0
74.1181219479476,1.0826077482098175,1.0808061150462913,0
59.66055513306501,1.0826735449659188,1.0808742156312676,0
51.45687034182511,1.0827384175948378,1.0809350565249893,0
45.511926889637614,1.0827786960080552,1.080988954101339,0
37.80084048675627,1.0827939930849584,1.0810402111845243,0
30.957972382605377,1.0827430445920423,1.0810721576881297,0
28.7576647640103,1.0826814839454983,1.0811013566738972,0
26.963203241741553,1.0826012683235398,1.0811296312042105,0
27.319974179828208,1.0824994811038784,1.0811539269384274,1
25.39761046991113,1.0823780096124298,1.081167958865113,1
19.68167799017324,1.0822423180087033,1.0811927825128296,1
20.06917182398206,1.08210472360278,1.081220690221772,1
28.04522822602894,1.0819831931469648,1.0812606344205475,1
24.894145886102493,1.0818845364825471,1.0813094839066266,0
23.991197068058327,1.0817984977849147,1.0813517097935508,0
27.53051311338035,1.0817132206783342,1.081390546969954,1
37.901606866370784,1.081637551467215,1.0814463410600685,0
38.55096083079254,1.0815495806174995,1.0814914931536899,1
37.42949338432017,1.0814516598721293,1.0815303364220186,1
46.56709162763505,1.0813206674767728,1.0815667284423107,1
55.23559615592802,1.0812088179395802,1.0816131612851343,1
59.026578470813945,1.081129710024265,1.0816511247106333,1
58.065868392658246,1.0810563323113898,1.0816881343836469,1
58.84635246018852,1.0809885057832365,1.0817066588313584,1
61.296868908378194,1.0809491285592634,1.0817254107206062,0
65.44304792123104,1.0809711266990987,1.0817541263046488,0
63.72258918418279,1.0810070158106204,1.0817743172059056,0
56.978236955077286,1.0810505957393368,1.0817887708160454,0
51.475651833037574,1.081082676487676,1.0818039949325988,0
48.02654913191738,1.0811197372211419,1.0818015428373426,0
40.1348438204054,1.081156812364337,1.0817871273115858,0
41.708971870682205,1.0811839051417644,1.0817664274934353,0
42.506668236884295,1.0811708073771356,1.0817416850778157,0
41.3188877646184,1.0811301838988268,1.0817154347676396,0
26.65623597952505,1.081070442893845,1.0816819611300472,0
25.82279717478393,1.0810075314176408,1.0816375924813515,0
29.392508254426488,1.0809218359044603,1.0815925995762516,0
34.360039335646505,1.0808606216374796,1.081547470618714,0
26.35869866573826,1.0808161384094848,1.0814916246543715,0
19.46509148433087,1.080775657121913,1.0814387537864372,0
9.637022213393479,1.0806864923570907,1.081373748240226,0
11.607356459834364,1.0806019418552304,1.0813111027425482,0
14.534701827950826,1.0805223990694108,1.0812467747220795,0
14.131085736266456,1.0804419392360423,1.0811741097958434,1
23.373542957300913,1.0803622258652106,1.0811077541452296,1
23.93573413944482,1.0802549933449852,1.081038374211489,1
28.81392869961924,1.080137279343727,1.0809614670123568,1
40.81202238404653,1.0800464698286698,1.0808959438398962,1
49.75089346492378,1.0799801460665035,1.0808404161214973,1
53.37606502817246,1.0799337341389221,1.0807723684420347,0
48.07676208672341,1.0798806266387708,1.0806962786831669,0
53.305903342444445,1.0798579379271875,1.0806401846779428,0
58.507292740238306,1.07986303088785,1.0805915303950209,0
53.87301210764754,1.0798652037339656,1.0805500378580037,0
55.018381081756104,1.0798627905180038,1.0805094801032653,0
44.43037745266447,1.079837361652249,1.080475319305434,1
44.44736321300795,1.0798072465951667,1.080442904636119,1
50.889996406841625,1.0797747053548772,1.0804168454312488,1
51.58418664049607,1.0797635293256647,1.080397243943086,1
58.25847800202129,1.0797549939289297,1.080389547513037,1
63.12887923403479,1.079781344875724,1.0803893589870341,0
54.59858234256797,1.079795656179741,1.0803874757733325,1
55.52557213057574,1.0798247807013297,1.0803834097438254,0
52.691385607393045,1.0798685171801221,1.0803677020748734,0
57.63017186645445,1.079908982193526,1.080351947908674,0
47.127823977865184,1.0799407873366202,1.0803294008748034,0
45.08699084323094,1.0799747648622169,1.0802963523703577,0
40.256891568755485,1.079961505892584,1.08026071394993,0
41.9946054453115,1.0799303547092962,1.0802318940563642,0
52.62018602947197,1.0799052938350877,1.080206218985361,0
49.45344070449712,1.0798778559176543,1.0801638938743967,0
45.44152525878674,1.079820448757161,1.0801164801711012,1
44.081781384885005,1.0797656129490398,1.0800752426500808,1
41.9173379414819,1.0797185006743717,1.080042035814458,1
32.616620544658915,1.0796759682447032,1.0800002159774413,1
35.203715747185655,1.0796651495815772,1.0799529284584255,1
43.73481185633304,1.0796915704779555,1.0799167265030531,1
51.06714143171744,1.0797365343832557,1.0798912208888165,0
52.58740937348153,1.0797818940229589,1.0798769309571992,0
61.151992779300805,1.079828401031045,1.0798730130369982,0
60.915970139543866,1.079857391880307,1.0798695907934222,0
58.77602453437793,1.0798609019586627,1.0798582745000918,0
56.779225955468384,1.079837155076857,1.0798499488237143,0
52.970989074470495,1.0798141333245401,1.0798412818451588,0
47.665094853254985,1.0797513242503354,1.0798243004512702,0
47.29081341571692,1.0796930353151653,1.0798036024338133,1
37.92172463195382,1.079601506803441,1.0797682207299497,1
38.08984025197057,1.0795391737533029,1.0797321347962592,0
42.70540990266424,1.0794931292550165,1.079702690394577,0
46.497924274649435,1.0794570810646016,1.0796787885624364,0
37.92447836287641,1.0794350691693864,1.0796633245993148,0
30.016823475365157,1.0794143628934845,1.0796414485864028,0
20.369485471456926,1.079351983863165,1.0796070765675827,0
15.89985518823434,1.0792648037442025,1.079571181617722,0
13.8737365334229,1.0791659324462866,1.0795216986098717,0
15.23498259782842,1.0790530998140828,1.0794721710460644,0
15.767952171674892,1.0788983209172798,1.0794211431324743,1
15.220756209430533,1.0787110270144584,1.079357043763132,1
19.35916312164737,1.078511379145019,1.0792894241886053,1
20.74594053453646,1.078301713978253,1.0792202049727306,1
24.57708811250812,1.0780897097180744,1.0791532240251436,1
31.794389754802467,1.0779307504505107,1.079087399509421,0
24.26942435677664,1.077764272412131,1.0790104454334264,1
19.823298729331867,1.0776112835586236,1.078939713775022,1
16.860764430688903,1.07748620848765,1.0788736676391286,1
17.854368663028367,1.077373492359315,1.0788180547166397,1
28.97365596899671,1.0773037676228567,1.078766829141026,0
41.9049696107659,1.0772478029562522,1.0787213738368093,0
43.50578079821027,1.0771653594381454,1.0786634224395693,1
47.480493082069856,1.0770635818935013,1.0786022237482649,1
50.32569841257374,1.0769598007571646,1.0785347069518911,1
55.5676123599082,1.0768663754647256,1.0784697363003968,1
57.05266260735346,1.0768107064696488,1.0784014468749101,0
60.470531034576446,1.0767856083853318,1.078338018099806,0
68.27154142969228,1.0768070334582789,1.078280919115773,0
53.654592118758856,1.0768188372396574,1.0782233910072794,0
60.28120784567839,1.0768312007086596,1.0781637174710512,0
52.396140394580584,1.0768451491032611,1.0781105010474028,0
55.45376888208718,1.0768630744712893,1.0780625120934024,0
48.93999487715917,1.0768602263635083,1.0780021779840987,0
46.29130652640303,1.076862414760705,1.0779470475623638,0
38.75948385214346,1.0768380486731413,1.0778944394758132,0
39.58841373027891,1.0768203736335988,1.07783234970725,0
35.11639491153852,1.0767747205523288,1.0777622017262047,1
32.076954237796386,1.0767223009302929,1.0776922007133647,1
38.839399940674866,1.0766911511104258,1.0776284553281792,1
35.678198242593766,1.076646344615493,1.0775487387960407,1
37.53937922063685,1.0765977681145098,1.0774658673293112,1
36.651033198555474,1.076588358602796,1.0773860082715039,0
43.55752167805521,1.0765856378336125,1.077305118469292,0
41.82591229870119,1.0765703168956091,1.0772198769580121,0
48.01288042610566,1.0765660998420539,1.0771518154537532,0
42.52009541664745,1.0765449430263196,1.0770845620546952,0
47.57360902599897,1.0765120019900674,1.0770171655660166,0
38.98772574666333,1.0764287741432153,1.0769518990729248,1
46.47240616619866,1.0763823943457684,1.0768991346195207,0
48.01565220818526,1.0763320610495333,1.076855939169488,0
56.57551893663854,1.0762980867646577,1.0768140662519448,0
53.27667376013215,1.0762395114390215,1.0767610649670045,1
49.96209345514615,1.076211732906182,1.076704038720731,1
46.23601946126404,1.0761673305641168,1.0766399521202559,0
41.945724926364875,1.0761302533176964,1.076580795645498,1
36.638130697320015,1.0761173558897366,1.0765384985178788,1
40.294249412196606,1.0761380173245132,1.076511487158329,1
42.810271399351215,1.0761653244473952,1.076491957513808,1
32.46235367940301,1.076149842096832,1.076467152241279,1
50.265710927163454,1.0761796297350728,1.076461262323158,1
58.52230534738609,1.0762261900515995,1.0764719325441674,1
67.82038477318919,1.0762586208631701,1.0764849049587644,1
61.40923562031997,1.0762757972842445,1.0764947517916885,1
62.7643698876747,1.0762996518164742,1.0765038537973721,0
59.54633016373016,1.07630834625903,1.0765028537771608,1
68.26887764230722,1.0763441629828663,1.0765165182829892,1
67.83757200370027,1.076391483590315,1.0765292455786932,1
67.7196354460934,1.0764498401318827,1.0765373517306178,1
66.02015359340959,1.0764872414845974,1.0765446342696336,1
66.6393553851589,1.076547250698085,1.0765533323995795,1
68.54556201987376,1.076628529905588,1.076566357031679,0
71.70963454163454,1.0767482735154723,1.0765942305979352,0
81.81972450581554,1.0768728333918867,1.0766277393200852,0
75.5207134523416,1.0770050330138412,1.0766580450229264,0
54.086517846349295,1.077090735559241,1.0766705396833043,0
52.582460514331785,1.0771677281145293,1.076681307175831,0
55.81084175591008,1.0772328318487516,1.0766903765436973,1
56.83211524157703,1.0773003657655067,1.0766892904366991,1
59.65254430191453,1.0773952301079577,1.076697709388599,1
48.66120014385955,1.0774253083594287,1.0766989053834655,1
49.909122638645414,1.0774375598546981,1.0767088968447422,1
55.81925910334182,1.0774484544723049,1.0767190569591707,1
60.44721007536361,1.0774808822283661,1.0767430141376315,1
59.872507418140536,1.0775292125219067,1.0767705729018529,1
56.2459743844586,1.0775947548965676,1.0768055362665314,1
47.164497791491726,1.0776351889909692,1.0768424444259375,1
42.46226990965008,1.0776706229892894,1.0768876065534774,1
44.225907889159,1.0777191863184936,1.0769361058858982,1
69.4505838517068,1.0777764264659209,1.0769787444118315,1
72.68455825201713,1.0778318220560497,1.0770275233758022,1
75.12319546364154,1.0778728712097716,1.0770763982697835,1
80.36086946707228,1.0779221555416343,1.0771277493734706,0
84.08411478149516,1.07799318142722,1.077190756757528,0
95.24254253307629,1.0780691914295764,1.0772575948365135,0
67.74810588672025,1.0781362743060863,1.077298609468917,0
69.14181091310704,1.078217452269231,1.0773503108729954,0
64.92373785064412,1.078290552018673,1.0774017965551395,0
58.704022054069355,1.0783495297778432,1.0774575926905505,0
55.123323983793,1.078401722397683,1.0775054406093647,0
54.97421436052481,1.0784671093042495,1.0775529246853521,0
57.209235985996955,1.0785333191296151,1.0776029897907253,0
51.219381123863364,1.0785666541735834,1.0776499140529954,0
47.558886919629785,1.078573588324634,1.0776877563050125,0
45.39295383731391,1.0785714711989436,1.0777322291557834,0
45.321504545167684,1.078569637459036,1.077781289923067,0
39.87096845066261,1.078583577284975,1.077828932984033,0
27.236163865096756,1.078586774119449,1.077867109271452,0
24.89947447505473,1.0785739300961752,1.0778995481454101,0
32.756712092022966,1.0785518710586584,1.077939555996562,0
25.741219093399422,1.0785184368475857,1.0779630462208074,0
37.57061781215175,1.078497629765757,1.0779849741554466,0
33.58562587276998,1.0784149509745482,1.0779902814180218,0
34.10154208144188,1.0782958642172866,1.077998783530745,0
31.67563412031953,1.0781555925396709,1.0779999711257922,1
24.697674727567644,1.0780480870551215,1.0779945057873537,1
33.32598971026039,1.0779365334332602,1.077987259053153,1
39.16517759889972,1.0778412548251013,1.077981705049054,1
39.68339525958861,1.077764739978509,1.0779835526292008,1
41.090890513251445,1.0777080171986377,1.0779937508949808,1
36.531414192712724,1.077650798281017,1.077994343718525,1
37.58761979276783,1.0775779057534998,1.07798274012989,1
50.449466065142666,1.07756119072192,1.0779750809355744,0
51.44302485747966,1.0775569429357137,1.077961400122543,0
53.19832432976438,1.07755857475289,1.077953645851403,0
47.53410147430594,1.0775509581327243,1.0779653789524604,0
48.32163128310024,1.0775059945099337,1.0779642395421947,1
41.95634876314118,1.0774421669962702,1.077950843330459,1
44.3716763223325,1.077384328704046,1.077933133320826,1
54.939855024658144,1.0773499314531043,1.0779214365346208,1
54.286259976524335,1.0773237604857278,1.077922427071327,1
55.61747268927967,1.0772890185152753,1.0779255576196773,0
49.9580129863239,1.0772701824099253,1.07791897259307,1
52.4560679696075,1.0772788953232817,1.0779179887687111,1
50.68924835943623,1.0772931250137505,1.0779055361225296,1
52.975118896563785,1.0773353307103597,1.0778907361128705,0
44.370858446881385,1.07736287677294,1.0778783341659413,0
44.641086719684466,1.0773796453595983,1.0778653139971777,0
47.30507532086486,1.0774097513255918,1.0778597786320403,1
44.76018387471678,1.0774154652461871,1.0778493664070872,1
46.512096575670576,1.0774081308713979,1.0778248672446642,1
55.48679862620751,1.0774075859916468,1.0777966260426401,1
56.4302723161616,1.0773682577516306,1.077753521819573,1
64.29616289167598,1.0773832888212145,1.0777174430801408,0
63.983034331177166,1.0773974405212492,1.077684945488072,0
59.154012337057175,1.0774053563895412,1.0776730117858424,0
58.82213589161854,1.0774251544622466,1.077647320419401,0
44.73506508506994,1.0774474176438504,1.0776135895805299,1
44.52147811315767,1.0774629873024675,1.0775785163306757,1
44.088334671241746,1.0774644395688857,1.0775465234031019,1
49.84009198109962,1.077475477390228,1.0775257743057183,1
54.19722350578856,1.0774896293912433,1.0775080817243288,1
50.51273778722813,1.077522023507417,1.0775011203266036,1
51.9513851059605,1.0775253320212532,1.077498686247359,1
58.68552128233607,1.0775471461199388,1.0774958060909277,0
56.248524606335174,1.077557988282682,1.0774860764423289,0
63.15256135901771,1.0775947611897103,1.0774828077278353,0
50.70620981345451,1.077631304351324,1.0774831260899276,0
47.06774759645605,1.0776464735629894,1.0774887960187658,0
40.08401123167602,1.0776389820960823,1.077484210822057,0
43.1331867282446,1.0776488031853129,1.077477013779755,0
55.6613699566514,1.07767087160432,1.0774659227780652,0
55.43197055493273,1.0776829215856856,1.0774607100640279,0
51.16331957422152,1.0776330500182476,1.0774523174005253,0
48.158466989827566,1.077584921503929,1.0774566770737755,0
36.04283054183542,1.077520783239886,1.0774620902597483,0
40.652530487205546,1.0774883536644941,1.0774680485118946,1
39.92685110269044,1.077476146256908,1.0774675461532528,1
37.24960475364544,1.0774734886123005,1.0774620157841923,1
35.436118334882934,1.0774522486650397,1.0774442159896627,1
27.634110291471913,1.0774152694819117,1.0774315627860762,1
41.34734048596532,1.0773983630414228,1.077436264639498,1
44.86199286937117,1.0773897426370516,1.0774325410926562,1
49.63402954896488,1.0773730054687367,1.0774251112605682,1
54.5363314589324,1.077369270423858,1.077420084359315,0
50.323370868883146,1.0773685647557525,1.0774131190915401,0
59.4063373762349,1.0773627009024318,1.0774254902848346,0
65.14019031350936,1.077371775047863,1.0774549693105646,0
51.11463804922432,1.0773379971376857,1.0774702633922217,0
52.70730574013873,1.0773223953693891,1.0774731963885709,0
52.350990717062274,1.0773238909021332,1.0774770659463173,0
54.74210932246124,1.07731511403189,1.0774763609847113,0
52.470657858088444,1.0773069966610866,1.0774754357644925,1
54.20680156370683,1.0773006362525686,1.07746101377224,1
46.8262057163691,1.0772537916294829,1.0774409437200683,1
37.17009858303257,1.077227771265437,1.0774190664817793,1
42.999625388821414,1.0772190442321683,1.077410515495586,1
48.41176066368584,1.0772303733581132,1.0774078373526585,1
51.7299360253489,1.0772803872623835,1.0774102701589088,1
55.20625848423845,1.0773604952990772,1.0774222280108188,1
54.270895823973376,1.0774503448320147,1.077448448370323,1
57.2725049034607,1.0775329074654934,1.0774863932290366,1
69.40710813720774,1.07760940658927,1.0775290006277118,1
73.34360672668252,1.0776960615821531,1.0775502203649436,1
73.50598755634213,1.0777811721290032,1.0775735770024166,1
75.69051139955135,1.0778928404725991,1.0776081127247634,1
78.38966829300647,1.0779766920718332,1.0776461053286692,0
77.939995484729,1.0780376199887995,1.0776910502485444,1
89.11450319875316,1.0781447778697344,1.0777429796191285,1
90.29711837453492,1.0782794694281674,1.0777992083322836,1
89.23463875122312,1.078411966573988,1.0778516616198213,0
79.19355716984396,1.0785208263467234,1.0778888397669033,1
78.75543341769215,1.0786737165496807,1.077936112981398,1
73.42895516840466,1.078826493121429,1.0779814782123105,1
69.60739324255151,1.0790038872675258,1.078023640179103,1
58.60677270505687,1.0791690671975354,1.0780634980477208,1
65.73056542392112,1.0793415617141942,1.0781092357053794,1
67.25197218292374,1.0795056132900458,1.0781575609281473,1
60.436983030111264,1.0796240439846696,1.078201298327581,1
58.60934001473336,1.079742197576196,1.078263514202864,1
63.201189129880355,1.0798564760142617,1.0783315175019026,0
65.8949008676083,1.0799383273666576,1.0783933755339716,0
67.70432465489114,1.080027128870855,1.0784666835417798,0
61.44679119282572,1.0801063594054625,1.0785395441198298,0
56.719403558969745,1.0801627063031967,1.0786046909221234,1
54.257462469680924,1.0801670923475553,1.0786666363678312,1
41.92390434740037,1.0801588185952913,1.078714291300988,1
51.28865106622912,1.0801884828413475,1.0787759848823202,1
57.3410467195243,1.0802406856763334,1.0788498584447417,1
61.07330692443816,1.0802814028580447,1.0789308700094855,1
58.10637324364306,1.080335092645734,1.0790195908853502,0
56.66646048769401,1.080407743830127,1.079092592082385,1
59.33636751278119,1.0804480697689756,1.0791594438341674,1
56.62017236287659,1.0804988608414923,1.0792318203614126,1
53.08642971995853,1.080551754065032,1.0792966336355727,1
52.959303695507266,1.0806149591591185,1.079362055809067,1
54.16908104404024,1.0806548402922729,1.0794260914613159,1
58.81710584499075,1.0806933424001826,1.0794861878690754,0
63.97116972202777,1.080755296360769,1.0795682180168142,0
80.00284558516057,1.080819762175985,1.0796624609255023,0
92.09225600924714,1.080878513741446,1.0797533666376278,0
79.99240048194787,1.0809255271423723,1.0798375407781646,0
62.95112694418454,1.0809396384542724,1.079919740259054,1
63.318897196453754,1.080968360855107,1.080006633960845,1
52.859836761623896,1.0810019081854936,1.0801039375445278,0
54.7110452043769,1.0810669196371323,1.0802022957165094,0
56.60466990327662,1.081151549544446,1.080287293425899,0
68.66096091141875,1.0812478185945766,1.0803829629769055,0
60.62719838106542,1.0812995128214569,1.0804575086683712,0
51.71708050503911,1.0813203710245602,1.0805148202996788,1
48.240939291289614,1.0813212709084585,1.0805679613159276,1
45.98444492506338,1.0813189255713371,1.0806069993247225,1
44.05448514707897,1.0813249724068001,1.0806456701611795,1
41.703140320668304,1.0813389298278704,1.0806889676596996,1
46.22780976507876,1.0813740226432982,1.0807337738412908,1
44.17301919691963,1.0813897350162738,1.0807608136265368,1
47.289660055751455,1.081379945649174,1.080787392892252,1
48.56585028203459,1.0813743356661483,1.0808208741400147,1
52.50768204254448,1.0813695954105913,1.0808581450331571,1
59.517259872533835,1.0813822861904097,1.0809035876303994,0
62.12395380229145,1.08140348974286,1.0809499759051764,0
54.129758668219935,1.08143839553626,1.0810045684539793,0
56.0743002203812,1.0814802377817008,1.0810423487518621,0
63.46497856557827,1.0815113839698287,1.0810805903002048,0
58.97286073985978,1.0815362084601845,1.0811168660215913,1
63.294965193240756,1.0815695505835345,1.0811624890709088,0
63.10303561561556,1.0816069884791566,1.0811934641318843,1
54.373786782314326,1.0815858180263138,1.0812150448714128,1
47.01875590300437,1.0815780624452693,1.081239116052611,1
58.133957397686736,1.081613319271574,1.08126326897783,1
62.6818424705673,1.0816488653807002,1.081284917062503,1
63.17931268481724,1.0816985874973855,1.0813111033770137,1
61.76731397184647,1.0817493124216757,1.081334543581508,1
59.494658901935836,1.0818156755616508,1.0813726941221746,0
56.1893763367265,1.0818663177771557,1.0814152184308743,0
54.1672417682914,1.0819337780379983,1.081467487902714,0
54.01774258508025,1.0819958527416915,1.0815222065508123,0
58.75402109020832,1.082055240168375,1.0815675770708255,0
48.613342184702695,1.0820664600809011,1.081588454794984,0
44.44878319613529,1.0820420139151457,1.0816078320532398,0
42.14875342129606,1.0820001445919245,1.0816159966836525,0
41.98049675421916,1.0819386600348377,1.0816169349358635,1
40.052030452595595,1.0818766080264652,1.0816137640548578,1
39.669894493913056,1.0818351652288354,1.0816151120551423,1
38.97688385794767,1.081806073649786,1.081618593855493,1
36.1456792010241,1.0817686803913147,1.0816239775637875,1
35.65603135032676,1.0817320273841688,1.0816243389686426,1
23.97957222466445,1.0817166185344047,1.0816243553251015,1
32.07125592118581,1.0817263911451194,1.0816275539663511,1
34.32917411026281,1.0817248519802583,1.0816253048995395,0
32.41701800845517,1.0816961646833652,1.0816119774392705,1
40.807778309754234,1.081683399666705,1.0816142523867467,0
54.237033371502775,1.081670445928404,1.0816268665711604,1
51.91375969790686,1.0816242569231218,1.0816350525493805,1
46.735178089902824,1.081555726246108,1.08163674565512,1
55.6366354718809,1.0814989246243762,1.0816402898976114,1
60.81059908543613,1.0814541017481871,1.081643227432309,1
63.968811828348244,1.081429146931915,1.0816401084057612,1
60.79847516353524,1.081435614066655,1.0816428952930632,1
55.48735395972939,1.0814322848245772,1.0816525975732465,1
57.888648017120424,1.0814454801236715,1.0816656803697378,1
60.870492857683125,1.081493021713961,1.081686573392913,1
56.93663401705124,1.0815570170623445,1.0817065819170757,1
59.05543172253945,1.0816190129034908,1.0817271452853903,1
67.60042340933344,1.08167698276159,1.0817397779028095,1
62.22843020167177,1.0817369337711986,1.0817628570657574,1
65.48535647064216,1.0818097644310367,1.0817962664813876,1
71.98892007751257,1.0818905854520657,1.0818308552394686,0
81.54420939975117,1.0819502244180772,1.0818598055693456,0
83.47884759815737,1.0820282973845519,1.0818837093771962,0
66.97901671064835,1.082092770717142,1.0818876898289835,0
68.31081990900007,1.0821635731999302,1.0819043234522148,0
61.277717352303036,1.0822032311922851,1.0819160639353942,0
62.268978669776246,1.0822423215982304,1.0819274276007413,1
59.27613087270048,1.0822995992669222,1.081942101977815,0
55.19691808185891,1.0823487410122388,1.0819519660690933,0
58.272574104834966,1.0824147365032304,1.0819663266419384,0
51.131961507629306,1.0824412522431524,1.0819822820924967,1
52.27733509850738,1.0824768680945467,1.0820024175527743,0
49.13056519634532,1.0825163714763129,1.082013818455142,0
45.5280375043442,1.0825468650294954,1.082024880229256,0
42.37065997489089,1.0825625077703904,1.082032141502115,1
43.44641878078327,1.0825770147755613,1.0820376628586297,0
34.18978312833332,1.0825731275525303,1.0820301260817422,0
41.244831007653545,1.0825621546770587,1.082018112662771,1
26.890701976487577,1.0825519829127828,1.0820101390156713,1
44.668005392345044,1.0825384920178545,1.0820133221918526,0
44.86808237220151,1.0825066471579032,1.0820114180352798,0
39.75223166279783,1.082464309901358,1.0820189454975282,0
45.288590268383835,1.0824108891091089,1.0820312594547814,0
36.91767911175458,1.0823924535890561,1.082044613427836,0
50.92905323326033,1.0823556944413415,1.0820711372148162,0
42.71197865381427,1.08233093772185,1.0820977958135483,0
36.58401925072307,1.0822888958108485,1.0821089198335465,0
32.1456731437228,1.0822394726016475,1.0821154615585595,0
29.723772603746824,1.0821807513133688,1.0821167944379149,0
28.769461744069886,1.0821057520334882,1.082115816501666,1
28.503003648669193,1.0820370676246727,1.0821104617286037,1
35.52470322437965,1.0819755869678649,1.0821020958818723,1
32.53420984609453,1.081918457238594,1.0820912605584765,1
26.468887018554568,1.081859157512115,1.082090077360756,1
29.740711901951016,1.0818031938879096,1.0820800591905968,1
34.86920866351055,1.0817487605553,1.0820689887093882,1
29.139031072443203,1.0817022141585204,1.0820613089759015,0
34.02588647365788,1.0816709777313485,1.0820642132568674,0
23.201352337477985,1.0816234973894587,1.082059968121704,0
39.149928941045744,1.0815828525838824,1.082064822526131,0
48.423577758127884,1.0815476339075685,1.0820588128255413,1
43.25361286073424,1.081505773507355,1.0820470092738081,1
49.78044143710975,1.081457532305011,1.082041358446955,1
44.644335384723334,1.0813970109538262,1.0820252257598981,1
53.328845409208135,1.0813340121486494,1.0820075333886916,1
60.95864113480762,1.0813177443853137,1.0820020867427358,0
57.75425218620345,1.0813163696244859,1.0819878625219446,0
58.549441991163434,1.081327975509884,1.0819758586578774,0
48.842207140559765,1.0813247441005904,1.0819519185696715,0
49.99210411576811,1.0813295030957397,1.081923711967547,0
46.513477838554685,1.081330529062106,1.08188643917262,1
42.002248159909236,1.081311067254926,1.0818464330166118,0
40.999489542561896,1.0812794084043342,1.0817917049663894,1
37.75513001997432,1.081256474704652,1.08175555895576,1
43.30552678914978,1.0812462860519552,1.0817131443314068,0
48.30871294221119,1.081233523851092,1.081681105772911,0
44.12107168632121,1.0812081571863057,1.0816476432111317,0
53.81847859966091,1.081198974356705,1.0816239632927802,0
48.397108469869444,1.081190470202195,1.0815966597976867,0
31.66659583588053,1.0811285442942866,1.0815503456425535,1
36.07992937633032,1.081077042282278,1.0815131288411914,1
31.558168809526208,1.081028641887233,1.0814677187908828,1
41.212612532558786,1.0809922495237358,1.0814317096659243,0
37.867839277719476,1.0809629078020255,1.0813916428689099,1
43.60139358464406,1.0809326417609053,1.0813555869848976,1
51.6725611909211,1.080890254141343,1.0813273824890484,0
51.25387711039517,1.0808415322201845,1.0812952243890064,0
46.31901834552757,1.0807793356570645,1.0812627310498795,1
41.591119210730355,1.080742336611685,1.0812280600492326,1
48.050168020604346,1.0807215922576494,1.0811969520634652,0
48.78426918198047,1.0807042578698423,1.0811654834573954,0
39.945357225932604,1.0806873784458717,1.0811356604344176,1
44.74845032332935,1.0806941904278822,1.0811050254938988,0
51.417140448072,1.0806813617106166,1.081071122204384,0
49.97843634109036,1.0806557113162318,1.081033151081363,0
47.90624264425403,1.0806064370823132,1.080991305517096,1
53.226826011370775,1.0806033441981124,1.0809734225660375,0
49.25943236389667,1.0805561928299157,1.0809506513840876,1
45.59527777072066,1.0805154713230756,1.0809305478015694,1
38.72668225321382,1.0805066930851965,1.0809107220632368,1
52.37109514979603,1.0805197293341835,1.080906193524996,1
49.261008752674456,1.0805294645165613,1.0808892698103612,1
56.3677065360971,1.0805541261290688,1.080885977222114,1
53.919334317229236,1.0805958624593424,1.080886324847801,1
57.9234841492212,1.0806347995208747,1.0808882292380837,0
56.31577708656809,1.0806379445719032,1.08088305609569,1
56.60291433279726,1.0806677896245318,1.080881454575411,0
56.023791515496015,1.0806952714347875,1.080872448531255,0
59.203405741859385,1.0807428882299308,1.0808758163854215,0
61.520936117956104,1.0807528758248524,1.080864961359853,0
54.27943063318073,1.0807710417831256,1.0808548466076182,1
57.88331875425306,1.0807897962005184,1.080849269511683,0
54.825053196222136,1.0807865656648414,1.0808366388378308,1
57.474975728528214,1.0808031133573033,1.0808335631657748,1
52.56682431373249,1.080825405042733,1.0808297082389964,1
63.31348633008373,1.080889104942461,1.0808198497399553,1
47.34282610187647,1.0808928917664276,1.080804031422814,1
48.69900122549417,1.0809328567893837,1.0807926038958875,1
56.346982385111716,1.08101522983648,1.080806742095925,0
58.575703078008324,1.0810913154827761,1.0808154470180513,1
62.28170981942409,1.0811671380362389,1.080840837114649,0
64.28115366386972,1.0812588858573347,1.0808683972513249,0
55.04149327494703,1.0813002919703347,1.0808943306485141,0
57.699568870745324,1.0813257559443823,1.0809140373436932,1
61.15666549168734,1.0813606865480785,1.080933989436533,0
60.00302005960885,1.0813978140098448,1.080948772159191,1
61.593179833510284,1.0814173692730957,1.080965139410127,1
61.20072442360332,1.0814566799271674,1.0809755307594402,1
59.71781322714049,1.081477036564192,1.0809904429302202,1
57.82748088447314,1.0815207284759407,1.0810218350325147,0
67.42978286599794,1.0815696852082175,1.0810519037779942,1
65.7266748023221,1.0816341654166077,1.0810914789234325,0
53.17586597947686,1.0817069739516472,1.0811225286089954,1
57.099776329990355,1.0817721386535637,1.0811572555063902,1
40.1441050983191,1.0818153608791834,1.0811827958863076,1
49.948645119918766,1.081859774456157,1.081207657865881,0
54.442027741059206,1.0819213720390017,1.0812359673503409,0
61.98130085344956,1.0819839397736246,1.0812744455425114,0
55.36671608190262,1.0820054216702524,1.0813119761193521,0
62.680784283597774,1.082036708168379,1.081341493382343,0
63.56471725134413,1.0820321429690607,1.0813719911543365,0
52.64503401522549,1.0820162852573558,1.0813999599759183,0
43.09808549430354,1.0819948422859003,1.0814145913917215,0
35.306643984684044,1.0819621539387019,1.0814263542349272,0
32.67525553204183,1.0819088838991902,1.0814352584697162,0
30.85911296567228,1.0818713646945959,1.0814547432041042,0
38.78019930490923,1.0818580062595857,1.0814670042347163,0
35.843593467000744,1.0818290583711945,1.0814846769759514,1
35.99611632156578,1.081786835169588,1.0814989884688253,1
23.582274288226174,1.0817142019019044,1.0815048385591977,1
28.421313501905075,1.0816452021453777,1.0815020929024717,1
30.08752053858015,1.0815897559267877,1.0815155954875233,1
38.07807885573621,1.0815597891800044,1.0815247938293695,1
40.60088417892866,1.0815369954603127,1.0815337087067782,1
45.20211176585618,1.0815376904854657,1.081543952272144,1
55.6555752393276,1.0815445233629764,1.08157028938231,0
65.0692522515461,1.0815658515831608,1.0815951921337925,0
73.02347819492084,1.0815799390361722,1.0816283125830652,0
73.04337793167504,1.0815927188356707,1.081651908361648,0
64.70579354645389,1.081582037999445,1.0816731582521804,1
58.204331792816426,1.081568523897975,1.0816909840002762,1
60.34799977330928,1.0815701123423946,1.081712086432669,1
65.39047653089027,1.0815987839732162,1.0817394787150716,1
79.37071079831503,1.081672179754239,1.0817739807937015,0
78.63076955813904,1.0817516533255742,1.0818057577828528,0
78.2306451426639,1.081845631360887,1.0818373537714745,0
72.12064423215239,1.0819179275478774,1.0818770185472963,0
67.75570804420124,1.0819922349584778,1.0819084282435893,0
57.09149076279883,1.0820598366659844,1.0819168312006269,1
44.858863162846816,1.0821379441750874,1.0819234900361223,1
45.97668614208667,1.0822167554507927,1.0819219398682933,1
42.13321942993448,1.0822749322114738,1.081922014029179,1
49.226552599297406,1.0823282580974338,1.0819359802802093,1
58.28576393914403,1.082373653801397,1.0819528678495842,1
60.67464724094233,1.0824041845496264,1.0819613514727633,1
68.99153770302745,1.0824414753941174,1.081987753936019,1
68.176222097861,1.082472376463156,1.0820171950098165,1
65.61786133681181,1.0825110306016001,1.0820500528528383,0
62.65073292150461,1.0825484783598736,1.0820804850799208,0
60.77535780961892,1.0826170007609008,1.0821116671661644,1
67.16299950516628,1.0827097011303228,1.0821469903691183,0
70.01654040126321,1.0828056662648815,1.0821806867719785,0
63.34397672009493,1.082865402375012,1.0822028500844174,1
68.09576783055144,1.0828965179842327,1.0822237325259692,0
70.18553639067945,1.082944871336656,1.0822575619658417,0
71.56221270129714,1.0829834542499142,1.0822868256889775,0
70.24875385166959,1.0830352509049246,1.0823225700936652,0
59.977169921221154,1.083065888844212,1.0823412078718242,1
58.23536726634354,1.0831056550719975,1.082356924561325,1
51.60126405590495,1.0831627265844435,1.0823738974025483,1
53.797242022232545,1.0832180491251708,1.0823963023307372,1
54.008434913688475,1.0832914782648944,1.0824320912321943,0
55.26172947515412,1.0833485903239923,1.082477479495446,0
53.99666416943199,1.0834090709351651,1.0825316346481695,0
49.730798264544994,1.0834750839659413,1.082587831499464,0
44.116832082328685,1.0834940684027132,1.082636835419266,0
44.531062949678926,1.0834806245230495,1.082666242315202,0
46.62698168589715,1.0834562007742221,1.0827009098140497,0
40.91215832063449,1.0834404043716193,1.0827419127607332,0
35.24242496749051,1.0834046913511939,1.0827878629458803,1
27.522246972765146,1.0833307705000337,1.0828212177109808,1
36.790620980043265,1.083263168362031,1.0828500517460757,0
38.535437932109225,1.0832268946667558,1.082869692279118,0
39.454701099488126,1.083198700305403,1.0828884144640052,1
47.32466560889848,1.0831800097712903,1.0829144896801717,0
33.672818376895805,1.0831212855614774,1.0829175305683776,1
32.19791293446559,1.0830453797564052,1.0829143813629631,1
29.45039373870317,1.0829921671711429,1.0829060991258126,1
36.74767372306548,1.082971583804553,1.0829084705488778,1
35.108099870011856,1.0829202840282075,1.082909195814053,1
49.49505572117578,1.0828918664180958,1.0829256393387856,1
48.425801138478576,1.0828472666448052,1.0829429529531585,0
47.44334302352585,1.0828033998629158,1.0829593258513261,0
48.926004751548994,1.0827504748232784,1.0829629526757851,0
53.64654597875179,1.082690760224529,1.0829634742590455,0
55.17614497544985,1.0826615715182162,1.0829632114821974,1
51.89125284365604,1.0826501918705587,1.0829591480442744,1
51.12461587557486,1.0826375282902438,1.0829590271467557,1
41.73122561436806,1.0826164927768172,1.0829645752050663,1
47.26017701926903,1.0825932978872943,1.0829700044307629,1
61.039741772470684,1.0826331802212543,1.0829877876191654,1
63.367026024205444,1.0826699022235196,1.0830080397508943,0
60.724197053085554,1.0827198120100676,1.0830263138441716,0
73.62498718538257,1.0827784353274903,1.0830503270744427,0
59.00747385468313,1.0827877776677772,1.0830679269274317,0
64.40848730192883,1.0828555258499055,1.083083150750693,0
53.822621124099165,1.082896133686487,1.0830838842522954,0
51.80866887532948,1.0829283506611174,1.0830730271496194,1
51.73144295429625,1.0829318597680382,1.0830618231121436,0
50.211219484900084,1.0829686407707215,1.0830498518179814,0
54.834983910407225,1.0829796646320116,1.0830336247394612,0
53.03905832727769,1.082986148433668,1.0830151458206732,0
54.511352707708184,1.0829938922850808,1.0830107218153535,1
53.64753477208819,1.0829899366875888,1.0830003201571277,1
37.67711894721157,1.0829700665496627,1.0829735523442485,1
39.16918884887781,1.0829453723346822,1.082947978716105,1
39.54783951577031,1.0829471115227016,1.0829238922913853,1
41.56772093532189,1.082967436913623,1.0829196463745203,1
43.62789360447065,1.082981674773078,1.0829149830854987,1
38.51393599592423,1.0830177368624154,1.082912008541952,1
47.57963910144434,1.083010753723192,1.0829048694583738,1
57.60293845381954,1.0830153419477253,1.0828975852240266,1
64.28702240007479,1.0830260606307385,1.08289730196687,1
62.972702556587535,1.0830228808030304,1.0828958510215887,0
60.079274718161926,1.0830359282721518,1.082892264649916,0
64.48471232832958,1.0830371053453156,1.0829003655277338,0
66.52892179510907,1.0830856203440056,1.0829258825806778,1
68.25374008076123,1.083135400232815,1.0829447069330564,0
69.290494821699,1.08317214861662,1.0829545208101439,1
65.34300271582993,1.0831958431564401,1.0829663125400797,1
67.81113809471714,1.0832389881294984,1.082996911791247,0
66.54098793776856,1.0833018326310477,1.0830306115282797,0
64.66339701381595,1.0833481721807217,1.08305923282094,0
56.258851737748785,1.0833916657145104,1.0830775063207705,1
61.823300393568225,1.083476737991961,1.0830922436325165,0
52.81125266315484,1.0835338780565054,1.0831130157141162,1
50.84775662304264,1.0835882519592164,1.0831410411725095,1
47.57038160514472,1.08360961737807,1.083166626457291,1
54.77814276130896,1.0836670887272435,1.0831931850545748,0
48.57683213099562,1.0837026114762756,1.0832249395211788,0
50.36094707213913,1.083759540249186,1.0832519389908102,0
53.52142814649697,1.08380138477713,1.0832792324769562,0
60.022665309582834,1.0838316827862369,1.0833086151361981,0
53.020334521285235,1.083829258025635,1.0833273643025316,0
40.57325159727477,1.0837988825170854,1.0833355135669387,0
35.13637014545512,1.0837507845367524,1.0833360507351484,0
39.27536356867881,1.083696686579522,1.0833444804642633,0
39.401332744740934,1.0836359772609065,1.0833440865213217,1
30.218746480588948,1.0835788545212366,1.0833394655079116,1
36.094191462809526,1.0835344818645238,1.0833427861309717,0
36.36664048868708,1.0834758208177877,1.0833339680298602,1
37.80610475472692,1.083397896347765,1.083321809177978,1
33.17879765223422,1.0833483598156053,1.0833106519431548,1
32.028998606001494,1.0832987266102478,1.0832856228338736,1
23.826191948699602,1.083224634123389,1.0832669862147615,1
32.86676463524276,1.0831922943391885,1.0832477231098294,1
31.850230361543936,1.0831533399570823,1.083243923680748,1
38.77921310124946,1.083125521330925,1.0832454947252144,1
60.56291993216336,1.0831080362296894,1.0832636556392354,1
54.39850435250321,1.083081117367953,1.0832699301600714,1
56.4642946120715,1.0830489945387634,1.0832796709535109,1
67.19702042512452,1.0830390586239598,1.083300396553073,0
71.50826676423077,1.0830204669174455,1.0833192449891442,1
72.20437399860172,1.083044324301454,1.0833491193480775,1
65.34765793349769,1.0830864950933026,1.0833820849843945,1
62.62401305301573,1.0831216733883215,1.083406571156604,1
61.467809236961706,1.08315892258863,1.0834292048906347,1
69.7692992981008,1.0832250282564513,1.083447123058453,1
74.22929836647504,1.0833242783731156,1.0834765069479266,1
74.07521969883615,1.083438650829137,1.08351115171766,1
73.55810679404792,1.0835435687695727,1.0835470940484127,1
75.5519748280779,1.0836684570022421,1.0835830551997847,1
68.80590930307928,1.083776507636442,1.0836108307454362,1
79.44652289825038,1.0839157026747517,1.083642751582562,0
78.35641982467479,1.0840633490687852,1.0836779545334148,0
75.68914673962927,1.084192962467338,1.0837100659586383,0
79.18292940537214,1.0843279036520523,1.0837408370039667,0
65.6727238478462,1.0844368795739008,1.0837660864616485,0
64.81433234481668,1.084494404469077,1.0837925579802181,1
69.49162457811701,1.0845744576183383,1.0838213759448307,0
58.36155676496119,1.0846172551259048,1.0838309777520734,1
58.47850725694965,1.0846475610058226,1.083838687902983,1
57.56806182871548,1.084695813094132,1.0838583013545082,1
52.36409474615531,1.0847360782789317,1.0838868843738463,1
47.430850028186576,1.0847742567459986,1.0839010924860095,1
48.29318728801688,1.0848434382830816,1.0839303952472346,1
57.6204645459827,1.08493740348352,1.083968865500356,1
55.02135554450065,1.0850215963362733,1.0840119146417342,1
56.1019618999149,1.0850966331720169,1.0840483247258361,1
55.23627738135721,1.0851511516587786,1.0840905677906614,1
55.6196701273507,1.085214637381754,1.0841291329014395,1
63.13477494050201,1.0852584255470519,1.0841658715077538,1
70.08169335155502,1.0853068298214041,1.0842008895595032,1
72.32635331851813,1.0853552884900899,1.084253163768344,1
88.7777083548205,1.0854358191892364,1.084332729202275,0
77.57941896317851,1.0854886636512606,1.0844052176044416,0
75.10783913060276,1.0855335983079084,1.0844756016953212,0
67.0527786601974,1.0855848966324249,1.0845456542102556,1
77.27208635382019,1.0856769371583028,1.0846317910350445,1
70.70743870736553,1.0857586234930436,1.0847110325962386,1
56.1413269391773,1.0858439710020722,1.0847782378257873,1
57.9991998309009,1.0859264231495356,1.0848500986236913,1
62.03896273509442,1.0860219666242257,1.0849277440779566,1
63.358275030828764,1.0861225565086514,1.0850164163332074,1
62.43804968590141,1.0862430353714274,1.0851084529852246,1
64.1608836266272,1.086348949263962,1.085193057217144,0
67.77753177329618,1.0864455276068434,1.0852857405602605,0
61.721136446099216,1.0865267868082626,1.0853724208326694,0
53.90343253227398,1.0865987102724441,1.0854445943429378,0
58.374824653727536,1.0866608173045758,1.0855224477653105,1
53.39970351663102,1.0866974508192633,1.0855885154136395,1
57.311146598225044,1.0867309520864086,1.0856426288927332,1
55.456695232765746,1.0867815876335918,1.0857053378459618,1
60.653997331966146,1.086827136448993,1.0857662886273594,1
71.58366666631359,1.0868471655594676,1.0858369973887412,0
70.16321790781018,1.086890392872633,1.085912705398166,0
65.93489487749767,1.0869430272298053,1.0859892435517913,0
57.32136055737997,1.0870013596391206,1.0860561867633236,1
54.331572657521434,1.0870311690266687,1.086114547296466,1
53.183900999318425,1.0870726745473112,1.0861646420835085,1
46.08742041775335,1.0871399908177435,1.0862168066450557,1
54.3694155251676,1.087202537101017,1.0862637306632013,1
54.16295788885632,1.087236843688339,1.0863118784987154,1
54.75375898176455,1.0872555349566158,1.0863523492459533,1
78.01797572996168,1.0873185208259788,1.0864105216881024,1
82.8288656438236,1.0873889713905944,1.0864714607864465,0
81.46954977590131,1.0874443965574068,1.086532337722402,0
77.97467799997023,1.0875094365857962,1.0866014436374274,0
71.9880406814805,1.087569386038343,1.0866745869706442,0
70.3457380327826,1.0876341638342113,1.0867463302516598,0
69.49148535219194,1.087720852042343,1.0868299541802147,0
61.22823217311905,1.0877842593462048,1.086897308228886,0
53.7686247554357,1.0878075099896962,1.0869500166041874,0
49.770740545273036,1.087812708365128,1.0869969406618378,0
49.44085048010609,1.0878113491746093,1.0870518343601856,1
46.80622539312377,1.0878042037527087,1.0870970115860172,1
53.913187249253966,1.087811380292459,1.087138834275367,1
49.35849568326169,1.0878083297355392,1.08717088012303,1
30.900702217378566,1.0877986516448646,1.0871953546856048,1
34.65560725852811,1.08780889486675,1.087227739366697,1
32.98089467948709,1.0878169421406225,1.087257728548603,1
38.7284445436382,1.087833459235413,1.0872937441385455,0
49.52800904108386,1.087882820063583,1.087342274595587,0
47.51016223084445,1.0879274351765014,1.0873812079205178,0
46.03578537173684,1.0879231940051073,1.0874054716144506,0
52.195684841410724,1.087901264621105,1.0874365011743843,0
50.574576407970866,1.0878438191298963,1.0874564260511974,1
51.941893140825094,1.0877852158141046,1.0874815713100994,1
54.48207847237437,1.0877465967135271,1.0875024507927342,1
57.36627107036311,1.0877180484649833,1.0875301002404358,1
54.362411588251405,1.0876943940313264,1.0875701233919164,1
59.790538007442024,1.0876933134961209,1.08760406436752,1
60.308722841230384,1.0877059323463056,1.0876236028930193,1
59.38166373727496,1.087747143267403,1.0876467753653387,1
56.24292651675865,1.0877777873397536,1.087665735147516,1
53.78448644318635,1.0878164317398933,1.0876840045763894,1
43.67063587748834,1.0878353543418515,1.0876947649693702,1
55.65989859032876,1.0878984386508588,1.0877195408600684,0
60.39360190335455,1.0879873643272748,1.0877508163075373,0
54.92202644701971,1.0880340597482665,1.087777036344173,0
58.92551489482388,1.088060975081886,1.0878031382536522,1
62.82394934024858,1.0880833014240348,1.087834683873596,1
59.13489065051398,1.0880738939973236,1.0878591971410796,1
54.17912267823861,1.0880680660601216,1.0878775797649693,1
55.94567542174451,1.0880789622562468,1.0878981902931624,1
58.84405622508041,1.0880967567466169,1.0879190467239779,1
63.1380111952245,1.0881446569928577,1.0879370779564184,1
61.134422021088525,1.088208910620766,1.0879645917027576,1
61.97555087700263,1.08825432168094,1.0879917118544424,1
66.7467639855895,1.0883151516827683,1.0880270910946186,0
61.36425472871508,1.0883548747227074,1.088056076953902,1
58.24761021412125,1.0884100843333513,1.088087083260454,1
60.09712480219566,1.0884966428951155,1.0881275225757299,1
59.62852456947742,1.0885435031894617,1.0881619626584769,1
64.83057042777543,1.0885926732133657,1.0881753961024707,1
66.76519427062544,1.0886545651175807,1.0881902420671843,1
70.53789940615323,1.088731365669802,1.0882095526143283,1
72.34885221855465,1.0887836680327734,1.0882292334388592,0
64.80496045687963,1.0888103791439747,1.08824721354979,0
67.14931105399606,1.0888708581718207,1.0882717140792169,0
70.08246080330503,1.0889669037337073,1.0883015589301979,0
62.04183003310907,1.089036795698095,1.088335698414352,1
58.33761652131947,1.089089594022459,1.0883720307541849,1
53.874239222138236,1.0891525987738122,1.088413535928443,0
59.64863273580859,1.0892098095164067,1.0884575744298812,0
55.95975622136825,1.0892597223319915,1.0885012541556909,0
53.01050417692721,1.0893190376940727,1.0885401409170639,0
56.34691799274554,1.08935600357744,1.0885836612395179,0
48.27912827029178,1.0893668756917452,1.088619001473195,0
41.45339448153486,1.0893478615051835,1.088642677749992,0
35.38751063210648,1.0893416165151681,1.0886659467037203,0
35.04123770333263,1.089321379989759,1.0886822515621923,0
33.70142471136067,1.0892622569228148,1.0886792973194226,1
23.27491999622312,1.089196558553572,1.0886696120093053,1
14.161957213865222,1.0891282988799014,1.0886574380523883,1
22.657963591963593,1.0890563709319119,1.0886522845915068,1
33.9058483200063,1.0889859272772977,1.088666395873289,1
39.1956995039762,1.0889358717574518,1.0886894958161981,0
33.443318799900126,1.0888845976609836,1.0887024139287724,0
31.255920368982814,1.088801678932326,1.088705166266154,0
30.281318035964276,1.0887084564863543,1.088707183912209,0
35.41697217293776,1.0886422304907843,1.0887152652122176,0
44.4972469829586,1.088600065744027,1.0887296841132732,0
38.918983102227074,1.088524311197926,1.0887244031006522,1
36.13132374250112,1.0884261129735504,1.0887169046834,1
36.80295373493921,1.088331955453599,1.0887074636411733,1
42.64438610989321,1.0882349167992675,1.08869996590003,1
53.18362076762665,1.0881600398044775,1.0886883017009652,1
56.24074017898536,1.0881190470165079,1.088671674548888,1
53.89738446439282,1.0880893745017213,1.088664803651374,1
48.16127272249466,1.0880600264866123,1.0886655672656107,1
45.24079277066964,1.0880451003615152,1.0886669711371844,1
51.66767316646498,1.0880522462701454,1.0886706382285514,1
60.243677741989025,1.0880876129783144,1.0886774307765823,1
55.18062072359204,1.0881266654865618,1.0886765193445143,1
51.38479398499012,1.08815347252961,1.0886749709047043,1
52.00442976315597,1.08816870548175,1.0886760152688457,1
76.11331179224788,1.088170134863961,1.0886739855134762,1
93.21191443831358,1.0881895152854744,1.0886764913705864,1
95.29501636349303,1.0882463421297628,1.0886776424449516,0
95.10443152132008,1.0882996969136676,1.088685112788593,0
82.89630815384203,1.088333790219591,1.0886847475667134,0
84.96837820240222,1.0883751350832267,1.088681080988518,0
68.00980981631548,1.0884261979209109,1.0886774809932318,0
58.63516743988303,1.088474042826657,1.0886694525287166,0
56.7767131985115,1.0885273707732286,1.088656585903432,0
57.87793717406666,1.0885811363968974,1.0886398741908683,0
49.71580811423742,1.0886047166417743,1.0886167211445656,1
49.102829932866946,1.0886203908216026,1.088595679219939,1
45.64639375631379,1.088622011986849,1.0885652651773854,1
40.69655840763936,1.088615060025377,1.0885248297822787,0
44.52057897816927,1.088611977739936,1.0884970439539208,1
46.19187239232851,1.0886148000516758,1.088480720640238,1
38.48354046135018,1.0886163494658168,1.0884629310533842,0
34.66275476787264,1.0886137349830383,1.0884380895311672,1
32.34288990165119,1.088589656383831,1.08840694452544,1
35.641541106000545,1.0885796116880226,1.0883802448664257,1
44.12530339023837,1.0885744365698853,1.0883613587104544,1
45.80291782760628,1.0885529490189116,1.0883509207014528,1
47.833911773245696,1.088522114632482,1.088347343695871,0
44.74052094281152,1.0884862494329024,1.0883429659556867,0
49.59082454348754,1.0884558125685573,1.0883385205982328,0
54.194742569675995,1.0884186497753465,1.0883436381295304,0
53.38150576532312,1.0883908574834518,1.0883552005651838,1
54.24054181605818,1.0883741300444758,1.0883677849945463,1
49.572441934349776,1.088354186812492,1.0883757122556643,0
41.88188394265392,1.0883190058625978,1.0883731056249883,0
46.549839386567655,1.0883125369592106,1.0883673872252693,0
59.304579133614915,1.0883398463155933,1.088377778681783,0
63.12994307428835,1.08836493245747,1.088390566587443,0
46.50861737921761,1.0883723418647455,1.088390383933635,0
35.045205927433585,1.0883355712028646,1.0883743802387529,0
36.932502468516404,1.088285945936908,1.0883550727173905,0
30.129739400827205,1.0882266600347976,1.0883438705881328,0
31.728222699039193,1.08817868146911,1.0883391169293908,0
33.499313312065325,1.0881529366135556,1.0883353369894229,0
26.263906874605667,1.0880818407312207,1.088319014439207,0
24.007912748729538,1.087974639882939,1.088287198741839,0
26.47743322730902,1.0878824780698237,1.0882562931227793,0
26.559837332453753,1.087781553696765,1.0882242153738886,0
26.717697941433443,1.0876752954080393,1.0881890735242576,0
19.74237144255946,1.0875484866081098,1.0881398750968705,1
10.37819714467561,1.0874222205041968,1.088091627823151,0
20.126247649742837,1.0873261553672144,1.0880506175207438,0
25.141422136257376,1.087239416314628,1.0880128853257727,0
28.056452862980137,1.0871381432377196,1.087969580538908,0
28.81049712536897,1.0870450302111885,1.0879236355167636,0
26.891263198542205,1.0869213891952891,1.0878678889578004,0
32.34185026222754,1.0867855815925422,1.08781620520461,0
32.03934982435692,1.0866623161268023,1.0877569561862588,0
31.58048346413858,1.0865375051868307,1.0876855072429006,0
36.361295512946796,1.0864382102339647,1.0876161482445024,0
37.408627908468674,1.0863481218258744,1.0875442674144498,0
35.38925843879534,1.0862629851723216,1.0874785854886972,0
35.908531286763164,1.0861705921754312,1.0874177366689004,0
37.49663439164827,1.0860578441803548,1.0873475263522732,0
38.09858483819419,1.0859776425527836,1.0872776169015617,0
26.92383437096997,1.0859149371446544,1.087211286942991,0
19.88526049596551,1.0858154460572647,1.0871343152170443,1
20.773710570814615,1.0857083546767945,1.0870587524498667,1
27.173148605072797,1.0856223678120331,1.0869919966389199,1
29.67949189904104,1.0855554341593499,1.086917257664636,1
33.91278067502732,1.0855074994125018,1.0868487075674815,1
35.883062760863,1.085446920691701,1.0867828460110973,0
44.2214692336867,1.0853872536067306,1.0867222927752496,0
44.980147240345566,1.0853383726561303,1.0866690670478278,0
42.01925922840804,1.08528779912993,1.0866069104935265,0
42.324738610107076,1.0852537659604167,1.086539620714013,0
42.208501410007955,1.0851993293393145,1.0864747573327713,0
51.452286134690034,1.0851516280606255,1.0864087615575162,0
43.298970549692065,1.0851164116671659,1.086337572136606,1
41.392297961484836,1.0850695669816823,1.0862616500097524,1
46.32341268460117,1.0849989248477818,1.0861763774434239,1
58.59693947165564,1.0849639632464112,1.086107827793881,1
56.7109989060919,1.0849410952243872,1.086044522740865,0
60.2898669037566,1.0849411606184942,1.0859823158746742,0
45.75356767689451,1.0849168651777403,1.0859167606276185,0
46.883907561904536,1.0849116469094973,1.0858509309231055,0
44.30773614318517,1.0849370267517124,1.085773187391492,0
46.22427994231594,1.0849711879886041,1.0857012546623206,0
42.06721949232705,1.0849759826750247,1.0856334529630318,0
44.10445603377183,1.0849889853360055,1.0855786233178926,0
43.57458804961031,1.0849695607191365,1.0855221534803727,0
37.45911384930825,1.0849322174156835,1.085465068963452,0
45.43489518328448,1.0849008043348336,1.085411141921539,0
43.45792168655439,1.0848482516108446,1.0853471930467433,0
51.48828036308067,1.0848051948239366,1.0852962521306129,0
43.89294856199164,1.0847763566835587,1.0852603074342608,0
36.33295233766233,1.084738857928929,1.0852173092764132,0
31.186893302570766,1.084681091239951,1.0851685765747905,1
34.1698890565973,1.084634016634201,1.0851210606270705,1
31.489736045924815,1.0846073109790388,1.085085179758124,0
31.354031228862368,1.0845951604247626,1.08504555341165,1
33.09737205868099,1.084558828489174,1.0850008970426648,1
49.04092755556141,1.0845409861048485,1.0849651506569533,1
45.65740426850716,1.0845109605859604,1.0849314428139705,1
40.328459661073346,1.0844710700875662,1.0848871765781698,1
47.53429277549998,1.0844342183084072,1.084856062568353,0
51.65908940830255,1.0844243648180842,1.0848287006817088,0
60.665128093164945,1.08441719031909,1.0848032043392357,0
52.96279375215246,1.0844083488947034,1.0847817904461807,0
49.404067414350706,1.084395245052007,1.0847614372451093,0
48.343709133464394,1.0843717208601205,1.084731593094071,0
54.99662254273816,1.0843693236679988,1.0847076043617225,0
49.86024623510062,1.0843356455247997,1.0846771632612866,0
47.45456412383712,1.084320531066926,1.0846522678013717,0
44.334405604648,1.0842818798976928,1.0846179470685766,0
42.983928179407705,1.0842348638067338,1.0845882780990925,0
32.64636580524058,1.084195547245751,1.0845693497518076,0
35.25546796902846,1.0841711870432338,1.0845537095213664,0
41.96869887645454,1.0841505074842601,1.0845323164959613,1
32.44822373494924,1.0841107974967135,1.0845073250930697,1
23.87837373118056,1.0840827834899973,1.0844756670426483,1
19.987453169251282,1.0840475345616003,1.0844411425906246,1
20.238989662526322,1.0839710130032976,1.0843986544155801,1
38.361467372609326,1.083935721094875,1.0843703821894684,1
46.08387878604566,1.083933303338514,1.0843453782616033,1
41.379758997123375,1.083916197820106,1.0843210353122286,1
56.9254336335923,1.08389507065096,1.0843069972063668,1
66.13016752776741,1.0838956791905088,1.0843008247911887,0
72.0374550048009,1.0839104237188535,1.0842993952668558,0
72.66447382850602,1.0839322375949432,1.0843065054904135,0
68.34517262724522,1.0839560092810259,1.0843144268673688,1
66.84400796050105,1.0839679302434375,1.0843091911605331,1
65.51948490595387,1.0839971346235835,1.084299579020965,1
72.76356097361791,1.084033613341036,1.0842892488903884,0
71.92117518097065,1.0840901485330625,1.0842872604107054,0
73.83988584539033,1.0841531787815444,1.0842848908479115,0
82.38488935635425,1.084225268795028,1.0842846465691338,0
65.4881386919885,1.0842765462375634,1.08427585282095,0
56.535605019957785,1.0843134114151882,1.0842672879920265,0
54.09167564746226,1.0843568803639367,1.0842544831042418,1
44.013908326581685,1.0843867125478535,1.0842425277741352,1
37.83775575764178,1.084433037830905,1.0842414707567132,0
33.13551306571975,1.0844767469642718,1.0842290314673553,1
28.857592909314917,1.084481480973573,1.0842236739345597,1
40.65559843196303,1.0844933636728464,1.0842206458011672,1
39.9091466540704,1.0845030471183037,1.0842117114861267,1
44.06091803864275,1.0844984087306078,1.0842108175270384,0
42.12851247280356,1.0844640499781275,1.0842140082864595,0
41.60854198279691,1.0844357232158415,1.084220077899512,0
36.41506331281472,1.0843987584031018,1.084223084460039,0
39.60705965900678,1.0843866196147232,1.084231010543353,1
38.117355375286515,1.084353512871495,1.0842270649134615,1
40.754498569673586,1.0843179423864473,1.0842103615336045,1
45.69519235209867,1.0842840480860458,1.0841984838904224,1
50.73182559786434,1.0842531678071847,1.0842000994985528,1
53.219555206677896,1.0842362843909326,1.0842057172809216,1
58.36419334444947,1.084209970964833,1.0841988890278333,1
67.4184693296227,1.0842240109045607,1.084198581055138,1
58.854016252890816,1.0842422424934746,1.0842008454315353,1
66.20182459714331,1.0842885998928538,1.0842118250405808,1
67.38503616368362,1.0843514529080123,1.084234420593292,0
62.632431235099375,1.084384842430119,1.0842476782615613,1
62.802793026649105,1.0844402816255874,1.0842708859076704,1
63.829063318657866,1.0845003135092455,1.0842955869114876,1
63.6901957017338,1.0845554340193355,1.0843300674498244,1
72.56785145771744,1.0846117036177163,1.0843624474105196,1
72.99945246544982,1.0846564582879648,1.084395181943924,1
75.75762615288637,1.0847238425075982,1.0844350704722052,1
73.72896982089036,1.0847858941649553,1.08447423257179,1
71.86570490580891,1.0848637692453322,1.0845242731594862,1
73.15536723682253,1.0849282580713426,1.084569200375891,1
73.68883129984377,1.0850409226923525,1.0846244201657624,1
73.53806741400308,1.0851488619740484,1.0846815011219049,1
64.33114763819535,1.085243140512625,1.0847214516575225,1
67.00524789471244,1.0853522813801981,1.0847676907152266,1
70.50790050299672,1.0854323537625667,1.0848121796579058,1
74.22880076230484,1.0855423076295305,1.0848577838192617,0
76.64264821571855,1.0856434468787606,1.0848976881304389,0
74.15214629607414,1.0857521517397921,1.0849375366399108,1
64.50081576690073,1.08581372750257,1.0849644210036316,1
66.05774138243322,1.0858627514838834,1.084997117474435,1
62.02238000086588,1.0859270017946945,1.085031306882064,1
66.32362675218945,1.0860041547829462,1.0850736939714156,1
68.37801426777253,1.0861059030163744,1.085124502781623,1
65.95126560402869,1.0861879926732105,1.0851692051058834,1
63.51294285399789,1.0862854491303329,1.085215355550035,1
69.34653730326829,1.0863989953131805,1.085264672551185,0
75.32286958439079,1.0865081062678228,1.0853276944843089,0
73.14173277020026,1.0866261783845634,1.0853993393595402,0
64.7827215240109,1.0867027167010774,1.0854626076943426,0
59.082411011797284,1.086780303953379,1.0855266369381011,1
50.29401934689994,1.0868155556431682,1.0855774272906675,1
50.092520531261755,1.0868579432658039,1.0856339796425176,1
62.64059865069968,1.08692424310495,1.0856985565100734,0
63.744605682787906,1.0869722524489178,1.0857592462256553,0
66.7873840205236,1.0870441573517449,1.0858286237512822,0
64.43275217701506,1.0870971724487901,1.0858972893065346,0
52.088126810244745,1.0871173350480465,1.0859590021584067,0
44.83770398999486,1.0871020046878028,1.086004049228695,0
41.96722485264788,1.0871161058610643,1.0860513599868167,0
37.51205391068165,1.0871272879118947,1.0860933847933036,0
28.787641386141786,1.0871222913258314,1.0861388182637988,0
22.334981197508853,1.087074277065024,1.0861762278428464,1
24.60505309112854,1.0869914149483706,1.0862074495265528,1
24.52442117004857,1.0869159102671313,1.0862343020898622,1
31.399788831933535,1.0868383760267881,1.0862561922043772,1
33.09023644058951,1.086752190220328,1.0862815602533828,1
36.57874251275791,1.0866740242320394,1.0863076998153003,1
32.09918512913549,1.0865728438342281,1.0863315798958415,1
30.64977580842516,1.0865140167851621,1.0863527744512658,1
28.97805182524212,1.0864582305537307,1.0863693479963887,1
36.4670915949684,1.0864301999727852,1.0863955703077341,1
44.44519792528163,1.0863986607554845,1.0864173312944765,1
49.35134919422517,1.0863684966802498,1.0864458297784751,0
51.773649316060435,1.0863381837138522,1.086472346103462,0
53.27871079966021,1.0862804577096852,1.0864961253880698,0
63.80687010324064,1.0862174250362737,1.0865216760058583,0
67.73181329344322,1.086170273914073,1.0865375747209967,0
71.20200485436253,1.0861682731722306,1.0865570008316052,1
59.55491475126558,1.0861463436477226,1.0865643897477726,1
58.47700309251021,1.0861271827446777,1.0865729546626377,1
51.75074205302306,1.0861286056365134,1.0865738914414629,1
60.261800169025854,1.0861560332867017,1.0865790963679076,1
62.925591403287854,1.0862146862037583,1.0865960678030062,1
66.43527781886183,1.0862878668346987,1.0866085362716624,0
63.028271191115685,1.0863509470863324,1.0866236295338836,0
68.27579191053653,1.0864144482082048,1.0866304164848526,0
64.16839392064635,1.0864582633046422,1.086633626385653,0
64.80304596785211,1.0865236619559826,1.0866401839823177,0
54.55492818925831,1.0865484598540074,1.086646667391841,0
52.459561761263856,1.0865680253764485,1.0866514575534145,1
45.02351619224572,1.086554904276005,1.0866467313002584,1
49.55595693994218,1.0865675051127224,1.0866426714263868,0
56.11606092828982,1.0865631180010313,1.0866287157723378,0
55.0480629542336,1.0865514024037197,1.0866177099956658,0
57.52041595567385,1.0865633304411626,1.0866072779124019,0
59.259851714210654,1.0865817737110008,1.0865947873649866,0
46.15217824933294,1.0865868808010077,1.0865690845342706,0
40.916626931725716,1.0865835866353168,1.0865399641319065,0
39.412425922925244,1.0865929616162682,1.086520487713849,0
31.570108894450343,1.0865766088794222,1.086491476633055,0
27.69189448245139,1.0865439723902877,1.086465258140311,0
24.46624185295603,1.0865080874467155,1.0864391540402722,0
29.16606352988039,1.0864502741205047,1.086406480209228,1
25.75186616503359,1.086358616981328,1.0863630820846264,1
38.43819668596543,1.0862843470378478,1.0863197054083247,1
28.806057651342783,1.086205295212022,1.0862736655901453,0
29.323520151127923,1.0861223716990738,1.086235641046064,0
33.20254316029691,1.0860394083166383,1.086215145433852,0
23.255257199899503,1.0859720086603288,1.0861890285115465,1
23.55591609204474,1.0859159772380536,1.0861669332838781,1
25.819521394970835,1.0858767062821104,1.08614849728277,1
23.383312389237986,1.0858048123288457,1.0861348855319155,1
29.142880700421514,1.0857424328307814,1.0861291229253023,1
47.061066623475135,1.0857053285548446,1.086133477310751,1
55.13985098813388,1.0856656447595294,1.0861381854054983,1
60.55776849409783,1.0856334707557296,1.0861472995791472,1
58.08021331438398,1.0856104168105467,1.0861436415656733,1
57.41212231664809,1.0855644621498646,1.0861366114581612,1
58.80221004645144,1.0855458870566124,1.086133235822429,1
66.15852307307576,1.08558429768003,1.0861419034835746,0
69.84252092614027,1.085656204548553,1.086155659970618,0
67.26054551774743,1.0857258277328214,1.0861700208312073,0
65.51556942700758,1.0857798556659815,1.0861710238035207,0
59.71059880643016,1.0858401318300293,1.086163861331097,0
54.81379752821293,1.085857877021817,1.0861506731331774,1
57.647535764302944,1.085875543080212,1.0861369128077207,1
60.329906773681394,1.0859167310118285,1.0861342238851661,1
55.79946712969318,1.0859497843793917,1.0861277499167166,1
54.51380205637787,1.0859991937342688,1.0861301685461653,1
55.8883301964361,1.0860623917040133,1.0861410168676124,1
56.326569795584305,1.0861250343637705,1.0861470687736727,1
68.01887163441486,1.0862316587784886,1.0861651357286304,1
69.03479606263645,1.0863595628969187,1.0861870736025663,0
63.79851413201418,1.0864631252373864,1.086203580671826,0
56.6197900474036,1.0865471521232914,1.086216667420282,1
60.3306061595132,1.0866277929164154,1.0862326374624311,1
64.23633167828072,1.0867110302945,1.0862447483616164,1
63.771505195891834,1.0868008836402658,1.0862475001318745,1
76.42344996711269,1.0868876035030035,1.0862688932820275,0
79.20421905333797,1.0869617523532091,1.0862993942742787,0
76.65164121595915,1.0870150917758645,1.086339734970562,0
70.00784146990901,1.0870545250162986,1.0863648287926377,0
63.14463124540922,1.0870928348780455,1.0863829105543263,1
59.43299937726454,1.0871487384195861,1.0864027957374436,1
58.98444827566512,1.0872223998841233,1.0864143009103615,1
49.56201006040078,1.087292555633954,1.086421225576902,1
44.68141049449664,1.08735395566174,1.0864410538294593,1
49.04889824913244,1.0874284783187653,1.086465706590096,1
57.67175309871353,1.087519138272493,1.0865006392086551,1
50.28005040595571,1.087574304923405,1.0865400952852056,1
50.29864510831928,1.0876303851304647,1.0865816338697434,1
58.77008812809787,1.087667317091105,1.086628827586386,1
55.49440410251482,1.0876810888107484,1.0866793994786637,1
56.796011036540186,1.0877198129062104,1.086748059041779,1
57.8305693995512,1.0877735080662219,1.0868123318316314,1
70.78578422157868,1.0878444662920987,1.086888305894462,1
80.16327683010593,1.0879287376591393,1.0869672947456426,1
81.75266354291833,1.0880462898661496,1.087050252751679,1
82.9805297767044,1.0881397707691554,1.087135998125558,1
85.48134439718278,1.08821521926953,1.0872190910868695,1
85.33875585000371,1.088301999261906,1.08730985216248,1
86.39743894448324,1.088431916898147,1.0874156706203582,0
85.63222497538469,1.0885912159823956,1.087522423814972,0
92.94404631088733,1.088747659050739,1.0876197279358015,0
96.5126411664524,1.088932260210043,1.087720947090567,0
80.15488672842669,1.0890890980834849,1.087803476508004,0
71.41992726349162,1.0892092729920781,1.0878805963020717,1
69.58045708353343,1.0893286747242652,1.0879713916198563,1
68.61545269693869,1.0894276159415885,1.0880533307626457,1
65.24455800065476,1.0895504992120295,1.0881265758980052,1
63.754493878446716,1.089679496468837,1.0881909506378569,1
62.07517938838449,1.0898056731856318,1.08826076576751,1
59.328270413950115,1.0899129126849965,1.0883326222862697,1
61.270139801454384,1.0900057237699134,1.0884142958177327,1
61.54567275456635,1.0901071430221652,1.0885120382317708,1
60.214986806267795,1.090199148896914,1.0886177482211428,1
64.26232494324165,1.090313257819057,1.088725905468534,0
65.36264494506318,1.0904150957061387,1.0888363772823777,0
62.091039042355035,1.0905258949837247,1.0889466786253403,0
65.86160418468371,1.09061363236617,1.089039587351732,1
71.65764212446656,1.0906797344115406,1.089131732181588,1
68.21621342125184,1.090718745553242,1.0892105053302596,1
71.30280024741894,1.090762572933988,1.0892836278298,1
65.59429327009545,1.090798482874452,1.0893538709906276,1
67.80180893890912,1.090825677889769,1.089432357397158,0
66.0955209675956,1.0908857282591755,1.0895066506451083,0
70.22431391760789,1.0909644546243782,1.089581966034023,0
69.25507582470595,1.091036689885763,1.0896657141180548,0
63.03892497612283,1.09110284617622,1.0897394278319321,0
54.534401300234705,1.0911534842031887,1.0898032686379973,0
31.96628221056443,1.0911775843287341,1.0898559476590048,0
28.967072809643085,1.0911894009557508,1.089914716143291,1
24.988975106454603,1.09120623410289,1.0899779819762074,1
28.399956932802453,1.0912067702438975,1.0900375085474574,1
34.58650168481893,1.091198643262921,1.0901025355832898,1
41.02417004835832,1.0911820875021774,1.090173560968432,1
34.043217376047636,1.0911388113445837,1.0902398477416715,1
45.89280260571651,1.091106804938194,1.0903077079301493,1
44.204424780312856,1.0910793232943892,1.0903707526340989,1
42.44412225777415,1.0910702633946998,1.09043797074025,1
40.859956603836025,1.0910622318217418,1.090504470858099,1
41.34979547438581,1.0910617888134457,1.0905682940191959,1
47.656135649273466,1.0910541975185137,1.090632871312906,1
58.21057416262778,1.0910767389050484,1.0906966413901629,1
76.04365647625394,1.0911052027869612,1.0907650352854539,1
73.46316762035673,1.091125568899531,1.090819091688081,1
76.81996529515028,1.0911470624396251,1.0908692959462174,1
83.3696115611412,1.0911748878372562,1.0909171533064976,0
84.5624595998089,1.0912246005471422,1.0909733597431268,0
85.02491418256875,1.09129483335778,1.091035114273297,0
84.05554568656706,1.0913896797895122,1.0910910198700474,0
71.21968766702801,1.0914694351945677,1.0911297234618593,0
62.334924230796325,1.091541406076172,1.091158058013718,1
65.24485518158086,1.091625206175331,1.091188527397294,0
69.57151763927187,1.091707886562243,1.09121278612417,0
61.39666552199202,1.0917642072792613,1.0912436046467426,1
59.350805208102024,1.0918177136228735,1.0912832239939896,1
55.97048877847049,1.0918657571039834,1.0913225408820366,1
43.23671988543828,1.0918878987563434,1.091354865760001,1
52.07796224338238,1.0919310412095773,1.0913901875392693,0
50.645650052755485,1.0919754635398689,1.0914228576865117,0
53.375719113930664,1.0920340577332972,1.091459647838262,0
45.60329087266812,1.0920760436333905,1.0914981236922636,0
35.96575821853756,1.0920816624866352,1.0915270168768514,0
34.621937316108756,1.0920625416893581,1.091547194752331,0
38.893467330631516,1.0920501157653324,1.0915594784354485,0
41.596871958446975,1.0920333927369072,1.0915573499133573,0
38.74242703598925,1.0920033644200844,1.091552460792076,0
38.68438228527514,1.091962325613836,1.0915479319951715,0
43.29016782306585,1.0919046345750099,1.091551515156833,1
42.600233994609994,1.0918469100177672,1.0915578901125378,0
30.33372034111663,1.0917823574043228,1.0915551682022915,0
37.985362646558436,1.0917386643067624,1.0915484945628275,0
27.877034371278057,1.0916895436570218,1.0915449517103222,0
43.051528701714126,1.091659444018297,1.091546292575581,0
29.093670354768307,1.0916317310926646,1.0915420057801384,0
25.107198135223555,1.0915762251929417,1.0915279322214149,0
33.2085526662041,1.0915205219552733,1.0915160737098406,1
37.57559981440653,1.0914872850227417,1.0915086412986097,0
34.036664258782935,1.0914223466368755,1.091497732512744,0
30.452621516637294,1.0913401249839125,1.091487873948583,1
39.78670104497514,1.0912621000852212,1.0914887274900502,0
44.699073251596104,1.0912132886290755,1.091500945502738,0
38.04347062247996,1.0911425647037925,1.0915013346608093,0
37.10811699035928,1.0910718394879182,1.09149647324233,0
47.677702129133976,1.091027504374712,1.0914976451844622,0
44.976097478214236,1.0909818555217405,1.0914945675842203,0
43.8745156683677,1.0909320875065824,1.0914825738194311,0
37.05017971702938,1.0908730686242645,1.0914654301271216,0
36.60942187933637,1.0907998039778874,1.0914433313901082,0
36.85975058166202,1.090701959381256,1.0914137811363434,0
38.621247636974545,1.0906455413902734,1.0913886692330228,0
33.20560056410808,1.090555603875457,1.091349057105605,0
36.27151518616216,1.0904707134818878,1.0913025415410578,1
43.41998703804472,1.0903749673860026,1.0912541984151976,0
33.79216170693529,1.0902715463731427,1.091200396769583,1
25.517820847618594,1.0901813857641713,1.0911416615512335,1
36.65273168723273,1.090100151815617,1.0910861793011848,1
40.29215817132504,1.0900217133375913,1.0910274864147893,1
30.618853493262705,1.0899491420692704,1.0909594559973401,1
37.84019916529501,1.089917550770325,1.0908990223409083,1
44.389743708951386,1.089880996556271,1.0908533520347314,0
46.31759461821621,1.0898272664767534,1.0908152896629706,0
47.045231392337485,1.0897973458451982,1.0907701905287563,0
51.80640126649247,1.08976809682853,1.0907205573488445,0
48.72772362332355,1.089718180732199,1.0906792345656373,0
56.52454231697217,1.0896725766517974,1.0906365127957898,0
59.25066464149786,1.08964841611258,1.0905956374228698,0
48.391700956798445,1.0896055503520752,1.0905524907654143,0
48.21395611695394,1.089557084093241,1.0904937485435735,0
53.128385988836,1.0895369025372426,1.090438356735293,0
45.03450175075981,1.0894935596053759,1.090372469981854,0
39.474041539411076,1.0894684549978826,1.090306021651402,0
35.52294075668861,1.0894131204678197,1.0902351247335318,1
28.129548846698853,1.0893447804330378,1.0901670939126695,1
18.501402867050587,1.0892974174661192,1.0900993174498976,1
21.783810112958918,1.089273720709969,1.0900377927404583,1
24.652705046044687,1.0892328598579897,1.089977977476347,0
25.473736030139023,1.0891820165690331,1.089915362796868,0
32.59282532293062,1.0891580875752318,1.089860837197429,0
29.08663029286234,1.0890964378368282,1.0897988334685327,0
26.244590796640807,1.0890247359008556,1.0897503034333447,0
25.880340842473657,1.088923930967016,1.089689396327072,0
27.661520548203427,1.0888240530083941,1.0896239942693053,0
23.246822223974405,1.0887121869233352,1.08954165451086,0
29.830036486771903,1.0886077541751487,1.0894696437986309,0
31.4580750073046,1.0885051691958956,1.0894080903969714,0
37.9240753405811,1.0883882973102996,1.0893427475648807,0
33.43654014711316,1.0882777710410898,1.0892686851727535,0
32.600013447629195,1.088185163322377,1.0891988752177741,0
25.693048469031638,1.0880783905574423,1.0891336629647048,0
27.9634276774691,1.0879847427839373,1.0890615270613406,0
25.81104196883949,1.0878856343726229,1.0889749599488208,1
26.813650866720423,1.0878329937275741,1.0889112963430443,0
25.979286131619588,1.0877549261881092,1.0888403285927457,0
20.898884089036002,1.0876655521777772,1.0887545365711238,0
34.928839461385806,1.0875915339903655,1.0886816641279082,0
36.14906908514987,1.0875099551297376,1.0886091245256089,0
35.831731038949115,1.0874106421503171,1.088530392207289,1
32.57239429581537,1.087296960234783,1.0884596997001872,1
31.41031143132669,1.0871958344451673,1.0883963834940973,0
29.312614008039247,1.0870741247634348,1.0883217367826092,1
29.338493730074404,1.0869610442270121,1.088251572467694,1
43.17643858741753,1.0869020647228738,1.0881965347656997,0
44.72643329365686,1.0868575017972222,1.0881346682753479,0
37.934928687143575,1.0867723262231337,1.0880699557386273,1
45.92683361459232,1.086710537448934,1.0880197510708762,0
43.43330349703592,1.0866581172869805,1.0879659337534258,0
46.123681574557374,1.086610801123377,1.0879043202870677,0
45.72922689594772,1.0865539835758824,1.0878408118204188,0
41.781774789706674,1.0865187200998798,1.0877741306965267,1
42.359542067111384,1.0864740010237421,1.087698728848329,1
40.53946806348,1.0864152586473577,1.0876101568170624,1
46.44450776313205,1.0863633779549644,1.087537709186951,1
46.56660192381453,1.086330121112382,1.0874651383062868,1
53.80883695499396,1.086331395643334,1.0873998225355777,0
60.92212867225495,1.0863266886910057,1.0873433089435915,0
49.51059152586005,1.0863134936767296,1.0872751555512687,0
53.65135207574459,1.0863355196903852,1.087222379942613,0
58.42112314359951,1.0863444879923545,1.0871746612598325,0
46.781128829531305,1.086332586669155,1.0871146571468622,1
43.17297288924942,1.0863268544272997,1.0870550547113789,1
47.108657219613384,1.086343524810133,1.087001600392594,0
48.72860116713835,1.086311728539162,1.0869559779942364,1
45.01089663346709,1.0862790998215794,1.0869083960307644,1
50.218647768466326,1.086292508105076,1.0868679919942101,0
58.45304751359317,1.086285108151892,1.0868243060476457,0
47.65881663680399,1.0862558926604622,1.086775146874415,0
52.56147614440022,1.0862487046203522,1.0867309955075954,0
46.65027300915631,1.0862584785000773,1.086680968190357,0
30.71089616266535,1.0862203262158379,1.0866236860481306,1
36.16101727340689,1.0861923030002174,1.086565755688074,1
32.24107594423607,1.0861990468824894,1.086520203183252,0
34.52019704185277,1.086179283982236,1.0864798015764874,0
48.416736968998634,1.0861794064476318,1.0864520261160053,1
47.096375899372745,1.0861470094332153,1.0864155246388045,1
46.73800682498483,1.086100483391262,1.086381434621738,0
41.643106289718496,1.0860454681019083,1.0863380238679121,0
45.21537906702987,1.08598106132034,1.086303696054313,0
49.23271436445243,1.085955722072453,1.086282884759863,0
44.6729978395095,1.0859434604880807,1.0862606851191179,0
44.98792796497995,1.0859261708442192,1.0862316259354916,0
39.03429129651688,1.0858922664061876,1.0862042532060199,1
38.68416417991367,1.085867252991263,1.086169681699712,0
44.14853218888394,1.0858308997573594,1.0861387854584645,1
44.11007210554925,1.0857837117434623,1.086115255820484,1
46.470517768070344,1.085747628919043,1.0860867440191166,1
48.90909241930245,1.0857322107774945,1.0860640491335176,1
38.05383975884931,1.0856797359497068,1.0860386330273513,1
45.039635472375586,1.0856392235033918,1.0860178734978008,1
47.562816380526776,1.0856505956403129,1.0860055905261887,1
57.12126952227257,1.0856679949041124,1.0860033037443446,1
57.002044236387356,1.0856851093710258,1.0860098292408573,1
49.962374186130276,1.0857052248607086,1.0860010656316215,1
59.505343752002275,1.0857274506826475,1.0860000056701755,1
69.95072008266015,1.0857886151106655,1.0860220401938172,0
68.53743527717918,1.0858304364349003,1.0860293942161245,0
70.8362132053636,1.0859119340306398,1.0860395505653762,0
76.60245958665561,1.085986032014158,1.0860537884106256,0
74.91225306208963,1.0860288890064629,1.0860728469320953,0
63.91447120281108,1.086063620883699,1.0860786454326457,0
60.8289375483438,1.086105477951772,1.0860842167067035,0
64.9519174483241,1.0861430262771192,1.0860953602579246,0
58.9582607599402,1.0861716668126367,1.0860929972427809,0
49.58055268160658,1.0861997800964902,1.086086649052108,0
43.54664798162273,1.0862148410438537,1.086068633980692,0
39.912752463903225,1.0862111077366796,1.0860405116373864,0
39.20875808696812,1.0862008105450807,1.086018975880858,0
27.868970529405388,1.0861928183369316,1.08598155248597,0
11.04239511828915,1.0861482158415892,1.0859393646374944,1
15.293622879164388,1.0860949815490937,1.0859105484781642,1
4.695673745237727,1.086017333264257,1.0858794952791277,1
14.254064940920742,1.0859502102925442,1.0858525034338218,1
16.204367484061876,1.0858831635269481,1.0858296396267362,1
23.83812454244692,1.0858097323526337,1.0858122586825971,1
34.17757926363393,1.0857286088608114,1.085796480496111,1
36.44572886019587,1.0856571353137623,1.0857782050808726,1
36.06065946566006,1.085560872585195,1.0857615425352694,1
45.36682039330184,1.0854789786518821,1.0857458980232375,1
50.04427551891053,1.0854066725178084,1.0857321245391875,1
51.1297686551392,1.085354604389443,1.0857323567020876,1
56.689210987423124,1.0853276799717249,1.0857383674953065,0
64.65697861590647,1.0853125308637286,1.0857407538504205,1
75.70333333417341,1.0853048311767381,1.0857432161205818,1
74.69694607304642,1.085313922625267,1.085740455523162,1
73.47178918108604,1.085315728791182,1.0857361217238788,1
69.88103442629236,1.0853247903932948,1.0857302344381994,1
74.01419087158534,1.0853533520742917,1.0857421294698115,1
73.51218223818323,1.0854128095279538,1.0857542517690155,1
68.28827982808558,1.0854944157052282,1.0857548420906047,1
69.76368737311779,1.085568166659224,1.0857604309466213,1
77.34752191629258,1.0856588421904019,1.0857725638176008,1
76.92138985890368,1.0857446462741538,1.0857934553810085,1
77.27107787142118,1.0858362098945389,1.0858172223880465,0
75.61064804022739,1.0859136941097434,1.0858453764235507,0
71.01385423238341,1.0859748896640533,1.0858729516643475,0
75.9038396837955,1.0860479299766574,1.0858983255039185,0
64.71230149489571,1.0861144796650302,1.0859144500902835,0
65.44827082316752,1.0861704772727363,1.0859421945524494,0
55.746419459681974,1.086186412618689,1.0859510001853065,1
57.81091634496342,1.0862123959249366,1.085957076815937,1
53.8998770772413,1.0862274125074982,1.085962134536661,1
55.59137927480583,1.0862568259465941,1.0859694404806475,1
52.880632363104574,1.0862798220783443,1.0859730550076359,1
55.520187864478736,1.086307135572857,1.0859723294792458,1
60.45586194729081,1.0863698272834768,1.0859686065930034,1
62.95305074608839,1.0864525617579783,1.0859790845674306,0
60.49632022195623,1.0865139072393306,1.0859829187532877,1
63.12203979966892,1.0865706679904132,1.0859881061595176,1
65.87564857827091,1.0866436264572708,1.0860007370709277,1
55.89710562875103,1.0866964994031167,1.0860135823543886,1
59.41667208452498,1.0867395632073968,1.0860261979198507,1
63.35392115180383,1.0867914140690824,1.0860528104977936,0
79.27312627267335,1.08684875435643,1.0860880574055638,0
79.05438717938544,1.0869166115733695,1.0861321090143023,0
67.5784780845662,1.0869570095803174,1.0861698190789333,0
65.04104992813997,1.0869894598376526,1.0862096663443075,0
63.89670655216198,1.0870281692888568,1.086245393587794,0
63.968251419122424,1.0870693208654856,1.086292795563871,0
54.13530588943348,1.087130751800137,1.0863440145687258,0
42.21168308098704,1.0871695588782166,1.0863869077475863,0
35.12804615758135,1.0871674878313125,1.086422196363483,0
40.442625374241445,1.087172530662796,1.0864583686287483,0
33.85728464051175,1.0871775026393906,1.086490790652613,0
39.34254954785104,1.0871801961002154,1.0865205149782784,0
40.50724834922481,1.0871614966816099,1.0865417617213227,0
28.898781244633966,1.0871055792092856,1.0865584621256397,0
19.157701357122264,1.0870312133537778,1.0865710550607208,0
14.88318426963933,1.0869396779769194,1.0865723858895324,1
15.971146666831729,1.0868206314063076,1.0865663206263272,1
18.83800434831842,1.0867295959596295,1.0865635789824633,1
18.49275354618179,1.086631470884139,1.0865477142848163,1
27.61670676907734,1.0865395096112893,1.086543601996818,1
35.134692898870625,1.086448327595853,1.0865454559732095,1
42.1312958240205,1.0863637320169965,1.0865520327709943,1
49.790607560077184,1.0862999290406834,1.0865634991787336,1
51.12653444513711,1.0862595889289015,1.0865835857585502,1
51.986151567334744,1.0862248274635964,1.086593983743516,1
51.127887925290935,1.0861846314935366,1.0866015243501042,1
51.90387996830157,1.0861591253418452,1.0866098984233725,1
60.405831555232,1.0861595323866866,1.0866234540385713,1
70.67198184572032,1.0862004660318783,1.0866388459000735,0
74.68606316672835,1.0862159457276186,1.0866468884101341,0
76.23930544848668,1.086229427075239,1.086648077524893,0
76.92883175917932,1.086250149780461,1.0866550972465658,0
85.25201280383875,1.086281634606189,1.086664459698177,1
77.82579103944846,1.086323230674039,1.0866685824045923,0
60.70275305384083,1.0863599048945152,1.086669225152515,1
55.1191175900841,1.0864085491004416,1.0866676146206145,1
59.2129164451393,1.0864773937199326,1.0866827130668246,1
60.57187195207655,1.0865678204984148,1.0867057488118546,0
54.463860009279756,1.0866522136724144,1.0867176347507828,0
52.33496853659615,1.086704010918148,1.0867224759854395,1
49.57855358455854,1.08673455984492,1.0867273510798399,1
52.579884778374016,1.0867733204585388,1.086738506725267,0
49.49463790464756,1.0868133518331877,1.086740908998618,0
47.517031382077526,1.08681705909841,1.086729384694723,0
52.55715737143831,1.0868324168773433,1.086721387598721,0
47.6902163883483,1.086842173999688,1.086710126753814,1
39.07195093906991,1.0868310156948362,1.0866848541183989,1
37.392070823540244,1.0867959384447672,1.0866632296552314,1
51.6669889267856,1.0867773182028295,1.0866539478982467,1
54.119429170827324,1.086771587978393,1.0866389579738587,1
52.048020334954366,1.0867754690605798,1.086618763406553,1
41.9572527962473,1.0867660031923723,1.0865948538941668,1
49.4573279311874,1.086750191008038,1.086581732269265,1
53.45686327373429,1.086744482629766,1.0865705915214376,1
57.40394924623514,1.0867669646049625,1.0865647432789571,0
50.33527601886765,1.0867942789979532,1.0865575978736013,0
55.73804743280775,1.086825272479036,1.0865605213383842,0
62.68437659486592,1.0868295312726128,1.0865697377696129,0
52.215390713562606,1.0868370903530913,1.0865854757594944,0
50.8684127383399,1.0868418616589985,1.0865902083839203,0
46.51089957369024,1.0868227887379265,1.0865854655192544,1
61.589872076203726,1.0868137809935035,1.0865919406825824,1
57.900957925499505,1.0868182386904668,1.0866036058021609,0
51.1519700295695,1.0868238552283935,1.0866166951023664,0
49.12136142523315,1.0868168636643358,1.086635647722944,0
47.235357511043546,1.0868063885309653,1.0866568109754327,1
53.05884051954351,1.086837417414866,1.0866915685218224,0
45.961957566113384,1.086860539740912,1.0867156071677442,0
45.18074667553671,1.0868593685785233,1.0867451069760004,0
44.26914531021983,1.086850806360172,1.0867634766734116,0
44.07814405534199,1.0868530303204493,1.0867806444963914,0
43.60130519981295,1.0868574425483477,1.0867923381067073,0
41.005148377853715,1.0868310994104646,1.0867942004171778,0
42.16777764906859,1.086796785965872,1.0867854703362263,0
45.78540160867363,1.0867435075555871,1.0867722153157535,0
35.000859972089884,1.0866897001621463,1.0867596253410452,0
38.58588349571217,1.086644373449179,1.0867546205813177,0
35.47237068115315,1.0865726087923577,1.0867349683318814,0
33.912477517630236,1.0865035098770393,1.0867066932975586,1
34.15640312115519,1.086435306910777,1.086677952857184,0
23.2863865969597,1.0863910647584862,1.0866501205925534,1
32.395151348284614,1.0863275222344164,1.0866228896641643,1
31.048570042465144,1.086248435225204,1.0865903260497667,1
34.18065931099636,1.086188036314304,1.0865626173584724,1
26.621052617535796,1.086122478480489,1.0865406771573334,1
28.55523536451024,1.0860699226589685,1.0865213603988435,1
40.085201356711714,1.0860058955937406,1.0865029692713455,1
38.0874851592972,1.0859521821927305,1.0864693518454707,1
47.111139521170045,1.0859084720226355,1.0864476103160887,1
46.958663839037534,1.0858671753617097,1.086428742450836,1
44.68003019419447,1.0858291580249306,1.0864184837683957,1
53.82972857605187,1.0857896795280664,1.086398881734518,1
62.38622500172494,1.085782292834179,1.0863817768175743,0
67.24188810257564,1.0857780638143362,1.0863698722225965,1
70.29118576254594,1.0857869740438322,1.086354038182349,0
67.83180785586515,1.085798574536553,1.0863421855557913,0
72.533866362725,1.0857967144857643,1.086340900097689,0
57.97472321049799,1.0858022023399605,1.0863374738899587,0
70.3221791561596,1.0858411980393199,1.0863322452321547,0
55.75736385472896,1.0858605891873776,1.0863135533407777,0
47.9968180514715,1.0858754326202207,1.0862901060164096,0
51.510148274102896,1.0858777601320404,1.0862675924400316,0
49.366611240286424,1.08588887614966,1.0862458001064155,0
57.18283595895899,1.08591739771431,1.0862317833922899,0
43.04709553020239,1.0859274315022924,1.0862048639162654,0
41.847467998009236,1.0859264010131677,1.0861742092049291,0
33.11833198939836,1.085881801057263,1.0861255807026362,1
33.39017754669079,1.085848659924213,1.086077003306111,1
35.04176555943745,1.0858078736731334,1.0860359236441057,1
41.11977659614352,1.0857901637666554,1.0860080632938989,0
39.3464161086326,1.0857585814779835,1.0859928008644184,1
47.61013528618556,1.0857456808647545,1.0859716416830185,0
44.12178566961764,1.0857358191379212,1.0859488089965559,0
49.664756274850085,1.0857200377816079,1.0859283452438822,0
46.68321078290221,1.0856845651980234,1.085901118795824,1
48.240245646768834,1.0856493336924897,1.085879363620401,1
41.235555275953594,1.0855836685446607,1.0858394005496068,1
39.96957936634641,1.0855561749766003,1.0858157279842342,1
45.94519350581966,1.0855047459728773,1.0857903961898965,1
53.252580569644294,1.0854991395759352,1.085772886627083,0
61.69489523924041,1.085496602144127,1.0857475347458807,1
62.550245805663195,1.0854995115101767,1.085724420024763,0
62.32921398401755,1.08549937576955,1.0857131106500495,0
55.37090947052902,1.085474921779237,1.0857030377176355,0
52.22539178353281,1.085471852268546,1.085696201801449,1
48.63758095760726,1.0854822850100585,1.0856912431440942,0
40.31761068973318,1.0855107278049354,1.085672122444939,1
37.13019286974665,1.0855205547402693,1.0856561816852754,1
50.68138927898622,1.0855449488252358,1.0856524992233845,1
52.89399097406933,1.0855563884939028,1.0856564959271493,1
62.374149329484744,1.0855670070152859,1.0856631777671384,1
63.91687276529707,1.0855869422954652,1.085675409707438,1
63.17671882560123,1.0855941035366403,1.0856870763211308,1
63.68407472062871,1.0856276340490707,1.0857041843377888,1
67.81300166823993,1.0856849325839766,1.0857261004372192,1
59.76257503625793,1.085722734823157,1.0857404884860764,1
65.57421992539022,1.0858106391954716,1.085761297990299,1
68.58934151401084,1.085893976124395,1.0857924455569,0
70.37362401427444,1.0859779286693843,1.0858181788485959,0
71.17889493879603,1.0860548611220935,1.0858479609312366,0
74.33259357922935,1.0861329412398049,1.0858690480318303,0
84.07552115062308,1.0862194258312459,1.085896318546035,0
66.49392607652928,1.0862669040113477,1.085906955120917,0
59.322160622887516,1.0862997608332143,1.085911716525187,1
62.02114285529904,1.0863537964439465,1.0859229307614948,1
55.64691813916753,1.086398200381328,1.0859310934820041,1
57.608281025282075,1.0864596099020851,1.085937280611467,1
46.754372935353636,1.086518959167845,1.0859428844164292,1
53.120658363466625,1.0865873840351403,1.0859509736217126,1
60.910668401574206,1.0866627593272582,1.0859773639831014,1
54.1563467097532,1.0867341359669713,1.0860066591058386,1
48.50696664816723,1.0867744650330935,1.086034091667859,1
53.09770388974069,1.0868342546474177,1.0860652277202336,1
57.278427661045285,1.0869039407701944,1.086098801560143,1
61.643228990187815,1.086985299685535,1.0861492477105161,0
64.86689857963788,1.0871146069021371,1.0862157708416642,0
71.43428119483184,1.087202358245927,1.0862895208657646,0
72.43498501483703,1.0872629581245599,1.0863581648370388,1
64.642643318741,1.0873075392018872,1.0864180450600973,1
66.80184150430009,1.0873478391200664,1.086471031072601,1
66.72959498952882,1.0873968286430025,1.086524346897838,0
72.64372597044954,1.0874311016635605,1.0865704868655575,1
70.36028082376595,1.08751337974202,1.0866179793625566,0
70.45951583463831,1.0876294397695627,1.0866754773203688,0
63.69918959728324,1.0877079259648021,1.0867322750682062,0
62.82445998869888,1.087781202412696,1.0867838409700865,0
62.25988667638444,1.0878636678800786,1.0868492803456344,0
53.794103747267506,1.087959319052135,1.086904142046643,0
46.61646327505695,1.0880152791281106,1.0869551868838059,0
41.003712450330326,1.088068659320845,1.0870051718810654,0
39.675689019245404,1.0881057072908094,1.0870503011645116,0
41.57474627689599,1.0881443020015098,1.0870920078643924,1
48.46687491096119,1.0881723823071758,1.0871344303352841,1
43.45430446783674,1.0881621182573809,1.0871736801514005,1
46.66575225305724,1.088149295138589,1.0872202248585332,1
44.91521991076879,1.0880953618251579,1.087261001567704,1
47.733750566669144,1.0880763930740647,1.0873157869734162,0
41.09566319741039,1.0880678289309664,1.0873770745133173,0
51.5786756618555,1.0880871679566895,1.0874349327126789,0
58.33644441759075,1.0881110709319626,1.0874929040478247,0
51.046644628481936,1.0881229267539474,1.0875467147933024,0
43.88001674273764,1.0881062595445545,1.0875782137651933,1
48.9705640617505,1.0880828647920597,1.0876134838647242,1
44.098698330746366,1.0880420694356938,1.0876412514750182,1
53.68032723104956,1.0880324964058805,1.0876713005969676,1
54.122930718908115,1.0880284800444,1.0877061390585836,1
49.95390479765483,1.0880057051135257,1.0877273067128561,1
62.096076609098496,1.088020073358074,1.0877545809401148,0
51.40488878771907,1.0880243293828449,1.0877737471691902,0
57.052485499472674,1.0880243166033767,1.0877929540735787,0
48.30149637176189,1.0880350272970816,1.0878111355874223,1
47.36814540617121,1.0880452250086372,1.087822327535349,1
42.57973733142661,1.088045736517317,1.0878459633376718,1
35.292286937451536,1.0880428038105932,1.0878708973423519,1
40.913115639984674,1.0880366921321825,1.0878933831338278,1
57.77871820410963,1.088059973262339,1.0879257107201084,1
58.241748687604414,1.0880691753050127,1.0879596131345872,1
58.37167166331943,1.0880818142720918,1.088002216555016,1
50.628430477165914,1.088069587579634,1.0880278141304762,1
54.08026491092375,1.0880539229068689,1.0880493694796691,1
63.910731566668304,1.0880800165786204,1.0880850670379625,0
54.95700701043485,1.0881312021292455,1.088120908603654,0
61.15818074482008,1.08817133658986,1.0881483166417012,0
54.57540267818816,1.0882019703883028,1.0881604633222615,0
55.066940421093705,1.0882169255828147,1.0881639509558798,0
43.88678400217993,1.0881940991961074,1.0881379359761718,0
46.951770933933346,1.0881838047556698,1.0881198853167533,0
46.78695023537963,1.088130699937422,1.0881016776652594,0
38.67649594373006,1.0880755264833153,1.0880809420817614,0
35.52388593272872,1.088020641621279,1.088062075074064,0
30.24071829668297,1.0879581455203398,1.0880356623383571,0
28.92316102664516,1.0878956060628584,1.088008129295068,0
38.59481186965187,1.0878598197837335,1.0879845393543572,0
32.70364993220467,1.0878149467817506,1.0879451001472271,0
18.75370145843219,1.0877385164430953,1.087905619325145,1
20.843834297106838,1.0876452660433442,1.0878713361723675,0
27.58614436578418,1.0875622077491347,1.0878390290822098,0
25.802465589994142,1.0874539835992159,1.0878000823738485,1
28.552954326754502,1.087366671402836,1.0877683710403665,0
37.48396544388508,1.0872803218205687,1.0877340344795583,1
30.685957725049334,1.0871307395865695,1.0876950799562664,1
36.09405832345509,1.086998845291996,1.0876627259198486,1
44.07695490453963,1.0868857398393104,1.087633659654555,1
40.045493876661006,1.0867763739399907,1.0876061655953053,1
48.487247695425694,1.086693134449623,1.0875814866802935,0
53.54380132110538,1.0866681212861748,1.0875670397605786,0
48.83895070146197,1.0866385793608253,1.0875447598314576,0
52.579921221240184,1.0866149490372656,1.0875205257077794,0
55.04412966104664,1.0866008802420992,1.0874864269959255,0
53.8339053169944,1.0865749501450463,1.0874476267592974,0
51.42981295524626,1.086573796698565,1.0874160103162043,0
57.93587596789178,1.0865728606349758,1.0873947697312365,0
45.5592301897275,1.0865169654204403,1.0873581796057095,1
48.58834169391992,1.0865012391512936,1.087328768033467,0
59.05737610780944,1.0865113552039936,1.0872971628443902,0
53.58561628004979,1.0865117372964,1.0872646390731675,0
53.495825137619626,1.0865077344541725,1.0872398408184685,0
61.270081214892784,1.0865502163166583,1.0872121395572822,0
44.08907396394455,1.086544554159549,1.087176460951048,1
40.84789153223195,1.0865366909640892,1.0871389842238433,0
36.05680286726541,1.0865383154377226,1.0870963952125228,0
39.63081383821627,1.0865354490488897,1.0870588155359495,0
43.292180474886365,1.0865213524798947,1.087023906039586,0
46.13842798221769,1.086521468592395,1.086997631508026,0
42.05829352394562,1.0864953107952435,1.0869649341455179,0
37.63105512682863,1.0864240075627996,1.086912653480763,1
42.700640216374424,1.0863444020386013,1.086854850524893,1
38.621624590615156,1.086277670909785,1.0867988683628567,1
42.53804308443799,1.0862407630842876,1.0867548971977867,0
40.082624910668,1.0861868412419233,1.0867007940933193,1
40.81531000736024,1.086139778922167,1.0866399152536226,1
31.85208111844294,1.0860878611709812,1.086577433347931,0
42.624161010379744,1.0860743426830983,1.086519382043005,0
38.245362484284655,1.086034145077504,1.0864616379091476,0
45.23990259155572,1.0859938266829978,1.0864079232844635,1
47.434166317543195,1.0859725808204599,1.0863760317229088,0
41.47810412680237,1.0859200723709366,1.086334347864575,1
35.502398185389566,1.0858344957540147,1.0862936578839193,1
38.29182968566225,1.0857937222494454,1.0862637392575,1
57.99992022777051,1.0857824585450429,1.0862437109933487,1
55.93083038476012,1.0857796467331198,1.0862249956976349,1
61.38147219232415,1.0857999502718845,1.08622055321956,1
64.07232231537697,1.085848401252169,1.0862193386269603,0
69.31986753541673,1.0858858566672962,1.0862259954622442,0
65.10886832418589,1.085926328508748,1.0862400589717787,0
64.87747956136394,1.085984517973897,1.086248354252984,0
63.46448873113081,1.0860484399239598,1.086249343394823,0
59.09895514919223,1.086085158368007,1.0862513382703731,0
58.174363583949955,1.0861055023418644,1.0862504295733981,0
60.04368659420522,1.0861658769893365,1.0862550161608266,0
62.9059314617176,1.0862016794544689,1.0862682912007824,0
65.11934691941767,1.0862435891393856,1.0862753308868869,0
56.74457735989907,1.0862545449689647,1.0862669040948665,1
49.41801993292084,1.0862787601391584,1.0862625923888145,1
54.34564934016445,1.086304209975211,1.0862523534946984,1
44.74151108962978,1.0863172371821412,1.0862356780812952,1
28.90699282080287,1.0863454171944777,1.0862170829980362,1
28.182944452692553,1.0863794044264838,1.0861994400396064,1
33.73421109128458,1.0864181457231852,1.0861906454499346,1
36.78099385944175,1.0864204310159473,1.0861819033417093,1
39.73486140066852,1.0864403887324652,1.086171632511195,1
50.495351956421324,1.086432969182955,1.0861645966387519,1
58.481721143780085,1.0864123346931964,1.0861774863360627,1
53.344245896137636,1.0864033147821586,1.0861868257145904,1
60.045007429289925,1.086401660086661,1.086196180924846,1
70.08099105698587,1.0864331626996035,1.0862169244142654,1
91.32236896873378,1.0864719923784365,1.0862350465645287,1
92.45447620333552,1.08655149728909,1.0862518506593457,1
92.80003692139134,1.086641249924129,1.0862891078792303,0
74.28363662715378,1.0866809205688763,1.0863127080027413,1
79.08468141488814,1.0867493300110105,1.0863526970300974,1
81.63511288137138,1.0868233779613248,1.0863905024518608,0
80.2528270469779,1.0869221636971893,1.0864272285817844,1
81.04053307003295,1.0870195587269444,1.0864618284426344,1
77.65406205669663,1.0871078117839958,1.0864973538901994,1
77.68089654898121,1.0871985147385568,1.0865454809515982,0
70.20147061467938,1.0872835919578758,1.086592758965746,1
71.96419944991375,1.0873921746298572,1.0866452415276353,0
70.60845113600838,1.0874915249766288,1.0866909502068711,0
62.54219010351289,1.087585568814784,1.0867413943708533,0
54.70220338070206,1.0876610141876293,1.08678012661738,0
49.081148937875604,1.0877372664550502,1.0868243587523794,0
46.38549534730595,1.087799473919667,1.08686753883069,0
62.79208714748629,1.087857352842028,1.0869161088203998,0
44.55558862518609,1.0878969300584291,1.0869574222750185,1
34.270757092194515,1.0878897132263883,1.0869837773766367,1
39.47775951759875,1.0878855762359492,1.0870212481105337,1
47.1905567065575,1.0878841344331067,1.0870717061309825,1
44.01438973636713,1.087858193186802,1.0871148962541728,1
50.65511696486988,1.0878837223459352,1.0871532135230983,0
54.59060753275151,1.0878939376494994,1.0871984133966495,0
48.713255558945086,1.0879020193658753,1.0872313300894572,0
47.35642235791259,1.0879049171733666,1.0872498349502633,0
43.11875687849526,1.087882826985354,1.0872606165698575,0
51.650623680662456,1.0878807274725095,1.0872791134757045,0
47.14152689325076,1.087863588431338,1.0872971091345744,0
43.3668512473407,1.087843630431025,1.0873108351685723,0
46.003535340682646,1.0878194372414798,1.0873389530770246,0
43.15465570713854,1.0877687031219387,1.0873562305189008,0
43.39831724182857,1.0877008537928785,1.08735538509227,1
40.64222211704871,1.0876466063374015,1.087358097370553,1
34.72052541251908,1.0875927265115222,1.087364013701234,1
40.62202381204813,1.0875433110988604,1.0873830452826483,1
30.077056794656826,1.0874835423395928,1.0873980217005734,1
42.78663879938632,1.0874771379036672,1.0874265934464007,0
42.035556818562924,1.0874913327973423,1.0874534156227171,1
42.60027621885905,1.0874926820291984,1.0874801540444219,0
44.716779539293036,1.087459806833094,1.0875038670936263,1
40.36030676814238,1.0874441855435735,1.0875253121823283,1
46.65405228218196,1.08741394705328,1.0875506199380314,1
55.615093376323316,1.0873975035679233,1.0875812593308327,0
44.79356036277377,1.0873588267621686,1.0876016731211424,1
52.064186936387536,1.0873224232567869,1.0876138703756997,1
63.24683880464195,1.0873134880758584,1.0876246858873373,1
65.61943443488904,1.08729854283021,1.087637866573124,1
64.5583475237222,1.0872953299098502,1.0876419760186733,1
64.77706177261956,1.0873119504491697,1.0876468183968653,0
61.443611108572064,1.0873015576354468,1.0876389772155672,0
57.222657170758566,1.0873427781549085,1.0876368418112128,0
62.97557645759368,1.0874217420630754,1.0876517136899495,0
56.45591929461457,1.0874808040680886,1.0876506869933842,0
55.03369707559608,1.087519340260945,1.0876423986210821,0
49.75177851245423,1.0875349016078304,1.0876281404469048,0
50.01504760111859,1.0875651594816804,1.0876162620024679,0
39.73877301804369,1.087538190894004,1.087598745090404,0
43.94264952025178,1.0875096753296964,1.0875778798591729,1
47.19596361033367,1.0874914421236164,1.0875632941107183,0
44.71750588755926,1.0874841712285503,1.087540665733104,0
42.981241525422504,1.0874789250439725,1.0875202722092654,0
38.9681817759514,1.0874484674002434,1.087495779372215,0
39.24497765781769,1.0874088789012972,1.0874804052162999,0
39.92094724939662,1.0873824314879308,1.0874597391342946,0
29.403640879748323,1.0873548047095234,1.087436002691642,0
23.72006314063198,1.0873240433528726,1.0874113620916752,0
28.608266420642465,1.087286022306526,1.0873935034723625,0
33.19187384463147,1.0872482627305973,1.0873853958203568,0
34.64082411830928,1.087191107392796,1.087369030859604,0
26.107746040906193,1.0871415932722208,1.0873419607512131,0
32.682059615927244,1.0870687433240234,1.0873210618661011,0
27.152173429554892,1.0869603776757835,1.087282375821889,1
19.75807995812302,1.0868652479498553,1.0872392111135265,1
24.745213377332504,1.086792059967834,1.0871984148618656,1
17.94946578232799,1.0867154142630064,1.087152339282761,1
32.93520015566449,1.0866459477333898,1.0871215103016822,1
38.39790612734136,1.0866147963192083,1.0870923726290835,0
35.6763346307234,1.0865699330114005,1.0870604176911978,1
45.61801785068467,1.0865386134321422,1.0870412873111648,1
43.64147557848827,1.0865061326180714,1.0870153438837402,1
45.38948827894161,1.086476046209652,1.0870032094443507,0
43.14832214666399,1.0864544970761212,1.0869972366855125,0
50.99512481460383,1.086437870799398,1.0869969110010984,0
54.21586175697768,1.0864365341113444,1.0869972621742234,0
50.44553809242542,1.0864278544195578,1.0869898200199213,0
51.36429937773074,1.0863981307218533,1.0869771974445797,0
47.271401826282286,1.0863449563142975,1.0869406308366147,1
46.41666992152666,1.0862942413331031,1.0869065592346612,0
54.1613442356616,1.0862633728254152,1.0868773071780908,0
52.075472748787185,1.0862467620440768,1.086856742835606,0
45.34939543995054,1.0862283487924567,1.0868347271656544,0
45.75437219598464,1.086213206872499,1.0868020797495768,0
34.35233662905961,1.086194771825066,1.0867581184163835,1
42.24879874235846,1.0861878068090316,1.0867300068806107,0
37.90206335950651,1.0861927339135862,1.0867004635454807,0
40.698100246795605,1.086182463557827,1.0866691004944695,1
30.91527898012673,1.086137014245875,1.0866277611953497,1
30.435098801586065,1.0861152909382443,1.0865884021025556,1
31.56003454589947,1.086066338067693,1.0865430423585742,1
42.940838327662405,1.0860352396116786,1.0865088166742332,0
55.0287429547149,1.0860094668028701,1.0864698849035355,0
51.12244390606011,1.085983708170645,1.0864220231285402,0
47.16238280431904,1.0859422039056013,1.0863814709361035,0
40.14150447275992,1.0858863414866742,1.086344062664515,0
34.86588165764006,1.085821399868648,1.0863044193242481,0
35.95347860559504,1.0857610746441777,1.0862555635095785,1
40.034784528908965,1.0857256272161515,1.0862156053654737,1
34.053580997187495,1.0856922395539526,1.0861795849243634,1
37.35920750111762,1.0856524930391305,1.0861417275442964,0
34.86283917471718,1.0855984560433174,1.086102456761513,0
47.1911054586081,1.0855601847630094,1.0860672310532693,0
45.318187636320765,1.0855402215581047,1.0860387814127213,0
52.76969167603833,1.0855410382825919,1.0860109821689012,0
36.274138888414726,1.0854979631505115,1.085976219545643,0
20.06645934178924,1.0854033214431258,1.0859198702389217,0
22.877501041013446,1.0853107852916974,1.0858637972699996,1
20.576514170617358,1.085213012412717,1.085798557237826,1
21.130994996288592,1.085107004012514,1.0857318986153222,1
23.192979528454345,1.0850033294251207,1.085667931171504,1
34.835564058921506,1.084907765156057,1.0856152854277676,1
35.897488370217616,1.0848065974696943,1.0855650265618038,1
35.061503721878395,1.0847153532579323,1.0855240133613997,1
38.52413652458385,1.0846385638739,1.0854907973057215,1
41.16537679727659,1.0845755686972711,1.08545746615629,0
35.267588768971294,1.084526999863695,1.0854290535645235,0
40.096894892938245,1.0845073648055163,1.085400130338429,0
33.87248703433734,1.0844681102355036,1.085356930931992,1
40.40666866424405,1.0844288254808303,1.0853231419121356,0
49.91549755072185,1.084364098960691,1.085271921755716,0
49.51607025338129,1.0843069575942237,1.085222786751974,1
58.660962574180054,1.0842387150732975,1.0851722985987275,1
66.64281060487382,1.0841946662482314,1.0851348490815653,0
59.328747343323826,1.0841165940073423,1.085082471452079,0
49.80322790480501,1.0840561150857984,1.0850240519354246,0
51.74213560245792,1.0840668124044273,1.0849754534328693,1
52.478038700948964,1.0840782826614848,1.0849358580458521,0
49.493370334869574,1.084113828979118,1.0849061063037544,1
43.522936421384834,1.0841382200367478,1.08486949009678,1
43.004466765694694,1.0841582802747711,1.0848258941512465,1
43.8760379277657,1.084173205118882,1.0847858626576896,0
48.38750130147572,1.084181357376792,1.084746229995538,1
48.647522560275384,1.0841926521447425,1.0847157914702972,1
56.46674228420312,1.0841896642204416,1.0846887542638717,1
48.814811018292865,1.0841634025496096,1.0846477044525211,1
52.38145785097947,1.0841580131900637,1.0846151652751146,1
46.474807116818724,1.0841441001773318,1.0845847849862311,1
65.7062353391625,1.0841814179690785,1.0845746924212734,0
63.13898868421893,1.0841986533323176,1.0845564868697648,0
63.138608372064674,1.0842514408362869,1.0845459628631537,0
54.92715079064858,1.0842814960229028,1.0845212893164635,0
54.83768795728724,1.0843110165634071,1.0844929185029422,0
63.16871619003432,1.0843300378783187,1.0844733809646347,0
56.00855848256138,1.0843414517748906,1.0844421705997949,1
50.500852289521376,1.0843588049919866,1.0844130373375496,1
48.44016481619242,1.0843553698266732,1.0843890414160795,1
44.29331695839699,1.0843363755430395,1.084365978405397,1
46.31519940668474,1.08432045487342,1.0843440373666615,1
55.10787412228762,1.0843356865249407,1.0843268688851753,0
51.09401435280909,1.0843577812709546,1.084308009443976,1
49.87812804154726,1.0843642826982582,1.0842921933196659,1
38.65317364984549,1.0843732713947645,1.0842714646482399,1
43.14139285631579,1.0843766567484239,1.0842503655464246,0
32.766453544234935,1.084365429787449,1.0842185108658147,1
46.06627817651959,1.0843885757782288,1.084203949503608,0
46.89488772869787,1.0844021425431396,1.0842146937151202,0
43.21383323851436,1.0844140840446328,1.084226104487405,0
50.88970937787137,1.08437934334913,1.0842412247958386,0
49.13612528690151,1.0843529480683523,1.0842548644921002,0
51.856110569769655,1.0843115721807906,1.0842692599654216,0
46.34109309259888,1.084266857582318,1.084264926286968,0
35.50614567757228,1.084194462270452,1.0842480644232453,0
24.63104298771198,1.084098408140791,1.084226602917778,0
29.373268407008084,1.0840412738493677,1.0842032545899818,0
25.805271039917102,1.0839774164842089,1.084173776452325,0
22.445334810117146,1.0839067251870973,1.0841409315454404,1
20.794544746155353,1.0838343429646613,1.0840967696690549,1
22.046825924268163,1.0837493524160942,1.0840565342388977,1
12.407377521973018,1.0836422436974886,1.0840122361718385,1
26.477581647773775,1.0835696169813946,1.0839902166522577,1
30.42008164869293,1.0835097272783145,1.0839733011933022,0
38.07392284306381,1.0834634945556227,1.08396137644117,0
44.86484414340055,1.0834347634857995,1.0839464044414517,0
42.23848679960415,1.083407390242502,1.0839348293598785,0
43.19674990060424,1.083345054860954,1.0839195254136704,0
45.10428457102942,1.0832616884945105,1.0838926441511534,0
52.32697216910589,1.0831924164977171,1.0838717580218982,0
48.48023538746792,1.083127034268526,1.0838465069116017,0
46.48249541428766,1.0830497700025707,1.0838194844784295,0
48.44400510763516,1.082968682806578,1.0837934209781444,1
50.533930398517334,1.0829070283980116,1.08375845559862,0
53.28998903212906,1.0828747207034284,1.0837254097538997,0
55.630777913725666,1.0828551884931152,1.0836916174571272,0
43.507971848476046,1.0828153957628477,1.0836535472069442,0
41.6727118882875,1.0827956849393165,1.0836266894082076,0
33.79705659926566,1.082781668290743,1.0835903935857123,0
25.498837510450798,1.0827775277819174,1.0835501407108894,0
33.44240226121293,1.082790519020497,1.083500174659465,0
35.58370626865005,1.0827991908224592,1.0834524511678953,0
37.82620824885905,1.0827668395312848,1.0833963761302567,1
31.894731810919282,1.0827275439514286,1.0833517203647125,1
30.671480950479975,1.0826600107622388,1.0833009741207027,1
34.34745438102013,1.082569176987231,1.083242060085017,1
41.32072459429892,1.082501661657934,1.0831989133130957,1
55.539135284838025,1.0824832931844832,1.083169320690669,1
57.11501805634236,1.0824906088329769,1.083146739753675,1
58.09217904823,1.0824849964859153,1.0831312063990484,0
65.55146101959122,1.082495554039442,1.0831165465780106,0
55.981805184788904,1.0825087840815915,1.0830887235010895,1
60.37854333087535,1.0825302130178245,1.0830623936768924,1
61.211586051303904,1.0825547745397077,1.0830346523351997,1
59.60267809168762,1.0825801336305916,1.0830081546482306,0
64.791898529565,1.0826034760769516,1.0829823451885385,0
71.00484212491094,1.082644936726931,1.082965349982737,0
65.9758891494977,1.0826714405230995,1.082939835306156,1
74.33319414168594,1.0827084113560346,1.08291290111087,1
66.35329471147017,1.0827293089055297,1.0828762306552477,1
61.111691471732115,1.0827351062347965,1.0828424798137317,1
57.40251393376637,1.0827713933883456,1.0828198292958926,0
55.571430248589806,1.082821002938343,1.0828001484332777,1
52.00595018053006,1.0828614236520342,1.082789546792599,1
60.64975263128549,1.082943152212518,1.082800450097529,0
58.43260764062827,1.0830102401286816,1.082806792880173,0
50.57538509883829,1.0830523500788427,1.082803343804886,1
58.74543392269783,1.0830893393135512,1.082814089822406,0
57.638218835912646,1.0831179368947297,1.0828312244367277,0
55.81847960371649,1.0831358061339185,1.0828517916667513,0
48.35422484841324,1.0831277252844758,1.082867895725363,0
51.717872935688376,1.0831424577331399,1.0828888091153501,0
53.699563108191704,1.083163623128767,1.0828999961358412,0
54.31131909798707,1.0831688176063066,1.0828982884663965,0
55.15787647994335,1.0831670841819574,1.0828895904987645,1
47.4327905670665,1.0831585703993403,1.0828718679539548,1
47.11539745810436,1.0831482007787583,1.0828616741972394,1
42.617329362066016,1.0831257144124664,1.082852099126761,1
39.21371242978012,1.083121128124232,1.0828566769627586,0
49.68219006175071,1.083148696621212,1.0828587427046459,0
53.51676798603859,1.0831756160939814,1.082861912543914,0
42.35846478759351,1.0831784267828533,1.0828712920080057,0
41.338539509467125,1.0831744090143767,1.0828824389163971,1
38.821641412625034,1.0831590304331657,1.0828903476066607,1
42.46949810074039,1.0831085585615374,1.0828939852407726,1
37.735766711211454,1.0830744451590686,1.0828944955465545,1
45.18173875689097,1.0830811666154918,1.0829096521459438,1
56.71595804422165,1.0830763966753714,1.0829263745168278,1
61.76899130967134,1.0830849571418197,1.0829525399771582,0
65.39528107370273,1.0831027052380076,1.0829818626491872,0
57.575265011154244,1.0831216814939382,1.0830003607147396,1
64.1774964573817,1.083133319939304,1.083022460762088,1
63.07161511367911,1.083151348813521,1.0830537998487357,1
51.107058239830735,1.08316692113371,1.083074039339309,1
56.21171107087813,1.0831941458857854,1.0831032445481832,1
65.82959492915195,1.0832612425137207,1.0831486941645503,1
69.37559158803957,1.083340426734149,1.0831971802277256,1
76.63655489405305,1.0834576101452442,1.0832418259110654,1
79.60302854329717,1.0835592894257784,1.0832841491998793,1
82.57696832698652,1.0836617503288202,1.0833294442418078,1
75.84404653944605,1.0837588910670275,1.083367247354948,1
75.560147207988,1.0838712160430943,1.0834162647926069,1
75.01422078580492,1.0839954031734265,1.083468514978638,1
74.85385786590427,1.0841356135996645,1.0835226832306433,0
84.07010000873525,1.0843022155784714,1.0835828180199247,0
80.8939213115577,1.084464789840226,1.0836390210518643,0
78.17375566206229,1.0846003652136729,1.0836918235406403,0
87.12894585185279,1.084723173243115,1.083747067604834,0
78.696141735742,1.084816517287381,1.083795782349697,0
74.00347091220002,1.0849077164266085,1.0838532256576192,0
58.78286112989199,1.0849898915147762,1.0839022748267313,0
57.23964166960501,1.0850883932875288,1.0839492607217613,0
56.47741526522748,1.0851730372938855,1.0839946135909528,0
48.688263909865995,1.0852687418761242,1.084036966628945,0
48.07836348078915,1.0853423825560755,1.084062936685606,0
42.06033297333075,1.0853776654122034,1.0840956642779593,1
42.28399605408486,1.0854073449143031,1.0841391781619096,0
43.93151886523555,1.0854240300640505,1.084175702211265,0
31.48970233745905,1.0854268570633323,1.0842077172673203,0
30.381287177992505,1.0854024744882929,1.0842361115835575,1
35.970627436206186,1.0853987131920637,1.0842756425179834,1
32.70413695190568,1.08537217872758,1.084308153190383,1
36.96159877746199,1.085336727087697,1.08433775656221,0
36.21851182580302,1.0852987830998408,1.084374669428057,0
47.40297147581518,1.0852457799326651,1.084414296320208,0
46.01638435380751,1.0852137325945095,1.0844610859299317,1
38.775240794926184,1.0851655466750483,1.0844987618991564,1
33.2540917958859,1.0850872614350875,1.0845316864138825,1
34.18874722931962,1.0850159086504747,1.0845536945601941,1
45.62961401867267,1.0849681748128226,1.0845810169342633,0
51.479462745269934,1.0849765575428658,1.084622651406285,0
56.031168060273615,1.0849967036119263,1.0846765714533904,0
58.21202986178298,1.0850132553999718,1.0847301521451909,0
54.3487426661526,1.0850108888553465,1.0847777099978173,0
44.38546059024356,1.0849858923283802,1.0848138701923433,1
44.69200093088453,1.0849552039144352,1.084847967780106,1
43.92302533547126,1.0849112205003766,1.0848711997158635,1
47.805640536125146,1.0848785303826525,1.0848965556941774,0
49.45812214213368,1.0848694404160306,1.0849215105770047,0
47.57394082459065,1.0848764521206833,1.0849456103366277,0
48.646528725331045,1.084860262673177,1.0849710749896788,0
51.61034526972536,1.0848404967433662,1.084991023912008,1
54.3307480312569,1.0848236440822503,1.0850066746697018,1
50.77388933323018,1.084815390866179,1.0850340573210446,0
44.37971122718665,1.0848083349370659,1.08505997194072,0
31.808572464953713,1.0847728859821058,1.0850657433172861,0
35.94452089269099,1.0847661414856302,1.0850690477997489,0
44.35834603399807,1.0847944530435405,1.085066423573201,1
50.247686654395025,1.0848152163145761,1.0850560653157133,1
49.37045375318116,1.08479719184494,1.0850351935407112,1
53.727778920339624,1.084759162203421,1.0850227598608426,1
45.79773952651305,1.0846901472918407,1.085004143952889,1
49.747306399521854,1.084647864310302,1.084991136599941,0
51.09943504985959,1.0846398299941336,1.0849793965556052,0
53.208356870405375,1.0846596417966676,1.0849568406796217,0
58.943306896088934,1.0846885110876188,1.084937456279063,0
58.035705061791084,1.0847213022339117,1.084919574523959,1
49.77653315782369,1.0847236581444901,1.0848967496547275,1
42.684751642228115,1.084699308150203,1.0848746269221337,1
52.21993288830458,1.084682067928138,1.0848553509372394,1
53.24827069325988,1.0846908544770926,1.0848514601746053,1
54.1502049686991,1.0847231094414642,1.0848449103735822,1
67.33795447244819,1.0847742822619448,1.0848471726569253,0
69.0714126219287,1.0848068727192026,1.084849309658276,0
72.00081675638316,1.0848586990190174,1.084866498525897,0
67.66801540972182,1.0849125304714484,1.084879689340984,0
56.24587194841749,1.0849414116259968,1.0848826744844264,0
45.9608240125776,1.0849375047328065,1.0848718134407032,0
46.121023130489725,1.084942970906002,1.084862510852781,0
44.25674044974087,1.084952646058699,1.0848552621688734,0
46.29151449025678,1.0849598828309817,1.0848472277164098,0
50.13299531790443,1.0849742955804158,1.0848449906940232,0
49.00555737282856,1.08494697651976,1.0848352363727662,0
44.481120442536465,1.084906249626387,1.0848223831662236,0
39.051039403921656,1.0848672502705203,1.0848054288147637,0
30.79480859846511,1.0848017642649554,1.0847726689472414,1
19.833562086678796,1.0847206133075953,1.0847416011769782,1
19.47165517110527,1.0846388260004751,1.0847173754808825,1
17.897606761888753,1.0845922318916243,1.0847051562185934,1
20.642217640694767,1.0845379886951063,1.084683276490153,0
27.17046928348674,1.0844809989304416,1.0846532367296358,0
27.816528879152415,1.0843924729112764,1.084603218093322,1
