RSI,MA_FAST,MA_SLOW,RESULT
22.512838717271975,1.2593361245612578,1.261639660020755,1
24.82115668389713,1.2591882975693862,1.261544368037568,0
23.694991335426124,1.2590423388541097,1.2614365302520005,0
24.159211327696653,1.258919287701524,1.2613248085226814,1
26.118584450464525,1.25878647548041,1.2612174610087263,0
26.752812066275666,1.2587010279495543,1.2611093059039573,0
25.976132275372066,1.2585907852443465,1.2609951613723518,0
25.933137836235232,1.2584631310444332,1.2608656102554634,0
32.759136075503235,1.2583524385891949,1.260743285663189,0
33.77823302342337,1.2582554117237292,1.2606195147384207,0
26.506637391361437,1.2581074095086802,1.2604791953699122,1
31.69709053984805,1.2579477282352318,1.2603417184865195,1
41.14066653347934,1.2578387903357306,1.2602123298050774,1
46.91383881061469,1.2577348893311213,1.2600805313355086,1
42.60787328578379,1.2576442654423563,1.259946665987836,1
35.522805258662075,1.2575513913687992,1.2598174435602985,1
47.95707501716656,1.2574912465414179,1.2596825911930878,1
54.087117603743394,1.2574644008389728,1.2595582760594248,1
54.58351850167134,1.2574582568637926,1.2594334880922538,0
51.31162829109535,1.2574854101253305,1.2593235827036788,1
55.17641570154977,1.2574986331338396,1.2592108067868832,1
55.01778134262443,1.257488152909687,1.2590974814219187,1
53.45222823439025,1.257496903196985,1.258979983252611,1
56.194312258671474,1.257527768784954,1.2588872667657744,1
76.01618873004999,1.2575776354735613,1.2588046837428766,1
77.36839829204462,1.257625749724019,1.2587392567541935,0
64.10161459742736,1.2576752356585403,1.2586606531878801,1
64.45304538385707,1.2577321337693126,1.2585915895032138,1
73.11995121411434,1.2577976019563086,1.2585345670578088,1
78.13556736417172,1.2578766820788136,1.258484290690069,1
69.03338093295616,1.2579905806556217,1.2584372256621217,1
74.36443960919749,1.2581500839821218,1.258415778943025,0
65.29951349476751,1.2582568079910168,1.258393707323566,1
58.915728322308496,1.2583408715002364,1.2583773128121374,1
62.769224130000595,1.2584487910723017,1.2583549868528465,1
69.07056649152688,1.2586063778579049,1.2583584563579076,0
65.63740209300207,1.258714788235252,1.258356955853572,1
63.2131790415412,1.2588010101985811,1.2583477552097933,1
62.125850973140864,1.2588955120878649,1.2583513456587807,1
58.895491346521695,1.2589829503038301,1.2583610373415193,1
64.05813056619942,1.2590765413769813,1.2583664900324307,1
65.02549984381113,1.2591846065733374,1.2583677687648807,1
63.70094557678698,1.2592992928404763,1.258379945963761,1
64.88412390966747,1.2594230893551372,1.258401049857052,1
71.35646703203489,1.2595428287369752,1.2584450116293953,1
64.38723015152678,1.2596472586729166,1.2584942658713698,1
73.91123166685591,1.2597840073122686,1.2585454693431581,1
83.57813775311973,1.2599205781404716,1.2586047463869152,1
84.03996563493202,1.2600524931980206,1.258671175419292,1
79.37521015443646,1.260173765355589,1.2587486504933978,1
90.04444088517928,1.2603069087425347,1.2588255393346324,1
95.06097432219883,1.2604076492606824,1.2589035196195433,0
95.34845107284882,1.260561226759125,1.2590012624855724,0
79.68060383288713,1.2607067208535805,1.2590922860729596,1
82.74795970629775,1.2608479928539196,1.2591795938022503,0
75.22359048082266,1.2609362364789796,1.2592525397696774,0
71.84088861080933,1.2610343964357258,1.2593344003301237,0
69.7096624328025,1.2611451964765552,1.259420581382642,0
67.25435713389851,1.261248311185029,1.2595096946971143,0
64.8982806089049,1.261349640958723,1.2595987290355166,0
50.10910303916235,1.2614210862597375,1.2596919607328536,0
44.1108823858977,1.26146358737458,1.25977411242062,1
46.33122607684709,1.2615178953751927,1.259851587979546,1
36.289144044893824,1.2615009010473046,1.2599074545435252,1
41.64531274088416,1.2614819327533033,1.259980078553774,1
38.7104602426664,1.2614670140832582,1.2600605149571538,1
37.77854536043847,1.2614714732522279,1.260137560027482,1
41.92704315161827,1.2614681249197928,1.2602062360192434,0
35.705916805570226,1.2614165350672497,1.2602544867006749,1
39.513831817482476,1.2613720385725646,1.2603033018722913,1
45.59890323942707,1.2613516609749649,1.2603667504710823,0
47.46646059521427,1.2613261309233288,1.2604387108250001,0
43.08243346775548,1.2612593570991701,1.2605062440464463,0
43.72632283108583,1.2612227682737263,1.2605702858684689,0
48.104014331303034,1.2611759100995348,1.2606189036526398,0
48.61810397199677,1.2611265923330663,1.2606528768132965,0
48.83843188520315,1.261101229389483,1.260704797822501,0
55.028891760031854,1.261045600088176,1.2607459679101873,0
46.393765951392865,1.2609604003250954,1.2607748140446289,0
40.04237925051104,1.2608564556121764,1.2607906384488619,0
29.07363178997501,1.2607605621228346,1.2607999533197387,1
30.357383077915557,1.2606856889238398,1.2607883543973073,1
42.636754432501114,1.260615803176736,1.2607951860538336,1
39.7887958407912,1.2605942461101474,1.2608088043874897,0
28.075009785299088,1.2605217934638275,1.2608092795103845,1
27.53996223252122,1.2604553504378258,1.2608001039891221,1
38.678349218778756,1.260395865491033,1.2608099909297943,1
36.375044791930726,1.2603279233240758,1.2608170012694413,0
36.52721719720017,1.2602899247303312,1.2608122517576614,1
41.42149065134315,1.2602535332020843,1.260811535031593,1
44.31780448236604,1.2602236925083872,1.2608256109236446,0
46.66778631603221,1.2601665288464936,1.2608314797342626,0
45.12161792212182,1.26009671881557,1.260825214436484,1
51.742182814501916,1.2600372005009441,1.2608159303267916,1
61.325594283004435,1.2600028665457705,1.260802918776158,1
60.870992379149136,1.2599841434117445,1.2607876307088277,1
53.858543653682254,1.2599367997673299,1.2607659148045256,0
58.4610495618474,1.2599309034527644,1.2607500980351043,0
68.31376503353641,1.259951891171795,1.2607345732341388,0
61.17760445037352,1.2599792163934607,1.2607128188640104,0
54.45575825083892,1.2600356263992245,1.2606914403824145,0
50.67217480938013,1.2600637196240534,1.2606507825426556,0
56.27632540570105,1.2600828315807497,1.2606038279824834,1
52.58688606235369,1.2601004803138947,1.2605663081716154,1
41.401086112926556,1.2601383403087072,1.2605254184922996,1
43.79148633196349,1.2601597125640998,1.2604894944231702,1
52.275769630572704,1.2601499918148744,1.2604562290814538,1
53.973981912675136,1.2601694005012847,1.2604266828793331,1
52.64491115154119,1.260209027282158,1.260396538196513,1
51.4848168657324,1.2602359524625693,1.2603660596331314,1
60.19345996465098,1.2602466593262969,1.2603558401502686,1
56.799625715288784,1.260274772926238,1.2603559539549256,0
49.93983352168041,1.260320003156586,1.2603460575490413,0
55.11250649777077,1.260350941848873,1.260355946647419,1
53.46962558330873,1.2603639730146203,1.2603557348806844,1
70.98399225171883,1.260386443014379,1.260355402281276,1
62.06048711861298,1.260412523024422,1.260342334713403,1
60.55212292935485,1.260412422294454,1.2603278169849688,1
75.82881869314963,1.2604395724033015,1.2603437881685593,1
79.096370161012,1.2604990336611204,1.2603636168994328,1
71.8631811343618,1.2605431746308005,1.260368045844749,1
70.74253794901999,1.2606236696375563,1.2603697980283468,1
68.93378596801254,1.2606934403037533,1.2603774612643168,1
71.84715845693205,1.260775577778833,1.2603874319736579,1
69.4165816928639,1.2608685496010914,1.260402474292922,1
72.42115497799547,1.2609846627984294,1.2604327226093155,1
77.50044339111355,1.2611065583734535,1.2604583606750424,1
78.11408466636136,1.2612103628154459,1.2604925879702409,1
82.02775452195944,1.2613227293914726,1.260541469823064,1
81.45507471861265,1.2614424719951756,1.260600466186331,0
85.33927101800336,1.2615500758313862,1.2606716456336893,0
89.96319665982232,1.261656049788178,1.2607440983006608,0
85.50611413114383,1.2617683181445492,1.2608070635361666,0
83.00523347323838,1.2618831197545064,1.2608714961051626,0
85.76074535823915,1.2619896106099577,1.2609428617391365,0
72.315400332054,1.2620723204409965,1.2610021902825441,0
60.289671404626965,1.2621430641482632,1.2610412141762952,0
46.626027916125246,1.2621948437542907,1.2610745851570548,0
40.600791343844094,1.2621927429414659,1.2611049154530132,0
29.50401842310842,1.2621695642073332,1.2611300293015324,1
26.974489937008755,1.2621627282800794,1.2611436601534256,1
26.16580500349474,1.2621399571974,1.2611591693687094,1
9.436364945076235,1.2620704012068447,1.2611669342208267,1
22.042646701419343,1.2620232064148127,1.2611818343392054,1
29.14252213001062,1.261993962908416,1.2611989128379804,1
30.010351569730958,1.2619506327528118,1.2612193183457423,1
40.88718204327313,1.2619368594727498,1.2612583845572098,0
37.88642971782779,1.2619057617625205,1.2612825312941434,0
47.312687052220895,1.2618906618759285,1.261316978104717,0
46.638620185720505,1.2618528680356103,1.2613499268431911,0
50.800808864731174,1.2618172927775582,1.261384312185023,0
51.22497511840693,1.2617516565253806,1.261419273061192,1
54.67318882570915,1.2616880717447043,1.2614491596017483,1
56.67748608317837,1.2616316208784617,1.2614839523309895,0
55.69988559050208,1.2615833557656484,1.2615208679219132,1
59.0429269615222,1.2615628296079417,1.2615634371000808,0
71.24146574563382,1.261563084733861,1.2616064513438898,0
63.51594449493088,1.2615797969698124,1.2616387437444658,1
56.06955552419111,1.2616024262195213,1.2616622750279587,1
57.59522822338659,1.2616437005906238,1.2616931285527542,1
44.80305140794143,1.2616706503863582,1.2617132565774503,1
55.050840848296254,1.261720059478852,1.261737283989755,1
51.55132895313462,1.2618371653771607,1.2617737991090565,1
47.626590873611285,1.261892905810856,1.2617986199239986,1
52.24735949053178,1.2619495438682162,1.2618331411794186,1
67.35168420086377,1.2620367745867722,1.2618794509746996,1
68.0465303184142,1.262092679099753,1.2619304469873425,1
68.64660829587906,1.2621784362432633,1.2619889368736672,0
72.16843326316946,1.2622481143564273,1.2620403948859675,0
68.80350281063309,1.2623308453919777,1.262082651535534,1
69.02236397997444,1.2624125120820213,1.262132047165511,1
64.70956493345344,1.2624933827244478,1.2621671582959484,1
68.09752055841764,1.2625766023848335,1.2622024244341803,1
67.26480375003251,1.262661953357436,1.2622385025624305,1
72.41566523621842,1.2627600157619254,1.2622774543862467,1
72.76524227083135,1.2628647648665274,1.2623154779273202,1
64.97593429708999,1.2629529494301523,1.2623450077665692,1
72.07812302206946,1.2630409269881906,1.2623709694135639,1
73.99412127210434,1.2631755711657862,1.2624034117376841,1
66.98899617927091,1.2632920159833818,1.2624329461480368,1
66.80286765176402,1.2634246283078703,1.2624630775680439,0
63.986036589260586,1.2635386425801447,1.2624903211065417,0
53.32104751213407,1.2636139238880761,1.2625120414064674,0
62.57392049655015,1.2637515899921625,1.2625460080190611,0
58.637782944573715,1.2638577981995736,1.262580416215265,0
59.73642054010783,1.2639036028877324,1.262611963953394,0
56.56582618295291,1.2639360871153162,1.2626476561741635,0
45.09727364855844,1.263919282151217,1.2626787122324377,0
40.245990543248595,1.263870482912766,1.2627114908744879,1
31.54591794122929,1.2638085695139283,1.2627382536581722,1
37.27624074931498,1.2637548942411825,1.2627689135499525,1
36.83244247815437,1.2637133734808492,1.262796524809328,1
30.913430205467222,1.2636860401544137,1.262848680013208,1
39.33813425709866,1.2636757624397164,1.262899524972392,0
42.135906696099525,1.2636705060797897,1.2629480716547963,0
41.645483903879615,1.2636409679176568,1.262991611993258,0
45.165974615699994,1.263628794488411,1.263021781772834,1
31.96455072106589,1.2635978193070374,1.2630477924313706,1
33.05417994921814,1.263528370908074,1.2630584953505422,1
33.83790394524543,1.2634454749747024,1.2630699889236734,1
39.136066282079426,1.2633719370492575,1.2630849352767235,1
58.52430469053927,1.263348425983226,1.2631290288896797,0
63.44177376411771,1.2633499728346433,1.263176801842443,0
58.44057278220315,1.2632829862490371,1.263206554167291,0
54.76926297070562,1.263219164432682,1.2632347396820784,0
58.249143280552204,1.2631790409977877,1.2632584485093323,0
55.31542089446511,1.2631491185126693,1.2632820696856868,0
45.714261233485885,1.2631432861160445,1.2633041078909308,0
42.85609939730406,1.2631544392698852,1.2633322960946332,0
38.93059422598728,1.2631603926195627,1.2633449304697477,0
35.15238253971202,1.2631367593291298,1.263355357127061,1
43.72773082147659,1.2631381082569009,1.2633637443205477,0
40.52030002287352,1.2631034115964925,1.2633551785009407,0
46.23768810139359,1.2630524093216093,1.2633633263766935,0
38.103569384189214,1.2629606770967126,1.263352524946195,1
33.765717137319825,1.262906438763149,1.263339477663809,0
28.756698541553448,1.2628348652444257,1.2633186562307028,1
33.811601748943886,1.2627879552024381,1.2632916000150405,1
37.20943740718954,1.262749838823043,1.2632591851371884,1
34.46787931456299,1.2627173180271911,1.263224577977759,1
34.81591077087782,1.2626743602833082,1.2631896745572382,1
40.88184583228104,1.2625935394043337,1.2631690915616343,1
44.693310960722265,1.2625214329322445,1.2631547340614073,1
54.02746259096378,1.2625020616057516,1.2631425974666177,1
58.25928415567077,1.2624862804449828,1.2631252455553013,1
54.47064726883961,1.2624654007448002,1.2630987028606413,1
69.63528504142988,1.2624873785135593,1.2630958413190496,0
70.7628539377649,1.2625412110132528,1.2631042215009556,0
73.72127138388794,1.2625729201926317,1.2630912357053716,0
68.86584121463858,1.2626300609195291,1.2630801484442065,0
72.39172500885542,1.262698742069588,1.263065002631748,1
73.14420176968527,1.262752629590707,1.2630493391247726,0
62.604165280159044,1.262802449191006,1.2630305886221125,1
63.64277190145446,1.2628342747327534,1.2629964002729297,1
69.21276163659707,1.2629263530486108,1.2629799468858098,1
69.22531944986851,1.2629959969444482,1.2629764352864952,1
52.96767777771642,1.2630330921450885,1.262957458242612,1
54.52459952090334,1.2630974751260775,1.2629628772049848,1
58.804369827014256,1.2631762513239753,1.2629814925016722,1
57.90925897661849,1.2632589199330062,1.2630047181453898,1
52.34894345513785,1.2633524707957193,1.263028705179053,0
44.98412346171547,1.263418837759334,1.263051277273028,0
46.705830348500115,1.2634581013353574,1.2630635585337848,0
52.35139023111354,1.2635107782705763,1.2630766037989616,0
52.603839636751495,1.2635615581685933,1.2630816663908226,0
46.470447079180055,1.2635796788658873,1.2630741872399336,1
50.422958601529835,1.2635520873609676,1.2630651584680723,1
51.67899466584701,1.2635049986837226,1.2630670932516297,1
49.35807624312681,1.2634980954392574,1.263079125517845,1
47.013083604312136,1.263489568554489,1.2630977858761212,1
56.61777745214937,1.2634794043758946,1.2631079895624029,1
55.871818865885004,1.263491613529047,1.263106614143101,1
51.115461656100145,1.2635294115352593,1.263102364102359,1
48.98574723832306,1.263560796341286,1.2631075243098295,1
51.26086620396247,1.263579748522632,1.2631241805217899,0
57.10733527523072,1.263591395621825,1.26314137713611,0
60.214124523748524,1.2636503074588386,1.2631579338210797,0
53.0778967299615,1.2636895394027914,1.2631813785196833,0
47.88103005764063,1.2636878198238208,1.2631948447232464,1
57.30202531690717,1.2636829092254092,1.2632137247877286,1
57.86101593444044,1.2636644695577752,1.2632397892705112,1
56.88421425433485,1.2636586315418334,1.263259486587001,1
57.345824709923704,1.2636858259006838,1.2632965242554612,1
58.55695516011055,1.2636887366225302,1.2633311347193297,1
66.48148665280266,1.263713010635331,1.2633825998062702,1
61.18351495964738,1.2637728996137196,1.263420771580162,1
66.03666061041744,1.2638540242567458,1.2634728220730005,0
74.8713528665728,1.2639441800715492,1.2635295831992739,0
70.08539446543276,1.264011881256654,1.2635839424912896,0
68.92836092496474,1.2640790586838428,1.2636424821387817,1
59.18376401908484,1.2641361193957703,1.263692693207388,0
61.078228903514024,1.2641829879808546,1.2637423935737093,0
71.45779530636457,1.2642268039521216,1.2637845125103098,0
71.75674561514698,1.2642753145773662,1.2638168254984752,1
76.12095822051108,1.2643229210673694,1.2638588367707444,0
66.31242434749196,1.2643431378649648,1.263892471984176,1
56.66670290948979,1.2643552860655114,1.2639050968418604,1
60.97251741100271,1.2643835544314572,1.2639183158869651,0
58.21021165497832,1.264438107881768,1.2639409197989009,0
57.79492083082402,1.2645017548591977,1.2639624023635958,1
52.833449896157425,1.2645700962313675,1.263988330935223,0
51.281898582436305,1.2646455312524365,1.264016647251693,0
41.63964825894769,1.2646680746779926,1.264042774450256,0
39.98842469506115,1.2646798722927524,1.2640693737433293,1
54.79026477219856,1.2647061217161628,1.264094507273291,0
48.430842175125164,1.264719684607234,1.2641102466452763,0
47.022525872970164,1.2647071735123627,1.26414245461991,0
46.82893423657674,1.2646768477500747,1.264161332248873,1
39.49908928656273,1.2646446171540524,1.2641712888233203,0
42.82948727354034,1.264601581097897,1.2641795466047383,1
48.58274518715833,1.2645858814943327,1.2641860574868333,0
42.61071663916784,1.264564307692282,1.2642005815468884,0
46.06507455064982,1.2645581684783997,1.2642245393675267,0
40.69942985235889,1.2645416194999253,1.2642291619902146,1
37.396382416567405,1.2644976258780583,1.2642332638545306,1
35.1469475884042,1.2644730701398468,1.2642498284937598,1
45.92851477656814,1.2644651671639235,1.2642703287630426,0
43.42147717968753,1.2644227308371487,1.2642854087483355,1
38.07915771718687,1.264391669909617,1.2642983495870448,1
50.47172009802385,1.2643840193008935,1.2643201826621577,1
46.547738402817735,1.2643528502536472,1.264337709286324,1
46.823687628751756,1.2643089685378344,1.2643435892552077,1
44.51472742698535,1.2642837731194763,1.2643445190839429,1
60.05516288136072,1.2643151274918343,1.2643711062035485,0
55.94464346578639,1.2643076622781435,1.2643856727754956,0
61.16785359219449,1.2643445398226285,1.264411504325598,0
52.885578902818615,1.2643634181840846,1.2644276989100085,0
53.13539735241334,1.2643737947559548,1.2644350343901383,0
51.748888106876144,1.2643727994812468,1.2644452806862905,0
49.43999368448427,1.2643668261626426,1.2644531133796315,1
46.79330335096087,1.264346544208736,1.2644588873472176,1
47.08394656037989,1.264309085078691,1.2644607629616316,1
40.65148854613917,1.2642414265768536,1.2644467796379946,1
40.52470045205198,1.2642156559819342,1.2644399297339763,1
48.74359709905732,1.264219540838004,1.2644358759355996,1
53.859380857299904,1.2642457090631418,1.2644389522735286,0
57.58465451064161,1.2642731775458882,1.2644379900786997,0
48.3303141790253,1.2643174451860317,1.2644347147941284,0
48.053343308771375,1.2643349227910945,1.2644275662008209,0
35.94267919746727,1.2643118206868178,1.2644132874633478,1
42.77027371902378,1.2643143586177539,1.2644090049751173,1
42.005464522438125,1.2643039508088365,1.2643919743864007,1
40.7860202507719,1.2642847880505597,1.2643677127233182,1
50.231910297531485,1.264237554039788,1.2643560019885174,1
58.870054220003595,1.2642345216336766,1.2643503130020184,1
63.61771650238128,1.2642071161386905,1.264357095635088,1
71.01814414902003,1.2642247432437057,1.264375481781286,0
66.60788745998636,1.2642564789292974,1.2643842041892746,0
55.482448908290124,1.2642758562663243,1.264380380040113,1
54.16063446397631,1.2643228829262618,1.2643815646064573,1
54.34356907917724,1.2643857906610412,1.2643851651190872,0
54.259013865871694,1.2644634937068857,1.2643879479434113,0
55.50184646815697,1.2645521249106566,1.2644003997310602,0
64.10732185848886,1.2646370615856335,1.2644228054511288,0
57.61678475371214,1.2646800890437888,1.26442546286665,0
59.64373630622316,1.2646904319324106,1.2644272512035994,0
59.565868405003506,1.2646717130916374,1.2644238059104094,0
55.37494219194533,1.2646528463646054,1.2644251142399405,0
40.083018107497715,1.2646227790103775,1.264418830943351,0
34.86729518318167,1.2645978174974524,1.26441178202317,0
24.551775616950806,1.2645525954894772,1.2643956905731752,0
24.51412766021882,1.264524688892916,1.2643761268666542,1
24.1347031079695,1.264487443101338,1.2643394225724933,1
19.712218959394363,1.2644299943985717,1.2643113519479758,1
25.3185564271825,1.2643601313219672,1.264295315179582,1
25.806185556854714,1.264285374430657,1.264282017351412,1
36.71678913933464,1.2642188366683733,1.2642769495830661,1
38.772377912556344,1.2641822606460278,1.264288016112826,1
46.43187183653183,1.2641858175358123,1.2642980390905911,0
50.23187234530746,1.2641791775025606,1.2642996278871241,0
55.66607697645373,1.2641621621679633,1.2643088898848134,0
58.61649550003047,1.2641582787667878,1.2643276720349923,0
62.90593262391567,1.2641515629399076,1.2643475156592328,0
55.8632926520242,1.2640908782450055,1.2643331057523974,0
61.68668730132353,1.264058231364198,1.2643256905010718,0
56.96204203090505,1.2640188178358556,1.2642969624088902,0
59.716118763549396,1.2639802874287036,1.264270553608257,0
59.39070389145452,1.2639401497169518,1.2642516562243395,0
53.53381016267914,1.263918838329651,1.2642372464827125,0
46.01280503617114,1.263883740957575,1.264218547941143,0
38.201266494635576,1.263865155513954,1.2642031350952623,1
35.70834081816656,1.263869815960838,1.2642004192195129,1
26.191336548665078,1.2638812758711602,1.264195362290216,1
34.460347568152486,1.263915195862122,1.2641911679000508,0
29.943093932790873,1.2638959228891207,1.2641658680000285,0
36.920533874277,1.2639142045745433,1.2641494155559727,0
36.86847319674319,1.2638954763038242,1.2641258690862405,0
43.50117091393013,1.2638542119707314,1.264102722826706,0
35.196622146622104,1.2637623437305634,1.2640690074663785,0
38.285110571824724,1.2636678815793205,1.2640420522441251,0
42.731956437227126,1.2635773208233703,1.26401407476706,0
42.41195264300333,1.2634706358571304,1.26399434605431,1
40.76028505177174,1.2633607167461172,1.2639778871374556,1
42.405885577962565,1.263268579632194,1.26394551598936,1
46.84638508770618,1.263188522349387,1.263907290787356,1
42.550676570661615,1.2631304962921086,1.2638663144702573,0
53.940210626397956,1.263119900152672,1.2638286163718437,0
46.19909323465709,1.2630993234759698,1.2637887940430084,0
51.339314982145076,1.2630723120168335,1.2637558287829165,0
44.15076232100727,1.2630875114091313,1.2637243993342908,0
38.81564485240994,1.2630688281897857,1.26367635010676,0
33.767944355433315,1.2630088585251014,1.2636185651467993,0
47.02897288758179,1.2629910516704583,1.2635709329941367,0
42.45565250373213,1.262926940679777,1.2635071195377083,0
35.506868116031285,1.2628579607720547,1.2634370166913351,0
43.861835143717826,1.2627842262945328,1.2633869333008214,0
41.53001920920899,1.2626919028329406,1.2633339449827619,0
44.9017696308089,1.2626003040495077,1.2632817059006671,0
40.659923696471374,1.2625458642061613,1.263238241544692,0
33.65763717588297,1.2624394273771158,1.2631786961959905,1
26.38224753845445,1.2623236072788973,1.263122479482828,1
29.46289555337009,1.2622178992343127,1.2630716301908687,1
31.959512123605805,1.2621295581580996,1.2630347331601603,0
32.34629349994762,1.2620762344053105,1.2630040119920554,0
35.207154457705926,1.2619941698252344,1.2629609061886629,0
41.798168167123954,1.2619250015270296,1.2629221653088063,0
34.70906501144928,1.2618136006054612,1.2628665219466788,0
34.09147561906464,1.2616854997588238,1.262790089688127,0
35.48506402748026,1.261541102619228,1.2626979428162826,0
21.566046248075097,1.2613536218907218,1.262594177089555,0
30.66182167092984,1.2612159658306275,1.2624978715718258,0
26.224459739655487,1.2610726714890306,1.2623843222356965,1
27.339278448902448,1.2609137714335563,1.2622758163915961,1
33.67068834160875,1.2607720399463556,1.2621795842182482,1
34.182976721277214,1.2606628002540425,1.262078844247273,1
39.30529239982383,1.2605439567546364,1.2619969888683338,1
36.03099714187825,1.2604432126701588,1.261919115079344,1
34.40809128784281,1.2603505413584364,1.2618458625572608,1
35.82074972459711,1.260257272394791,1.261773615170748,1
31.00238522579258,1.2602143045371703,1.2617109216278286,1
45.71782411719216,1.260219871616763,1.2616643659239517,1
45.60442886420824,1.2601897074376278,1.2615995867815846,1
56.152695318216594,1.2601772152791562,1.261553108923359,0
65.83135790536126,1.2601600456562934,1.261501951909724,0
59.78451013166869,1.260141137534997,1.2614589920470134,0
73.91877082603676,1.2601395695462987,1.2614123112975084,0
62.51900172595193,1.2601160855344635,1.2613547656389346,0
61.27504426649621,1.260109411910149,1.261292169663894,0
56.427651976259206,1.2601044276293507,1.2612347763757976,0
53.24762423452911,1.260134862552888,1.2611809694789822,0
50.6264720057588,1.2601251838959358,1.2611170168008519,0
49.97497131754127,1.2601523066186968,1.2610569905403228,0
49.156381003384915,1.2601707290926178,1.2609998213301965,1
48.00762856033614,1.260185117237542,1.2609461992603874,1
39.78637712291901,1.2602087883149653,1.260886950633504,0
44.06195287386234,1.2602016196394672,1.2608254382072774,0
32.85668801136609,1.2601821686837353,1.2607440224917692,0
44.05065956144884,1.260204098795787,1.2606877726851877,0
44.0252491142108,1.2602161096486981,1.2606311342234937,0
29.986590180734893,1.2601890889847518,1.2605515526580768,0
32.41517276850897,1.2601026832108608,1.2604779079323818,0
30.586772364553084,1.2600196007038014,1.2604038836530647,1
37.94627387258468,1.2599277430357851,1.2603277854694894,0
37.50349174846711,1.2598295453020276,1.2602629937586243,0
43.05599229612919,1.2597479465680874,1.2602149863654264,0
39.657274986298795,1.2596285397483233,1.2601500366790248,1
39.35174545999616,1.2595388151503935,1.2600935305659156,1
39.710448932187404,1.259451952453327,1.2600328290254215,1
37.41630764517745,1.2593864014371574,1.259970991268196,1
42.5290064617318,1.2593288349881562,1.2599367325233986,1
48.26708719244527,1.2592986519222245,1.2599070346581827,1
35.225010193240394,1.25926973147412,1.259877723436246,1
40.64171425156388,1.2592537716914025,1.2598495067435176,1
58.90685919580792,1.259263581719525,1.259821138186073,1
67.37344859189665,1.2592714935199492,1.25979788011139,0
82.65870008067529,1.2592912636819418,1.2597719430692422,0
83.5989443548406,1.2593540750771748,1.2597602122804545,0
74.96754640051348,1.259351374401059,1.2597541225420816,0
65.09830166444092,1.259341707802264,1.2597513762967083,0
58.719820859481686,1.259351536174137,1.259750718371443,0
61.62796332178137,1.2593807256111524,1.2597438118445918,0
52.224791872984554,1.259398828690918,1.2597343465338195,1
54.830089172993105,1.2594100615240527,1.259726301505688,1
50.167598628578965,1.259413158211488,1.2597194410646773,1
54.07969387726016,1.2594301567562844,1.2597219289663233,1
48.34673493655876,1.259441450953016,1.2597090343583768,1
44.80015734807472,1.259454180194313,1.2596979175755774,1
46.074910534938084,1.2594951118657427,1.2596906572283442,1
51.265278468545226,1.25956371387614,1.259693567860736,0
46.788781546064286,1.2596036880763255,1.2596924859390604,1
41.77371198019667,1.2596407503469853,1.2596753861502714,0
46.128764227188626,1.2596739304580966,1.2596714126444335,0
52.18949652744968,1.2597047356245756,1.2596605148816853,0
57.595114146338645,1.2597138659444682,1.2596426663013431,0
62.24952681447799,1.2597417741462045,1.2596381347558732,0
62.01826955205003,1.2597271798765735,1.2596069872013522,1
57.656433184592295,1.2596821537398148,1.2595866395625952,1
60.09729823490203,1.2596581652934125,1.259573623895387,1
57.30451876948388,1.2596589930191782,1.2595732024526394,1
66.60328480011816,1.2597078023632764,1.2595798942955982,1
71.32470305047553,1.2597758153859635,1.259604064440603,1
66.32574235419357,1.259873442355049,1.2596228008283605,1
66.06119754526966,1.2599869305504667,1.2596527820888275,1
65.84274007380026,1.2600889726523223,1.2596809832305893,1
68.12743277703913,1.2601871941142258,1.2597132912860274,1
71.92907243324902,1.2603323748352353,1.259761336436684,0
73.67324870469392,1.2605044007491895,1.2598268104017591,0
75.32286581379215,1.260657231326452,1.2598719102406102,0
70.77842160781891,1.260777641273556,1.2599181805106792,0
72.87468180876765,1.2608819649056249,1.2599696363074095,0
76.13432947949784,1.2609887316148,1.2600298055118475,0
68.57989639161482,1.261068826208186,1.2600911028461872,0
63.28887604609073,1.2611268509138367,1.2601401580329061,0
53.55057278528364,1.2611673143968585,1.2601777739392757,1
46.91352958639536,1.2611748476901852,1.2602088952047124,1
47.93401423178028,1.2612175721529078,1.260242600163186,0
42.99213312307228,1.26127342850619,1.2602804849049136,0
43.44943585491341,1.2613094653106394,1.260316629038312,1
44.169461042145706,1.2613570825670926,1.2603614749046133,1
32.22113734920306,1.2613751897757213,1.2603984362106244,1
19.978333034320528,1.2613557410198586,1.2604269000796569,1
21.05694981462841,1.2613459718529647,1.2604532969798985,1
36.40175455110342,1.2613487550932183,1.260490775449554,0
44.62768979928455,1.261371388484187,1.260524105936454,0
41.07942471817078,1.261369544838743,1.260552511813545,0
39.35861637665308,1.2613045403006589,1.260566647084171,0
41.80042925068579,1.2612123813267406,1.2605701329015853,0
49.447497068634476,1.2611226620361826,1.2605804252946597,0
49.885233760563416,1.261031896449158,1.2605942559694365,0
41.60580111149079,1.260938586954518,1.2606044566195622,1
36.68759382881256,1.2608233250317602,1.2606068452800903,1
46.7887825670916,1.2607566615168218,1.2606342359765488,1
48.45259679838319,1.2607321196052843,1.2606689812653986,1
45.78806858918784,1.2607133359621212,1.260697845039529,1
51.72380466373962,1.2607159801250387,1.2607232245522142,0
46.26741771892868,1.2606968692741192,1.2607447674916272,1
43.882068180485234,1.2606991372470873,1.2607784677260234,1
43.478317452478876,1.260717398782058,1.260805543804838,1
48.778139413939876,1.260733402630755,1.2608293504064594,1
48.09039732288443,1.2607209049667658,1.2608453229668004,1
51.414925032871494,1.2607361185976527,1.2608650473799237,1
50.54196749103306,1.2607469080970488,1.2608824880354792,1
54.95403721364662,1.260736670914689,1.2609035495655994,1
64.97660080638656,1.2607374015743593,1.2609335201884107,0
69.59477995688073,1.260746242972499,1.2609542993440628,0
62.18144101139922,1.2607726097615892,1.260984819038177,0
59.92446156593612,1.2608178795433513,1.2610244232230001,0
64.81494846538999,1.260857568098139,1.2610601864165503,0
57.041696563965225,1.2608880717283206,1.2610858874530935,0
58.50300399608836,1.260932653809014,1.2610943971978572,0
44.236862917471946,1.260965377211812,1.2610826700104296,1
40.75416370232591,1.2609609634795222,1.261069244426338,1
41.60974865743752,1.2609502828503185,1.2610543221853396,0
50.67272985661345,1.2609597308540894,1.2610461483202358,0
43.88070152409934,1.260946440654288,1.261026923168239,1
48.58584688388845,1.2609706535375083,1.2610000789725364,0
39.85541474324925,1.2609525719643027,1.2609577362120687,0
34.270500191280206,1.2609316550680867,1.2609153133014919,0
33.098653872530264,1.260889378282621,1.2608740452100853,0
40.99319215859938,1.260894273082675,1.2608502462376205,0
29.835315821999004,1.2608565335824873,1.2608121681669986,0
27.635704933048913,1.26080287105633,1.2607761059747369,0
25.796777663516863,1.2607021437355244,1.2607336666942743,1
27.374461846728167,1.2605792037303902,1.260698275921823,1
39.544426225251925,1.260477902240066,1.260675521164015,1
39.56384913139568,1.2603784207713489,1.2606491584855533,1
30.83631209477889,1.2602545395569604,1.2606168676433083,1
35.341011119923195,1.2601482633681311,1.260595705639547,1
43.19229975639825,1.2600786921758367,1.2605745312965912,1
38.456428890349535,1.2600248532495582,1.2605542625873918,1
45.64426884048929,1.2600118880039148,1.2605451288040523,1
40.83565427924633,1.2599882164223986,1.2605261422541114,1
47.94559126278807,1.2599697405520973,1.260502716368891,1
53.08885664382795,1.2599885328736593,1.2604930060760247,0
61.536296807483964,1.2600272021055738,1.2604899860749712,0
56.124101732694854,1.2600112320691397,1.2604827556799285,1
60.79440069004022,1.2600004500255044,1.2604729636915744,1
63.78211715999145,1.2599994508061372,1.2604660288094738,1
58.137790379517035,1.259993879349365,1.2604588383701683,1
64.35185217406499,1.2599976307071725,1.2604738637386823,0
68.3749538693482,1.2600423255761346,1.2604997683847483,0
62.63199508117086,1.2600897269393248,1.2605093321437382,0
59.45327195072573,1.260168688656765,1.2605082943148664,1
55.7642056961359,1.2602356520499067,1.2605072023569373,1
52.52179528463288,1.2602762801684646,1.2604996411813854,0
54.814846969155276,1.260315973158319,1.2604968000392334,0
54.03532388860936,1.260387521654681,1.2604922214063456,0
53.90941584255224,1.2604826273137515,1.2605017970522245,0
45.89527349108651,1.2605304691463592,1.260493357902833,0
46.490471356519365,1.2605436222324748,1.2604833494936756,1
47.687778016423024,1.2605392004029556,1.2604663615261733,1
39.69298034134877,1.260526439492792,1.2604379548124087,1
41.23115977773976,1.2604885086537583,1.2604034514645188,1
38.69985728203008,1.2604240974387357,1.260367684421775,0
42.94649111801629,1.2603780663340882,1.260342715419607,0
46.277100248732935,1.2603752627473983,1.2603238168742523,0
45.438338808739935,1.2603793608998568,1.2602975562341765,0
41.87202653856839,1.2603344836892882,1.2602567950459336,0
42.54349225813345,1.2602980696785107,1.2602228375502442,0
44.64595765378266,1.2602389475742826,1.2601963812447898,0
42.29662676599436,1.2601807750242755,1.2601859275097338,0
28.74307634013131,1.260122576776763,1.2601739774626346,0
31.546293224317353,1.2600555491544125,1.2601504008365039,0
32.98773716187496,1.2599775077670805,1.2601143131221337,0
27.28778935059104,1.2598596670361142,1.260064931734116,0
28.271741846974393,1.2597313964269912,1.2600010971950264,0
24.59055735066984,1.2595513014707076,1.2599317132089076,0
22.104614785321047,1.2593375316370647,1.2598641476798158,0
11.032711849626253,1.2591410656411641,1.25979403284625,0
9.02542339337441,1.258970815278698,1.2597139663720847,0
8.463660756725702,1.2587866448534215,1.2596384060345471,0
7.707229378473784,1.2585702780475476,1.2595449176088958,0
16.563650404805713,1.2583814413117038,1.2594751704949907,0
15.187178273631034,1.2581596165141857,1.2593998495352934,0
11.431009615141903,1.2579017865025848,1.2593122691246144,0
10.927836703806562,1.2576127632996967,1.2592175538855914,1
16.168087484708437,1.2573456852974612,1.2591340145303769,1
18.405604884405577,1.2571186970975605,1.2590449685377052,1
20.258127209953273,1.256875659417608,1.258941624446953,1
21.305864627582324,1.2566238932213674,1.2588359972335135,0
33.129133796795145,1.2563916422232908,1.258737829197484,0
31.311676231967454,1.2561714047394745,1.258647252789465,0
32.09950631105656,1.2559559649488476,1.2585448905952041,0
31.164005205842585,1.2557507197318016,1.2584191878653908,0
29.24055705686453,1.2555530774777646,1.258275281882992,0
36.96534851177907,1.2553733385877857,1.2581459398024848,0
29.829102826454147,1.2552293372673953,1.258023268105664,0
39.965368667585714,1.2550996752650838,1.2579042374633942,0
34.04700961980144,1.2549374854656552,1.2577714752927662,0
34.98189426468153,1.254764288706568,1.2576206295718426,0
27.82597842131898,1.2545987298056087,1.2574609677263369,0
26.919317159359963,1.2544939938668551,1.257306624379908,1
28.611228957047047,1.2543581289316286,1.2571509466049362,1
29.34362900375241,1.2542388145435615,1.2570011145327553,1
19.692031132430643,1.254134935585792,1.2568557312915454,1
18.08093875730367,1.2540414662449921,1.2567077511202607,1
25.40396630966366,1.2539472593490113,1.256557909608109,1
30.822071505450637,1.2538585002548586,1.256395317714148,1
36.3370763029184,1.2537792837361281,1.2562411502828603,1
46.847790993463605,1.2537375483240405,1.2561135676701396,1
52.54883788249198,1.2536935008891512,1.2559995493919622,1
51.84990426753205,1.2536683820098937,1.2559040297963058,1
48.544285694308776,1.25358990090503,1.2557854474957129,1
59.380923999767,1.25355883628735,1.2556730834048366,1
64.61678330678744,1.2535783726875913,1.2555554044243933,1
69.447236340118,1.2536386842488187,1.255451308403053,1
72.47084006196948,1.253716176256798,1.2553579942484405,1
75.49458908834337,1.2538027147465403,1.255291529886295,1
76.14596290699441,1.2539481097914718,1.2552314913379505,1
81.6850787112639,1.2541400849020128,1.2551810845029348,1
82.69725119229624,1.2543805892049704,1.2551408933986148,0
82.50140630686383,1.2546252449222217,1.2551076916380914,0
77.40113471045206,1.2548429674709038,1.2550659139315328,0
74.24928970927887,1.2550571786553748,1.2550329828880729,0
72.5705790658239,1.255271073742197,1.2550202939739785,0
71.18753216288734,1.2555033574081795,1.255016535512736,0
79.44541348625043,1.2556945783604572,1.2550152203640088,1
68.8420187657935,1.2558469072920813,1.254999067976155,1
63.86760103485225,1.2559912831134394,1.2549812372717704,1
60.78644929842136,1.256120779355801,1.2549735533009807,1
61.72533437633663,1.2562507871291708,1.254985206302262,0
59.881100560432536,1.2563805233672203,1.2550281279241746,0
60.399962356480195,1.2565869885219776,1.2550676663798224,0
55.78054312058793,1.2567622331164483,1.2551141300457416,0
40.78586611993229,1.256889670013648,1.2551505578288187,0
38.29472840476065,1.2569707596520727,1.2551945069440036,1
42.7530217797669,1.257023668218239,1.2552291874167516,1
42.04768088248258,1.2570374730021463,1.2552590402481294,0
40.30358467607733,1.2570357494070339,1.255295527333721,0
42.20386788367351,1.2570169201209835,1.2553382952627814,0
51.37206238221235,1.256976559776304,1.2553748604198203,0
58.48823924414007,1.256926869586667,1.2554098775769684,0
52.26546472627895,1.2568709554849262,1.2554319101459641,1
46.251783795527565,1.2568117415346107,1.2554573916091964,1
37.143345946281855,1.2567459970311599,1.2554974617953367,1
39.19239913461217,1.2567018827952077,1.2555479531957048,1
29.444046897211436,1.2566705744149134,1.255591715223016,1
33.581497553868616,1.2566796694825364,1.2556310656631355,1
43.477901281717436,1.256708197422761,1.2556895220546127,0
46.468193754367014,1.2567223329399537,1.2557567709943351,0
54.082871121399755,1.2567242222720583,1.2558354032888417,0
53.01303893061388,1.2566963699263933,1.25590907834799,0
49.25868913522674,1.2566377307086078,1.2559795070906141,0
46.514836520675644,1.2565803917572074,1.2560507609312,0
37.2782840195576,1.256543843881051,1.2561141211469222,1
42.30936977756878,1.2565254520087332,1.2561881012495,0
49.30356660033018,1.256498498405606,1.2562496830393897,0
54.38080357963148,1.2564851781438617,1.2563097114037307,0
53.31849342325458,1.2564689393860622,1.2563713895936945,0
45.47249927787532,1.2564484301780616,1.2564226480043899,0
46.30761998040479,1.256403176064684,1.2564587304900334,1
38.74464450970036,1.2563567770742607,1.2564852356027152,1
36.59036330295333,1.256348069904528,1.2565351777457634,1
38.356017450179785,1.2563522682902157,1.2565747644103427,0
26.246606413458196,1.2563555639792914,1.2566083383120168,0
50.941045470886955,1.2563679569751618,1.2566396622862421,0
47.53284688682827,1.256372376980562,1.2566541955125217,0
47.13597409284557,1.2563659277537647,1.2566563508660256,0
41.02494035251014,1.2563243624438152,1.2566400231155503,0
39.88838717309579,1.2562889787177267,1.2566163285206207,0
37.742384491138715,1.256215046762917,1.2565691863120203,0
34.47085410210845,1.256148332346263,1.2565183133176065,1
33.268459827486325,1.256085453813189,1.2564765016275279,1
33.82720220523147,1.256028088566341,1.2564391248955866,1
33.432871202113944,1.2559723789558659,1.2563946432323896,1
32.390494250814356,1.2558958889751204,1.2563451138762762,1
41.87794355548314,1.2558598726278818,1.2563158007463593,1
42.37540392742454,1.2558249511048514,1.2563009289288387,0
40.05854796793781,1.2557813516181067,1.2562874169955613,0
27.187644871352987,1.255728979033646,1.2562659278755282,0
42.830431565478094,1.2557162570640286,1.2562449184639763,0
42.06388869173807,1.2557054939344434,1.2562152238296045,0
46.35824095373078,1.2556799395994653,1.2561723581767583,0
40.59986199010375,1.2556376788772998,1.2561249427146834,0
43.332845828100346,1.255585158698702,1.2560865337860383,0
41.76473644504132,1.255489307593939,1.2560470814629885,0
37.83536806596378,1.255388048800098,1.255999947745265,0
32.11496581157536,1.255266851390846,1.2559481022215053,1
31.292296464091976,1.255159705787538,1.2558896056677518,1
36.79981258577435,1.2550566761563533,1.2558322309347687,1
25.997993524177133,1.2549674828352964,1.255765555535617,1
23.249403609872715,1.2548796348433977,1.2556994194202988,1
33.9409121191664,1.2548226802896676,1.2556571915494246,1
42.20754944382477,1.2547848024234463,1.2556283492511209,0
31.513744261146655,1.2547520237940988,1.2555970539375654,0
30.316649835384894,1.2547185820445235,1.2555517935760028,0
29.817526478158015,1.254641845522956,1.2555043091895763,0
36.337308858602164,1.2545727814609529,1.2554581737202053,0
37.560151433979456,1.2545104320101805,1.2554083108305292,0
38.339904000834345,1.2544455355085522,1.2553552089029671,0
40.20894584093777,1.2543343487943932,1.2552889690729103,0
41.75715685301335,1.254213120300967,1.255221923979434,0
47.871798008714336,1.2541108916728916,1.255161622562472,0
37.931540028811234,1.253996833934434,1.2550915195855739,0
45.513505617222556,1.253911815912146,1.2550337225984765,0
44.08116265439405,1.2538279531575436,1.2549680819225126,0
35.69309536029411,1.2537653592551097,1.2549066920850664,0
21.597760468469133,1.2536987884576503,1.254833546347021,1
22.24382870897655,1.2536475820054434,1.2547610627155044,1
23.0170902981,1.25357908203494,1.25468449167752,1
25.38863759956675,1.2535168109491026,1.2546110094893848,1
32.06942006730952,1.2534860902479177,1.2545511446897617,1
34.22162422996108,1.2534348218534213,1.2544918923289818,1
32.682936455833115,1.2533442531076306,1.2544251431780866,1
33.0586170585903,1.2532456279800381,1.254353079537864,1
40.483955665321616,1.253170054846659,1.2542726327246014,1
46.44460252163664,1.2531351510368103,1.2542094188120756,1
55.16756108539056,1.2530925154398085,1.2541488087946226,1
53.540044297993624,1.2530666798250851,1.2541052377830373,1
60.232788456522336,1.253059580707905,1.2540634496990386,0
66.93152727595816,1.2530944784189004,1.2540407417353039,0
62.97484538278978,1.2531071766674224,1.2540054617078977,0
65.28294425227486,1.2531264051691808,1.2539780031048686,0
70.03440675882294,1.2531888666356807,1.2539558308133099,0
63.08252975285982,1.2532074460209806,1.2539277494245225,0
54.19955141933614,1.2532194074728913,1.2538974893216208,0
50.051485177486796,1.2532181881553757,1.2538500182960641,1
50.30474412336184,1.2532283973612455,1.2537949248495786,1
51.20776050736222,1.2532297871270568,1.2537404369190843,1
49.82474626201349,1.253241903878751,1.2536896616155617,1
48.01391259194527,1.253271230210953,1.2536329987481545,1
51.26135235883051,1.2532932290509007,1.2535862387363446,1
45.35046694831611,1.2532961374801108,1.2535383714812403,1
39.91567528271415,1.2532981047774292,1.2534893135381386,1
39.43604665676929,1.253338169489417,1.25345428385415,1
49.29861510049693,1.253379211834117,1.253428594420673,1
46.64927666914193,1.2533974039307054,1.2534131608643186,1
44.09651055225342,1.2534191973524427,1.2534097471792613,0
50.26205160670742,1.253427481254959,1.2534123479700054,0
58.10472435422312,1.2534341649952445,1.2534144452345952,0
61.62557727045999,1.2534078336748538,1.253416882071127,0
68.50095491933433,1.2534232291771072,1.2534228994413816,0
60.71816829130104,1.2533976718368265,1.2534079997237324,0
55.32339955094482,1.253340680541277,1.253378182060442,0
47.15532364560628,1.2532961461703962,1.2533453983750413,0
38.46992915408389,1.2532612300420525,1.2533145485206325,0
38.08019612873883,1.2532249001931837,1.2532832401641552,0
39.49395017930032,1.2531922453439723,1.2532427104027866,0
23.262026435625103,1.2531402046733855,1.2531923459843666,0
22.368390368933035,1.253093907480784,1.2531490104044547,0
21.39283238763386,1.2530297922473959,1.2531111761293556,0
13.811904711430216,1.2529133404330677,1.2530663267891848,0
12.756809867981758,1.2527969740423819,1.253012804429036,0
11.161554089647822,1.2527027991005268,1.2529716996045757,0
10.943583780087494,1.2525737037525766,1.2529190389903224,0
8.064301797126404,1.2524193748579722,1.252865163100844,0
9.280580023381091,1.2522620887030738,1.2528118526435044,0
13.363928596064852,1.2521023464597443,1.252771170380099,0
12.346982072778701,1.2519162267787391,1.2527198058793239,0
17.56137265482772,1.2517305568375223,1.2526750351556282,0
17.78602467077745,1.2515362012438862,1.2526246381890402,0
18.753943996819814,1.2513364538311167,1.2525630448746612,0
22.221549419550954,1.2511644474281645,1.2524998499536297,0
15.406262892914754,1.2509954892135662,1.2524386765028164,1
13.783323340938423,1.250820068801154,1.2523751747034877,1
16.393324136684754,1.2506463302235178,1.252305058671376,1
34.41610681734808,1.2505204622346822,1.2522373646433038,0
27.020277013870412,1.2503790934349548,1.252157341600845,0
40.215578945874924,1.250297883921647,1.252084827622991,0
41.96965436446,1.2502015030179106,1.252005779328457,0
42.48843743798668,1.2501073345757068,1.251916318592078,0
36.347263306845655,1.2500248050592795,1.2518333781459277,0
38.75064992835263,1.2499434871707924,1.2517396372296807,0
33.44515419474129,1.2498464310222734,1.2516347253592128,0
32.6491690881745,1.2497399754518166,1.2515320507626566,1
32.0536152883859,1.2496426810473074,1.2514344725306108,1
30.955122487428483,1.249539163732813,1.2513402428744793,0
42.80419078314284,1.2494638677413976,1.2512653585321598,0
42.31100937691304,1.249393667980187,1.251185358220576,0
43.79739001839842,1.249315075609616,1.2511043038479743,0
36.585305371454325,1.2492561320094913,1.2510185989084555,0
37.60908063165762,1.2491774792894348,1.2509167449700747,0
30.95693048488495,1.2491123530022412,1.2508263361624818,0
30.510108001118937,1.2490496478474455,1.2507392937308226,0
23.992095955876678,1.248959471717125,1.2506236955945709,0
30.55622866812263,1.2488869980173247,1.2505081731446592,0
29.676176515351457,1.248763159091475,1.2503836667076118,1
28.385727308123933,1.2486452417921612,1.2502477593767323,1
34.8846804977908,1.2485084709604326,1.2501172235051805,1
34.49298487717999,1.2483700750744051,1.249980143360121,1
40.287526441418116,1.2482481865773956,1.249852459753095,1
37.13259512855622,1.2481693166240297,1.2497318131246966,1
38.799241059056335,1.2480928293026632,1.2496177002160156,1
42.22898781473022,1.2480406120172636,1.2495146979496075,1
38.62528383519201,1.2479938425735597,1.249411129323922,1
51.3797937252504,1.2479927923291083,1.2493270974454331,1
46.44804999863232,1.2479863881544482,1.2492448380589851,1
51.472759689824485,1.2479645325757165,1.2491742734248574,0
64.51785260226333,1.2479803243004601,1.2491214060714058,0
63.553470730613036,1.2480001145570254,1.2490667866784706,0
65.8768666072996,1.2480027005976253,1.2490077622485471,0
71.10220506262625,1.248022495966918,1.2489604071836147,0
57.53908955142812,1.2479891027263401,1.2489031876360652,0
59.87314644442391,1.2479673704373258,1.2488451222655423,0
57.98578374537594,1.2479988406581932,1.2487937503568174,0
53.8714792819655,1.2480204614368262,1.248748607776201,0
44.45658226441783,1.248007339422069,1.24868176699521,0
37.185597878548904,1.2479901475448485,1.2486028798107738,1
37.207617161758236,1.2479461003239347,1.2485291729232586,1
26.908508883129016,1.2479140003926008,1.2484535207821523,1
30.3866026718229,1.247870139853481,1.2483860351969327,1
23.14417260803056,1.2478004483568026,1.248317410934971,1
21.58937479752457,1.2477547062188097,1.2482538037322735,1
17.352765229786016,1.2476749279088282,1.2481864734277122,1
22.98206323863279,1.2476206990718888,1.248131381432216,1
26.51010062489199,1.247533541374032,1.2480819819056388,1
35.38099339589354,1.2474664207878514,1.248023221480253,1
33.18177164084234,1.2473766805768978,1.2479733082816347,1
42.171285212808954,1.2473053834369103,1.2479244058775112,0
44.001546176750466,1.2472373940961963,1.247881143109785,1
53.42998664833599,1.2471638464848231,1.2478303670121937,1
62.91830167158182,1.2470977807595593,1.2477895974637268,0
71.89584192439911,1.2470861228866659,1.2477602419224145,0
66.05627304352623,1.2470592580938322,1.2477302530941659,0
68.93282685027805,1.2470462341548672,1.2477162538380375,0
71.37666674297114,1.2470378622228455,1.2477066802464158,0
55.06358347192132,1.2470412977952914,1.2476826206202012,1
61.636934030807005,1.247074010692034,1.2476469369910284,1
56.9973183701198,1.2471131148072856,1.2476169516540982,1
57.25391862514258,1.2471568158291966,1.2475902168699848,1
59.444047544206825,1.2472127755299314,1.2475686926051088,1
61.135105849780615,1.2472755706426253,1.2475566474762472,1
60.5501246655302,1.247357662216452,1.247551927417958,1
57.69251786330192,1.2474555962456253,1.2475488527869842,1
65.71958271720663,1.2475538213129318,1.2475691212705387,1
67.48683410628826,1.2476582455806389,1.2475904809309641,0
64.43068578612497,1.2477537851736638,1.2476194719131284,0
70.77201320630375,1.2478673192016099,1.2476621392454141,0
63.26545754851436,1.2479354635007163,1.2476952028936248,1
59.142500209072445,1.2479864626038208,1.2477276981215513,1
66.00704839479135,1.2480310028679145,1.2477434935284013,1
65.78304959514671,1.2480754173175863,1.2477520377411493,1
70.11838001341415,1.2481118407141039,1.2477678464869908,1
72.16953936483498,1.2481813573630278,1.2477865512324717,1
71.71038465768675,1.248245310198595,1.2478168408880517,1
68.92062151556176,1.2482967753990573,1.2478282734743955,1
53.83874817537945,1.2483700072320472,1.2478360682512408,1
57.10268511422182,1.2484457402727314,1.2478394200698346,1
59.28610109594857,1.2485498791782335,1.2478447736052076,1
59.0746828843082,1.248658120652689,1.2478534193082502,0
63.855582976698095,1.248769022438316,1.247875221341385,0
59.65515107236583,1.248872299169808,1.2478965687574033,0
60.43321949447992,1.2489356536839866,1.2479305478010163,0
58.5523367674951,1.248988543114351,1.2479573218577942,0
66.8572751567908,1.2490286844836898,1.2479810588007374,0
65.33276829186701,1.2490522762147154,1.24800320684212,1
64.8542485385791,1.2490815646571465,1.2480491620071592,0
58.23303602986748,1.2490938402496445,1.2481036163273327,0
52.28771874106279,1.2491147527527124,1.2481626638651357,0
48.79227399518582,1.2491290277071043,1.2482137090473528,0
63.63232813400672,1.2491855254112765,1.2482696477515196,0
61.71787831897351,1.2492389369525283,1.2483274331794396,0
52.577683715661564,1.2492829888344537,1.2483791595332483,0
39.67508152575215,1.249290948236061,1.2484329593633647,0
20.184453542976343,1.2492591361944827,1.248472215737089,1
35.34976333020441,1.2492571607508145,1.2485177212251086,1
42.56996024112996,1.2492876480338961,1.2485645591496586,1
37.93272910489531,1.249279605350138,1.2486005899791304,1
43.525777420045046,1.249265047611932,1.2486286392752162,1
49.25536457491353,1.2492536214391359,1.248659910245426,1
48.82053051529942,1.249224197065037,1.2486993615734705,1
56.77755035110342,1.2492287002533915,1.248748936554936,0
58.297446869467635,1.2492460139469461,1.2487945042251285,0
55.1317622995657,1.2492505795398334,1.2488338504361947,0
52.82771161007757,1.2492630369522473,1.2488677799196894,0
53.52526196493229,1.2492815576396512,1.2489006850088424,0
51.58268741133782,1.2492848972104396,1.2489466017732185,0
57.27779887689422,1.2493014103570852,1.2489945761933532,0
55.66988657579355,1.2492891749605508,1.2490330879264417,0
54.46562063982114,1.2493100543464748,1.249075004454264,0
48.37037187014517,1.249296835057176,1.2491032715624173,0
51.09266383092146,1.2492637302289913,1.249122697013986,0
47.06325721670864,1.2492317625293214,1.2491287996583962,0
44.525564405181875,1.2492219100720443,1.2491394848939321,0
44.73928001203052,1.24924007754634,1.2491467182304523,0
31.802217776768956,1.2492198335173161,1.2491423563997794,0
28.614294702182505,1.2491797192419292,1.2491349327769647,1
29.482676902283345,1.249148813080963,1.2491131875308716,1
25.986014722836543,1.2490994061896865,1.2490942163508043,1
32.06911699561631,1.2490528418560989,1.249086461946337,1
34.09428855150317,1.249003866987308,1.2490885072212279,1
36.017376803653,1.2489410315252778,1.2490951822380127,1
52.03767461403118,1.2489013979473174,1.2491103271184139,1
43.50927245478933,1.2488773065995384,1.2491122301307989,1
47.06337187112627,1.2488428756733416,1.2491068061095882,1
63.77118577262156,1.248844541626371,1.2491197914997678,1
69.19818155890056,1.2488845966584847,1.2491524375437937,0
58.63608597122418,1.2488825450265986,1.2491692980949,0
59.37844722482559,1.2489190033951885,1.2491807376132238,0
63.1458121584924,1.2489369105412478,1.2491865204096875,0
68.33493174762063,1.2489867677742956,1.2491903696968092,0
70.60500266214893,1.2490411088073035,1.2491902208689842,0
67.05976992898661,1.2490818435937645,1.2491872756223072,0
60.25282704720626,1.2491017983153068,1.2491847869743145,0
57.500553976255915,1.249107966031841,1.2491784308497127,0
57.35086765137487,1.2491433220734538,1.2491787747432748,0
46.6320616719766,1.2491660243898886,1.2491687166700618,0
46.499823333668964,1.249198278484802,1.2491549628249345,0
41.0827741514467,1.2492012396098253,1.2491288110936494,1
35.62604448398915,1.2492029301579697,1.2491160229266833,1
34.71875542819643,1.249228505631375,1.2491056993092673,1
38.945995920277504,1.249231859979013,1.2490923514486068,1
35.73280084287269,1.249202368573244,1.2490780790139302,1
38.27883555895692,1.249192383411539,1.2490728042009902,0
41.589542161047945,1.2492135190255342,1.2490885592420087,0
46.26671620027123,1.2492016250540723,1.249097577221071,0
46.83472640170728,1.2491495778411668,1.2490972094667017,0
43.313200047067006,1.2490985602715505,1.2490968800634652,0
41.5159614754084,1.249019403515057,1.249082479974474,0
37.996474033378014,1.2489416071553758,1.2490617146961833,0
39.69052217095395,1.2488360469668502,1.2490351096575345,0
42.89400056293126,1.2487481043578152,1.2489979825107538,0
48.118311471361004,1.2486655497126282,1.2489550899285802,1
38.007969017690606,1.248575862125152,1.248914900008442,1
25.786001854656362,1.2484748704056199,1.2488631642310617,1
36.74699628832764,1.248387832215488,1.2488212845736095,1
42.37633210919151,1.2483395643351733,1.2487905835199553,1
47.948306684531005,1.2483353606537548,1.2487685429436024,1
43.981394249565305,1.2483747691513263,1.2487630487699597,1
40.57886329109547,1.248387267901446,1.2487469083486717,0
48.861226020672106,1.2484007515376339,1.2487472659014507,0
55.701798604713304,1.2484197422153807,1.2487547562431625,0
62.59087640592647,1.2484484513688272,1.2487647545497325,0
62.070000580090145,1.248467869109517,1.2487711878159793,0
50.86621387502906,1.2484044683835331,1.248754315576886,1
55.775693792491786,1.248363459120014,1.24875502746215,1
59.5165317408595,1.2483447190596308,1.2487632093937826,1
65.24460299623922,1.2483624843004477,1.248782348551259,0
71.20005113768175,1.2483999740886085,1.2488027071340426,0
67.47630028956789,1.248439154736241,1.2488162398482403,0
60.89505139508368,1.2484794150209795,1.2488253288710032,0
56.264693346158026,1.2485275761245065,1.248832600350445,0
46.70969874798729,1.2485616036016425,1.2488191721903101,0
49.732358825662025,1.2486189186616656,1.248811544833293,0
45.55233040599406,1.2487087725804165,1.2488095229938916,0
44.743671662242384,1.248765674345319,1.2487897376611887,0
45.617998925883434,1.2488128845986028,1.2487618986960025,0
41.468364359878045,1.2488091252860618,1.2487391750473877,0
51.19585858806275,1.2487771678387876,1.2487063145473993,0
41.76550299462236,1.2487576962635039,1.2486752226375744,0
43.2670608653844,1.2487261406964634,1.2486430150703176,0
31.93865509869947,1.2486601037216523,1.248602354208902,0
35.982002938870465,1.2485997000449836,1.24857189713022,0
32.87309623075909,1.248529931140969,1.2485424409462442,0
34.31231847982471,1.248511746654872,1.2485158278260986,0
25.64005178650484,1.2484384483425832,1.2484730779698017,0
26.871483579328782,1.2483400229921713,1.2484328088346957,1
32.407528403053234,1.2482534910429375,1.2484044335745133,1
28.745300862465797,1.2481687312539287,1.248389703791684,1
28.214394537923397,1.2480737488320108,1.2483645673178567,1
25.127327200801915,1.247987776403343,1.2483290371797904,1
31.82200998771944,1.24789940515018,1.248299618418912,1
38.834233821164766,1.2478437594014582,1.2482757285215957,1
36.788652483759364,1.2477832250757497,1.248247881498977,1
39.722522981902905,1.2477326256181995,1.2482171656309577,1
56.31965163535909,1.2477039141623436,1.248190653304497,1
55.71990576027477,1.2476759953821315,1.2481724657123885,1
60.127533752959984,1.2476676670885216,1.248166817774176,1
64.9257203736486,1.2476897331135652,1.2481744463868025,1
79.21510305097091,1.2477132532351982,1.2481838810695032,0
91.87767555083241,1.2477439397080328,1.2482061721667908,0
91.802351767421,1.2478265839290184,1.2482337460373831,0
80.05391582429978,1.2478803763465875,1.248257827783804,0
73.5681708585612,1.2479239934789057,1.2482816934877456,0
68.92784849196632,1.2479580864385096,1.2483091142392544,1
70.47978257464858,1.248035525465301,1.248332155269727,1
59.09243271595207,1.2480993753690066,1.248336733248229,1
60.92676584782606,1.2481525442996235,1.2483313070328608,0
58.208101164913636,1.2482118872003505,1.2483245510112935,0
58.96234117895392,1.248300167120132,1.2483297270053313,0
58.04748938114396,1.24839400448249,1.2483263383577325,0
51.20730410222461,1.2484535313283949,1.2483131340641176,0
44.46262366872794,1.2484868537851306,1.2482910894881172,0
39.039425132510566,1.2484994557061635,1.2482605161376357,0
32.11965251489718,1.2484815377078156,1.2482479933606707,1
26.377821473286374,1.2484420308087198,1.2482220819799796,1
26.053205966427896,1.2483729820487643,1.2481837709080417,1
37.285407050093475,1.2483304238759438,1.2481539936043746,1
35.47360948853792,1.2482507622688355,1.2481147616588932,1
37.277579971126116,1.2481903981548421,1.2480843784369435,1
47.67924827051011,1.2481323427247013,1.2480673432482794,1
49.660186914196316,1.2480742480548779,1.2480524148095318,0
45.79307186377057,1.248022245258482,1.2480420844465394,0
42.319840227502986,1.247996996432148,1.2480329245959387,0
37.68449307906462,1.2479609699724994,1.2480099931960877,0
45.65571609256452,1.24792371181688,1.2479953702583515,0
48.86757214045257,1.247914587729222,1.2479774145004765,0
52.06283400969866,1.2478904106463213,1.2479638211769646,0
49.20756424680818,1.2478365438646555,1.2479483014216406,0
41.58210870951463,1.2477145631533437,1.247912473761267,1
41.943802418189314,1.2475697900543892,1.2478637981009029,1
40.48917478357947,1.2474709780169106,1.247837483782221,1
43.27856265225031,1.2473825974974333,1.247804248469097,1
36.42931191774397,1.2473131758812825,1.247773814033761,1
33.54342678073935,1.2472660767111856,1.2477497253831962,1
38.325682347094926,1.2472561701451943,1.247749170701024,1
46.51869356080276,1.247292858095933,1.2477649049495465,1
41.930020730066694,1.2472838383644462,1.2477661325329779,1
40.012032784310264,1.247263278739469,1.2477525806531093,1
45.45227383453662,1.2472616725256338,1.2477595479143928,1
52.456049828165,1.2472803566200403,1.2477843753349585,0
54.15336968179115,1.2472857519969458,1.2478069535482381,1
54.01092164865704,1.2472803499815883,1.2478167206785917,1
64.82169817068399,1.2472865696456876,1.2478342624239138,0
68.69823583356843,1.2473146778247917,1.2478428140787245,0
65.77150660936235,1.2473236208734906,1.2478432529428103,1
69.56967354578147,1.2473506977566722,1.2478472954502928,0
71.01380660258144,1.2473916988130134,1.2478534338667613,0
64.4507546102233,1.2474333949725365,1.2478457661652294,1
58.480397478492506,1.2475153491193813,1.2478333121149405,1
56.45358469945692,1.2476290959656926,1.247817860603967,1
62.3285691238092,1.2477315955213075,1.2477994884191368,0
73.76247133472728,1.2478465334839004,1.247790711324022,0
70.0344735424955,1.247982121512449,1.2477970652471784,0
58.53063627695381,1.248098677467339,1.2478059617947281,0
58.48093407449968,1.248184810066308,1.2478088845414268,0
46.419448475623085,1.248182946510475,1.2477983334061338,0
38.94404263647402,1.2481908631157053,1.2477814600594106,0
43.85476592960355,1.2482494092029783,1.2477675894541607,0
42.710619311422924,1.248256512078426,1.2477420858977102,1
35.73383713811987,1.2482124192833686,1.2477117412553098,0
30.352375471557565,1.248145313789266,1.2476836665325863,1
40.223304541557724,1.248120765639723,1.2476702854204287,0
44.410722141616716,1.248088447964459,1.2476698593272322,0
45.23131487031164,1.2480736009856697,1.2476796393898661,0
36.630445257708864,1.2480285650570853,1.2476778666421564,0
34.79096075504532,1.247963778464029,1.2476836140163987,0
28.684860329079783,1.2478874893508756,1.2476762600567342,0
28.888649666142115,1.24782815770304,1.2476767243389109,0
26.331365520250813,1.2477633840887816,1.247662506488516,1
35.30341615351276,1.2476797594092024,1.2476368272777674,1
42.920091824291255,1.247602469749027,1.2476107770967964,1
30.890201049959686,1.2474845044192637,1.247575614988335,1
42.28469981949047,1.247382287553243,1.2475511816956162,0
46.30478487582221,1.2472958971079842,1.2475399326489218,0
50.56835737207406,1.247205367805184,1.2475215469367484,1
50.1247606329034,1.2471950079309262,1.2475105014868155,0
41.535671475120026,1.247165902689328,1.2474916568766132,1
34.93564235536283,1.2471100710750087,1.247477000338302,1
40.60731508548119,1.2470592817063482,1.2474799733189121,1
48.50201153531287,1.2470427560763708,1.2475009276641027,1
49.545153209511945,1.2470448445661864,1.2475132131522966,1
52.863481686279826,1.2470365811432786,1.2475318788787668,1
52.98994841986929,1.2470070253060794,1.2475473990971508,1
56.68793541377569,1.2469711278023312,1.2475616598263244,1
59.683940153044794,1.2469989203318441,1.2475749667168166,1
73.6346481899922,1.2470483511665564,1.247585811244648,1
67.99169900796963,1.2471014970712198,1.2476033235394433,1
68.63589398721834,1.2471725395204918,1.24764042865132,1
70.72055708111995,1.2472659194735862,1.2476642052676972,1
69.51321050162443,1.2473752607110344,1.2476747889141648,1
83.9314664558225,1.247489544954815,1.247692294279944,1
91.4395421795601,1.2476602976518816,1.2477275940564523,0
91.37993548444175,1.2477954337424753,1.2477547273343312,0
90.69455535532762,1.247933552246392,1.2477874824175619,0
87.44536654826439,1.2480652808400095,1.247818210923356,0
78.69936518345934,1.2481627425421926,1.2478353194010237,0
81.32677641741964,1.2482823137160017,1.2478479028378087,0
79.6564990455476,1.2484128862535655,1.2478687968507136,1
61.4388235409478,1.2485145949543628,1.2478796716529046,1
60.86232881635273,1.2486068796613767,1.247892041142376,1
46.87990790648849,1.2486482125062723,1.2478798599462826,1
54.76979533590489,1.2487319639729033,1.2478860510743681,1
57.62528505574402,1.2488548868074312,1.2478965052151438,0
55.090623628008565,1.2489638107710241,1.2479077131477985,0
51.3679198314185,1.2490415256464709,1.2479176529488816,0
48.24823054996435,1.249106282203172,1.2479551455217268,0
46.52798497405119,1.2491615225030621,1.247991587294386,0
44.60653523018611,1.2492077242139537,1.2480237546557102,0
45.476318419074445,1.2492404116542812,1.2480577650980396,0
48.771558891170635,1.2492618435880285,1.248094558636029,0
50.748215589836896,1.249265842891534,1.2481405059208512,0
45.76173218693325,1.2492245317220851,1.2481691004893969,1
52.887956271001144,1.2491863453311178,1.248193886280995,1
49.692910419000704,1.2491391881670635,1.2482137172901195,1
68.54094901811439,1.2491016266583341,1.2482474355638553,1
49.0506835608652,1.2490773230322711,1.2482807372283207,1
45.16466586747185,1.2490793889809877,1.2483246626898536,1
44.30520692555453,1.2490762573378067,1.2483680367046204,1
46.69210272786982,1.2491085132086541,1.2484177233008535,1
55.41378079823747,1.2491489682860948,1.248479724693133,1
60.486747236089144,1.2492397570201101,1.2485347748547158,1
60.641674209519216,1.2492837282019678,1.2486057405874496,1
61.16221817737319,1.2492977503530018,1.2486626903350473,1
69.21523287618848,1.2493398646963014,1.2487253001831256,1
65.74987316761293,1.249376969372672,1.2487862935758767,1
85.10443516358914,1.2494324658274423,1.2488501286803333,1
83.71971907932375,1.2494970604370406,1.248924050393471,0
73.75658198824229,1.2495419253000486,1.2489964963457263,0
75.55411712203863,1.2496022307532197,1.249074944716788,0
74.72591060779688,1.2496585882471027,1.2491408915043218,0
73.01235452452784,1.249723184344099,1.2492118418320164,0
55.64765606148023,1.249761210248669,1.2492589521315531,0
54.63985446499769,1.2497985924749042,1.249310513148525,0
45.24358921223381,1.2498242985659156,1.2493549855955532,0
40.75690964025108,1.249827667021124,1.2493789342395674,0
37.320763833509574,1.249824714468904,1.2493912825492597,0
35.6625765978505,1.2497896967250732,1.2493999425513949,1
27.139260487203572,1.2497604072069701,1.2494031837792117,1
24.315993206696177,1.2497012548643271,1.24939185745715,1
16.7485035339718,1.249623709182488,1.2493791040817146,1
27.289628975533148,1.2495732362273626,1.2493682513637347,1
31.523080661396605,1.2495240050492948,1.2493512235464148,1
32.36339673163599,1.249491736699306,1.2493412115177795,1
39.79729330808995,1.2494567796941565,1.2493345911622311,1
42.912254362008596,1.2494498353414998,1.249340115376473,1
63.20148653931955,1.2494538956101877,1.2493665899075312,1
60.44742953471756,1.2494505345721298,1.2493913387359226,1
59.11817675878404,1.2494498181302311,1.2494112690963926,1
67.35862669239333,1.2494510540668,1.249449528361763,1
72.53249853152283,1.2494712915438348,1.249486656257305,1
77.83068252621806,1.2494944447607028,1.2495503347337884,1
81.16037373368403,1.2496042434978807,1.249607863941544,1
90.14432030339144,1.2497141581596383,1.2496542216894078,1
90.23203994525909,1.249840689484235,1.2497057370808375,1
81.80081452893504,1.249968736230047,1.2497498184729978,1
84.22554216625372,1.2501472482925706,1.249807668985019,0
81.17177469480308,1.2503301842448908,1.2498674072481264,0
77.5735772122586,1.2505082296736634,1.2499233859630956,0
72.9409936357699,1.2507053658480993,1.2499778391346772,0
63.70040377430413,1.2508844705973292,1.2500281548854348,0
62.33907360549334,1.2510242957277868,1.2500716324982362,1
63.481011477708904,1.2511490282052782,1.2501210221396921,1
53.17402314482181,1.2512329745870192,1.2501598632201398,1
46.52418470209261,1.251281676802153,1.250191586616267,1
51.56827381646483,1.251343767672796,1.2502369717822577,1
46.61443563111375,1.2513845925825005,1.2502894977276229,1
50.619160441569186,1.2514521660090596,1.250340449547151,0
53.48584900403203,1.2515553242501265,1.2504028958613203,0
63.47439311978236,1.2516782507043476,1.2504774233600402,0
49.291680793533125,1.2517546055425197,1.250528911159875,0
46.217663741965204,1.2517933067431202,1.2505717546229924,0
44.67310587224925,1.2517814527828237,1.2506069537738864,0
44.306106572839006,1.2517605675627326,1.2506393485733,0
45.351484065428984,1.251726038276573,1.2506602065129462,0
46.24656446344476,1.251701528578922,1.2506796421554978,0
48.81508824685973,1.2516410336894659,1.2506910961298283,0
54.210684038825704,1.2515875231808993,1.25070359234567,0
54.47777997955935,1.2515262372969218,1.2507171107618449,0
38.3616573868069,1.2514306554912404,1.2507092090298855,0
32.00000998338318,1.2513285687343325,1.2506961470803266,0
25.674311930781485,1.251229881667084,1.25067431142743,0
17.71781043129866,1.251136394260683,1.2506710957444978,0
2.2952025193300756,1.2510473689039792,1.2506593737917702,0
2.5955480866589795,1.2509638811870876,1.250647419664736,0
2.6228503113368475,1.250822642636034,1.2506349620282216,0
2.819969551482771,1.2506652394079136,1.250625707703227,0
2.6440594030225526,1.2504703613716222,1.250612715405771,0
2.5021758107918686,1.2502374851440428,1.2505937270361493,0
2.3076439402791777,1.2499456596242233,1.2505751852639988,1
0.3218496320819213,1.2496842472259897,1.2505531263772758,0
0.0,1.249429727675588,1.2505143512022825,1
7.546225303791402,1.2492072590363645,1.2504802553687144,1
12.818808728694336,1.2490012006989506,1.250443134173158,1
14.092239793118637,1.2487994771632533,1.250397285500585,1
13.728003228435043,1.248591224432661,1.2503361977919623,1
17.464761110198282,1.2483859735681822,1.2502639273130263,1
25.761915422704973,1.2481929819649449,1.2502005713027957,1
28.373860766559403,1.2480162247417552,1.2501436734064544,1
44.056825147980135,1.2479102896071312,1.250092903246018,1
47.27834200924215,1.2478315744838067,1.2500402602563154,1
57.64283687281024,1.2477802617994933,1.2499886382429464,0
63.825336353753784,1.2477360813325933,1.2499238308783829,1
76.99385104530548,1.2477257242845465,1.2498640002417334,0
71.38696066053814,1.2477096383273405,1.2497949992019781,1
74.8333202762004,1.247706150798361,1.2497299278555472,1
73.0552307892551,1.2477115615079586,1.249651432989382,0
72.83681209587328,1.247743469821676,1.2495780296364851,0
75.12487264098846,1.2478007747753606,1.2495107450768281,0
85.32346088008481,1.2479031820675635,1.2494543117517845,1
72.0705779198463,1.247981765546716,1.2493920443570306,1
63.01436168594511,1.2480583062384265,1.2493279554065382,1
63.337062652295984,1.2481221851733104,1.2492695181559272,1
51.82830362373428,1.2481649087984565,1.249215907857733,1
63.53600581928176,1.2482722087976983,1.2491934982988029,0
62.28829219114,1.2484040924175017,1.2491603276898446,0
61.429953833374675,1.2485273902003426,1.2491210463601632,0
56.36283652710217,1.2486281055507582,1.2490709471194754,0
57.97228600156144,1.2487171534446666,1.2490084050842705,1
60.58563886211551,1.248776752329068,1.2489323038959061,1
59.68770319137042,1.248829844614933,1.2488703558852807,1
55.78816499103178,1.2488572724565625,1.2488142245283234,1
52.127511818850245,1.2488770813955736,1.2487620823234826,1
53.23668708339745,1.24890942422037,1.2487235429047883,1
66.63513956059526,1.2489826440915623,1.248697641527974,1
74.13628493776287,1.249069173775443,1.2486769859341558,1
64.45214045187443,1.2491240164062762,1.2486446260761062,1
70.60143784662466,1.249182546431445,1.2486160389367031,1
64.57169085923991,1.2492607128109874,1.2486045352824544,1
67.68508924452823,1.2493439593024618,1.248619633276273,1
70.48247711591996,1.2494676825990425,1.2486476899029144,1
77.4196246821081,1.2496363550343563,1.2486905447534473,1
80.94925750932804,1.2498017309995133,1.2487356528514595,1
81.94426315383527,1.2499924637106208,1.2487939457803894,0
77.13498495548434,1.2501071439736915,1.2488508034134445,1
80.66366372266766,1.2502176461066175,1.2489183290780779,0
84.35743300709701,1.2503545856776879,1.2489967848680725,0
78.54200950685129,1.2504901151348737,1.249078848624776,0
70.18107193513328,1.2506184657167245,1.2491607973133434,1
69.78078190126462,1.2507480820163275,1.2492532728527477,1
77.26416640352643,1.2508713442029482,1.249345194676064,1
77.5060878643632,1.251015352706195,1.249448474540566,1
70.04368263452312,1.2511559675511676,1.249541565729404,0
71.12159867383168,1.2513036676288203,1.249644529676736,0
60.14831450545735,1.2514011909622087,1.2497383270475562,0
59.48753715097167,1.2515175366744566,1.249847510830874,0
55.08786397006865,1.2516446605398337,1.2499481008647668,0
44.49650998584567,1.251727967900186,1.2500300333107996,0
48.258256134519826,1.2517865965916024,1.2501126840223933,0
45.880128700543295,1.2518147499574255,1.2501814174163908,0
35.01123226092494,1.2518082964255863,1.2502383786796265,0
31.931178946891308,1.251743599246727,1.2502758797323408,1
34.29181227541099,1.2516777429552062,1.2503123175005044,1
38.93449017963014,1.2516183977816127,1.250351015179216,0
42.419110176421036,1.2515828108474654,1.2504000724214945,0
39.61884779558377,1.2515428004450657,1.2504529889367597,0
43.45678320598452,1.2514868068652765,1.250506883011,0
34.10308243033445,1.2514413734171541,1.2505580100629672,0
33.659404206040506,1.2513852903065952,1.2505946035258373,0
21.5556772728102,1.2513007275597556,1.2506122910496247,1
22.73711417108366,1.2512166110691978,1.2506391328850568,1
27.04978218274853,1.2511172932634618,1.2506720693505802,1
31.884429206478046,1.2510424438654897,1.2507096692062756,1
38.01000468716329,1.2509495240936834,1.2507583757948268,0
46.6358000894348,1.2508921798394046,1.2507863154642385,0
54.970899273987264,1.2508060291667584,1.2508082855305764,0
46.78315828423442,1.2507083494916407,1.250820484581286,0
43.31340961815211,1.2506521198536062,1.250839639031939,0
42.91748401665673,1.2506012749022433,1.250866332605424,0
33.23668542867341,1.2505104225445391,1.2508748855025793,0
27.942207705731704,1.2504247586323938,1.2508763442866107,0
26.390093883590495,1.2503576893791724,1.2508760465013848,0
30.761101159823923,1.2502929943306857,1.2508786826745495,0
32.66193204728479,1.2501949440912041,1.2508652231275497,0
33.20954452054545,1.2500852042009731,1.2508410964652585,0
33.042852411351845,1.2499704567330077,1.2508135021197857,0
26.280562237928635,1.2498437423426307,1.2507947733855418,0
18.132302581908704,1.2497041225043843,1.250766640492143,0
11.48277203881186,1.2495793648225262,1.2507220643304526,1
10.565706795011309,1.2494610350574784,1.2506591213516314,1
15.962875170852001,1.2493536284674795,1.2505935112324316,1
17.414478057026855,1.2492599247879679,1.2505214972520249,1
11.368913994316827,1.2491358387538711,1.2504433123080188,1
30.345741408631525,1.2490260165521172,1.2503717969314254,0
32.31687290663665,1.2488989513931046,1.2503030384320037,0
46.54320732160267,1.2488058015666996,1.2502435477146094,0
42.67951136675902,1.2487265202349487,1.2501692584041906,0
37.756165629734234,1.2486015679664457,1.2500842201645677,1
40.170395515094995,1.2484742940202713,1.2500086639268424,0
42.29093148576726,1.2483964597794146,1.249934236607814,0
43.09243780955113,1.2483349063845333,1.2498617691592449,0
43.389484040914915,1.2482742795587671,1.2497796172424136,1
45.961293613619006,1.2482107882433031,1.2497006109514037,1
48.67714869580791,1.248152778446619,1.2496048674546691,1
45.09534742258398,1.248089824973775,1.2495165500698853,1
46.60629747519106,1.2480465661021305,1.2494251138908554,0
51.55933412490647,1.2480097362188307,1.2493408036571403,0
46.26027777516242,1.2479977408408653,1.2492745496684148,0
46.7249232061778,1.2479933687063607,1.249204773176356,0
32.898136552184624,1.2480028154157083,1.2491343475349443,0
30.67711743901748,1.2479835607144465,1.2490636169479756,0
39.281507913564816,1.2479466915247102,1.2490027341632182,0
21.74355920689706,1.2478621403769723,1.248917071276725,0
18.222927459453416,1.2477380902689739,1.24881967392637,0
17.755875441913233,1.2476184008275673,1.2487172744240445,0
24.07279702153535,1.2474805889793383,1.2486186631283187,0
23.472156668736062,1.247349782769199,1.2485144487657593,0
27.662976353376834,1.2472634178435875,1.2484130379351408,0
22.983434257084596,1.2471287949614784,1.2483060657887959,0
16.559385763891086,1.2469884576561974,1.2482093286463907,0
12.90004452530465,1.2468161135221114,1.2481015701404101,1
7.351644276607516,1.246633237405161,1.2479859948990932,1
7.378649917131824,1.2464475155101753,1.2478626396092778,1
16.456430095821773,1.246295183670393,1.247743131285353,0
20.455756575908637,1.246155440114825,1.2476218541800534,0
21.198906128977924,1.2460002858468648,1.247502816562898,0
29.11834952648836,1.2458413187876893,1.2473939913755598,0
28.72016132964079,1.2456576109197468,1.2472767460948708,0
27.314462063227623,1.245468090368037,1.2471514993626736,1
26.243751235127945,1.2452929490995603,1.2470473581569528,1
23.43233887253787,1.2451135418411803,1.2469391302314903,1
25.189751455614427,1.2449521246779187,1.2468405082827168,0
30.283938864754987,1.2448455648545291,1.2467380994862625,0
36.43315428095329,1.2447654423997048,1.24664787324977,0
50.147489143803725,1.2447047904377058,1.2465651089187377,0
47.66409084662123,1.2446023762623661,1.246471430940062,0
45.74230660523712,1.2444941323112242,1.246374604753197,0
34.16146081530832,1.2443634309336606,1.2462767613068515,1
26.167012210840255,1.2442396573083008,1.2461701827831058,1
23.76829246847349,1.244097699989414,1.246063994619165,1
36.865289582843964,1.2440326176861958,1.2459731658278967,1
41.45105934780614,1.2440014576356675,1.245882608038173,1
50.14781211828019,1.2440095641682978,1.2458121297750484,1
51.40771029542669,1.2440093253332967,1.2457364547978247,0
53.575449159713784,1.2439883086491457,1.24565759708247,0
50.38624357718897,1.2439598264760687,1.2455644265266457,1
53.58523589717591,1.2439426914396516,1.2454804598574412,1
52.373386861719,1.2439470457022863,1.2454149371892071,1
47.12056238662101,1.2439507766221463,1.2453420924034235,1
47.65877233425914,1.2439183534288514,1.2452561156167277,1
59.40137817543312,1.243973151624032,1.2451944283272898,0
62.002576209448854,1.2440142476193072,1.2451364955069326,1
68.21752122013963,1.2440565108254966,1.2450763885191398,1
73.5378122089518,1.2440854839594322,1.2450209554548954,0
66.49825925267626,1.244091984416768,1.2449659726959346,0
65.04575589609787,1.2441320040519372,1.2449056061199846,0
62.96930475063209,1.2442069096069848,1.2448534741084585,0
59.06833736821326,1.2442954480676875,1.2447958441975802,1
56.652408037508636,1.2443960743541396,1.2447312650422173,1
57.88854689144088,1.2445129278348719,1.2446680395868304,1
52.70110096763411,1.244575598949489,1.2446099811219138,1
56.965210513748964,1.2446534896012484,1.2445653272687884,0
64.18491664452773,1.2447174827889025,1.2445542667398208,0
74.12087525326024,1.244768008801681,1.2445484222109073,0
51.99264984304987,1.244808495488987,1.2445336349470377,0
45.87113497226243,1.2448332161168234,1.2445054773816395,0
47.641471680449285,1.2448472366004204,1.2444794413899296,0
48.92067564393621,1.2448593696430557,1.2444533179089945,0
48.22386847115072,1.2448752851351883,1.2444406884729076,0
45.155259112883186,1.2449104139712897,1.2444248981427646,0
34.24178242481041,1.2448731104963786,1.2444172271169966,0
34.634743045601354,1.2448380062794309,1.2444184030566408,0
30.432246044599594,1.2447645301176984,1.2444031943621492,0
27.8308202972499,1.2446684013568805,1.2443702425294905,1
27.42674635382633,1.2445651152792778,1.244329842761716,1
25.976045507624065,1.2444820500123175,1.2442983117861657,1
15.76421798724347,1.2443597767696342,1.2442608573012364,1
16.339374576135796,1.2442431944330616,1.2442300776029065,1
20.496964239958317,1.2441525497524863,1.244205048795997,1
33.78093108717337,1.24408912736532,1.244186510893134,0
41.35540308115162,1.2440579294504797,1.2441877361656335,0
39.27402460680572,1.243999070822856,1.2441841057267633,0
38.905673264768964,1.2439094645903592,1.2441798266341528,0
38.25206259856037,1.2438054660741333,1.244164431680679,1
39.52764649721594,1.2437208581846635,1.244140062045821,1
38.04837429338736,1.2436510467794493,1.244124945588473,1
51.72027520187164,1.2435912783088223,1.2441182997889688,1
60.8496068137303,1.2435330704897187,1.2441211737314177,1
68.12607071192934,1.2434928976035156,1.2441419845909936,1
68.32501936594848,1.2434851880554274,1.2441798933691697,1
80.35517524282928,1.2435233224269902,1.2442135090133142,1
80.23996594941829,1.2435642215337734,1.2442435086158832,1
81.90990876024591,1.2436701116652784,1.2442674133609415,1
76.34551763261798,1.2437899688759946,1.2442824999465696,1
76.15319425499206,1.2439436552885759,1.244311981417488,1
79.03166941265907,1.2440946683436593,1.2443522485332017,0
84.44013309517314,1.2442797073977572,1.2443956636844786,0
90.02588678272727,1.2444631409223148,1.2444365156909178,0
86.42671041223855,1.2446298546316255,1.2444766799997888,1
79.3045902212451,1.244746299147445,1.2445176891805716,1
77.99509904210736,1.2448384413171532,1.2445338520428821,1
79.99243873831816,1.244960310127838,1.2445625307301755,1
76.93857941943816,1.2450852578940128,1.2445913254615593,0
75.99347871568168,1.2452372676352925,1.244625145151023,0
73.66953751246756,1.2454095558934224,1.2446670906364827,0
71.39988954813366,1.2455846333290839,1.2447059972993315,0
71.97463056272659,1.2457740075848522,1.2447451389801159,0
58.26799927484581,1.2459011485968197,1.2447634539430705,0
49.312053943665305,1.2459943972934202,1.2447813137667056,0
41.888894674137376,1.2460470399057504,1.2447935381975213,1
34.815863959263,1.2460495926535313,1.2448031064949312,1
35.99432789843512,1.2460560975391888,1.2448045517910593,0
39.27214847072484,1.2460474833004551,1.2447994135655625,0
45.828377372732895,1.246052798223046,1.2447964157151157,0
48.545044172942184,1.2460471101348174,1.24480742727582,0
38.10635484855641,1.2460038330965855,1.2448204953251065,0
35.42211894563367,1.245918952801682,1.2448243501649834,1
33.40904103744552,1.2458397143183442,1.2448286535610331,1
27.11528998684672,1.2457612035807113,1.244831047377998,1
24.54668756859735,1.2456794419916601,1.24482530038872,1
22.563374174433818,1.2456165589285322,1.2448312314157435,1
37.40340172838027,1.2455510713002593,1.244847756738507,1
49.30186079429961,1.245520464023901,1.2448936990240402,1
54.13277017587732,1.2454786723678093,1.2449492535553945,1
60.708210793465334,1.2454327954251572,1.2450141626948343,1
64.05398423072208,1.245417830763262,1.2450803095997094,1
59.931240078880506,1.2453662527830427,1.2451477293854791,1
62.106413238160926,1.2453898335176412,1.2452221095769023,1
61.16493089911104,1.2454414159919323,1.245296860262484,1
68.44486402886403,1.2455271946617255,1.2453687651160834,1
75.98697086275251,1.2456317651207836,1.2454326407630527,1
77.68821856191136,1.2457543091960201,1.2455066471403249,1
82.06345471293245,1.2458756190719134,1.245585875358184,1
82.61898871326188,1.2459618017061285,1.2456589499679138,1
83.27956476323439,1.2460640151975952,1.2457446900809928,1
74.94641849586651,1.246166247715726,1.2458265756996172,1
74.31526505456111,1.2463146801624227,1.2459137109064236,1
73.34566915619097,1.2464540227830703,1.2459970344783737,1
74.52934710145222,1.2466271486080551,1.2460847477798138,1
74.04261858185524,1.2468508404819363,1.2461715613593234,0
78.93885276867393,1.2470644589306716,1.246247686017216,0
77.82657887225986,1.2472615548741444,1.2463266900746555,0
78.11132906506502,1.2474374812702433,1.246400646866026,0
64.05360523622127,1.2475721912684379,1.2464621425123719,0
63.86002040867427,1.247697420180622,1.2465156686516528,0
54.31296793596853,1.2477761457174048,1.2465529005492073,1
54.11911837898388,1.247870067234817,1.2465838733203034,1
55.657392684625925,1.2479218295587675,1.2466055850314834,1
44.53391063172159,1.2479462696463028,1.2466234262683549,1
55.1385071704372,1.247983652875709,1.2466637066073887,1
54.46416455578669,1.2480375752607784,1.2467122943405027,0
54.85166130576635,1.2480671662054146,1.2467493895713557,1
50.823050175622285,1.2480960334694147,1.2467901855883448,1
44.128495771364165,1.2481480262377556,1.246823253408899,1
44.88141761021962,1.248183522139445,1.2468542765794017,0
39.334430856856905,1.2482240903996156,1.24688235852783,0
42.45551455714102,1.2482598172557604,1.2469080347747867,0
50.4667089717266,1.2482924935840702,1.2469535724732739,0
47.65955673895391,1.248295293328638,1.247005106193901,0
54.019147249816015,1.2482772494773844,1.247063645187977,1
49.57825615055635,1.2482400809306837,1.247123881328077,1
58.56383026183537,1.2481995392855019,1.2471840667731806,1
63.613995272671524,1.2481410191625624,1.247238061210869,1
57.12372225293812,1.2481289924360655,1.2472926201975796,1
58.090726843503845,1.248137520458308,1.247351832781049,0
52.34207357155577,1.2481534742355762,1.2474127570048037,1
50.161916480149216,1.2481637782558852,1.2474818035019846,1
54.95782439775816,1.2482041147106249,1.2475513451883957,1
48.11624757567204,1.2482584616990766,1.2476223295157012,1
56.15720194136714,1.2482914707674575,1.2477085181177079,0
53.247466883548654,1.2483148614220319,1.2477916153379025,0
61.876377712847635,1.2483586227130838,1.2478724101364853,0
60.36240520146115,1.2483875714344919,1.2479370285525813,0
53.597264748833474,1.2484035035689076,1.2479931858893383,1
55.43700998441615,1.2484030051370116,1.248042360464144,1
47.76165184704126,1.2483970458404647,1.248074044558711,1
53.940738078296825,1.2483830472701793,1.2481147525696417,1
45.18305455273903,1.2483520398549115,1.248138455008182,1
50.88630125641959,1.2483725768334086,1.2481775705304914,1
59.75230894467535,1.2484169850046825,1.24821956132516,1
60.49459090944421,1.2484726965816981,1.2482602539124428,1
61.879807797912584,1.2485385096294244,1.2482977469465424,0
56.06959995357133,1.248583712586526,1.2483212986167143,1
62.16150236788777,1.2486674332176158,1.2483748728021746,0
58.2853511786767,1.248717319176851,1.2484131543727512,0
54.53675631570388,1.2487784173983218,1.2484576248778423,0
50.044409533421835,1.2488071836981565,1.248478804916278,0
54.89842714171122,1.2488364215582792,1.2485043046984794,0
52.073123885395525,1.248853096426324,1.2485127086430088,0
55.841938892454316,1.2488629804974427,1.2485133741239105,0
52.06386745081483,1.2488522691832666,1.2485067394389406,0
52.36345658888813,1.248801085094817,1.2484882222247544,0
40.6037985036098,1.2487461973852683,1.2484605149985912,1
35.285545797772855,1.2487131942338063,1.2484495870754857,1
31.807546616247734,1.2486619690056777,1.2484281799941659,1
25.47592352148196,1.2486148540932271,1.2484095279090401,1
32.98569882493649,1.2485695792643732,1.2483945573814639,1
33.40274890910335,1.2485947644689834,1.2484076289722683,0
37.66426966623287,1.2485852103608324,1.248433146816303,0
35.33688253671956,1.248534202970251,1.2484397813629768,1
39.955398800944295,1.2484760871287977,1.2484356586596506,1
37.45994218940369,1.2484023076462694,1.2484318035228843,1
40.24471801474867,1.2483526573251735,1.2484239481590176,1
44.60071558134467,1.2482726241562725,1.2484247119695813,1
48.00734504398635,1.2482077270108578,1.2484228363213166,1
57.436101004567725,1.2481620899871986,1.2484328247128753,1
60.24687258827284,1.248145340699373,1.248433014293723,1
64.18576304844618,1.24814431001493,1.2484450312708233,0
71.34404826057062,1.2481608849781343,1.2484589453028072,0
69.7836414680606,1.2481573638333425,1.2484654198662937,1
73.68851774090267,1.2482048286381917,1.248492638521944,1
55.15624654708533,1.248238280071245,1.2485037185390515,1
49.612801940289586,1.2482729523308684,1.2485132882659136,1
50.930713915059975,1.248291657320217,1.2485146530291462,1
61.78297876054145,1.2483813259088496,1.2485257021743825,1
66.35783803607146,1.24851886871061,1.2485556856990536,1
70.95485561617542,1.2486720167157688,1.2485978527654173,1
67.73012605606007,1.2487702515943349,1.2486340837257524,1
71.78085481556725,1.248905060612708,1.2486917863817555,1
70.89148217510373,1.249063958705611,1.2487487765382381,1
73.7528148028082,1.2492480754193689,1.2488089442585855,1
71.94260430709603,1.2494349747206797,1.2488623443259224,1
72.45273128681205,1.2496274862322982,1.2489199140781402,1
75.7549064217653,1.249798364430801,1.2489826563143387,1
70.7769509517304,1.2499612348400335,1.2490461282025251,0
82.45578546672236,1.2501185282801237,1.2491214176887389,0
87.96912389925187,1.2502886061715472,1.2491952378542701,0
92.47440991142551,1.2504332641668223,1.2492775209955878,1
91.77026160876694,1.2506093947958723,1.249353672487793,0
67.36732584157966,1.2507480049160749,1.2493978278308504,1
64.3952742414777,1.2508553942109977,1.2494457175736637,1
68.5863769455207,1.2510104524998078,1.249492495687205,1
64.53238912150476,1.2512008874479843,1.249560158210497,1
62.734222886149055,1.251401845032727,1.2496084177551907,1
59.485762114494314,1.2515597266480158,1.2496626651628486,1
62.880451139643526,1.251702266753474,1.2497252254411142,1
68.16519806411931,1.2518448188392983,1.249812906821874,0
67.86416779529753,1.2519879230009887,1.249894684302836,1
69.90495686699276,1.2520905282501087,1.2499867591112694,1
72.53948205987513,1.2522177827293226,1.2500906974309904,1
60.80836998731807,1.2522867552954844,1.2501827387034725,1
58.07611153673466,1.2523393857309701,1.2502776645803837,1
57.95381696031485,1.2524204972879263,1.2503896340392033,0
75.04215825685509,1.2525268796676774,1.2505081304878871,1
75.0686579609355,1.25264702404963,1.2506401502201063,0
70.93863720086892,1.2527473065128416,1.2507743986565847,0
63.09392512765029,1.2528241115068472,1.2508970507512598,0
60.488373499581535,1.2528903924138866,1.250995772173549,1
64.24811027165262,1.2529574271298098,1.251102559195384,0
58.74125874796961,1.2530683561734075,1.251211489112113,0
54.09682420700639,1.2531716207559744,1.2513239310245343,0
52.18029562740368,1.253247237935707,1.25143046780298,0
54.240096966889155,1.2533171606109452,1.2515459595248055,0
45.56938449289747,1.2533781718982997,1.2516506368520017,0
54.61986113556871,1.2534334426389615,1.25175295141409,0
49.774781133353386,1.2534385478361831,1.2518358085807082,0
36.21214354442879,1.2533853162667286,1.2519088970488164,0
29.465553412517153,1.2533378782769526,1.2519721116076452,0
22.605900364270155,1.253260536432479,1.2520266196930074,0
36.20499592768892,1.2531911681184933,1.2521042191450507,0
33.1363135140931,1.2531230175330372,1.2521500142614106,0
32.647920182719716,1.2530528131413035,1.2522034778084072,0
24.44019911314112,1.252955369920222,1.252262601074945,0
24.964753328196622,1.2528305295087683,1.2523236793633077,0
22.324571321417807,1.2526751424430345,1.25235767683378,0
21.990532887540738,1.25251022175259,1.2523709398733767,1
15.58234098209239,1.2523433037690346,1.2523655655725658,1
15.876382419436723,1.2521821245016078,1.252360521336458,1
26.720771996792067,1.2520284480081894,1.2523519141535764,1
30.43474511734307,1.2518880520360733,1.252341126444298,0
40.36535135741268,1.2517679461590023,1.252331879320388,0
42.53356066936726,1.2516715276480215,1.2523250889739168,0
51.439419564911326,1.25158017493296,1.2523270350050704,0
34.111239896450826,1.2514463976598662,1.2523098501436278,1
38.92684666215319,1.251308743391111,1.252291954834521,1
47.486826470868145,1.2512272578685473,1.2522793004160777,1
45.41386361258743,1.2511653541633723,1.2522595962455465,1
52.975890729934726,1.251136386548102,1.252253360560157,0
61.363485745277515,1.2511601692189505,1.2522469294622385,0
63.385914984410995,1.2511356047481694,1.2522592590778885,0
65.5390596160085,1.2511403100152545,1.2522639805831133,0
62.3710359017706,1.2511410076480634,1.2522556998677095,0
54.16393753436378,1.251129574576598,1.2522340759263904,0
49.43915232118722,1.2511018664227234,1.2522036879193061,0
46.740824580543766,1.2511029241068106,1.2521749558172979,0
40.438140785404464,1.2510946385374775,1.2521278885869782,1
38.34921706604392,1.2511162565405027,1.2520741406530478,1
50.136301302424656,1.2511550338182513,1.2520273656633631,1
45.192303565305586,1.251126041223145,1.2519661193427907,1
46.1404965021027,1.251124656375302,1.25190387590269,1
50.01822458376769,1.2511107110152466,1.2518614616082926,1
46.0998752773264,1.2511013188873743,1.2518298622364785,1
36.66995865713256,1.2510567772331664,1.2517815469831666,1
41.25589198912169,1.2510764696066823,1.2517296861192297,1
47.95929197883894,1.25112301731552,1.2516823521408769,1
51.600518331787825,1.251143186970367,1.2516376525990878,1
61.239280084529184,1.25121168013222,1.2516146236956955,1
67.54421007483916,1.251247920830157,1.2515963719266652,1
69.33143751165998,1.2512777298991153,1.2515750505699608,0
78.65116449937327,1.251321856113935,1.2515606590540995,0
78.62031544616065,1.2513864357081776,1.2515499065639946,0
67.31141759865807,1.2514386377440516,1.2515322597910474,1
78.05514197471713,1.251509628362957,1.251511063027195,0
69.52645454732831,1.2515899396900143,1.2514883950359919,0
62.78222329976659,1.2516463081075653,1.2514601020047396,0
65.85905564038308,1.2517627538853002,1.251457571006625,0
68.97677440288271,1.2518638589656126,1.2514655577326013,0
61.52445555904497,1.2519343331387152,1.2514659476080678,0
55.63729547762899,1.2520292218126463,1.251473593494858,1
50.20743216650903,1.2520706213606814,1.251455657199565,1
47.79896492899906,1.252129309395736,1.251463978353372,1
44.93099346493413,1.2521608634882182,1.2514730823752442,1
42.071160067185595,1.2522165949200228,1.2514860369830867,1
46.86512763852823,1.2522861209409981,1.2515119226921216,1
42.58811269647763,1.2523251070970391,1.2515423380024788,1
51.34544592823655,1.252375939750031,1.2515839397980641,1
45.56695681097167,1.2523698269553662,1.2516252329702282,1
57.48014381253371,1.2524088420455626,1.2516870589442473,0
63.76482018249195,1.2524440271327673,1.251741282219792,1
57.73953330333373,1.2524700846269832,1.2517934720904633,0
55.27097020355781,1.2524706090664728,1.2518309717269827,1
59.3000641290125,1.2525003979858498,1.2518638079261786,1
59.39214030876777,1.2525168255457921,1.251885723272328,1
71.591094494498,1.2525837755235212,1.251943346181454,0
61.412678021214454,1.252643581046735,1.251994037066989,0
65.38344948282905,1.2526731574968415,1.2520359308579427,1
63.69465079119339,1.252706405828285,1.2520819783985664,1
58.19782485552544,1.2527562950306659,1.2521139110010937,1
60.49322680446593,1.252810887736817,1.2521338809020046,0
57.54422126618978,1.252887717792079,1.2521565024171288,0
67.84678770935474,1.2529540356381763,1.252189468602541,0
59.99047709256554,1.2530448693414296,1.2522346270525908,0
57.031337018150104,1.2531336412989194,1.2522876636720153,0
40.5563384848334,1.253139903115473,1.2523271373692217,0
45.80655732645299,1.253161194922074,1.2523656463285842,0
39.33411281830494,1.2531413861897382,1.2524026388589684,1
44.02215372084497,1.2531530693966242,1.2524399581126768,1
41.522441084784646,1.2531465036804332,1.2524836468891198,0
42.71592375360743,1.2531049285634235,1.2525328371559035,1
40.92587323182407,1.253062056183608,1.2525684320137858,1
38.79240200391318,1.2530224523897597,1.252595668276788,1
45.3307905665103,1.2530082028155554,1.252626561497451,1
46.15720112924253,1.2530021289842304,1.2526638639727534,1
53.26044580277031,1.2529918282497137,1.2527094896386664,0
51.65794532437,1.2530123493632308,1.2527497698860734,0
50.29759398667453,1.2530348956780606,1.25279261434102,0
48.92203685363848,1.2530590694125674,1.2528209341107055,0
67.10627091310545,1.2531008353479305,1.252855076808203,0
56.47524511882309,1.2531119645614122,1.2528675747669231,0
65.88026503201188,1.253126880136656,1.2528785120262171,0
63.14824544489789,1.2531240657218707,1.252884520608018,0
60.0866216013668,1.2531234403052518,1.2529085480770707,0
65.45067317900887,1.25311140704186,1.2529283751435765,0
59.82714992759361,1.2531368805054464,1.2529459136953947,0
64.10068922895508,1.2531568586114739,1.2529698665301476,0
50.402549466082476,1.2531875899286087,1.252972573276292,1
40.36548562808282,1.253170011204492,1.2529624190082287,1
33.822614716263146,1.2531383834800696,1.252965267025662,1
34.99635517091133,1.2531350405696475,1.2529751646587035,0
36.52838681912337,1.2531453927826781,1.2529983405825846,0
43.81475092357793,1.25319149307,1.2530205417464937,0
36.7279609296512,1.2532018814738035,1.2530429686916853,0
37.82649286219911,1.253183592424214,1.25305066297443,0
37.052485543741575,1.2531315002350396,1.253047641356283,0
36.07928271068951,1.2530651002714688,1.2530457671558453,0
28.88670197769089,1.252978321059049,1.2530335668646275,0
29.18206706687485,1.2528887596431608,1.2530285071858231,0
30.414436843224877,1.2527723287805375,1.253000471502193,0
25.70952077777551,1.2526541135764524,1.2529516093443973,0
27.168555146257262,1.2525260155154843,1.2529008843816178,1
29.207376996012187,1.2523779163561308,1.2528474435238814,1
25.71155885331278,1.2522205222240579,1.252796597772354,1
19.793353483768243,1.2520543531668842,1.2527433861920132,1
24.58562796891185,1.2519285645204885,1.2526838292941813,1
26.621895388949625,1.2518327340461533,1.252645527729915,1
32.72228565623517,1.2517700085311778,1.2526113136900263,1
32.37675157188822,1.2517143411869662,1.252565593151701,1
40.6136658672631,1.2516732667370911,1.252532055708232,1
48.386656867127,1.251650901437444,1.2525111701389546,0
51.58937871237727,1.2516201124843094,1.2524912984594767,0
56.36636846607238,1.2515896872384276,1.2524748023865941,0
56.60278863408056,1.2515613975785567,1.252449579986536,0
56.47854392321431,1.2515249495923784,1.2524071862918134,0
55.24060659126856,1.2514755439204732,1.252381897678283,0
64.48298332717079,1.2514651361369584,1.252367343641799,0
58.12676271085385,1.2514425502797952,1.2523540325006501,0
60.541132579328334,1.2514214549536788,1.252335861408645,0
57.64975723069306,1.2514124849852863,1.2523068640241342,0
50.48403121528285,1.2514283484988185,1.252280977318555,0
46.29247913720353,1.2514441659044884,1.25225372826997,0
52.65763857746238,1.2514826573206093,1.252231525496221,1
43.44420784778775,1.2515062538817467,1.2521958181988306,0
29.46037918751435,1.2515154759366147,1.252148724972967,1
30.719281288871713,1.2515078803149962,1.2520902501202944,0
29.098441150374327,1.251490325886244,1.2520367183391203,1
36.12902794861161,1.2514763374792541,1.251987890410504,0
39.95228155808148,1.2514762639554478,1.251932470968853,1
38.084567416539294,1.251424465611326,1.2518615078135902,1
25.039804142086084,1.251337748932161,1.2518014838872542,1
42.02375099219973,1.2512800914662132,1.2517525829912997,1
45.86000846058209,1.25120969753791,1.2517090551130101,1
49.33694474015176,1.2511628819973315,1.251665356663368,1
55.85168292147215,1.2511678233213082,1.2516297528035927,0
59.871755458685485,1.2511949392864516,1.2516051211906853,0
60.05116053105652,1.2511918502970216,1.251581340316018,1
65.55965324335219,1.2512291989264603,1.2515706760997907,0
71.26154856037635,1.2512562981783315,1.251570376198181,1
61.7570540328374,1.2512561971108205,1.2515539894764347,1
60.53127147273003,1.2512792996679751,1.2515386809578863,1
61.822676753190734,1.2513339720357237,1.2515291599711882,1
60.17254884598508,1.251366287054116,1.2515014430898674,1
69.85114420808593,1.2514245875997427,1.2514849006492061,1
75.46975654396198,1.2515411439315431,1.2514917455758987,0
71.95764768866259,1.251653624595697,1.2514990998645574,0
65.05974390375498,1.2517305978445623,1.2515029173683576,0
63.14250037599864,1.2517935634176305,1.2515139873539365,0
56.54513229800613,1.2518613825582636,1.2515215201348944,0
51.45152970825768,1.2519410918274656,1.2515290130323615,0
52.86348635980358,1.2520342678043899,1.2515535455784292,0
42.941389200250654,1.2520679147992073,1.2515693427047887,1
39.88150772935484,1.2520623426829605,1.2515828256437418,1
45.02413309300658,1.252043918990641,1.251594715370001,1
41.141253360684736,1.2520083697997304,1.2516113594567313,1
35.656096099035096,1.2519713669492343,1.2516222421621837,1
51.156344038037915,1.2519673041921382,1.251635168374412,0
47.520177635450914,1.251952764581922,1.2516437785200885,0
40.87441663373877,1.2519597178234547,1.251668526852776,0
36.69856157774848,1.2519749096040318,1.2516746466232107,1
44.997617449800686,1.251990948745593,1.2516746998811457,0
41.91496962644554,1.2519738566549443,1.2516706576394419,0
44.81181404920582,1.251979107173265,1.2516572110638025,0
47.37171293452601,1.251966877893082,1.2516470927750165,0
50.697299553345566,1.2519424728102195,1.2516587548630351,0
52.315611588422165,1.2518935074908195,1.251666285292696,0
47.943296868463186,1.251817054031944,1.2516436845263519,1
46.845976335238994,1.2517342845685635,1.2516306810694438,1
49.274280502977284,1.2516706493424168,1.2516211978903895,0
48.34952117692547,1.2516214557114014,1.2516126013228073,0
44.97518596071354,1.2515872543058282,1.251617107901233,0
46.77443021966209,1.2515913813086665,1.25162822886646,0
41.03495287539837,1.2516120259219066,1.2516345730842608,0
36.219957529694426,1.251588669081539,1.251627681449918,1
30.967108511569776,1.2515612791475654,1.2516296807411116,1
38.5761380581994,1.25154672734651,1.2516377809747892,0
36.92098884326472,1.2514896144127285,1.251634883785006,1
37.41704243017443,1.2514310701156885,1.2516256715746623,1
33.961991738522116,1.2513691974397154,1.2516257002464832,0
34.89273593620929,1.2513065970261228,1.2516274991891294,1
48.05190749321321,1.2512412671952196,1.251636107186369,0
57.075028568087326,1.2512165468701408,1.2516452398010132,0
54.15526477408463,1.2511872414443572,1.2516482286263813,0
48.09573270281779,1.2511387905481695,1.2516374561953516,1
41.43009930180232,1.2510696890324016,1.2516195011474727,1
31.505117182360692,1.2509834660101589,1.2515816959821788,1
35.01418706257688,1.250946418683158,1.2515455118808065,1
46.36348600439016,1.2509218582922044,1.2515077448157415,1
55.36739152254076,1.25091994184711,1.251486655357901,0
49.90670201999582,1.250911527658333,1.2514747335418124,0
53.761436635192965,1.2508876502504531,1.2514604481342242,0
49.51677710090449,1.2508394001348973,1.2514304001061296,0
46.02719189129839,1.250795049176828,1.2514060779333456,0
44.016997801309984,1.2507657324805845,1.2513641394022548,0
40.1487767133592,1.2507372151576561,1.2513081092315566,0
29.01358855711267,1.2506836877917977,1.2512498062532293,0
31.630354172182592,1.2506431261203086,1.2511998950953043,0
33.3120971919227,1.2505903418892814,1.2511443829633224,0
34.12695672987316,1.250531213984523,1.251093632816987,1
42.56441300009307,1.2504848851380823,1.2510450165133762,1
38.18904113269405,1.2504206504552013,1.2509906602466938,1
35.02792601975351,1.2503271983441109,1.2509489532189746,1
16.176710153821688,1.2502377496586325,1.2509183914166502,0
26.962124241467293,1.2501837593498066,1.250893392339018,0
21.366575148419145,1.2501287569703585,1.250867656015724,1
23.39087669397665,1.2501089194865582,1.2508367169971084,0
24.177519480925113,1.2500793751166923,1.2507903402506282,0
28.616776461815974,1.25002795414783,1.2507378206421045,1
27.587084015299126,1.2499383530524808,1.2506781094495114,1
52.230045750457855,1.249890464176141,1.250640955370656,0
43.27940751353603,1.2498177998937254,1.2505911885934773,0
45.54952181970074,1.2497560736884092,1.2505432869195154,0
42.32608833119593,1.249693771961946,1.250491943848818,0
42.86346953830902,1.2496554433782934,1.2504395655963392,0
42.865717691954245,1.2496145602485993,1.2503769442069086,0
44.48944071512768,1.249584633843993,1.2503262567944988,0
35.45250743435071,1.2495170587958133,1.2502798970008522,0
37.44025871767248,1.2494806036999748,1.2502429106158872,0
42.10412711656195,1.2494544389486895,1.2502071486594961,0
38.47154232953011,1.2494112379751026,1.2501609294188567,0
32.01477754666236,1.2493317609154244,1.2500884628905322,1
31.356242510514818,1.2492324903121848,1.250005396820382,1
31.649424258348816,1.2491279191474483,1.2499247487068668,1
34.49302950831786,1.2490573810750343,1.249880877136416,0
39.75198999098488,1.2489992790704945,1.2498428559848955,0
35.49964118832048,1.248913889402831,1.2497835818196368,0
34.766002642631605,1.2488189801250063,1.2497220865355394,0
35.234909646525736,1.2487364693862333,1.2496599803503223,0
37.19739294039277,1.2486654511240185,1.2495966109232328,0
32.87121003276934,1.2485317576305988,1.2495310196124465,0
36.63159797947237,1.2484126486748206,1.2494597411853177,1
29.794155679686227,1.2482853380531997,1.249370803392739,1
24.244737220375555,1.2481446475474702,1.2492749062900632,1
28.091719851451842,1.2480134433291739,1.249189426708741,1
38.51668508089478,1.2479029192597508,1.2491102362978481,1
46.41047807855635,1.2478028958494314,1.2490540287302077,1
50.019480222597494,1.2477456585906288,1.2489995929638404,1
33.93057171685719,1.247659686339148,1.2489380418346645,1
35.089650882653274,1.2475752316455915,1.2488692645788886,0
45.23194832826594,1.2475198464302182,1.2488042569276105,1
50.25011515427482,1.2475094577177113,1.2487371858774357,1
46.843465085677686,1.2475059088716631,1.2486720003150882,1
42.50929856446369,1.2474976038844008,1.2486057705898959,1
50.81475482125294,1.2474423793945557,1.2485515359020045,1
64.10710222811696,1.2474226479535455,1.2485170291032512,1
70.32933302446216,1.2474424039340593,1.2484870682765414,0
74.33116212632457,1.2474636248850444,1.2484502860414337,1
66.88926884140153,1.2474702595284777,1.248411947406001,1
60.337601756103716,1.2474629421939785,1.2483693022070148,1
65.50392056620117,1.2475209889463588,1.2483454611357567,1
60.9480182735702,1.2475740848298797,1.248321114935189,1
67.20824941315756,1.2476575886811623,1.2483029595275594,0
62.41567458240272,1.2477546940086595,1.248281684030074,1
62.23855860581221,1.2478518366576017,1.248256657631859,1
64.5463421324504,1.2479493365959005,1.248238468148065,1
64.78231683167823,1.248020390472157,1.2482186171244474,1
63.92014273683143,1.2480686900165867,1.2481953189237982,1
68.51152188019918,1.2481573689191658,1.2481898077431988,1
64.3531659097292,1.2482511276926276,1.2481943744349473,1
65.87317689257718,1.2483539229807012,1.2481896404494348,1
71.62613821354421,1.2484689715865323,1.2481976545545583,1
78.05539501974093,1.24860408551253,1.2482112050447365,1
84.5023433121074,1.2487863476993752,1.2482428008848676,0
81.41293889110976,1.248968051382192,1.248276579103564,0
85.38962227724414,1.2491149208412013,1.248317173340292,0
73.36345309630887,1.2492289247909842,1.248344784655338,0
70.58110733961007,1.2493388983727272,1.248379021872199,0
63.35927454765546,1.2494419366362786,1.2483964805805225,0
64.69226881605705,1.2495780701381105,1.2484187546827832,0
56.296494590609214,1.2496255866964687,1.2484312006243032,0
57.189261586946905,1.2496730403465721,1.248457626707648,0
42.397659295301,1.2496474369287642,1.2484689381741911,0
36.72849090987156,1.2496133126249298,1.2484758414210666,1
32.45240081056939,1.2495651080787706,1.2484597484333535,1
34.88961814395026,1.249527995899801,1.2484499548797876,1
34.637872413303484,1.2495090229417838,1.2484566705400284,0
24.09576891220928,1.2494864587179633,1.248462310360981,0
28.856588462927874,1.2494527794879866,1.2484763317839003,0
26.32083739234723,1.2494009839785984,1.2484885875767793,0
29.187558543960293,1.2493350716641178,1.2485109660628424,0
28.44023930963472,1.2492318816217174,1.2485253477333171,0
28.8585655668128,1.249101543772341,1.248537687332393,1
20.69099174685921,1.248917915821891,1.248552108194636,0
25.60205477713987,1.2487343332178331,1.2485649350590278,0
27.04034760489546,1.2485413747253602,1.248572555526536,0
46.91148747142019,1.2484045378812614,1.24858544146807,0
53.304414642693786,1.2482903834265973,1.2485969118065865,0
43.04587150376025,1.2481480788995094,1.2485918376046672,0
36.894320537719736,1.24798679621569,1.2485833805108226,0
30.035656517668727,1.2478462497622484,1.2485617619571157,0
29.69440678167075,1.2476951824924778,1.2485319166175546,0
20.94512698179186,1.247585008484918,1.248500578019493,0
19.66795533720854,1.2474780000741486,1.2484679998969657,1
17.41131264925579,1.2473544904161094,1.248424592841975,1
20.477637630630014,1.2472088585641399,1.2483644391240254,0
19.805217251585233,1.2470294538467006,1.248291490505085,0
23.468406738230385,1.2468723072080807,1.2482257832901957,0
35.05815147589733,1.2467369872680563,1.2481830228797315,0
31.769898764517364,1.246576498675242,1.2481340101692848,0
23.8415725664822,1.2464099927383308,1.2480665675796312,0
18.445362724872822,1.2462188931127824,1.2479832710464782,1
21.583242279249234,1.2460407075175086,1.2478909348669316,1
23.62551216751244,1.2458899555584462,1.2478062128145508,1
30.08492239234117,1.2457517859309433,1.2477249147683644,1
32.75151500203596,1.2456136033299914,1.247638262220172,1
39.39117320029073,1.245463127458306,1.2475625362625293,1
51.50770416550152,1.2453530056717006,1.247510638068632,0
61.61326914024181,1.2453255591023067,1.2474591136779234,0
59.03908267537093,1.245283430351122,1.2473963015742207,0
58.881931121578624,1.2452412995982214,1.2473167126041234,0
56.41553730730726,1.2452096399349,1.2472281839569017,0
45.90040945816375,1.245175469775181,1.2471291317245536,0
52.241306574348066,1.245162126812375,1.2470183115421656,0
48.982047857413775,1.2451524113283963,1.2468983368204567,1
59.04468852200501,1.2451375352286376,1.246773484879,0
63.223574825929084,1.2451646570250023,1.2466657833986923,0
60.70798767925424,1.2451832382772199,1.2465635192519928,0
53.64842918182349,1.245142361526332,1.246463192835753,0
57.48951984860908,1.2451482608924926,1.2463620864710376,0
47.24585291570309,1.2451243850698053,1.246266086928966,1
34.77536324041559,1.245141501147955,1.2461706553670313,1
23.827158050326076,1.2451634554300248,1.2460973422674357,1
25.21752571843504,1.2451737120445319,1.2460303725823918,0
31.06949260287199,1.2451738865173163,1.2459684261437827,0
37.30728995237345,1.245184013632944,1.2459006693134294,0
41.637856218363154,1.2451768760659525,1.2458296775121969,0
36.27661565366819,1.2451153044140273,1.2457621763470574,0
40.28831391891973,1.2450141161521413,1.2456836483435854,1
37.410422197261504,1.2449112827525435,1.2456004210837985,1
36.98460538063758,1.2448502714589897,1.2455227925220722,1
34.47256092921762,1.2447847809149852,1.245449343674209,1
45.578300625506,1.2447527880236535,1.2453896294250786,1
36.294065764128,1.2447127186043763,1.2453362326551598,1
45.39055217794056,1.2446849808740559,1.2452785958829458,1
53.91010048585745,1.244670147607865,1.2452249940320017,1
48.12995988766129,1.2446260829789697,1.2451544014377756,1
52.72879211265047,1.2445958126053567,1.2450856909234966,1
52.945044655784315,1.2445871870365615,1.2450388360905738,1
44.37536467978321,1.2445454873294497,1.2449855629165414,1
48.48937791872414,1.2445487456162871,1.2449470852705813,1
54.45819033384054,1.2445683290778666,1.2449199140011868,1
63.31711853391484,1.2446103086664706,1.244907462340057,1
71.7332538087108,1.2446700413050862,1.2449071890747667,1
70.75207681205487,1.244735584707423,1.244920863860308,1
66.96218506503925,1.2447686624185323,1.2449245908551863,1
71.96070167327667,1.244848161618003,1.2449571606207177,0
63.48278912826368,1.244908297068897,1.244976572291384,1
68.94104151365595,1.2449937833773341,1.2449863667872965,1
68.46750619293668,1.2450987463213523,1.2450093201422425,0
66.0478743129836,1.2451670620516393,1.2450256202473957,1
63.59191665059382,1.2452451231237025,1.245059835678577,0
62.531736944324585,1.245305905901425,1.2450957087786452,0
69.30026223075713,1.2453907368290642,1.2451365451634069,0
64.21741188613771,1.2454719647036296,1.2451666673920203,0
61.338940434817005,1.2455367522677305,1.2451942536070972,0
47.72930002118537,1.245571475528827,1.245197740665984,1
50.48355406543449,1.2456266927130542,1.245195165740038,0
45.31500756547934,1.2456579387663738,1.2451717879562008,1
50.11760533618557,1.245706424551894,1.2451547605968503,1
39.52545795993263,1.245743146936988,1.245147824206088,1
44.347027872299755,1.2457678327803041,1.2451431911393485,1
43.611029264120646,1.2457860307959643,1.2451516867483703,1
49.53387276316456,1.2458174145447676,1.2451693041677236,1
56.045857731407956,1.245844319821893,1.245197627257707,1
59.180196313144414,1.2459045424367976,1.2452313937384503,1
60.73149792287875,1.2459251551486534,1.2452613598701783,1
59.73958272659422,1.2459910357293889,1.2452996912722514,1
61.08254567552391,1.2460305151636597,1.2453416282422274,1
65.93103409468539,1.2460820502160694,1.2453828358716734,1
83.83203481717335,1.2461763139179223,1.2454463917866425,0
82.78866396223214,1.2462931656326457,1.2455205014724533,0
86.29294239068874,1.246399130339229,1.2455899787423268,1
84.29008218656674,1.2464775411155053,1.2456580767917962,1
85.56740080728794,1.2465737682667295,1.2457266200917858,0
75.57240086614604,1.2466492347372253,1.2457803420488098,0
77.2166699666596,1.2467981967967983,1.2458462689583223,0
73.33040801948705,1.2469145217255941,1.2459148526646648,0
73.41734981961883,1.2470561617916842,1.2459886062120176,0
67.43058008750802,1.2471808928585637,1.2460626046392584,0
58.30895030064859,1.2472826851977885,1.2461207897016076,1
50.96614673851221,1.2473750068406133,1.2461792815095998,1
54.290490255907265,1.2474562989556854,1.246233091121183,1
52.440467559968184,1.247518956185701,1.2462917992002533,1
47.413775138782924,1.2475799394075415,1.2463556106711011,1
42.715826139788696,1.2476351631167026,1.2464173999419854,1
44.460551443556135,1.247677928801914,1.2464820981993558,1
48.71193643325858,1.2477109498528303,1.246545746171241,1
55.435601127831035,1.2477803907658127,1.246618909733928,0
67.6124631138014,1.2478429125499262,1.246701805959864,0
64.45010263002006,1.2478998167701014,1.246786820248168,0
65.80293451113187,1.2479419642903458,1.246869955557445,0
54.40742595766685,1.2479683143119258,1.2469331810005089,1
51.86317003018321,1.247978254810901,1.2469813621941221,1
61.79343421599708,1.247992229181729,1.247029277881508,1
66.08216097050175,1.2480316551857582,1.2470855391557003,1
66.93724418518602,1.2480494660022816,1.2471267907120338,1
70.33725265969336,1.2480989077266174,1.2471910969277529,1
71.95946590296798,1.2481566381252056,1.2472537481111663,0
74.23820662188594,1.2482487662517834,1.2473226126114307,0
76.73366231175295,1.2483675025634224,1.247400965906321,1
70.23183665189288,1.2484824089621203,1.2474741958449669,1
65.35679889655333,1.248592129701215,1.2475475806410992,1
57.64149185223428,1.2486741683040663,1.2476051717902543,1
60.59978914135806,1.2487823853361444,1.247679778924107,1
62.34356794058608,1.2488989323690434,1.2477622719825106,0
73.40176097147345,1.249031547958989,1.2478661271714206,0
83.89469045475954,1.2491780592392783,1.2479662927817308,0
69.15642627227747,1.2492589229441573,1.2480593034050413,0
70.65909202741102,1.2493376161397078,1.2481542825949894,0
62.813939946515795,1.2493765714664957,1.2482401900599713,1
57.48844445314143,1.2494098824389794,1.2483267754209149,1
53.1983767377739,1.2494655067478453,1.2484049713812613,1
50.60442945926725,1.2495530964009105,1.2484756349365793,1
51.209280885133694,1.2496364477068318,1.2485461290354833,0
60.55887416955954,1.249745228366218,1.2486218135274685,0
57.80901128115565,1.2498344845108849,1.2486905224569262,0
64.2367355854424,1.2499056390568914,1.2487569382587538,0
59.48151126995164,1.2499662322275769,1.2488280349367333,0
48.078063933684206,1.2499725624872735,1.2488788175199124,0
42.01319204426964,1.2499598971909007,1.2489143992155123,1
34.69056590062624,1.2499595540659212,1.248940751218277,1
49.34061600056442,1.249981146413995,1.2489803870710052,1
48.685102701222654,1.250026514983616,1.2490247613374985,1
49.42095286627039,1.2500207886824277,1.249058587090386,1
48.73669492814388,1.249997613163597,1.2491016233530592,1
59.22181115489544,1.250002510387746,1.2491478526077997,1
57.13685383829012,1.2499863103522928,1.2491950082324101,1
54.514345715404346,1.2500018582213017,1.2492375819768886,1
50.63612935775383,1.2500156006486105,1.2492881657110082,1
57.340295251606186,1.2500682375714507,1.2493544110094361,1
51.65073735119702,1.2501124527075849,1.2494217537677037,1
53.25581114582021,1.2501719391836943,1.249491227472465,1
61.02809494778902,1.2502128506895047,1.249553192738101,0
70.63578376487817,1.2502629800351026,1.249619345286508,1
72.41039491821863,1.2502910690383886,1.249684175896143,0
70.2772407427445,1.250339491196527,1.2497551474147717,0
62.31741119594679,1.2503603674506327,1.249816705297875,1
64.97837125524697,1.2503627926439231,1.2498609956879776,1
69.72525099902633,1.2504136238421766,1.2499071020368124,1
60.15465585298931,1.2504801858148078,1.249946546833395,1
61.12622203620751,1.2505549054754697,1.2499859276923266,1
61.30482583971478,1.2506030249321836,1.2500342713191084,1
63.40147178986782,1.250659314921288,1.2500971853816534,1
54.37174845142239,1.2507260869629717,1.2501521302028833,1
56.846391270698554,1.250792944667447,1.2502061391457349,1
58.51733283555364,1.2508367189850806,1.2502627538009192,1
66.83136000387451,1.2509004262137897,1.2503156156272792,1
59.44779502736242,1.250960439545409,1.2503591025449698,1
66.88678394975574,1.2510480287085362,1.2504078706937092,0
66.30560407651035,1.2511271811751803,1.2504582824541393,0
64.39532382047432,1.2511953028819343,1.2505069113356293,1
71.39731848018351,1.251260927065005,1.2505587464179808,0
65.26199940440915,1.251325528625163,1.2506137368665395,1
67.4600906612663,1.2513847862479017,1.2506603056512107,0
66.10512842561829,1.2514400547726785,1.2507006248575971,0
68.70822952687789,1.2514876735606653,1.2507375976554422,0
58.34466912513792,1.2515324196793727,1.2507584494739126,1
66.7360438740896,1.2516111668382266,1.2508018932456053,0
60.031225480487215,1.2516504642019146,1.2508322412616952,1
50.688075418657576,1.2516704368523506,1.2508640929877368,1
46.58399176426113,1.2516919565773406,1.250898757347671,1
56.81111793467135,1.2517493208326453,1.2509477969530283,1
45.37049152293198,1.2517831980219523,1.2509892260300701,1
47.59152438838819,1.2518416465696471,1.2510342097480096,0
58.66272750154243,1.2519228030210312,1.2510771690076599,0
60.50451707335746,1.2520045178180692,1.251130767123793,0
60.940266545152454,1.252058365261487,1.2511767061091175,0
53.06405470002786,1.2521015466408318,1.251213228310272,0
44.064307037982246,1.2520664733863447,1.2512454350533375,0
42.84959700328535,1.2520205820088128,1.2512825563813041,0
50.89725876295976,1.2520163974956617,1.2513296487075252,0
42.9717850004748,1.2519841759334522,1.251359958225764,0
49.919878354472864,1.2519722927639991,1.2513920479786929,0
50.54123559100468,1.2519344203573497,1.2514257583211796,0
49.505884279890026,1.2518993439082515,1.251461317155459,1
45.603476438963455,1.2518761597956336,1.2514870574185974,1
44.4269953973509,1.25185771402583,1.2515070109433275,1
41.83057977586684,1.2518238756580686,1.2515307002203118,1
34.37019750068876,1.2518039565977754,1.2515475836413612,1
33.68635058583193,1.2518180889471386,1.251564033538012,1
36.168492169640174,1.2518297436777985,1.2515856737357567,1
40.715152109781386,1.2518123641245404,1.2516039669293668,1
61.36308384686141,1.2518308717022564,1.2516364344351707,0
65.88460325338976,1.2518486567096896,1.2516684804178444,1
56.08136502824534,1.2518333093735117,1.2516940651417092,1
63.63954424793753,1.2518010404782676,1.2517153868364892,1
59.360972631915885,1.2517731942940218,1.251741836846473,1
68.96847898532097,1.2517673558397333,1.2517750535885959,0
77.67184714836432,1.251850410574085,1.2518201497461012,0
76.76626554356534,1.2519453709988884,1.2518686304549365,0
65.82543983419895,1.2519799499824111,1.251899666510302,0
61.686411056820255,1.2520254375599866,1.2519289232768853,0
53.58895826629554,1.2520214897532114,1.251936917911462,0
49.08470512797621,1.2520291876789973,1.25194699860759,0
40.623056822556435,1.251997598603091,1.2519431787297162,0
37.806903046092934,1.2519363720376337,1.2519269186396185,0
26.550336357609567,1.251859009234492,1.2518904441516083,0
25.024606983697723,1.2517856487953432,1.2518607839202855,0
26.384141765870652,1.2517200901475594,1.2518164082169705,1
28.277585706113854,1.2516469754306008,1.25177195124018,1
28.215567611434736,1.2515674822576308,1.2517345454860354,1
25.065424951733988,1.2514607887413196,1.2516839115998926,1
12.783531215136236,1.2513344555696158,1.2516400052129517,0
22.544807011632585,1.2512317252897638,1.2516072560345892,0
28.90301818952912,1.2511496400941522,1.2515778992702986,0
29.184176006270164,1.2510611781547172,1.2515447886741102,0
30.460333609227064,1.2509473612708237,1.2515078134830533,1
29.01514332987597,1.2508150126778288,1.2514565919244367,1
37.46140751839148,1.250643719044518,1.2514174516831427,1
46.6652321333972,1.2504855742007117,1.251394685394281,1
55.52563386083617,1.2503705845736184,1.251371117708813,1
57.3764193188445,1.2502807953155302,1.2513415130700392,0
60.19376256953061,1.2502405722598304,1.2513198676066133,0
60.93794550272732,1.2502160452376603,1.2512967580747951,0
57.990695318289006,1.25021645894151,1.251260641097908,1
66.59756461125954,1.2502364859800008,1.2512197059043912,0
59.63226755649305,1.2502691142913631,1.2511747437635587,1
50.76577735262643,1.2502948668833,1.2511381120172729,1
50.3168109404163,1.250326815969667,1.2511205452502996,1
60.969317462743426,1.2503845856946871,1.2511175527145297,1
61.705390304965874,1.2504197381354207,1.251095881741939,1
69.70899898881679,1.250490064585092,1.2510862670605485,1
72.7272690396796,1.250578566028166,1.2510825145186184,1
71.87485607384643,1.2506452698118247,1.2510915958163793,1
73.39684152299336,1.250719939761855,1.25110613761174,0
72.85520731590749,1.250813638272745,1.2511197800649547,0
74.32156364120804,1.2509585115236814,1.251148132482194,0
66.1888088798933,1.2510999747431364,1.251167031558464,0
62.26028106945387,1.2512069145772775,1.2511786348749434,0
61.685825214634185,1.251293615074981,1.2511848958454177,0
55.6489611771145,1.2513348532736113,1.251173161547138,1
59.32561328256882,1.2513841875855787,1.2511702424544544,1
61.658564854727565,1.2514431665317165,1.2511647855383976,0
55.28065641558132,1.251484503085706,1.2511510966252017,1
59.169235995637635,1.251531233038126,1.2511398105637537,1
57.3185516348583,1.2515733414728225,1.2511286263022132,1
52.0164129380765,1.2516323423268871,1.251118402976705,1
49.22785192481534,1.251693404049175,1.2511085313010495,1
47.910776830528036,1.2517587415203701,1.2510838776288136,1
44.089368878386864,1.2517893357766345,1.2510551386256281,1
42.06434106545552,1.2518622219627282,1.2510487905340657,0
49.86601017773976,1.2519344506400159,1.25104987229256,1
54.490578894143404,1.2519674769285623,1.251060909388759,1
60.77345897831612,1.2520113379942714,1.251084455942489,0
66.2300584621942,1.2520140399015187,1.2511127141311114,1
60.114136633300646,1.2520039717497262,1.2511468199497917,1
58.77338425154553,1.2519876728409023,1.2511995979247583,0
56.59586148675733,1.2519782236789379,1.251244061511902,0
61.02836206609715,1.2520006204048144,1.2512908469778454,0
64.13608895111264,1.2520333436783715,1.2513394431445262,1
57.826345170703206,1.2520904714663557,1.2513823572306277,1
56.763672068057694,1.2521231389250063,1.251435182527929,1
52.91942541794956,1.2521299458399984,1.2514829816465505,1
50.6821716020684,1.2521345286280745,1.251512217960526,1
57.172642514014754,1.2521893114682228,1.2515556791133817,0
51.277131718700524,1.252231113980994,1.251596600632724,1
58.532520482245424,1.2522908229970937,1.251655787667213,1
50.77154759851506,1.2523407625845344,1.2517188312637315,1
52.1746100826228,1.2523598039630255,1.2517703115962164,1
53.163258945191146,1.2523840184691097,1.2518145163329875,1
51.59994466497919,1.252402713653367,1.2518616421659652,1
60.02652404857362,1.252430329849273,1.2519096861060572,1
64.59516242022374,1.2524987163967345,1.2519641670435204,1
70.96325062399794,1.2525974256067571,1.2520370080901275,1
76.31727863234227,1.2527263665156734,1.2521166771607766,0
72.93625890014124,1.2528445594815918,1.252190049350428,1
74.6711273369449,1.2529531116256523,1.252273196858474,1
76.26216758962826,1.2530702371239095,1.2523542096081457,1
73.54362493264065,1.2531989756585582,1.2524397108534018,0
70.39685101598235,1.253293093687906,1.2525028463418135,1
73.3098117880299,1.2534479571358446,1.2525936448307975,1
76.90926785794349,1.2536203033398228,1.2526872780298213,0
73.82006824768428,1.2537638792974828,1.2527571069542773,1
70.28002965109395,1.25390447100961,1.25281589843964,0
70.59824545695072,1.2540171860356375,1.2528745776228947,0
71.07275432441345,1.2541663893257495,1.2529377010539258,0
62.427297543386956,1.2542727545710297,1.252981484886152,0
56.19811982918009,1.254399925814218,1.2530388116921642,0
48.24970487055583,1.2545108565031413,1.253091888366562,0
50.148666448934975,1.254618174660644,1.2531443401672526,0
52.305538676443625,1.2547342278010203,1.2532213919769288,0
51.34389419981836,1.2548226018897974,1.2532850518277447,0
43.74204644593761,1.2548532517539768,1.2533282011324247,0
48.086796250020164,1.2548312475289174,1.2533757058674122,0
36.55849911890139,1.2547931527338647,1.2534214450390722,0
35.44573802500611,1.2547793800271658,1.2534724647721653,0
37.7775621137619,1.2547404308991157,1.2535164322873653,0
37.58309671244346,1.2546919613106877,1.253553632512751,0
28.137621341935926,1.2545880722600988,1.2535714431492935,1
22.30929834856302,1.2545117899150384,1.2535918279971752,0
24.503722738526022,1.2543879039354437,1.2536039176198834,1
17.46419230385213,1.2542255675254421,1.2536037247839917,1
22.449730879516423,1.254098581732125,1.2536095488757026,1
29.887328776015124,1.254004240857911,1.2536130595850958,1
21.50105973863637,1.25389048742119,1.2536251566307632,1
24.862676069663564,1.2537596239221402,1.2536399619228913,1
31.6446587077063,1.2536578518724382,1.2536495564987664,1
26.64199165561766,1.253520024434749,1.2536555319944886,1
41.72957442306489,1.2534575044334928,1.2536746419780334,1
36.56207125936685,1.253387814407283,1.2536861284588172,1
43.49447752793288,1.2533095287593985,1.2537090148941459,1
50.717789186219484,1.2532560874454333,1.2537382312359155,0
61.57107968988785,1.2532283764773464,1.2537675733873639,0
63.39133585880673,1.2532093261049346,1.2538056248581562,0
65.4528811687176,1.2532062749090458,1.2538282304154011,0
63.873374547344255,1.2531647219606215,1.2538459079640163,0
60.958718297742344,1.2531335761067004,1.253853533531208,1
52.60606153837069,1.253105446321315,1.2538595060074629,1
51.24515778804411,1.2531066299483844,1.2538701735434368,1
43.675421959758594,1.2530801183565219,1.25387026795214,1
47.886952068530086,1.253077795116982,1.2538739502053295,1
59.846078541452975,1.2531279128946624,1.2538827580021477,1
55.810098913743616,1.2531927800746883,1.253887174346884,1
62.965750659776276,1.253262247459839,1.2538789883263286,0
58.86164790128078,1.253329282320686,1.2538663229527685,0
52.62254410165388,1.253379309644044,1.2538538619878723,1
49.75195765377016,1.2534095582095697,1.2538321351323336,1
49.911289107411015,1.2534745498670312,1.2538172570917374,1
49.83119618101017,1.2535051611250942,1.2537971161646477,1
56.25818294439496,1.253543171109866,1.2537861594276014,1
62.89434416808574,1.2535932112265837,1.2537671165304416,1
67.69703118106658,1.2536364076381423,1.2537446729552435,1
65.47910040509169,1.253666449264932,1.2537286013743434,1
69.21263562119043,1.2536722708113568,1.253712744778855,1
67.9082142723581,1.2536862980792265,1.2536958752328369,1
66.096907631074,1.253746585436988,1.2536779864085117,1
64.57362235337168,1.2538235025119706,1.2536738327075843,1
66.7762257542006,1.2539476477114375,1.253678594766351,0
73.57006096275438,1.2541112706045079,1.2537103391839834,0
78.79171833554001,1.2543077055259606,1.2537460802982667,1
78.36079409592526,1.2544671752524388,1.2537671291858972,1
68.57659264026147,1.2545718578196337,1.2537824603740821,1
65.7869394326824,1.2546508552233504,1.2538062157346335,1
68.20551017472853,1.2547201385701674,1.2538345447428285,1
69.4824511404075,1.2548303189949894,1.2538811894572184,1
69.51261284540125,1.25496033467066,1.2539262438452699,1
76.4018656293431,1.2551270235615108,1.2539867721972917,0
78.91773349885842,1.255276975559321,1.2540512627911904,1
78.82509232982832,1.2554343987599457,1.2541356467645866,0
78.4706002706569,1.2556088015166713,1.2542249640682546,0
66.80815619024679,1.2557215146075444,1.2543005607992819,0
59.769829968687716,1.2558188153931413,1.2543819721023233,0
57.508824228844205,1.2559497976529232,1.2544690877426625,0
56.92014065336646,1.2560987632958325,1.2545505537540234,0
55.270887138319175,1.2562123446846318,1.2546246181382137,0
50.68142395328387,1.2562605401996563,1.254678352919518,0
50.762568957606014,1.256291464175339,1.2547272776287448,1
47.580278880787056,1.2562853263355644,1.254784715526677,0
35.9505207914722,1.2562317460012886,1.2548200358111021,0
34.43075925631999,1.2561725488406017,1.2548599740715942,0
30.444114395300872,1.2561386868497493,1.2548987924220376,0
35.217437469663125,1.2561421301792948,1.2549368774676266,0
25.781369402793658,1.2561085138570391,1.2549582706865106,0
18.771634800320385,1.2560359824269836,1.2549652072716482,1
21.422159217416493,1.255923306922904,1.2549680022627616,1
25.888886583102874,1.2558135283050185,1.2549857663830286,0
22.932971349228595,1.2556909238947362,1.255009711312506,0
24.220728785327594,1.255581824147913,1.2550418139218298,0
26.020795530734745,1.2554537671569457,1.255074501648011,0
32.20207104185846,1.2553040180741708,1.255114523955314,1
30.938084147293765,1.2551778917962533,1.2551405994709903,1
36.50757725694609,1.25507401076805,1.255160411251678,0
36.37616497303102,1.2549349105963477,1.2551659399513264,0
40.592329053001215,1.2548066276671987,1.2551683058369674,0
38.87957535810727,1.254704810825759,1.2551748295402425,0
34.48757877303986,1.2546479308857623,1.2551858014162054,0
41.782928832494456,1.2545855837568378,1.2551976878476518,0
41.57240194766995,1.2544990883704483,1.255194530928044,0
39.881137446532406,1.2544170579855465,1.2551847945552828,0
34.06938991440626,1.2543261295105155,1.255173157431854,0
22.847000044433173,1.2541811457366772,1.255133966226075,1
18.664751694052228,1.254019824373885,1.2550902441619236,1
26.631028248163517,1.2539202241889704,1.255059780656126,0
31.392847692225814,1.2538560133939163,1.2550387043046718,1
32.10003739933789,1.2537882083718073,1.255008766379794,1
27.002495050226074,1.2537105212024549,1.2549713406892153,1
28.068873381647606,1.253613178733659,1.2549255818011813,1
22.16174337331259,1.2535097513838054,1.254866655390777,1
32.65257387518753,1.2534424827730595,1.2548069865154314,1
38.826794370930955,1.2533995870257524,1.2547512765552307,0
44.20664465609466,1.253380187011365,1.2547058041745607,0
48.09908867882761,1.2533370659518315,1.2546664945045574,1
55.17487877922402,1.2533253650620555,1.2546357438868083,1
48.526656246933825,1.253265954823497,1.2545866323382993,1
59.75164287195908,1.253197890096183,1.2545218579807202,1
63.45173571349154,1.253141645532653,1.2544583257610027,1
62.73536745650084,1.253111677893036,1.254391549580262,1
63.141835780323916,1.2531198041834855,1.2543316623777097,0
67.7018675078869,1.2531456537660557,1.2542692965577267,0
66.13052199575341,1.253174026327783,1.2541992473562986,0
71.99075346301561,1.2532570389111257,1.2541481759475073,0
64.8459027839285,1.253325837097299,1.2540930528435867,0
53.37420224239087,1.2533613859026167,1.2540244159560032,0
48.4503883591765,1.2533874362666588,1.2539541734930026,0
46.27487742850526,1.2534260678374394,1.253894255640917,1
39.83328225333663,1.253429501007121,1.253838925012201,1
37.918816265060855,1.253451937910323,1.2537897712951749,1
51.30585507796923,1.2534861046610677,1.2537469667209782,1
52.402808461277516,1.2534898752183476,1.2537102382022551,1
60.948537936980735,1.2535200902444281,1.2536902931167613,0
53.83590140802158,1.2535276660786816,1.2536613958661338,0
48.594439693429074,1.253537719336326,1.2536247301673697,0
45.056012005258836,1.253526240704876,1.2536028346259431,0
45.61783230290349,1.2535450469558271,1.2535902581498366,0
40.89986803921899,1.2535624158696896,1.2535775015594344,1
39.0148856774251,1.253542367610818,1.2535498614833223,1
40.23595645004147,1.253498127424403,1.2535144309921287,1
39.44049055877155,1.2534394552995791,1.2534747148383762,1
45.45121631822938,1.2533983269516278,1.2534471204755997,1
63.90616160161344,1.2534022889087502,1.2534385556901304,1
66.58243601711835,1.2534212561010536,1.2534455216694276,0
60.06599455285599,1.25344355665711,1.2534408711992109,0
57.094209744630945,1.2534686514830238,1.2534379123106738,0
46.31041776624997,1.2534895889582673,1.25342735800943,1
57.50000434785315,1.2535408423211623,1.2534286682390785,0
58.50437649457369,1.2536232992865002,1.2534290723724963,0
54.00464533580451,1.2536722281026265,1.2534244290334904,1
52.17634240708934,1.253697206036983,1.2534262137875922,0
56.28601731395535,1.253737875993517,1.2534385654054434,0
65.19716535450229,1.2537468732032344,1.2534585905938487,0
67.08847110437577,1.2537649495312055,1.2534949173839451,0
69.41075540887503,1.2538026755771274,1.2535378706486668,0
54.995886377476005,1.2538050703315584,1.2535567730829782,0
46.75370556330421,1.2538108501757415,1.2535721928625667,0
44.449335462301605,1.2538389982205564,1.2535978174989342,0
44.21899786585027,1.253877926688415,1.2536168236777063,0
43.664292304867125,1.2539114003225142,1.2536337196276708,0
37.88257116595811,1.2539116278508418,1.2536354654251909,1
36.92168348873678,1.2539186476104442,1.2536375864105538,1
35.37624005156991,1.2538707216887883,1.2536270095553448,1
40.52207042494448,1.2538022019561685,1.2536143276473488,1
45.10822989491638,1.2537596231341286,1.2536098940721296,1
48.29207414780843,1.2537585656950148,1.2536111925638576,1
44.83578684938077,1.2537576104453887,1.2536240202581868,0
43.64931583352531,1.2537129384482655,1.2536346875799111,0
41.310464249035974,1.2536746337774347,1.253642267670409,0
56.27330352967083,1.2536854556896515,1.2536539401521365,0
55.03276205413715,1.2537025023818145,1.2536592930669237,0
47.08000952733045,1.2536873499038153,1.253655243860547,0
44.34604216487223,1.2536302487293054,1.253641079554458,0
42.9899121833173,1.2535539613213966,1.2536136863480536,0
54.181286815564846,1.2534810597246806,1.2535999596996197,0
45.425281767215296,1.2534448926190722,1.2535901757695607,0
45.92812448977448,1.2533953565168539,1.2535753609626448,1
41.62392935413019,1.253316181289197,1.2535538628796372,1
38.637843277583656,1.2532542679411078,1.2535467304513013,1
27.133499445501883,1.2532035817795226,1.2535343771753507,1
26.774471658451134,1.2531828453690017,1.2535141617083645,1
38.326301361559956,1.2531575782226203,1.2535046676122628,0
45.86540382661235,1.2531747559344777,1.2534888758313647,0
33.38486522110307,1.2531571418681087,1.2534661179631197,0
35.74625272522766,1.253134331474651,1.2534485389274597,0
36.30381198021345,1.2530684904758584,1.2534280924722505,1
40.91732007971979,1.253000879869143,1.2534063534235131,1
48.28313144270458,1.2529492243906435,1.2533894109882928,1
41.90078401946846,1.252890317783533,1.2533814477394953,0
45.04781335387731,1.2528115889708813,1.2533793247707279,0
52.53975863867268,1.2527487071061463,1.2533829937895506,0
58.85637942199787,1.2527093213942524,1.2533796416375969,0
54.094322513749404,1.2526867490588667,1.2533548636145044,0
51.7825087936543,1.252675307847289,1.2533153070465477,0
45.912008211135486,1.2526205799395242,1.253270769012585,0
34.456781389695436,1.2525558442658578,1.2532250528826943,1
37.16836753561663,1.2525393723038776,1.2531952743008887,0
40.40796188705298,1.2525214758366436,1.2531461162858297,1
33.807534423177074,1.2524795730137055,1.2530892399421834,1
38.64590257511639,1.2524481752493264,1.2530447560340305,1
39.197532955493344,1.25241983598919,1.253003213689247,1
36.42650835712959,1.2523624739535593,1.2529545067962795,1
45.47862650202791,1.2523026630600012,1.2529111917740712,0
47.04815420482876,1.2522834280113802,1.2528735093551895,0
41.502465667133315,1.2522480816182129,1.2528267013438938,0
38.34932257670923,1.2522193608720045,1.252793808688429,0
38.85795990034676,1.2521858664217334,1.2527563599219098,0
45.844079680048324,1.2521629884261718,1.2527190070705387,0
51.01964985399457,1.2521383197122702,1.2526856049490371,0
46.65047370509536,1.2520756543121347,1.252645026366576,0
34.83561641536721,1.2519994362989877,1.2526181171688089,0
32.19035604384831,1.2518888390656435,1.2525677182196766,1
49.478125860059095,1.2518313897173625,1.2525391308259342,0
43.88568391302301,1.2517676360407415,1.252501480680377,0
43.68912428490154,1.2517278867036177,1.2524580744403808,1
45.688055201023666,1.2517090170460985,1.2524052334231277,1
37.08148904889283,1.2516478827124335,1.2523513832077067,1
32.623714103515226,1.2515961818859114,1.252299413660888,1
37.168486151955285,1.251574805934688,1.2522493088050846,1
47.17546960046468,1.2515760734616888,1.2522010031428457,1
52.80123347347505,1.251593825794639,1.252159743054377,1
55.17276276861447,1.2516430239139633,1.2521367764003388,1
51.97913715392721,1.2516461009411333,1.2521175326588025,1
61.58456053176098,1.2516448246720058,1.2521098546954332,1
62.36908909035708,1.2516564199911726,1.2520968454504904,1
73.04507793564653,1.2516825832627885,1.2520888849459155,0
70.73591037943659,1.2517440458942084,1.2520958356728515,0
76.81455514060903,1.251784931671516,1.2521065072234663,0
74.7094454935116,1.2518239841406995,1.2521134914288738,0
75.47064960041178,1.2519067386876557,1.2521262891298293,0
64.92833290716196,1.2519569878969823,1.252127774180001,0
65.2518620927182,1.25203163109971,1.2521173393705125,0
62.98637412514541,1.2520627614537003,1.2520943330336234,0
51.22030263348204,1.252094733586319,1.2520765173676611,1
52.63097845397478,1.2521495957494344,1.252064180150294,1
39.50867499314995,1.2521796624878547,1.2520497022279262,1
43.65191161123798,1.2522125953790435,1.2520360694116668,1
43.49380995785625,1.2522564758326977,1.2520223142377096,1
50.359852014933935,1.252317861000524,1.2520203260918807,1
48.47290918483597,1.2523503977242305,1.2520165266441852,0
45.97343873274107,1.252386110916372,1.2520147045784673,0
50.997611858468986,1.2524072170444893,1.2520159346604336,0
53.880415847074715,1.2524503054297123,1.2520229552071407,0
45.40138522086446,1.2524669573599243,1.2520265145004874,0
47.04759953041034,1.2524537432012937,1.2520301107551983,1
48.840964919691594,1.2524359335827346,1.2520409206726661,0
46.798559979096005,1.2523820700959507,1.252032914789681,1
56.21567075236299,1.2523496217647532,1.2520377655947101,0
54.77585326487706,1.2523388061804497,1.2520571846955715,0
60.37906157746415,1.2523144867627716,1.2520728137352073,0
53.95119892517156,1.25230183272269,1.2520805728734012,0
54.972098050593345,1.2523032206894182,1.2520936380648562,0
42.64380147740105,1.2522880110796102,1.252088472241467,0
39.52712708282666,1.252275845003935,1.252073484164683,0
30.247482508030814,1.2522254418711651,1.252055124251475,0
24.780374168118655,1.2521923888512418,1.2520389134196213,0
32.09528753721918,1.2521838528158007,1.2520352639692938,0
35.69662052090386,1.25216971733238,1.2520250058001932,0
39.776298986329806,1.2521218403582997,1.2520137343502926,0
33.1354023649924,1.2520455297769717,1.25200447683012,1
38.564590586593496,1.2519619905513946,1.2519997262794302,0
29.88082273060499,1.2518506412428254,1.2520006555313064,1
25.1599771752758,1.251739176361672,1.2519860698648646,1
24.71227254543679,1.2516415409215145,1.2519760764527965,1
34.68986855433022,1.25158658187284,1.2519735888228873,1
30.29613545443476,1.2515266719200329,1.2519679826222398,1
33.9864701018702,1.2514758485569408,1.2519641011274838,1
41.592308822081556,1.2514168749830912,1.2519660428335821,1
60.35088894473473,1.2513834423119437,1.251980639246474,0
64.94888045689056,1.2513701642020947,1.2519904500313697,0
59.38135182358011,1.2513769686867335,1.251993830030239,0
59.43246958205984,1.2513742403202923,1.2519861246273876,0
58.858622024242514,1.2513807724404207,1.2519823408411819,0
63.13912907469757,1.2513837069871216,1.2519690370907295,0
56.15203077519332,1.2513946494091903,1.251950416018682,1
56.209085323571365,1.2513936983171627,1.2519233594413708,1
58.99090399470587,1.2513830447920522,1.2518908635284314,1
54.369512038972374,1.2513523816448937,1.2518519857895443,1
56.71190341169371,1.2513550618182874,1.2518261654213279,1
60.761269972556185,1.2514004933431013,1.2518019786922985,1
61.190890987100474,1.2514359493613996,1.2517913108651972,1
59.25304122147667,1.251486054936558,1.2517824250660456,0
44.69955797400939,1.25152349247184,1.2517703622721204,0
40.16730510195373,1.2515726464063681,1.2517672415808159,0
48.20121076346077,1.2516265062913374,1.2517643530396483,0
44.51767146132454,1.2516701118009144,1.2517641623474638,0
40.14169909244903,1.2516860364218987,1.251753477544626,0
48.156448748532,1.2517060457698335,1.2517458708084364,0
52.59675097469541,1.251692591671923,1.2517305315150338,0
50.789412172699905,1.251641423744616,1.2517068604395238,0
43.99410098082911,1.2515781571408797,1.251670648520042,0
44.928400273030164,1.2514987121593202,1.2516227226733203,0
33.6458341044397,1.2514155346570655,1.2515684325321232,0
26.861809201235175,1.2513441252793283,1.251519904258491,0
25.92197743836799,1.251278094383949,1.2514801564917442,0
24.20995697615014,1.2512143539450356,1.2514347275862912,1
23.72907296008536,1.2511241376184647,1.251387690537437,1
21.130450677115363,1.2510497373610967,1.2513320320280819,0
13.141869029033089,1.2509534574073844,1.2512720259121017,1
13.727040944953671,1.2508371297445022,1.2512110358849906,1
28.23886740756363,1.2507421365190878,1.2511674323837563,0
26.512310271828298,1.2506566638766352,1.2511238023409323,0
19.49357317479776,1.2505518311151618,1.251075890286341,0
26.758717775585964,1.250451744291821,1.2510376012959705,0
34.12847378654861,1.2503425769915946,1.2510112070878203,0
35.88494397559282,1.250238464406415,1.250982592569533,0
32.82494891544874,1.2501351153816302,1.2509339825709578,0
34.10707285886227,1.2500187175346031,1.2508854708893258,0
35.15171866504302,1.2498960856935493,1.2508402296491337,0
33.30029537005677,1.2497734679445147,1.2507980357065411,0
30.90518227737435,1.2496374355672615,1.2507408265263884,0
31.366112410662808,1.2495158822235575,1.2506888190656131,0
29.39443069074511,1.2494035554295118,1.2506341841592588,0
29.08812932396299,1.2492894877238392,1.2505790829794208,0
19.212475593567248,1.2491788571338778,1.2505170665961594,0
12.419340868481115,1.2490597898116331,1.2504479747429311,0
14.215185742136399,1.2489467990662295,1.2503760707411524,0
14.308161337079312,1.2488480758882305,1.2503045123901375,0
6.970267456532866,1.2487396609455157,1.2502145133655305,0
6.013408001667287,1.2486058975931567,1.2501053292414153,0
6.786159719260112,1.248441575289617,1.2499932750249096,0
5.900107928090421,1.248247718612455,1.2498731936577976,0
8.605861016533865,1.2480886790134047,1.2497590529155345,0
13.17139854559666,1.2479257835939155,1.249654431938688,0
12.861640909216746,1.2477205306541137,1.2495415595857897,0
20.032816254594096,1.247537613255308,1.249440158544791,0
18.317070635962978,1.2473619340885518,1.2493255382895574,0
30.160481211494385,1.2472152440928714,1.2492306158685167,0
30.25271277210463,1.2470677867305864,1.249125319614053,0
29.87909702917885,1.2469180478324988,1.2490050575023002,1
28.15125556692584,1.2467741503805825,1.2488761069340617,1
27.040057236054793,1.2466383950338613,1.2487497551045343,1
26.948800161958715,1.2464996935157204,1.248624664576811,1
30.99927437357033,1.2463669979060277,1.2484968235792846,1
41.82502702072817,1.246265996744045,1.2483728627772424,0
43.204686257754844,1.2461725683488722,1.2482489573621145,1
42.13964794367274,1.2460883964203295,1.2481370147405249,0
47.38083725573055,1.2460207803803414,1.2480304062343406,0
56.00553336661992,1.2459647698964866,1.2479233846553557,0
45.38114851924518,1.2459100089438995,1.2478127633211287,1
52.47482709442684,1.245873531629552,1.2477114248203784,1
39.738952516225446,1.2458353315130657,1.2476078413992955,1
46.983823451897884,1.2458184246279767,1.247520208903899,1
48.708285029753505,1.2457801797946464,1.2474288537448153,1
64.25989721123663,1.245828450161055,1.247361701896632,1
67.02374781259681,1.2458899834540995,1.2473104103484167,1
65.19610073852697,1.2459573988559902,1.2472588427845677,1
65.66805903120954,1.245996048299364,1.2472091402438235,1
63.5587466494051,1.246049708408202,1.2471638200143802,1
68.75666962552077,1.2461413274966795,1.247126736603171,1
69.58578995811354,1.2462625612368394,1.2470842768211623,1
69.2327890083799,1.2464007326729216,1.2470473826230488,1
68.03914145143867,1.246543911624418,1.2470214967805133,1
74.5856085754698,1.2466820303958026,1.2469889380208772,1
71.5393447129058,1.2467835228326702,1.2469492411136724,1
80.20736751838344,1.2469141515665874,1.2469192322261833,0
78.39722988323135,1.2470504978362165,1.2469031677223592,0
84.92459274042716,1.2471657635925502,1.2468892246575194,1
81.14792760071208,1.247290866937226,1.2468812971528265,0
60.15129086729395,1.247407589186944,1.2468664118181003,1
67.02823964119308,1.2475206722237577,1.2468647194829772,1
67.75918655794536,1.247659578073656,1.246865319739335,1
70.75106708329966,1.2478034503459878,1.2468801668704896,1
58.40667442624499,1.247934071717521,1.246886687342288,1
62.36048153893725,1.2480383470463103,1.2469054978616052,1
58.166265908657955,1.2481165867264268,1.2469331291143344,1
60.694678307894065,1.2482188901547098,1.2469676792199598,1
67.90259932051333,1.2483522271877876,1.2470108007636462,1
71.24163829151345,1.2484819779772718,1.2470607468270827,0
70.14490127527397,1.2486045718012517,1.247126206286409,0
69.83665835709044,1.2487234304912007,1.2471970189017956,0
66.3049813795704,1.2488097830211347,1.2472722083865206,0
63.76455864820323,1.248897903775494,1.247345186685349,0
72.31011398037138,1.248979476216577,1.2474104150699419,0
71.09189156890142,1.2490667064938816,1.2474877114495797,0
56.48987603062262,1.2490940950427096,1.2475418249411439,0
51.38801717413826,1.2491226829289628,1.2476074672585238,1
59.27594862259882,1.249143535437017,1.2476605411951776,1
48.784129502279924,1.2491431954764334,1.2477114606511654,1
49.69831193641402,1.2491853803639625,1.2477733448306858,0
39.086856158185874,1.2491949111822898,1.2478330238036601,1
40.74294738411568,1.2492364857568432,1.2479045560285278,1
36.50016082684505,1.2492448814666601,1.2479782420508654,1
32.90969527703891,1.2492791728299724,1.2480515573118658,1
27.740022957441766,1.249266216936406,1.2481055859385495,1
29.455749999415033,1.2492522968907298,1.2481650205310775,1
39.13886921546579,1.2492551977239983,1.2482343997414274,1
47.80527225237887,1.2492461034683335,1.2483009299988432,0
51.935189140789284,1.2492425131505165,1.2483718441286946,0
67.42380755198978,1.2492416605053482,1.2484588669109886,0
63.38946146075699,1.2492295419964476,1.248539423048554,0
55.58080926921816,1.2491993065173541,1.2486177983882363,1
56.28540411386444,1.249165837752084,1.2486841519349923,1
54.140922048622215,1.249141363033498,1.2487548883654824,1
66.36021898944105,1.249137379113122,1.2488112830304066,1
60.07599385745909,1.2491829664917913,1.2488590181562205,1
67.01163174980256,1.2492507476956773,1.2489248067943985,1
71.40315800778897,1.2493432720842508,1.2489994307091323,0
74.78641810477743,1.2494335305624378,1.2490649895128596,1
63.984421475107574,1.2494860069392173,1.249111216607701,1
63.98461848721885,1.2495913157291276,1.2491645256005754,1
64.89763711303108,1.2496859911396963,1.2492186594152375,1
55.98928349800889,1.2497569613325248,1.2492634619341083,1
58.957818667454085,1.249858978384262,1.2493223365072497,1
61.531523579045285,1.2499862497816965,1.2493866767181603,1
68.85635028406766,1.2501160883692903,1.2494457952521585,1
73.30172438566441,1.2502502587215578,1.2495143040955639,1
76.72546469788502,1.2503902706514674,1.24959073282241,1
76.11775850144834,1.2505265023062735,1.2496660982763137,0
76.37485729855707,1.250661381112712,1.2497603836812958,0
74.73463807143268,1.250814566229478,1.2498569806508422,0
70.28190899076597,1.2509874155037344,1.2499489333602676,0
72.43175792147744,1.2511629967449607,1.2500279704945811,0
77.70819129861798,1.2513260438648965,1.2501116772244327,0
72.62711727902044,1.2514631791310429,1.2501812158642998,0
66.3556127716457,1.2515876281057816,1.2502474347079624,0
71.48064253455416,1.2516699142202867,1.2503052164206294,0
66.63772132438302,1.2517323058434073,1.2503514621713803,0
62.35509472509695,1.251797177277522,1.2503910692329598,0
63.89405728976665,1.2519051460513881,1.2504314463077555,0
44.53745703494636,1.2519566699817595,1.250457821396799,0
33.37476489027196,1.2519805634713452,1.2504869715953217,0
28.13555890950275,1.2520325570330044,1.2505173232371123,0
21.50651246284363,1.2520504052087715,1.2505507081041276,0
12.828273041397068,1.252057846751913,1.2505831328213726,1
10.71635152140341,1.2520325255824871,1.2506211674680694,1
15.040031789222624,1.251983578750381,1.250658662424131,1
24.51523581955844,1.251921529329413,1.2507019303793685,1
30.65412014381053,1.2518565060996099,1.250751422525584,1
40.97345236990258,1.251802090045213,1.250807067553796,0
45.942208283104925,1.2517398739917334,1.2508749657746197,0
48.259647720601734,1.2516941646930442,1.2509320049347479,0
51.29684211872146,1.2516524220993612,1.2509909867476618,0
52.42650652157287,1.2516405467008163,1.2510562267727703,0
52.72263232775737,1.251605309151569,1.2511168527503649,0
48.01106777535276,1.251560184207394,1.2511705896346281,1
55.43973649539357,1.2515567833063508,1.2512258506535705,0
45.778486884354415,1.2515046284547051,1.251254872165929,1
45.898495059799544,1.2514559274012167,1.25127643493324,1
57.347256879305554,1.2514197946070793,1.251302699948448,0
55.580502868236216,1.2514123729359443,1.2513309537725976,0
51.078232270913695,1.2513994776178288,1.2513670400355117,1
49.46242521932695,1.2513865418151258,1.251405604862329,1
42.694187008492136,1.2513728098174481,1.2514432868177077,1
41.73173307158428,1.251362892541333,1.251473338192657,1
36.29202961114178,1.2513698989960018,1.2514959404697539,1
41.64988270665281,1.2513910224565943,1.2515147723284978,0
45.20899980204607,1.251426712740605,1.2515353066419102,0
51.361941775727935,1.251450635962124,1.2515582646854586,0
49.08223450447488,1.2514290329664857,1.2515842779647033,0
38.47567654770044,1.2513938153327964,1.251595965616087,0
49.75429801644896,1.2513461568813766,1.25159607123142,1
53.73460908326615,1.2513050539924635,1.2516102238116371,0
40.13245169149123,1.2512321232878985,1.2516054847342248,0
36.99604815373019,1.2511743822664692,1.2515921057442738,1
42.38420721527801,1.251142995035499,1.2515813523011117,1
47.261921291091866,1.2510994319446582,1.2515655199428106,1
45.971351787762934,1.2510903914369134,1.2515349204801074,1
40.31707861029858,1.2510589727121828,1.2514894230956037,1
56.597348923271824,1.2510671755251517,1.2514650177134239,1
55.54514798920183,1.2510918353623286,1.2514418614257379,1
49.16615316332091,1.2511190833304393,1.2514197071661937,1
53.07591026604477,1.2511602211072657,1.251404494607251,1
58.79178454187152,1.251205648651093,1.2513951287321863,0
64.30832421648998,1.2512667844763337,1.2513947803307732,1
65.76375565484156,1.2513437378344594,1.2513983843612249,0
64.54430729930775,1.2514016007777546,1.251407446951485,0
69.92158151945702,1.251430611294783,1.2514146288224604,0
65.75755007518312,1.251434942485541,1.251413370768666,0
69.56870442522779,1.251501704008918,1.2514229011477151,0
62.24075401745059,1.2515606090688316,1.251437541250916,0
58.853024866252085,1.2515974265413052,1.2514428164594038,1
64.13915973920464,1.2516207608338765,1.251445505331986,1
46.449953190531915,1.2516449615874432,1.2514433072856932,1
41.73600870817634,1.251682620704487,1.2514420153253034,1
46.94615507119571,1.2517236098460311,1.2514577860065295,1
47.61840350142961,1.2517656694880452,1.2514783562378762,0
52.1855808763793,1.251834693234621,1.2515001860421904,0
46.48949828996041,1.251922985242755,1.2515160147528617,0
45.89998522010336,1.2519505869994991,1.2515244164951382,0
47.56511662527917,1.2519711431042628,1.2515343690707494,0
41.011030857088755,1.2519637041579026,1.2515275229521372,1
49.42531261423505,1.251950659191451,1.251523789444087,0
33.342748490581286,1.2519125943169902,1.2515039477786558,1
47.68374991296741,1.2518965480985103,1.2515112759095495,1
51.93582979590976,1.2518699113363703,1.2515222752128154,1
52.07167473377358,1.2518380885204927,1.2515199690371417,1
53.0220426788387,1.2517939486048624,1.2515303568825233,1
50.25457150799555,1.2517651677509427,1.2515370669085566,1
56.48714844877318,1.251742680415737,1.2515520554711783,1
56.299139531145116,1.2517555444913862,1.2515748098730926,1
47.090868938545775,1.2517648507952934,1.2515889657303898,1
53.55584169157935,1.2518064061491319,1.2516134510655885,1
56.94462332112786,1.2518884306675977,1.2516495556257532,1
54.785498520313986,1.251966141067849,1.2516833147359099,1
62.59593928809147,1.252036705526703,1.2517245086188098,1
60.95219173464991,1.2520883022250155,1.251757268145245,0
72.74459795720148,1.2521616805364795,1.2517941731605404,0
63.888059473229305,1.252225827061526,1.2518260911926224,0
66.36443026325091,1.2522917872685553,1.2518695182159663,0
65.10173425578402,1.2523420376364431,1.2519136579922083,0
61.89066473506008,1.2523983633230666,1.2519484055288133,0
70.04030920383606,1.2524851714277045,1.2519958364181836,0
59.21797447459253,1.2525771240570194,1.252041948086304,0
56.99747518519084,1.2526349085102848,1.252095486407076,0
56.180189655038916,1.2526675773803133,1.252132108150741,0
49.00633888663979,1.2526962206030288,1.25215868450049,1
45.59715182676183,1.2527472419347208,1.2521930970816462,1
43.546661398667304,1.2527945952770627,1.2522313159345084,1
44.824968917692885,1.2528102750225893,1.2522492952701532,1
43.922312956508755,1.2528032366066617,1.2522593703708258,1
40.05642317961349,1.2528470916978875,1.252280169077369,1
49.23988444101168,1.2528882885781933,1.2523046780539595,1
46.404195260644734,1.2528960352690612,1.2523257102729404,1
48.330332676406215,1.2529105089134098,1.2523408045107407,1
55.3584916476916,1.2529226672395013,1.2523560803808267,1
48.07018840158079,1.2529467494760653,1.252375327624569,1
54.871159823880234,1.2529340196869716,1.252395536517416,1
54.711294162362954,1.252939838151443,1.2524280494589832,1
66.5187281452369,1.2529383352513885,1.2524441707129546,1
71.08717501377038,1.2529470479166789,1.252468233531347,1
74.45410266248963,1.2530071010641017,1.252512275337932,1
85.04874620645501,1.2530381119792326,1.252562776876326,1
85.27997351403951,1.2531045290129108,1.252625775056491,1
89.51966640286781,1.2531804150934636,1.2526946041626665,0
85.76932761732418,1.25328611844548,1.2527571115905205,0
83.24380560655746,1.2534053192219246,1.2528145443940417,0
76.71802991022713,1.2534961720170545,1.2528576885946199,0
80.39031886835693,1.2536263946329567,1.2529126796905892,0
58.01574392608769,1.2536932353526238,1.2529463546114032,0
54.79223498499938,1.2537634912245708,1.252976309618949,0
59.52657786458079,1.2538334106085876,1.253028051657643,0
52.076988587064484,1.253852083361482,1.2530652477219717,1
54.71001806196009,1.2538893034661944,1.2531163939326222,0
51.35469168253909,1.2539122795717894,1.2531470971000522,0
44.355396221367606,1.2539248731490695,1.2531780651059063,0
45.741721045405626,1.2539436107225541,1.2532175365053937,0
43.370655305566075,1.253965802719337,1.2532642781632057,1
33.3032702118939,1.2539461693594336,1.2533004501023797,1
31.298704896332595,1.2539127622232014,1.25331220343594,1
34.446343725293104,1.2538955180908777,1.2533242229711439,1
39.333616302181746,1.2538623054201732,1.253351257187884,1
41.38394603456212,1.2538498105679226,1.2533801386438421,1
57.77426985855415,1.253855777959742,1.2534127139733489,1
56.66570157369774,1.2538416986579082,1.2534448271986902,0
60.69627405924147,1.253877632141587,1.2534934822364743,0
66.97964087787335,1.2539080262287696,1.2535424339955434,0
61.38336592301315,1.2539407164976784,1.2535693029790993,0
61.58957616051726,1.2539376028769056,1.253597390016741,0
54.19610431581108,1.2539443886869919,1.2536073951787778,1
56.04464674910856,1.253983046064056,1.253632712989994,0
59.49774247754086,1.254030260763281,1.2536808106337287,0
63.10556877755679,1.254084012187382,1.2537047840258426,0
66.04888322671249,1.2541259566858143,1.2537359269841402,0
64.07932454479439,1.2541825022250692,1.2537661345859659,0
59.119328881552775,1.2542279107994998,1.253802198473581,0
47.9377287032857,1.2542225196191394,1.253828056111838,1
41.05558206739472,1.2542094480568968,1.2538491606120763,1
41.11761555517553,1.254228588551185,1.2538740474120287,1
27.56101956658773,1.2542587767928628,1.2538916041440498,1
28.731872405907495,1.254274822512015,1.2539128573332852,1
38.91446206871801,1.2543093110981216,1.2539361449479773,1
39.95409122506819,1.2543052283891845,1.2539469145682387,1
49.70051300468559,1.254272695632861,1.2539633781188686,1
45.00101410631426,1.2542602752966514,1.2539847337519867,0
38.16657046227776,1.2542111622520487,1.254008880241493,1
40.08787740366026,1.2541500288047416,1.2540237457270138,1
41.988334367059245,1.254108832928739,1.2540392282758064,1
45.14743771200466,1.2540898653010033,1.254057400876565,1
44.252999323499225,1.2540921305242927,1.2540689132879392,1
62.82179607846319,1.2540879335350765,1.2540890672373532,1
70.04718049677169,1.254080662853786,1.2541102353496023,1
67.11206807412461,1.2540789033158353,1.2541211005604838,1
70.55936748626422,1.2540850775742487,1.2541281464086753,0
71.81806949525574,1.2541015421731947,1.2541345854178585,0
62.93026523276483,1.2541258076732646,1.2541380741646946,0
66.97935326575183,1.2541921513627974,1.254142788968187,0
66.95386921988728,1.2542655239029334,1.2541569013664278,0
54.540492332861206,1.2543173054308558,1.2541504117311881,0
54.0986592622207,1.2543850299912858,1.2541683219995143,1
51.53322510439848,1.254427866502774,1.2541786074445664,1
55.21743842375238,1.2544614935217577,1.2541873781132455,0
49.72481968947219,1.25448819093898,1.254201357599238,0
54.41754519370696,1.2545086482288492,1.2542111160239306,0
54.89791397875397,1.2545412566017116,1.2542363245639556,0
50.41898909323598,1.254572783048879,1.2542680442014171,0
48.57882547109977,1.2545955514844305,1.2542845220317644,0
42.986111059648145,1.254597410484414,1.254291871381837,0
37.07442358426704,1.254577694572085,1.2543100109616256,0
41.406515213687186,1.2545866289232457,1.2543384599679572,0
40.70214598389361,1.2545785334291315,1.2543622733726547,1
36.687450350882045,1.254527635267581,1.2543763672885653,1
37.72636409316017,1.2544683912567665,1.2543685328360212,1
36.66951282327227,1.2544107969024936,1.254350153985776,1
40.19242016817678,1.2543376933080552,1.254332983277917,1
46.947279910143806,1.2543154351258714,1.2543131953584084,0
50.245771139281224,1.254284800158548,1.2542934985400982,0
58.58691615947049,1.2542852369509048,1.2542947095477182,0
47.76877059967366,1.2542912725914497,1.2542918796170057,0
39.79126198519607,1.254259068290475,1.2542941938409076,1
39.666829736932144,1.254226499617422,1.254275988865913,1
48.357174856593076,1.2541986228324284,1.2542547229409045,0
56.87933861621685,1.2542164179759323,1.254254319914658,0
52.61652332572394,1.25422252845114,1.254249744730061,0
49.78080301739821,1.25419414998202,1.254240983666736,0
48.68941797960761,1.2541344393755147,1.254230655631823,0
46.66749346486697,1.2540609843986723,1.2542199079435776,1
48.127747815753516,1.2540201309241081,1.2542161445287214,0
49.39863150275997,1.253994744089087,1.2542164731767864,1
41.54821795377332,1.2539621309608164,1.2542198016351385,0
37.58264463592485,1.2538964590214872,1.2542109279764435,1
36.85016968070962,1.2538774759346065,1.2542036332231594,0
38.56502162587495,1.2538709789689677,1.2541948330679344,0
45.58403970450916,1.253869220551414,1.2541887639531972,0
44.469064863035904,1.253843536938302,1.2541662879345774,1
38.58050677554448,1.253773697326187,1.2541382093880638,1
30.532787807005178,1.2537086453867967,1.2541169451729206,1
34.87606815004571,1.2536155963490008,1.2540974149158228,0
37.383302063342406,1.2535474836734686,1.254074926965992,0
45.041384959613325,1.2535182672208347,1.2540646485195246,0
48.42457383239614,1.2534888644524753,1.2540363612328724,0
45.28179581747422,1.2534408073027923,1.253998780720507,0
44.573291548012556,1.253361846591363,1.253967497224869,0
45.98833606685182,1.253301959897978,1.2539364976595526,0
55.298230356296706,1.2532520985594553,1.2539012062212402,0
34.67626495759603,1.253200296028776,1.2538604509740277,0
31.050966195303587,1.2531577971506729,1.2538061662587277,1
19.901110731661078,1.253060214599793,1.2537340208074652,1
30.595604600328514,1.252973787081483,1.2536790658370374,0
37.278639902698515,1.2529027043380747,1.253626871373854,0
40.73457913562711,1.2528737841933648,1.25358929505268,0
40.613221211083115,1.25281979850467,1.2535469552163243,0
32.61235017764302,1.2527352146040343,1.2534936425339565,0
27.269734854961897,1.2526213239147244,1.2534338342275475,1
31.014824996531047,1.25253797667412,1.2533649759635408,1
30.641920427288525,1.252460754053704,1.2532933977899936,0
29.372418042456957,1.252373873988474,1.253228274174538,1
30.196331734901364,1.2522877708432043,1.2531735590593391,1
29.832853919883235,1.2521989793253212,1.2531234408672867,0
34.252863371233246,1.2521031579558195,1.253071260132554,0
36.619133334288094,1.252016592504213,1.253011584862905,0
53.27120825511914,1.2519447513841295,1.2529656271671263,0
45.83290857637785,1.251862685034738,1.252925214736058,0
33.703013532086885,1.2517512898001433,1.2528726948186124,0
24.232142556052167,1.251624068806868,1.2528157564207654,0
20.58496491734978,1.2515142406456332,1.2527399731819324,1
36.850622780579336,1.2514478192246716,1.2526713738851774,0
42.37524205340139,1.2514221832544685,1.252588799328891,0
39.685722246018365,1.251377706476235,1.2525136393909517,1
32.18788672056354,1.251294263960856,1.2524409496420066,1
39.502358453457035,1.2512097109680207,1.2523825795929193,0
33.875263332662044,1.2511071651411614,1.2523103721398174,0
33.39355104462284,1.2510428054390683,1.2522241975192108,0
42.45434082436471,1.2510254874215403,1.2521550178157075,0
48.17655698818331,1.2510145179522925,1.25209312315165,0
35.86414413792728,1.250970454838267,1.2520278039750945,0
31.813902541913393,1.2508973895191677,1.251962836222736,0
35.624171766060144,1.2508161936666986,1.2518919841563754,0
34.19971180836248,1.2507120474179387,1.2518103621988272,1
39.01931630629155,1.2506177894033965,1.2517335235095863,1
33.42038650460762,1.2505363193309154,1.2516675289866763,1
34.60394483160695,1.250439515347478,1.251590442932275,1
32.96976001278719,1.250337551543007,1.2515118437656736,1
46.690530437879275,1.2502932064290957,1.2514422891696853,1
54.778700700687104,1.2503166521053868,1.2514050024875993,0
56.32921124960757,1.250341406692014,1.2513670569282633,0
57.89609331090697,1.250354138098655,1.2513295709699204,0
53.06699597113667,1.250369490937008,1.2512903571640939,0
49.876287546680246,1.2503834628193478,1.2512480310493033,0
53.48300357751691,1.2504052451367875,1.2511957408083878,0
57.02518938401038,1.250391940593468,1.2511438100493164,0
51.667084745695945,1.2503695698418875,1.2510818771554557,0
59.426994898832255,1.2503566737659704,1.2510221283890537,0
53.96385923942977,1.2503062654706196,1.2509567400447643,0
43.118454865010776,1.2501979883625034,1.250871479072869,1
44.314088711832994,1.2501285958774218,1.250799123914553,0
46.66184912816058,1.2500916697676918,1.2507363852695434,0
44.93728490712458,1.2500811866935149,1.250700372993864,0
30.978957746931997,1.2501004296071379,1.250661019209089,0
27.58514883025694,1.2500798034753413,1.2506043631644927,0
20.79664711967365,1.2500166192129267,1.2505246629945013,1
19.11051365238123,1.2499368637374373,1.250437269025382,1
18.606421653346402,1.2498586532111382,1.2503612192085152,1
25.228133231700554,1.2497654546177293,1.250299941450887,1
27.34378739060041,1.249618764939789,1.2502373177938668,0
36.17307082020688,1.2494985332800783,1.2501821686188128,0
30.812085772430436,1.2493468675303938,1.2501187683866883,1
36.63782293252987,1.2492114479375602,1.250059828001836,1
47.98747900134122,1.2490944058877482,1.2500062016742741,0
39.3723430442992,1.2489551837269608,1.249936551116844,1
44.741773622542084,1.2488610792776935,1.2498816047587085,0
39.7766679498772,1.2487900207424487,1.2498199848987832,1
39.856838017245295,1.2487187064089387,1.2497645369387336,1
41.69111073832901,1.2486409383667567,1.2497125994714096,1
55.179349415429776,1.2486353763003697,1.2496760020702697,1
53.17910904876996,1.2485992691265342,1.2496331353069134,1
58.69797934271274,1.2485794626552764,1.2495890426417855,1
58.309260807862195,1.2485497913469266,1.2495514162308472,1
54.26583682408532,1.248494876958788,1.2495078874021102,1
56.898786111204295,1.248504835774409,1.2494885918899141,1
63.137856597483534,1.2485608997708852,1.2494651385156468,1
62.281433268384056,1.2486426915567925,1.2494514795916345,0
53.64986364831523,1.2487075642604721,1.2494271227370766,1
68.11151695149704,1.2487944739271617,1.2494075360531358,0
59.2519549083844,1.2488585942097508,1.2493749482968501,1
61.76549030964791,1.2489206964204742,1.2493622652516956,0
56.899316716560364,1.2489889598784791,1.249355396530413,1
57.8020156740505,1.2490275484276752,1.2493443699062268,1
56.43361719175052,1.249067415471195,1.2493483488955766,1
63.96823453210382,1.2491643389915097,1.2493551709520894,1
56.674250275836194,1.2492126664813101,1.2493521436188666,1
57.42877612014617,1.2492796849299466,1.2493560527317706,0
63.865817791193535,1.2493589553974735,1.2493730984805205,0
54.827068421971376,1.2494368355339394,1.249370051113347,0
58.70781827860654,1.2495208115196215,1.2493576658359635,0
51.977715674908104,1.2495996761374024,1.2493364430850689,0
54.94045953502299,1.2496512436933247,1.2493078848796535,0
49.73598130177984,1.2496964188794095,1.2492821874078077,1
51.071590691975636,1.249743841392038,1.2492520388311863,1
48.21883438708312,1.249759049646368,1.2492301136937463,1
53.13365078063605,1.249774437945712,1.2492181374565445,1
55.066656114970606,1.2497740625485982,1.2492132766743187,1
55.23241554009841,1.2498179141942143,1.2492116189083742,1
49.957379137961446,1.2498177905439563,1.24921214608247,1
57.41310305467628,1.2498449637665128,1.249233738458454,1
57.650739206988085,1.2498744258944539,1.2492605972585085,1
56.56134237352751,1.2499373682268202,1.2492936759140643,0
65.53365336954982,1.2500266596304175,1.2493225590809878,0
51.46307405241558,1.25007960690948,1.2493400198165134,0
63.50984735741232,1.2501231367826109,1.2493725042749972,0
61.631036498844836,1.2501740173040972,1.2494151028553346,0
51.27004124907588,1.2501804250271809,1.249453477247668,0
55.92169999973585,1.2501658934776927,1.2494959945871422,0
49.203205215100105,1.2501519969307626,1.2495246680385603,0
52.04960512764595,1.2501229419130113,1.2495593366252526,0
56.726543325376774,1.250136482445231,1.24959162275113,0
44.21390893236685,1.2501260648480792,1.2496195638067276,0
42.02371692693015,1.2500911440232194,1.2496340658420715,0
36.41843246774528,1.250044876425173,1.2496322270461562,1
29.321871447211038,1.2499849989847625,1.2496420397968668,0
27.39018208622413,1.2499291272226556,1.2496453566345294,0
21.971849544772013,1.2498722244941955,1.2496461581750176,0
23.071898144810376,1.2497886711198745,1.2496396047927485,0
28.040890590092204,1.2497337508044384,1.249649271057543,0
25.063166881224703,1.249631327415003,1.2496321189043071,1
34.399909147733254,1.2495305616786432,1.249633114279352,0
33.225830569109505,1.2494047712131358,1.2496237993372081,0
35.33750059868612,1.2492627696212861,1.2496077503907317,1
29.86273360401215,1.249132456550146,1.2495950516530567,0
33.6464128874826,1.2490211880454143,1.2495790451833992,0
35.41732700809257,1.2489033493284198,1.2495520826783484,0
37.92969326863809,1.2488097618891887,1.2495203053806265,0
45.90182454639526,1.248727394562809,1.249503926708077,0
41.58398244408507,1.2486318213322167,1.2494596070005821,0
36.4664101611909,1.2485042117808762,1.2494175836537027,0
36.739869414011274,1.2483585559157633,1.2493667665492456,0
35.89476272826505,1.2482319840033356,1.2493167734566704,1
26.801020559838022,1.2481056812374964,1.249265318966,1
31.827525446352567,1.248000184383959,1.249205334611262,0
27.753273591262285,1.2479154995776,1.249142504031303,1
28.3350281122797,1.2478158805266255,1.2490866422526556,1
35.800835127628616,1.247740969645815,1.2490306720613649,0
34.2878468800654,1.2476584416468,1.2489593992924792,0
20.947584989180257,1.247528154785913,1.2488857987583324,0
36.4060744907769,1.2474770507059687,1.2488146145788461,0
34.375676434312496,1.2473904825520006,1.2487494368451912,0
28.220146100325834,1.2472895959647976,1.2486791402457973,0
27.943483010928645,1.247157615193327,1.2485922289162987,1
35.738083242773655,1.247055597904259,1.2485197542579451,1
35.22472558523589,1.246918311831873,1.2484427500576012,1
36.96924773279768,1.2467993354805809,1.248362041692296,1
38.96974966637623,1.246677164550848,1.2482815461815264,1
44.86294961493449,1.2465640483141065,1.248202380356034,1
41.30430113617076,1.2464777355835523,1.248123585016421,1
51.893436145629295,1.2464524637993892,1.2480605836668532,1
48.49713174987882,1.2464324663479467,1.2479899827306427,1
56.1644031305474,1.2464489192770707,1.2479213938767704,1
64.28860334842562,1.246495694076122,1.2478529327442818,0
57.88670889267735,1.2465483290791692,1.2477928234791376,0
58.25729743245849,1.24657783275351,1.2477243824196627,1
67.22396665504694,1.2466199574333259,1.247665018304347,1
82.37031779816485,1.2466514580996035,1.2476190852903342,1
74.43069819909086,1.2466909049189183,1.2475694038689695,1
78.06548859093107,1.2467568720225857,1.2475277487950616,1
83.20059419180828,1.2468099561340222,1.2474894202672504,1
87.54847300546201,1.2469141084058735,1.2474604872294481,1
87.36979804687543,1.2470587773225539,1.247452225235587,1
90.48933554852755,1.247270915097212,1.247464137345896,1
83.18781181087515,1.24745116459949,1.2474822695276717,1
84.02509603701684,1.247650950078032,1.2475091304949093,1
84.40672829985581,1.2478805760569351,1.247542621226008,0
76.9215594945198,1.2480963680867734,1.2475712036185576,1
74.09692486836408,1.2482841255056134,1.2476005621103292,1
80.70367911881533,1.2485078284922315,1.247633216091538,1
74.63712315414526,1.2486694174969988,1.2476758196996516,1
67.03306149309647,1.2488033610232026,1.2476991024684665,1
72.63957911392737,1.2489460891670805,1.2477379210583481,1
74.31411366935177,1.249096196210053,1.2477863033797885,1
73.0308797697249,1.249255092303928,1.2478418777806504,1
68.81732378388733,1.249424114633285,1.2478855530548107,1
64.64283771869268,1.249578698246848,1.2479351578717184,1
59.99947722201336,1.2497290250616282,1.2479867905593098,1
67.77936472091875,1.2499197131137487,1.2480463312893455,1
66.5879893466969,1.2501117664590893,1.2481197268458106,0
68.66890753554537,1.2503213713345724,1.248216284088729,0
68.65373071778671,1.2504753495417895,1.248307204679859,0
71.13536841856902,1.2506129519529467,1.2484046124154318,0
64.47513497304897,1.2507086371817429,1.2485053197235942,1
63.85922863791125,1.2507957489991877,1.248600495373763,1
71.11991248875097,1.2508668301120107,1.2486896627086734,1
67.68611071310315,1.2509206452552184,1.2487845271174451,1
65.17871939337809,1.2510011105597998,1.2488752599841515,1
71.00678604428546,1.251131442507915,1.2489897624547752,1
72.55328775983435,1.2512379108506142,1.2491171185174186,1
78.05387672969331,1.251384280805842,1.2492387117396009,1
77.63554786121341,1.2515570367174556,1.2493657241346485,1
77.83424418556402,1.251732694010365,1.249515160276575,1
81.36898677310353,1.251931025032014,1.2496956673152633,0
78.81793221325397,1.252131244471744,1.2498721364076444,0
78.18418294303584,1.252313640327388,1.2500436844530167,1
74.88498566514437,1.2524939373966002,1.250212998638126,1
77.69315627068238,1.2526742494426772,1.2503856245160414,1
85.66913759135113,1.2528335053939856,1.250554114121297,1
87.5361987261315,1.253001427416102,1.2507292035788304,1
87.5804291553549,1.253137322039471,1.2508902273847617,1
87.04170588168296,1.2532902122823182,1.2510503030536073,1
78.99030204924638,1.2534314973056204,1.2511976436268517,1
78.86283733240975,1.2535873374434203,1.2513419770705136,1
80.22085191944788,1.253798474951521,1.251500553722704,1
81.79932078340383,1.254031697400507,1.2516712085674724,0
79.88045853781357,1.2542671606018454,1.251843408384853,0
76.97304637217991,1.2545121846855167,1.2520195506185166,0
72.58107858367538,1.25470945301926,1.2521971816949118,0
76.56450870649863,1.2548884169712702,1.2523697364968924,0
74.86597221481634,1.2550316779907758,1.2525274004823024,0
73.00608121887538,1.255171336502972,1.252668615373488,1
68.11460347206196,1.2552714967980507,1.2528002480667737,1
69.86051886051598,1.2553492993140882,1.2529270210020136,1
64.82114265371914,1.2554081508103327,1.2530549308919816,1
59.66369655461079,1.2554705622039823,1.253171529303397,1
69.82615749308124,1.2555798990215927,1.253292727823989,1
66.0309727805075,1.2556754252951503,1.2534172473993923,1
60.133172022496794,1.2557652550586136,1.2535465659424971,1
57.677245200115976,1.2558504463040108,1.253666250703542,1
48.70115047053856,1.2559055555576033,1.2537846826090036,1
49.75403448691441,1.2559838150236033,1.2539224846537675,1
54.65722393769131,1.2560860586486196,1.2540536314194672,1
63.33611786475365,1.2562101365680483,1.2541875532137117,0
63.71753241303864,1.2562864796678292,1.2543131086682644,0
64.74647373837922,1.2563454803152339,1.254439754840252,0
67.3865728905667,1.256395148929537,1.2545699886579285,0
64.28577192679089,1.2564303916516648,1.2547000972545315,0
58.50900839367127,1.2564452018615015,1.2548073771940131,0
63.5550514012944,1.2564716793745108,1.254913701663061,0
46.91076651444941,1.2564853613874616,1.2549929965034579,0
51.09492398657964,1.2565081560083085,1.2550817379600954,0
41.05846912159489,1.2564987985260667,1.2551545866960216,0
33.157319726724495,1.256431817238043,1.2552162930245339,1
40.45082447453676,1.256389200547159,1.2552923115111703,1
32.45986295874563,1.2563514106653653,1.2553653615247387,1
26.36735538185188,1.2562584285005867,1.2554278411221362,1
24.59264586378795,1.2561978722944702,1.2554959520932605,1
28.137261471754925,1.2561405910205852,1.2555502253475652,1
32.5941581156314,1.2560912255160654,1.2556075765697228,1
31.95260775852124,1.2560601491157664,1.2556550299329732,1
42.91243452101445,1.2560562724135427,1.2557221789322022,0
45.49428245242805,1.2560289943901184,1.2557721515713687,1
51.139583508074736,1.256005212268394,1.2558172281082636,0
55.98450874867597,1.255993082117921,1.2558578437267351,0
49.08218907623448,1.2559478986742187,1.2558934581789842,0
58.2582449651999,1.2559110722095086,1.255936842583092,0
67.91064719799678,1.2558752016850987,1.2559804781515,0
60.25919745747699,1.2558469451299086,1.2560127530883824,0
58.535874935041804,1.2557992253396224,1.256032820832469,0
63.16109396019639,1.2557779247619723,1.2560492375924586,0
60.15065316728087,1.255756460142336,1.2560682371041028,0
48.0910308773558,1.255728570649009,1.256073416033377,1
48.78212615565805,1.255755369783371,1.256083505960514,1
47.63154437371334,1.2557574490370367,1.2560759011453764,1
31.412581683257073,1.255744754115297,1.2560505842106549,1
37.88652285267403,1.255768365325464,1.2560283230115838,1
28.104470473915597,1.2557676121192496,1.2559981230667536,1
35.33321100866624,1.2557835897518772,1.2559798800406121,1
43.14564343764088,1.2557913941918728,1.2559687674579636,0
40.55596314998598,1.2558023007525319,1.2559632790376756,0
38.17593801346902,1.2557598493677598,1.2559575840781172,0
45.24673209490328,1.255737881904475,1.2559587056139383,0
47.698617304925655,1.2556752451153772,1.2559476064287793,1
43.83495808735802,1.2555977097951456,1.2559336673206603,1
45.228484558152466,1.2555628438498068,1.255930370837314,1
58.13054415484848,1.255516157743525,1.255911346071865,1
52.14903368511471,1.2554641714911472,1.2558959766298987,1
62.22921929156286,1.2554525159480872,1.255887657444172,1
73.86004197797891,1.2554560890956319,1.2558750779491177,1
69.52975726615514,1.2554604106667833,1.2558711796361304,1
63.02994574020095,1.2554468488239308,1.2558534506242336,1
57.632962155260145,1.2554879264760743,1.255834163164359,1
56.927812762148754,1.2555157665024463,1.2558057579342734,1
63.21283731613632,1.2555698892753362,1.255789264988379,0
59.13633445767672,1.2556381686305922,1.2557676595367981,1
52.034679454300274,1.2556801095213534,1.2557423072483105,0
60.57522190033531,1.2557374191130888,1.2557209340513231,0
70.24376505775432,1.255776582327233,1.2557124322269047,0
57.9695870005328,1.2557904230057493,1.255696264910459,1
66.05656133066996,1.2558289109621812,1.2557006988675636,0
54.11559991365125,1.2558382742843435,1.2556896313885313,1
52.59291331026914,1.2558533206328262,1.2557005144566422,1
46.73653999825064,1.2558523226108997,1.255715808577922,1
54.897783599382834,1.255902906806846,1.255739149824535,0
50.953443413143546,1.2559129052240712,1.2557549686607965,1
53.50397912640039,1.2559473320191217,1.255786907479279,0
51.987733193705566,1.2559795885032747,1.2558086631134204,0
47.22136040184085,1.2559844191401286,1.2558251886919891,0
50.15021458126459,1.2559948879171805,1.2558365429095637,0
54.38746857083375,1.2560169801479648,1.2558539120490098,0
47.806698673869334,1.2560333268484563,1.255844272398199,1
43.951330305244305,1.2560261933149277,1.2558330427342828,1
49.695225862871176,1.2560247060837573,1.2558135554604186,1
38.68382905502059,1.255974091736086,1.2557816688356451,1
42.11780910332034,1.2559233901668343,1.2557578561338443,1
50.93108373399261,1.2559385818549285,1.2557533111064783,1
51.973260534271475,1.255920612236174,1.2557390982717531,1
49.40121702858525,1.2559195151324054,1.2557414602279033,1
53.09525260495401,1.2559244519683053,1.2557463555619324,1
50.61798350193985,1.2559143613441708,1.255755273500443,1
53.477304454060466,1.25594860325088,1.2557664886319488,1
58.817305171500315,1.2559893510681392,1.2558048266242943,1
57.3815764593483,1.2560501569381755,1.2558337234398436,1
61.27168971688801,1.2561129419287522,1.2558813469812211,0
62.59400835740123,1.2561937115527986,1.255934551635797,0
66.87022049467897,1.2562571914135743,1.2559824379145228,0
65.8852887142227,1.2563268358643374,1.2560323526114556,1
68.84248506241804,1.2563822275631684,1.2560646438165057,1
70.45566122388217,1.2564287360393238,1.256091479648544,1
61.80298992000671,1.2564663832331788,1.2561195450412688,1
65.36522545967182,1.2565129235894479,1.2561455020868744,1
69.60396220076409,1.2566208671525188,1.2561862368335002,1
67.97502126858343,1.2567007540402346,1.2562237590303615,1
69.84412298614629,1.2568350468472855,1.256276603656501,0
70.36753497796907,1.2569965015845332,1.2563313192277348,0
67.11783193088426,1.2571004263965144,1.256387018567674,0
63.148864536392495,1.257206260796357,1.2564359339938371,0
51.00955324612537,1.2572759757365009,1.2564708441432688,0
51.37478320693214,1.2573469606861103,1.2565027041981238,0
42.419695512877425,1.2573746814437283,1.256520981811221,1
37.802290189953474,1.2573711568849375,1.2565362118563517,1
36.72762705270073,1.2573184191557587,1.2565370236961682,1
43.70854560022904,1.2572948147004381,1.2565453427190403,1
45.525254883415265,1.2572453603901628,1.256551535427152,1
49.83288726953273,1.257221838183268,1.2565680194568671,1
42.485930433820535,1.2572050006343027,1.2565923943597026,1
46.2634788173357,1.2571866851301126,1.2566120590182652,1
47.49546593325322,1.2572170799346403,1.2566408428594686,1
41.33361015820063,1.2572413437293544,1.2566718479379861,1
41.898072624256166,1.2572645741898942,1.2566938103323537,1
48.54698836167548,1.2573100451717076,1.25673421044182,1
46.406182153275424,1.2572845577507614,1.256758731680674,1
58.978638509410324,1.257333317721145,1.2568161570744598,1
66.94753567851036,1.257360366307818,1.25685958745689,1
72.69424449512485,1.257373932688074,1.2569157302133358,1
84.26164112161393,1.257411492411453,1.2569726827246066,0
83.69285785931166,1.257482661106019,1.2570371630349348,0
82.85375687851322,1.2575690435457543,1.2571046939055193,0
81.79528385900969,1.2576676546811378,1.2571718109037064,1
70.1820099798573,1.257771529995424,1.2572228017502047,1
66.4850829958472,1.2578838126072491,1.2572764061598687,1
63.606474525191054,1.2580337929108587,1.2573400635345404,1
68.695983337607,1.2581667975965618,1.2574021793241623,1
71.62542057431861,1.2583112121218472,1.2574863835814565,1
68.98456632209326,1.2584385339891815,1.2575740769858061,1
68.57285405730609,1.2585285516109577,1.2576283822621144,1
61.70269623224294,1.2586353785012903,1.2576979655243117,1
66.73038590895348,1.2587417875053122,1.2577697518086313,1
68.9236188626247,1.258876694626899,1.2578527450014234,1
64.078822699978,1.259006496690111,1.25793066447073,1
64.52399118889187,1.259141949321548,1.2580115488700871,1
73.1820962046674,1.2593671897345047,1.2581098671472204,0
73.15362682643415,1.2595361826608935,1.2582105673635469,0
74.16645629057108,1.2596798131446054,1.2582863359432312,0
73.99930090259629,1.2598096715649099,1.2583621142181804,1
74.20479652850237,1.2599276314339363,1.2584408587327516,1
65.4994869006828,1.2599979536980364,1.2585056101684144,1
62.901222045300266,1.260070760372464,1.2585801070292375,1
64.42757833390041,1.2601483022398738,1.2586596373839265,1
74.45085692427749,1.2602832954763095,1.2587495666474569,1
74.89836569786627,1.2604535932697316,1.2588526740319823,1
73.88101446923199,1.2606304948572364,1.2589439146164276,0
61.90314123530335,1.2607580759881378,1.2590251081033237,0
64.71868995320565,1.260880022945383,1.2591043740206955,0
63.96107555813898,1.2610176020368629,1.2591825171667381,0
54.85205241384109,1.261186228995486,1.259262703301703,0
47.782497003760945,1.2613021468483268,1.2593363199450995,0
49.65838015257749,1.2613762341046522,1.2594098551558917,0
47.63052506336873,1.261411272503891,1.2594784697285357,0
39.382824357152266,1.2614113054785372,1.2595453140846535,1
43.8885107224914,1.2613915396799729,1.2596197019881015,1
40.84750809260015,1.26129182996734,1.2596992314718527,1
48.71253363105704,1.261239570884365,1.2597884698371178,0
43.10419848494651,1.2612089432781688,1.2598717690984338,0
43.040706472503686,1.2612138782586215,1.2599589302483218,0
35.826320113506625,1.2611773022932047,1.2600297793963122,0
39.848320428283756,1.2611610596911285,1.2600953599928206,0
36.23624294225134,1.2611434453933357,1.2601506532127156,1
30.645357637518032,1.2611014695308063,1.2602036877045073,1
28.46849569432557,1.2610224711539029,1.2602527254330602,1
31.89201040734288,1.2609145558744725,1.260294478313088,1
33.330787843699724,1.2607858510858745,1.2603444319504729,1
46.093869048889744,1.260733150144416,1.2603850410726318,1
56.29870551500177,1.2606701691903202,1.260428295173696,1
58.12340868931144,1.260602900532672,1.2604741043045773,1
64.2159457383396,1.260540992958545,1.2605145035205396,1
56.479916632656284,1.2605234258469586,1.2605526258414754,1
57.00591174085564,1.2605189886520374,1.260589833198405,1
48.04076535393758,1.2605305558009732,1.2606236301764702,1
60.32456544253861,1.260583377048928,1.260670052906055,1
70.75087978758506,1.2606581409969784,1.2607294333439933,1
74.29585721853189,1.260769299829535,1.2607934342393232,0
80.62351942444216,1.2608262778254438,1.2608522619286706,0
86.60287581310214,1.2609009837868483,1.260907677764434,1
86.84705903306147,1.260947534770658,1.2609625305609127,1
89.45404475563811,1.2610244047910593,1.261028120668353,1
80.03432564737204,1.2611023333671543,1.2610821419391665,0
76.57063499879136,1.261174991505827,1.2611239348129215,0
79.36278328111237,1.2612902126320082,1.261169094906551,0
78.00508998388693,1.261415163772832,1.2612161922661487,0
76.34380482313969,1.261546795819026,1.2612564169120795,0
62.775328702755736,1.2616554471214037,1.2612597349052324,0
62.86795072100886,1.2617231791447836,1.2612598396661878,0
60.10900720258322,1.2617791921069126,1.261268046758619,0
47.168098125344166,1.2618104463731077,1.2612744142278565,0
37.92081917419834,1.2618319036613783,1.2612762124115164,0
36.82041475840674,1.261833651484832,1.2612869049561937,0
29.34008820471668,1.26183848089866,1.2612969214088834,1
31.830985540328754,1.2618516768632149,1.2613049800258065,1
26.91815622601125,1.2618436364305725,1.2612941892877603,1
27.225593327408248,1.2618061673835412,1.261270462989517,1
28.85717826404023,1.2617488451466667,1.2612407743550953,1
27.078268532254498,1.2617184765016698,1.2612364221340833,1
28.9239367248057,1.2616784289220413,1.2612270401550973,1
24.822815643498174,1.26162954188529,1.2612073065002833,1
35.87658894162695,1.2615875622826918,1.261188653983235,1
52.25567497510069,1.2615868619912756,1.261196027996346,1
59.27171277252321,1.2616069554009142,1.2612162233314264,1
68.48360679292297,1.2616120221122467,1.2612493947498933,1
71.10769915097934,1.2616290813458222,1.2613033026130627,1
78.72457015552223,1.2616708602682327,1.2613681451473833,1
80.7508293728146,1.261760426893785,1.2614471736758106,0
81.5376881399108,1.2618665916980791,1.2615106479916736,0
90.39032607928337,1.2619975881311172,1.2615835046997983,0
85.10386441706498,1.2621237643838545,1.2616383686779498,0
75.27500092826655,1.2622210549060031,1.2616937134566357,0
73.18083796751519,1.2623294430351826,1.2617542582938155,0
72.75851035387734,1.2624376193178213,1.2618145909786775,0
73.47966175917941,1.2625331892725948,1.2618776679225219,0
74.4071383142718,1.2626624911116018,1.26195019727084,0
59.6904869208026,1.2627640354006422,1.262010254799985,0
53.9561503253546,1.2628539867934294,1.2620680286381174,0
49.655941748399776,1.2629123507810458,1.2621081023887353,0
40.49680067887575,1.2629348776679776,1.2621329235461605,1
40.74436371766456,1.2629982269231341,1.2621654370564683,0
31.713147607885986,1.2630282940100968,1.2621835744038559,1
27.370015764635255,1.2630149104664212,1.262192621844131,1
26.46560406015317,1.2630013580381052,1.2622091710858534,1
32.502888303126795,1.2629896687527853,1.262233039930618,1
33.555902249741706,1.2629432576357353,1.2622472548477857,1
36.29318925839128,1.262882484508142,1.2622578825518485,1
37.37904042966997,1.2628068111487472,1.2622621782034955,1
48.66167754856434,1.262764581508721,1.2622859694649844,0
47.14893765542768,1.262709741502457,1.2623070077860419,0
53.59035213591913,1.2626727360267624,1.2623284491803914,0
52.2559077468971,1.2626479790778542,1.2623431431713537,1
51.22822450656595,1.262606147864235,1.2623557840926476,1
54.580544967217556,1.2625473774563418,1.2623635453588835,1
54.1241763948533,1.262524881086888,1.2623715353044738,1
60.93715538403432,1.262487073966217,1.262378961348194,1
66.25404205439636,1.262495273514634,1.2623896458782282,1
68.03713224737227,1.2625422976012863,1.2624227688300707,0
54.326184309203356,1.2625538188986605,1.2624403582902861,1
63.18688257802873,1.2626205476863022,1.262469465777916,0
61.378553577265826,1.2626600272891215,1.2625052694228736,1
61.814328345195094,1.2627334844275417,1.2625442067103212,1
49.50506969885729,1.262802380137416,1.2625801133051646,1
44.586556218021116,1.2628397842800854,1.2626096924384236,1
47.34674916797448,1.2628742174979117,1.2626420561844969,1
59.542435950409605,1.262974821654291,1.262699728937273,1
65.65963259862976,1.2630815302322245,1.2627680276913218,0
72.4800185486676,1.2632067563254785,1.2628453426750201,0
68.55111261956654,1.2632841516831397,1.2629122395375725,0
65.50963317797405,1.2633425082308878,1.2629726395095804,0
60.440525240129496,1.2633887335749496,1.2630321258562551,0
53.517180743165405,1.2634419280770168,1.2630848894890838,0
54.81132203549083,1.2634703118758672,1.2631091640464844,0
46.72591532563002,1.2635005990824084,1.2631210028314812,0
44.40781861044091,1.2634943054562433,1.2631244486420725,0
41.809539660083104,1.2634843501492592,1.2631210688695689,0
45.45350101906743,1.263466182071316,1.2631077745994614,0
50.27535372662372,1.2634261842596874,1.2630890717764316,0
47.94314147947097,1.2634305910121573,1.2630659580159174,0
30.93424861071435,1.2633997571989057,1.2630303334050317,0
17.794102937749983,1.2633307007291472,1.2629880439609906,1
5.367698869397216,1.2632425118285302,1.2629527894793322,1
4.948885277369172,1.2631516195502752,1.2629089839112015,1
9.743179851770265,1.263083850571841,1.2628681849400314,1
18.724971209321183,1.2630240287671128,1.2628383919823039,1
26.914554306924302,1.2629367818380772,1.262809445227863,0
39.02860957932329,1.262844843280658,1.262800350843328,0
41.733151578696955,1.2627263723174535,1.2627942968846297,0
41.92278409436599,1.2626016609390738,1.2627879636007835,0
39.281992241350075,1.2624741913887745,1.2627883649978993,0
32.85143981078079,1.2623330012097125,1.2627660355708865,0
36.66241657588199,1.2622198377057152,1.262761506967331,0
36.14137170203035,1.2621422755149951,1.2627601100659138,0
34.125332895341586,1.2620548654510035,1.2627424057966405,0
37.73230888090001,1.2619624364640432,1.2627135557265756,0
36.739593115599206,1.2618569340131702,1.2626865394205429,0
40.534413463507384,1.261749749735967,1.2626546806905918,0
43.86352628765938,1.261655887202124,1.262628702197782,0
37.34405515717898,1.2615557258000845,1.2625824157324628,0
24.900807940398536,1.2614239913159715,1.2625160333304373,0
19.257636206464852,1.2613258545121036,1.2624492913551273,0
19.218244509065713,1.2612356543493297,1.2623878595879223,0
19.75598160062448,1.2611596043851268,1.2623303665195584,1
19.983069131031385,1.2610628807830646,1.2622743862707206,1
25.131017538000563,1.260953057751287,1.2622096626480634,0
16.780727866865547,1.2608267177391168,1.2621453027370229,1
17.089416076088554,1.2606855762194873,1.2620764719252693,1
24.66928685972482,1.260554760117689,1.2619992818911907,1
26.084432571977345,1.2604257050410024,1.2619367180577203,1
27.60259634436389,1.2603016001842087,1.2618607859970619,1
39.87785193415813,1.2602321011588167,1.2617948651187647,1
35.730705070423795,1.260154405736675,1.2617298754909845,1
44.08350092985443,1.2600956497950138,1.261677417928953,1
68.67909361963,1.26008366200193,1.2616399568853784,0
72.79346770562005,1.2600972558298538,1.2616027710593525,1
77.41092235830916,1.2601448090557894,1.2615545343811423,1
66.11695423069997,1.2601616712752732,1.2614867371078113,1
71.5725540208379,1.2601622077773023,1.2614108827785118,1
69.39222134030666,1.260165869966007,1.2613351030456095,1
74.11735625143277,1.260243856624941,1.2612765726880588,1
76.39698844823566,1.2603429746856185,1.2612309877993948,0
71.38780076738063,1.2604331124949895,1.2611843333551114,1
74.97915903643596,1.2605345559191568,1.2611560641368742,0
78.61132053828825,1.2606510285687882,1.2611345580652724,0
76.68592874889349,1.2607719930644368,1.261120737691341,0
68.18140224704345,1.2608724239948028,1.2611005322752404,0
66.73521681367708,1.2609801375235061,1.2610820541061454,0
60.68744979075393,1.2610757361476466,1.2610591026463742,0
59.626642435636064,1.261184802174879,1.261038402522809,0
50.47027197591815,1.261289352336323,1.2610166240520286,0
56.887732834987034,1.261356754915487,1.2610052867933004,0
61.64612833321248,1.2614357974745316,1.2610071897493849,0
56.09832406646211,1.261479308574262,1.2610084935385475,0
41.75312507661211,1.2614811371680903,1.2609988715238782,0
34.79798666559158,1.2614720417102832,1.2609819762366206,0
34.201583174324156,1.26143078365677,1.2609521351086195,0
27.928158493714847,1.2614026696500087,1.2609098676555517,1
27.40653150692856,1.2613726807929644,1.2608694061687162,0
19.771720857585194,1.2613177004924996,1.26082151886698,1
19.79750717849062,1.261211937300194,1.2607716710526264,1
31.699584845863598,1.2611274340524998,1.2607487609365098,1
35.01807734628365,1.2610635487238686,1.2607218177623727,1
31.339695730964053,1.2609784956085428,1.2606905521742933,1
35.70060306752083,1.260898173994218,1.2606718814825584,1
40.57329393471693,1.2608199778329943,1.2606637542389214,0
39.64940941805887,1.2607798694532257,1.2606697064512626,0
43.087636079013045,1.2607305428521154,1.2606743713526047,0
52.2499923563407,1.2607040040369257,1.260678349380295,0
44.045267613667704,1.2606335697910054,1.2606695401191772,0
43.07867200518817,1.2605568773278266,1.260669778456771,0
46.96217602177835,1.2604943519905594,1.2606726857846828,0
47.918979020233806,1.2604158450489469,1.2606792660292319,0
50.31761982771657,1.2603400039897976,1.260680653380416,1
56.043290355756085,1.260287561816153,1.2606887439371135,1
43.100614110434066,1.26022430660173,1.2606904757767976,0
39.0890367931953,1.2601704163670195,1.2606896145597806,0
48.46313112364142,1.260152624216131,1.260696686854209,0
50.92783209532437,1.260150026313904,1.260707512647202,0
43.5734227385915,1.2601570295974855,1.2607140486895732,0
34.06993314033174,1.2601630995401256,1.2607162707949933,1
33.194044524998105,1.260122585652287,1.260704954733898,1
26.633801030753844,1.2600728805826196,1.2606892077007503,0
30.86279934445426,1.2600248612080327,1.2606622367395008,1
42.89180061089363,1.2599885939766513,1.260633854272447,0
44.07235422992024,1.2599481647532722,1.2606041178082887,0
44.549457139521444,1.2598966049076203,1.2605704247919949,0
42.85264146567474,1.2598235207688209,1.2605391111500237,0
47.93194738713338,1.2597540203958393,1.2605150744277098,0
39.451581227152516,1.2596698016140164,1.2604711127783812,1
44.187143034098035,1.2596212989957496,1.2604207554050944,1
43.79302962406287,1.2595873461899707,1.2603704343864237,1
38.14324542646435,1.2595389951544207,1.2603216190930042,1
47.35805397382364,1.2595319238067713,1.2602796005354617,1
51.390016284501044,1.2595187577272655,1.2602358356005043,1
53.52273143079708,1.2595185599530738,1.2601891025322525,1
55.00124523167599,1.2595300109040084,1.2601526493234627,1
67.67712083825545,1.2595823427969661,1.260137568963593,1
68.35979494201293,1.2596429292034683,1.260134389869531,0
69.11675950808457,1.2597356304798972,1.2601343800115807,0
64.18046295572368,1.259831035456409,1.2601329440430278,0
70.25912645848706,1.2599369252106816,1.2601370228519757,0
63.62997235747304,1.2600279358809037,1.2601260630632993,0
81.2650959673378,1.26014692769091,1.26012928438616,0
80.10374493391933,1.2602489201638196,1.2601409674707384,0
70.53557932623636,1.260323073252323,1.2601445304251049,0
73.52011647189971,1.2603910877103601,1.260154546413431,0
64.43936468510783,1.260466964622531,1.2601648291390328,1
65.32373262288507,1.2605236478542305,1.2601754612522162,0
60.243211231046764,1.2606173534077347,1.2601909739444752,1
59.1324917949884,1.2606958295075328,1.2602143122880298,1
47.72489742718223,1.2607708505379907,1.2602278009806198,0
37.92432982756081,1.2608530358874044,1.2602374139584185,0
29.726926556222338,1.260903781801573,1.2602497150126737,1
36.19005620986815,1.2609595640760483,1.2602603916332367,1
41.26178830280466,1.26102735284211,1.260272052535899,1
39.592035596758315,1.2610677864757387,1.2602678161324679,1
34.5239384518632,1.2610529035166964,1.2602665132294255,1
44.31281761092338,1.2610375057852732,1.2602677905688697,1
55.484955775135546,1.2610196927821486,1.2602888292080379,0
55.342476714364324,1.2610202465946678,1.2603182917497642,0
66.00585178775947,1.2610301894878957,1.2603513578509102,0
67.39303348845387,1.2610640809394567,1.2603853574195032,0
78.71323677983267,1.2610966836992654,1.260431956269947,0
61.4790163200785,1.2610883226389284,1.2604612717998487,0
49.14448432441633,1.261071851926096,1.2604835485548511,0
54.00998242636993,1.2610728526348427,1.2605155209205603,0
49.05759903313527,1.2610614501621138,1.260528359517426,0
49.87510747111631,1.2610547809177297,1.2605373630937466,1
45.50241115565282,1.2610577002045877,1.2605512421873162,1
45.928130246070964,1.2610412653073546,1.2605655785949215,1
46.32914604949148,1.2610172484933724,1.2605856661170542,1
40.814491601884775,1.2609980358171322,1.2606074760522237,1
48.1454363462151,1.2610261278163963,1.2606502216560194,1
45.59490820928722,1.2610385561372188,1.2606803764974637,1
48.757189151388836,1.2610650441918367,1.2607188043113247,1
48.38168317346463,1.2611191410080986,1.2607568305726593,1
43.15788701545992,1.2611557999927794,1.2607994249190089,1
53.91352049791416,1.261182663381767,1.2608392477632409,0
63.579394811878174,1.2612093815025716,1.2609046611634598,0
60.184743312410085,1.2612356853216462,1.260964046280123,0
71.23618459489715,1.26125492412437,1.26101838902467,0
65.45126717671593,1.2612542980971628,1.2610714785966004,0
62.29250130317994,1.2612237780564992,1.2611086979698383,1
71.74674540221376,1.2612459363831294,1.2611521432621944,0
69.00533423333354,1.2612932418774463,1.2611934213246,1
67.74721192932537,1.2613200256762405,1.261231526829453,1
59.89288446862015,1.2613805752811367,1.261247652511094,1
66.61103189225167,1.2614385530870904,1.2612556126471954,1
46.54858006108115,1.2614761387707496,1.2612474455036569,1
52.72943720123248,1.261556900223606,1.2612559245018002,1
58.11483476760816,1.2616333454343276,1.2612642342065126,1
51.59322171739243,1.261702154042856,1.2612771633170046,1
50.63355420127846,1.2617392055654384,1.2612871328058306,1
52.04839231916221,1.2617925545012794,1.2612978302324476,1
55.24923697047585,1.261833180667424,1.261322847277365,1
62.914113403363594,1.261877325297035,1.261351325607329,1
73.62271907760163,1.2619475752634508,1.2613916691753768,1
75.5947611123888,1.2620282970366374,1.2614411074362037,1
80.07787048833922,1.2621150578835822,1.261503742953799,0
79.33332043415167,1.2621980982269785,1.2615649537679012,0
69.35435100677637,1.2622548170686168,1.2616119756369204,0
73.2956476440021,1.2623544460448113,1.2616720426595631,0
82.2660988599567,1.2624651968380238,1.2617332639844188,0
75.33917927856699,1.2625526073545843,1.2617893605736086,0
62.623912956239835,1.262611347735723,1.2618270192820453,0
64.99941560578532,1.2626780160055808,1.2618756186413898,1
64.05008566742583,1.2627422090703364,1.26192337473255,1
54.99984519529077,1.262772681246735,1.2619496828317802,1
53.75667242276837,1.2628387875267435,1.2619750834014951,1
49.18947667725022,1.2628711172149614,1.2619962727499177,1
56.73737497118334,1.2629521217720623,1.2620330071201793,0
49.47480682099646,1.26302617203989,1.262061999757178,0
43.980760909278445,1.2630838207585482,1.2620819876295437,1
41.51976547094535,1.2631204192517,1.262110668877556,0
50.91528977083935,1.2631667050700575,1.2621607885349497,0
42.23544295117681,1.263195739535771,1.2622004803677003,1
40.5367005562184,1.2631974438175009,1.2622460666375315,1
45.49710577931823,1.2631869448554038,1.2622939730112734,1
46.851547073070705,1.263133550193449,1.2623340829493435,1
48.09234043172322,1.2630950378624475,1.2623864627899382,1
54.18733309750995,1.2631115599413336,1.2624497002161048,1
62.526773045902225,1.2631072123617824,1.262515713277423,1
63.05484075125595,1.2631194646272799,1.262570598708772,1
67.75885390478533,1.2631571830184474,1.2626368113261,1
65.24273893962544,1.2632602426807036,1.262705098677592,1
71.2584528131445,1.2633798515088983,1.26277990284171,1
74.57123571116874,1.26350498566255,1.2628630490004584,0
81.25004754444542,1.2636759811330918,1.2629470099323101,0
73.75731568222938,1.2638215710838092,1.2630199592339901,0
77.37880377310542,1.2639913352359913,1.2630985327156556,0
75.75959229318285,1.2640910396223766,1.2631674533193817,0
72.34421475167143,1.2641945673940778,1.2632381074759438,0
64.04721746050564,1.2642478592530424,1.263291620108161,1
63.49990040609916,1.2643253362956501,1.2633424288425643,1
55.66341900366138,1.2643663927815583,1.2633900488965946,1
57.38253635810302,1.264435585565307,1.263446704323327,1
56.61878514640566,1.2645259136912208,1.2635042020015652,1
57.40458235777676,1.264624176444103,1.2635682223540785,1
47.34897988071938,1.264728027894125,1.2636348385986935,1
46.66657507714936,1.2648397408394279,1.263699599036267,1
52.62454862002321,1.2649576741302517,1.2637794316944746,1
52.17693875646837,1.265079379394978,1.2638666034182717,0
57.902876912626674,1.2652040040387251,1.2639565180980867,0
56.088035389527704,1.2653153522399014,1.2640459304215488,0
58.07139473960165,1.2653843007224288,1.264125546699594,0
61.878616715139295,1.2654447485021447,1.2642068721237538,0
69.72322660123616,1.2654682416074645,1.2642713155380636,0
66.40232918846465,1.2654666398150924,1.2643223470436922,0
60.87835327632839,1.2654482378693657,1.2643532312283035,1
54.32007699247952,1.2654017439954832,1.2643799910230575,0
55.17861350320941,1.2653865249547933,1.2644201364738525,0
53.01127320462326,1.2653878648326553,1.2644514749910813,0
58.09987210877071,1.2654486532461622,1.2644850026714163,0
54.76083920677242,1.2655050633599036,1.2645234112446921,0
36.148355203313265,1.2655378955740357,1.2645606680319192,0
30.0866807328311,1.2655425872778652,1.264592532832241,0
22.630713480302816,1.2655269537588212,1.2646180998769592,0
19.999001046508255,1.265477493947989,1.26465014743458,0
25.4457058267147,1.26545996405343,1.2646833092093681,0
18.177439512331674,1.2654064146798665,1.264713718022229,0
19.83236670119541,1.2653014270457572,1.2647191538039526,0
16.981129088269526,1.2651423754809974,1.2647130847947148,0
19.463398001718133,1.2649627392515885,1.264708085495303,0
18.75468327771557,1.2647592770461535,1.2647014735393305,1
14.148651346507421,1.26456728175858,1.264685777375003,1
8.671315796373094,1.264342816542925,1.2646657029266153,1
9.138781113154025,1.264148939120868,1.2646519136594108,0
7.5230208538566785,1.2639602555470415,1.2646316713203472,0
24.06727622625739,1.2638368561548612,1.2646345536128683,0
28.593063674896243,1.263736228528256,1.264636467289381,0
25.712105125774983,1.2635885760235799,1.264610942906751,0
24.426751379066502,1.2634073865582292,1.2645715446696604,0
20.857979697087373,1.2632262756040027,1.2645277270621056,0
20.73666409415263,1.2630243332912283,1.2644702713538047,0
17.235360277592918,1.262802037211432,1.2643773858442109,1
28.38460919668276,1.2626123270955112,1.264285523066886,1
32.76841507474961,1.2624491633312838,1.2641957709444527,0
38.16542658207714,1.2623083537306776,1.2641030964736142,0
36.10528484917259,1.2621446846905349,1.2640125546520584,1
40.812628005725045,1.2620054238438194,1.26391935346536,0
38.263609481527304,1.261864302830225,1.2638284590870918,1
39.584659104197534,1.2617666088199664,1.2637419013650701,1
29.014331292513887,1.2616570756094565,1.2636717720378685,1
34.16545303344596,1.2615968267721427,1.2636100697299273,0
34.840190356396974,1.2615053774725236,1.2635413712513892,1
43.90180938187787,1.2614552444875273,1.2634735664955037,1
43.835029663461825,1.2614038684327622,1.2634030955560271,1
45.291128966333936,1.2613459728426686,1.2633203898797734,1
59.004004178486674,1.261259573016014,1.2632471716616238,1
56.44263624686088,1.2611776276736182,1.263171622023057,1
59.12704157977897,1.2611563873773637,1.263090428205596,1
58.30230103216584,1.2611650191571862,1.2630058005745435,1
56.73775877705922,1.2611557479922761,1.2629084246435258,1
55.160420218171794,1.2611651264243138,1.2628101810275694,1
65.79618956668489,1.2612650380937116,1.262729680792724,1
68.93714262882197,1.2613649548328831,1.2626536055991813,1
76.30323756986577,1.2614684654566282,1.262595860484118,1
74.85096769247582,1.2615771984210429,1.2625473199159944,1
87.29129617424928,1.2617106782127265,1.2625175307894028,0
87.20803084046115,1.2618580369130508,1.2625018706323872,0
83.6034074328945,1.2620100613491683,1.2624778736448419,0
77.59291887183932,1.262132523357345,1.2624397647749461,0
77.40992961411789,1.2622737043124048,1.2624017924643656,1
70.7833273621079,1.2623707112404732,1.262356328882155,1
61.02454579515396,1.2624774310837148,1.2623171854552608,1
56.40300460888514,1.2625472015925514,1.262275412221378,0
67.93972157392929,1.262663320769702,1.2622576423603793,0
68.12668272120433,1.2627912786672266,1.2622459037674685,0
64.38210600842926,1.2629229373155078,1.2622323609664547,0
54.03443377990689,1.263017556900273,1.2622160789112198,0
43.307166830726246,1.2630513865156996,1.2621904119935727,1
37.20439750969791,1.2630637797527666,1.2621743622832513,1
40.52782516357339,1.2631202663203187,1.2621714354710178,1
36.78492206506015,1.2631820320218135,1.2621792830178333,1
40.907426968522564,1.2632207465624203,1.26219106671426,1
48.74926695831865,1.2632479325924195,1.2622156520189791,1
46.28979463823216,1.2632466964634934,1.2622349634211683,1
54.47676512640256,1.2632566858296932,1.2622658920290553,0
56.20365097943135,1.2632414237635448,1.2622793578328764,0
63.49730349197982,1.2632308483034416,1.2622997185424614,0
57.26035851650867,1.2632373176691878,1.2623373703030851,0
49.30044357820002,1.2632355594822795,1.2623710339445664,0
45.353080637738934,1.2632183188148183,1.2623986097486917,0
43.60238275639972,1.2631827603048493,1.2624196996876034,0
54.121934230352046,1.2631892230480102,1.2624720597898922,0
57.406240376550805,1.2632088594332898,1.2625140251564893,0
43.77470511342173,1.2631392112141138,1.2625336615135114,1
43.94148708686709,1.2630740968842078,1.2625522010288805,0
39.81620212263719,1.2629919533170644,1.2625712684170667,0
32.72647983684581,1.2629048926318422,1.2625758664264288,0
41.15291836187319,1.2628845166128635,1.262598497506628,0
35.916860268375046,1.2628816807873773,1.2626203910702156,0
36.78510391309777,1.2628460546028972,1.262647027068394,0
28.84538833585097,1.2627965356456532,1.2626591665672378,0
23.526803972190763,1.262707039161079,1.2626717313896823,0
24.368338694315824,1.2625788710610366,1.2626651026483828,0
32.50406910112328,1.2624862138392685,1.262667901583771,0
35.819954064558445,1.2623582878427186,1.262670818029075,0
29.56911114889604,1.262242773186428,1.262672637901042,0
25.227862874406128,1.2620619417477859,1.2626534441721284,1
27.023545948142257,1.2618478097313086,1.2626139392446631,1
28.325536578970514,1.2616791180240972,1.2625766734913306,1
31.600282773205265,1.2615317406724742,1.262549006820771,1
44.25619246156958,1.2614513285002202,1.262534180517966,1
42.79839864084167,1.261374287800693,1.2625157596726848,1
41.56306270813024,1.2612933505400337,1.2624853834393495,1
44.59443092439756,1.2612635618440442,1.2624517000684776,1
44.87780765322229,1.2612206686981944,1.262409589139741,1
58.201258861037545,1.261226835514027,1.2623777313375868,1
67.42017404301362,1.261282842526791,1.262345788671925,1
64.47536500809635,1.2613103046992509,1.262318594846661,1
67.59950519367813,1.2613395313038454,1.2623031942488157,1
71.0226874402526,1.2614016857574275,1.2622982196464032,0
84.49371577032288,1.2614823845598826,1.2623038358950014,1
95.53799656252832,1.2616212673759537,1.262329265906578,1
80.18774585730263,1.261743246186474,1.2623435204859519,1
80.30798731051297,1.2618496599765399,1.2623424372665062,1
74.32828482522021,1.2619552712842337,1.262336415075878,1
75.14365166545572,1.2620937547322542,1.2623409648677404,1
79.01224663455848,1.2623002231808182,1.2623665106843465,1
78.3525261599527,1.2625322285688267,1.2624062760659138,1
82.17190819883334,1.2627818425420752,1.262463898607054,1
81.85409526932936,1.2630581627433943,1.2625241653900015,1
80.44842915219817,1.2633027419889207,1.2625824645048092,1
83.23966261170922,1.2635688677795782,1.262655008159548,1
82.8663226737249,1.2638387632142591,1.2627217156880854,1
79.98373242778999,1.2640956339082359,1.2627912750463748,1
80.36743322308057,1.2643749485423463,1.2628568942248024,0
76.09949241544028,1.2646086495685254,1.262924621659579,1
90.49139779440881,1.264822214998,1.2629823353497485,0
91.20466827360875,1.2650593557538063,1.2630474100805085,0
95.0716078394569,1.2652930663229762,1.2631261969850942,0
81.04967536881401,1.2654671881743602,1.2631977673902202,1
79.0118587445688,1.2656373065196984,1.263285654380941,1
74.20934357748999,1.2657646474636504,1.263359435672834,1
72.63337270269703,1.2659500111084563,1.2634399811560184,1
69.6180674411153,1.266139866497137,1.2635426993797154,1
73.39533719669856,1.266367464587736,1.2636537621572892,1
69.10139510472507,1.2665790338253875,1.26377579707107,1
72.44302480914118,1.2667820208299374,1.2639173619635846,1
69.4962528360115,1.2669716545710306,1.2640411312491806,1
69.32959820705014,1.267147451700082,1.2641702069721361,1
75.99472836791297,1.2673268716536785,1.264316492210314,1
71.9162787985601,1.26749176816634,1.2644605575130836,1
72.72020511825933,1.2676439826835508,1.2646297855685367,1
69.88032306649711,1.267786330323489,1.2648046993930664,1
74.25591872108964,1.2679165314889662,1.264963402106254,1
74.12009916486309,1.2680359188363615,1.2651279466222596,1
79.35995040402415,1.2681756620282076,1.2652977771962908,0
79.434635902743,1.2683311496157281,1.2654900184969253,0
72.8040269195264,1.2684415296259621,1.26568489803837,0
70.57916444373444,1.2685598202234531,1.2658784778648369,0
64.53790644883618,1.2686972706286848,1.2660639793727044,0
54.03412385524424,1.2687993943682359,1.2662248807281475,0
52.96169335351384,1.2688970735070506,1.266368549955377,0
47.0123241498404,1.2689640236029465,1.2665082503811838,0
40.39571595414378,1.2690276654924653,1.2666483408390838,0
48.401661267725885,1.269085259754937,1.2667995985799865,0
34.397948998389595,1.2690975582922,1.2669240861823392,0
38.04055130024056,1.2690958114575293,1.2670425495358801,0
37.001109490485234,1.2690844091541575,1.2671507730311433,0
38.720097581032135,1.2690696765923764,1.2672622650875485,0
33.09627447483689,1.2690056292151373,1.267358069593398,0
25.260832074568228,1.2689346983380123,1.2674414830243357,0
32.2258206919206,1.2688447053014573,1.2675191607387382,0
28.26642815836152,1.268754012602765,1.2676090059595828,0
29.15003409027824,1.2686735341426991,1.2676929517727176,0
27.462877900472932,1.2685452183889805,1.2677639254641584,1
34.93389755755307,1.2684212587561414,1.2678287788058455,0
41.21941538363986,1.2682955381209715,1.2678881444729866,0
38.72192771811774,1.2681882397761146,1.267947302521285,1
28.36237337655588,1.2680436299206235,1.2679831928162562,1
38.833926676087245,1.2679350622168388,1.2680147391620822,1
35.064700929664866,1.2678421767522887,1.2680406546334944,1
37.20701178134523,1.2677583505507948,1.2680443430638635,1
45.01091683276461,1.2677327641265075,1.268065850746083,1
44.74431707183094,1.267683874250894,1.268083636976147,1
51.362190802669446,1.2676271699116068,1.2681004871276904,1
50.47806948697528,1.2676091908234737,1.2681243026843183,1
54.281638867640076,1.2675919367050135,1.2681504382186852,1
56.62227167600152,1.2676024330996856,1.2681680039694951,1
69.53565039491326,1.2676081234092167,1.2681882879220447,1
67.54660725181336,1.2676308340352107,1.268223527937738,1
64.39128438547607,1.2676725509832234,1.2682555808097455,1
69.24366998590925,1.2677278229920288,1.2683044309500895,1
70.60413571811328,1.267769273929487,1.2683367110879953,1
70.08990900558442,1.2678361730102379,1.2683714743779582,1
76.68144786165233,1.2679609247127883,1.2684013095141793,0
81.29580075794838,1.2680809860569537,1.268429559698472,0
79.03599625571673,1.2682067167491404,1.2684580228406679,0
84.2495341327549,1.2683305797221753,1.268490872581743,0
67.94678977080031,1.2684478860415551,1.2685033665528451,0
65.62985776078949,1.268540830007318,1.2685003225035378,0
58.15189804663783,1.2686275709142267,1.2684949757326494,0
53.1850936391415,1.2687090003611652,1.268470350134909,0
46.0997921115471,1.268722840676495,1.2684404548872852,0
43.04950642692882,1.2687409816078383,1.2684134170236958,1
41.1838254063472,1.2687336636702522,1.2683795850612467,1
27.27436258679151,1.2686704623198861,1.2683222228009898,1
34.03984525602512,1.2686131458973875,1.268263236731349,1
39.675455564158696,1.2685926769107623,1.268228462883415,1
38.7273003078961,1.268576577519058,1.2681949908402865,0
34.91528842251162,1.268551444102288,1.2681651973271792,0
28.809565290364517,1.2685262572877192,1.268146325977539,1
28.05697865233003,1.2684643012990269,1.26813132206688,0
33.52666789364139,1.2684290408263474,1.2681227179773555,1
33.63696253492516,1.2683736365541467,1.2681098628026306,0
34.11670759641636,1.2682865845142048,1.2680818394178863,1
45.88107524335764,1.2682182391081152,1.2680778320248383,1
44.9304307968841,1.2681003359019951,1.268059832618454,1
49.99992510155554,1.2679978566305792,1.2680562515723117,1
52.14664144721554,1.267929044987585,1.2680471139109288,1
71.57185564465159,1.2678977694830755,1.268057178610713,0
70.61948871595511,1.2678918479922445,1.2680778355943423,0
60.37149116702702,1.267893005116179,1.2680896700607978,0
55.777358205374284,1.267913085436193,1.2681040840206566,0
57.3495078549644,1.2679430040098787,1.2681212049705675,0
50.71761661389142,1.2679625278649858,1.2681465088516486,0
48.919817622493866,1.2680126601008501,1.2681587833388734,0
40.896194419242924,1.2680155516799347,1.2681512421549344,0
37.96169466130004,1.267958691369662,1.268136643520834,0
41.218218479920786,1.2678920849270825,1.26813437284287,0
33.25411525583284,1.2678350423045184,1.268125189362251,0
31.73085039793085,1.267741438550438,1.2681060306967986,0
26.453804514872942,1.2676532355797678,1.2680892760784692,0
30.619095475834925,1.267574020907444,1.26805922068973,0
15.13090448631128,1.2674924157211274,1.2680332793907239,0
10.911881385016386,1.2674147668218803,1.2679968781819957,1
10.850797130438792,1.267297286554158,1.267953070317112,1
10.516350241119227,1.2671978227743774,1.2679021870461997,1
9.4978279616587,1.2670726122398215,1.267844323228366,1
12.41629565482117,1.2669526256700085,1.2677849148152456,1
32.28239216026026,1.2668402983761224,1.2677409643470776,0
35.78659583203235,1.2667073596653697,1.2676917590672006,0
38.19306087159623,1.2665752283312481,1.2676286321964856,0
37.32475403621838,1.2664468286353847,1.2675751059030156,0
32.5673895431199,1.2663046191184493,1.2675085834138522,0
48.92926002714852,1.2662050031051584,1.2674441402085967,0
38.718356259900325,1.2660749626714645,1.2673563739846776,0
33.55497845646964,1.265968779030769,1.2672560670675856,1
38.83700533421999,1.265895664130445,1.267162677284142,1
40.03915341968345,1.2658151835203277,1.2670812918343792,0
38.60470532408392,1.2657134234640584,1.2669942267449472,1
42.84829768955042,1.2656576287063452,1.266918053813646,1
49.68606600369019,1.2656216401648672,1.2668543319999501,1
49.84570370958572,1.2655789489850988,1.2668016640131716,1
34.418630089242725,1.2655241455770019,1.2667465449783895,0
40.081289748741746,1.2654900367819077,1.2666994274266579,0
39.74203961516924,1.2654561240990496,1.2666673350287774,0
44.178899872427344,1.2654466215012963,1.2666355772877633,0
54.12644376814315,1.2654773664538685,1.2665981990456086,0
39.270223870220214,1.2654553515307567,1.266536424419925,1
48.668320604105034,1.2653916250680897,1.2664770367333984,1
43.71548632059186,1.26530909521862,1.266404894239561,1
50.504426931342174,1.2652789344622777,1.2663544854617859,0
49.859480499351605,1.2652408711034047,1.2662998380138384,1
55.639638927805166,1.2652300238531142,1.266251138333439,1
54.0035215700038,1.2651976532175058,1.266208567689917,1
47.483443420958444,1.2651950501216231,1.2661470983900809,1
43.497351729065656,1.2651850293253832,1.2660899444369411,1
52.054988977212446,1.2651895692743034,1.266039362341632,1
53.648732969351755,1.2652178372584373,1.26599680874272,1
60.3853724893952,1.2652985919525048,1.265954555732719,0
58.66630024488449,1.2653720372137547,1.26591012950225,0
55.304079348404166,1.2654337520221397,1.2658706307623344,0
65.76860113210915,1.2654863926452093,1.2658309868967783,0
63.95778516205362,1.2655487862716541,1.2657888578830998,0
67.69669530528942,1.2655827336825676,1.2657475097536908,1
59.67074596948612,1.2656259067078313,1.2657126336715698,1
57.7146899563965,1.2656399503332036,1.2656853367490708,1
56.36078582620434,1.2656342237051454,1.2656684119798016,1
57.3374737518455,1.2656811858456847,1.265652064787366,1
63.730796669603855,1.2657315035245664,1.2656356212214177,1
75.834238214185,1.2658465696573094,1.2656469466823095,1
70.89124087159102,1.2659145914898366,1.2656590278258133,1
70.1807302517563,1.266005877189666,1.2656725805267275,1
70.57889515280196,1.2661219972099502,1.2657029709289684,1
74.46400879633862,1.2662636393558617,1.2657481167035098,1
76.60245916158051,1.2664424644504566,1.2658051695486001,0
76.3076293748841,1.2666329484693295,1.2658639947149217,0
78.95411004305691,1.2667977127755123,1.265929402555908,1
76.88167242040106,1.2669192488426357,1.265983458011771,1
77.7527452283492,1.2670133648172484,1.2660237823091693,1
84.16636931201987,1.2671116491962804,1.2660718453146143,1
83.51059778212237,1.267204908613853,1.2661225028753764,1
84.80327405497592,1.2673227914265426,1.2661813720132415,1
75.7993270815116,1.2674231447595352,1.266236268139534,1
75.72317244671677,1.2675743985518058,1.2662952679323496,1
77.67423018996163,1.2677412245193547,1.2663791384107261,1
75.81122749033942,1.2679216918107938,1.266466501861081,1
69.78685262636614,1.2680909368511795,1.2665465210680955,1
67.09958462572732,1.2682661046410753,1.2666324332356647,1
68.35878463199576,1.2684647756449254,1.2667361620937647,1
70.92041930149811,1.2686335622010472,1.2668373200801903,1
70.65483105406337,1.268805809407316,1.2669326955227929,1
82.28181791068361,1.2689640222163765,1.2670266098192384,1
84.72081121893665,1.269117195248553,1.2671401907975886,1
80.95903320547282,1.2692384851957834,1.26724749606906,1
80.65847780196134,1.269337271426765,1.2673576284796864,1
81.51755302137894,1.2694697927683276,1.2674732632217343,1
92.98778436975468,1.269600747499322,1.2675787549740896,1
92.57058867385778,1.2697784701812727,1.2677127054719772,0
81.62458539245762,1.2699293208322204,1.2678388606148216,1
80.32334462612673,1.2700710347432562,1.2679766211244687,0
84.52575864364199,1.270240616992746,1.2681071758875637,0
78.05599393120869,1.2703777502784492,1.2682361236832593,0
72.81828981976238,1.2705349808161501,1.2683582509247484,0
73.29917785738043,1.2706659950974397,1.2684826046843234,1
65.36198200787533,1.2707609770892925,1.2686055091977937,1
62.59908303464075,1.2708494135962494,1.2687322555694274,1
55.12430108737094,1.270942829445643,1.2688478251366313,1
57.918015363278336,1.2710279843555927,1.268956492074527,1
63.91103065512545,1.2711085905249375,1.2690601615227375,1
64.21659302455559,1.271216670534667,1.2691751734085552,1
58.228652123678664,1.271305671578631,1.2692814633453893,1
53.487730786395154,1.2713964503099229,1.2693906328851237,1
62.591201659076724,1.2714661343189368,1.2695071300165017,1
69.47498613769233,1.2715717927797003,1.2696431197079132,1
66.97622964664546,1.271691732365324,1.2697839587426833,1
73.10443967811969,1.271789328406593,1.26993301445109,1
76.16527861909869,1.2718968517332851,1.2700838061853454,1
77.17230164414069,1.2719955598775434,1.270238455084721,1
77.64246734274701,1.272093927147398,1.2703838300639543,1
81.43154228017741,1.2721998918453241,1.2705179499996748,0
83.71595345163645,1.2723054207895566,1.2706635076074517,0
82.08455647652346,1.2724198890991618,1.2708017284470574,0
80.01834562468594,1.2725397167316805,1.2709253387334405,0
74.22683381184028,1.2726500143709443,1.2710371546903563,0
63.53104383119675,1.2727349799936383,1.2711225154150663,0
63.201854890134186,1.2728282291330415,1.2712103678349123,0
61.785430709878426,1.2729250934502467,1.2712987774065254,1
51.440673168336936,1.27301128180091,1.2713933052578368,1
41.077234407839796,1.2730510107193476,1.2714752198835775,1
35.57452002063252,1.2730445245654163,1.2715483235562097,1
36.21360877018277,1.2730689569115285,1.2716270826644596,1
43.6864191172081,1.2731289249187783,1.271713086282018,0
53.95235864533714,1.2732024335755063,1.27181884554289,0
47.53364666398801,1.273221320394086,1.2719018884448254,0
44.906015812885954,1.2732428117619992,1.2719845936397411,0
43.27334961815412,1.2732460809749284,1.2720627701167437,1
40.76790327634741,1.2732255001414172,1.2721376315014405,1
40.09122087729031,1.2731832272242196,1.2722053041179786,1
51.735754627259276,1.2731721580425732,1.2722667830230134,1
55.34926554394971,1.273175727403362,1.2723348160806005,1
53.81696462745727,1.2731495466678469,1.2724010025116639,1
55.767037843901406,1.2731257797095958,1.2724664314443452,1
63.33860032707386,1.2731084077525472,1.2725218237350382,0
70.36197475801761,1.2731065215740442,1.2725843692416605,0
71.44472495323447,1.2731713102313023,1.2726561309368813,0
57.50794231467026,1.2732111613628978,1.2727069152727402,0
51.259085888386196,1.2732456323539876,1.2727567313483914,0
52.83427995463822,1.2732694863365608,1.2727897117199523,0
47.580692199129516,1.2733144091777917,1.2728292552218057,0
50.26439492652781,1.273371817737777,1.272868636754018,0
53.995797875336734,1.2734137499161216,1.2728963358338097,0
51.58033215734135,1.2734027515178652,1.2729230867777843,0
38.27430318602294,1.2733369552334437,1.2729396353098077,0
23.556705358682535,1.2732568770842858,1.2729382412395638,0
23.47496193550751,1.2731579736740992,1.2729433922736637,1
22.642211486390096,1.2730635171393447,1.272948411533982,1
17.551197585508433,1.2729672911256296,1.272947416173435,1
23.289825216206154,1.2729051071167672,1.2729561532224483,1
12.77871754821551,1.2728130503806299,1.2729485669652905,1
25.94491709304735,1.2727296958440948,1.2729400262043717,0
35.65305752347824,1.272679199586184,1.2729504137146852,0
33.256616122273215,1.2725930271979056,1.2729450621995384,0
33.85399518258245,1.2724997484901022,1.272935269403504,0
33.41421892853718,1.272387994020788,1.2729108497380957,0
27.507321368314322,1.2721982476580191,1.2728587370539595,1
26.458159808548075,1.2720055214270833,1.2727933924809363,1
32.42979673638632,1.2718271756460395,1.2727288609134932,1
45.15732753238593,1.2717077161010235,1.2726745742093442,1
48.45154340556206,1.2716064409930912,1.272634260760083,1
50.698837775365234,1.2715156575542974,1.2725949430376071,1
52.76483428467832,1.2714253601256282,1.2725443115682384,0
53.802145152683494,1.2713824335458834,1.272508104556473,0
62.02051436650893,1.2714089025766362,1.27248730964779,0
56.67481800378802,1.2714641283905377,1.2724638868474012,0
46.024570923610916,1.2714836880047422,1.2724428754781054,0
45.63732814656767,1.2714714497333741,1.2724056997741149,0
49.22374217578334,1.2714973090411559,1.2723763024097987,0
50.17334487500237,1.2714970496447173,1.2723504603599711,0
60.149493166385724,1.2715166761611192,1.272334833141999,0
58.83594924318108,1.2714751321842335,1.2723122692518987,0
54.04034883326781,1.2713882448768892,1.2722781289008294,0
46.3630749797913,1.2713329505541122,1.272226672453672,0
43.59523063031039,1.271279855245218,1.272166238071389,0
40.96427698397197,1.2712267873506438,1.272113036520719,1
38.1070843958605,1.2712094675143772,1.2720453993549106,1
28.29060058796776,1.2712047264353947,1.271976850665123,0
22.970559553247156,1.2712082414770545,1.271921957447748,0
25.5848322755093,1.2711779374662344,1.27187245830615,0
34.395140365880565,1.2711420879894375,1.2718222327388289,0
38.61664799977598,1.2710829374168626,1.2717578270430077,0
21.516634567557432,1.2709679371651936,1.271671667767177,1
20.6563338113655,1.270810880606124,1.2715821449150844,1
18.07697879734573,1.2705963281819237,1.2714824778195406,1
23.553017426199546,1.2703996212283362,1.2713811267091177,1
43.226505900126384,1.2703036437214468,1.2712958088741633,1
46.9418795849174,1.2702609279881671,1.2712256064242229,1
55.03095583662071,1.2702451551341551,1.2711761115218658,1
57.86750455359475,1.270241126853196,1.271139116566625,1
59.307441113779426,1.2702215909354462,1.271097705845061,1
63.12032938137163,1.2702428369775085,1.2710606769477912,1
64.40530247039007,1.270312408216805,1.2710375922211028,1
67.53155038278467,1.2704225309154513,1.2710345842127062,1
64.27241145406119,1.270517709198333,1.2710385396573445,1
68.11434573987339,1.270625317146957,1.2710604125457872,1
74.63882763995429,1.2707254123154672,1.2710723748114576,1
78.34408447032285,1.2708561909148037,1.2710939201753064,1
84.36104369128623,1.2709936050411885,1.2711324830139716,1
84.06957413520098,1.2711271148539856,1.2711612614010375,1
76.28869643445003,1.271236215977181,1.271191498977449,1
75.70658512224722,1.2713693221954259,1.2712136775835399,1
70.71962668783297,1.2715666562659598,1.2712266504390874,1
69.39760637255853,1.2717754973797368,1.2712551329878168,1
74.151650826071,1.2720042434982486,1.2712842758227993,0
71.99897596751224,1.2722230285768787,1.271315140531554,0
69.66186019325241,1.2723982745812656,1.271375819643462,0
65.66272684656235,1.2725743416724735,1.271453134522379,0
62.578354940295206,1.272679476350145,1.2715170318035078,0
54.883858125090704,1.2727544638124795,1.2715578156512075,1
62.669843993007305,1.272836606583124,1.271589772081074,1
62.27179301348519,1.272926185047818,1.2716248879451995,1
54.459393576394774,1.2729846235756503,1.2716612976011117,1
49.472857896464255,1.272995860197667,1.2716799548734197,1
56.093682750552226,1.2730230738988455,1.2716842081862283,1
51.15101094872562,1.2730391375483472,1.2716904162089109,1
54.20151985029336,1.273099294521726,1.2717186174182513,1
55.706624212046286,1.273150075164255,1.271765370347659,1
52.44136107655742,1.273165179037584,1.2717996310125428,1
55.00155753682879,1.2731839450325686,1.271836019556178,1
56.75889006869827,1.2732405775507454,1.2718810595332997,0
48.749141847089874,1.2732794502956168,1.2719354048280933,1
57.97534117640976,1.2733180450759192,1.2719985705186996,1
66.36847571941013,1.2733537439896605,1.2720634503620363,1
71.05562874920166,1.273394188980164,1.2721300093167776,0
60.75006566397454,1.2734254460098735,1.2721946039952459,0
60.52419398246545,1.2734397889660438,1.2722679482241286,0
72.31510060076562,1.2734612369828826,1.272355738741374,0
62.554815686993194,1.2734835594544252,1.2724271589944562,0
55.36126809069544,1.273499785527966,1.2724865548759001,0
43.18428592780003,1.2734962067604543,1.2725314195894806,0
36.193551471349295,1.2734562105410623,1.2725741971948794,0
41.02727097902326,1.2734247499440108,1.2726440227126385,0
34.76703213931066,1.2733787403399497,1.27270709876695,1
25.49445677661278,1.2733220528925995,1.2727744980704987,1
31.306701570911372,1.2732834802009232,1.272843959797946,1
31.395743768077963,1.273236044360638,1.272891577673928,0
30.476122917257555,1.2731748887704666,1.2729309546605787,1
28.912144722775977,1.2731233987449273,1.2729509284568516,1
31.576727285255046,1.2730695314411467,1.2729673813913585,1
30.124946261725498,1.272986260862139,1.2729869275039767,1
20.99445670991227,1.2729098508315193,1.2730022103696974,1
39.72554885873809,1.272868419130641,1.273020974884234,1
49.932543625281895,1.2728437896049498,1.2730319538378356,0
66.86714175409887,1.272858398814079,1.273066285163076,0
71.16291249306731,1.2728760170495028,1.2730948839562644,0
68.83328627960415,1.2728899033899033,1.273133744653903,1
69.33557548609366,1.2728571666502586,1.273156129035556,1
65.92243697865774,1.2728268729786414,1.2731604661694376,1
69.66859078728534,1.2728583099498538,1.2731790329142474,0
65.51213111355356,1.272904433906834,1.273198706761342,0
72.37575133450989,1.273009585959179,1.2732303027003806,0
65.74702952578545,1.2730796093401788,1.2732492039423262,0
60.98715903806391,1.2731563349878692,1.2732594338102028,1
60.52423090884865,1.2732322259601698,1.2732656910552673,1
61.10539617962476,1.2732951014318274,1.2732727889399253,1
57.460275066804165,1.273367660449483,1.273279332021215,0
56.34208766881218,1.2734561911372455,1.2732836944464874,0
44.94362097023522,1.2735331230874034,1.273292387151755,0
46.40405470108477,1.27360546294402,1.2733077810439746,0
45.45377993646979,1.2736759863542726,1.2733226794124362,0
47.17792293274463,1.2737330612550535,1.2733249608525918,0
46.84527598214485,1.2737305070190137,1.2733193282615793,0
42.29643961135115,1.2737321268478121,1.2733264604978936,0
37.50547197216412,1.273651439903621,1.2733176315649861,1
35.8147570785935,1.2736111339301517,1.2733236825089862,1
38.94262244368808,1.2735659011924423,1.2733203873221894,1
40.034894552586955,1.2735313702659226,1.273308647076223,1
45.59323516944759,1.2735264283234522,1.2733049658837847,1
52.653063335388325,1.273513521863903,1.2733108636467811,1
53.4184074880038,1.2735319468879411,1.2733152544962203,0
53.615565014750565,1.2735232828985972,1.2733278357415727,0
59.31319369067839,1.2735591628739542,1.27334565106154,0
52.76835077456887,1.2735823589929365,1.273350879811513,1
52.03303515256949,1.273602101718004,1.2733488561504032,1
52.044906084271645,1.2736056537689602,1.27334487204356,1
59.09012564440727,1.2736149691868872,1.2733494041095523,0
54.54971014475564,1.2736083432275769,1.2733425369443652,1
64.95900071494324,1.273625828360417,1.2733492947141518,0
61.8527970664131,1.2736561032204978,1.2733703081209875,0
59.322632402822194,1.2736759925292218,1.2733945937199431,0
60.19913862057957,1.2737021374822168,1.2734233316290535,0
61.887893275563286,1.2737699661610076,1.273457414748378,0
53.43012093465982,1.2738033434340497,1.2734963017355336,0
49.364969618184325,1.273874016045646,1.2735384168262047,0
43.868910061441944,1.273898852518339,1.2735698314359523,0
36.99324433545802,1.2739242412754523,1.273595666088115,0
43.70587197731224,1.2739634991530078,1.2736240912292396,0
42.502434930027945,1.273973676873456,1.2736450771351961,0
42.28429643051378,1.273937143158377,1.2736579083336732,0
35.971816968735794,1.273884719423598,1.273674637920804,0
34.13916465981305,1.2738065743947753,1.2736865251668752,1
24.885436571467878,1.2736921761468083,1.2736751538680071,1
18.124346558485087,1.2735926697360265,1.2736504318639439,1
19.773870928383374,1.2735016487707964,1.2736061561330903,1
29.488735955057038,1.2734460454455445,1.2735728834019766,1
31.10880023659506,1.2733958041241893,1.2735517644032666,1
31.280115727055673,1.2733390308069095,1.2735352826070256,1
43.741080852154205,1.2733071658939168,1.273541411880262,0
42.88921513423813,1.2732458684594843,1.2735253315248396,0
49.08651841347691,1.2732217487346484,1.2735215196510687,0
46.50272850235032,1.2731950597861559,1.2734975211598443,0
46.18669293371103,1.2731270126181735,1.273476376059576,0
46.97130529188366,1.2730595678493761,1.2734575948801363,0
45.55707944465151,1.2729887355438723,1.2734410206596856,0
51.29369530790771,1.272943929233051,1.2734293625564417,0
57.440467665646324,1.2729179123795225,1.2734157668601307,0
57.41460657093391,1.2728747527100461,1.2733915158583597,0
53.38517688676767,1.272827656223033,1.2733628903894478,0
46.2196329540695,1.2727814091897367,1.27332828683196,1
38.771181115726186,1.272727570980852,1.2732952717714356,1
40.58119284750698,1.2726858523412063,1.2732676416013362,1
23.69501018061618,1.2726414827104657,1.2732395441445878,1
28.563183852914577,1.2726201764512466,1.2732056517053176,1
36.73513323331232,1.27264352977173,1.2732029920803338,0
37.52819850525149,1.272639240659364,1.2731841260936618,0
39.233297024922514,1.2725979179776852,1.2731645711173638,1
45.922040536838445,1.27258113577809,1.2731551888118926,1
43.58769009607528,1.2725126247584384,1.2731358904542565,1
44.08602772281929,1.2724760706093943,1.2731103510230362,1
37.237826098483396,1.272405107344993,1.2730707838338895,1
50.90765383799969,1.272382900087949,1.273041368035585,0
57.41829149406592,1.2723839077980283,1.2730062740292056,0
59.1119323274531,1.2723872965391407,1.2729795698986184,0
56.42934142894867,1.2723804486953596,1.272952359450628,0
54.84608035384592,1.2723527217733848,1.2729281897582116,0
64.98801826594763,1.2723384077725266,1.2729051422943867,0
57.48466313616549,1.272317899222622,1.2728753382563776,0
44.85414578091755,1.272303535354876,1.2728339731872316,0
44.61645530010512,1.2722959474893427,1.2727842245394978,0
46.42742878571537,1.2722901850046366,1.2727409487616017,0
42.173081258044675,1.2722832600664156,1.2727000906350157,0
38.581069480662435,1.2722660193578437,1.2726379654233222,1
33.28443572192572,1.2722360127332861,1.2725787194250122,1
35.335219149056215,1.2721609351021947,1.2725177597029533,1
19.428258300463412,1.2720835169077223,1.2724579918494152,0
22.4206752800864,1.2720274642553726,1.272405860309332,0
31.403203027172083,1.2719782625390612,1.2723610941663137,0
33.190135738601654,1.271938230448645,1.2723217118843322,0
36.92466429471097,1.2718898282460522,1.272291425058106,0
19.369035616427638,1.2718139369865284,1.2722424708590616,1
21.27444673765666,1.2716950496859671,1.2721967581520617,1
31.676287240814446,1.2715887311865326,1.272164896045095,1
32.17391151695658,1.2714861793629786,1.2721369737493993,1
29.74458271977403,1.2713808144111425,1.2721040257067664,1
44.28472860979378,1.2713286748649006,1.272081241525954,1
58.37258239507016,1.2712850290254551,1.272060832254893,0
61.954382824468134,1.2712745242308205,1.272049535625942,0
65.7667530572981,1.2712985028444863,1.2720305079674594,0
58.557718152815134,1.2712907216816371,1.2720021658283591,0
53.48196690711805,1.271268218214212,1.271959536553427,0
48.714974091962766,1.2712419246545008,1.2719188365823537,0
48.18197301299943,1.2712395728058774,1.2718829894984038,0
45.75720340307944,1.27123550307858,1.2718490935166937,0
44.578087628808824,1.2711847344185911,1.271796159252841,1
47.25130829263267,1.2711532937922265,1.2717417376730853,0
45.57991825066466,1.2711191193870763,1.2716863431123533,0
52.34547437306199,1.271097945634223,1.2716503713359846,0
52.17569617744575,1.2710632397428792,1.2716159452922706,0
41.44379810441065,1.27100755392078,1.2715818829505232,0
27.165187138902724,1.2709420231193715,1.2715282517144695,1
24.373219590455662,1.2708789285958626,1.2714739886539244,1
23.147623265519073,1.2708138400420672,1.271433838977736,1
25.98242919123362,1.2707451738672213,1.2713869727157892,1
38.27686060971431,1.2707313824889075,1.2713391667936376,0
38.847094069036636,1.2706692837810252,1.2712932587746186,0
40.12051108240697,1.2705752876123364,1.2712517801087533,0
37.807874681138884,1.2704464059485505,1.2711956436941263,1
46.68690059581833,1.270301257506969,1.2711459610668716,0
38.87963267120819,1.2701608998571878,1.2710760975274766,1
39.504498645536415,1.2700487690016486,1.2710170012160895,1
35.63477385417268,1.2699593934431221,1.270949433924423,1
43.71355999829682,1.2699004065768316,1.270889589009925,0
43.2621188022378,1.269831333791224,1.2708267084175269,0
53.736569658254,1.2698139157541948,1.2707695460763748,0
57.16446548972825,1.2697998822138068,1.270720601849254,0
55.4931634134632,1.269783915142336,1.2706645460602772,0
54.32010786387091,1.2697209334527133,1.270611585028021,0
35.72879938358075,1.269627438132444,1.2705455064032978,1
38.27721247251631,1.2695571297547772,1.2704863558566972,0
37.069866517424195,1.269534965676736,1.2704261639833092,0
39.627470814480006,1.2695076061932034,1.2703637271046393,0
42.01773832523808,1.2694776283935878,1.2703184825920337,0
50.067543257192774,1.2694584445871722,1.2702759454573436,0
40.680576571443375,1.269373332290245,1.2702241256688576,1
30.496354161544332,1.2692563703251278,1.2701624001415808,1
19.475479270850684,1.269115143869222,1.2700868519542932,1
35.72779537800298,1.2690453863359685,1.2700224932128892,1
38.376826808043724,1.2689839095026898,1.2699642326884895,1
36.63038063715578,1.2689637069334094,1.2699056490024194,1
33.959651352356374,1.2689268426444211,1.2698621634792466,1
35.657401867923184,1.2688714783187751,1.2698200053775461,1
50.04371582756559,1.2688124353252197,1.2697790706654,1
46.335186071333105,1.2687634831963153,1.2697376299508614,1
49.580174411104956,1.268722452595507,1.2697062013501208,1
50.52106641476623,1.2686640521077712,1.2696547527464026,1
55.11366826250373,1.268634159536019,1.2696041982645028,1
57.791566665065574,1.2686348853483211,1.2695557294750213,1
67.47827518010033,1.2687048790447357,1.2695080568833976,1
75.07072800764578,1.2687571352185252,1.2694729212714522,1
84.4137471455171,1.2688324543953902,1.2694518584557806,1
77.92210195132336,1.2689126020683386,1.2694319980701745,1
76.45228107460466,1.2689803068858667,1.2694147762240293,1
79.65672181213911,1.2690800295308318,1.2694137560382444,0
73.68563848447769,1.26918498050752,1.269424224104429,1
75.74218273113476,1.2693305432284046,1.269433299916052,1
74.09670424763286,1.2695059186474342,1.2694415716584364,1
78.72551305426576,1.269645701783777,1.269441595672711,1
74.23210522645965,1.2697631408127665,1.2694441931164446,1
80.66980785677022,1.2699167719629783,1.2694693362192988,1
68.55971692048249,1.2700491649322772,1.2695050202044087,1
70.37423003939165,1.2702140868715688,1.2695540686878286,1
70.30589643504301,1.2703799800054498,1.2696055266507529,0
77.41271899806378,1.2705914923907327,1.269676157360266,0
67.10651753863715,1.2707617090142218,1.2697183319602465,0
64.58345125039708,1.270921978452353,1.2697558306149335,0
67.60738399159094,1.271073785469842,1.2698035974075053,0
56.66504917265839,1.2711756390867552,1.2698474227303032,0
54.78468453090964,1.2712231272705,1.2698768047888098,1
52.706754241004234,1.2712724392394719,1.269917537024366,1
52.0246662089845,1.2713052511945215,1.2699544513329295,1
54.86436410419397,1.2713743832501796,1.2699979939929975,1
55.67973811543239,1.2714378848753545,1.2700297675434387,1
47.96527155684865,1.2714586233962129,1.27006467188024,0
53.05360261266697,1.2715051767549206,1.2701007285047192,0
49.82891764853671,1.2715568132556103,1.2701360723327735,0
46.978619783785476,1.2716085182481356,1.270171412900756,0
37.80107110912836,1.2716469149431089,1.2702119882688692,0
36.67524748163443,1.2716566205229725,1.270255866072656,1
36.53259689661853,1.2716090532830386,1.2702901056306033,1
36.15340646110879,1.2716132564811424,1.2703363365261715,0
43.72007257062442,1.2715932047443452,1.2703883081082854,0
49.77756266281449,1.2715438216560488,1.2704320039557373,0
57.90624189516187,1.271479479463884,1.2704845713109507,0
51.12159208830208,1.2714239021098974,1.2705385598881074,0
41.68664150655804,1.2713806065187672,1.2706055250923893,0
43.358949999839965,1.2713114667498313,1.270682126559749,0
44.14149806852793,1.2712697294160793,1.2707371599623474,0
42.8403334529567,1.2712605512607422,1.270787461492031,0
38.85900752879641,1.2712571049344927,1.2708348962247995,0
30.490822037804378,1.271223327501707,1.2708730452758439,1
32.34566345619214,1.271162644328954,1.270914460397069,0
34.57916851446254,1.2710801862513406,1.2709368679138868,0
39.678231318074,1.2710124833228054,1.270964271930836,0
39.337649703925095,1.2709650243485897,1.2709977572059523,0
36.668412889483456,1.2709032531878095,1.2710317527647885,0
33.30259058862404,1.2708107449932464,1.271042047083647,1
23.746343000388833,1.270719213183084,1.2710457194027744,1
24.64033678866066,1.270649119966143,1.2710335624412188,1
30.68875371723243,1.270607841452615,1.2710303881242393,1
28.99732306134355,1.2705366684847395,1.271018022161911,1
42.974323692010806,1.2704945017477234,1.2710210679800393,1
48.656589518413064,1.2704806509504152,1.2710321415815569,0
48.81518812366312,1.270442558297247,1.2710295828175169,1
59.371219795135,1.2704396596479768,1.2710404315442903,1
56.34518573561593,1.2704335605132204,1.2710467320063157,1
64.9573630850829,1.2704254822163836,1.2710499519873286,1
61.723776275509316,1.2704189288502454,1.2710464507889347,1
58.973450531866796,1.270425066379823,1.2710522317188533,1
66.82584880271237,1.2704621098863713,1.2710530313941566,1
78.17774996115183,1.2705410598340836,1.2710698032365666,1
81.17641488374913,1.2706341437440707,1.2710824831460699,1
89.56561703328475,1.2707701543615018,1.2710929376563076,1
89.5222302105386,1.2709135343018099,1.271093088695267,1
81.49049054734127,1.2710089832215006,1.2710966668888637,1
81.48173928813813,1.2711422611961494,1.271119865862307,1
82.5023006450509,1.2713323256786178,1.2711454631671573,1
81.9331728475166,1.2715203407103914,1.2711836000522287,0
78.14410070295007,1.271717119897549,1.2712311594920382,1
81.92834625741565,1.2719142762395745,1.2712871229242801,0
82.69688981950604,1.2721247762711674,1.2713458321925695,1
83.7903515563412,1.2722988439736471,1.2713908522694264,1
74.40720953368657,1.272426863975934,1.2714277332217885,1
71.87307296763956,1.2725636416317423,1.2714715901117286,1
71.25033105115125,1.272697311860186,1.2715172855863965,1
70.73719740732093,1.272852348351091,1.2715649460445078,1
69.1170974963141,1.2730134129578343,1.2716119098712082,1
65.56470129185297,1.2731761861500708,1.2716581592717195,0
76.5386465898894,1.273343346517676,1.2717269221167347,0
71.91354960853991,1.2734844379139518,1.271803185246522,0
59.807959348741164,1.2736014063323433,1.2718650631770467,0
60.268954349072004,1.2736973295890852,1.271924133083966,1
50.24596741599386,1.2737422725078713,1.2719723179970366,1
45.192554648513806,1.273773209930572,1.2720105808819422,1
46.137089176689784,1.2738390478620745,1.2720627251897347,1
49.540332306726334,1.2738789044321068,1.272119185027643,1
66.0747271094021,1.2739133580336846,1.2721862196806986,1
62.74886005052597,1.2739472530511207,1.2722546095062455,1
62.46181015223863,1.273997545690278,1.2723259572638528,1
62.764983725447344,1.2740512958273533,1.2724047992814245,1
69.95052010588365,1.2741393382706743,1.2725122365001562,1
72.23333611147467,1.2742340100117304,1.272619398542537,1
62.18982053127379,1.2743325840071407,1.2727286923241088,1
64.86913697586547,1.274441542130746,1.2728432136349048,1
72.5626218327124,1.2745756773427144,1.2729615467840463,1
71.74201225624014,1.2746897679750218,1.273079551959393,1
84.4888339600183,1.274813287349466,1.2732129268136958,1
87.1956216073943,1.2749655219657527,1.273356682784787,1
87.52023813813874,1.2751182439346556,1.2735145717041398,1
87.31274926255595,1.2752721131377238,1.2736688939205656,1
80.631574613442,1.275421486112623,1.2738189902282002,1
81.86612280092567,1.2755727548263376,1.2739554343154116,1
81.82368969897163,1.275766172612763,1.2740865266619756,1
82.0026002932273,1.2759804767326397,1.2742257482560992,1
78.36223196622115,1.2761880297338097,1.274362073224068,1
75.11920637929877,1.2763818086754632,1.27449848429254,1
84.65825909941961,1.2765571694583546,1.274638894577487,1
84.68025201327032,1.2767540466939165,1.2747886566437137,0
81.90467550856226,1.2769488873112094,1.2749354856364072,0
77.06395312201596,1.277112537340772,1.2750649702631849,0
72.92960279598572,1.277227892335603,1.275186969500764,0
71.95436378796859,1.2773586499576468,1.2753092010279672,0
56.204270318654935,1.2774828715390512,1.2754137791951283,0
44.01176863934876,1.2775507596755356,1.275498103784395,1
54.56828769067037,1.2776118312728595,1.27560268600459,1
57.008716567743164,1.2776888801544017,1.275698199542694,0
57.56411664094335,1.2777614555179833,1.275784578749442,0
48.93844810402636,1.2777898565305272,1.2758644891128414,1
50.6475227119302,1.2778129074575926,1.2759528867281573,0
53.39393331242227,1.277838828875788,1.276038714975051,0
44.88399707841656,1.2778477681088767,1.276108186963284,0
47.17839879811837,1.2778855621387073,1.2761901215814355,0
46.30205877076103,1.2779176114468176,1.2762828256503291,0
47.88454814150483,1.2779246629172227,1.2763701567702914,0
47.16503855641812,1.2779180684183682,1.2764503758473407,0
36.907942108450335,1.2778801428679574,1.2765096020992865,1
43.53161005746664,1.2778429381812006,1.2765707046668335,0
52.717433569036395,1.2777942609871304,1.2766358865785377,0
44.736173944569174,1.2777345862004907,1.2766919815095332,0
48.59569842443457,1.2777154432390259,1.2767573723932144,0
40.223416713511895,1.2776732605720322,1.2768157111966396,0
41.93729945878276,1.2776014730360745,1.276870858406763,0
35.04874011298,1.2775399214277283,1.276932838763071,0
32.621936228999516,1.2775131409621021,1.276994076197007,1
38.316177209296896,1.277458756883593,1.277050569613197,1
31.406869236077156,1.277402805521815,1.2771077599785772,1
29.00542945212787,1.2773285789447129,1.2771506671138535,1
27.54633486570745,1.2772581946956305,1.2771888657706456,1
39.749757950116155,1.2772059590663773,1.277236252078597,1
59.7790031803866,1.2771946551940239,1.2772960587217193,0
58.10423216165218,1.2772164635065621,1.2773390370576392,0
53.24062452743448,1.2771964697114035,1.277375105461305,0
59.54776131712335,1.2772017156525481,1.277430478308492,0
48.7313389178355,1.277186822598352,1.2774682689573338,0
53.10082372565692,1.2771727593478854,1.2774892086494092,0
52.653237969936285,1.2771839712292445,1.2775072834009757,0
51.30729089629077,1.2771616061395616,1.2775100321828718,0
51.301973977640706,1.2771288614763303,1.2775012223827686,0
47.61511356687257,1.277083288565485,1.277477999361865,0
45.865630754023705,1.2770134592348705,1.277453910832073,0
47.293305263313016,1.2769706676856178,1.2774353838258377,0
48.30921072760916,1.2769274136919018,1.2774127219529887,1
38.40529238195319,1.2768933473422284,1.2773837086548572,1
19.708571544128233,1.2768602014325396,1.277345966076967,1
25.59200002768783,1.2768412644176306,1.2773118634867258,1
27.430014746562634,1.2768112514808252,1.277279537100722,1
21.381761934530672,1.276803671408032,1.2772492678937244,1
32.43856948441096,1.2768241069189195,1.2772168898606466,1
39.30941555190125,1.2768232032769278,1.2771859784648845,1
53.451977934222576,1.2768026787412,1.2771721152818905,0
53.72397095664487,1.2767579623236,1.277151065052838,0
52.43390513547506,1.2767186873221184,1.2771191204070935,0
66.87557920766545,1.2766849104542666,1.2771112938745781,0
64.95675435702378,1.2766739348121765,1.2771175390119902,0
49.61154138985733,1.2766154572215562,1.2770906590288877,0
51.40604686252558,1.2765664317161016,1.2770583040256556,0
53.66553853458109,1.276542200185575,1.2770223300499084,0
44.33227742133426,1.2764732483501209,1.276974579110606,0
46.3788242571428,1.2764463654163614,1.2769313825453725,0
44.60889414356727,1.2764055834550603,1.276880612663782,0
42.68738245784773,1.2763705678169022,1.276844503709048,0
39.58835680324323,1.2763431226331776,1.2767957461507766,0
33.75695971405091,1.2762981235443616,1.276735913493875,0
24.826427295544306,1.2762370714146232,1.2766709294759273,0
25.153379173194693,1.2761426423440967,1.2766016930570168,1
31.45450933634254,1.276071809975892,1.2765562039438958,1
21.904923172564835,1.2759823682968032,1.2765050399399653,1
21.474457345225133,1.2758717320574902,1.2764478782887905,1
24.981637548245047,1.2757322857730666,1.276385058293915,1
32.54141394162592,1.2755891164061797,1.2763215845487519,1
39.00774059658409,1.2754953916793967,1.276279917495784,1
53.04044390693441,1.2754333943928435,1.2762518889498011,0
49.62922771349763,1.275347039985187,1.2762341412975617,0
54.112009901064404,1.275271162695193,1.2762207477052265,0
47.39841349419824,1.2752259362389422,1.2761975307710274,0
47.320672807478424,1.2751798928108378,1.2761691389412646,0
49.81605119819311,1.2751181854585218,1.276138172655432,1
46.7399784297694,1.2750716563914015,1.2760999637889143,1
54.83836452379055,1.2750198139375064,1.276056924493824,1
47.547409630118615,1.274968324447548,1.2759900803651916,1
52.9101927275985,1.2749334156348917,1.2759312845603796,1
58.08337125426331,1.274919695664828,1.2758850365321466,1
64.05908232983471,1.274941271903834,1.2758317359943891,1
62.37161446717929,1.2749950464007986,1.2757942189969058,1
54.280975776417435,1.2750549234764956,1.2757545587084609,1
56.80092748523363,1.275129600223226,1.2757344555414882,0
55.15233178948077,1.2752079234984377,1.2757235668835156,0
55.19880895985619,1.2753020042203675,1.2757171353864054,0
57.98639335399635,1.275401523810745,1.2757123523920189,0
54.64688040744469,1.275460357822105,1.2757003439836456,0
59.69097224942621,1.2755003267646483,1.275691781127396,0
71.34967198903288,1.275521794451897,1.2756896412537992,0
62.5366802778042,1.2755187329647542,1.275684295546572,0
58.14047286862175,1.2754826059283728,1.2756697095035598,1
46.50582709603264,1.2754454598659941,1.2756392089503727,1
48.03918998067488,1.275435890487684,1.2756189945440084,0
42.73907092267562,1.2754276732822678,1.2755877734051264,0
38.12297441611557,1.275447880050703,1.275549473041628,1
47.90097301168307,1.2754756164091132,1.275517889746698,1
34.00881289815223,1.2754951938440902,1.2754670864063475,1
31.616863866384904,1.2754780030208175,1.2754193008392667,1
27.86724588961306,1.2754292509093705,1.2753692619670474,1
38.267918787396404,1.2754007845824593,1.2753180856456665,1
49.58953580790386,1.2753987238743325,1.275284134621768,1
50.55730994628375,1.275422819736225,1.2752775037143285,1
52.44157343370458,1.2754263559876828,1.2752784252501208,1
53.18952165914352,1.275417957243022,1.2752738697064947,1
64.25479068363941,1.2754410626067574,1.27530426108906,1
70.6927662144259,1.2754817204993638,1.2753264944252198,1
69.96851791057682,1.2755565418318737,1.275360727334371,1
72.63600412185646,1.275620207313287,1.2753916369259497,1
73.02203062924872,1.2756745750065785,1.2754222222031597,1
73.45461661687739,1.2757759147860694,1.2754754120432552,1
80.97121519440218,1.2759151186821538,1.275540928410572,1
87.33204981907623,1.2761064354411888,1.27562472618921,0
92.70539729552179,1.2762797748174426,1.2757021804806283,0
85.35028246619764,1.2764485741201246,1.2757742557344551,0
78.1027049049068,1.2766126701498675,1.2758458482785788,0
76.7190049660729,1.2767510016649002,1.2759253761034315,0
70.14953073114077,1.2768987863064565,1.2759909543664583,0
66.6630466769991,1.2770392481211217,1.2760368434159566,1
64.15110146713289,1.2772174310122004,1.2760828766147903,1
59.76303268802764,1.2773542343810773,1.2761209634040225,1
56.71665199866083,1.2774555535972387,1.2761578909825864,1
58.66944317282955,1.277548165645491,1.276206395476948,1
56.78076719052398,1.2776145098273688,1.2762522720567333,1
55.84125530639455,1.2777197726973306,1.2763145046020181,0
47.48071280904724,1.2777663365199536,1.2763821331404808,1
40.62883032441772,1.2778127877165324,1.2764436839368303,1
40.567968945544465,1.277847614368533,1.2765124433027648,0
44.442438471471625,1.277883422690026,1.2765716397480036,1
40.93291723917186,1.27789951059177,1.2766141481739366,1
45.55989187604094,1.2779004208355105,1.2766590716159256,0
52.520271840401904,1.2779052377865419,1.2767050049648694,0
54.910527828417024,1.277869277710007,1.2767504678826145,1
52.43469597793322,1.277841982446211,1.2767871333698226,0
57.69513571023826,1.2778381433510306,1.2768263436754923,0
49.692708526555876,1.2778209400995757,1.276853422630262,0
44.24481915139878,1.2777853991410217,1.2768789262355422,0
52.32610629346502,1.277783681507859,1.27692028384076,0
46.84620500382667,1.2778091185105815,1.27696036011433,0
49.60857721572884,1.2778007147227715,1.27699444472314,0
44.01788336905602,1.2777863031453756,1.277027991476271,0
40.45881995985908,1.277759368558614,1.277068596034683,0
38.97498818114889,1.27771824348541,1.2771155089247141,0
40.703053466157094,1.2776721883559354,1.2771467912040337,0
29.62318080607764,1.2775649774910778,1.277169426285542,1
32.0522344351578,1.2775010051757887,1.277203383190515,0
39.50939292023801,1.277450605577553,1.277233679604206,0
31.946562414366227,1.2773711071631815,1.2772628086304014,0
30.599444069880505,1.2772952584799526,1.2772985419316576,1
31.59348743830894,1.277226993177013,1.2773332450809933,1
33.2810211985083,1.2771370334825973,1.277353571175981,0
24.796406777875717,1.2770262237809795,1.2773560049275283,0
21.545899844137168,1.2769201766822489,1.2773494106610241,1
35.81033811609262,1.2768389053982188,1.277352153134037,0
37.12089624761275,1.276742016498328,1.2773559673776147,0
36.19657628730528,1.276654204466201,1.2773386793740396,0
35.24342536435405,1.276568162805846,1.277313503158135,1
43.190646591659146,1.276480282855394,1.2772897802501681,0
43.511859240890864,1.2763548575636405,1.2772542202144714,1
35.23561175429968,1.2762256601658888,1.277214878786864,1
37.74400664668172,1.27614059289809,1.2771738627210791,1
43.375324609915914,1.2760700689989948,1.2771305761614193,1
43.6538912301442,1.2760117325371791,1.2770776277631102,1
56.3974839969077,1.276010415738566,1.2770390475724833,0
58.43654003908296,1.2760471631229218,1.2770088618866609,0
56.78460500075228,1.2760485254392226,1.276977725306257,1
57.434289755350584,1.2760258997845808,1.2769436388520783,1
44.742102353031996,1.2760059205201273,1.2769056623158699,1
51.77477587555897,1.276007373486403,1.27688579207777,1
57.368055808815406,1.2760370998677142,1.276861112623199,1
64.53226827991938,1.27609336828853,1.276849224738962,0
64.99865766310073,1.2761794750809294,1.2768455735210045,0
71.85093864158,1.2762658318550486,1.2768364771448468,0
70.7449345568439,1.276295751827423,1.2768246499340585,1
66.37679145209165,1.2763331112436664,1.276801302796149,1
60.44377422916515,1.276369226476167,1.276779835356525,1
60.348327959027294,1.2764230940952266,1.276757625709613,1
56.434105813804536,1.276478670535758,1.2767422027170583,1
54.420273108577284,1.2765626404326524,1.2767259073115218,0
59.20444895139561,1.276664071952166,1.2767207033310224,0
60.40260901827104,1.2767360265905006,1.2767081050230753,0
71.59703304209718,1.2768186918072728,1.2766959577697117,0
61.630666835703316,1.2768848899095637,1.276683872642933,0
45.888044830971126,1.2768682063332126,1.2766495371272837,1
42.102534816696185,1.2768558204026146,1.2766159327072943,1
40.669503022390884,1.2768759130917602,1.2765997145031307,0
45.40569816397278,1.2769099566108315,1.2765934618400023,0
46.96987978383813,1.276953471987693,1.2765735785078034,1
41.84641542020897,1.2769512112259187,1.276542629163905,1
48.68042046587631,1.2769474169530448,1.2765197935153083,1
48.55390886414294,1.2769247961658756,1.276504621947162,1
41.001498477348356,1.276876526415204,1.2764924366636405,1
52.2468817899849,1.2768711006970257,1.2764976200294933,0
47.08464336205357,1.2768656373044616,1.276502029513469,1
54.858990354474244,1.276895171783646,1.2765333805131762,0
51.929327417560664,1.2769420308156125,1.2765562456124544,0
47.281337866425524,1.2769505638060004,1.2765576090009918,0
55.9247796802884,1.2769339802865878,1.2765673519664207,0
57.794898679820285,1.2769389970417035,1.2765834027362224,0
52.034433085717694,1.276934147080715,1.2766035648925032,0
43.80636466597792,1.2769028506516849,1.2766144318907104,0
45.6263485711366,1.2768530248442724,1.2766266781950288,0
46.76146467926814,1.2767995837206654,1.2766356354582995,1
46.74817222660338,1.276797621784604,1.276633023681838,0
49.598111569244125,1.2768014523804714,1.2766397070601518,0
45.975246426697055,1.276766142580041,1.2766444897486668,0
34.707281018025824,1.2767087731923172,1.276649705994591,0
41.90513849421775,1.2766781494428936,1.2766527251428033,0
28.666054152095,1.2766528211958499,1.2766618146167885,0
25.788211592816694,1.2765973178379912,1.2766684565841493,0
27.34739982057799,1.2765165588591363,1.2766550083315804,1
30.09707809642535,1.2764449417648005,1.276642385769963,1
25.730823280431096,1.2763443312067921,1.2766306594973387,0
24.968853905970107,1.276248774163482,1.2765973728834352,0
28.98269116425351,1.2761193070725558,1.27656223809303,0
39.62184511426136,1.2760184438362088,1.2765442129712488,0
39.19348268505773,1.2759341130364956,1.2765208943017579,0
30.485080598141963,1.2758158923187324,1.2764913406858627,1
28.619684087596312,1.2756879925719,1.2764556503704212,0
31.094071402355965,1.27556497533732,1.2764147150803453,0
31.084587924507503,1.2754566289415918,1.276359736151935,1
30.414789330458873,1.275363898071217,1.276300447391144,1
38.21887309163524,1.275303623580831,1.2762507521486126,1
34.62378790646447,1.2751917186959683,1.276191410429256,1
36.219873876724606,1.2750525355669513,1.2761274767894657,1
45.57311929011789,1.2749778714622932,1.2760879477431175,1
46.66468879052621,1.2749278726791495,1.27605161742816,1
51.641916714429186,1.2748763220242498,1.2760117857381998,1
55.45177705113424,1.2748636484616898,1.2759822178284037,1
50.39916612291766,1.2748720084627512,1.2759516311883834,1
57.14562101529443,1.2749181607287094,1.2759278619868641,1
69.0980017419504,1.2749713242629281,1.2759034387522248,0
69.31621451807507,1.2750288939481644,1.2758882611127789,0
68.11215389063754,1.275093382305425,1.2758874432723202,0
72.72661128229717,1.2751610674246618,1.275884336901849,0
67.50328781746286,1.2751882762745361,1.275869158244359,0
65.01193272928157,1.2752343650378652,1.2758506576725714,0
71.94125049262705,1.2752954127391962,1.275828116986464,0
70.92959056274465,1.2753326332669486,1.275808219186833,0
59.792631436686776,1.2753665639871101,1.2757823738939715,0
50.05619445403352,1.2753960185086028,1.275748225089026,1
42.70648278064895,1.2754033504055182,1.2757111769872695,1
32.14018660166056,1.2753915012258026,1.2756589123601234,1
35.66726569785408,1.2754295593523939,1.275616979248429,1
36.961209762296924,1.2754982422198533,1.2755687049639486,1
28.41441474434103,1.2755137586171834,1.2755166388637458,1
35.445318347445806,1.2755436580350399,1.2754888551197758,1
43.70891698653402,1.2755785871692846,1.2754696284912785,1
45.77515700456283,1.2756007259198083,1.2754469093796454,1
49.871828023176676,1.2756254791102823,1.2754281640002105,1
51.59427405071824,1.275641095310421,1.2754231598503585,1
64.77473851255289,1.2756656955524623,1.275428507035501,1
74.84274147912991,1.2757034123903535,1.275449792580654,1
80.09439616336257,1.2757728734107978,1.2754775439227977,1
88.11366572835347,1.2758398324478448,1.2754996889287982,1
93.4479415930042,1.2759286917958812,1.2755341779306952,1
95.69073260446349,1.2760430648047199,1.2755843743175321,1
90.0863833229341,1.2761678416414377,1.2756239938658815,1
86.40111951554698,1.2763016408335612,1.2756677470419178,1
90.46757928798019,1.2764411480491051,1.2757199059784172,1
90.03146968127785,1.2766159533261499,1.2757879828758316,0
90.00893409594322,1.2768179674440538,1.2758603872589709,0
87.18992900090637,1.2770186877410328,1.2759286549738196,0
74.48978579411276,1.2771827878150857,1.2759905847090705,0
74.31278146668635,1.2773334533625735,1.2760543634799557,0
64.61275632657689,1.2774753851352156,1.2760994153833487,0
51.253399583767894,1.2775632261667558,1.2761405003718798,1
38.73978231837451,1.2776088968622186,1.276186830308673,1
40.376997493826,1.2776511705504003,1.2762321805710457,1
44.56637408052291,1.2777165771607204,1.2762888047295706,1
37.44408520133074,1.2777766202359806,1.276351156368114,1
41.19828131574533,1.277817985413832,1.2764101419725469,1
48.99117137696247,1.2778585858652214,1.2764717774944103,0
42.69028623089123,1.277844007424047,1.2765384594140294,0
40.838728218746574,1.2778386046630854,1.276614116567252,0
35.803461741862165,1.2778223428017714,1.2766719664664865,1
39.79043901068218,1.2777911706170006,1.2767296934926724,1
43.807100397651695,1.277762691628685,1.2767785417076558,1
39.18070363512943,1.2777246441388803,1.2768121453127939,1
43.65330758646613,1.277688981333701,1.276846695126797,0
59.26781827216345,1.2776676767334392,1.2768877892777233,0
70.58608063465626,1.2776453258202014,1.2769299878818803,0
65.99380336866548,1.2776176689566758,1.276964164977224,0
52.34809073905539,1.2775932371293117,1.2769905266386252,0
44.54563481304983,1.2775318584570174,1.277002679892898,0
49.396615079137206,1.2775132979745025,1.2770294240633353,0
40.76235522829149,1.2775049908410692,1.2770487506931614,1
45.208708339875216,1.2775146581378816,1.2770745284681475,0
48.87145764246299,1.2775433865961967,1.277116481902745,0
43.10679675549677,1.2775151227972725,1.2771482282536355,0
46.73743083319626,1.2775147012398118,1.2771986294605977,0
47.49021612518795,1.277505369244548,1.2772509495081588,0
46.41621777961582,1.2774513626575215,1.2772957220670977,0
45.12465386621612,1.2774222183203665,1.2773355230012182,0
36.19552595095002,1.2773692686322415,1.2773625271322073,0
34.18649383806054,1.2773249823317425,1.2773964559523103,0
33.832898382449045,1.2772574366627352,1.2774152049437508,0
32.46697964535518,1.2771625662311243,1.2774121333323918,0
36.229538011704435,1.2770791484357207,1.2774035143191589,0
25.71773021516985,1.2769670871784833,1.2773833383540774,0
29.05478930184222,1.2768273273379152,1.277362282088721,0
27.09772768222274,1.2766483589127788,1.2773230532260067,1
17.915447962988893,1.2764697939870584,1.2772707176159062,0
22.09531883780187,1.2763204234476901,1.2772095466533822,0
8.972202224907406,1.2761992179984065,1.2771464341131227,0
11.688934606475058,1.276057586469336,1.2770809819327171,0
20.0836167803201,1.2759472615133443,1.2770104293766114,0
18.19322648131218,1.2758210322454795,1.276935804709764,0
19.524546635541455,1.2756682597271651,1.2768631294601864,0
11.077043477410356,1.2754827895102538,1.276764884838095,1
13.613891730828584,1.2752734553278244,1.2766616302612674,0
15.836743743314301,1.2750632361960108,1.2765490570089415,0
14.703704182184055,1.2748562420189153,1.276430743778251,1
19.5836856249029,1.274660013038977,1.2763264130907748,0
26.941714566078517,1.2745000160379276,1.2762291522023488,0
28.887986404152045,1.2743224865593126,1.276135296521949,0
27.611628577143264,1.2741393271923136,1.276045645353974,0
27.486509145826844,1.273995909471388,1.2759669383760595,0
24.786941468539823,1.2738312171158055,1.2758755329453209,0
21.811933424141174,1.273679874002254,1.2757686570906908,0
25.226111232397344,1.2735479519725983,1.275670814783368,0
28.230812346425026,1.2734399199278241,1.2755718270316039,0
24.320432858833,1.2733053523186524,1.2754494241972785,0
27.55384202488628,1.2731330205265188,1.275325151894371,1
27.01384342308741,1.2729678412841348,1.2751981287615424,1
32.91342131544593,1.2728143206906097,1.2750777730882523,1
31.271034284429305,1.2726169461170318,1.274940739576624,1
31.98709505335944,1.272450285157728,1.274810842121381,1
32.80533404045683,1.2723102255282361,1.2746973620159288,1
42.71660544109826,1.2722698016352514,1.2745972129587153,1
47.03071116495268,1.2722309759187973,1.2744869499354108,0
48.31478585649715,1.2722075691449843,1.2743739543388548,0
45.729343411422455,1.2721622312371605,1.274248568690445,1
54.552799432151666,1.2721509365599193,1.274149492863018,1
49.01066659892745,1.2721062625575512,1.2740589138425624,1
46.05681209667995,1.2720528656444778,1.273951123589939,1
51.06483026237336,1.2720126399468383,1.2738487049962814,1
62.371772127763926,1.271998112212893,1.2737603200060639,1
66.98464275302558,1.2720512412580092,1.2736786748100457,1
65.46195773897088,1.2721193678645226,1.2736103551175908,1
74.6049002558598,1.2721832331969194,1.273538227566211,1
73.91479613070442,1.2722467371498718,1.2734683741937334,1
66.30625333637444,1.2723262805746107,1.2733993913641144,1
65.33861587710724,1.2724683118085236,1.2733435892896339,1
61.748028596397276,1.2725953645953714,1.2732885671467942,1
64.28140149663412,1.272735316256149,1.2732419066580152,1
76.74361752859335,1.2729309407692608,1.273210141219234,1
74.13771733914615,1.2731297345031067,1.273197709430174,1
80.34883920517375,1.2733381490847506,1.2732009622755407,1
87.8756258567838,1.273553278192249,1.2732316893642215,0
88.31867299617707,1.2737587298166724,1.2732595109269138,1
82.37628909353352,1.2739390219685034,1.2732902195611444,1
69.24339017099047,1.2741243437846355,1.2733103886094757,1
73.13097468778818,1.2743125571625273,1.2733463463489525,1
69.4959741733659,1.2745033378574435,1.273380561786177,1
71.42151358597543,1.274733665078145,1.2734215550334627,0
72.65726774000868,1.2749546681420207,1.273451667647752,0
72.76132966625187,1.2751762808187643,1.273502419435378,0
72.42418865655338,1.2753423226609188,1.2735482999835472,0
64.77424721319309,1.2754831508594173,1.273610499657256,1
61.009480146693164,1.2756009196960476,1.2736692133135001,1
57.4061229547731,1.2757076842232968,1.2737261534046478,1
53.76533393391242,1.2758456893865213,1.2737951703111565,0
45.098655319487996,1.275954496242106,1.2738613825708855,1
48.440037343668195,1.2760872079759973,1.273923443922022,1
50.502577906368906,1.276185002536365,1.273986913048836,0
56.024335868923146,1.2762452382223057,1.274052505631231,0
41.90182745995519,1.276282561879064,1.2741123703932447,0
54.482669252465335,1.2763240414347714,1.274198092003127,0
50.339785698749374,1.276327098721721,1.2742905792520083,1
44.775434313125714,1.2762955329541794,1.2743585433195463,1
34.18364869488694,1.2762694970156256,1.2744220503962649,1
37.33575611805998,1.2762809942911013,1.274500645398455,1
52.92612754096859,1.276284853666138,1.2746070796048001,1
58.28834852253028,1.2763168305583477,1.2747201574958624,1
56.306789455953364,1.276309423603503,1.27481959619862,1
62.29494001164752,1.2763625335166042,1.274949902607581,0
62.38967100202325,1.2763855880830484,1.275076540605506,0
64.06659729196554,1.2764459379944106,1.2752025849700173,0
60.313559723009966,1.2765069697850888,1.275305366917191,0
53.97521470159877,1.2765260555913502,1.2753872451825214,0
51.4055839114551,1.276528356693633,1.2754544684241071,0
37.03466157840429,1.2764570618028621,1.275513102537437,1
42.84770503603636,1.2764271501751316,1.2755718680169703,1
48.06292045208191,1.276389326428609,1.2756366694704453,1
47.043681317405785,1.276339383831027,1.2757015203234556,1
48.01363708089421,1.2763108323682695,1.2757717825998036,1
43.16425635884397,1.2762970722685496,1.2758319544155072,1
41.82598690712423,1.2762560468025061,1.275880014220926,1
48.003331567468244,1.2762338602629657,1.2759363762113853,1
38.989116009308745,1.276244102558732,1.2759828910642712,1
36.965851072595655,1.2762474605808407,1.2760223397686525,1
35.30340944030799,1.2762648081699555,1.276076056436593,1
41.256851583224545,1.2762621911336587,1.2761246313348544,1
49.15898650166339,1.2762418030137865,1.2761787328632286,1
61.97298757897924,1.2762807737966573,1.2762377792148234,0
77.4698213648356,1.2762650333297387,1.276283539631772,0
65.7722677986094,1.2762326536069264,1.2763177082470338,0
66.45428521712361,1.276184395451557,1.27634108351674,1
68.11090339790462,1.2761453469232842,1.2763421944096052,1
68.24895935958835,1.276161725943632,1.2763484436333052,0
62.35567050373415,1.27618911559401,1.2763545058743098,1
57.73099836670468,1.2762710236877368,1.2763717744986776,1
60.3217519440233,1.276348745073549,1.2763863431813791,0
59.70000190434494,1.2764145921088037,1.2764011711709893,0
60.130014957265495,1.2764828297814381,1.276401186204773,1
61.32039673382004,1.2765648309316338,1.2764158477156486,1
53.198289238043934,1.276623078070208,1.2764106733160847,1
49.83154259416256,1.276656174483024,1.2764055549497677,1
42.35610773027194,1.2766771602633908,1.2764139799729748,1
48.8155110394259,1.276721669293434,1.276431190903226,0
58.01579278295433,1.2768064013758071,1.2764618266296566,0
52.894857244562665,1.2768609731241813,1.276482169931657,1
58.29224636874977,1.2769116043635251,1.276507474583422,0
54.23350616527553,1.276951376025025,1.2765244000828395,1
55.29893176647865,1.2769378374844973,1.2765389131940763,1
61.43956813302271,1.2769557392656494,1.2765677400491093,0
51.762028149664964,1.2769803474374162,1.2765968224703748,1
54.92101184124327,1.2770022782805959,1.2766123782550696,0
59.884121272434456,1.277040116912279,1.2766274016858283,0
48.94196316413753,1.2770479511810175,1.2766494109240405,0
58.951142180166606,1.277090247133031,1.276682805921272,0
65.37688477675914,1.277150943228543,1.2767197540736546,0
52.17076128468517,1.277137371839291,1.2767273504506402,0
49.212421120015854,1.2771368835163446,1.2767291923541881,0
39.44105096080806,1.2771368908784517,1.2767321731147523,0
48.50050277243039,1.2771354882450843,1.2767250296070407,0
39.686617524614256,1.2771265343794462,1.2767070518346437,0
40.071738926384704,1.277124024070578,1.2766767893802349,1
44.218870011837694,1.2771174052079486,1.2766581541421187,1
37.765595915539,1.2770938535973015,1.2766583101056064,1
44.49057478064107,1.2770615299672818,1.2766750959391162,1
37.20251920600636,1.277014447891796,1.2767051243672305,1
44.49437347944583,1.2769875786460485,1.2767316459717888,1
50.72027032327302,1.2769796994397775,1.2767605492873069,1
52.24497580074742,1.2770094759461807,1.2768069500401376,1
53.39559065831616,1.2770329566462242,1.2768565897602915,1
62.923272072043325,1.2770667447382513,1.2769046914582554,1
55.37651006777694,1.2770705897700028,1.2769381954420682,0
56.35250665417505,1.2770606557584743,1.2769581198840319,0
58.09440307788348,1.2771016974662714,1.2769924488870563,0
69.64282426771238,1.277150791894679,1.2770441384468072,0
68.18027782857955,1.2771772694619759,1.277084738590463,0
54.61750944849738,1.277187791076358,1.27709759042772,1
53.68994659551518,1.277188924831375,1.2771080410812232,1
50.23775106467649,1.2771993521739482,1.2770996044656686,1
54.978554621438306,1.2771839831026843,1.277092609516219,1
50.87369611288556,1.2772064200877675,1.2770965584269802,1
52.23565935830017,1.2772524685481164,1.2771040186188585,1
50.80083356823888,1.2773105621548015,1.2771242402347258,1
49.023325816129685,1.2773761580976086,1.2771440829671972,1
42.59901537447726,1.2773926346800049,1.2771565035735142,1
45.76066728900406,1.2774316504923715,1.2771693750890845,1
56.193366821004496,1.2774831860478217,1.2771854223614978,0
52.17101194853499,1.2775318361779813,1.277207446914978,0
48.185196059978125,1.2775614852753716,1.277238412237711,0
52.242439649975246,1.2775812707435614,1.2772631656850626,0
69.73257739862986,1.2776092443592506,1.2772991579738724,0
56.8182124920667,1.2776161439934868,1.2773221832462534,0
57.05196051291959,1.2776292514459295,1.2773389563570476,1
58.105597636139976,1.2776111713435385,1.277348249707098,0
60.68887387493443,1.2775910911279957,1.2773580143476828,0
57.83037819802389,1.2775838051066586,1.2773738713834535,0
46.45910002738014,1.277598973686715,1.2773725381569958,0
46.38908068525551,1.2776264578036747,1.2773780737926832,0
50.58069774871514,1.277644050629812,1.2773820897237946,1
46.86367844001738,1.2776431196291218,1.277367561661608,1
31.39372691780156,1.277616091860033,1.277350856196027,1
32.47864614222701,1.2775826661843606,1.2773361737803643,1
37.70644366136382,1.2775543733256993,1.2773299428000937,1
38.36645949768827,1.2775267898268658,1.2773356184255364,0
39.49279709779259,1.2775458251619072,1.2773387347850647,0
51.863247246357865,1.277580462674452,1.277341182867448,0
53.631005635998505,1.2775728901794603,1.2773596296975656,0
56.91999724116125,1.2775715032348536,1.2773812948023817,0
40.267134176689865,1.2775167111701975,1.2773903403544096,1
40.59210902967503,1.2774571543213276,1.2773918321155597,0
42.80556215531727,1.2773696167837518,1.2773963909355948,1
46.36216726857021,1.277350041162532,1.2774125900830349,1
49.099691641410864,1.2773322364749409,1.2774248888638444,1
55.269157048889156,1.2773157508024915,1.277437008589174,0
51.773727333753975,1.2772458766566623,1.277431753023435,1
53.83750432819188,1.2771945628285848,1.2774459173581691,0
51.04970928983607,1.2771868225965006,1.2774522357371767,0
51.394141589650104,1.2771815121348304,1.2774587988707042,0
44.621396759568675,1.2771760267440997,1.2774487100429623,0
39.104786312392726,1.2771790301302106,1.2774259910552024,0
39.77326535073039,1.277202289603365,1.2774050741420728,0
33.51667853266321,1.277201860150383,1.2773886819325164,1
45.54968126173997,1.2771856496385487,1.2773799403521238,0
36.21827192848876,1.2771188139373215,1.2773424650139564,1
38.11805659358432,1.277030536731012,1.277290632719598,1
41.592999715858525,1.2769675875021684,1.277257310083525,0
44.34266016252148,1.2769111117357357,1.2772489579613164,0
44.98898461432074,1.276844470774669,1.277243513179699,0
59.520957081266204,1.276862213093597,1.2772554847222688,0
46.16733208419599,1.2768330807761237,1.2772514711849354,0
40.948866160522996,1.2768083532038814,1.2772371641820404,1
37.30285666364374,1.2767536706646105,1.2772130709296325,1
43.5017978797813,1.2767182398547585,1.277187959943827,1
49.58083307742169,1.2766989843644554,1.2771661390959128,0
45.79456715967979,1.2766919724731953,1.277151488140711,1
51.66963055482651,1.2766845969067517,1.2771470959239213,0
48.8004613770366,1.276657479823586,1.2771219532474822,1
61.078007065299175,1.276642899051334,1.2771032240200455,0
58.72894831911153,1.276624115693933,1.2770737622103867,0
52.22695768518868,1.2766177896422473,1.2770405986146767,1
48.518723000940774,1.27659779466677,1.2770004942650806,1
51.921513856909456,1.276611324383018,1.276986754088329,1
41.69492896932266,1.2766065129789541,1.2769708449653334,1
51.559647410785956,1.2766422616223116,1.2769549011254657,1
58.651572055958376,1.2766970475869657,1.276933015303186,1
63.48459488224792,1.2767278841674705,1.2769149417078496,1
63.596411514440874,1.276767298473612,1.2769162878760754,0
60.87828274882114,1.2768075642607388,1.276915955762525,0
64.10199687846884,1.276801785556417,1.276918578692911,0
56.635962758020334,1.2768340532763969,1.2769278446438457,0
59.86276681359351,1.2768824231977824,1.2769436967171401,0
53.886880498986464,1.276943254819893,1.2769573063838455,0
62.44446709872898,1.2769848341280166,1.2769601442647542,1
63.98339921963133,1.2770100131528481,1.2769594284263055,1
53.86930453370645,1.2770227126112341,1.276942243120442,1
50.93587559808073,1.2770290831035278,1.2769265440955515,0
57.09201688255418,1.2770466468519013,1.2769114559164587,0
63.84278157555431,1.2770601974115552,1.2768987016907263,0
60.89869902478299,1.2770935305461124,1.2769044899607527,0
43.74428654478004,1.27709592396381,1.27689610647167,0
34.21994593146705,1.2771008393387229,1.2768929832870688,0
31.20409971410548,1.2770817025017502,1.2768794186240162,0
40.115502387774946,1.2770868049046524,1.2768726723372181,0
32.38079073961333,1.2770530819216277,1.2768498335731202,0
32.49789162459072,1.2770104406677976,1.2768388409076399,0
34.43309006614328,1.2769671878163442,1.2768239917029536,0
32.61125486395861,1.2768942796476561,1.2767992706965376,0
32.9932437925513,1.2768187542210896,1.2767708525970285,0
36.304322790073414,1.2767392426438549,1.2767438650528131,0
28.58843588904341,1.2766524710535356,1.2767172210131756,0
25.90463223508884,1.2765573940066597,1.2766857384784578,1
15.463677501283897,1.276443940726498,1.2766541386142913,1
21.50230128987343,1.2763463834810544,1.2766244378017564,0
24.028816480547874,1.27623440023683,1.276605662946109,0
22.593747720593242,1.2761342134910882,1.2765837138244724,1
35.837473478063174,1.2760550579924408,1.2765615322916604,0
37.117418758924025,1.2759908156025332,1.2765433374631778,0
37.8488821177314,1.2758717665247703,1.2765096199907666,0
35.086588197005455,1.2757380894194783,1.2764548404911051,1
33.50237880227343,1.2756423499105316,1.2764198141254333,1
37.551229760282595,1.2755596660722988,1.2763935084344356,1
32.58671461391111,1.275452312168299,1.2763588752254917,1
40.31953125232008,1.2753528823513742,1.2763265293358643,1
46.44888939820493,1.2753088731692581,1.2762937890950412,1
49.918135819958906,1.275273293912114,1.2762713694832073,1
57.549932559146825,1.275253841329123,1.2762516894719023,1
56.81372595581318,1.275255707212193,1.2762385616519807,1
61.503433710163925,1.2752647313107417,1.2762195855007914,1
69.9410492749787,1.2753155815389143,1.2762204513908055,1
68.40699822626445,1.2754014858139735,1.2762306994818662,1
61.590182454961884,1.2754790839130363,1.2762382541769643,0
73.48981383209801,1.275582405216198,1.2762425709475635,0
74.12025822757168,1.2756599260910035,1.2762458030465762,0
74.69367075416487,1.2757611619682303,1.2762532230844763,0
75.01774433876999,1.2758887950918099,1.2762604128264101,0
75.67656941168461,1.2759561152081216,1.2762528247079208,1
72.2326041286281,1.276002719593835,1.276237505911267,1
70.72419887129692,1.276090016363994,1.2762226008320687,1
66.3358491528013,1.2761835829081765,1.276207559431809,1
62.52796418581564,1.2762785398496743,1.276197608754744,1
63.91613132002067,1.2763827411236024,1.2761936356047636,1
61.93156149791639,1.2765148548252259,1.276187515227625,1
55.431268788811714,1.276629120140478,1.2761842437408488,1
56.989000981100624,1.2767541106137408,1.2761914280793984,1
65.84151809855206,1.2768789523041801,1.2762138653603856,1
63.81498308056437,1.2769816838706396,1.276232729778747,1
61.33690683193193,1.2770573965733205,1.2762428615405483,1
62.17148192967497,1.2771373829256423,1.2762504597064261,0
61.443361014535775,1.2771938719664335,1.276260587958934,0
79.37706971112736,1.2772538796257904,1.2762938817466583,0
80.80921986876439,1.27733090603388,1.2763302808550272,0
63.88464282976993,1.2773609832197663,1.27635428323477,0
55.99944490830115,1.277371208200724,1.2763595643650048,1
57.73697941334888,1.277385870742667,1.2763863386128922,0
51.314854866756306,1.2773804782680125,1.2764084278664962,0
53.42234372916513,1.2774099538105155,1.2764299311055893,0
52.94315847649555,1.2774439514774394,1.2764573746431802,0
45.16604937707314,1.2774696725672177,1.27648296817052,0
41.84640889559294,1.2775019026299432,1.2765126234262443,0
36.95670487008233,1.2775115281699894,1.2765412316013256,0
40.89224167685693,1.277505415842439,1.2765728443390754,0
33.63975753558179,1.2774886952208249,1.2766054170253556,0
29.729654994343832,1.2774605436351483,1.2766299078024865,1
16.99779335741252,1.2773996875138514,1.276657542990207,1
16.032683851965857,1.2773254218149135,1.276690348689916,1
30.97442474348864,1.2772649643420873,1.2767166923186055,1
39.72592328804389,1.2772203837930776,1.276734688816766,1
42.69199966746829,1.2771825496498088,1.2767747729564416,1
59.19835665534868,1.2771678525967733,1.276832493229852,1
61.55942762272085,1.2771449296197401,1.2768949136303416,1
63.67178199146282,1.2771313539377143,1.2769589560011934,1
66.55209930464946,1.2771588649534487,1.2770369043488299,1
70.67452745475669,1.277235547168523,1.2771126302918645,1
78.84300905826423,1.277299848795873,1.277182728863538,1
81.36076879936704,1.2773939613858851,1.2772566948560045,1
88.05911552908903,1.2774914891641789,1.2773249902396115,1
88.17609297531548,1.2775799236138086,1.2773870612038265,1
92.35200066990002,1.277688745673545,1.2774525739156415,1
94.69317302143021,1.2778011696578737,1.277506858673828,1
92.9166902203215,1.2779281344981614,1.2775518910750008,1
89.23652974141068,1.278046262963168,1.277599715959128,1
88.07032829258635,1.2781787716150765,1.277643963584907,1
87.1968091313629,1.2783375339946708,1.2777009509639534,1
87.25813772637692,1.278519559780974,1.2777609021153045,1
86.93964025045716,1.2787127117155965,1.2778199153394305,1
87.41680724878877,1.278899722092532,1.2778941350723696,1
88.06746097407797,1.2791136476116995,1.277979060023912,0
86.27158557478248,1.2793050850980683,1.2780608004500715,0
72.69259861433704,1.2794456301505694,1.2781373121268091,0
74.83455829007727,1.279594783744194,1.2782214111881496,0
73.40779883662684,1.27972351265898,1.2782952646153445,0
64.88137758436454,1.2798327143192538,1.2783640481464411,0
53.413834883261245,1.2798908306783874,1.2784173145070281,0
56.372764676999225,1.2799582008575983,1.2784643649610812,0
51.01746403366536,1.279975559964548,1.2784953379201518,0
47.347417455136906,1.2799667396797694,1.2785190125632635,0
45.58982126466415,1.2799761111507042,1.2785545470347799,0
44.835358663594995,1.279982146659885,1.2785904794093386,0
40.89496710160906,1.2799739189064492,1.2786188774498342,0
37.45354134059565,1.2799651537001742,1.2786364007047542,0
27.68841499103162,1.2799487846922148,1.278646867422462,0
26.762129928270994,1.2799187100298912,1.2786670543089569,0
31.230989652833387,1.2798746166801682,1.2787023143557312,0
20.96106493628251,1.2798038347269787,1.278728087709029,1
21.56362375844418,1.2797215830186301,1.2787563572396776,1
20.01160875829855,1.2795997305681832,1.2787700457754367,1
32.57800179016456,1.2794751709975538,1.2787915478319578,1
32.161672761009356,1.2793632748754993,1.278818241373384,0
43.70545335273719,1.2792880151391808,1.2788517571305043,1
54.555494155191155,1.2792125205841918,1.2789018081538304,0
47.34717794639437,1.2791313693494404,1.278945646018145,1
41.61395511386514,1.2790566028327683,1.2789912111912185,1
36.842380336552246,1.2789799853300754,1.2790250911849987,1
51.52854528549079,1.2789526422293007,1.2790855468472608,1
54.36886042665639,1.2789535527703113,1.2791465903023107,1
60.04429809421399,1.2789887970049576,1.2792085456284115,1
54.213870395739846,1.2789889895823534,1.2792619893504902,1
59.04472485121959,1.2789944505387596,1.2793152397649188,0
64.4701893696106,1.279048086493782,1.2793709710086378,0
70.38918190569615,1.2791031390656293,1.27941968448311,0
63.48280951301185,1.2791555220489703,1.2794565346669646,0
61.62843993386152,1.279215759973067,1.2794898123168044,0
51.29583459968959,1.2792281533686745,1.2794993568357917,1
46.969443891123774,1.279249442100657,1.2795079250309427,1
52.466491386783105,1.2792911679052703,1.2795152398474317,0
53.621862847125364,1.2793602921512965,1.2795175669702836,0
60.241907830974235,1.2794022412579902,1.2795204748896303,1
50.282931184685054,1.2794445326757813,1.2795205561742784,1
53.7347623614661,1.2794832083653664,1.2795245726135014,0
41.80050703187298,1.2794652686142887,1.2795166618002813,1
47.30012457788307,1.279464868154445,1.279513088094656,1
53.73519822533848,1.279518099139181,1.2795269422008604,1
39.736380055184036,1.2795820435348173,1.2795228950010573,1
39.648071496849084,1.279584106388403,1.2795113654902324,1
52.51864060622426,1.2796263177418212,1.2795120327128007,1
57.04938800146857,1.2796697994811146,1.2795165765838448,0
65.56444336891857,1.2797271841459994,1.27950740396421,0
66.38772653443908,1.2797694047989945,1.2795009676452893,0
63.82646200584978,1.2797759174347898,1.279503085922326,0
59.8835356383038,1.2797692203090105,1.2794894591090362,0
60.992500103612706,1.279780509237743,1.2794793332984695,0
57.5940274908502,1.2797890869155526,1.2794723613553236,0
55.62698582504285,1.2798425676094283,1.279480051608208,0
60.86272119671397,1.2798824059787266,1.2794776070793938,1
53.39268422148083,1.2798819870220206,1.2794778106704208,1
39.73190322435669,1.279881462077427,1.2794834559293466,1
57.40273835035377,1.2799193124192558,1.2794977553970508,1
58.35265071641586,1.2799486167351315,1.279507144204377,1
44.50444370041078,1.279959960837944,1.2795189893860992,1
41.68018090216586,1.2800176393736846,1.2795376560696856,1
43.947690768038264,1.2800705735160567,1.2795618036241927,1
55.32199233706957,1.280112633213242,1.2796045114742005,1
55.30982331824537,1.2801802457760334,1.2796451466394034,1
64.23490347004514,1.28026295798875,1.279695014794941,0
59.28062596754607,1.2802938926556684,1.2797409565676157,0
63.379086149945614,1.2803132861677269,1.279801998823662,0
64.02516979814783,1.2803478276413516,1.2798564666217294,0
69.22240826445278,1.2803773238477887,1.279906587234205,0
76.13762448541603,1.280397219019307,1.2799467674743765,1
70.68971561190571,1.2804192236482412,1.279972140334656,1
64.61798741519188,1.2804480785627004,1.2800060169837735,1
67.21293564440361,1.2804943939860958,1.2800474778166548,1
69.10550215486484,1.2805361008975937,1.2801024978352153,1
66.9823266821655,1.280597697143439,1.2801356290450492,1
68.19146773023914,1.280683068894491,1.2801696171200925,1
56.69876116680745,1.2807711262049923,1.280196387609361,1
54.51026520937765,1.2808224090131293,1.2802311231693613,1
47.46915094507265,1.2808724588243927,1.2802583475186304,1
75.42151097390595,1.2809807417478851,1.2802920514877405,1
74.65917736039877,1.2810805387821242,1.2803286159562837,1
76.09749563382206,1.2811957884424632,1.2803779101815898,1
78.23501885338266,1.2812835839991812,1.2804316410846461,1
81.03094349529036,1.2813663984368655,1.2805004446666797,1
91.42917882316216,1.281460651347069,1.280579498493506,0
87.46954646888149,1.281563800694034,1.2806500096831215,0
88.15939759194796,1.2816775900420396,1.2807289179799595,0
85.8655773798141,1.281779659873606,1.2808074340679758,0
75.85674062805259,1.2818643406750776,1.2808745104339239,0
77.1605627279393,1.2819656945916005,1.2809397619648701,0
68.39127682127328,1.2820580511917394,1.2810092533656365,1
71.36077896045549,1.2821552890159738,1.281082185328385,0
63.899309209587216,1.2822174693638224,1.2811272259065114,0
50.98207958815421,1.282275957554131,1.2811800634429409,1
42.35937516802079,1.28230139569616,1.2812225447681518,1
52.47608772736187,1.282381878135307,1.2812718412774868,1
44.5793224957652,1.28242865191307,1.2812999285821431,1
45.496132615487944,1.282479466263618,1.2813320360164087,1
44.87303170552428,1.2825519260587577,1.2813713560225355,1
49.8999416008493,1.2825924601582428,1.2814186685771216,1
49.15793196182612,1.2826433858401258,1.2814782821687296,1
49.218760275160136,1.2826757931800752,1.2815360237585225,1
57.41818155019398,1.2827257830757908,1.2816063195487417,1
59.00936154305116,1.282798418649089,1.281682785082544,1
64.3673646744925,1.2828502445126155,1.2817666339070615,1
63.58919350056921,1.2829123077561433,1.2818621379767705,1
68.07665412540173,1.2829482104123524,1.2819556173139295,1
65.02552199327229,1.2829730280432883,1.2820289203175887,1
75.50835968412261,1.2830401469517128,1.2821111225205561,1
72.29406332094877,1.283125515889708,1.282205983985576,0
77.4699422313609,1.2832151054959173,1.2822882398145297,1
76.35263090910173,1.2832914268894968,1.2823705266777612,1
72.5052578434154,1.2833879584750887,1.2824373560112499,0
69.0258225536966,1.2834899966424564,1.28250396378951,1
66.00946237114852,1.2836208032932883,1.2825656828899674,1
72.11137597917289,1.283715536756222,1.2826404989177085,0
60.811055069777794,1.2838276889845421,1.2827056897088693,0
49.95198671511167,1.2839233499163065,1.2827622449263907,0
55.61126558669819,1.284020841546185,1.282828763101894,0
51.688270730515406,1.2840894792204312,1.282895572657571,1
46.84773704535283,1.2841174049375055,1.2829575546844354,1
48.87364933880321,1.2841420951054445,1.2830136303756203,1
39.96543196059092,1.2841344212856745,1.283062330468573,1
41.55323659798017,1.2841391016628803,1.283123985388659,1
51.432404733245185,1.2841575088516248,1.2831905585903356,1
57.682772097822,1.2841933946750952,1.2832662682890124,0
61.64089791656108,1.2842509400443491,1.2833475428496723,0
64.8966993798251,1.2843442478612221,1.2834376558568257,0
61.110507170139776,1.2844004620808271,1.28352232382313,0
56.907696172669695,1.2844275659180515,1.2835847136536425,1
55.74437019264013,1.28445262337315,1.2836370736509397,1
58.89147283251716,1.284476586919306,1.2836828460684981,1
56.77174457273374,1.2845164983554962,1.283730521753776,0
59.86318547663885,1.284559633044889,1.2837812576327194,0
72.16262373890346,1.284626814451967,1.2838321481319264,0
67.88333952965287,1.284653746365966,1.283876477186481,0
71.30057973647348,1.2847047187024963,1.283916541173052,0
59.095955390428024,1.2847479308206808,1.2839495533052203,1
55.73938736852863,1.2847691365053528,1.2839906814340043,0
53.884651088442055,1.2848135256161366,1.2840347050673855,0
48.461199985205596,1.2848781066456243,1.2840855768659893,1
46.121653159559806,1.2849626537467373,1.2841365762679258,0
44.72718123203309,1.285035054876634,1.2841893646736977,1
38.4554971220205,1.2850454544390721,1.2842317841426354,1
45.680731960037,1.285048769932572,1.2842895082849008,1
54.718227499026256,1.2850635844868532,1.284338950829631,0
47.50914502474543,1.2850433949482831,1.2843934400637573,0
51.91962805579687,1.2850285195095155,1.2844572771551848,0
46.69657186052752,1.285027748478607,1.2845126527910695,0
45.933443478303424,1.2850050602975427,1.2845497537093624,0
39.6132672210846,1.2849796510649676,1.2845715797408765,0
44.08655908593962,1.2849586024539277,1.2845959697780394,0
42.09261280342647,1.2849165773005393,1.2846068394436754,0
34.019157126909064,1.2848466726214052,1.284600559221646,0
30.331046662888113,1.2847188719727494,1.28457959911598,0
25.730729563412552,1.2845967849329603,1.2845502680572078,1
28.700425415284116,1.2844687831049415,1.2845247702500873,1
32.836020829327495,1.2843647209021118,1.2845062304487498,1
28.131768865445906,1.284249199748206,1.2844743025526015,1
16.934799897841188,1.2841232924751351,1.2844338157015565,1
27.306853342761073,1.2840215332430025,1.2844081479648233,1
20.69652606485363,1.283916735156176,1.2843866995745976,0
20.048957706202188,1.283828102705502,1.284365422365863,0
31.53700669021589,1.2837893937218767,1.2843515429744032,0
32.16892125903507,1.2837214758711981,1.284329777316065,0
31.228240745558765,1.283615617373194,1.2842989830764195,0
31.965764300565027,1.2835250874522166,1.284272399450827,0
32.25419669699721,1.2833871986799112,1.2842428166606266,1
37.90541387269098,1.2832403958620104,1.2842004745173998,1
32.436983355403925,1.2830794391458313,1.2841457376795224,1
43.78713678793433,1.2829770533925198,1.2841154391228822,1
40.13344656079283,1.2828563356015548,1.284081665976483,1
49.5343918047018,1.2827739157796239,1.284062637241255,1
48.849718594971904,1.282717513965094,1.2840319241425313,1
46.753407986742225,1.2827045907796624,1.2839984318871953,1
43.00339738426911,1.282698556406642,1.2839523327498263,1
44.45255830211999,1.2826927933624621,1.2839015115773327,1
43.10982266140935,1.2826996700438307,1.2838483993217935,0
50.17946661786154,1.2827289802871076,1.2838057098351134,0
54.42506920457364,1.2827693205330046,1.2837705175475378,0
53.660944964961125,1.2827825569731215,1.283740121404812,1
57.29615071485001,1.2827789614940488,1.2837076494044946,1
51.84288187127374,1.2827470250869317,1.2836576330584373,1
64.14149076753354,1.2827072895923801,1.2836106055933996,1
61.159429781102055,1.2827068605113021,1.2835617957397987,1
72.44594397716335,1.282741870886619,1.2835342328846806,0
68.6782350277137,1.2827866280813571,1.2835051632023715,0
63.33905367783641,1.2828404264246211,1.2834798149022026,0
51.91250032354115,1.2828696344469663,1.2834406736940454,0
58.32189334182394,1.2829587912991653,1.283403843952734,0
49.83358292823669,1.2829766103317763,1.2833548405973432,0
46.033938384657716,1.2830059045478759,1.2832989662969385,0
42.371953851311005,1.2830003773299248,1.2832487662225713,0
38.374096645464206,1.282992781386779,1.2832108549216141,0
39.78623348244474,1.28297500623092,1.2831689264065345,0
42.22842352948801,1.2829692931131789,1.2831146162003568,0
39.35676503841256,1.2829131321431197,1.2830494064552673,0
36.685598146032596,1.2828447363398445,1.2829748860539252,0
24.846486997809137,1.282720705793226,1.2828828927609612,0
19.20686714567462,1.2825958287308858,1.2828068249208748,0
16.276068653490952,1.282467376843233,1.2827352117161184,0
14.597484303261595,1.2823067450847911,1.28264690645684,1
15.627172259346068,1.2821611592861315,1.282555465852674,1
7.6134996745205115,1.2819945659055272,1.2824697629070485,1
18.372694519220218,1.2818299979040417,1.2824062461123156,1
20.339110427758797,1.281638094492775,1.2823507567086068,1
23.129759461736086,1.2814469275692315,1.2822964209880874,1
30.47588554673139,1.2812932044649499,1.2822512083273379,1
30.04677553353649,1.2811703018809304,1.282209114547135,1
33.29756607883667,1.281041837759832,1.2821712620666128,1
44.24862747658894,1.2809610819550357,1.2821306600821563,0
39.73352414655711,1.2808621636563289,1.2820771376969997,1
54.476961668929995,1.280795859647113,1.282035868999216,1
45.773053444244425,1.2807036043110012,1.281976539157264,1
51.51808709586874,1.2806282837405765,1.2819316495542856,1
54.165613304340184,1.2805211639220044,1.281876834819881,1
60.02151028961534,1.2804720392305229,1.2818281871665897,1
68.05455602409165,1.2804584070095877,1.2818033693857958,1
63.8697505752074,1.2804835267399768,1.2817801451121478,1
62.00731659730049,1.280489652420558,1.2817709102307657,1
62.793630164431704,1.2805181751426766,1.281751660416181,1
57.417735902933224,1.2805817932718542,1.2817370895249596,1
63.45602995018616,1.2806959943992484,1.281724297300524,0
61.89883478379985,1.2808248323743854,1.281712690270765,0
58.31871063005043,1.2809246592716774,1.2816942735091217,0
61.92111052254059,1.2810103234560488,1.2816754635283691,0
52.046485209821256,1.281071441316254,1.281647880169604,0
55.88608319816043,1.2810978108788027,1.2816104646613267,0
49.98243971385943,1.281119289085472,1.281565238066481,1
55.607439441017895,1.2811169112879812,1.2815102983686035,1
48.731308659798785,1.2810887513870732,1.281453137847737,1
50.0178851669038,1.2811256317727242,1.2814158058084701,1
46.03231490138001,1.2811144184743353,1.281382826354177,1
47.975592437722646,1.2811333098831645,1.2813469472735775,1
47.88314182075573,1.2811459635087092,1.2813072907532483,1
52.54584937264503,1.2811998690605908,1.2812600340894698,1
42.23114964126974,1.2812411004429347,1.2812099761112208,0
39.789792014320376,1.281241931326539,1.281163971346563,0
44.30470466162302,1.2812555343264964,1.2811345050639595,0
48.83055345715019,1.2812791869808193,1.2810990685034271,0
52.9985087221934,1.2812861302686316,1.2810754683909231,0
47.39313530757369,1.2812693889116678,1.2810424832704765,0
46.77268393952729,1.2812087048966416,1.2810076283272107,1
43.567332011365465,1.2811223035230976,1.2809644991252926,1
43.527771528929776,1.28102924797108,1.2809159702051858,1
28.083368990215476,1.2809472179018044,1.2808666334438197,1
36.034870134247576,1.2808900089517157,1.2808386308930426,1
48.304823021337064,1.2808790612523258,1.2808241946263192,1
41.61498805011449,1.2808645276140935,1.280822766794828,1
42.59390474831897,1.280874244232729,1.2808216645693407,0
44.860657338121406,1.2809024825201754,1.2808271801185136,0
53.16687364523702,1.2809153037582204,1.2808592292778416,0
53.74975760038031,1.2809589971249329,1.280901961489698,0
47.571042078823474,1.2809804868114665,1.2809413156359535,0
41.87950137197503,1.280957481736117,1.2809582842860783,0
49.48083947313759,1.2809283462599053,1.280976134796322,0
49.20986220162096,1.2808901853259904,1.2809872792139243,0
49.96154753293347,1.280837822397909,1.2809818185197466,1
47.35079606328405,1.2807524430779273,1.2809673615427584,1
47.9296764276016,1.280665030708961,1.2809483456830788,1
52.616668969004806,1.2806115465251153,1.280935654218955,0
43.32145284776695,1.2805802291903126,1.28092970948407,0
48.28028029181714,1.2805692376799525,1.2809169795403466,0
44.100824239661335,1.28057830367458,1.2809143788707242,0
37.80766084539443,1.2805754207461066,1.280894825007398,1
34.68287476272637,1.2805860090667631,1.280892571501723,0
28.223407724944295,1.2805686912206806,1.2808772916891056,0
31.02551680155642,1.280517591097029,1.2808478682612954,0
35.619071032385676,1.2804702591305595,1.2808174597510609,0
39.392227902744494,1.2804251904138455,1.2807958797666559,0
37.397503673009005,1.2803539293961337,1.280761481819897,0
43.59688549567288,1.2802652632088474,1.280732617252639,0
45.57503938129555,1.280149400313083,1.2806833238552315,0
42.30006029984387,1.280043115665139,1.2806286289522548,0
22.09356466002471,1.2799002240194872,1.2805485101852023,1
34.73740238948946,1.279791465709301,1.2804885916976227,0
34.54271303636931,1.279703419686863,1.2804400705621684,0
32.92808396973756,1.2796194837734747,1.2803904876776155,0
33.31811166574394,1.2795383198030545,1.2803349738297913,0
28.57411676412582,1.2794445637984897,1.2802794066872822,0
34.71199244272253,1.2793356008794214,1.2802343940158942,0
30.332303732970345,1.2791982193801834,1.2801587445270537,1
30.734533152049906,1.2790467885796435,1.28008992758247,1
34.5284113929434,1.2789312591321162,1.280033558570305,1
34.36893834925428,1.2788187532455737,1.2799639409021437,1
33.073392198295565,1.2786936788385244,1.2798900954128964,1
43.31286655168872,1.2786318642620964,1.2798335972167703,1
46.678087658105916,1.2785817592594177,1.279783799434447,1
59.5325502081071,1.2785406255822447,1.2797314962533601,0
54.2488758221823,1.2784920663628636,1.2796810315194733,0
50.332887959487614,1.278456130196114,1.2796294817908895,0
58.575469064508574,1.2784376272443732,1.2795999125857211,0
62.175099023337054,1.2784275802791556,1.279570874008237,0
55.309772367383786,1.2783897588149322,1.2795356110689888,0
51.16087489117678,1.278414149781157,1.2795024709092329,1
55.09950880146904,1.2783798932816324,1.2794616618495538,1
54.46648400596654,1.2783296863475777,1.2794159415205129,1
45.56765590728767,1.2782892317319872,1.2793545558694799,1
56.48008877480111,1.2782932967976757,1.2793064815032245,0
58.844362322432964,1.2783201960277852,1.2792577874053048,0
50.33392029230439,1.278338400745645,1.2792087613060823,0
46.72809399382723,1.2783928159853626,1.2791497494179105,0
40.92537993717385,1.2784296400258102,1.2790781847428208,0
30.43227250809423,1.2783907219066815,1.2789976526083908,1
32.24560646462919,1.2783757079268077,1.27893123137842,1
28.997873071931508,1.2783743809956305,1.2788685093071868,1
29.82044066562851,1.278328736099462,1.278809017526159,1
34.625905836406616,1.278260717019458,1.2787529572830667,1
39.54788250098943,1.2781991836212938,1.2787101924707072,1
43.89531307318498,1.2781263338783777,1.27866555278724,1
55.2186646376557,1.2780934877934682,1.2786222582982307,1
61.893731991579365,1.2780593456549025,1.278591559171557,1
61.00560227944856,1.2780512729911404,1.2785636881327123,1
61.24537239674311,1.2780953224851357,1.278542418593211,1
53.32208666445068,1.2781221216068785,1.2785211512535417,1
55.931290580310254,1.278180174541954,1.2784993280396302,1
62.67402364801756,1.2782508384471152,1.2784888004110866,1
79.14455037740514,1.278338105921938,1.2784827617994434,1
79.93303743783311,1.2784118742326016,1.2784831275440411,1
79.2286344580373,1.2784810016992252,1.2784801119194567,1
84.4911726312332,1.2785969521984994,1.2785059704270285,1
87.75822107025789,1.2787114954149146,1.2785282423003375,1
88.22919394372926,1.2788643352327376,1.2785641587106826,1
85.53115791007228,1.279049929020096,1.2786003779503736,1
84.43827610664707,1.279248549142515,1.2786705614276312,1
84.04521265259942,1.279449998102354,1.2787319222644078,1
83.1776870370889,1.279660529984573,1.278791861645243,1
84.47807416013814,1.2799134152261855,1.278870529864151,0
87.45925387874948,1.2801403903727155,1.2789510206985713,1
82.9295622539912,1.2803595928058902,1.2790315643902002,1
82.67815538188493,1.280550566036112,1.279108244360907,1
83.09896507038115,1.280734840062155,1.2792062074443458,0
82.6210014574817,1.2809041591544987,1.2793066363626544,0
83.84238612869987,1.2810836773743486,1.279403385890104,0
73.76999516703135,1.2812752171571726,1.2795037368181814,0
66.56524725020458,1.2814320960394232,1.27959469491999,1
64.5237677962048,1.2815876807973008,1.2796711270251684,1
67.09277124369723,1.2817301432557544,1.2797421153979782,1
66.24889116455668,1.2818735935681662,1.2798163147384098,0
62.407972592578034,1.2820078252196314,1.2798864154621636,0
58.39343431138157,1.2820836439442205,1.279956975926271,0
48.001198623087525,1.282159484944041,1.2800169853802044,0
55.03498598929764,1.2822178885012432,1.2800802819995178,1
56.68751391334336,1.28227947676101,1.2801562651288045,1
53.267965161960724,1.2823219635482344,1.280233686934462,1
42.03842379440027,1.282338632004269,1.2803154177534624,1
48.311639296509924,1.2823647700965644,1.2804058951448374,1
37.3812180528359,1.2823625364942135,1.2804998517690416,1
61.954647333322534,1.2824207390094664,1.2806019975832876,1
75.23965372725937,1.2824914048090705,1.2807000479027144,1
67.08712923089597,1.2825473830189518,1.2807918372702296,1
77.89607083792306,1.2826378448640872,1.2809042189958355,1
77.5611417045582,1.2827328232957727,1.2810279096706392,1
80.13968152191401,1.2828221409396714,1.2811759535032998,1
84.16026949926729,1.2829356024892629,1.2813276946431633,0
85.7391789569478,1.2830830148166075,1.2814781484483806,0
86.41213751688872,1.2832348275810457,1.2816335636178018,0
80.4382522348175,1.2833668789825237,1.2817845801832044,0
82.44518999286248,1.2834955718917354,1.2819348700465865,0
76.42568617641366,1.2835992578135216,1.2820755850362213,1
73.62415696544936,1.2837061249983883,1.2822020308082391,1
68.9361095409109,1.2838004538281198,1.2823134286494915,1
63.37211319635852,1.2839011144177364,1.282420218570156,1
63.962828925003855,1.2840140789712235,1.28252376772324,1
68.87668996491983,1.284140221889713,1.2826409270475958,1
59.95785777790351,1.2842796633241607,1.2827552132663451,0
53.7316319071146,1.2843909344389748,1.2828619335415814,0
46.03560365559885,1.2844934442606477,1.2829619871045255,0
48.221627126936056,1.2845702630261302,1.283065353100699,0
50.91718276206268,1.2846645720722947,1.2831734760519422,0
41.667584585985885,1.2847473796287034,1.2832520082423113,0
39.80637389205379,1.2847492650010819,1.2833193268303027,1
34.67333080580356,1.2847291813291908,1.2833738481092205,1
46.48842378019075,1.284710152870082,1.2834400430432942,1
53.31757192939716,1.2847031223634247,1.283509523931527,1
52.34351604472154,1.284666263635458,1.2835646546616224,1
52.12354811344149,1.2846249989094778,1.2836193511877638,1
57.93870139192236,1.2846403371215191,1.283675348941338,1
57.71422085263898,1.2846565983489708,1.2837413532370885,1
61.29021328151953,1.284725808707474,1.2838220713968547,1
66.78285978196223,1.2848176471552288,1.2839088632558857,0
63.78125380490093,1.2849059048452536,1.283981854562731,1
60.471923472364885,1.2849836111056512,1.284051999350617,0
57.256866879565706,1.2850555501261736,1.28411251682397,0
63.27075356563367,1.2851202264619865,1.2841789307695215,0
75.08615861037464,1.2851970447430605,1.2842611927477998,0
81.11977881394857,1.2852934432684413,1.2843442385300374,0
60.67399692108166,1.2853382333042809,1.2844052231239362,0
50.657290998634764,1.2853399794150688,1.2844519074394602,0
46.08538341559166,1.2852789973934184,1.2844819449214568,1
45.57175881155977,1.2852434981049532,1.2845159499066043,1
38.49359012922308,1.2852421289590978,1.2845523844363254,0
37.82211428912515,1.2852602167265197,1.2845907793993312,0
27.129975137398333,1.2852397005642306,1.2846241325645824,0
25.034211999829765,1.2852087597667896,1.2846642424189494,0
31.89928387354766,1.2852094367632092,1.2847129765651986,1
29.117446681166072,1.2851800138919476,1.2847454487059173,1
25.808770760664686,1.2850870044196345,1.2847651361115064,1
25.23705561260992,1.2849859849625513,1.2847674516183225,1
29.768197660381432,1.2848920542729925,1.2847823311824234,1
35.541004770500464,1.2848116037602408,1.2848145515524017,0
46.109581054281875,1.284759572511502,1.2848305456216969,0
48.220801584547026,1.2846971369154057,1.2848377247984704,0
61.4567728550581,1.2846511232709186,1.284844109756469,0
58.5060797005614,1.2845943806421007,1.2848424420306563,0
54.023096175248796,1.2845051687669289,1.2848300543279285,0
44.8899120901827,1.2843667722952135,1.2847970164157048,0
48.564013053203595,1.284286984928198,1.2847732655022057,0
43.62327962261569,1.2842203771382903,1.2847418295380821,0
40.84633964110507,1.2841977702367857,1.2847213498907626,0
37.72246836379846,1.2841275292770704,1.2846845116180772,0
43.06161929410549,1.2840559236052715,1.284654572347186,0
35.979823517045546,1.2839321003246296,1.2846031737620884,1
32.768220420004326,1.2838476697220353,1.2845575688649071,0
26.61249000681893,1.2837602931109497,1.284512270907444,1
22.73862056322585,1.283653757195258,1.2844626141136373,0
27.570690981394478,1.283582224912506,1.28442196489533,0
20.281814618180803,1.2835201083336116,1.2843758017406919,0
21.51352958814269,1.2834593862923769,1.284323100924821,0
27.996120094646386,1.2833794484351917,1.2842682817275821,0
25.977064664573703,1.2832072622031456,1.2841985045821784,0
24.551555945229126,1.283015622239451,1.2841370885170447,0
25.712364864509084,1.2828376161999258,1.2840810987467643,0
24.769792594785883,1.2826387456901653,1.284015546884502,0
38.51842202236796,1.2824766014655338,1.2839518336715,0
34.40796737491701,1.282307644993083,1.2838866068709784,0
39.943001984533936,1.2821680504648243,1.2838142370378431,0
28.20950391448372,1.281989682502134,1.283713003654452,1
33.6281245398189,1.2818524520357544,1.2836201710127955,1
33.71246911583391,1.2817086333441556,1.2835144797454354,1
29.679241087785215,1.2816006493615872,1.2833977125006206,1
31.971924645376916,1.28148838963537,1.2832875662632324,1
35.02475561680281,1.2814351134333357,1.283183774693162,1
32.61963972179784,1.281367589122816,1.2830823844635644,1
56.58194722808106,1.281340921613938,1.2830005489682248,0
60.440814210500164,1.281328343775846,1.2829151337267515,0
58.2305865074735,1.2812959942386684,1.2828229852834208,0
56.52548040088016,1.2812716653153255,1.2827491745451096,0
49.02809534246165,1.2812383938271559,1.282682466689656,0
47.45699109769264,1.2811609706779152,1.282621071041381,1
50.273490824521744,1.281143813371271,1.2825586306887056,0
63.692588354027045,1.2811503071380883,1.2825003597886404,0
53.468345518271775,1.2811454486859786,1.2824351915305479,0
50.38949221257564,1.2811288497503828,1.2823712065589632,0
59.380303817495495,1.2811133745113357,1.2823136795693184,0
52.6898928029024,1.2810920911105426,1.282239668609912,0
42.48957001600382,1.2810430301038342,1.2821594435225978,0
37.71411453597655,1.2810086393494025,1.282081657626359,0
20.97315220318086,1.2809156803731356,1.2819920491770294,1
20.56367736925644,1.2808348628861002,1.2818916031906784,1
20.728643279676646,1.280755546724253,1.2817752896862253,1
21.28293823681838,1.2806730242227502,1.2816529469477316,1
28.581498932940832,1.2806004005361,1.2815450801414396,1
30.40122782004633,1.280507837901464,1.2814250703157821,1
34.190409172801964,1.2803792521577726,1.2813144975744932,1
37.553289581112374,1.2802709464336943,1.2812214447934576,0
37.976045136260105,1.2801628397822848,1.2811414122782492,0
43.43557150683428,1.2800796761500086,1.2810662510338338,0
35.86139539669715,1.2799994201990592,1.2809940839139633,0
44.90653840936788,1.2799657723978215,1.2809282719057953,0
46.81118915130557,1.2799011860145497,1.2808680933836973,0
44.92462708519688,1.2797899650321123,1.2807939763593768,0
49.589937399569656,1.2796830250045415,1.2807355614025127,0
44.09849917598761,1.2795745469396518,1.2806619574460099,0
43.51268707360635,1.2794270301419601,1.2805803743817228,0
43.513654221609805,1.2793027149435732,1.280499251709238,0
41.346282518520894,1.2792319210507892,1.2804193219779112,0
42.41260712677085,1.2791754409400438,1.280343790668932,0
35.2172531403112,1.2791327231693634,1.280261383927824,0
24.069635351313934,1.279075856831488,1.280170166549197,0
23.332955820812913,1.2790111683925267,1.280096852161978,0
15.80633049178087,1.2789327966598265,1.280019816715882,0
13.96904022099065,1.278801406822602,1.2799305963905103,0
7.227259662051452,1.2786846127308533,1.2798434171320574,1
7.960060240724729,1.2785420559589604,1.279740679371864,0
18.996403974849372,1.2783889944211189,1.279653984564672,0
17.05066635948556,1.2782169644909693,1.2795609778887072,0
17.647548082162317,1.2780204076338308,1.2794785410865126,0
31.727942435215255,1.277863205103676,1.2793983851411321,0
29.820081208201017,1.2776702652505723,1.2793129246683619,0
24.80038969426316,1.2775029693403213,1.2792290213751907,0
23.172062564752977,1.2773439785901615,1.2791362119412932,0
22.227359820506692,1.2771666928604102,1.2790281931733425,1
31.3690642492533,1.2770360655836377,1.2789293480303383,1
34.044776539414954,1.276918621002682,1.2788114541372204,1
37.26714161149376,1.2768079445739624,1.2786910920284844,1
37.02732344846882,1.276650999553777,1.2785613241039546,1
38.429121455518185,1.2765087360096454,1.2784386189466599,1
45.28871314494304,1.2764044184466459,1.27832779377562,1
46.016019513247535,1.276328844530113,1.2782373160900762,0
53.93162105042023,1.2762808107015589,1.2781516510940931,0
51.59502303603768,1.2762290479266207,1.278051313031295,0
45.57588065350361,1.2762141772639366,1.2779580878216934,0
52.29084904055664,1.2762107588619709,1.2778761807766927,0
46.18798732578396,1.2761838767846356,1.277768880281184,0
46.51862906794317,1.2761170331306277,1.277663961372706,1
55.13007598806201,1.2760949009131968,1.2775817262124523,1
52.64774817050901,1.2760999139669624,1.2775150509335367,0
46.01061080155911,1.2760405777202863,1.2774483440799924,1
48.5308224785639,1.2760144483354574,1.2773847588481049,1
55.47244404614683,1.2759946716292254,1.2773246713371798,1
56.9210343437979,1.2760131181274448,1.2772722495031712,1
50.02303721314863,1.276045220008892,1.2772061209624592,1
47.915026660403655,1.2760600642154443,1.2771502385559304,1
48.66819501386144,1.2760877909584605,1.2770948696574955,1
52.004301927782436,1.2761062317083913,1.2770252061383631,0
50.7222734880226,1.2761574736323904,1.2769591776439968,0
44.7617420092871,1.2761894360105197,1.2768825228908642,1
60.50747700512583,1.276230874326758,1.2768203754266996,0
66.62473519863124,1.276248004187972,1.2767502088061362,0
57.453622040896384,1.276234680262611,1.2766850487933177,1
49.43024177242563,1.2762292788396499,1.2766270385543101,1
59.36352587120133,1.2762203094152749,1.276573001585987,1
59.161392989097486,1.2762129800034525,1.2765315540022129,1
50.477387402882414,1.2762144318027506,1.2764838409455002,1
55.45449867257698,1.2762727144613508,1.2764519611798173,1
60.2105934741809,1.276319913291579,1.2764169231087683,1
59.50845331358156,1.2763592783744917,1.2763885859073156,1
55.241432245806855,1.2764264196783375,1.276365822683582,1
57.48606093600249,1.2764787159256863,1.2763459024857842,1
56.472912920169215,1.2765263479269635,1.2763307431509543,1
64.96517994042689,1.2765785276489046,1.2763305418988025,0
57.563419511393185,1.2766427014840918,1.2763426388270553,1
62.191528997237114,1.2767092231359043,1.2763600827179509,0
65.96247965310602,1.276751274912526,1.2763785572389217,0
73.12001741254193,1.2768038028100015,1.2763911294939165,0
65.5355175551716,1.2768405875438626,1.276408626865154,0
67.38087133897935,1.2769130985508137,1.2764395992576576,0
71.51532501909844,1.276938007562123,1.2764502964100783,0
60.09710800252017,1.2769589937263337,1.2764657001964408,1
55.39801274945497,1.2769916021823335,1.2764805019301226,1
49.21572510002837,1.2770311347347807,1.2765019010121579,1
55.00695878899293,1.2770820809780807,1.2765391568330553,0
52.55543279515633,1.2771125379988733,1.2765621429683072,1
61.04956901103728,1.2771952762774066,1.2765945030553898,0
50.51250826533421,1.2772269568515529,1.2766195660908535,0
51.52601207421459,1.2772559712220546,1.2766589117760792,1
42.63132161956381,1.2772611881937765,1.2766895667809681,1
47.55499733520516,1.2772763316789015,1.2767145879764845,1
46.25574193053784,1.2772908006901857,1.2767306849498135,1
50.08763289322031,1.2773051391877446,1.2767404745454285,1
49.908214725019945,1.2773227530060252,1.276768023930564,0
51.08248964361435,1.277327979643643,1.276788159778938,0
56.82551256129024,1.2773297475458345,1.2768076781914963,0
53.73163813614459,1.2773250941514929,1.2768350441856644,0
56.722741229672074,1.2773188509888262,1.2768718566371957,0
45.16682561300243,1.2773051072302257,1.2768927093919658,1
43.41649472614585,1.2772553647023146,1.2769017795517983,1
32.57859204033579,1.277220025813518,1.276922075647371,1
49.89735084754698,1.27722567227921,1.2769501897739417,1
49.49472411701554,1.2772392839563214,1.2769783468609608,1
62.45407265976821,1.2772913878087158,1.2770132088846662,1
61.63702622923978,1.277333874952879,1.27705461881065,1
59.248826546812396,1.2773750080394366,1.2770881204979043,1
65.80904990333839,1.2774189473477515,1.2771269656111064,0
63.29578950449863,1.277486952186187,1.2771718542819717,0
63.364603956037904,1.277539385201337,1.277211676403658,1
62.945001161109985,1.2776157059461009,1.2772600747552005,1
66.06214747850208,1.277678350262793,1.2772935783508983,1
54.28914108635141,1.2777031663844691,1.2773127498284123,1
63.8762672436037,1.2777488948939262,1.2773461603979546,1
70.89445951845263,1.277792845760794,1.277393450699022,1
75.31732845777452,1.277884593426448,1.2774538733834069,1
72.4636244951529,1.2779732027105877,1.2775117672743506,1
70.75399288841129,1.278071773877164,1.27757798101543,1
68.64687903038907,1.2781842110341446,1.2776364552663133,1
70.29626177597629,1.2783358658754715,1.2776990904255225,1
76.03227776034697,1.278531670633161,1.2777707364552662,0
72.60170293418041,1.278728191173849,1.2778427842455755,0
70.50833517114081,1.2788867722533703,1.2779134123050153,0
70.05747193651263,1.2790296795880916,1.2779796795254121,1
70.23187874983711,1.2791511967232871,1.2780422765144193,1
63.36952696010925,1.279238760425777,1.278093042387324,1
76.61784587048972,1.2793486452812282,1.2781438893560337,1
75.90079626840863,1.2794403039525448,1.278202577227114,1
74.76583887897758,1.2795348184840614,1.2782642605515955,1
70.05361377626778,1.2796443146740022,1.2783331672557139,1
73.31717754070215,1.2797742408143185,1.2784045316606025,0
77.15101050717097,1.279926539003022,1.278488990927258,0
70.92997708083159,1.2801053019314,1.2785712731104386,0
64.49746840480869,1.280254800241631,1.2786514396216737,1
52.503832693747114,1.2803664013542575,1.2787275573468126,1
55.332521765710226,1.2804533365827662,1.278802375625281,1
51.10355414069412,1.2805129565641966,1.2788719347004798,1
59.034907924751906,1.280598163723075,1.2789391359936975,1
61.70229042440828,1.2806927719257266,1.2790227812959827,1
65.31626232349963,1.280754171432612,1.2790983705097458,1
61.70837136874079,1.280780543738238,1.2791784786730507,1
59.57438564962087,1.2808080926754202,1.279255488644183,1
60.72221775600078,1.280855811528022,1.2793394166401497,0
65.53468670856935,1.2809482146286957,1.2794369097017928,0
52.1103382759799,1.2809978901977568,1.2795123313911119,0
47.08581163732907,1.2810711798942938,1.2795903224875844,0
48.51099996865219,1.2811244563912143,1.2796617728941857,0
45.2541573949544,1.2811395318952141,1.2797283523246026,1
46.78204907483573,1.2811340516760865,1.2797903408264997,1
46.213323359830056,1.281134132999772,1.2798647775635323,1
49.28732521967257,1.281099406647897,1.2799421484388354,1
37.6983929804707,1.2810182576329272,1.2800082836550215,1
45.20890102231625,1.2810039811645137,1.2800825966645601,0
49.64731400108415,1.2810061426464538,1.2801581830977267,0
50.86670773142054,1.2810273526461056,1.2802219432817687,0
46.590046423959436,1.2810168745534671,1.2802755754655164,0
43.95249961861895,1.2810306196195156,1.2803341793325114,0
35.234154455413446,1.2810203956158202,1.2803797153009249,1
34.61120180008956,1.2809484733899685,1.2804073897774952,1
32.46858937586124,1.2808728991882559,1.280431776104513,1
37.387274851012954,1.2808161511145508,1.2804586567404308,1
50.56809618618328,1.2807964188299692,1.2805027160710534,1
53.82908052033973,1.2807667509810852,1.280564850478796,1
56.09570149120373,1.280727338128937,1.280628286995797,1
56.60082751647192,1.2807173374749001,1.2806821280767542,1
63.371951859930384,1.2807117891386057,1.2807212007724476,1
57.096502573840866,1.2807323230109144,1.2807654210143162,1
62.180162712702995,1.280811742709549,1.2808243398575565,1
65.64811350511016,1.2809255104769643,1.2808868606036277,0
65.80141389340702,1.2810105466451325,1.280934649871397,1
64.75742662646657,1.2810996479457883,1.2809693393638864,1
66.34346539997225,1.2812237497355203,1.28100650707969,1
75.94300626205666,1.281287652964107,1.281042948948855,1
84.51072651545368,1.2813539020100069,1.2810878720664929,1
84.55081868545074,1.2814337919881011,1.2811349813876942,1
83.04918665632229,1.2815540769765825,1.2812017020858384,1
85.09028807388479,1.2817018103229934,1.2812754453492174,1
80.72629665190848,1.281846354794507,1.2813421356377097,1
72.16491952577005,1.2820009117403683,1.2813938270800183,1
73.55382577301991,1.2821829110279352,1.2814472146460865,1
75.24071059087962,1.2823859227391157,1.2815033295103495,1
68.41151315365806,1.2825424131381422,1.2815490657251016,1
66.59593222136314,1.2827050780862852,1.2816047609407502,0
75.74717997995013,1.2828599487491361,1.281670346398799,0
76.67937316803574,1.2830215012138562,1.2817441680205937,0
76.05820855866494,1.283184850348629,1.2818138062787927,0
71.3844584782034,1.2833094406712315,1.2818840146571304,0
57.694358177108285,1.2833581243230703,1.2819283240975545,0
50.09338115871232,1.2833603804379008,1.2819539040084973,0
44.47771213323328,1.2833756416590116,1.2819832379619565,1
41.70607621612133,1.283413308347467,1.282022445207578,1
42.52205517089165,1.2834436519377914,1.2820607307846386,1
45.87221235521416,1.2834690024949182,1.2820882253356134,1
40.522880305952604,1.2834697498406085,1.2820964861512578,1
33.244002989218316,1.2834673461662276,1.2821227637750825,1
43.00389320969251,1.283471785299707,1.2821619442480037,1
44.903804653282215,1.2834642405597136,1.282211359016617,1
44.46168765831237,1.2834747121519308,1.2822762077403962,0
38.35310460960566,1.283483031514971,1.282333419015572,1
37.268543119530285,1.283477686000332,1.2823846358463102,1
48.57439031925677,1.2834735602826657,1.2824529909642572,0
61.85626275812203,1.2835002322343072,1.2825418555656534,0
59.84393221486062,1.283484061443311,1.282596793052269,0
61.40959505589684,1.2834534175280319,1.2826492563514305,0
59.06006534531507,1.2834260776312358,1.2827036580146458,0
55.99675775805917,1.2833839278812849,1.2827606276099197,0
49.08452950675242,1.283315120743904,1.2827978151068857,0
52.63968142749161,1.283292148329864,1.282837025183172,0
47.39905387841265,1.2832754178074854,1.2828846817755042,0
39.21587313175266,1.2832511201346375,1.282934526340509,0
32.96078131047376,1.2831988839586947,1.2829755383452357,0
29.232486394466164,1.2831460619744537,1.283000588042432,0
33.27137247298295,1.2831030534144783,1.2830227463089707,0
31.685788250936355,1.2830601908339874,1.283029627233278,0
16.822063009286424,1.283000458603112,1.2830360122263673,0
4.596213455343602,1.2828808105349296,1.2830295528065332,0
8.754023599924878,1.2827466655085296,1.2830170960156633,0
6.648693971309768,1.2825459887391484,1.2829699061522362,1
3.5450230931767237,1.2823681663434854,1.2829104813621806,0
11.33501580502984,1.2822147610745973,1.2828663216180962,0
12.69399464205648,1.282003524975075,1.2828145417759718,0
17.55364242015449,1.2817844313051514,1.282766128193506,0
27.081345769567363,1.2816171458149328,1.2827285901925993,0
22.195261968143342,1.2813874286535374,1.2826626670088423,0
22.52395478316342,1.2811478148767037,1.2825892671700867,0
18.788561486874215,1.2808677246497435,1.2824860866791845,0
18.665443028694924,1.2806298148839856,1.2823690169312822,0
19.706405798769254,1.2803898661606024,1.2822544297296101,1
17.235484782018048,1.2801175019418771,1.2821313178561076,1
27.65744754757985,1.279897095924146,1.2820202002989936,0
27.55478866670292,1.2796889929758564,1.281896766439932,0
30.98843568788466,1.2794671886857012,1.2817704982614557,0
37.341910597642254,1.2792736463166818,1.2816501736011296,0
30.49035593514742,1.2790626851568814,1.281510721796376,0
30.21245812108363,1.27883240930548,1.2813603754630167,1
24.224441723647146,1.2785918790327329,1.2811923642801748,1
26.583517080115314,1.2783798553281676,1.2810452618784376,1
32.9681538848256,1.2782290560140965,1.2809182788286466,1
35.6815381801583,1.2780964450247276,1.2808049071969112,1
43.53169305430965,1.2779519527946814,1.280696846072364,1
45.87769943494487,1.2778387923006356,1.2805847353572393,0
46.16106041028115,1.2777133739674291,1.2804740170053612,0
55.47986501486988,1.2775709534340316,1.2803693705682446,0
48.7640695831488,1.2774940971976543,1.2802724059516608,0
45.17936964897348,1.2774084828676378,1.2801657218506508,0
48.31438270454076,1.2773771280505763,1.280048223779532,0
42.37438816137516,1.2773532817698585,1.2799246334153402,0
51.86729444396453,1.2773316913733246,1.2797972214181679,0
50.42427928220823,1.2773293600425808,1.2796698492671512,0
56.44696541076814,1.277264390085605,1.2795348819331027,0
52.146805734495196,1.2772146743175181,1.2793932120538727,0
47.74157939891146,1.2771753508904955,1.279240545723931,0
47.196716176660786,1.2771191393858186,1.2791042047781322,0
38.72473717930802,1.2770764274358903,1.2789599257595194,0
28.317715503994137,1.277029061421867,1.2788015689792693,0
25.25551786913411,1.2770095798497005,1.2786426250675411,1
22.552961624324098,1.2769513567951394,1.278499756298932,1
20.25094112785385,1.2768740432543022,1.2783510367984219,1
30.92268142852072,1.27680885650685,1.278218282676657,1
32.18626241922121,1.2767413389415772,1.27809293359514,0
40.7119671794217,1.276698223307193,1.2779844710966384,0
42.070855560389866,1.2766613560108624,1.2778801346199247,0
39.21522527041955,1.2765731102287443,1.277757393293951,1
47.899406148537246,1.276503015453749,1.2776495357995656,1
38.63350408289447,1.2764156914181637,1.2775318149766717,1
40.51590458922187,1.2763336721341583,1.2774293684192235,1
35.7911445228079,1.276231587588326,1.277318602247259,1
47.52483502135225,1.2761683915576862,1.277246182545583,1
57.21606664466181,1.2761610734227118,1.277187012098842,1
57.60434506366849,1.2761653066376648,1.2771151001583296,0
57.973765762447954,1.2761463649749647,1.2770503480538287,0
61.36283482483097,1.2761379864579432,1.2769819677850478,0
60.175398881235694,1.276134944158775,1.2769113241156693,0
59.74243535944889,1.2761533758986827,1.2768663046575774,0
49.30603604121643,1.27618038200285,1.2768145958297277,1
45.10816497014133,1.2762097940763826,1.2767794528381966,1
55.06831339713546,1.2762433789918168,1.2767451819420643,1
55.7931681855772,1.276313325819763,1.2767204206620861,1
66.10163056953147,1.2763667090184145,1.276717965507272,1
60.511947500814436,1.2764018447609382,1.2766948331298569,1
67.46549725677067,1.276414001864419,1.2766744746520635,1
56.41039462260477,1.2764110031468228,1.2766576604043736,1
53.46183455268718,1.2764712451624085,1.2766364328322417,1
69.35214330931046,1.276559698590009,1.2766483411728167,0
67.76546096694818,1.2766701652475536,1.2766669173535012,0
69.44747675106458,1.276791587530319,1.2767092518182581,1
62.05185144829752,1.276913543048403,1.2767320773353534,1
61.293762055887875,1.2769923397651652,1.2767514960460105,1
67.9143538845924,1.2770441374744854,1.2767660890787451,1
71.80521447507249,1.2771064287818168,1.276776890553184,1
77.82694927963476,1.2772183840295872,1.2768021847454094,0
73.02347762481759,1.277319775255964,1.2768245283004616,0
73.42170046764852,1.2774158873676453,1.2768492976891148,0
66.32358923851056,1.2774744279362862,1.2768584369530303,0
65.70620192576223,1.2775608786679151,1.2768755541498387,0
70.86468075148782,1.2776829690649079,1.2769017892439292,0
65.65618618837053,1.2777950265062752,1.276921879836631,1
44.93764066828738,1.2778353259239679,1.2769218744823434,1
46.15467067546282,1.2778666906615408,1.2769328977548562,1
42.32787552820619,1.277913196456392,1.2769543556781717,1
48.9817840550854,1.2779611622684661,1.2769730698324429,0
57.352383125775326,1.278055094071999,1.2770095576769749,0
55.613592375410185,1.2781246834475606,1.2770386504569387,0
52.967123021770696,1.2781294298532246,1.2770695421397504,0
38.90190678781404,1.2781186869899677,1.2771027675807414,1
40.820981545475384,1.278096373365305,1.2771439692245,1
40.30667257818902,1.2780975371852121,1.2771905494913822,0
45.36868110798035,1.2780903942498016,1.2772380364442102,0
47.03279912713745,1.2780976102753354,1.2772815905861392,0
43.680985664472324,1.2781174607238677,1.2773273392661002,0
46.176576635496595,1.278090914706618,1.2773592613051794,0
54.802592278858064,1.2780529495595672,1.2773811657199436,0
52.11919138686992,1.2779944925444824,1.2774178506154101,0
41.005099230132835,1.2779264995013353,1.277427830572065,1
38.37965063431844,1.2778547396616209,1.2774511734472214,1
24.7714953747449,1.2777615829512317,1.2774729535707587,1
27.452777047212606,1.2776821549418647,1.2775021067780465,0
34.56721683327183,1.277660508633185,1.277518721312543,0
43.123725221870465,1.2776469944146371,1.2775272661516262,0
41.00868298357152,1.2776310361417647,1.2775406474798117,0
37.452570059243996,1.2776021334085057,1.277555377205859,0
33.43842730757784,1.2775077773145767,1.2775574740196283,0
24.30167412443552,1.2774095322623011,1.277548485698349,0
20.051179179653175,1.2773286719963406,1.2775396605788134,0
17.80037546350607,1.2772560913566553,1.2775330513222634,1
28.582133242062753,1.2771961824560438,1.2775385245763644,1
27.969677739843746,1.2771144754436865,1.2775389880721302,1
41.87538706705553,1.2770473681737193,1.2775316533857928,1
40.69842097168975,1.2769675670341196,1.2775219337924213,1
47.15673421920186,1.2768931337333516,1.2775238548550656,1
52.29806203777931,1.276835124352746,1.27752771030051,1
53.50361648041099,1.2768077104988493,1.2775398486607543,1
39.35316255895883,1.2767491949224552,1.2775290305194287,1
46.79475239488355,1.2767600974869115,1.277507990130826,0
53.467275207056225,1.2767957455096068,1.2775014055520428,0
58.002006646221105,1.2768216507303112,1.2774849788507554,0
62.162793789684244,1.2768484803853508,1.2774760817128255,0
57.12097706420902,1.2768485822796387,1.2774612183183323,0
51.61416499539428,1.276803979524894,1.2774312029717896,0
45.21510603849109,1.276747350159162,1.2773970160307497,0
45.6498590361902,1.276679450394266,1.2773398037517305,0
43.41071979271998,1.2766316585813855,1.277282227349797,0
39.79317104577818,1.2765766971184864,1.2772128095986854,0
34.22596067013744,1.276506740082506,1.2771525854373014,1
29.42311406618984,1.27645066052907,1.2770889640667253,1
23.688420071610665,1.276363383207688,1.2770106902334764,1
32.04487883192232,1.2762991100623509,1.2769406214945607,1
28.695074565627408,1.2762437338006516,1.276895016536466,1
34.079242723317975,1.2762316759699932,1.276867927915802,1
41.690114079788174,1.2762268801657868,1.2768493283388236,0
41.72102424615022,1.2762094868963045,1.2768270401516453,1
42.69223507625692,1.2761669205427373,1.2767845792490495,0
52.705504040408165,1.2761703160427944,1.2767472835575222,0
58.38253136964088,1.2761570967099034,1.2767190568734974,0
58.54491483153766,1.2761047868570223,1.2766958454988648,0
63.881035906337786,1.2760767234535186,1.2766771188860409,0
61.18409866160005,1.2760173551105864,1.2766440088829751,0
64.19247638436809,1.2759703757030887,1.2766132108996473,0
66.15931686901963,1.2759713508976966,1.276580699220734,0
69.34805265309157,1.2759809617291171,1.2765424164328494,0
66.14125910112908,1.2759969525913601,1.2765022189056274,0
62.612598205379065,1.2760170966683841,1.2764678861933236,1
43.95988916006925,1.2760395947686114,1.276430850488337,0
44.312185484563926,1.2760985911860054,1.2764214221111694,0
37.32718273694201,1.2761383118495293,1.2764023929418888,0
42.65144327569033,1.2761988515489873,1.2763855976725786,1
43.48779729962633,1.2762569149407863,1.276370525494129,0
36.7300754169372,1.2762837841268742,1.2763443267339418,0
39.52732397602245,1.2762665021476163,1.2763157310089936,0
29.744989772699867,1.2762102627796643,1.2762810189939835,0
46.10772102861675,1.2761759871104712,1.2762565816324318,0
41.725605788007115,1.276131795979825,1.2762341867151488,0
35.44817055960901,1.2760694701959987,1.276211258731001,0
32.27154184120997,1.2759774755140885,1.2761785782805966,1
29.071322708467463,1.275869352591468,1.27614114999279,1
38.02267005178367,1.275776644731649,1.276109303796283,1
43.1512359618421,1.275721088322312,1.2760866540344253,1
38.13512928072701,1.275672893960372,1.2760634212143083,0
39.35101247602301,1.2756015004904464,1.2760342726032647,0
42.34142924062706,1.2755529724680277,1.27600635192672,0
37.587140317387416,1.2754926374863145,1.275965224159055,1
44.5688133988084,1.2754501199543449,1.2759248499755218,1
41.26684087120813,1.2754069071997098,1.2758939353992391,1
42.12737778456207,1.275328900811134,1.2758489434408582,1
39.09834657557607,1.275284881092038,1.2757980471748613,1
47.311236483078,1.2752512948542436,1.2757574553221513,0
52.61403914034302,1.2752212215237464,1.2757196219494873,0
53.40477900158371,1.2751892238715503,1.2756805833707066,0
57.95359532618099,1.275147283141814,1.2756530524557619,0
51.44005172773172,1.2751257486086105,1.2756323783737629,0
44.115357374263105,1.275061354132505,1.2756093431277273,0
50.487417259673634,1.275044971423139,1.2755995118518504,0
43.460971116748574,1.2749951695610586,1.27557864770803,0
36.59921500622489,1.2749538987892473,1.2755574417632929,0
37.55306803974243,1.2749288483661254,1.2755324251276121,0
26.504612123613228,1.2748190575319238,1.2754915735259775,1
25.56292616895908,1.2746722358274594,1.2754359043404688,1
29.860764917059953,1.2745346642410738,1.2753797933904771,1
26.190624518550976,1.2744102284152927,1.2753056935813847,1
29.757455036774957,1.274298466202032,1.2752349863412178,0
34.02486562207672,1.2742319832163806,1.2751742226870852,0
38.324596040199225,1.274158594101798,1.2751215193991463,0
40.78350265332226,1.2741078786617328,1.2750689604468144,0
40.417375823782336,1.2740707476292397,1.2750144038085929,0
36.00824662839855,1.273968399405247,1.2749434921941512,0
27.676560430040382,1.2738229060624549,1.274855928365726,1
32.85275671226317,1.2736679036786647,1.2747798413767186,1
37.600417443352775,1.2735447408435392,1.2747103294268864,1
40.283231279508925,1.2734356522069121,1.274638772979448,1
46.87535381100935,1.2733065262492658,1.2745626041818223,1
56.91771485805759,1.273211535844532,1.274495176428996,1
59.91432773843919,1.2731186356976345,1.2744401274635504,1
62.66425687299329,1.2730895835812626,1.2743986432330907,1
60.94571121591215,1.2730943253313494,1.2743557354214305,1
52.849778304394654,1.273098117432928,1.2743163473609713,1
55.314248854842454,1.2731767895843829,1.2742827487401356,1
54.69782342993926,1.2732848979088434,1.2742470975276916,0
56.3030523754039,1.273390852057083,1.2742226205625606,1
72.37187032192988,1.2735032150720509,1.2742003787511584,0
82.57226107840484,1.2735832219037657,1.2741841699908585,1
75.13044512492833,1.2736172734218498,1.2741507372116367,1
72.80834799414762,1.2736414811498973,1.274125393467175,1
74.71594164118127,1.2736785677087694,1.274112599451923,1
78.25510361226411,1.2737059538596731,1.2741057951468266,1
78.15716495955132,1.2738011377412826,1.2741162062540767,1
76.29198667848894,1.2739370403695744,1.2741200866208962,1
70.70986878381798,1.2740653039520142,1.2741175276285996,1
72.09502492008808,1.2742083751813267,1.2741245219152684,1
73.8673123371851,1.274339113904063,1.2741338183448947,1
75.17489573224626,1.2745157751759018,1.2741477252649718,0
75.97273747608968,1.2746828514712683,1.2741712620229777,0
74.38367245426407,1.2748213146375718,1.2741886053368412,0
66.01375728829291,1.2749248667865472,1.2742058270678256,0
66.25736336225745,1.2750078197457362,1.2742273029952718,0
71.47655590798547,1.2750975604382293,1.2742414190994478,0
62.62525936666225,1.2751426647432482,1.2742392966957377,0
56.84319637314624,1.2751808203892216,1.2742309370738818,1
54.57800306286849,1.2751938241393097,1.2742244606696644,1
52.99048019790231,1.2752110475476646,1.2742258845134986,1
55.851484443995346,1.275255582295732,1.274236103465707,1
50.81122624880202,1.2752930875148865,1.2742434305645893,1
52.312159400012234,1.2753649211005393,1.2742533733381354,0
53.45614923737,1.2754154305561871,1.2742807038499742,0
41.023015306214376,1.2754557259441726,1.274306526008797,0
42.89896929914019,1.2754934376482827,1.2743420419669398,0
41.156027896573804,1.27550851108815,1.2743958680433867,0
44.54549812850197,1.2755277383095427,1.2744597286214328,0
43.15309537992236,1.2755126650812705,1.274515722251347,0
40.68682846526206,1.2754887730283315,1.2745652361901103,0
49.927452818853965,1.2754498422632574,1.2746082756894621,0
49.59313466101275,1.2753971256559868,1.27463731899882,0
46.71225586020578,1.2753172405408788,1.2746520639124734,0
46.54020398054997,1.275264883854155,1.2746686291447944,0
34.83009577727675,1.2751911679010948,1.2746754711040138,0
35.0740078244574,1.2750993109012816,1.2746937836978618,0
31.743556328739686,1.2750543197235398,1.2747318621601718,0
28.726692236625908,1.2749906273837117,1.2747600265559005,0
25.667005074877835,1.274898060544126,1.2747657885498993,1
24.852972087694454,1.2748061815705887,1.2747740962589693,0
25.142709082140982,1.2746835111449362,1.2747868974239753,1
24.868285186101105,1.274580154967744,1.274790878213874,0
25.050588894089927,1.2744380352810472,1.2747811331715004,0
28.26894466478393,1.2743027990205358,1.2747659900256831,1
22.052356197159114,1.2741718460079718,1.2747375342794458,1
31.404320726479682,1.2740545816035318,1.2747246276351816,0
31.313873729138635,1.273917671027617,1.2746922206206803,1
30.744691160043672,1.2737908175842967,1.2746620964916142,0
37.35307557323984,1.2736839590883076,1.274632965063837,0
38.586510256853636,1.2735782166674634,1.2745952368282751,0
29.011406654960325,1.2734390846008945,1.2745506207683135,1
38.229283065690424,1.2733248458891282,1.2745203479857314,0
43.16615330486386,1.2732191644544104,1.2744831372342786,1
37.162514291644655,1.273091368754239,1.274433749562982,1
43.34578077892526,1.2730035561995305,1.2743945120399567,0
44.415781770945,1.2729384469933527,1.2743487073986899,0
38.99443875942143,1.2728162502024016,1.2742835460933026,1
45.76117633229688,1.2727502563144182,1.274234007500862,1
46.52053182998844,1.272718393322723,1.2741697958064577,1
38.61611528969182,1.2726669497439818,1.2741052305949367,1
45.14461357513826,1.2726261903914646,1.2740310635102003,1
46.01716186590869,1.2726015175554726,1.2739583446475558,1
51.652226550114364,1.272620294038145,1.2739007249317296,1
48.21608833345146,1.272602949219383,1.2738372229988175,1
55.12250176570129,1.2726157447161084,1.2737807042675946,1
54.18184400992203,1.2726145431316866,1.2737314207125643,1
57.96883108729766,1.2726389100341373,1.2736907187370359,1
63.476744883195785,1.272669820431355,1.2736576965084676,0
63.61734715935548,1.272706318875907,1.2736379629584758,0
57.145821793294346,1.2727309219654481,1.2736031865953885,1
70.07475965561738,1.2728084961941482,1.2735717863276799,0
58.15743676319269,1.2728368727540018,1.2735378620813775,1
55.66986116739361,1.2728624825503307,1.2734821618141952,1
56.2287783604846,1.2728946719817569,1.2734254461332102,1
60.88684749687274,1.272946689581391,1.2733908974948442,0
58.07582718038315,1.2729921554367467,1.2733481945140754,0
51.82276160922418,1.273071306595011,1.273308664296047,1
63.5546696215048,1.2731444796743545,1.2732807040467868,0
59.67824807567137,1.2732220300076915,1.2732535417770263,1
52.035922805756506,1.2732847525590567,1.2732236224072269,1
50.948593359111676,1.2733346245194015,1.2731849764126582,1
52.99559084799156,1.2733987526362087,1.2731589954396447,1
49.9025598009614,1.2734267906296355,1.273144544967232,1
62.02498437299698,1.2735234270150932,1.273140640263193,0
58.991625353298,1.2736184041951462,1.2731515987852149,1
63.57919006641937,1.2736868632678258,1.2731664416591821,1
70.52112070589908,1.2737589184678368,1.2731725582347546,1
66.81080016431545,1.2737996258933113,1.2731812959123074,1
55.955289181325156,1.2738097086652582,1.2732026222069286,1
71.1040906772552,1.2739318474704329,1.2732534529553263,1
73.19855397193908,1.2740400532422205,1.2733144031665935,1
72.1530538486696,1.274194524906376,1.2733836100568303,1
70.58536325367184,1.2743587472971645,1.2734504466206422,1
79.03974323814211,1.27455802256381,1.27352753555052,1
82.54508030453113,1.274741594874728,1.2736187970415465,1
83.0913308326101,1.2749671156571387,1.273713208135518,0
84.72732151486461,1.2752283962925177,1.2738329544020073,0
76.02114464158561,1.2754339527753242,1.2739379581231978,0
70.4003043138787,1.2756239741177688,1.2740295477888108,0
69.03016045470959,1.2758172744005638,1.274119245500467,1
65.59268657206391,1.2760004611024602,1.2742095270132843,1
69.13881563650989,1.276163657181175,1.2742945199564633,1
69.50740652351804,1.276314642470462,1.2743827361736528,1
65.04477482803625,1.2764684354119997,1.2744914669262972,1
66.84204769374512,1.2766446315175373,1.2746080289124178,1
65.07825090573672,1.2768330330368092,1.2747242760765645,1
71.21085843455715,1.2770579634887043,1.2748692435492757,0
71.08373723732153,1.2773277637417026,1.275012298883221,0
67.33258520610721,1.2776016885372763,1.27515594029275,0
55.85426681338808,1.27775140697845,1.2752872358491136,0
49.859527317180415,1.2778774489736935,1.2754149065994853,1
52.69051121785428,1.2779746429404044,1.2755328602108031,0
57.63705717097596,1.2780877280115548,1.275637420210006,0
62.41975357742412,1.2781724698428154,1.2757553437998927,0
67.522820778511,1.2782373601696078,1.2758674432229462,0
68.05709748389494,1.2782762348002212,1.275977884802932,0
64.63208811931709,1.2782567060216434,1.2760800727970096,0
59.385695576304414,1.2782734282524122,1.2761794012516208,0
48.74593290307059,1.2783029946155278,1.2762682180846592,0
49.81135689923468,1.278355630611331,1.2763691289588202,0
44.19237727060463,1.2784447108245862,1.2764640128654596,0
28.33221341924927,1.2785041145729426,1.2765614166840396,0
28.89963508158675,1.2785689818344042,1.2766653358872821,0
37.19539885616996,1.2785918683148458,1.2767703454595327,0
35.596208551657824,1.2785683833077375,1.2768567064029563,1
46.922301800641435,1.2785622729598232,1.2769523230857953,0
41.07590527161838,1.2785048461065127,1.2770426593538764,0
37.62049549427594,1.2784082144172637,1.277117792780385,1
34.12782016374551,1.2783066284891125,1.2771897796853182,1
38.133377827997926,1.2782645231009817,1.2772791440658835,1
41.32226591812772,1.2782171597154026,1.2773679206778856,1
41.65062929052419,1.278190976687452,1.2774497498313004,1
54.74750970139204,1.2781987158609713,1.2775461903025405,1
53.44259192225261,1.2782033088578504,1.2776272965369957,1
54.14772675598721,1.2782280254335159,1.2777112917182942,1
67.54036272330983,1.2782747720206349,1.2778130483040555,0
72.1250067661833,1.2783644925072344,1.2779223024127688,0
72.77273558553087,1.2784460023334778,1.2780379518276874,1
77.56861893662264,1.2785482724105275,1.2781636435827668,0
67.42000307430615,1.278621988706666,1.2782451854533134,0
67.07672160918004,1.2786623706111322,1.2783129398130242,0
66.7961777399879,1.2787146287750184,1.2783694582314966,1
75.83320022782607,1.2788152908259771,1.2784479532988073,0
69.16451330139381,1.278902623736414,1.2785081859285745,0
67.4481200536874,1.2789839315130296,1.278553641058277,1
61.40134745555647,1.2790279557578101,1.2785766591260639,1
57.104145048305384,1.279096533010235,1.2785899140409633,0
57.91753437384218,1.2791784931539172,1.278615608931822,1
57.83619909271226,1.2792949177990707,1.278658157157839,0
54.247514133095166,1.2794033003420826,1.2787135544424912,1
44.171081455110205,1.2794946221289831,1.2787655850884947,1
41.46237383309218,1.2795616338638927,1.2788089405043874,1
44.571022029803025,1.2796169672501676,1.2788671202144228,0
48.43002250096416,1.2796698331519782,1.2789078556329871,0
56.087185157048026,1.2797241670286978,1.2789431059227585,0
58.13146369534286,1.279743552598879,1.2789772561288835,0
44.73859326160587,1.2797246403851499,1.278988973171347,0
46.869836272477606,1.2797002297703175,1.2789869382391335,0
46.26275410788589,1.279644910839553,1.2789809325036776,0
48.399153071980756,1.2796034600148096,1.2789860066678573,0
46.5476264990766,1.2795808371636137,1.2789942950889925,0
48.4490439106189,1.279579635269629,1.2790114551631864,0
36.212457379977295,1.2795049156307863,1.2790148283465,0
31.959097184215494,1.2794454645357385,1.2790173838057437,0
34.653709279191474,1.2793906469007041,1.2790149557507156,1
35.24994799214248,1.2793434289281707,1.2790035367772434,1
25.311217116596026,1.2792880129653645,1.2790024368184516,1
24.264292511290876,1.2792193067835358,1.2789939603442713,1
25.96849492116742,1.2791562428185492,1.2789994564390474,1
35.52190541644629,1.2791030803124017,1.2790125343229195,0
46.779179053907264,1.2790990948959424,1.2790273387170372,0
45.88428230261229,1.2791011042178706,1.2790477363623587,0
45.910817964707114,1.2790584427352771,1.279062904574772,0
49.101755158669505,1.2790212573664632,1.2790796112536342,0
47.2438044614152,1.2789583876591497,1.2790991076633234,0
41.420938348546606,1.2788867139730276,1.2791070325341651,0
43.29739613306016,1.278811071506071,1.2791114633311702,1
43.18364324476414,1.278740454030925,1.279119834084598,1
44.059781864428835,1.2786806678424418,1.2791305482450095,1
51.47425921909265,1.278644929927118,1.279138169398312,1
54.17192566872189,1.2786180913473353,1.2791546677417656,0
62.09752030988192,1.2786025510323675,1.2791760849011526,0
49.04536677706886,1.2785933634736923,1.2791726873915883,0
44.69369248874798,1.2785922006761896,1.2791729405330794,0
33.52020199942382,1.278588337180539,1.2791590804495248,1
30.959474981933965,1.278573509229104,1.2791230316606315,1
32.80798038845285,1.2785479222399805,1.2790758087115501,1
39.474658566695794,1.2785533744117503,1.2790369091755804,1
38.6130211887215,1.278525187312967,1.2789902224000234,1
49.370538931291854,1.2785042277207659,1.2789654299285593,1
57.552668876506736,1.278471118287118,1.2789508377874315,1
55.68092350142799,1.2784399474370436,1.2789378638271687,1
62.053353745585895,1.278449496726844,1.2789165869351187,1
61.243030725547165,1.2784660185155827,1.2789049691653016,1
54.11072634956294,1.2784675321548542,1.2788925479200532,1
56.922810913372935,1.2785163924051184,1.2789024071930886,1
64.20324804227599,1.278592779590554,1.2789099619632978,1
62.95950602453229,1.2786703236004313,1.2789165662632036,1
62.23107694609696,1.2787391935923722,1.27890825856233,1
73.09666038135187,1.278817506901392,1.2789038520220357,1
77.14326749618866,1.2788929973126026,1.2789140178152134,1
76.21100386023946,1.2789594559596646,1.2789352137394614,0
75.25815841887298,1.2790403228583083,1.2789420296348446,1
73.4786019673866,1.279129516078243,1.2789568137035854,0
74.39773128499971,1.2792501751639251,1.2789694837036156,0
72.49630016874669,1.2793813848525462,1.2789781645620983,0
60.29601843308362,1.2794935982865971,1.2789833918721292,0
60.780458195689896,1.2795964888494038,1.278995412807215,0
57.480483827123585,1.279676311458531,1.2790027826476145,1
50.30393420717109,1.2797290353038964,1.279015660044194,1
46.86675600073348,1.2797626472658257,1.2790235618283163,1
52.412324329155595,1.2798272112594282,1.2790368942230885,1
54.60951478771807,1.2798619801242819,1.2790594127325168,1
54.31164581185897,1.2799094625397403,1.2790905683669023,1
49.6053922081504,1.279964963603388,1.2791222746011268,1
51.255245403554994,1.2800039991323924,1.2791666352747773,1
61.07672801669419,1.2800776371741647,1.2792258116468178,1
53.62337191344204,1.2801303920587546,1.2792810003732913,1
51.32225643008526,1.280205178344756,1.2793278327728126,1
62.86632198095275,1.280310159446968,1.279386683675862,0
69.78916842893456,1.2804064896997356,1.2794369757367305,1
68.55412619436308,1.2804919251311655,1.2794915421047792,0
79.68099156573687,1.2806022713067071,1.2795595610634165,0
79.49040114020245,1.2806973896948008,1.2796272666349204,0
71.81426858982277,1.2807421633695844,1.2796829939877896,0
71.63109708208839,1.2808215558973433,1.2797521013318245,0
63.72103189746961,1.2808896516062604,1.279814823912205,1
58.92374982550933,1.2809385740470962,1.2798746608136833,1
64.39633254861009,1.281040910089765,1.2799468795465438,0
60.200776474425034,1.2811334743193792,1.2800110778010982,0
50.37035452231094,1.281221289541516,1.2800648411059887,0
58.228485281791265,1.2813026120549147,1.2801169186321073,0
53.46226315351762,1.281375117048876,1.2801721141625904,0
36.554258762135355,1.2814028771717552,1.2802148389651282,0
37.68703693271918,1.2814457850802905,1.2802652537610273,0
36.77338791059406,1.2814659755691378,1.2803236218107907,0
28.946050488762694,1.2814226937220716,1.2803757202396542,1
32.249092597171725,1.2814121680189277,1.2804245178161622,1
39.732328922670845,1.281404954328332,1.2804797395789587,1
32.08187623216014,1.2813379943146617,1.2805201903134205,1
38.13308025814825,1.2812641578218715,1.280554191550632,1
43.058340700795924,1.2811981688664174,1.2805948306765287,1
42.94887939434954,1.281139886462991,1.2806357169578755,1
43.299803964368216,1.2810753796482932,1.2806710110880046,1
50.760070821671384,1.2810562839824402,1.2807184947188242,1
48.97985665116508,1.2810262800701349,1.280756056397831,0
58.911722445810064,1.281051688998938,1.2807983876755582,1
68.68193065248435,1.2810858639648788,1.2808408769594624,1
59.95988224909305,1.2810792913630298,1.280882918654807,1
57.975593931734515,1.2810706829576566,1.280912348223604,1
69.42689924206601,1.281081997647481,1.2809404412399399,1
73.56682327373998,1.2811113757940658,1.280977686565868,1
68.09487068742372,1.2811478051230092,1.2810151070684708,1
73.54935541134385,1.2812231971888026,1.2810523114093522,1
73.25371762134374,1.2812870056061894,1.281079985937933,1
72.17029768847861,1.2813564530620893,1.281113649094608,1
73.15843603923264,1.2814789417692258,1.2811698576327057,1
77.41449345480564,1.28160390463507,1.2812274841304288,0
66.61171683428344,1.281696059018444,1.2812876386029237,0
61.06424571477925,1.281784111525345,1.2813422208019998,1
62.44467350534009,1.2819019287890852,1.2814099041599356,0
62.80311896594523,1.2820134405347006,1.2814693223866376,0
61.447249154339026,1.2820799769668747,1.2815229156949124,1
59.51547530657023,1.282136195334027,1.2815617042057192,1
60.76316421523449,1.2821933635695795,1.2816098547053005,1
57.79654947912486,1.282258799882892,1.281657976698031,1
60.5529866345147,1.282307675059275,1.2816904028296026,1
66.00879618786654,1.2824034426615918,1.281750097200597,0
69.9565313761001,1.2825326221456481,1.281813896175164,0
68.35518845793597,1.2826660018309326,1.2818546851771901,0
59.72404990303998,1.2827770831001817,1.2818886786001185,1
52.44407467892934,1.2828344317782818,1.2819146892247144,1
59.60147002448544,1.2829075456373393,1.2819372168007237,1
60.04338425473995,1.2829557729461805,1.281955664709904,1
61.47812965133759,1.283042535243602,1.2820001346875398,1
65.41141055798624,1.2831554178518916,1.2820471938764273,0
73.19446208285696,1.2832513466375568,1.2821145356452244,0
71.13048413320894,1.283309851696047,1.2821759951900091,1
65.8064176265137,1.2833792943845723,1.2822229923208468,1
66.49416768903127,1.2834839385241987,1.2822824064839276,1
63.696315365307974,1.28355356623161,1.2823428148359732,1
59.69066272403736,1.2836420840437721,1.2824051111821806,0
58.507619054863405,1.2837618523491772,1.282477609815033,1
59.907925296586285,1.2838983697186683,1.2825599012244846,0
60.48846569812319,1.2840078113720859,1.2826346652220189,0
65.45773117081382,1.2840963053291785,1.2827101086020471,1
64.98213593960485,1.2841881100804196,1.2827965693729417,1
71.0941944886101,1.2842521664530222,1.2828860965742348,0
60.308736469162135,1.2842832796085413,1.2829652262872475,0
52.1903000589713,1.2843140179074373,1.2830450946143006,0
48.89359037441668,1.2843613283928104,1.283127546828494,0
60.3116596646296,1.284440178352913,1.2832114930193126,0
58.58241782631787,1.2844950646603985,1.2832792880796868,0
43.05069914362133,1.2845339973774408,1.2833391118015631,0
50.48340514746435,1.284553686798346,1.2833990958139023,0
35.49662405661137,1.2845158958475889,1.283443040187409,0
40.921147005231965,1.2844906542161887,1.2834901217321246,0
39.951688887263145,1.284485124841695,1.2835356995407354,0
36.764422265633684,1.284462741949552,1.2835763725554554,1
35.47062329557738,1.2844069215796465,1.2836169019327237,1
36.565133703781136,1.2843692475407027,1.2836577147932622,0
28.58644659066158,1.2842996982150565,1.283680440150577,0
31.320981035401857,1.2842213880672648,1.283707042992735,1
37.07255835751989,1.284156328868387,1.2837331538963184,1
36.082877934988076,1.2841009213309413,1.2837602315119196,0
28.961078390234775,1.284029291513019,1.283779243982419,1
30.7132097669423,1.283948252982981,1.2837842938584436,1
44.306444456010645,1.283874549611655,1.2837943545648687,1
49.33592502890064,1.283850368994354,1.2838269502776114,0
47.219479842932905,1.2837923540283231,1.2838483916154917,0
46.32835094873126,1.2837544829323666,1.2838685684858067,0
48.109151441225976,1.2837086587037518,1.283889580286933,0
59.263638325942914,1.2836981389580833,1.28392655287617,0
58.88599639046664,1.2837023776297662,1.2839655847198588,0
49.25850491899153,1.2836595836384415,1.2839855838414471,0
53.73434563428997,1.2836572783126416,1.284002431559309,0
49.89465360152681,1.2836121096087385,1.2840118955519102,0
42.331061986648265,1.2835432262861015,1.2839916129905393,1
39.21970312027341,1.2834787817974143,1.2839548364161621,1
44.15624001489631,1.2834351450316572,1.2839245592130135,1
45.585710832796515,1.283386892348162,1.283901638492454,1
43.134381790274716,1.2833639494789622,1.2838922472308492,0
38.69579256079424,1.2833534970173073,1.2838854235447223,0
44.11280823144422,1.2833206959148116,1.2838791230837707,0
37.95417201405057,1.2832904314459088,1.2838593899928423,0
34.680039993492045,1.283268364134058,1.2838244224952857,0
27.88073532850342,1.2832480044672099,1.283782956990305,1
26.763058820157724,1.2831818031134845,1.2837431351318438,1
35.20617597239496,1.2830906608749149,1.2837114968737486,1
38.55427978459561,1.283059101814262,1.2836784569315167,0
39.068918706701844,1.2829908236450156,1.2836434714511689,0
53.36850207537463,1.282942381134184,1.283609699123098,0
62.76646667523213,1.2828783255113065,1.283573142141022,0
61.02521487955099,1.2828295139202164,1.2835380424004779,0
49.224664177048645,1.2827820523718894,1.2834952802413684,1
36.702150469056264,1.2826885804637134,1.283439341613123,1
33.29198919572889,1.282615995239004,1.283383049615344,1
39.88202022095852,1.2825853145644464,1.2833248722351092,1
37.64725111842945,1.2825670858866833,1.2832683589274192,1
48.03447862057636,1.2825694193753372,1.2832267198001732,1
51.929141950725125,1.2825832103003325,1.2831903912554627,1
52.176407721450836,1.2825644703689298,1.2831419640372559,1
50.74137077323296,1.2825334479032482,1.283100776841862,1
55.902689375289754,1.2825581928816403,1.2830888012854507,1
54.17647854227294,1.282560377457208,1.2830620662563872,1
51.534243929716894,1.2825825700608884,1.2830510921806055,1
49.865353790420485,1.2826025977262145,1.2830277343943153,1
51.56659836477015,1.2826548379651357,1.28301102038122,1
62.77303500109462,1.282723966228716,1.2830159865854143,1
70.27493602170063,1.2827649728620965,1.283021677444497,1
72.53115398147922,1.282843238775206,1.2830330679449702,1
75.2891719992468,1.282939648352481,1.2830656791780677,1
79.09999955870254,1.2830351505623594,1.2830986471390597,1
77.65858617587821,1.2831411428000359,1.2831319679731374,1
72.73336813063719,1.2832684535966803,1.2831622931476638,1
78.38987850481692,1.2834308927768427,1.2831999821186522,1
77.16983527620476,1.2835871556093168,1.2832386106658782,1
73.42632016760727,1.2837435943501396,1.283272490130503,1
85.51555850618418,1.2839361730478283,1.2833026805488086,1
83.77281102107318,1.284094515968919,1.2833475845764115,1
88.4997519378996,1.2842683020242276,1.2833959188922075,1
89.30438967158526,1.2844890920005638,1.2834541373559807,0
88.91216320574479,1.284725637529249,1.2835117762703285,0
87.9008953002588,1.2849045538637314,1.2835696717790364,0
81.78299562847307,1.2850955764882546,1.2836364633963127,0
70.64893504530181,1.2852607539344052,1.2836924824293106,1
73.12229194541594,1.2854504614723463,1.2837630751397584,0
63.06592425605549,1.285603177461699,1.283835000851459,1
68.72304877455801,1.2857445555841818,1.2839222961001209,1
62.51090317004695,1.2858725098147872,1.2839966233577491,1
65.80949119672385,1.2859948068678182,1.2840762337528326,1
63.57622705561611,1.2860746393717222,1.2841499551351716,1
63.96959815637639,1.2861789359141758,1.284228822697807,1
67.64975976369189,1.2862901426927427,1.28431974668431,1
67.40931595775251,1.28644045154931,1.2844223011890243,0
67.23967773529967,1.2866186190144968,1.2845400840708279,0
65.35405182525567,1.2868029681686433,1.2846605961464517,0
62.08093719360014,1.2869495597256,1.2847795927753491,0
60.01989349056083,1.2870525873755319,1.2848874511490556,0
54.76829071367221,1.2871174309281135,1.2849709162219523,0
47.816698873452864,1.2871317745994992,1.2850522992740008,0
52.35054302998374,1.2871179185862247,1.285124352336797,0
47.77645978160429,1.2870769137532556,1.285191211567108,0
51.204776389128895,1.287042395845649,1.2852548245492097,0
49.88443571241936,1.287029195708711,1.2853353207310412,0
48.60313388884304,1.2870258063868998,1.2854273727985852,0
38.5963641148107,1.2869824557106182,1.2855096593284043,0
32.1569437275852,1.286961463835087,1.2855854605597152,1
20.318603938478034,1.286910082263925,1.2856594946510176,1
7.441479942923976,1.2868743402596006,1.2857185917114544,1
17.827813074539975,1.2868486045883045,1.2857823914680213,1
19.449281892201483,1.2868173187919798,1.2858510945043917,1
34.97864967636343,1.2867944595884666,1.2859332273718942,1
51.85174701234291,1.2867771948270519,1.2860073474624747,0
54.65081084486275,1.2867210263029243,1.2860865607273109,1
48.50248762766489,1.286615182841498,1.286153129183072,1
50.99227734394705,1.2865055489559247,1.2862217766383355,1
57.04783282943882,1.2864405697837238,1.2862938855027843,1
52.51927881623918,1.2863864636071007,1.2863524501004093,1
57.67897816295908,1.2863901854515296,1.2864210012577257,1
67.71783258359982,1.2864381581852422,1.2864902670380152,0
63.734421094938796,1.2864698557282583,1.2865364352871078,0
64.90738221459716,1.2864993009211374,1.2865768717106192,0
68.31855042629691,1.286545980952679,1.286616759810267,0
64.98017225144456,1.2865860855418614,1.2866623735091136,0
62.67149553223989,1.2866188113909873,1.2867025402442431,0
54.10377888930871,1.2866663814507178,1.2867413496649645,0
46.31628148337359,1.2867136170781763,1.2867734696509299,0
41.713245143111706,1.2867479818163727,1.2867842181584352,0
51.22041525404897,1.2868023421945263,1.2868017222016974,0
49.03682081334485,1.2868215682889341,1.286803697973904,0
32.242946928569225,1.2867923207877792,1.2867723860192777,0
33.59085419385032,1.2867284450525074,1.2867343503811979,0
25.837994873204025,1.2866226392182787,1.2866945816042934,0
28.929706748247582,1.286560577655837,1.286672561194344,0
29.4158637652897,1.286508671894908,1.2866522963672729,0
28.359361618354384,1.2864366194576493,1.2866162398324568,0
27.077758918253593,1.2863520988457695,1.2865934540564126,0
24.666085784813063,1.286264308995948,1.2865603514651158,0
24.47841812242021,1.28614396823714,1.2865295846266667,1
28.31926844685367,1.2860101119345153,1.286496389064694,0
26.244480265528566,1.2858711530343816,1.2864550407521715,1
26.4653359207001,1.2857171754914078,1.2863921675415122,1
31.47040322855132,1.2855826873462841,1.2863337776716834,1
35.33338138964113,1.2854564341015724,1.2862687665300185,1
42.973635696940164,1.2853383354809862,1.2861904268308388,1
43.048950538945526,1.2852269685425521,1.2861109498145282,1
48.37435312880996,1.2851267116782688,1.2860443304319975,0
44.916562055592046,1.2850754162402458,1.285993349704321,0
44.21196652894565,1.2849947741771268,1.2859526595013029,0
51.021929525655985,1.28493042710348,1.2859231589754965,1
46.011651125941974,1.2849100047469824,1.2858892204835812,1
48.25894658435465,1.2848864003856726,1.2858581450341646,0
53.34149588163798,1.2848801885604972,1.285829698690233,0
50.51426352614991,1.2848412873864252,1.2857973978654298,0
61.32403649285961,1.2848278538717741,1.2857731153612226,0
76.22274363594424,1.2848449716925923,1.2857612462252463,0
54.074268823246506,1.2848232267689084,1.2857381592299413,0
41.286737544588426,1.284788050641289,1.2857115388160616,0
40.73805666569559,1.2847607745165486,1.285684158329446,0
51.86255569102167,1.2847589116514695,1.28566051188996,0
45.0773883565629,1.2847606883864433,1.285632388589957,1
38.34209855360453,1.284786524181562,1.2855889933787503,1
39.26790338153273,1.2847687790243134,1.285530411350588,1
34.53800397122154,1.284729195252957,1.2854720341100316,1
37.789047794457176,1.2846981359899048,1.2854236080902015,1
47.045939091650126,1.284694129538877,1.2853863820477087,1
48.53808214374469,1.2846891608994455,1.2853437668782859,1
45.10785731037982,1.2846499469033195,1.2852987430228082,1
53.44146844901911,1.2846783736254106,1.285267934770855,1
51.96467385836029,1.2847012578704369,1.2852283988495743,1
56.01225907131686,1.2847227790623452,1.2851903898172157,1
67.52083779346836,1.2847751734026103,1.2851684940267534,1
66.96377097038201,1.284815423874313,1.2851374758588863,1
66.51109780372721,1.2848878810368105,1.2851181160634093,1
66.39948826650648,1.2849293629481,1.2850973359840676,1
71.09536959308836,1.284989045534115,1.2850903118586054,1
74.51381616619881,1.2850816795882518,1.2850853842339713,1
79.97422612200876,1.2852253972066143,1.2851025049721583,0
82.23255455353168,1.2854129642768157,1.2851284071623619,0
74.37964149971441,1.285543423413017,1.2851492539395932,0
75.70718361597308,1.2857149341406178,1.2852014339310924,0
72.91230853281044,1.2858632441084739,1.2852429130011371,0
62.69110749336531,1.2860016679646447,1.2852820228491344,0
59.24896496309397,1.2861352559191261,1.285301905415347,1
62.797668142889876,1.286275131779899,1.285330192044198,1
59.14501391454311,1.2863886591368212,1.2853671979193775,1
60.443956246526916,1.2864901737259733,1.2853989968303676,1
55.53590204053982,1.286609994444992,1.285437017202426,1
61.787559740877676,1.2866881615967611,1.2854856121147034,1
59.185524866577495,1.286777716300842,1.2855354405961048,1
62.208048582360014,1.286899532767524,1.2856017417104726,1
63.80000697716279,1.2870292846141596,1.2856933376758541,0
57.246414817875966,1.287167670446239,1.2857714690988684,0
60.71068790335466,1.2872639080451895,1.2858411056408559,0
57.955369055519704,1.2873887995371316,1.285917521606526,0
59.62363378475471,1.2874639880869612,1.2859851196763692,0
62.11480270514687,1.2875221848561884,1.2860435735051394,0
71.86056700228714,1.2875747680507055,1.286102245696342,0
69.1836810102071,1.2875882250964545,1.286165787530093,0
60.54853375215085,1.2876002176290553,1.2862171701498235,1
53.34900509264757,1.287558799482352,1.2862609518252404,1
52.936654107766635,1.2875455344083544,1.2863065666102096,1
55.175472530334396,1.2875745378484127,1.2863597625643006,1
56.89097065788712,1.2876408484186703,1.2864217298282452,0
53.05623778693761,1.2876995803502782,1.2864788826355997,0
53.84715610118842,1.2877964996407008,1.2865478090986209,0
53.449981279087055,1.2878946187138083,1.2866275536083276,0
55.31922941363095,1.2879872364310283,1.2867166915183217,0
42.17565046626769,1.288018828455358,1.2867888336902271,1
44.58675383031301,1.288028877216068,1.2868434268219442,1
50.848862509352784,1.2880342511902998,1.286911166832015,1
52.99508900752858,1.2880346787318302,1.2869925994959615,0
50.25113964870178,1.288019475049294,1.2870717475088604,0
56.74261081648477,1.288023274054785,1.2871587371615874,0
67.16528075345784,1.2880354502164644,1.2872524472971498,0
67.06619506787273,1.288069954790487,1.2873354497770129,0
52.99724032772155,1.2880734477644222,1.2873972882511302,0
49.73060624353335,1.2880624102187586,1.2874672310225177,0
52.18451290693606,1.288068483166894,1.2875218313466863,0
40.319887694537144,1.2880795913413159,1.287568503538175,0
39.835219407359915,1.2881145589352372,1.2876176637743972,0
36.8206431912871,1.2881262693351196,1.2876470049832136,1
36.82069178511827,1.2880663190444757,1.287660120632366,1
42.622126548446026,1.2880043885540897,1.287668332835157,1
38.896658157726016,1.2879402434909308,1.2876832348527318,1
39.046354202843006,1.2878681181566052,1.2876994381476168,1
45.45000787008687,1.2878145765686158,1.2877207124004733,1
42.29929878617795,1.2877568723018697,1.287729281556424,1
37.03551560963911,1.2877471726562648,1.2877225170420068,1
39.78537014742194,1.2877570490210535,1.287728877065159,1
52.87804318275259,1.287769147329546,1.2877328521075864,1
53.18819943068475,1.2877572606291972,1.287750206104251,0
54.55408082496118,1.2877827856195265,1.2877841945708135,0
57.7359648664155,1.2877936438243185,1.2878220923236643,0
54.129371068796665,1.2877649976589085,1.2878483936487533,0
59.58942892398915,1.2877348825610588,1.2878739391467082,0
78.6879422139755,1.2877528555886977,1.2879023609962197,0
65.18636224903072,1.2877428378186488,1.2879203683719802,0
56.460678535662055,1.287692292561346,1.2879234837325202,1
50.777309215349895,1.2876686914974695,1.287924893616826,1
43.25916603541856,1.287642153312079,1.2879147119922192,1
44.25705896913467,1.2876347296535646,1.2878891829989754,1
42.80858016136758,1.2876699722135738,1.2878610413392997,1
48.61434502482735,1.2877147585605557,1.2878486730413032,1
50.17764973364003,1.2877839923198202,1.2878413119658074,0
42.80761492434031,1.2877984780513798,1.2878332341333845,0
34.22956509125645,1.2877861164425752,1.2878262850350277,0
40.46947037601101,1.287797013276534,1.2878181796467552,0
47.94754276442103,1.2878211450030417,1.2878156850046414,0
48.05771691210724,1.287833540330959,1.2878222061459204,0
42.17199205964122,1.2878052819740702,1.2878314451042734,1
44.24214851008896,1.2877576080303093,1.287835035553033,0
47.958519016079286,1.2876785888386468,1.287825814966907,1
47.033996498008094,1.287610651967493,1.2878100137431934,1
57.07561672863922,1.2875948891426854,1.2878065171657165,0
54.46871721802228,1.287567110941383,1.287782183666981,0
51.46344893285861,1.2875155544037937,1.287750735272214,1
44.02050055719018,1.2874851148134734,1.2877195197249585,1
42.7838453757058,1.2875004137796122,1.2877161178622223,0
41.94418186229002,1.287479135852544,1.2877049970714163,0
51.172922976825014,1.287493772978806,1.2876985207076217,0
46.551539172489136,1.2875082898250532,1.2876786274362646,0
40.52877831379086,1.2875155713922815,1.2876594798764947,0
35.508118643229906,1.2874626007694814,1.287624403727182,0
42.58442308618159,1.2873988914894796,1.2875866884750133,0
44.45649290368444,1.2873557818443246,1.2875475649549195,0
47.33094020857506,1.2873262571689201,1.2875274087968271,0
42.528989348405446,1.287262929524863,1.2874983873691968,0
31.938083577561756,1.287181815968471,1.2874610181252724,0
32.55945312808407,1.2870921151079773,1.287427215652585,0
35.76524906102436,1.2870224480619985,1.2873946007549784,0
33.75344532650847,1.2869530457927272,1.287365746136076,0
22.276377611678868,1.2868640359512231,1.287344901729606,0
43.06486807574737,1.28682230410343,1.2873371799629296,0
30.924256260958103,1.2867213663657242,1.2873189663156337,0
32.4546789186069,1.2866371962582948,1.287289814907657,0
29.80755934223187,1.2865386689701122,1.2872403722328127,0
28.91118040021877,1.2864037500531824,1.2871782708254835,1
25.44396541642473,1.286250792849835,1.28711756593965,1
26.83214712776106,1.2861291332307787,1.2870538307553065,1
32.70100343386379,1.2860037169126168,1.28699234854085,1
37.00829572317768,1.2858893249728331,1.286931453173719,1
37.494113543139086,1.2857862248712457,1.2868608555771825,1
36.19847342541421,1.2856957109090525,1.2867852305610754,1
42.91511334174764,1.2856204553752126,1.286728871561535,0
48.353503235632495,1.285566414825839,1.2866801778608317,0
49.29778935664845,1.2854850475128645,1.2866202855664937,1
37.98003767231748,1.2854217979471776,1.2865699714206085,1
43.585056821451886,1.2853674830679171,1.2865310943279007,1
41.28498012672855,1.285315892786473,1.286486096168186,1
53.132197577719126,1.2852811242597424,1.2864501891340436,1
69.54666924931175,1.2852753111067996,1.2864219787173699,1
67.72928889144825,1.2852954094335542,1.286395076617598,1
65.00135167630259,1.2852574652883735,1.2863542626540567,1
65.90179908706213,1.2852747356382408,1.2863152636430022,1
67.75839545242937,1.2853065054920294,1.286293025883917,0
69.04126577617112,1.2853738425611794,1.2862754626802542,0
64.5256863747224,1.2854482341727993,1.2862387591839897,0
60.10211962972898,1.2855273767450663,1.2862000586364601,0
59.083753514194484,1.2856166278199563,1.2861670657509052,0
50.6220534345822,1.2856284404593492,1.2861216119349619,0
51.604496635171344,1.2856374071384327,1.2860833728169683,0
49.02154426409744,1.2856412282126688,1.2860459113267912,0
49.58287369432742,1.2856590946574882,1.2860046076370737,1
41.98001968501513,1.285630577119521,1.2859431467522695,1
36.71584403815692,1.2855812928049144,1.285885850606244,1
44.94543205122171,1.2855828706883006,1.2858472120802964,1
44.31095075419115,1.285575111196237,1.285805969973714,1
41.65128900095365,1.2855831899022743,1.2857642047769655,1
33.6862596438868,1.2855823865705303,1.285727396455381,1
37.56227528808135,1.2855813305731139,1.2856852121717668,0
43.6280791366228,1.2855642670793743,1.2856443696190984,0
43.672042910942,1.2855576652993197,1.2856119141804134,0
39.541918939769005,1.2855566179761955,1.285591869536742,0
59.739460652898686,1.2855390323125726,1.2855713199722394,0
42.76127123216716,1.285453944142619,1.2855322908032343,0
38.730799198263064,1.2853401016910744,1.2854810004891162,0
41.8783972514477,1.2852657281556352,1.2854398786362986,0
37.90765651989762,1.2851453585182029,1.2853854756563527,0
36.7355790748538,1.2850013052020317,1.285330741788527,0
28.55708869166024,1.2849093325787475,1.285276365741661,0
27.603080893732468,1.2847965629098383,1.2852207796638127,0
19.59901104391878,1.2846785178599522,1.285171704090283,0
23.153102989875975,1.2845699565632174,1.2851036686209887,0
24.91929458444791,1.2844983106081507,1.2850539244492398,0
22.88511642303449,1.284411072756179,1.284995401205398,0
19.529273544015396,1.2842859386063696,1.2849461199347996,0
18.36430850691312,1.2841553410433506,1.2849066063697814,0
11.692282872066869,1.2839595646142536,1.2848477134827327,0
15.212107716848877,1.2837820581022354,1.2847885664039636,0
23.89575094610747,1.2836078947204341,1.2847268832948935,0
27.626833934613586,1.2834532517984214,1.2846699403493338,0
30.56942939951064,1.2832750737000627,1.28460745371194,1
28.697272177685335,1.2830726917642006,1.2845426618788014,1
28.96170240245864,1.2828583510510259,1.2844664782425645,1
36.03073291777886,1.282709456558087,1.2843895074961336,1
39.14418575522226,1.2825908974317526,1.2843233404566712,1
39.23933879355662,1.282469866234298,1.2842591059511468,1
39.9458100460213,1.2824101570448814,1.2842025452471384,0
40.7360792614378,1.2823464461172984,1.2841429631208572,0
42.08121160801289,1.2822795508481668,1.284075736377031,0
52.836388071075376,1.2822600402530084,1.2840146713222964,0
65.28223648356612,1.2822500519004183,1.2839535610770283,0
56.98686490733785,1.28221045864295,1.283884865962819,0
49.38398355680762,1.2821385670978127,1.2837994570330686,0
39.82123672869444,1.2820670858655556,1.2836996333548083,0
45.6045790463113,1.2820135366671517,1.2836019975771884,0
47.33921854457271,1.2819568338520302,1.2835100462414735,0
48.70604226773697,1.2819519040363303,1.2834175243992385,0
40.468132430498635,1.2819301031665105,1.2833139565425853,0
32.18617426400883,1.281849537888988,1.2832153222667493,0
32.28610426505355,1.2817553091886371,1.2831171011694156,0
25.878318791465716,1.2816806792952644,1.2830232341449783,1
31.468932572028677,1.2816400610696488,1.2829350484436657,1
30.14277309394693,1.2815861001990698,1.2828486874743839,1
16.19929487349856,1.281501225220746,1.282757480462466,1
19.84913217618228,1.2814210823300736,1.2826586251133805,1
34.06024684805752,1.2813645552548236,1.2825748835745814,0
36.49393325360327,1.2812862810623107,1.282483781711153,1
43.17459076682351,1.2812303824116724,1.282402161457314,1
39.42901247272419,1.2811725349232785,1.282312218117097,1
36.81965106879091,1.2810535910924012,1.282210400927507,1
41.018974875997124,1.280957016415066,1.2821133015233273,1
48.890241264533095,1.2809022742027942,1.2820231284534587,1
64.07014139344946,1.2808740638296157,1.2819334696398856,1
61.580524202422744,1.28086039390881,1.2818622132612847,1
63.38515635338873,1.2808513337261105,1.2818064903912028,1
64.7736199333307,1.2808766787624393,1.2817544264841954,1
74.02858692655121,1.280927973807177,1.2817305705148283,1
81.54642224649704,1.2810124348641276,1.2817184084074233,0
80.96761134858791,1.2811389169267706,1.2817071560059583,1
68.16961597794766,1.2812343400606303,1.2816922120297323,1
68.60034869889193,1.281329905843656,1.2816837893384598,1
68.09990661027538,1.2814204616937288,1.2816752504958702,1
72.18277638553201,1.281537586608972,1.2816643978747124,1
86.08788713640423,1.2816957393903046,1.2816713471161163,0
83.88933139006379,1.2818443509565645,1.2816819900534582,0
85.63477187153573,1.2820042388331727,1.2817144426905105,0
72.31443914615417,1.2821300346242657,1.2817519697151578,0
74.32367765804344,1.2822557454880144,1.2817916364116257,0
68.36011397039053,1.2823722630352297,1.281817965443015,0
56.64268438854248,1.2824817314448587,1.281821792786082,0
49.907733333451375,1.2825687357825184,1.2818307663563093,0
40.201089918189396,1.2826102609267505,1.2818381561184784,1
39.389112567133004,1.282635022382095,1.2818441381723136,1
44.08786399630631,1.2826639492973149,1.281844010356976,1
48.43533553193058,1.2827029109907355,1.281851295814796,1
42.10909336442207,1.2826956992665046,1.281844759697078,1
42.94170842694081,1.2826747957564857,1.2818364259994701,0
37.23917083833757,1.2826367592752277,1.2818345336705954,0
42.28217091124425,1.2826172839103684,1.2818422492308388,0
30.48291397939309,1.2826146733207806,1.2818340652568412,0
31.63015700959788,1.2825834481327443,1.2818171478313902,0
26.124777560529154,1.2825238823724263,1.2818006199876608,1
25.113594774695798,1.2824258510082704,1.2817793114388956,1
32.54106095231188,1.2823109434159767,1.281768890136285,1
41.005029538335066,1.282226253380714,1.2817670767388833,0
44.14739510736078,1.282090248335411,1.2817678084838626,0
47.634655830392916,1.2820002143392446,1.2817712938363235,0
42.16915339191109,1.2818728265511352,1.2817687257654757,0
37.88428238616504,1.28176427647298,1.2817838608766121,0
46.22336395113753,1.2817052769831923,1.281801779903904,0
36.862947218784306,1.2816223316343462,1.281807427291942,0
35.76421858561396,1.2815634948012664,1.2818075296111258,1
34.106070401948,1.281521516790192,1.2818183048087624,0
28.291731125615513,1.2814225226231248,1.2818125293179277,1
37.38818788724834,1.281327661057103,1.281813927305608,0
42.29121193279611,1.281268583264615,1.2818063709009946,0
49.54782262159311,1.2812058059932525,1.2818042359718467,0
46.16312529939858,1.2811332138717548,1.2817956662546282,0
34.30232569169584,1.2810077482898223,1.2817763345774567,1
38.37310611976237,1.2809008425456476,1.2817729658381398,1
35.1027314425518,1.280817971209954,1.2817615297493454,1
40.00479677964722,1.280759121300441,1.2817433588267195,1
44.447994017242515,1.280745983371792,1.2817280792557662,1
44.867753473249294,1.2807383046464447,1.2817200544313385,1
58.210400529054006,1.280739163548564,1.2817222086678648,1
59.64444726741039,1.280753839905278,1.2817186729409982,0
54.137745147210346,1.2807431354925387,1.2816973585104683,0
69.00534975699279,1.2807580900126256,1.2816669878248748,1
65.86680109361947,1.2807775690207996,1.2816393217142235,1
68.19076470176415,1.2808037294430619,1.2816295356568768,1
56.47377677841678,1.280829515071275,1.2816072709829895,1
58.82171734989542,1.2808593816916383,1.2815830976102895,1
75.62842761083786,1.2809064360401843,1.2815658445812474,1
72.40617156066122,1.2810052191724473,1.2815363212307846,1
75.41609119098543,1.2810962627550555,1.281514692025004,0
76.44858176066037,1.281189998168049,1.281480674634945,0
76.16656005407503,1.2812883548429164,1.281467564059307,0
68.8403980598007,1.2813790610832094,1.2814449924927063,0
57.058240659967595,1.2814873600812215,1.281422373395853,1
56.464092404478954,1.2815857943037006,1.2814145909816765,1
51.93784712736748,1.281656353140129,1.2813965766923898,1
51.53843784685894,1.2817211101547632,1.2813876985179247,1
50.78112631250318,1.2817698399949786,1.2813820063009194,1
54.16609567634277,1.2818382457228787,1.2813897730015642,1
63.84384223074334,1.281877474075056,1.2813920339015927,1
65.92212857871866,1.2819257726288977,1.2814107022859553,1
64.45220058290872,1.2820097663263534,1.2814313467384153,1
60.20892618804143,1.2820788181127685,1.2814438113598912,1
55.6237436889088,1.2821367041234053,1.2814470897994386,1
62.669439376369525,1.2822217412993404,1.2814723628483007,1
59.07273037053985,1.2823334573848295,1.281507274683824,1
67.13336269575302,1.2824665079619708,1.2815601478461074,1
74.42186425535135,1.2825871799747945,1.2816303761678571,0
66.05678477241696,1.2826840007989653,1.28168554418398,0
75.3601173283648,1.2827688969820483,1.2817317494655378,0
77.37370665838046,1.282847134490322,1.2817834290969095,0
77.52061081779803,1.2829133376023703,1.2818328133645571,0
68.50070653461128,1.2829805962381609,1.2818881003675167,1
60.8385643615736,1.283041841463079,1.2819333993918927,1
56.18976624098338,1.283093534027294,1.281969893799317,1
50.77171474230606,1.2831728056097238,1.282016766282541,1
60.84920665940464,1.2832800740206092,1.2820743302056616,1
67.45252228045213,1.283417481623927,1.2821403922344135,1
64.48729131237664,1.2835474838714824,1.2822397575009072,0
67.44781202293791,1.2836863200877338,1.2823354975138452,0
58.72553084803418,1.2837937699583863,1.2824207769634637,1
53.120104096236226,1.2838709322351052,1.2824973972351565,1
61.856245474346835,1.2839707031788872,1.2825788070827442,1
56.97198884411655,1.2840614640011592,1.282668576083973,1
58.6772514581205,1.2841166654658422,1.2827586920163785,1
60.11221121778152,1.2841872758140207,1.2828549965254503,1
66.15633092862855,1.2842467251277656,1.2829551893770372,0
76.07258581986858,1.2843073755661831,1.2830549330456134,0
73.19962311235062,1.2843790546967155,1.2831418442040885,1
75.83365163000164,1.2844627405730806,1.2832211802753444,1
68.89088354284812,1.2845301870326902,1.283293967947874,1
57.70504446242567,1.2845731399965072,1.2833648151661443,1
54.04404682863819,1.2846408734692865,1.283441213750181,1
55.626860988616144,1.2847535548587614,1.2835237937270776,0
63.521086803729325,1.2848848107367326,1.2836023263167855,0
66.35424450521634,1.2850183501747698,1.2836923003239387,0
66.70888458950878,1.2851350602132836,1.2837846016143197,0
71.87803075897618,1.2852194017137437,1.2838655785038373,0
61.739712654287004,1.2852551169803434,1.2839397166240656,0
51.423768044921154,1.2852502946767403,1.2839971102825194,1
48.304967085616425,1.285263311285383,1.2840501022103974,1
42.691288150116826,1.2852857468879613,1.2840963540531742,1
47.71810374304968,1.285304355653039,1.2841489249106757,1
45.940765698268194,1.2853481847778698,1.2842129059626324,1
49.0591667911574,1.2853767376399103,1.2842750693508622,1
60.23320397344336,1.2854022595309245,1.2843533590817686,1
55.49991786617475,1.2854146559906616,1.2844326077113966,1
59.411387169679145,1.2854424536517792,1.2845239785083336,1
56.87150064515948,1.285489249785731,1.2846022458292294,1
68.21067726554826,1.2855632339069742,1.2846954842081117,0
68.36189905517233,1.2856574274870836,1.2847866298911483,0
66.24551754537544,1.285765633902796,1.2848671621967216,0
67.95936381318734,1.2858462203660417,1.2849481746514904,0
66.4249758894872,1.2858755199554575,1.2850193200598983,0
60.26147684499456,1.2858762826753938,1.285064142867207,1
54.98085906454943,1.2858596810805758,1.2851027898022371,1
56.54710323139374,1.2858447106718427,1.2851358826982684,1
51.10953936830649,1.2858169625863927,1.2851574915484765,1
52.96751828688511,1.2858145346046708,1.285191930146348,1
55.892959409483765,1.2858607886721285,1.2852338669585512,1
56.16854422833635,1.2859068683779644,1.2852739957654544,1
57.12538066041852,1.2859915272188072,1.2853276298997491,0
51.62905489073951,1.28605327663339,1.2853779970687673,0
40.27783789619202,1.2860990866326305,1.285435804030453,0
36.33673318170795,1.2861386463215045,1.2854931142685466,0
42.16032165439239,1.2861854199401308,1.2855584048139315,0
37.78669350487293,1.2861917765407873,1.285597288719468,0
37.790025432424194,1.2861351448943075,1.2856110438164858,0
40.567912006683514,1.2860748870483942,1.2856132070999942,1
50.63297875880777,1.2859993639586587,1.2856207017564818,0
49.9675023274787,1.285921399722708,1.285637681796877,0
46.88123096008213,1.2858215023439257,1.2856473902402499,1
42.28659993144833,1.285715894686226,1.2856462512544258,1
43.811784738206086,1.2856703771231668,1.2856628853087013,1
42.28450251178956,1.2856320106991088,1.2856702809605136,1
30.986200181699928,1.2855924334692126,1.285664852864314,1
40.559052824476446,1.2855737186507734,1.2856666801074714,0
44.881981970552914,1.285584645763664,1.285668399627469,0
50.76722911118435,1.285616543229541,1.2856869255594783,0
44.89196651902375,1.2856053902794813,1.2856909268411112,1
46.98478750722569,1.2855665236296756,1.2856885304042487,1
52.31643034250847,1.2854901057466606,1.2856944161998103,1
53.829834408215504,1.285442839943073,1.285698783658282,0
49.64179979996319,1.285405509661131,1.285696585951401,1
54.04301196725575,1.2854070936438347,1.2857020274313877,0
52.637597317142856,1.2853571713593939,1.2856939332877813,0
59.8500195647279,1.28536703206658,1.2856900774607862,0
50.23058399797353,1.285383568431753,1.2856767105036895,0
55.48646667398582,1.2854186744097418,1.2856786300717535,0
57.398098232514975,1.2854147130041422,1.2856864690874426,0
48.90473920367968,1.2853907033777117,1.2856886386338087,0
42.389702443111375,1.285380996205698,1.2856854899673444,0
31.766644963102095,1.2853665059651906,1.2856711113792862,1
34.566757985627376,1.2853205483612964,1.285651830742072,1
36.93077160583147,1.2852716804373814,1.285628258079502,1
40.4579074539099,1.2852561332241854,1.2856064023416183,1
41.97251865431117,1.2852244424609673,1.2855905946955941,1
47.74725189187461,1.2852057939443005,1.2855737357444774,1
42.97588835318102,1.2851696336281826,1.2855590790964586,1
52.478523531599635,1.285161839227441,1.2855303689692983,0
54.71166161061827,1.2852104580103836,1.2855097426135687,0
57.03473963176207,1.2852444015670463,1.2854859232655107,1
46.61154228002511,1.2852431836950595,1.2854575689898895,1
49.49137714127225,1.2852387936780993,1.2854418954404576,1
46.983303936202255,1.2851784695337418,1.2854229021747268,1
58.44449644232253,1.2851988957020128,1.285429619136356,1
68.90158418221215,1.285230822583658,1.2854445222255126,1
73.03680957737282,1.2853256647976357,1.2854801913881868,0
76.83749247991196,1.285405212216734,1.2855149011165787,0
76.47694985090158,1.2855045501274804,1.285543973669583,0
73.0972430517597,1.285610708451315,1.285570174663149,0
71.56047100439412,1.2857456737983082,1.2855871485991448,0
65.01992727230305,1.2858850224325091,1.2856038096989344,0
54.17248542115778,1.2859745107794873,1.2856020004008146,0
47.61668147367267,1.2860636304832558,1.2855982517442024,1
45.31933648606905,1.286109536379731,1.2855760489174584,1
53.96806300322341,1.2861716099735152,1.285582528068685,1
57.93468952199747,1.2862361759284928,1.2856141481581513,0
57.991696810495945,1.2862666101399016,1.2856357683330617,0
55.21722396370112,1.2863119268276508,1.285655394116895,0
53.89580694531709,1.2863486002265847,1.2856806228151194,0
42.69902315760848,1.2863670866639052,1.2857041569935024,0
41.494000706380255,1.2864067439096432,1.285733908679256,0
38.148116932399695,1.2864313515810748,1.2857462852236208,0
41.87544435298222,1.2864978132230773,1.285769223184314,0
35.987689065475905,1.286493259798167,1.2857899496679377,0
38.44889782941513,1.2864587207433686,1.2857985230625504,0
43.3813592525388,1.2863691854256318,1.285794007252974,1
47.69241262137645,1.2862875716922177,1.2857833125016496,1
52.25882298780278,1.2861911457341333,1.285778275851444,0
44.04440487674173,1.2860932722136282,1.28578087409673,1
33.35816582154105,1.2859742357012798,1.2857808005809925,1
49.915383392709614,1.2859179362596993,1.2857938482255846,0
41.48553307192062,1.2859026765795878,1.2858008671681973,1
31.82352451085599,1.2858825941769276,1.2857884519574396,1
41.52934746642547,1.2859018294444782,1.2857939121514923,0
42.6684677943834,1.2858897968115426,1.2857916339666702,1
39.048222819143504,1.285815447476745,1.2857868997761484,1
47.03389422888194,1.2858111963408934,1.2857927771055224,0
50.98176531660735,1.2857752239091162,1.2857995984788846,1
49.65505947851341,1.285713601474152,1.2858097820536958,1
53.784670388767736,1.2856853565033382,1.2858259011125586,1
58.85834601092231,1.285698016553146,1.2858665129144382,0
52.18948032390558,1.285689464173601,1.2858938515485425,1
55.438578648442224,1.2856718052155798,1.2859292730955934,1
62.65523338935127,1.2857181202646755,1.2859747444841338,0
57.01399186996754,1.2857688266324696,1.2860162767311514,0
53.540351816602175,1.2858089218812983,1.2860352584277732,1
55.27702409816424,1.2858279598875912,1.286046643005413,1
53.94564983515302,1.2858551692718447,1.2860556078692056,0
58.93810944681965,1.2859183766771365,1.286064041563431,0
63.90575018863459,1.2859791478363642,1.2860746990887195,0
59.44261894883765,1.2860166087160683,1.2861032182339884,0
54.26320750816528,1.286034412292353,1.286119114613899,0
49.979183644541095,1.2860444435451197,1.2861348415619906,1
47.65595141765075,1.2860339139897494,1.2861279194665869,1
46.5246452735269,1.286053886540077,1.2861208595492377,1
53.3901348463528,1.2861024739652107,1.2860976234431782,1
53.44440021301774,1.286113622989695,1.2860761414147066,1
45.12340054563509,1.2861369357714305,1.2860525527364646,1
49.97020404846282,1.2861889409434566,1.286041075050552,1
52.951674084540336,1.2862260870968003,1.2860180664319552,1
59.12657468345166,1.286243140982346,1.286009760334373,1
53.971481564535786,1.2862765640196765,1.2860146728446182,1
56.51405407040287,1.28634294514924,1.286040998961987,0
54.39153708420031,1.2863536029848597,1.2860723711261852,1
47.44624997741443,1.2863447457723782,1.2860855310506967,1
55.913724825785124,1.2863703352058482,1.286088922138715,1
64.25807792627835,1.2864093945674906,1.2861037567764484,1
68.5542668748642,1.2864507721482135,1.2861111459974304,1
64.19460547738262,1.286470860069969,1.2861129455007847,1
56.759439339423906,1.2864764500636747,1.2861184444486276,1
61.93058573156244,1.2864972292578023,1.2861394123732517,1
63.937346544266916,1.2865629620671228,1.2861717588083181,1
64.69585393502783,1.2866827936727308,1.286208833741852,1
65.13959718496923,1.2868017283730333,1.2862513068965333,1
64.32318723410685,1.2869009756525673,1.286297761512917,1
69.84647292010878,1.2870027076124135,1.2863510323178913,1
67.29622078783638,1.2871206468739453,1.2864093714873979,1
76.08112080398352,1.2872556501327685,1.2864783544959186,1
83.42589400142262,1.287372981289482,1.2865529586808935,1
70.7686859186604,1.2874727449092813,1.2866174701151558,1
74.76870604072795,1.2875936299370934,1.2866800378053307,0
75.22700627809016,1.2877413020290054,1.2867501230243854,0
71.28295606473594,1.2878389266883392,1.2868235319665515,0
78.51068060163638,1.2879598649718937,1.2868955853371515,0
66.0018220363515,1.2880686168868538,1.2869570590808213,1
66.44787412828865,1.2881871642364806,1.2870376088426096,0
55.00911561044061,1.288275729469008,1.287089570027694,1
56.39175163836414,1.2883537174380288,1.2871425434089954,1
55.7698734718514,1.2884320420243511,1.2872003217208645,1
58.65708838534204,1.2885514951022636,1.287264899888198,1
55.10119759652181,1.2886418652621192,1.2873169518568413,1
53.02328255593261,1.288727258887938,1.287386876694053,0
52.078423585960074,1.288785857049279,1.2874544544753317,0
60.05896369335898,1.2888540397957065,1.2875056747089457,0
51.6017363781181,1.2889158287169742,1.2875565623467191,0
46.79726780992414,1.2889701482771714,1.2876155228762403,0
41.00674357292367,1.288970063494204,1.2876662129300431,0
34.89138344457544,1.2889327012695637,1.2877093672950062,0
43.68669826752673,1.2888963364327743,1.2877441425831486,0
33.642247209741086,1.288884501611572,1.287779611625239,0
41.427327215545766,1.2888352514590304,1.2878074949025153,0
40.69433205833077,1.2887690014234112,1.2878439586768085,0
32.949360796501054,1.2886978346890374,1.2878848884241187,0
18.29231711371432,1.2886092823576996,1.2879257326843316,0
15.93018340622072,1.2885440214514874,1.2879531130453854,0
6.175767818562946,1.288458456056961,1.2879800016793097,1
12.56894368272144,1.2884089297408126,1.288007692728141,0
12.255544747599188,1.2883601846797892,1.2880318429723392,0
9.335375506216593,1.2882868330090074,1.2880394785470848,1
7.943185924290233,1.2881664130874204,1.2880410302844458,1
35.964928752126525,1.2880940785496695,1.2880573268837707,0
34.57991689600466,1.2879876491835882,1.2880713107596176,1
31.059219383699713,1.2878717523690988,1.2880659773632752,1
35.43548168082661,1.287766458766084,1.2880708170214354,1
38.28432376864057,1.2876664795586183,1.288085255861215,1
42.602014467360966,1.287580214459068,1.288099474577528,0
44.415997177350214,1.2875180063594553,1.288109657646829,1
48.06464233304217,1.2874752531573952,1.288119159698679,1
49.97413985898726,1.2874289544852644,1.288127380349267,1
48.33945435868053,1.2873814425847026,1.2881416086336501,1
47.53890925574317,1.287341680206201,1.2881452752818752,1
53.67325900653192,1.2873285484738697,1.2881501932395074,1
59.413759140077495,1.2873316710142455,1.2881444393607249,1
69.62970632277484,1.2873440170589514,1.2881426481586988,1
62.49949162771753,1.2873829250137223,1.2881458927898473,1
79.32440415701606,1.2874403123728502,1.2881550435834845,1
89.30146297219767,1.2875207247225933,1.2881677238676006,0
70.5102961727345,1.2875706719735458,1.28815785170865,1
72.25887572635487,1.2876579969503243,1.2881534848114216,1
72.50247749003555,1.2877839391354868,1.2881655079749281,1
69.19091832865138,1.2878426132543124,1.2881569202106582,1
69.23305145894331,1.2879279676530395,1.2881459770092314,1
72.07632908505461,1.2880436580127037,1.2881478698930209,0
68.7547459527435,1.2881333349738666,1.2881402050222244,1
69.29472430645232,1.288224601423488,1.2881476496758688,0
68.79584338185263,1.288322660640821,1.2881536731392642,0
62.92504060182022,1.288408557463717,1.2881627888447125,0
62.28283777024536,1.2884870967150395,1.2881725114094835,0
59.80244501047773,1.2885702706087705,1.2881826717830347,0
52.296298555084306,1.288644079683612,1.2881786424661894,0
41.02774866722173,1.288696156996114,1.2881669919754728,1
48.28640159914391,1.2887252415166472,1.2881493862909912,1
47.69532775865209,1.2887702487567592,1.2881381960437168,0
47.937145669216,1.2888280009366082,1.2881322326150595,0
48.06565106382221,1.2888484644749894,1.2881189470930534,0
50.2602877574927,1.288862956148558,1.2881121667320392,0
40.07983288512779,1.2888306669932434,1.2881119652672164,0
36.96665543424862,1.2888012164384328,1.2881052577761978,1
32.80687908093266,1.2887471778150907,1.2880938213643482,1
34.45475260294846,1.2887032033446657,1.2880929886681656,0
42.60507595476394,1.288689027787242,1.2880984307419427,0
43.225672337403125,1.2886699582624943,1.2881063597448648,0
39.63606049019106,1.2886225119438404,1.288117740794942,0
41.355991800732994,1.2885835668489494,1.2881299188187245,0
46.32427359276456,1.2885381668323066,1.2881453078281968,0
41.791744644306334,1.2884552743715643,1.2881524004651055,0
35.052573050196486,1.2883863695880655,1.2881537647836137,0
29.347108586866227,1.2883160523951867,1.2881548584956422,0
27.7797472617992,1.2882138278489756,1.2881534697190222,0
20.23445710128631,1.2881108109800459,1.2881564016232394,1
25.80933023273448,1.2880327104747045,1.2881424447454868,0
31.59744448712941,1.2879574034208248,1.2881372879858857,0
31.85313364868125,1.2878606427815864,1.288133752208712,0
16.84593624349263,1.2877338484281622,1.2881191884798908,1
26.458783361886063,1.2876541400210875,1.2881140112780411,0
23.94235995504178,1.2875456496902726,1.2880983408245208,0
27.317446005425722,1.2874581741456275,1.288088032381685,0
27.01181475601517,1.2873923961128302,1.2880721149583718,1
26.39928175768233,1.2873344104635522,1.2880560037556634,1
34.09737616744016,1.287263561534764,1.2880458362481904,1
30.254161283792072,1.2871535937587304,1.2880231961629545,1
30.968563939125545,1.2870435287093338,1.2879923518390501,1
45.235968954145875,1.2869644941466212,1.2879708700478927,1
59.21303107312386,1.2869269977404834,1.2879631110913372,1
56.59479343541968,1.2868848887624589,1.2879460933276912,1
56.74391518947365,1.2868642262616778,1.2879219660206365,1
66.7898866686378,1.2868930028957923,1.2879026760528933,0
75.3654828894328,1.2869478768021332,1.2879057404270773,0
67.26002467556053,1.287016908103954,1.2878970341804739,1
68.68268419122774,1.2870901624848297,1.2878788909629768,1
70.68809013290237,1.287173978890348,1.287874990999901,1
67.47895893885135,1.2872380734129174,1.2878613302898367,1
70.19525409537908,1.2873291481801938,1.2878479482757081,1
69.90203207407183,1.287444273833222,1.287843564023633,1
79.47792786154162,1.2875389742443684,1.2878397604063931,0
77.80196846656432,1.287644886399444,1.2878272311279702,1
71.13308905897904,1.2877337681149708,1.2878181166421865,1
70.35394411447231,1.2878603295749933,1.2878214081023531,0
69.61442972733066,1.2879814199956914,1.2878204635104316,0
67.01490663966845,1.2880857334282914,1.2878224977460622,0
58.657273578712775,1.2882149402183987,1.2878307094518684,0
54.035021122529436,1.288348006341002,1.287841457768792,0
51.50549904720094,1.2884381686096569,1.2878380379890515,0
51.82247287594268,1.2884834074788063,1.2878252737082163,0
42.57415087130663,1.2885192150690619,1.2878143935653201,0
53.63479048594936,1.2885705512252825,1.2878050040513265,0
41.5096130411015,1.2885620526223767,1.2877952303045463,0
31.781472404426125,1.2884977069712529,1.2877843366402053,0
22.848044571110805,1.2884073181894355,1.287761090330212,1
20.57160224477572,1.2883005203690283,1.2877178177727218,1
29.956270645955,1.2882015069809496,1.287679982677384,1
21.10045242143927,1.2881223446298435,1.2876422848367763,1
24.923576526587098,1.2880318357189604,1.2876116777857558,1
29.19475126699622,1.2879452207083948,1.2875882255674111,1
29.730130382968838,1.2878496818243619,1.287564366403215,1
28.377758178136986,1.2877576626515184,1.2875481864399518,1
37.27583683625191,1.2876979848982042,1.2875427627662421,1
39.95636941261796,1.2876128625951062,1.287540132182321,1
48.97360346338,1.2875595349721205,1.2875587463596896,0
48.00489618221816,1.2875261474361213,1.2875886323284922,0
49.11893318472966,1.2874823727042934,1.2876105743437036,0
55.118367032051715,1.287425262761641,1.2876286015051186,0
62.648761143462224,1.2873740287452546,1.2876433923745187,1
78.24774799378174,1.2873572291013875,1.2876746259775063,0
70.45042692136815,1.287344546562771,1.2876905561819936,1
63.885903297354375,1.2873001084693665,1.287706787562964,1
63.11286684303438,1.2872789657276082,1.2877235469373387,1
59.88303154632217,1.287289859541357,1.287743322011616,1
61.04088551342494,1.2873444166079602,1.2877650927879751,1
68.80296524479468,1.287463856552302,1.287797935779737,0
68.39397861290057,1.287574675181394,1.2878484152464496,0
68.01145323619635,1.287685703206837,1.2878991546357776,0
53.71744011536386,1.2877598358999083,1.2879298144870708,1
47.99391591058951,1.2878139526233534,1.2879430075205593,1
54.78886277589111,1.2878807240127519,1.2879627005033323,1
51.26524790390609,1.2879263130028271,1.2879730211364118,1
63.17325363443454,1.2879931073795818,1.2879828045597579,0
59.030255097217925,1.2880573611529313,1.2879839259226404,1
61.53707238436829,1.2880955354044237,1.2879901972798775,1
62.32885567925439,1.2881088291898573,1.2879960990105033,1
62.97214296967055,1.288143660493561,1.2879984469849892,1
57.13205435728223,1.2881657154130028,1.2879996583051527,1
63.15741046837613,1.2882436664891148,1.2880091996980871,1
61.5059701315728,1.2883235765251528,1.288026347054279,1
61.72264188932254,1.2884303535559198,1.2880471079066143,0
55.58994758209868,1.2885256550868522,1.2880590950379271,1
62.32916718595877,1.2886187536800162,1.288077541163357,0
67.9379323879154,1.2887371193230717,1.2880940379108472,0
67.66129298047292,1.2888612725897524,1.2881170338255996,0
68.50672445215817,1.2889295229984428,1.2881354516077974,0
59.102398428453235,1.288967548932083,1.2881494587319235,0
56.8895980774341,1.2889963115627812,1.2881584767244894,0
54.06386525189394,1.289040625961933,1.2881707974279812,0
61.78818084893872,1.289124169018625,1.2881993121364865,0
52.7192593084507,1.289156820338041,1.288217742610924,0
58.9877392212514,1.289224780761566,1.2882347129509248,0
47.04102102737251,1.289226382813439,1.2882485366361829,0
38.49441073047931,1.2892091271297779,1.2882684939860505,0
28.9706028593028,1.2891521003825923,1.2882881101571402,1
30.76129383910711,1.2890973557207381,1.288314833151187,1
36.80395747355847,1.2890621893981613,1.2883427199518738,1
32.53543273227285,1.2890545193657252,1.2883725281995055,1
27.12316772964698,1.2889818546284966,1.2883892072619016,1
34.05397763063718,1.2889033610892615,1.2884096032066257,1
40.85454420748308,1.2888296180497663,1.288439082396776,1
42.513463538368406,1.2887847835455575,1.288469943395543,1
51.27774121721988,1.2887753143819949,1.2885084729568732,1
49.063374318460724,1.288758345146834,1.2885522309315385,1
58.07215902468801,1.288743105415794,1.2885904620030688,0
52.94717732055546,1.2887317142370562,1.2886176783281715,1
60.04038402196122,1.2887450360105963,1.2886545240544445,0
65.11925349729091,1.2887712932989406,1.2886968889394093,0
77.98058033486657,1.288819278664009,1.288748897395483,0
77.07073032871335,1.2888244494958678,1.2887862002942787,0
74.00662067109855,1.2888692511956226,1.2888276244640648,0
67.81885623905958,1.2888855671758561,1.2888688964335204,0
62.3753250330704,1.2888853502654705,1.2888910904513278,1
62.31818055164396,1.2889230132410434,1.2889217554659251,0
50.74031876055678,1.2889704586143158,1.2889385269596827,1
50.753126934228796,1.2890305790176186,1.288941522137314,1
42.689054704839236,1.289067956739602,1.288940032575157,1
39.820547199448434,1.2891065309686587,1.2889408593042342,1
34.30540449594051,1.2891627818564404,1.2889503856445144,1
39.36892094629139,1.2892046277355849,1.2889658732515181,1
38.28951024358676,1.2892317863566647,1.288979507334341,1
41.71813992537882,1.2892711461021036,1.2890078766352533,1
48.43174230783406,1.2893046995460753,1.2890331098234704,1
52.91861633873697,1.2893268943097778,1.2890600441942768,1
52.61765238396501,1.2893371219387846,1.289087096616813,1
52.14921271686287,1.2893453476901597,1.2891122857282924,1
67.9589277768871,1.2893498706251771,1.2891370081070912,1
66.64790557780276,1.2893631131600636,1.2891758480382336,1
79.55395043943206,1.2893625758346556,1.2891964611336995,1
80.79740049266913,1.2893858243047742,1.2892110994061272,1
76.60126553556483,1.2894009332265166,1.2892158563323033,1
77.67720304715994,1.2894448314252156,1.289236566968866,1
82.88565891127058,1.2895479156409109,1.2892627552356857,0
84.11335895269863,1.2896491002807777,1.2892865478490074,1
83.44698401752333,1.2897816116361256,1.289306662578232,1
72.0838217207881,1.2898919127961028,1.2893264780563778,1
59.899100286448586,1.289983930765756,1.2893465853086261,1
61.720583307557156,1.2900811579038076,1.2893747978406447,1
70.55740781449293,1.2902312872217139,1.2894266501484268,0
74.63924814223532,1.2903695723049238,1.2894640345660378,0
74.69244810776621,1.290507583775526,1.2895198127093352,0
68.65460822454914,1.2906206098670454,1.289566208277445,0
63.5212555792535,1.2906812379650467,1.2896150518841136,0
57.5905314326357,1.2907242372722947,1.2896660882512838,0
49.26736730812811,1.2907256858744511,1.2897165308135567,0
51.916564806853685,1.2907708743218904,1.2897816931687536,0
40.819078636975256,1.2907644693363478,1.2898179200823656,0
36.16713532512061,1.2907400464860914,1.28985005888638,0
32.78403472058632,1.2906965584157564,1.2898823426486035,0
33.135272678069185,1.2906254308858807,1.2898999273247747,0
40.41522782281567,1.2905865820401492,1.2899186419284567,0
38.8510017081596,1.2905386354529143,1.2899381077318086,0
25.01286145266714,1.29045435186705,1.2899343702297077,1
24.563158350701357,1.2903412689270393,1.2899197173610895,0
20.788062877620987,1.2902111063752026,1.2898938629619952,1
21.57358021273639,1.2901002406414257,1.2898738886181256,0
24.279059518985918,1.2900045631535693,1.289850396165815,1
35.69884330979981,1.2899340140589566,1.2898398861446512,0
36.13376887461505,1.2897789840414418,1.2898105322993998,1
29.122159756520645,1.2896298824787291,1.2897862077591822,1
34.38637111112682,1.2894658497776939,1.2897584521421634,1
40.69222489635648,1.2893308870469267,1.2897443362258734,1
47.287282174290155,1.2892216502051554,1.2897495718599876,1
54.46091705519918,1.28913692597108,1.2897516533432987,1
49.31973200219656,1.2890991866916022,1.2897680220444712,1
43.62791651765757,1.289017229000167,1.2897763531617727,1
54.54602367613609,1.2890018541680333,1.2897914790537381,1
61.178625835621624,1.2890070295138432,1.2898102583044535,1
69.04483380716141,1.2890527060056,1.2898383123082673,1
72.6509451250049,1.2891399483861021,1.289874055584982,1
73.21296079331752,1.2892086595007546,1.2899093911860924,1
72.25520241394615,1.2893021621604024,1.2899505141551282,0
87.16462731254917,1.289421650057037,1.2899811504340926,1
85.58270970021191,1.2895482925493353,1.2900082766569125,1
88.26154256874571,1.2896896044151878,1.2900348559525565,1
86.78389698691944,1.2898312960744813,1.2900682679718543,1
81.31245454666214,1.2899595857405446,1.2900942822119623,1
83.23495784050628,1.2900828386814858,1.2901277763532202,1
83.15499424032033,1.2902488843180162,1.2901650556927442,1
91.68969292106283,1.2904174387995218,1.2901988535570812,1
90.8807056796982,1.2905996175694503,1.2902379258793368,0
92.75794056810459,1.2908212803143417,1.2902949157815238,0
82.44588143754711,1.291014132464237,1.2903360585893182,0
73.62373804468946,1.291179183836753,1.2903636867656885,0
63.72052804502792,1.29131080117928,1.290379697861733,0
56.95706549798052,1.2914559332596025,1.2904019613471724,0
56.38892436021203,1.291582399560308,1.290430866571559,0
55.033028361788524,1.2916844024340142,1.2904515561165366,1
52.31122961265228,1.2917582333473785,1.2904490907585329,1
53.048770339851465,1.291810357166456,1.2904503695295946,1
53.13251409745155,1.291844667307021,1.2904442245986905,1
46.65337223090939,1.2918563059019261,1.2904447925690805,1
50.85835781064886,1.2918822194243553,1.290461543017816,1
53.47019565216737,1.2919254986176898,1.2904887811950707,1
55.473673288164406,1.2919859854739117,1.2905389757923407,1
46.64394488953543,1.2920679925406895,1.2905871152593738,0
54.44733511838829,1.2921655456058674,1.29065471271977,0
59.10986088737906,1.292228407864856,1.2907231209047259,0
63.95940174277769,1.2922705515483572,1.2907946529457845,1
62.61763170407389,1.2923032741574987,1.2908699908657284,1
57.268303402887625,1.2923183186720535,1.2909306205320987,1
64.40638857182307,1.2922897685297803,1.2909953690122702,1
70.3521410215441,1.2922898937094474,1.2910702753262768,0
72.29288842818855,1.2923199175269202,1.2911551462056408,0
67.07692360204717,1.292354199074813,1.291236934941577,1
70.67991171764326,1.2924207554823364,1.291330167283537,1
64.11219262469997,1.2924742719046427,1.2914187500719883,1
54.62153227319592,1.2925154734227697,1.2914841398620618,1
47.9236212357585,1.292558616781849,1.291560943854696,1
54.57490424481618,1.2926471711952487,1.2916572850162027,0
51.49666682101669,1.292737931293488,1.2917530572050082,0
50.73224758938682,1.2928163762685485,1.2918389882577292,1
53.49917281450519,1.2928695048694265,1.2919206848835243,1
54.74720586144188,1.2929066287428754,1.2919966623037888,0
53.42165484714541,1.2929115178897157,1.292063908271586,1
50.698946937427785,1.2928981257321026,1.2921394739521483,0
54.0285016958316,1.2929001083743648,1.2922140144023027,0
52.3397551935299,1.292911264845554,1.2922848150374102,0
52.587273908937824,1.2929158458890413,1.292339908899161,1
43.31495348435456,1.2929213345105912,1.292382545315524,1
42.74183621892089,1.2929262824767072,1.2924176697224796,1
48.734242380616266,1.292918070882376,1.2924417325010598,1
58.428491486089335,1.2929289346588102,1.2924731891669863,1
42.220957909424875,1.2929233974893741,1.2925051881816563,1
44.13578103972232,1.29293865324141,1.292536554472066,1
58.23943371587796,1.2929606272141831,1.2925818997394174,1
63.70574253502938,1.293007888091048,1.2926380710121896,1
67.0120253437239,1.293087624814508,1.2926860543152705,0
78.31977854060345,1.2932139018641848,1.2927469508731633,0
79.02386303734271,1.2933015239707515,1.2928109190846946,0
63.542290811297455,1.2933580861177814,1.2928564446243407,0
65.10307996024994,1.2934371234429816,1.2928853255091852,0
62.61258916954329,1.2934889763212754,1.2929106224263396,0
65.63681922723109,1.2935524864448673,1.2929459833470345,0
60.13609342496732,1.2935978893201303,1.2929787435279263,0
58.02434911200305,1.2936314568784784,1.2930096833996987,0
52.252631856237905,1.2936371063080923,1.2930358971014166,0
49.92601759044426,1.293621720960244,1.2930597424479024,0
49.01043901231557,1.2936211224196914,1.2930850645280862,0
46.18836923293012,1.293647228756535,1.2931172939515556,0
40.16424311919327,1.2936701805151025,1.2931478750057122,0
40.03176519443434,1.293702679557874,1.2931802819634388,0
27.31183795168147,1.2936906498225071,1.293196561326247,0
23.903497526935766,1.2936778330164393,1.293206121941156,0
30.901673931328418,1.2936730058425898,1.2932113626195374,0
22.46582372700351,1.2936143703494767,1.2932004508629322,0
23.08900597784151,1.2935133045183882,1.293177174577198,1
23.382859939219045,1.293410627966309,1.2931589423558518,1
36.46190263068449,1.293291698302577,1.2931554095748512,0
37.990694607353745,1.2931617205798243,1.2931542976536248,0
37.61171778885522,1.2930614585532088,1.2931537005768028,0
42.040711280195204,1.2929480455253908,1.2931486363074294,0
44.15931320496765,1.292866618679393,1.2931413124143178,0
38.393833162054996,1.2927811264839237,1.2931304669298358,0
31.039473399107735,1.2926798963528157,1.2931090224391273,0
23.954596587075102,1.2925670152666653,1.2930681873134302,1
24.25023827894522,1.2924448237743964,1.2930241178493178,0
25.879334603807692,1.292340491576594,1.2929897497094318,1
24.82167593863109,1.292246524288378,1.2929602275306977,1
32.59527950676812,1.2921448502082957,1.2929163655567744,1
39.85799092413675,1.2920620135705738,1.2928775079165467,1
30.89932638664054,1.2919434132307002,1.2928310967482994,1
33.268711083030425,1.291871564960185,1.2927973853625505,0
41.52169127550461,1.2918280339515118,1.2927746840246106,0
38.60676118116965,1.2917538462740414,1.2927482939732675,1
39.54449873597388,1.2917054264050551,1.292723371132113,1
37.325315601249244,1.2916708981628198,1.2926854904925797,1
36.78161896689736,1.2916295265833184,1.2926462470509574,1
51.92416197334342,1.2915867891748158,1.292623786889161,1
65.53758235032304,1.2915868710562273,1.292620512271879,1
72.599540055575,1.291610386712332,1.2926273422710526,1
72.93916307834611,1.2916366042869636,1.2926360496692644,1
70.41231120350315,1.2916551559260434,1.292631800921211,0
69.2303277951801,1.2916725303985694,1.292630120093514,0
71.95664278693259,1.291765281380438,1.2926396736947385,0
80.01982664551976,1.2918778741868933,1.2926350861025142,0
70.63482571866257,1.2919896454776854,1.292616820803973,0
56.8212555258153,1.2920670873773823,1.2925815347345817,1
65.96018709294452,1.2921508770189947,1.2925350175926216,1
65.67494530842683,1.2922271411399966,1.292486612424472,0
65.34647547885574,1.2922858924577751,1.2924486304525442,1
68.11823030682378,1.292389728618935,1.2924121388186807,0
62.16526407995931,1.2924573623187647,1.292384739761546,1
51.66382094670056,1.2924977426427768,1.2923527865037743,0
46.85682703181619,1.2925621766187778,1.2923340088927266,1
42.7333705345479,1.2926133609080943,1.2923161327439596,1
46.38050923956252,1.2926806522222318,1.2923029088582356,1
52.386714587948084,1.2927675848059228,1.2923045925892287,1
37.61600891363345,1.2928119557014028,1.2923001202018458,1
41.237083941000414,1.2928245130911566,1.2922914260057277,1
46.95218393710021,1.292825841327802,1.2922896065961325,1
59.519325905426115,1.2928244317331512,1.2922847505393753,1
61.57855778777051,1.292846523394484,1.2922941503500018,1
60.470101088065256,1.2928660392291567,1.2923054025786014,1
69.13859155983216,1.2928684956133136,1.292317869603028,1
67.64247466196805,1.2928857103333344,1.2923436220960574,0
66.77544312749275,1.2929103273071636,1.2923756299194833,1
69.6299016468148,1.2929721578923128,1.2924061467049832,0
67.25476567920408,1.2930191749658313,1.2924260082579233,1
69.46081988081998,1.2930588225308042,1.2924454532048641,1
65.06930733428973,1.2931047451180377,1.292465945078476,0
61.1461248348857,1.2931399130560592,1.292488885830948,0
75.76595076156983,1.2931848443986205,1.2925120300492372,0
75.30286319719421,1.2932400429028252,1.292536353071335,0
74.12912850096413,1.2932952245728,1.2925801401807204,0
54.29343367064085,1.2933260878395512,1.2926197617731139,0
47.12174538152461,1.2933529864576951,1.292666173931555,0
47.26191482534932,1.2933587865538847,1.2927119105801452,0
44.819569639952526,1.2933914485084073,1.2927580898898574,0
31.621812069147836,1.2934031207900198,1.2927947342384174,0
27.791331250027355,1.2933882715489782,1.292820109787494,1
31.686825638563988,1.293382551770109,1.292860405955139,0
31.568197476445135,1.2933546154069089,1.2928873705286912,0
34.18098558112612,1.2933290433574829,1.2929058063409895,0
34.41147158478363,1.293288696620393,1.2929318097415685,0
28.836788765809004,1.2932343414220153,1.2929551881028414,0
25.68278809924381,1.2931810623026316,1.2929796955754076,0
17.374787320594166,1.2931032116491057,1.292995620731298,0
23.024239783392062,1.2930394099045053,1.293007056549799,0
26.884356637471015,1.2929664924072137,1.292997301745259,1
28.469851044512637,1.2929030012336828,1.2929829908870163,1
32.311145798110715,1.29283832598295,1.2929695745093428,1
27.108674325275345,1.2927606924045218,1.2929542446406286,1
24.880173979909713,1.2926520740615695,1.292928170536535,1
49.40836594181261,1.2925908160253554,1.2929103540386873,1
42.65712506344311,1.2925504492767281,1.292888791809048,1
47.98932693644806,1.292521560225916,1.2928789398308476,1
56.61793933994437,1.2925290534448903,1.2928966970071483,1
61.11453831999263,1.2925471667328647,1.2929166057754053,1
59.54411319828647,1.2925709671519232,1.2929322646431882,1
61.5970897009713,1.2926166482217436,1.2929524120930815,0
62.35544349316083,1.2926340651232302,1.2929581405568569,0
63.70989506398672,1.2926738928221866,1.29297398273006,0
68.91983038692922,1.2927213880379986,1.2929952644990783,0
65.44328200320948,1.2927643588279916,1.293012682625254,0
58.7443983810036,1.2927872288962896,1.2930247352981195,0
55.43343590239361,1.2927931871599623,1.2930247095505,0
64.06444166562714,1.2928370421718751,1.2930234036776793,0
56.18997422241514,1.292874049386534,1.2930318940238517,0
60.01890489033252,1.2929269167657167,1.293038263215083,0
52.87515612540793,1.2929606456978302,1.2930369126350274,1
35.87294606962959,1.2929580441566535,1.2930230194787438,1
36.96523570614121,1.2929854784402,1.293009826658915,1
38.36382684435442,1.2930370562604914,1.2929965773490688,1
43.840830027900154,1.2930592070214137,1.2929866386019273,1
45.75580211271059,1.293084104841013,1.292968149612119,1
39.635302467428005,1.293092324144957,1.2929517385659648,1
40.5450670053973,1.2930767619072392,1.292938538613119,1
47.01835715880209,1.293060079334356,1.2929329675228152,1
56.42313125422033,1.2930647008303804,1.2929346159630188,1
63.09066963024588,1.293064896648991,1.292936472705463,1
61.44030618766915,1.2930931700185924,1.2929394433418702,1
65.54380531250794,1.293125865203032,1.2929503910518247,1
63.98952486594436,1.2931455383516715,1.2929574626786167,1
66.21659368732217,1.2931652266594906,1.2929606834599303,0
82.45761054821565,1.2932311998763069,1.2929867801128219,0
74.07053165470961,1.2933100900195205,1.2930075509752301,0
75.75709995670906,1.2933820706592252,1.2930327173198153,0
72.53211168431616,1.2934505822519764,1.293055547521279,0
61.57953941117154,1.2934791773248775,1.293068685829026,0
67.07847334883186,1.2935456379662724,1.2930998592019451,0
50.51092104004713,1.2935869591626787,1.2931047824357718,0
40.65204381948102,1.2935711456517676,1.2930964387568584,0
39.467777914171144,1.2935647399140346,1.2930908559716894,0
42.623541012122,1.2935509603669797,1.2930915441005622,0
38.106103271749376,1.2935323035516784,1.2930873344639846,0
33.475667761905186,1.2935211049830877,1.2930877556381473,0
28.165596542574093,1.2934470127793862,1.2930760590652313,1
32.378533108400646,1.2933724126416835,1.2930661686176865,1
27.233011233508364,1.2932871773395331,1.2930628899359464,0
28.438104147344262,1.2932067854604892,1.2930579863961853,1
25.126020528314186,1.29311487256236,1.293050061973634,1
27.947756456123116,1.2930109920039006,1.2930505108915762,1
32.250136667200096,1.292908585160584,1.2930600671182224,0
21.32264349701724,1.2927798340074683,1.2930362906527753,1
40.672008785091734,1.29266757401963,1.2930336300099827,1
54.25859066157821,1.2925912995379705,1.293035446700052,0
46.40060623289166,1.2924778934196124,1.293012253309704,0
42.6364972432659,1.2923589323275528,1.2929802537591544,0
44.144426472218115,1.2922711434917038,1.2929487563649382,0
48.375072998918405,1.292182360595541,1.2929261441514641,0
49.885929809291014,1.2921052464643477,1.2928932549722187,0
44.73738950014769,1.2920569387328877,1.292849657121139,0
37.741291659167246,1.2919643134146581,1.2927880261223534,0
37.070801943159,1.2918559494349489,1.292728180343345,0
35.719033841206226,1.291750801282674,1.2926727634185382,0
33.7492016732826,1.291644329772268,1.2926282126830697,1
32.36996842088712,1.2915752118362558,1.2925713269309833,1
35.178934465762936,1.2914778636149182,1.2925076943090403,1
26.18915291027801,1.2913876664859991,1.2924471898240595,1
20.99899866710477,1.2913071531236178,1.2923965893665004,1
28.126420823623874,1.2912369086959905,1.292361607789369,0
28.61380246484559,1.2911536807449449,1.292317791813474,0
27.66084057313401,1.291059947050366,1.2922692234341722,0
18.72021659710269,1.2910002246029906,1.2922126976854063,0
29.62277188978311,1.2909076437934808,1.2921630455909698,0
24.179670307131914,1.2907496648571903,1.2920983829849453,0
33.52036719249304,1.2906242200218538,1.29203123655555,0
37.38875482581293,1.2905114450813255,1.2919608000579423,0
40.31354363881275,1.2904044469091673,1.291884654796453,0
38.86551948378231,1.290273649295726,1.291809645210158,0
30.764674167502946,1.2901350709033383,1.2917100153261172,1
31.819356427210465,1.2899976566444666,1.2915983736977128,1
39.584294777107466,1.2899289342095448,1.2915013844655028,1
36.86496623679722,1.2898659804531813,1.2914084818608214,1
32.04425008257172,1.2898062303172955,1.2913027755949336,1
32.76872457449312,1.289745264571843,1.2912022825039986,1
37.39936630021214,1.2897028665107548,1.2910996452715953,1
42.09099490117803,1.2896877435822698,1.2910025588411578,1
38.00538329373837,1.2896562031850116,1.290918000168113,1
52.15040859179675,1.2896240829182548,1.2908279673472933,1
58.97517113424009,1.2896137322447379,1.2907723170221928,1
61.92836794500469,1.2896262841412598,1.2907398472092708,1
69.18052241826695,1.289695226615667,1.2907214181148254,1
66.36297091976583,1.289753746310717,1.2906938120629012,1
85.91474437886905,1.2898350425455614,1.290684141188523,0
83.38009743479206,1.2899431361621922,1.2906671954565871,1
81.11276702316508,1.290050456890428,1.2906726141999667,1
82.32470023348128,1.2901659919751958,1.2906782317913474,1
80.85283105891028,1.2902704257663864,1.2906779541671944,1
80.97130205413916,1.290379452925923,1.290678712196332,1
81.85042934868187,1.2905557521899058,1.2906863671771356,1
76.05840852660235,1.2907267872348904,1.2906846917901087,1
80.29418074639159,1.2908955862209213,1.2906961848896374,1
72.04882494540074,1.2910372940971897,1.2907114658967098,1
72.55310280104635,1.2912225502133527,1.2907247660724226,0
72.54767762327776,1.2914269011632795,1.2907365231541221,0
66.89719505774393,1.2916226507176098,1.2907575481907942,1
68.28002103581817,1.2917978469657785,1.2907781246964478,1
60.36564742335417,1.291967636795926,1.290796597489802,1
64.15144794795657,1.2921265737734666,1.2908056526184635,1
62.59380834318716,1.2922521279044026,1.2908310695982146,1
64.4321584558383,1.2923825497283867,1.2908700916074707,1
72.93344743372046,1.2925058487916319,1.2909380322656148,0
73.18074929820925,1.2926457410086876,1.2910097286923965,0
66.07945267926809,1.2927367439870527,1.2910785182702744,0
66.98184735359685,1.2928324781428973,1.291142454804839,1
60.57140336111833,1.2929178089568039,1.291209653048186,0
62.68044230561413,1.2929689606631054,1.2912746706106222,1
47.112401151050776,1.2930071475511142,1.2913257465932404,1
52.637345859726665,1.293084305822052,1.2913895732757055,0
54.41834763603134,1.2931496894624854,1.2914514794837333,0
52.31325027087498,1.2932126757138225,1.2915082897776597,0
58.034985845811136,1.2932591442000891,1.291575863749527,0
53.18784222035535,1.293309593900821,1.291635213615842,0
49.071424420456914,1.293301182041253,1.2916821813715316,0
41.17312790341476,1.2932577788238748,1.2917397687407959,0
39.719145205882405,1.2932481984045485,1.2918071395438722,0
37.99729198837742,1.2932415240809176,1.2918701562962849,0
33.794078330573825,1.2931973460446706,1.2919137571440031,0
40.32834633694097,1.2931792566497569,1.291967895560076,0
40.00182335417265,1.2931561681789792,1.2920395085084708,1
37.960055067915846,1.2930728926152073,1.2921001859957668,1
40.12042964357562,1.2929452798725316,1.2921445705308094,1
33.16689439453323,1.2928238908443896,1.29219289284888,1
33.66000531280426,1.2927267442227637,1.2922467238324618,0
43.71831474334886,1.2926750466198964,1.2923143676240603,0
38.04759352653858,1.2926103699213796,1.2923726544124359,0
41.571561671511,1.2925665830122801,1.2924262063826262,0
42.826161931049555,1.292532100970009,1.2924761057072394,1
40.55083150800945,1.2924270627018573,1.2925107651891463,1
37.0630677292121,1.2923333083351662,1.2925393099199047,0
39.95187168897865,1.29226469485147,1.2925636540617438,0
50.20451053495511,1.2921857355635513,1.2925720673286807,0
46.45187689124444,1.292137908455473,1.2925888784737445,1
44.81791092666651,1.2920980522734082,1.2925873852626701,1
48.62635903144633,1.2920542796231833,1.292584226125192,1
50.42152319443479,1.291979154072552,1.292578618416722,1
53.50513411529227,1.2919314331716245,1.2925763327748563,1
58.376156083363746,1.291962221276837,1.2925904753481834,1
54.398604053880554,1.2919849787693347,1.2926101058974404,0
59.33488048642845,1.292014241583224,1.2926229042657982,0
60.25254507204044,1.2920845778584134,1.292643302245176,0
64.88193769337593,1.2921612742586122,1.292650845745886,0
68.72843411599528,1.2922079810233809,1.2926611676193562,1
65.29138774703407,1.2922473365342184,1.2926566383608078,1
53.42521908982661,1.2922259563535674,1.2926339897001755,1
51.10247482207783,1.2922187030283896,1.2926110753367477,1
57.16853434616313,1.292242261634723,1.292603972250204,0
64.69715632510227,1.2922953368860386,1.2926071857432841,0
65.23634570371631,1.292360390420104,1.2926042918478011,1
64.62314304588784,1.2924068840300236,1.2926012123701531,1
54.63928566125444,1.2924282244689356,1.2925819239579637,1
45.05711925379259,1.2924428555997438,1.2925468700519256,1
46.699536065804374,1.2924693994889775,1.2925183418658606,1
50.46308840609791,1.2925218917293364,1.292501444359584,1
60.39478698970074,1.292642066455936,1.292508061450408,1
64.22208888227372,1.292784660599234,1.2925253590736938,1
70.63674241076427,1.2929087156065937,1.2925522347522516,1
72.22713619637145,1.29301474848116,1.292593515720202,1
79.70339936176372,1.293101425261741,1.292616953673316,1
72.9940014652708,1.2931656440921706,1.2926292861176722,1
72.23069104165472,1.2932499847868844,1.2926582258744008,1
72.67259063223653,1.2933536989874879,1.2926886676608453,1
77.12933444940884,1.293472626153455,1.2927263805204097,1
78.17742247877716,1.2935963969073454,1.2927747243072452,1
86.05230076679312,1.293770156445273,1.2928389407487346,1
87.42764014781913,1.2939627709585402,1.2928969043583443,1
76.50771562209943,1.2940952329145088,1.2929454557836406,1
75.74100766013783,1.2942164708678736,1.2930148356725655,1
68.59096572055452,1.2943523534222818,1.2930735305568113,1
68.34825759275583,1.2945112706339204,1.2931432533521297,1
70.74276252762536,1.294706408091122,1.2932353301483295,0
72.3667350723173,1.2949284007062756,1.293340118385423,0
67.06079047927882,1.2951084681089202,1.2934321727716727,0
68.94764445276869,1.295260627108691,1.2935149975139546,0
68.45455503878223,1.2953862511149743,1.2935925432484388,0
62.19169779377486,1.295477221924014,1.2936720998747477,1
55.9833664245061,1.2955346571796926,1.2937394644192168,1
56.85370830759513,1.2955892943110623,1.293816393056623,1
50.02527309861379,1.2956372273709031,1.2939010195409346,1
53.56104782363888,1.2957418449406408,1.2939927007598622,1
61.12939885535455,1.295826867703727,1.2940830950153037,1
60.861835491350355,1.295895408616135,1.2941725368818788,1
59.86231740688441,1.2959614518663003,1.2942557978847409,1
61.3681106579384,1.2960531149193504,1.2943567493656218,0
59.220949824249395,1.2961276417563632,1.2944682856020067,0
52.24678376449874,1.2961777709701552,1.2945763511173853,0
53.80438542573828,1.2962408888910004,1.294669238071391,0
57.57173783929028,1.2962978439874624,1.294749084756816,0
47.22797561944475,1.296339044935515,1.2948151570232835,1
55.09916970873529,1.296378623483576,1.2948890061122704,0
53.62457623644985,1.2963629966598655,1.2949466976689101,1
50.51455774769115,1.296319014567937,1.295003214509153,1
56.07044563853575,1.2963086339683856,1.2950724339496744,0
48.97401173209217,1.2963201499761308,1.2951441228907197,0
43.61824030043228,1.2962960595715116,1.2952205845356166,1
46.47089997844125,1.2962963098535352,1.2953031426048058,0
44.16179768376229,1.2963089096209155,1.2953661236136937,1
33.984285052538056,1.2963107228560176,1.2954225474446148,1
36.104571902006064,1.296335843323789,1.2954912007024084,1
40.93671511290799,1.2963351718478902,1.2955640158870088,1
41.47656580975699,1.2963156165601473,1.2956380518517883,1
48.66066963814952,1.2963162287356629,1.2957218861362463,1
54.262332005984135,1.2963257072910197,1.2957983210055577,1
52.8104604016502,1.2963186958760864,1.2958754710243219,1
72.03316602773646,1.2963344599237367,1.295945242989127,1
76.29277074402296,1.2963799233485729,1.2960144562171212,1
77.48027869986808,1.2964626431030706,1.2960908090699816,1
77.14669656402043,1.2965505442561414,1.2961634030668083,1
84.3926183683984,1.2966729209021277,1.2962437552794381,1
83.67458851671171,1.2967794506852384,1.2963345287494974,0
80.95706320190342,1.2968975870282575,1.2964057385654593,1
81.69324940739988,1.2970243312526135,1.2964714674152031,1
80.96370143138805,1.2971442077213309,1.2965410665768249,0
81.19501922354863,1.297268803096174,1.2966130853662512,0
85.87552666024882,1.297404850012776,1.2966744619626178,0
76.7684922220767,1.2975132291293519,1.2967233258731306,1
78.14711202608521,1.2976516205214341,1.296788678656464,1
66.4688597703125,1.297764870161519,1.2968419071620727,1
66.24075197114891,1.2978938602620906,1.2969078034383321,0
60.48977731996954,1.298009341991658,1.2969632444301038,1
56.35192302900442,1.2981427309187146,1.2970125809828252,1
58.18553055633259,1.2982637177309797,1.297056012946128,0
57.18803920515097,1.2983945283497818,1.2971127451019024,0
47.94163651039148,1.2984834363412816,1.2971645947173582,0
58.76528919633281,1.2985586473546182,1.2972142014849843,0
58.767760303356354,1.2986180132939726,1.2972707727651047,0
53.828425983444426,1.2986431920048809,1.2973342230000566,1
47.006232354347574,1.298650015090161,1.2973876913784477,1
46.04479857845021,1.2986348679845445,1.2974428115248946,1
43.71474956428474,1.2985902712055157,1.2974738992554475,1
48.85089078221995,1.2986027668807307,1.297516098236261,1
60.682426625272555,1.2986383202218286,1.2975686320574806,1
57.03126659398953,1.2986776832046112,1.2976275591121493,1
57.07295013579885,1.2987013218995904,1.2976723681583473,1
55.05200383293311,1.2987236129196287,1.297712850427924,1
55.869640248895976,1.2987755094581137,1.2977624212683139,0
60.112897977503245,1.2988488901068307,1.2978318791427959,0
64.56658796848446,1.2989367249641308,1.2978974595527402,0
55.829922163289254,1.298974360463992,1.2979619296497231,0
60.11057286660047,1.2990466769947857,1.2980304658345878,0
55.16174465172401,1.299079369583582,1.298099130152312,0
54.159303878908396,1.2990815267536096,1.298161017820397,0
54.49194946483632,1.2990673644211486,1.2982162372830077,1
53.50289866184841,1.299050258716796,1.298256638213624,1
51.45343079707094,1.2990387600820223,1.2983112816891886,1
49.13942517896029,1.2990380495190061,1.298367468631293,1
45.29461488087189,1.299038517117826,1.2984260659988212,1
50.86730451163186,1.2990785220903986,1.2984948110722,1
56.06640960885146,1.2991532852423182,1.2985697882923066,1
53.419891899940396,1.2992511305180945,1.298640282723529,1
45.669082779006104,1.299306652042509,1.2987125124292056,1
55.36007816341342,1.2993772849125627,1.2987930545282405,1
61.647224945086755,1.2994531848881945,1.2988785501510192,1
58.02567365460985,1.299538440199251,1.298960265887613,1
70.17526289153669,1.2996541496822227,1.2990407263313184,0
76.53300417969615,1.299760979614886,1.2991148437748392,0
74.98147502997897,1.2998236676489063,1.2991762889611302,1
85.47986195210913,1.2998990431016193,1.2992368590909313,0
85.388355989669,1.3000164843280466,1.2992993550200904,1
70.63553267034887,1.3000648629192022,1.2993446307281735,1
72.30480702834276,1.300142461890895,1.299397080097367,1
72.5443887327739,1.3002667083427433,1.299457968656449,1
65.71907693142211,1.3003857727452808,1.2995128632925874,1
70.47961484731579,1.3005654167465726,1.2995752836737835,1
75.86066240051517,1.3007510319111804,1.2996497544485504,1
70.67583119977877,1.3009186720015509,1.2997296457801724,1
65.25538600311195,1.3010864053400297,1.2997999799262592,1
62.817709296264624,1.3012235919984245,1.299878299806962,1
66.64899298054036,1.301384588910924,1.2999660797518395,1
70.34195241419798,1.3015844405476371,1.3000703221459207,0
73.17954026038845,1.3017955307153366,1.3001736323478545,0
69.92882283556139,1.301950662774583,1.3002678325456818,1
67.86919369929895,1.3020940137200283,1.3003583442991178,0
80.08879665384826,1.302237131277269,1.3004617438620079,0
74.03402478302857,1.3023293246016152,1.3005489972301172,1
71.05700143736067,1.3024171882728734,1.3006345137663997,1
77.19335900639594,1.3025407802474247,1.3007353242581476,1
63.164702382306636,1.3026276261993748,1.3008279035346169,1
61.33661582013995,1.3027103527486372,1.3009295489257275,1
65.6903350187327,1.3028588540382677,1.3010520638612744,1
65.72677167400121,1.303002012617808,1.3011567783921978,1
71.02182241771604,1.3031513177974603,1.3012631676867017,0
60.974209591791194,1.3032971086881262,1.3013606334859935,0
55.94912292110924,1.3034213438474789,1.3014632924529388,1
53.94225720828026,1.3035119447491808,1.3015650871803714,1
55.41761925990159,1.303597820272013,1.3016585701057322,0
51.99100256129078,1.3036827275115312,1.3017335148881395,1
53.816555823385585,1.3037869112629512,1.3018183743264904,1
62.989518210639176,1.3038556390521474,1.301918591187102,0
62.38176538362697,1.3038864581443008,1.3020062346057266,1
50.76923168333262,1.3038882205905475,1.3020971727506407,1
61.674482232875505,1.3039097620371254,1.3021991266590882,0
60.092551886146474,1.3039372702511502,1.3023063066311185,0
52.22883384810049,1.30395577072164,1.3024239486639457,0
64.15221486246546,1.3040351194325304,1.3025475409703204,0
47.72833276133574,1.3040822997956472,1.302652213877056,0
41.30129418109631,1.3040602584012233,1.3027440207715066,0
36.47877468768264,1.3040591114270579,1.3028201392692804,1
41.15885362135184,1.30405569313333,1.3028905120821324,0
38.74875305941533,1.304004750445922,1.3029535118324054,1
37.67893418974389,1.303945601457468,1.3030123581581814,1
38.84967427045,1.3038718963392844,1.3030610122573905,1
37.03085818863199,1.3038207380554725,1.3031076547529048,1
38.99198375237066,1.303768321413514,1.303155244938644,0
46.89684158522636,1.303737184617142,1.303198301154339,0
43.65669696800299,1.3037037397475455,1.303235674158796,0
40.48611536006741,1.3036749597481374,1.303274031727832,0
44.76507180648205,1.303648348142542,1.3033180963428594,0
31.98839212756721,1.3035788378226159,1.3033435325849294,0
30.609591244738837,1.3034687199655333,1.3033677774242591,0
35.32751180124421,1.303376743449376,1.3033908853740328,1
42.624244820447444,1.3032950643676595,1.3034104690690542,1
40.31952528805704,1.3032101227027328,1.3034360466140993,0
48.740171578029134,1.3031461723175595,1.3034562508923404,0
44.59484823662197,1.3030062926689272,1.3034496452734192,1
41.54071969304451,1.3029031788750267,1.3034460166264463,1
42.49315741270366,1.3028562022699126,1.3034519395434598,1
36.265570201612945,1.3027971277203885,1.3034495535580661,1
36.66356320017245,1.3027410024875523,1.3034330775127836,1
37.58726438902185,1.3027033381076154,1.3034010708563966,1
51.177627631447336,1.302744864117196,1.3033920915189254,0
42.037972360789695,1.3027252520603203,1.3033708479716852,0
50.25313747399171,1.3027233550306838,1.303359391277167,0
56.19067092415176,1.3027063832290733,1.303342945719366,1
52.02790110618248,1.3026425351236197,1.3033235853631409,1
47.40297241493562,1.3025767075558492,1.3032994818719863,1
47.476641132107645,1.3025237090388,1.303267203244382,1
48.075637635021245,1.3024751463410975,1.303257104399549,1
60.10887379684629,1.3024865306885953,1.3032540037609126,1
62.77129552281251,1.3025675861521357,1.3032512702698063,0
57.74474055119646,1.3026382266437273,1.3032453709844005,0
65.28144381324172,1.3027127846265243,1.3032350558006802,0
64.2752539925813,1.3027900031908883,1.303233204415204,0
62.19001790808203,1.3028376665779837,1.3032227799845422,0
52.88652836687648,1.3029205779355297,1.3032130985479586,0
59.1281480981363,1.3029834468941943,1.303200267275319,0
54.22362434445642,1.3030342679720583,1.3031925557276705,0
52.63182199776386,1.3030972091594668,1.3031736727166725,1
55.48869862089342,1.3031232214380195,1.3031401104671323,1
60.16969748055688,1.3031607755203638,1.3031107978068217,1
61.42527136367162,1.3031505983172813,1.303097042609619,1
56.42281341748422,1.3031793077072273,1.3030786662397262,1
54.87262024059399,1.3032080002812203,1.303067683289195,1
45.93737536461268,1.303239304255412,1.3030563591328745,0
49.687341172809454,1.3032962863632869,1.3030280521354434,0
46.59698156345245,1.3033764765478388,1.3030171525728627,0
42.93304071205654,1.3034486572858819,1.3030225627982455,0
47.765184411147864,1.3035022280540194,1.3030343510503335,0
35.687709093928675,1.3034728747543007,1.303020876409301,0
38.81875236891157,1.303416044873432,1.3030157880408104,0
31.664516903038077,1.3033423980810563,1.303004089633836,0
30.21686430033796,1.30322280975027,1.3029754211650744,0
29.379180076034373,1.3030695039258893,1.3029327107633708,0
23.81885112578486,1.3029086587040475,1.3028789149007556,0
18.520378525994403,1.302741251069498,1.302814725128901,0
18.052920409558737,1.3025782348925883,1.302750065333336,0
12.8449294961367,1.3024274500279698,1.3026935518396037,0
14.897156588663648,1.3022952680369995,1.3026324406744552,0
13.02011789333092,1.3021461022202225,1.3025670162261753,1
8.858297412265301,1.3019891969624207,1.3025189886055768,1
11.314617697305536,1.3018262077913807,1.3024768283464205,0
10.416084665409244,1.3016604792070212,1.302424832175471,0
12.96798364332713,1.3014668245016625,1.302370364008767,1
14.443252963082017,1.3012819729089313,1.3023106793694235,1
24.45794033748355,1.3011179512915056,1.3022727155844749,1
23.553731170111476,1.3009103077526927,1.3022200041239294,1
26.605240434594023,1.3007004914481997,1.3021602784695603,1
42.16587936212092,1.3005184239191467,1.3021228695298368,1
52.92954157403159,1.300413257625644,1.3020897784645376,1
59.42869178275253,1.3003243679252579,1.3020641999678673,1
58.912807341538155,1.300281649513638,1.302018803792413,1
64.06482664816818,1.300295073615146,1.3020033497870047,1
80.72327741297195,1.3003720220200619,1.3019921775591217,1
79.67605081109264,1.3004667913169699,1.3019830781359145,0
72.7781020617204,1.300553329904767,1.3019790430413603,0
73.12593954342763,1.3006440781295583,1.3019770135628195,0
78.92804376311025,1.3007823765449733,1.3019970188420729,0
71.17145961483281,1.3008856658822447,1.3019966484909142,0
67.74565426942985,1.3010168376199807,1.3019791389987292,0
68.4189255113128,1.3011187925176468,1.3019394711517813,0
69.71396643026495,1.3012169784055871,1.3019083290511648,0
61.42900120479151,1.301298088022495,1.301858953533859,0
57.15053482747334,1.3013782617768288,1.3018056674431433,0
47.56243946101628,1.3014166682491104,1.3017422800378742,1
47.83522155202537,1.3014522154373904,1.3016853705852192,1
46.33758135642936,1.3015423258066536,1.301643555688913,0
37.414574697405946,1.3016297042655756,1.3015984529869673,1
37.39822475376831,1.3016850382900444,1.3015580011820678,1
39.767596474211764,1.301709551316044,1.3015243104157477,1
41.47978434457894,1.3017209920926969,1.3014882865968005,1
22.38548608146975,1.301721211459555,1.3014470490493222,1
33.18170393005775,1.3017041222914039,1.3014132756206755,0
43.45598834458315,1.3016736483287261,1.3013784367781245,0
46.36774676167284,1.3016298002915014,1.30133927655035,0
44.062695162095295,1.3015988505098701,1.3013000686999934,0
55.783781064215944,1.3015907838774647,1.30126273649467,0
48.55928294982254,1.3014944546075546,1.301215337770742,0
48.46157943463276,1.3013903404736227,1.3011518934587554,0
46.3978601914512,1.3012998346256333,1.3011099229472622,0
42.09418890065531,1.301246605600158,1.3010716954424715,0
40.577503081940094,1.301176848151138,1.3010421090791973,0
38.74718713707405,1.3011192862430752,1.3010175441309813,0
36.53051007086348,1.3010490219072195,1.3009974746356752,0
32.64822565497013,1.30099991148824,1.3009787811515512,0
36.72140486654371,1.3009522714358792,1.3009697787317718,0
29.170433623526122,1.3008577607512994,1.3009553660323976,0
20.681659429180414,1.3007655689868955,1.3009337005705373,0
20.51773496959194,1.3006583716257136,1.3009032426175535,0
18.631756535920374,1.300526013091579,1.30087627476429,0
18.41201773742499,1.3004070741244933,1.3008554374616295,0
19.858248356445998,1.300278753808708,1.3008280674562531,1
25.435856906802925,1.300139110939257,1.3008047283135697,0
20.420943872746108,1.2999460221898014,1.3007701158533798,1
15.563408022701395,1.299754384741242,1.3007282412832746,1
22.209894198173103,1.299583506576133,1.3006862908138441,1
38.30736498001746,1.2994454208439465,1.3006767817311717,0
35.10061125478741,1.299296593481389,1.3006537785840178,0
36.790141468981815,1.2991823054733813,1.3006174460804494,0
35.47670874500474,1.299071631431699,1.3005732724696843,0
37.01970949011085,1.29893927540995,1.3005176584363483,1
41.6806424658326,1.2988375556295666,1.3004644715255689,0
41.801256634106515,1.298730243683016,1.3003916121581292,0
47.50024318711135,1.2986407529495723,1.3003049670074796,1
41.57692425372121,1.298557999448631,1.3002152644042155,1
48.94677039981247,1.2984854716485326,1.3001426354292778,0
45.6818890147408,1.2984227858954605,1.3000668491387584,0
50.109080821929815,1.29835842376115,1.299964119457008,0
57.05960362747331,1.2983301209263067,1.299881024635178,0
49.716095882494436,1.2983101487647808,1.2997935992222098,0
36.90617426001211,1.298274564843661,1.2997177463920355,0
37.49428217478154,1.2982136302313876,1.2996267281865732,0
34.36644734249424,1.2981278567416077,1.2995366358012148,0
34.17719472741352,1.2980788880882306,1.2994503663779406,0
33.012598602091174,1.298025091675952,1.2993716106540112,1
25.987554194988405,1.2979459837114715,1.2992837981234768,1
31.722808700655307,1.2978260691376473,1.2991902790635692,1
29.028041970117982,1.2977333877789259,1.299095251989358,1
35.70366141397392,1.2976606264713864,1.2990076813529863,1
29.250242133296197,1.2975840312619915,1.2989230644480634,1
34.43154281988606,1.2975279099026178,1.2988404255603165,1
43.20352949790825,1.297479392340667,1.2987677438780136,1
39.656332881081305,1.2974539790761914,1.2986915548720441,1
52.33913089388497,1.2974555299030073,1.298617719637192,1
55.869128742377214,1.2974849942290165,1.2985573419792216,1
63.06557074455068,1.2974805163731609,1.2984953017745944,1
74.37579093412916,1.2975144008495083,1.2984362959275757,1
74.07901180943206,1.297560278282312,1.2983904489269107,1
78.68173287645565,1.2975800495957075,1.2983569082840123,1
83.91745502293186,1.2976252645110693,1.2983237711763846,1
84.9228620409378,1.2976908172623642,1.298295431056918,1
90.63312387642515,1.2978007167942356,1.2982762756438122,1
91.50231705109634,1.2979673188823528,1.2982758488569257,1
92.13738745584438,1.298147681746828,1.2982898303137838,1
92.19680225803,1.29835752494404,1.298314656036331,1
83.15928706119327,1.2985579404262058,1.2983260657196076,1
81.37660782584211,1.298745259938814,1.298345278738575,1
78.6318476939699,1.2989452417041047,1.2983671210762415,1
78.16339241450372,1.2991428103099434,1.2984014568266782,1
83.73189736501962,1.299348619927901,1.298452107182592,1
81.6379252260191,1.299549262293313,1.2984973008278444,0
81.33126308592848,1.2997281053622465,1.298547484499429,1
86.44685734710671,1.2999147857227655,1.2986018247854474,1
78.21488150325787,1.3000547482365108,1.2986612100558759,1
79.48214991485193,1.3002100601383342,1.2987396121380583,1
64.71633183912442,1.300335607876353,1.298796142294682,1
63.57465786452956,1.3004643719206102,1.2988438763582415,1
59.43364000130497,1.3005871126537576,1.2989066565958582,1
61.24876521982845,1.3007371182829095,1.2989788334078234,1
68.89247889544322,1.3008888053284147,1.2990506407350708,1
71.15489823500837,1.301025574229241,1.2991299505846343,1
72.4554639288167,1.3011642998307633,1.2992069733242908,1
72.74433376140192,1.3012832978907534,1.2992970705400209,1
68.81711966774247,1.3013746757744558,1.2993833994437372,1
71.19019392217515,1.3014760666582852,1.2994818829201926,1
64.65162781153643,1.3015762852844417,1.299562391173971,1
62.433342344841044,1.3016799057982342,1.2996481266996844,1
69.75555770351411,1.3017984632080977,1.2997431368550207,1
67.81784664997264,1.3019228780621002,1.2998385596809954,1
84.29231375169809,1.3020438650081274,1.2999455936799307,1
77.51026362850871,1.3021538526046914,1.3000490159322566,1
80.10907076077758,1.302279023231668,1.300173641699541,0
71.72739357611835,1.3023770442392482,1.3003014997845037,0
75.58994412834741,1.3025260721870653,1.3004400836954095,0
74.09103384009163,1.3026403466415628,1.3005857141243027,0
62.29363905551485,1.3027644729778363,1.300723538001228,0
52.989324831772386,1.3028368402611787,1.3008481848076539,1
54.76068929901979,1.3029109426152337,1.3009776785303813,1
50.751785622518696,1.3029682027193354,1.301101863907003,0
64.59639106262512,1.303056865407945,1.3012397743934523,0
59.04015655176364,1.3031184636930313,1.3013661721007999,0
56.13335122483752,1.3031700070054137,1.3014832191901897,0
46.99506507881105,1.3031850345949967,1.3015894927475429,1
42.790669849820176,1.3031968592753138,1.30167993119266,1
51.7683013738696,1.3032213785384648,1.3017764366439721,1
43.82086824367447,1.3032448761257776,1.3018681350750176,1
48.703609037587505,1.3032799523759544,1.301954347310263,1
42.589708135603935,1.3033063748239448,1.3020415754716737,1
42.81705902401215,1.3033128767653905,1.302131690548869,1
52.08423664531797,1.303320526350009,1.3022236984155067,1
52.258936883325234,1.3033131884592588,1.3022979644110146,1
58.729711057824964,1.303320702047335,1.302381635800781,1
64.11632043150607,1.3033789564972804,1.3024661548304746,1
58.2513432242053,1.303403883667805,1.3025425644638005,1
70.55475669611258,1.3034778989267786,1.3026338637173982,0
68.38166461249713,1.3035742086527198,1.3027300452918338,0
75.00429661518784,1.3037017118948515,1.3028307655900688,1
80.28144032337951,1.3038564074019097,1.3029421448095035,0
74.70318175133775,1.303999378656746,1.3030444912457242,0
73.25957363937798,1.3040767862636646,1.3031310409277577,0
63.58701372459991,1.3041429508634688,1.303203647528862,1
67.50782657143418,1.3042486870204195,1.303291451853459,0
65.37710466221014,1.3043647734410206,1.303369487834845,0
63.45547903046037,1.304486851273713,1.3034527724075406,0
63.64143234617922,1.3045542315814287,1.3035141052212098,0
61.92051576297501,1.3046623879428831,1.3035988471016298,0
53.08943552447529,1.3047437709514336,1.3036661069225923,0
51.10014417063801,1.3048078584261824,1.3037298737806438,1
42.51411743184759,1.3048782802073062,1.3037881553186272,1
40.299884551872445,1.3049177246410484,1.3038352661405603,1
37.81879046386522,1.3049763534100562,1.3038782760833405,1
37.66471808591963,1.3050300375642663,1.3039279308941822,1
41.19127003148544,1.3050544507117832,1.3039746159588868,1
46.94795379946073,1.3050804975201973,1.304024893162097,1
55.80814444573962,1.3050633186324838,1.3040687645070776,1
41.97650585331763,1.3050463354483348,1.304118065357391,1
56.325229756757174,1.3050605969160982,1.3041830420372145,1
52.88082720929981,1.3050309079822395,1.3042351227191602,1
60.23962230790105,1.3050143408780113,1.3042810763720882,1
56.34849977545458,1.3050270820651673,1.3043243277505736,1
66.42620916375563,1.305091130326956,1.3043785586177679,0
73.8765046598676,1.3051364495318858,1.3044344223735458,0
72.75511852467402,1.3051914999532808,1.3044952701204582,0
83.01577145695913,1.3052558828682705,1.3045446966800227,0
85.42606001932398,1.3053484865693108,1.3045973611923087,0
62.43305146186898,1.3053780101266372,1.3046442619611502,0
51.44878668901246,1.305391718147529,1.3046880580771323,0
48.034436667330276,1.3054031966886241,1.30472677541,0
44.665462843297426,1.3053978222300275,1.304760003122904,0
41.68428639882908,1.3053898038456069,1.3047684415156249,0
34.9991533990091,1.305399944832431,1.3047908685391005,0
37.83630522738806,1.3053826886271431,1.3048130035428738,0
35.728563919857834,1.3053528491641981,1.3048417417865672,0
31.07017543208495,1.3052958812297206,1.3048645019438598,0
24.14811537853538,1.3052338358431417,1.3048737474289485,0
11.650075009718577,1.3051280550635087,1.3048713369324831,0
11.522194707517912,1.3049800043137316,1.3048630628123252,0
9.794691669990314,1.3048490934724755,1.3048522101785724,0
9.11412869374827,1.304718779978161,1.3048434376571965,0
9.71178191301395,1.3045556528919962,1.3048183783673684,1
13.466133506957007,1.3043771596465281,1.3048041470926757,1
12.878091376377256,1.3041567104169065,1.3047688257213748,1
12.563425208636104,1.3039210232868572,1.304712096836289,1
20.5651808541773,1.303693659173614,1.3046606068823465,1
29.695903822757003,1.3034992020818978,1.3046058824543567,1
30.009541290677248,1.303350265702051,1.3045546847808829,1
28.457291869818235,1.3032164786114486,1.3044939647637712,1
33.119549493405984,1.3030982215651237,1.3044235010752856,1
38.72614269857651,1.3030093046685873,1.3043639735276407,1
53.510835795025876,1.302955990474344,1.3043201231998967,1
64.83456364446027,1.3029416516093,1.3043103488374328,1
61.00184830617712,1.3029132788085123,1.304278840258111,1
61.0341725745075,1.3028940402939937,1.3042534485277566,1
73.3179880257053,1.3029296788243308,1.304241632964107,1
75.73472701047153,1.3029952779283291,1.3042501659677086,1
71.08757948736721,1.3030740627916653,1.304236006871996,1
75.17626885991835,1.3031559665010266,1.3042279410321624,1
76.46436432384651,1.3032656886740592,1.3042353422777233,1
77.78785556091088,1.3034272923452899,1.30426304251239,1
78.67601965843002,1.303633247352746,1.3043045874520476,1
80.89109205321495,1.3038276022013302,1.304344646609185,1
75.78651307659425,1.3040225276232027,1.304365821744949,1
77.51376257259355,1.3042767939096225,1.3044010341154249,1
77.65008424512877,1.3045313269044159,1.3044409386360336,0
69.80508381345952,1.3047298895207486,1.3044725108096626,0
72.07861933444772,1.304923466690058,1.304505537277572,0
72.18236023989404,1.305139088661488,1.304525361461927,0
70.29064163216931,1.305361684668143,1.304555811749647,0
62.707079951771064,1.3055482977503239,1.3045775562765658,0
69.22813327051475,1.3057107370994885,1.304593585213625,1
61.3393791524188,1.3057871537270844,1.3045887581974842,1
60.11791477527127,1.305897930484889,1.3045834326393122,1
48.295009997386636,1.3059970811875983,1.3045756810214835,1
47.20276137671963,1.3060750637172809,1.304569305303711,1
54.72062449476483,1.306151828499138,1.3045715027396394,1
60.38287411976499,1.3062710702877047,1.304593230936423,1
50.310553383928195,1.3063881633410952,1.304626519109589,1
47.31289279386592,1.3064800044628195,1.3046660653874014,1
52.69038997654233,1.306516475138488,1.3047105036757742,1
60.326254428072176,1.3065635887104339,1.3047741013979783,1
60.329852504027976,1.3066240065623993,1.3048342713011722,1
54.36543805356455,1.306693519793845,1.3048901542116298,1
64.79686445887216,1.306740107992729,1.304955937646837,1
73.20152138083274,1.3067965510372384,1.305041206559041,1
75.58950680311756,1.306843362724569,1.3051163215622337,1
76.78898019585287,1.306924228001383,1.3052240064527216,1
80.22436816712087,1.3070061708909901,1.3053358280928304,1
79.86053250857897,1.3070830133010323,1.3054493796810698,0
78.98352756569618,1.307197250110192,1.3055689443293783,0
73.96134205043114,1.307312392674985,1.305696281126821,0
77.06986436266402,1.3074786500306508,1.3058293543511335,0
73.986818310025,1.3076171419558873,1.3059676052549045,0
64.96171621317251,1.3077333746369022,1.3061006215615012,1
55.947450557196234,1.3078208938242235,1.3062201991639548,1
56.866421303291155,1.3078916666405427,1.3063284885630975,1
55.06801391199769,1.3079395801862397,1.3064289567300986,1
56.976097176821185,1.3080212999620513,1.3065484476498301,1
56.84405634605041,1.3081225635661708,1.3066758021878204,1
66.96430542071829,1.3082487731099077,1.3068062910523022,1
63.02298140426737,1.3083530002714758,1.3069329053168308,1
62.68575541499795,1.3084561965131916,1.3070400892627294,1
55.90447179867547,1.3085466247104098,1.307143492572389,1
55.86804647794291,1.3086360586594947,1.3072527449930373,1
59.775154293617284,1.3087088131126576,1.3073528602743716,1
58.48103827555961,1.308818968792978,1.307445797908093,1
65.40007698302466,1.3089322323618968,1.3075672742808144,0
69.9567165280381,1.309026427946736,1.3076840126711142,0
75.21483468080609,1.3091125847913285,1.3077881381279775,0
74.69141674849372,1.309185401710414,1.3078721880754278,1
74.7470928060811,1.3092509657637577,1.3079433684912254,0
69.23477734781369,1.3092941107875773,1.308015957785632,1
66.91385014670334,1.309354340045429,1.3081003302237952,1
58.88818654904224,1.3094371264486038,1.3081647545770938,1
64.07348712731289,1.3095652166041754,1.3082337550438587,0
54.1075043062128,1.3096524876766882,1.308297527825473,0
65.08547851494828,1.3097803725034243,1.308371719055445,0
63.947374045108525,1.3098896623778518,1.3084486771363755,0
59.1460524025022,1.3099644256033083,1.3085168985618865,0
51.92880330033026,1.3099948369400516,1.3085849067281934,0
35.00664276358283,1.3099819326062483,1.308641383519535,1
34.42628545557099,1.309948349650263,1.3087045676320008,1
40.36439638718797,1.3099587733075548,1.308767829701455,1
38.554545146745724,1.3099485392399912,1.3088333282139946,0
47.33491377648998,1.3099536877383708,1.3089043098828077,0
45.72133308365538,1.3099355142886036,1.3089592722238794,0
46.62229005201901,1.3098980517427088,1.309018066862816,0
45.246728079461185,1.3098584051802447,1.3090721094067737,0
36.33063006176981,1.3098022746135407,1.309117046188266,0
40.75368345104984,1.30973762004291,1.309160646037197,0
32.30164740140991,1.3096782931965474,1.3091892502856706,1
24.391903791065573,1.3095923710856168,1.309203303594919,1
25.207927319060687,1.3094931851089422,1.3092201963498342,1
28.115626678585173,1.309402482285185,1.3092297042940764,1
43.165100967961486,1.309310946257946,1.3092395131321417,1
51.84718511816161,1.309267495938974,1.309267181111235,1
52.6590015682867,1.3092259396513277,1.3092924037154228,1
56.053101082471365,1.3091855376453743,1.3093204238381293,1
52.436280400297306,1.3091628522651577,1.3093488341475363,1
49.450223250605795,1.3091341913726642,1.309359683233182,1
46.67205090568074,1.3091493391111089,1.3093761620939843,1
53.19114134619587,1.3091918239106055,1.3093898371839827,1
64.56836759598832,1.3092423850114736,1.3094179269236899,1
67.38561035285713,1.3093075375783962,1.3094629933905921,1
74.69435458117027,1.309374235045028,1.3095256463711293,1
78.0981427798899,1.3094328173197982,1.3095757324955815,1
77.0994530909621,1.309471092096816,1.3096306716270465,1
77.73633506946537,1.3095319021655922,1.30967635028819,1
77.53329589383392,1.309634504031925,1.3097218223745677,1
74.52269676939638,1.3097363532825737,1.3097556781062634,1
70.64289516439828,1.309849636955367,1.3097879049592271,0
70.54340414163171,1.3100067165993816,1.309823511629395,0
61.919358828764494,1.3101452316719997,1.30985963913447,1
74.71523867736396,1.3103132726461826,1.3099005898887515,0
68.64909322355317,1.3104391280722951,1.3099316391159967,1
56.87962785263153,1.310508868604517,1.3099431410358509,1
51.37567290072963,1.310554848706038,1.3099414502530795,1
55.36298819575605,1.3106200715351815,1.3099578812735075,0
52.86689310890285,1.3106902936568199,1.309979917693733,0
60.75263376100461,1.3107994338849214,1.310005296102985,0
62.68088568946393,1.3109064445781684,1.3100383536197486,0
60.32321884815469,1.310998733941542,1.3100716864455686,0
47.92288541333668,1.3110319977060558,1.3100889899879404,1
40.33364065004906,1.3110073570527447,1.3100910856322487,1
41.45030258277651,1.3109621848987483,1.3100844336889585,1
44.04752939065832,1.3109631042563852,1.3100999791274606,1
49.223532411010815,1.3109772065808776,1.310109405258028,1
45.16670540219629,1.3109951306461556,1.3101185375955118,1
54.88743279016889,1.3110213783382618,1.3101446034685489,1
65.39510739855919,1.3110569510184165,1.3101805237376092,1
64.66978569447028,1.3110917316490527,1.3102318245763487,0
54.07973326645574,1.3110968941982313,1.3102829294485823,1
59.53171301501892,1.3111639905843915,1.3103417260452048,0
58.76764831590441,1.3112098376388617,1.3104051092482996,0
54.29147958480765,1.3112544038501575,1.3104519255607112,0
50.28109571607003,1.3113136475261855,1.3104943943308833,1
60.64661617587282,1.3113973507017789,1.3105411698367075,0
66.66916018652059,1.3114272449226811,1.3105854171704823,1
70.63384064037945,1.311482089568903,1.3106518436758778,0
55.47588127926724,1.311467916965728,1.3106974148721122,1
58.39257751161527,1.3114809184337153,1.310759403714616,1
58.04545647588522,1.311506499741956,1.3108373379081042,1
53.91145133208162,1.3115648019305524,1.3109176367165845,0
52.23824619184855,1.311664065280374,1.3109957188303243,1
58.10964788416715,1.3117966932913647,1.3110787325023259,0
62.82615094489629,1.311917446594829,1.3111599593898022,0
54.17256986741815,1.3120136466202013,1.3112244880455775,0
47.03884993001008,1.3120637461855953,1.3112698210116003,0
50.47031473212327,1.3120861828927353,1.3113139357195802,0
54.54141983561572,1.3121021297019644,1.3113676990693293,0
45.07407191501464,1.3120905830987435,1.3114083221714028,1
48.284058640126894,1.3120940502772058,1.3114438199952223,1
38.40480450309047,1.3120464358757131,1.3114633463909005,1
49.30694673564168,1.3119886391578288,1.3114775498800728,1
45.411647338668345,1.3119636958241538,1.3114877098723616,1
50.862307634100894,1.3119911693592907,1.3115177351466807,0
54.43871860647214,1.3120118769059939,1.3115574837603785,0
51.832251166192655,1.3120387976630794,1.3115881753694771,1
44.41409600978099,1.3120364955068669,1.3116126402658546,1
40.53749697887032,1.3120896774869704,1.3116387445538709,0
38.741263022099936,1.3120886522750104,1.3116550098424733,1
49.64317528622791,1.3120858819894121,1.3116690040641166,0
58.079347026537455,1.3121173277424898,1.3117064751447807,0
58.220747020718306,1.3121528652846055,1.3117315558856932,0
57.789426387085726,1.3121197967186187,1.3117509999608554,1
58.23237303069182,1.312073399010545,1.3117857715522137,0
54.76537113256055,1.3120209042958009,1.3118109102814826,1
58.09550421346006,1.312019241417103,1.3118294889643687,0
57.35796685673823,1.3120244193785795,1.3118475860082837,0
50.072459111007525,1.312026254432054,1.3118584272881824,0
43.5510791033513,1.3120514785823498,1.3118663357730753,0
46.01784938355326,1.3120736157562942,1.3118737727211234,0
43.762230927052585,1.3121072054957346,1.311893429506772,0
39.765268476402646,1.3121254173439216,1.3119247739965432,0
39.53327201416087,1.31210205157335,1.3119436565422027,1
43.94683312995698,1.312071712436,1.3119611784185263,0
29.9782093631476,1.3120159003084257,1.311972961251398,0
31.048718798327428,1.3119775760304797,1.3119811535232069,0
40.28517453084439,1.311937602131935,1.3119791297833243,0
42.52340083322301,1.3119027215055403,1.3119770527487205,0
42.74474781052198,1.311870968478575,1.3119667045742824,0
28.59431915912998,1.3117984256039905,1.3119496166264202,1
22.29193640771966,1.3116777607218326,1.3119119831997572,0
26.197596825207597,1.3115642355355994,1.3118733150443884,0
25.07468094346254,1.3114677866369857,1.311836353075587,1
24.694477967189954,1.311363767027148,1.3118058193525988,1
38.56176998715719,1.3113254487161294,1.3117821494872226,0
35.27412673350862,1.311233858994696,1.3117521345931746,1
37.145969506508116,1.3111171022008645,1.3117015910610683,1
40.8909571836214,1.3110409850189761,1.3116876545094818,1
42.01923731176303,1.3109705088086003,1.3116621719230293,1
38.968406205787694,1.3108903316725358,1.3116273054933552,1
42.87963786228877,1.3108329679317776,1.3116006959072621,0
41.75107277068484,1.3107918853012857,1.3115759020049078,0
44.46963677348491,1.3107712522819839,1.3115334801384504,0
52.07529418780887,1.310732003454543,1.3114870011624122,0
51.754324225176404,1.3106873982023304,1.3114424618842495,0
45.7243039280869,1.3106195087524415,1.311403458549945,1
48.21376543693994,1.310543774737803,1.3113621665213508,1
45.56587792025265,1.3104418412670624,1.3113129373747596,1
33.83579765584278,1.310363209150751,1.311275754995085,1
44.14427301642817,1.310324492634972,1.3112417935695264,1
53.74790878091973,1.3103141101760167,1.3112190529198784,1
49.10811739963096,1.310318119240807,1.3112051070775794,1
46.897243937092014,1.3103284606369363,1.3111822590007,0
54.5273141932218,1.310355594354227,1.3111515893505732,0
50.21986585053138,1.3103505943881868,1.3111176364801,0
52.05129545829522,1.310388318021055,1.311091942736365,0
51.14581941492605,1.3104314510202275,1.311059573266413,0
43.747821742035626,1.3104170984407992,1.3110186228910132,0
50.68411077822259,1.3104134903134677,1.3109921071384125,0
46.76449832204035,1.3103902146990456,1.3109490385772085,0
45.96935810068173,1.3103387005409002,1.3108892450266263,0
39.291521650854946,1.3102359497864888,1.3108091358056613,0
34.84234133875823,1.3101138169652695,1.3107310882371104,1
30.538846155566432,1.3099706917904905,1.3106459182743904,1
31.863206600667468,1.3098620241579373,1.310578909829104,1
29.41206582952624,1.309786860179396,1.3105105060548623,0
29.062558760563675,1.3097030562771879,1.3104336212807948,0
30.34804263689675,1.3096534321736482,1.3103638084713973,0
32.45482487342318,1.3096210243105655,1.3103035732863715,0
30.326694450556076,1.3095784991919541,1.3102437469437904,0
28.33649282540307,1.309492036315294,1.3101729852477024,0
30.133688002117452,1.3093793233181554,1.3101066694672732,0
27.100409622544746,1.309272664977147,1.3100505043622184,1
28.171085918744524,1.3091320077224877,1.3099757074651683,1
30.956117537900994,1.3089888678880517,1.30990682351195,1
40.897836422324154,1.3088447720347338,1.3098388211380663,1
49.8854222608609,1.308718836306968,1.309772066936426,1
56.749116282633445,1.3086185841966795,1.3097049679674688,0
54.77782553688743,1.3085227892158262,1.3096528354333128,1
49.343556057699104,1.3084570193556329,1.3096124760778656,0
54.57288349028991,1.3084004726333334,1.3095783297912265,0
46.56702444988903,1.3083862695773,1.3095379494223416,0
35.16326795082692,1.308386825698362,1.3094987038616608,0
47.12832914826827,1.3084308587772044,1.309472754974413,0
43.42354483199614,1.3084132621591227,1.3094140352063013,0
49.8993663633733,1.3083993640494116,1.3093767080767487,0
47.176109229390136,1.3083841613500753,1.3093404449404786,0
49.67872119299776,1.3083399278190806,1.3092833855914392,0
49.088368612765414,1.3082833994605234,1.3092287295471408,0
40.52455901544507,1.308200808757475,1.3091679377777663,0
34.893466511274426,1.3081293937997578,1.309091555594894,1
30.605321903879442,1.3080454142529692,1.309008081047947,1
25.202337195307166,1.3079590166162796,1.3089256100959366,1
23.805504991334374,1.3078810426560152,1.3088353231457572,1
32.221960273390465,1.307827247191694,1.3087627631076955,1
41.79866874977748,1.307803198301262,1.3087122969575946,0
37.92243043279258,1.3077307701557006,1.308646865103585,1
34.5633855269392,1.3076635388796258,1.3085936470124944,0
43.95383922284885,1.307598818996701,1.308547079371693,0
42.53204958099767,1.3075482679078716,1.3085019861870257,0
42.412298366612156,1.3074808495816548,1.3084450255534819,0
44.102069328113096,1.307416451873494,1.3083772824754165,0
40.49290341612374,1.307348854813284,1.3083068615322,0
44.06579573830633,1.3072467529196163,1.3082292184005686,0
42.68131601363265,1.3071610490053656,1.3081382170531728,0
45.34030979989428,1.3070558920473097,1.3080437376872507,0
40.8980955942555,1.3069334738604916,1.3079412540765842,0
42.87966074834116,1.3068218511933707,1.307845286692468,0
30.914226529130886,1.3066806504147492,1.3077355935876533,1
20.465889965733197,1.306572715318811,1.3076409380256726,0
23.463668799420162,1.3064674803392597,1.3075430675142379,0
21.283072220832636,1.3063845781233188,1.3074675323826788,0
23.188751191847103,1.3063271902371987,1.3074109594047085,0
31.06639360992294,1.3063166908237633,1.307373722759066,0
26.25480442265669,1.3062253061166662,1.307308075891187,0
25.032213640166106,1.3060823570998652,1.307230495725782,0
25.947096527515527,1.305973123305461,1.3071548919148943,0
29.619242674614938,1.3058622277329304,1.3070771652362074,0
28.59641909446964,1.30570220380177,1.3069795511681748,1
26.769182838378057,1.3055123222568608,1.306875515412988,1
30.855518210009237,1.3053378964662936,1.3067833696138813,1
31.85320670981794,1.3051699172188,1.3066935200356742,1
37.701486236966595,1.3050239940615174,1.3066073931659483,1
38.99008236635701,1.3048949877431157,1.30653441040882,0
43.23883545689804,1.3047963176402089,1.306461196954036,1
42.7381212980618,1.304703685490288,1.3063873030694726,0
36.84580264054514,1.3046415819702044,1.3063103523418789,0
30.381750682837563,1.3045964057135715,1.3062364152992245,0
31.39198600477971,1.304531868078161,1.306139225132587,0
45.347297727843625,1.3044934904529149,1.3060555264645854,0
37.7660210450855,1.304425294860818,1.3059529964052319,0
31.977965445569552,1.3043303144443315,1.3058451503294912,0
36.28898658964136,1.304209726701817,1.3057401198060905,0
43.93972605075788,1.304071155878852,1.305629841599725,0
33.35951724872646,1.3039235632068613,1.3055121963102827,1
32.85471223478764,1.3037917490580724,1.3053874497292466,1
34.9164260160378,1.3036813445050612,1.3052737651768884,0
37.46769410208968,1.3035813628300879,1.3051737392406102,0
34.18046826853649,1.3035000477694516,1.3050662104917459,0
32.59165471798488,1.303432064208297,1.304968017593317,0
31.009217854556027,1.3033494954695517,1.304871410281799,0
27.081123822199118,1.3032575972081315,1.304778393217739,0
29.495816043090187,1.3031381649284344,1.30467905249081,1
19.03284798417198,1.3029926946091903,1.30457907119009,1
25.95097213007189,1.302849079273233,1.3044699297866515,1
29.652082365445324,1.3027042444412675,1.3043477215254746,1
33.59632985818371,1.3025679164659318,1.3042452108659717,0
30.55040952789963,1.302422759346678,1.3041401034860451,0
48.74756260872868,1.3023351646661256,1.3040337634003571,0
54.16085123473372,1.3022345152095083,1.30393002538524,0
40.433556996911896,1.3021429672343305,1.3038178434663021,0
30.43132887085376,1.3020558378931357,1.3037009047373476,1
32.02415282813001,1.3019686243965483,1.3035880276393963,1
33.05643056426695,1.3018678207447398,1.3034782687297743,1
32.85336210151044,1.3018124670218543,1.3033727635168781,1
40.9035237289963,1.3017754629425304,1.303275278087335,1
56.58213299493891,1.3017616408439028,1.3032050319702533,0
62.75949488604656,1.3017320232718128,1.3031378080719869,1
61.32804528730986,1.3017176786844042,1.3030810217996076,0
64.15660659137299,1.3017258061884258,1.3030292539411628,0
51.886879461730636,1.3017095245015682,1.3029682279467227,0
51.076084725355074,1.3017014680841617,1.3029051492020765,0
52.26761396093496,1.301732680914809,1.3028412487618541,0
45.4294198537065,1.3017686914023854,1.3027598714215387,0
47.652778349476606,1.3017722732527433,1.302688716641082,1
50.881264154932204,1.3017696585205798,1.3026226420937603,0
51.776757444491125,1.3017562617115854,1.3025584662284215,0
47.4429429517052,1.301720950957968,1.3024835927760603,1
59.26311522288143,1.3017128062618881,1.3024380043844044,0
53.603155246198,1.3016781603977643,1.3023963606416011,1
39.30266237861265,1.3016550094444397,1.3023446886575607,1
37.89656529422589,1.3016467095870032,1.3022916216846292,1
42.35087617961919,1.3016606477961055,1.3022426891332315,1
37.84263785414334,1.301675368620587,1.302190421080763,1
48.7246294554641,1.3017126483823513,1.3021392958137352,1
44.37938998550557,1.301715112978852,1.3020798490827605,1
47.043022695231706,1.3017079647230312,1.3020315850713837,1
52.740575885445914,1.3017081511891082,1.3019825062622017,1
63.77092911244617,1.3017271580083727,1.3019591377716924,1
66.1519731278564,1.3017367053122801,1.301926539884909,1
68.98012215525407,1.3017988187845098,1.3019176375161994,1
69.1911010518689,1.3018433139321488,1.301910348997203,1
58.98714409780886,1.301859086317742,1.3019009926082241,1
66.91673680431828,1.301913733129695,1.3018969023218758,0
78.69530437142774,1.3020228231752466,1.3019284206284363,0
71.77337348765761,1.3021131134731907,1.3019511878598076,1
70.1361166798986,1.3022094704986855,1.3019697166258712,1
67.51672169608268,1.3023151384526332,1.3019771030250782,1
62.260417061449466,1.302366262334034,1.3019844902102375,1
67.97510110967167,1.3024323003075984,1.301996455081322,1
66.9724409839657,1.3025431632263138,1.3020221557602654,1
66.64106887150899,1.3026646847027166,1.3020544566824632,1
61.11876370404792,1.302762236964886,1.302092317947812,0
61.68325719292688,1.3028695167167859,1.3021411499238014,1
56.2296982863956,1.302960276440377,1.3021837746805927,0
63.365574272745526,1.3030761096209662,1.30222859515464,0
71.34740424973582,1.3031902098255155,1.302280502415217,0
54.43072846125575,1.3032527147488948,1.3023144884230886,0
51.05175127243228,1.303310341287919,1.30234920842041,0
49.17662380344816,1.3033307413744657,1.3023650303508918,1
53.44530186684487,1.3033590351437963,1.3024040646799855,0
52.51595466489776,1.303391935830776,1.3024447881722594,0
50.307218577711005,1.303410636401674,1.3024777974102744,0
51.90168827073143,1.3034166136456222,1.3025164194822287,0
48.79173045258101,1.3033992163446533,1.3025631203575556,0
43.06899432634907,1.303384715092724,1.302594888719885,0
40.09142264322008,1.303340847845041,1.3026013994263264,0
37.17751435624336,1.3033017422434945,1.302604990613751,0
34.94037010578444,1.3032527420794284,1.3025985155682471,1
30.583100851192057,1.3031774494486161,1.302577112385398,1
23.930593216022586,1.3030821103446697,1.3025711900975063,1
26.104126722852754,1.302959086126527,1.3025575038994095,1
23.794693917310767,1.302850634782742,1.3025394994949853,1
36.4684016239657,1.3027612096408583,1.3025381572191903,1
28.711136719977972,1.3026759225575901,1.3025452344025314,1
31.399688896137064,1.302585118425669,1.3025547791166756,1
47.3781395894626,1.3025064218784475,1.302580566481962,1
39.3370768779619,1.3024451479571288,1.3026041672227529,1
43.38989542227312,1.3023915574191114,1.302620708883299,1
51.74635642329205,1.3023889861894271,1.3026493606675569,1
60.55177778520928,1.3023791011511483,1.302693701362669,1
65.29204017093831,1.3024069320527076,1.3027488771585412,1
72.51473761889271,1.3024640529356601,1.3027991594660964,1
75.45894574953572,1.3024961828643653,1.3028447451797402,1
77.34815842690125,1.3025426041219617,1.3028951026533997,1
85.1240818293301,1.3026307226648133,1.3029611325942696,1
85.87002932688806,1.3027649600736873,1.3030241975665888,1
84.18882955759959,1.3029037313387666,1.3030832226736144,1
80.41927486260579,1.303052001250315,1.303128452865024,1
80.51375851370281,1.3032247423575725,1.303172327203515,1
78.72530531422942,1.303413672083059,1.3032171314169259,1
88.7220824768416,1.303641515084415,1.3032767843603157,0
83.92954059735322,1.3038526177894028,1.3033369120836493,0
82.71874053790336,1.3040408030757231,1.3033889851976017,0
70.95414002755723,1.3042062621023252,1.303418609973363,1
70.0809168152325,1.3043884649636726,1.3034649197128685,1
64.14084095071374,1.3045159081123123,1.3035031415274128,1
70.17491459428781,1.3046819288823837,1.3035508833946532,1
59.7954539538425,1.3048021739129525,1.3035950735148663,1
59.420937405957496,1.3049216852153962,1.303645114630676,1
56.25238466996408,1.3050307980826887,1.303688755305219,0
51.988380354273374,1.3050993500218135,1.3037227432861798,0
58.54465398551925,1.3051759518433976,1.303764645417501,0
54.729910358102345,1.3052523947460506,1.3037978963914458,0
53.93418833425984,1.3053221053584871,1.303839834220644,0
47.85602534128482,1.3053642814838498,1.303876401339423,0
42.47782235776589,1.3053511280934014,1.3038885648737428,1
37.553508889210505,1.30531787759903,1.3039092878136684,1
40.480050555506644,1.3052902251737506,1.3039204064193566,1
42.432500952790036,1.3052856006837872,1.3039542709272434,1
49.65924497121042,1.3052801704956294,1.303985585557659,1
53.00654216344326,1.3052864804510982,1.3040346022084446,0
63.57629384704626,1.3053336038563992,1.3041060990655395,0
57.90530525257288,1.3053640722448343,1.3041679686372865,0
55.94613238568899,1.3054164747700854,1.3042255133435359,0
57.653501770669905,1.3054415341982144,1.3042876473550644,0
52.03338776812912,1.305468777442828,1.3043543133665272,0
47.157650271291295,1.305444586255426,1.3044080209994258,1
43.963030612717475,1.3054426093237372,1.30447102041259,1
40.702148711034845,1.3053952770740735,1.3045322456808592,1
46.451132356660416,1.305340973568671,1.3045923005948197,1
58.60214536902139,1.3053433848845535,1.3046764627893905,1
58.249258600914885,1.3053222859249582,1.3047533058743874,1
54.163092071237905,1.3053165606585984,1.304820036798542,1
54.18517653876399,1.3053139105185143,1.304895029405014,0
48.40117093160189,1.305322117925057,1.304971201139178,0
40.828834800803804,1.3053697485773046,1.3050338955532856,0
41.60276098820268,1.3054295070635513,1.3051030314562373,0
41.40587352549338,1.3054931457988759,1.3051610417712627,0
39.06456861110054,1.3055112131437723,1.3052031617089817,0
46.94301968546863,1.3055282063676912,1.305245227644276,0
47.4247047773614,1.3054793052743974,1.3052635514971207,0
52.246646269782794,1.3054170153110043,1.3052872840156773,0
51.67712154472664,1.3053377276051132,1.3053045865335857,1
55.77525550742833,1.3052809741938778,1.3053208613723024,0
44.46600971233367,1.3052253525336444,1.3053254993025967,1
41.47637818804651,1.305158776859985,1.3053118400810468,0
43.498044484020376,1.3051395956563114,1.3053023667264434,0
43.60817508280461,1.3051388816523182,1.305305772573391,0
40.519295721827596,1.3051547535669026,1.3053042501645913,0
42.689012272036884,1.3051854000983714,1.3053009918009446,0
36.680086143075634,1.3051299122781614,1.305271821666889,0
33.97395034876159,1.3050585662284735,1.305235685250016,0
41.795482218981,1.3050086860777474,1.3052071899993518,0
37.740081152354016,1.3049366770999384,1.305187195404059,0
37.43251836769581,1.3048227598900284,1.3051449191097206,0
31.354610835487534,1.3046894516947858,1.3051033129862752,0
32.44796141243832,1.3045451941754262,1.3050483375734543,1
27.039959737357663,1.3044022347339017,1.3050010660996423,1
27.006209349476748,1.3042708287614917,1.30494281912742,1
30.870655869154874,1.3041263529533036,1.3048834495925221,1
27.19396293861614,1.3040146145644962,1.3048296573141938,1
29.81803017557027,1.303910440227138,1.3047810793691732,1
33.42059319049601,1.3038420416777234,1.304740445306255,1
31.911050352378638,1.3037637499158838,1.304697519195261,1
46.40068602605603,1.3037151696951494,1.3046658545871168,0
50.91532257497029,1.3036830938156825,1.3046446263699591,0
37.54249709260695,1.3036150082303488,1.304621218978971,1
45.497057278843464,1.3035523441573316,1.3046106201668235,0
55.96068308299421,1.3035009117669243,1.3045903745978462,1
61.44627925821211,1.303438098845174,1.3045641631407625,1
63.68219349488427,1.3034076202716942,1.3045202775951277,1
60.2666266300084,1.303390911104314,1.3044586081491818,1
66.56650073667373,1.3033654790761835,1.3044077527318916,1
69.34769502134836,1.3033636813251186,1.3043660780260722,1
72.12054593056365,1.3034136371002134,1.3043337602705203,1
70.51845792551771,1.3034927723182272,1.3043129109364349,1
70.94700693704908,1.3036010922989874,1.304310939990879,1
69.96661113852956,1.3037152298964112,1.304310114328712,1
64.5127802524353,1.3038331788867688,1.3043179798524978,0
71.68592321257663,1.3039713268934314,1.3043355909224263,0
79.08076724086783,1.3041035147682587,1.3043337092676757,0
76.82825305786828,1.304216373114299,1.3043387142449097,0
69.12466728495527,1.304305190624285,1.3043358972925296,0
63.551381371192086,1.3043721547585951,1.3043208168912932,0
66.49879242736779,1.3044117113085703,1.3043016919405221,0
65.0718402532332,1.3044431393670035,1.3042739826858385,0
64.87816247937322,1.304514854199759,1.3042553578334541,0
51.406949166355936,1.3045365918683278,1.3042279985946044,0
47.43488752129991,1.3045576141485038,1.3042089349997388,0
42.93342259827401,1.30457850342519,1.304184281963762,0
30.626944321578435,1.3045763605432135,1.304159099702654,1
28.184520672233575,1.3045776557039086,1.3041228643063436,1
30.677627020105845,1.3045673940112692,1.304099619294354,1
24.340992821874053,1.3045462570301891,1.304072191160597,1
24.833524843349508,1.304505790180893,1.3040459353294196,1
27.48059216588456,1.3044630434891642,1.304034617588107,1
29.8681269869831,1.3044070214298868,1.3040179103003091,1
32.67616659510077,1.304348691875847,1.3039940384181237,0
36.020549154104714,1.3042987172114089,1.3039755653103,0
47.79670259533615,1.3042431810783952,1.3039587033144358,0
37.766241622912844,1.3041817436921699,1.303954441833279,1
42.7631685456875,1.3041035403313284,1.3039567038860513,0
37.92318584124275,1.3040279978064473,1.3039436219840095,0
35.06393167292451,1.303958865314443,1.3039296921770949,1
57.69464490913472,1.3039222461507916,1.3039414864448275,0
64.76060214792756,1.3039125626018868,1.303963227048679,0
54.35417667082161,1.3038651417939495,1.3039833368808638,0
47.89170156577228,1.303832356340586,1.304000047237278,0
51.433490950911754,1.3038049188605882,1.3040225710393774,1
42.054804243682966,1.3037571641573398,1.3040366064453763,1
39.206651150450014,1.303730648267164,1.3040455131837208,1
46.96965387481602,1.3037390493531793,1.3040543079567601,0
43.06097074529857,1.3037304582449485,1.3040549859212438,1
43.20449054485981,1.3037321503930608,1.3040595513514677,0
52.02855814474675,1.3037623912291076,1.304064823943003,0
50.925386989100424,1.303765047474449,1.3040673990516134,0
49.975944237869484,1.3037524373407783,1.304072881944481,0
50.21329644600117,1.3037341610167503,1.304066765161891,1
39.253388287876696,1.3036896813422427,1.3040510731404276,1
36.76055076740896,1.3036294336779526,1.304035237247547,1
40.134477694871265,1.303578385101796,1.30402274776532,1
44.772808439957174,1.3035439062852197,1.304017901958414,1
49.97446057143196,1.3035498203690148,1.3040173585011423,1
57.968751274143436,1.3035782181007376,1.3040155068873427,0
63.90443246076945,1.3035882948447612,1.3040113495426469,0
48.30799029101983,1.3035487172851306,1.3039856050354401,0
53.085257040702096,1.303539933326335,1.3039588732918028,0
56.14898515345066,1.3035765845012608,1.303944589079218,0
39.57580818848668,1.303547074179248,1.303908129156369,1
44.81999951273768,1.3035487651955637,1.3038675817662293,1
47.38928713597268,1.303561519712617,1.3038287151614643,1
45.349436319098054,1.3035313692382857,1.3037803064063547,1
52.494409728869876,1.3035288712746165,1.3037444581813764,1
57.656151346146025,1.3035411391214136,1.3037271450965948,1
60.59792220017249,1.3035440183527431,1.303717746760672,0
58.183538543838424,1.3035539832527614,1.3037117366059163,0
50.501034926391355,1.3035628990773547,1.303692099895519,1
48.134552060189314,1.3035800425255046,1.3036841454247616,1
49.51178345354722,1.3036355463902618,1.303682246037131,1
55.581528120542906,1.3036811133071775,1.3036762812003422,1
52.76608844198449,1.3037250201919708,1.3036822116248226,1
56.525562639189125,1.303817096126544,1.303713678127468,1
74.77416400638536,1.3039029778142206,1.3037515920223226,0
75.71845605177566,1.3039953960679,1.3037951625024269,0
68.49732033897554,1.304049646129381,1.3038288919220418,1
69.2138881955294,1.304128502072186,1.3038517884686491,1
67.46714600278457,1.3042001506515357,1.3038761249804622,1
57.273842007940694,1.3042185108551059,1.3038925166709214,1
60.00802761731803,1.3043270703344239,1.3039194704055752,1
65.65179867133554,1.304449771964109,1.303950218120515,1
67.63524116959927,1.3045651391004007,1.3039820733247567,1
71.1348257849983,1.3047320637088624,1.3040317157573684,1
69.35321443271403,1.3048832452284145,1.3040865571501634,1
75.79047545220776,1.3050517526935326,1.304164300048231,1
77.34848313030048,1.3052079326244121,1.3042320213501202,1
73.7502851576962,1.3053826748201243,1.3042997814932116,1
74.33930204758946,1.3056033343585391,1.304387376921355,1
74.56864249450763,1.305846240673922,1.3044896991580959,1
83.51761084670159,1.3060820944817535,1.304593116285597,0
87.13439680322867,1.3063227485457731,1.3047025149557157,0
87.55453066459987,1.3065791766272563,1.3048216229688594,0
88.75347610335128,1.3067643636389965,1.3049238038417947,0
87.38220870671555,1.3069314192412291,1.3050319764208347,0
77.44752137724237,1.307054176406265,1.3051239729077089,1
69.89337943650577,1.307170591225519,1.3051921719206063,1
65.1848438089228,1.3073018400199758,1.3052665054868595,1
68.77281369328614,1.3074563907082497,1.3053577063274509,1
63.90851764359958,1.3076487051651526,1.3054583343302821,0
62.92214247107016,1.3078080848795233,1.3055668318204874,0
66.61361907901099,1.307974143153056,1.3056881019105564,0
58.875765957789724,1.3081394775235853,1.3058065102934726,0
44.58594895324403,1.3082322217415963,1.305907041939919,0
35.11007069107427,1.3082822445977051,1.3059795268416394,1
32.55745633652107,1.3082583501945415,1.3060363528857524,1
33.950814732022295,1.3082476285985414,1.306095754851632,1
34.38044084980719,1.3082131605199057,1.3061655587871215,1
35.75518118999581,1.3081602657797273,1.3062355099027116,1
45.28566370052513,1.308114581935539,1.306304898131807,1
47.40198079201114,1.3080372952733328,1.3063892047232308,1
48.90204071364901,1.3079721635732657,1.3064718743067962,1
46.3135585634516,1.3079075088942973,1.3065600186415318,1
40.01234573228097,1.307841996301955,1.3066480546672627,1
45.468463636468584,1.307800059759956,1.3067404518149706,1
37.73932002622447,1.3077742525961877,1.3068172182976183,1
38.24608914995329,1.3077758579178393,1.3068849077466447,1
52.76837791430214,1.3078179062036828,1.3069720746672282,1
64.0682937275897,1.3078454519500118,1.3070707274765134,1
73.05319854777841,1.3078729952533958,1.3071755154214388,1
74.20312296681628,1.3079287560730262,1.307284115693593,0
74.10446694257428,1.3079374431449984,1.3073906338456844,0
75.62486754358763,1.3079818551247169,1.307509244266571,0
69.28650568392031,1.3080540508404948,1.3076018238254994,0
72.55043852480708,1.3081583533405712,1.30768167705218,0
69.70686721375947,1.3082804725396011,1.3077503834744328,1
64.57941554014413,1.308374365640997,1.3078256426562789,1
71.87602361013565,1.3084968503271805,1.3079128980891195,0
68.9728789896831,1.3086155461882245,1.3080016681173874,0
67.66086559997446,1.3086923078656327,1.3080944169360182,1
71.99828457104343,1.3088038940968523,1.3081799342282023,1
63.39928283675631,1.3089006910393695,1.3082522419369005,1
58.953310488203286,1.3089804730440067,1.3083261522189737,1
54.5145782218006,1.3090780931506685,1.3083864664439853,1
48.89264638937162,1.3091582537235051,1.3084504552130067,0
56.33505762269437,1.3092517166746398,1.308497203890061,0
43.959712694625004,1.3093455716210252,1.30853996334529,0
54.810957779749664,1.3094146364175494,1.3085848593061982,0
57.7121209292527,1.3094690704797214,1.3086170219249866,0
54.294972110294644,1.3094924712528992,1.3086340076530296,1
48.017706061039554,1.3094604325045776,1.3086354509027225,1
49.13655145713035,1.3094604770046054,1.3086457252292174,0
47.341950283223696,1.3094362138323459,1.3086520591486066,0
52.291350088045775,1.3094259524540766,1.3086664593515314,0
54.71451777996053,1.309446933091055,1.3086878825921102,0
53.2416303128279,1.3094638767642626,1.3087142636176319,1
46.73549081851199,1.3094660423788698,1.3087438231176192,0
46.86633127810103,1.3094534325099845,1.3087735350851226,1
45.88558685787542,1.3094416219217995,1.308795760602807,1
41.89086237716066,1.3094342975719773,1.308808653898748,1
52.6079103902597,1.309442671484792,1.3088337688703098,0
37.1385221839814,1.3094076259632583,1.3088256350609813,1
43.721608845445296,1.3094010157873688,1.3088307675244875,0
49.77690194371748,1.3094089878474082,1.3088571728863099,0
58.44823343880834,1.3094168295978228,1.3089042892130538,0
40.884999649499264,1.309351511570449,1.308934468440424,0
45.99705597742897,1.3093185310867952,1.3089683243405914,0
42.22040832728576,1.3092487597180509,1.3089990989854565,1
36.75283118910681,1.309173394062815,1.309022273238222,1
37.52250372668136,1.3091075477723941,1.309031193987772,1
43.14456185278697,1.3090785264787452,1.3090519433848877,1
45.413155742509645,1.3090427487231007,1.3090739592891516,1
47.5617213929752,1.309024255737206,1.30909875788577,0
51.1501281744147,1.309017641900085,1.3091367175907833,0
46.94493881377501,1.3089954514422644,1.3091660392650335,1
58.40155810633771,1.3089908096719747,1.3092008864479467,1
49.2752916930165,1.3089917394684405,1.30923017573786,1
42.87121498426287,1.3089765528994597,1.3092369937634336,1
44.877602472840664,1.3089729010037572,1.3092467402243053,1
64.49092318927623,1.3089908538217363,1.309255797326084,1
62.384021383341825,1.3089940790000834,1.3092598980411325,1
65.96292656653975,1.3090360230114828,1.309265067007575,1
72.88200389923242,1.3090738632184338,1.3092675707619745,0
65.87433453170078,1.3090733515096307,1.3092648931539643,1
67.95870590032092,1.3090850323561123,1.3092749608192702,1
64.35416586020858,1.309157089252397,1.3092851151255425,1
66.83436218659459,1.3092370418033519,1.3093133948055335,0
56.18949493388468,1.3093072430449344,1.3093232560725578,1
61.05492677424344,1.3094220647457766,1.3093448806612427,0
58.230782125742415,1.3095331286179879,1.3093675222887138,0
61.45349830920801,1.3096287384526533,1.309381881127208,0
65.81909234140664,1.3097156275184791,1.3093999338807956,0
59.49217767956425,1.3097712886204707,1.3094150841163559,0
56.11838224975522,1.3098095075695435,1.3094292833583332,0
49.66623703155688,1.3098282657151958,1.30943404406171,0
48.86209989202277,1.3098250823803177,1.3094302327302176,0
46.91046251402827,1.3098528857053966,1.309433101371608,0
48.034678412504086,1.3098777261463046,1.3094222296549358,0
39.217281453208685,1.3098698987513266,1.3094070715329473,0
35.47561478358719,1.3098186788448682,1.3093862803628717,0
23.378186694905537,1.3097433500960516,1.309373065077722,0
36.64461943265603,1.3097038715054679,1.30936242480792,1
21.348631697154502,1.30962989969268,1.309345045106108,1
20.53619028768621,1.3095643832264443,1.3093202654629112,1
22.97331149255558,1.309481506853447,1.3092887903242272,1
20.545832691167647,1.3093964800091702,1.3092581564235055,1
37.58861213706138,1.3093220903200493,1.309255813982005,1
37.28919611381583,1.3092744097951092,1.3092516469866078,1
41.737861752855906,1.3091986544904493,1.3092476936887025,1
49.29235565046977,1.3091485389095878,1.3092532188237582,1
51.207745381675885,1.3091240445581969,1.30925443035657,1
56.477981505527424,1.3091003042182747,1.309277005182802,1
59.80106978987219,1.3090870979486602,1.3092895169808725,0
74.70590844876573,1.3091150916121863,1.3093117248642445,0
77.56075419114138,1.3091556174087156,1.309329559186067,0
70.99058502883466,1.3092012327168554,1.3093701211887803,0
72.4794838856099,1.309224590232085,1.3093955250297242,0
65.59707906792423,1.3092317301305711,1.309415417819944,1
67.53997261946225,1.309270095632788,1.3094457521609366,0
57.34282462887819,1.3092892949434,1.309458979231274,0
48.57981163997369,1.3093182719066605,1.3094689632488883,0
48.39162404621115,1.3093174827063774,1.309472318401231,0
56.05646794060677,1.3093772879289598,1.3094862579828097,0
45.54439214591296,1.309415478554508,1.3094794001246806,0
38.868414587494335,1.3094321738025936,1.309463479268359,0
37.4296818358815,1.3094534737301908,1.309443222046792,0
37.33021521855804,1.3094271619950657,1.3094299829926552,0
25.196749288843307,1.309393256429321,1.3094183283985523,0
25.236079262318384,1.3093511796629962,1.309399005152398,0
23.645331667722317,1.309265856708421,1.3093632199784317,0
27.00464123829616,1.3091693782657596,1.3093245500628405,0
25.80078390081526,1.3090227896248565,1.3092717118281516,1
20.850898993560378,1.3088788615814286,1.30921151632607,1
24.257560625056556,1.3086833865849001,1.3091557388943522,1
30.829188973234906,1.308509795555515,1.309099464465828,1
40.44812387888351,1.3083793114809552,1.3090590100802038,1
27.51984858901409,1.308255027090355,1.3090027191445253,1
41.370270571474364,1.3081919538897386,1.3089693021578654,1
43.71393445944223,1.3081065376784191,1.3089195413339934,1
40.46462846466415,1.3080482834773393,1.3088650411750147,1
49.269888695739965,1.3080243973756036,1.3088272268180683,1
53.48862317994661,1.3080147546080285,1.3087919692370504,0
53.8486543222183,1.3079612097797695,1.308762226446529,0
62.12022787533731,1.3079571276397066,1.3087384481527458,0
61.85806215278483,1.307976119359666,1.3087226207261469,0
76.21097783050195,1.3079964233633459,1.3087117584400036,0
67.19744836988286,1.3079945661599406,1.308686655174473,1
69.26988038737449,1.3079981844843955,1.3086665117337888,1
68.09841300139401,1.3080156244230008,1.3086572954210678,0
60.66096738672929,1.3080553665288206,1.3086578950520127,0
66.68908522883248,1.3081058146014723,1.308669535865009,0
62.60722078715819,1.3082093220849713,1.308673892059953,0
58.5949863416956,1.3082960946075008,1.3086779942919986,0
56.32641158510332,1.30836874517287,1.3086774836729225,0
45.04339722424867,1.3084183888126892,1.308674217249525,0
38.12017520146948,1.308423322639289,1.3086697471322508,1
40.72692447145544,1.308441348722495,1.3086504225055038,0
31.875896422400743,1.3084180016808926,1.3086267389121788,0
27.232590282474916,1.3083887870617743,1.3085955943625236,1
35.734599701767195,1.3083991827543318,1.3085652987129124,1
42.80543369154263,1.3083782303060216,1.3085289011171983,1
40.62620415319935,1.3083332707228732,1.3084851558388897,1
36.06154621371975,1.3082885700678646,1.3084428152942107,1
46.196216043954934,1.3082574330779564,1.3083953847390537,1
42.353987628973044,1.3082266776250049,1.3083510448126625,1
43.734570053345685,1.3082089191240296,1.308314833002873,1
44.37566381307267,1.3082024350350712,1.3082777930956673,1
58.28285687967552,1.3082214063012898,1.3082623822020762,1
68.39228477799506,1.3082736663373855,1.3082587237029069,0
66.68625417971238,1.3083127903365752,1.3082672932092827,0
58.91713192436658,1.3083109938116106,1.3082666246269887,0
63.39777629573507,1.3083051109752286,1.3082689433674932,1
69.67995482421998,1.3083336597493012,1.3082605430201348,0
65.98071441815827,1.3083863040914563,1.308265813887702,0
59.35566090090948,1.3084213528655766,1.308269888874718,1
62.66172667071113,1.3084645552365315,1.3082741797347872,1
64.5903999570958,1.308512901568584,1.308284718334911,1
57.27699139108381,1.308567344947591,1.3082963743194866,1
58.54343282898387,1.3086457817194246,1.3083134351850947,1
60.67085884784994,1.3087264361831132,1.3083495305027892,0
65.84678375793648,1.308808902020429,1.308384710619066,0
62.02146900753088,1.3089046045417347,1.308437881805641,0
55.08778323105175,1.3090162547255129,1.3084977725518445,0
54.653014512515995,1.3090840320109083,1.3085556429094571,0
56.205110052477735,1.3091272923500412,1.3085980435304732,1
53.400006993287434,1.3091536800011012,1.3086245804109313,1
44.688404648623965,1.309185173261809,1.3086498515642486,1
40.906334207486076,1.309180749823097,1.3086579005754198,1
57.3685607052605,1.309166745544431,1.3086828068493117,1
66.15578099250558,1.3092109586197578,1.3087323632662504,1
62.189735567194134,1.309271428394323,1.3087654370344766,1
64.8813913722434,1.3093302541109166,1.3087951431686486,1
61.61852046895382,1.3093681971450468,1.3088233379662462,0
61.406502712093015,1.309429700915571,1.3088548431980478,1
65.05572141900845,1.3095375538931995,1.3088944626881314,0
56.31495552545265,1.3096125993110497,1.3089206501138688,1
55.09790844113477,1.309685258448239,1.3089609952502304,0
53.20424497940881,1.309740226483263,1.3089931911190336,1
62.75806378478005,1.3098178287414377,1.3090343169124696,0
65.10684786700176,1.3098812123079453,1.309079868814439,1
63.6083198698076,1.3099236903390434,1.3091118609140944,0
66.18130408680793,1.3099619739037256,1.3091389425331428,1
59.61503538326267,1.3099782839935996,1.309170648306284,1
53.393827334571874,1.3100217347119527,1.3092168387250902,1
59.32496595266309,1.3101044209958408,1.3092724564037337,1
53.54336885785697,1.3101697686784817,1.3093231588266088,1
60.325922842393105,1.3102809276554577,1.309385683137434,1
61.68549643422981,1.3104394443755285,1.3094664776532738,1
54.33017947572576,1.310544799644847,1.3095452118825404,1
62.35713518758784,1.3106089154921508,1.309616256361378,1
65.75937639754932,1.3107136457144026,1.309699603197829,1
75.17861469239975,1.3108408443744477,1.3097981726292787,1
69.51845658212825,1.3109651043590904,1.3098939516827364,1
70.42910025708372,1.311083632456287,1.3099853229493803,1
80.38661019503525,1.3112355387275612,1.310098007129154,0
81.855998253623,1.3114244569530238,1.3102068652454664,0
79.96557893009202,1.3115915505144198,1.3103166414419698,0
79.48234312011407,1.3117877245817684,1.3104197184312252,0
78.30116282168927,1.311954200640178,1.3105065306335866,0
81.99787646930537,1.312101683814499,1.3105954262056088,0
79.86537115034326,1.3122740568217033,1.3106970861181315,0
68.25751057627184,1.3124264553600153,1.3107874802870574,0
69.52856646642401,1.312571423105403,1.310865753648725,0
71.28529935176051,1.3127210066504076,1.3109507197486707,0
56.69637484880595,1.3128155411290003,1.311030131709103,0
55.4685363113245,1.312950436109772,1.311117511175905,0
48.475465035684,1.3130095603717766,1.311184346658711,0
39.61646409025399,1.3130030255560157,1.3112407498966439,1
22.457946130897625,1.313003895393192,1.3112884573520476,1
23.640999977857874,1.3130089764481032,1.3113292724673737,1
32.87217894846795,1.3130064716663967,1.311378631056216,0
32.25287114302927,1.312980830189144,1.3114286628882423,0
30.27343869181513,1.3129569662180642,1.311470236279757,0
34.77078433527437,1.3129284753700525,1.3115231002930379,0
30.20514804374551,1.3128237966931384,1.311576608866393,0
34.23295168823272,1.3127197888260764,1.3116333087754566,0
32.75763599529655,1.3126046496096158,1.3116844319810925,0
28.867040861690256,1.3124877372328947,1.3117425133951444,1
33.532343571126475,1.31236341152298,1.3117851970250063,0
24.798502783188567,1.3122336036344058,1.3118044842114676,0
32.4773824738525,1.3120983384290175,1.3118278501320093,0
42.70537963286779,1.311990909614734,1.3118517424885845,0
54.980439175463054,1.3119197154858058,1.311886360985028,0
43.13347513456768,1.3118019994528325,1.3118996391635753,1
32.34565380145702,1.3117173528686896,1.3119020512992992,1
28.782878732917467,1.3115999695388632,1.3119124592670302,1
36.79239027426785,1.3115393069353494,1.311925966053555,0
38.042932107682056,1.3115275450739508,1.3119556773329188,0
45.71012814396595,1.3115355910657276,1.3119755622817635,0
41.290096337200694,1.3115241478483424,1.311986446683533,0
52.989434254923296,1.3115040464854952,1.3120107735147968,0
44.59853001232905,1.311452712272062,1.3120249582355765,0
38.49780066438376,1.3113721123783249,1.3120277676336471,0
37.013356705465405,1.3112550315930689,1.3120164190454842,0
36.049635113935345,1.3111544332304188,1.3119966137602241,0
38.671292294975444,1.311064358473406,1.3119911446934263,0
25.666822631251762,1.310939424128322,1.3119478305702381,1
35.5541749988225,1.3108388418116206,1.3119022723695812,1
36.341449171315745,1.3107433890871516,1.3118646328019283,1
34.384916008594516,1.310632967023262,1.3118141048239123,1
30.829806034424436,1.3105212810263542,1.31175090425679,1
32.43400137842683,1.3104279313999032,1.3116865772987665,0
32.85312314041177,1.3103232323440555,1.3116296121790143,1
39.30504577644898,1.3102717124672512,1.3115748711679607,0
32.37175079932814,1.31019484551302,1.3114857740134829,1
34.887190578409005,1.3101247964183727,1.3113925950531697,1
36.97451134009081,1.3100194852543716,1.311297139949536,1
48.06085352746666,1.3099330790130348,1.3112138191054254,1
50.44179974630083,1.3098492430635107,1.3111335792510965,1
56.85397808907583,1.3098352177489263,1.3110798602573035,0
66.83087001663897,1.3097945776562532,1.3110189818486169,1
60.08822535839361,1.3097697885763888,1.3109622915221264,1
59.07982286399104,1.3097763098309227,1.310909722323855,1
70.10590126907923,1.3098350059745012,1.3108620187751217,0
68.02296580575108,1.309887160112898,1.3108252613537832,0
65.60871521328767,1.3099284940908138,1.310782367885843,0
64.20494447204211,1.3100301890112171,1.3107560820260145,0
60.83420806264056,1.3101066838652013,1.3107437356932552,0
64.95167189813736,1.310167774867741,1.3107301845917478,1
66.70171463886041,1.310256955459694,1.3107132964285486,1
71.91574585435784,1.3103406131697908,1.3106845608581474,1
65.67096719778203,1.3104026673450453,1.310655312161127,1
66.96095548729883,1.3104714986574444,1.3106354251547663,0
61.856564178239644,1.3105533678739243,1.3106248281695094,0
58.734865891824114,1.3106455457858683,1.310614473650575,0
61.49967064818827,1.3107381451801867,1.3105999375948139,1
56.08172834570634,1.3108326789219975,1.3105883516744887,0
48.09987282266891,1.3108971582693039,1.310577587519989,0
46.868527998045664,1.3109384904264552,1.3105636108124863,0
47.76424349694011,1.310928572716076,1.3105578478899718,0
54.4667544322323,1.310949554269269,1.3105594681847175,0
40.9819969888601,1.3109351209846423,1.3105399760700893,1
46.461625780495034,1.31093316179646,1.310515100848117,1
45.03308827236017,1.3108950559613182,1.3104992413785161,1
48.13303393316513,1.3108731999003715,1.3104876001664558,1
44.466916909270154,1.3108312770466501,1.310474890888958,1
45.64262849503519,1.3108109659655953,1.310464745638113,1
41.47828292661365,1.310807834896553,1.3104558516222966,1
47.78941320765308,1.3108287095628268,1.3104474319905877,0
53.1622267350891,1.310867886418416,1.3104507918565778,1
53.541049464487045,1.3108959375442473,1.3104413172816485,1
49.916301864047306,1.3109119516912007,1.3104390079287827,1
55.40345388881107,1.310924211918969,1.310456264971024,1
51.073368751200704,1.310886741218902,1.3104775120198429,1
52.39848138404179,1.3108942381638715,1.3105103956239557,1
63.45556889366693,1.310903079759259,1.310535426109155,1
63.492424998858766,1.3109380194591722,1.3105877898068286,1
72.25542654435644,1.3110105935283374,1.3106462882066756,1
67.07805369208299,1.311079851671024,1.3106981958460355,1
72.499104766443,1.3111457482982671,1.310762960399974,1
72.15935912215497,1.3112106932512089,1.3108352330746589,1
72.25563046492411,1.3113440329699741,1.310906416698118,1
68.71823438228445,1.3114612505091956,1.3109703081141728,1
63.172887866196426,1.3115773385500813,1.311021491811648,1
66.29282516752673,1.3116797863917684,1.3110815765179553,1
74.3202076052968,1.3118283657546743,1.3111563186234787,1
70.58391024757731,1.311947934722229,1.311236125425256,0
76.20928583142184,1.3120510854657275,1.3113030542033732,0
68.78806364968578,1.3121346537046805,1.3113615962470555,0
73.49950085959239,1.3122165148266625,1.3114033106876724,0
72.48668355574685,1.312316105996095,1.3114499286175851,0
56.08418514708268,1.3124081202079994,1.3114943405814268,0
54.290873647229894,1.312466261127776,1.311532245489765,0
43.29270967129474,1.3125001672598475,1.3115435765339813,1
33.64632270935347,1.3124892859015813,1.3115512459394294,1
32.571798288657774,1.3125003886909616,1.3115641839492143,1
41.854531596736464,1.3125276672373827,1.311586781097295,1
47.479888007878436,1.3125271268850611,1.3116144654146198,1
51.05264371611584,1.3125514075146874,1.311651648904814,1
43.263561845055214,1.3125718435676248,1.3116889156431462,1
48.63996505386023,1.3125867861370373,1.3117337022615578,1
49.64565254456193,1.3125886345200253,1.31178080356811,1
58.97869257862008,1.3126324869257506,1.3118347034214952,1
55.93061740355703,1.3126845743511564,1.3118739744025407,1
60.09062428323715,1.3127677213203175,1.311930446731735,1
67.7318397317651,1.3128395902620211,1.311996896656212,0
75.03925253817785,1.3129314596110562,1.312075637700879,0
74.93773374638266,1.3129821307384109,1.3121370431910162,0
81.86619357916598,1.3130595245291183,1.3122100098881209,0
79.7403293958703,1.3131205086351754,1.3122800850553122,0
73.9792657450098,1.3131696776910067,1.3123379779862803,0
62.97896697875757,1.3132093836220267,1.3124040456363804,0
61.08986190239036,1.313268054836605,1.3124662027058234,0
61.91416261811015,1.3133667205875295,1.3125322423844656,0
52.32064480581628,1.313456070651244,1.3125843942397781,1
45.162672752436436,1.3135007902723976,1.312631989239513,1
38.79569375484238,1.313529041769267,1.3126740114187634,1
43.509170703408515,1.3135609652766393,1.3127157175666542,1
37.57100010821142,1.313585717158521,1.3127544519430916,0
39.103073928579185,1.31363563199166,1.3127960138724435,0
34.554226544616284,1.3136685859025663,1.3128427616048857,1
42.38849919139407,1.3136948309279828,1.3128939552628227,0
31.673170081196062,1.313667462163966,1.312932003519494,1
27.163958046729547,1.3136113077288953,1.3129638010065383,1
39.990980505360895,1.3135652090526915,1.3129988350872628,0
51.435495152518925,1.3135241661417063,1.3130453312091914,0
45.7297228043987,1.3134411851063568,1.3130769039597532,0
46.25488483260615,1.3134009318040347,1.3130931785012954,1
51.126126559556575,1.3133403903033114,1.3131142253410357,1
57.120406875868646,1.3132769658466634,1.3131325720746705,1
52.763147991024816,1.313214237320786,1.3131393956141113,1
50.36508914659913,1.3131882436894986,1.3131417299241903,1
53.39533432954547,1.3131784770535768,1.3131530933235758,1
49.73764898666547,1.3131759773068876,1.3131716978871881,1
49.56023335309759,1.3131967724962523,1.3131911886815717,1
49.03309702434928,1.3132434819314198,1.3131980357102113,1
58.59902081693145,1.3132990697049607,1.3132144654118563,1
71.46294383014084,1.3133466247056755,1.3132339332626335,1
64.0044713100846,1.3133918645598865,1.313257336285174,0
56.48259843172396,1.3134137250177509,1.3132748979488793,0
76.53281658176293,1.3134440932741487,1.313293956516107,0
68.60661482329199,1.313466300840335,1.3133172275157572,0
74.33030269193378,1.3135227681170822,1.3133546063152164,0
65.16773944082735,1.313588754509571,1.3133992359064275,0
65.14090721506952,1.3136101072646988,1.31344716363251,0
66.33073737711905,1.3136212138851433,1.3134936612868637,0
51.778654126287364,1.3136374310213343,1.3135208094733342,0
39.52329863103085,1.3136195952616736,1.31353016585194,0
40.57301821120732,1.3136049724526613,1.3135356513162253,0
34.14518389354323,1.3135623456939711,1.3135287729252092,0
23.617721905030322,1.3135022145087059,1.3135055669627786,1
25.77094735527075,1.3134494625561735,1.3134860611386494,1
24.754104791459596,1.3133765635751717,1.3134507239833442,0
33.06025079361919,1.313321038760384,1.3134262836508797,0
28.066595980512105,1.3132441739524972,1.3133817697344434,1
28.926911104662196,1.3131685579381855,1.3133296227806772,0
26.38064916285809,1.3130823463717727,1.3132748201161428,0
26.174992329423887,1.3129639675751805,1.3132266679973412,1
33.11535971778979,1.3128644586054734,1.313179309915716,0
32.57052275275464,1.3127757085009149,1.3131369778951747,0
31.37176004573351,1.3126484837314514,1.3130854789322848,0
35.61390903211047,1.3125297480037754,1.3130453732684566,1
37.39193466867448,1.3124024118604936,1.3130083491247717,1
41.30547971069799,1.3122846731427746,1.3129664169285256,1
40.61371742247718,1.3121459364524237,1.312923109952982,1
37.85121309585721,1.3120006322893842,1.3128935980936582,1
49.66202090202694,1.3119211523848275,1.312877653719558,1
42.291919194043444,1.3118650424782297,1.3128517967325763,1
54.33367952046248,1.3118385745918777,1.3128367942895682,0
51.45105400198705,1.3118306999163294,1.312806800095077,1
50.720378418140655,1.3118526276591045,1.312779183665394,1
58.95402368701503,1.31187485427483,1.3127580704773882,1
54.98926850317055,1.3119009453725228,1.312744117266767,1
51.27286627034615,1.311895873062252,1.3127401097842222,1
63.41575751816262,1.3119288108522775,1.3127272104542782,1
69.6106745496366,1.3120008499338671,1.3127202962975415,1
69.38581506321054,1.3120709471268028,1.3127267249243213,1
69.83157831420036,1.3121539108101163,1.312727859599774,1
78.7286519404854,1.3122128340541614,1.3127282874160562,0
82.59111855367125,1.3123113587297879,1.3127507350484249,0
79.07921600234526,1.3124442118536845,1.3127774687454439,0
77.50862679938916,1.3125660902989682,1.3127965119122444,0
65.18136228789025,1.3126578090956356,1.3128000819415953,0
58.89491279595766,1.3127251697876203,1.3127860939208187,0
59.43446262208135,1.3128287973599453,1.312775919898459,0
59.011741553797975,1.3129398435720705,1.3127721427499188,0
57.02926888209132,1.312999575917478,1.312757856204565,0
58.458560126343514,1.3130666282805052,1.3127397981625082,1
50.04929868557873,1.3130797464795756,1.3127119470574435,1
41.23245691416853,1.3131102896442017,1.312685425945657,1
42.27951501915571,1.3131460719744263,1.3126599751455048,1
42.20106423928107,1.313156128835233,1.3126340016753475,1
51.26510874140953,1.31319964484962,1.3126148679597822,1
34.65233621172423,1.3132325331710688,1.312597621248821,0
35.610216638837784,1.3132567092936078,1.3125858512658413,1
42.91373701276079,1.3132603442649116,1.3125759484494488,0
47.837161201769405,1.3132565344822016,1.312574366308668,1
58.044241700303026,1.3132591784278849,1.3125836928662589,1
46.80986653934747,1.313237417351035,1.3125812653754056,1
50.76780655200262,1.3131927374782353,1.3126028917621304,1
52.01722505357076,1.3131420513320498,1.3126334034747815,1
54.74543701042369,1.313113668686542,1.312662194364392,1
64.97392395171508,1.3131211072162916,1.3126978993980432,1
60.301561583392,1.3131521328472462,1.3127185315555636,1
57.019541880800986,1.313172106425757,1.3127470928877627,1
65.59164482341485,1.3132054814850582,1.312786912168668,0
52.00996331924986,1.3132246554857177,1.312814779850143,1
65.29081207189355,1.313286062664592,1.312868636198273,0
60.173571807420835,1.3133558363193902,1.3129084981430104,0
51.266269851615654,1.313399747853356,1.3129350416866337,1
52.14721076673488,1.31343678489606,1.312975295611348,1
60.497062184051245,1.3135278885787767,1.313033257905348,0
58.45483718781495,1.3135480303310936,1.3130731153480224,1
53.524556535227326,1.3135818822206389,1.3131165048799671,0
55.85308164721883,1.3136195363625403,1.3131752912298882,0
54.13065520575836,1.3136411424629872,1.3132321525188901,0
53.07384925632651,1.313671798723027,1.313274624843948,0
52.69839331482252,1.313692016847605,1.3133144826140084,0
51.08144662548587,1.3137285606690883,1.31333725980629,0
44.97019594067543,1.3137354463529891,1.3133647903367944,0
44.923916736479704,1.313723421710259,1.3133817210952434,0
32.821237592578726,1.3136999306778598,1.313392224925604,0
34.054095567368265,1.3136555285554612,1.3133997326712186,1
36.806157487985324,1.3136142507071502,1.3134058826135229,0
38.130054180608546,1.3135831755104805,1.3134088387510439,1
14.124576227715878,1.3134899622427882,1.3133825570922364,1
17.569522861813823,1.3134142554939712,1.3133521031970101,1
38.874564510994965,1.3133422309076468,1.3133439642372848,0
31.510549616811844,1.3132635041801488,1.3133287661934054,0
39.3463201351734,1.3132333345931966,1.3133038320319972,0
37.47416363355517,1.3132016344327497,1.3132782646429746,0
37.88697442680128,1.3131145318233632,1.3132526345151059,0
35.45451212179684,1.313039097715623,1.313225630796017,1
36.728223291463664,1.3129691918926598,1.313214113721983,1
48.30089514731398,1.3129185157713898,1.3132111785944662,0
46.89978422945838,1.3128595122445506,1.313200019987882,0
48.14772301208395,1.3127913871247547,1.3131913493268588,1
54.34339167541628,1.3127573105607622,1.3131907555261113,1
54.420449204315986,1.3127417653548419,1.3132020673563962,0
55.55517755285156,1.312698180947757,1.3131999468582163,0
57.01147591158566,1.3126788006349468,1.3131948125594517,0
53.853008806278034,1.312690082093195,1.3132058062287888,0
59.56051673011422,1.3127082917292776,1.313203191423082,0
40.60265685489097,1.3126817772961645,1.3131855802635612,0
42.296913525316754,1.3126565930865113,1.3131687922682056,0
43.81373608361039,1.3126633446645462,1.31314375725209,0
41.92808976683453,1.3126386126329874,1.3131049344573245,0
36.04369454477773,1.312535234743029,1.3130543867633426,0
33.657526144874794,1.3124724180865397,1.3130227664876073,0
32.78434193504607,1.3123698861063964,1.3129746914832614,0
30.854301950318828,1.3122484353724555,1.3129208182591368,0
25.412612811405268,1.31213815810456,1.3128624302823129,0
22.2819396352466,1.3120412181346606,1.3127936751633649,0
25.88726950901318,1.3119434951068116,1.312730658625809,0
24.837854950799525,1.311813172464583,1.3126676050099966,0
12.536954066356202,1.3116669338834646,1.3125846009472442,1
12.048133917034917,1.3115122468911917,1.3125063858890482,1
19.35805062006098,1.31134636048735,1.3124148746552147,1
16.41487968122324,1.3111745834750022,1.3123295662186414,1
16.619188213431983,1.3110321600630903,1.31225291174211,1
36.83877406843571,1.3109258626367168,1.3121904436557146,1
49.488774943637345,1.3108041554535323,1.312116312978691,1
48.75241322328813,1.3106999385899691,1.3120639547266315,1
52.269999007881296,1.3106464375686757,1.312011402402776,1
60.35740170107866,1.3105896247843376,1.3119568276369244,1
57.19943029764987,1.310528240386585,1.311898596421529,1
66.31391205617524,1.310518140125127,1.3118434710181643,1
64.92602871420665,1.3105388938090816,1.3117931375479333,1
67.63952551327179,1.310544845840293,1.3117492805560889,1
80.55085154777065,1.3105683600911262,1.3117078569785163,1
86.95792106163044,1.3106093593077823,1.3116751932981459,1
90.70701684054805,1.310708880701105,1.3116660102916111,0
84.16721610647731,1.3108079416175618,1.3116546403882048,0
79.11851409320592,1.310891736707241,1.3116416530258455,0
76.12815834326285,1.310993177429556,1.3116316057776265,0
68.76928039582683,1.3111064839499635,1.3116312096301146,0
62.914649977307654,1.3112240982162118,1.3116303229779447,1
56.39915786797653,1.3113116386702615,1.3116026377602605,0
57.691319127808455,1.3114080264882835,1.3115873751418952,0
62.69413744205191,1.3115159464015629,1.3115659564654567,0
57.13568973199955,1.3115795911480355,1.3115416263418285,0
61.07655611100898,1.311642930614711,1.31152767249523,0
49.98514285706079,1.3116529482952097,1.3115094949584667,0
46.23460738777666,1.3116523277688654,1.311484656753258,0
45.63553348102223,1.3116440351015328,1.3114470353689816,0
24.189891648646153,1.3116211719326991,1.3114032602967884,0
21.82032696901949,1.3115486501102733,1.3113463762123718,1
22.575059939396326,1.3114722506482361,1.311279113582923,1
22.56565852540983,1.3114051130547073,1.3112146196360355,1
32.49741319011038,1.3113600140550583,1.311172590221437,1
31.7818533195629,1.3113045151250113,1.3111254790941718,1
39.300129124246844,1.3112056068285474,1.3110722201857519,0
40.07078485077871,1.3111323361781282,1.3110242581677451,0
43.606452314417155,1.3110963296983802,1.3110074739867315,0
43.48123336011868,1.311039774271933,1.3109848782517954,0
34.50966763096841,1.3109595712606794,1.310949700268568,0
40.523328406392444,1.3108864827001088,1.3109294710047932,0
39.46603508596572,1.3108148449452242,1.3109144818411382,0
37.69069221073053,1.3107193202020417,1.3108861359880957,0
40.5656163024153,1.3106079555104009,1.3108611842270583,1
46.274867822167295,1.3104961351090603,1.3108407062364709,1
48.49229306850271,1.3103730287814679,1.3108216207659935,1
48.539682279247245,1.3103002957400627,1.3108131260006275,1
39.16968234901675,1.3102342400275033,1.3108009547215347,1
44.343912101545065,1.310179301239169,1.310793486878816,1
39.391965297145454,1.3101477020056504,1.310795567545663,1
41.55322668843386,1.310168852850734,1.3108090185961887,0
30.7808671947016,1.3101923463407856,1.3108175079242972,0
31.962751209615774,1.3102006528785966,1.310825047397473,0
40.02821189160763,1.3101764041818593,1.3108302878689448,0
38.1631884257024,1.310159724670531,1.3108190239076976,0
39.760902164135224,1.3101132399850672,1.310795853998366,0
38.64717519693577,1.3100369049566167,1.3107590447144042,1
48.28754168581521,1.3099518423404675,1.3107296358954483,1
43.071382359995965,1.3098523926696852,1.3106899854059344,1
39.98630376528128,1.3097820386089123,1.310651219557499,0
42.52297557905506,1.3097302447168369,1.3106143128414773,0
42.61049508981827,1.3096914487579883,1.3105755038207014,0
45.797503271604484,1.3096831468760102,1.3105414564023825,0
42.46835716967241,1.3096691530699929,1.3105015014186048,0
30.86550329912957,1.3096411747167527,1.310453432400059,0
26.481286176198736,1.3095791093607505,1.3103697122298517,1
35.3383420508396,1.309528997429143,1.3103015483252602,1
33.074252921988446,1.3094637940334193,1.310229777652006,1
37.51164418427127,1.309405482493694,1.3101584089044713,0
36.87433537608615,1.3093272531763611,1.3100838752362218,1
45.68857975803856,1.309256498926476,1.3100219788802943,1
51.02851561361843,1.3092327901662781,1.3099859685227038,0
48.99715362399096,1.3091775081171837,1.309932840049033,1
46.64207771697446,1.3091082870723463,1.309867224137258,1
45.81692418514499,1.3090574318471504,1.3098101601873435,1
48.591776601184826,1.3090320433106082,1.309751499076725,1
48.422665568225604,1.3090392485819193,1.3097135648290879,1
48.476021732117275,1.3090199483117715,1.3096766841126106,0
57.65646060598108,1.3090609655168781,1.3096567575720726,0
64.01891193438644,1.3091105687405942,1.309646978280657,0
55.751205167756765,1.3091163227534608,1.309641381898752,0
59.20539175431589,1.3091240315061563,1.3096362161638693,0
52.29072254799868,1.3090918264170737,1.309616141747329,1
60.66606557899545,1.309102475961775,1.3095984861812917,0
54.39429131791283,1.3091207976877048,1.3095799454251362,0
48.34879349446354,1.3091800988509728,1.309559509038822,0
53.366666112084204,1.309204387659983,1.3095303689180016,0
55.59219663207667,1.3092389075607915,1.3094868087969707,0
44.24869855731966,1.3092212611744027,1.3094310036654588,1
44.628177714365656,1.309234981903026,1.3093940394931607,0
46.8525720289317,1.3092483506171315,1.3093667260471036,0
45.650863814371434,1.3092003963162984,1.3093401890711336,0
31.797755644685395,1.309155238826319,1.3093072074987442,0
35.23779262512046,1.3091471423003431,1.3092828988532352,0
34.16214742915274,1.3090915656326112,1.3092483323967639,0
40.1002020921364,1.3090498432830118,1.3092222248773422,0
40.92028080304449,1.3089751172410573,1.3091834934294857,0
31.109244981911786,1.3088900177183143,1.3091389951889352,0
33.84384079176178,1.3087707485547946,1.3090933364983228,0
29.114506682950648,1.3086288009225555,1.309039417847419,0
28.64371176942339,1.3084968992833736,1.3089726004718083,0
31.643457380072633,1.3083769098053613,1.3089100415496993,0
30.54284458080086,1.3082329490343745,1.3088290602096404,1
35.10847818550293,1.3080899285520518,1.3087638959293684,0
29.522680902487494,1.307960733730825,1.3087003490492541,1
28.783437414625894,1.3077965268040725,1.308632823766424,1
29.83985533467842,1.307621636054194,1.308564261357033,1
30.735188603932443,1.3074782575692994,1.3084973748885034,1
37.52246509147058,1.3073841571046052,1.308443709439427,1
38.2763228704047,1.3073054987691026,1.3084034235572368,1
38.90545557709712,1.3071879499909522,1.3083498081567495,1
43.70304763445415,1.3070941988484774,1.308301289107329,1
44.47942726201292,1.307039137834565,1.3082496038821663,1
51.229084837234474,1.3069819447253157,1.3082080155153641,0
58.25536044878063,1.3069791633222971,1.3081835278389815,0
54.01625318254424,1.3069383853578167,1.3081659352761688,0
65.34567167725416,1.3069131139969117,1.308137140056593,0
55.670239834191285,1.3068975197148869,1.308112485461522,0
55.184413768835384,1.3068760207036196,1.3080815517822932,0
66.0831737719904,1.3068885764083547,1.3080639471402165,0
61.89209604985315,1.3068825653587075,1.3080230270447006,1
62.33582563483444,1.3068913639429005,1.3079734710603483,1
53.59386515623318,1.3069254359966076,1.30792823136141,1
45.204081654427874,1.3069212980796765,1.3078891003323008,0
54.91800590683073,1.3069406903884793,1.3078536524657856,0
55.05698537386294,1.3069918533174376,1.307816747769156,0
54.67159611093174,1.3070696030678928,1.307776403151422,0
45.627898541643965,1.307104776521928,1.307731306172566,0
35.29088849756357,1.3071077069152905,1.3076624059987916,0
43.30161409528826,1.3071019040900955,1.3075999576970372,0
41.47196696267792,1.307097936981243,1.3075424538478628,0
41.902786212113085,1.307078456602342,1.3074830591458033,1
46.73879050763308,1.3070695071194172,1.3074406761631032,0
39.773064818179414,1.3070263470890584,1.3073775639662777,0
47.228100617355466,1.3069663540986078,1.3073217504033428,0
41.562035894419644,1.306921270532496,1.3072624039487784,0
46.931869556458274,1.3068783734019047,1.307206734353362,0
45.83289176071757,1.306837281275953,1.3071518349475864,0
34.57352027853966,1.3067858592165498,1.307107390999152,0
28.11580849086738,1.3066996173115308,1.3070498013036183,0
29.225839421016516,1.306655259591741,1.3069857906345446,0
30.945741326418982,1.3065760657904213,1.3069237388499975,0
42.41260920214525,1.3065381808963905,1.3068814081894384,0
34.3777031205165,1.3065019217416776,1.3068310121088342,0
32.460276625393675,1.3064205462951588,1.3067852447308042,0
33.48595886707264,1.306328082306644,1.3067280433786086,1
23.22604568485403,1.3062209154583275,1.3066747224383304,1
36.712934844187515,1.3061566580465764,1.3066379623038709,1
32.7146950029115,1.3061056394239448,1.3065963623464518,1
31.202616685053826,1.3060307627236667,1.3065607424174817,1
41.65993262925145,1.3059950797667657,1.3065417260412193,1
47.182487028900546,1.305979053799531,1.3065239167434715,1
58.298243237758975,1.3059767188480824,1.3065381840885866,1
69.24075300240332,1.3060196465739717,1.3065494511750455,1
62.27186571451312,1.3060399034390824,1.3065534182866454,1
69.2768367430539,1.3060787295896332,1.3065752850630021,1
70.72711082842896,1.306147526642553,1.3066170905887053,1
75.3547864692272,1.3062565628211371,1.3066631570483216,1
83.31910259680578,1.3063963578933655,1.3067122713146562,0
85.92502143182455,1.3065762759582784,1.3067581121792884,0
86.59752744349944,1.3067407961196564,1.3068069290860262,0
80.22728369577696,1.3069019606820036,1.306846843583408,1
80.32173399395741,1.3070372353120132,1.3068806471804177,0
72.82314990850986,1.3071442357880865,1.3068959285339425,1
72.70228533495848,1.3072983193226326,1.3069129071309384,1
70.3413112970183,1.3074514992265531,1.3069332889261034,0
69.57262215137524,1.3076380740350475,1.3069647064535845,0
60.8397905661334,1.3077807127504788,1.3069912395181078,1
67.53269366558354,1.3079518307350144,1.3070266863590094,1
62.81698996985136,1.3081186416566728,1.307052768516809,1
52.75981658122965,1.3082325983575525,1.3070817392407574,1
53.08503905911004,1.308368535305557,1.307114785288534,1
53.48932147255758,1.3084936314094218,1.307165462253712,1
50.80825501632808,1.3085982025438136,1.3072202129607,0
52.135969618616464,1.3087208347899684,1.307265476047241,1
57.335381867620576,1.3088326898721885,1.3073116196849026,1
59.65484359994296,1.3089184500258861,1.3073566293719028,1
64.20883094118165,1.3089585685227914,1.3074046738486669,1
57.10391154683175,1.3089711973712341,1.307457667497034,1
65.35089338534172,1.3090033425705774,1.3075186875714815,1
68.89075122128364,1.3090939587454244,1.3076053377916983,1
78.50903311231266,1.3092317544501049,1.3077081627225133,0
77.53283041433863,1.3093858742446263,1.3078071940305014,0
78.4566807304711,1.3095660215554075,1.3079117983204824,1
81.46216478482869,1.3097041139531564,1.3080080110727579,1
73.80747145449037,1.3098333641555935,1.3080981263753422,1
67.5618216481881,1.3099263843927953,1.308183910849941,1
72.36033882466936,1.3100858921600969,1.3082906838717654,1
75.6532744885828,1.3102596962448687,1.3084162211703372,0
76.14696706088145,1.310457909129602,1.3085560852440379,0
71.26924491076103,1.3106624184595745,1.3086846027878907,0
76.37830640792909,1.3108525722288216,1.308825387863894,0
77.20766924729736,1.3110162841327782,1.3089567035482674,0
64.09361234310143,1.311133459931905,1.3090728282367916,0
57.84906272661773,1.3112556184110125,1.309199504893583,0
49.02342763950326,1.3113525789832434,1.3093214183555426,0
44.216041118299806,1.311429821477779,1.3094401917796836,0
44.50851443283731,1.3115177014201524,1.3095490911980974,0
45.54192204562238,1.311603874084806,1.3096569613613784,0
48.141610527627634,1.3116508577193025,1.3097667255697356,0
50.069540405745315,1.3116436953911208,1.3098647840414406,0
32.537685659702575,1.3115689223738562,1.3099441101522433,0
30.801343949566004,1.3115146230643568,1.310022355717011,0
23.62924894502116,1.3114476382012314,1.3100829949713864,1
23.649825880111507,1.311377639122064,1.3101431053459507,1
16.64586901372877,1.3113155871950775,1.31019286941752,1
16.848704593387424,1.3112622865031633,1.310229814794185,1
32.55977801654876,1.3111953448095608,1.3102661966671345,1
32.438690800736296,1.3110981497990486,1.3102969379326104,0
39.17686314916858,1.3109973977435496,1.3103245339581462,0
44.433812974809605,1.3109209557039432,1.3103566666216053,0
47.04675809319105,1.310831482731388,1.3103971966836476,1
51.47805447564914,1.310752798606551,1.3104429288660824,1
42.506075400014744,1.3106784943856633,1.310486531675822,1
41.86238513915161,1.310593629252804,1.3105176288656515,1
55.98051804602068,1.3105481740798328,1.3105600882968542,1
64.33742453901041,1.3105961623926592,1.3106234271227282,0
63.23720520715324,1.3106253761184194,1.3106869565452735,1
69.31605668885787,1.3106727141607473,1.3107453147316717,0
67.98972782520669,1.3107094898301965,1.310803064839145,0
72.97123709189034,1.3107881831521095,1.3108870179592633,0
63.46242230481532,1.3108771041100682,1.3109475376740476,0
64.33578800546536,1.3109484410146535,1.3110042795591037,0
57.297231214836245,1.3110114178655348,1.3110482811000748,1
55.397823798523206,1.3110868442992893,1.3110895091496793,1
54.61360876620408,1.3111680512817632,1.3111270139813496,1
56.724993371184205,1.3112724329071146,1.3111714079466765,1
59.85339481981738,1.3113269507065899,1.3112135495406543,1
62.46811749733024,1.3113892238868317,1.3112641485388494,1
59.562782947050316,1.3114407305627453,1.3112994891550134,1
46.183903956632896,1.311492207187118,1.311315965998283,1
56.07261276088084,1.3115579928907097,1.3113276920598897,1
48.33746318871109,1.3115924481796108,1.3113255584400765,1
54.1563409305993,1.3116808508142241,1.3113324633793488,1
42.23643693769456,1.3117629698459852,1.311341171222783,1
54.046836023517656,1.31184381076759,1.311364266941653,1
52.70082546098336,1.3118536885080794,1.311394348768842,1
59.943003745893016,1.3118831411640628,1.3114058561468598,0
58.130882423798354,1.311892655933227,1.311398498607015,1
61.86187579696708,1.3119296116757577,1.3113917458576072,0
62.59703191434034,1.3119510958338534,1.311402488908975,0
66.20894762807848,1.3119887332688376,1.3114020020900543,0
56.35908246447244,1.3119917667506138,1.3113944726062379,0
59.14879645764203,1.3120361570987586,1.311409359966816,0
50.90416864975002,1.3120583032318904,1.3114105830780303,0
41.51860211921759,1.3120554386455257,1.3114081578462626,0
42.28965463358093,1.3120106268712242,1.3114037301040542,0
36.68412013859328,1.3119788391173732,1.3113980046195426,0
34.388760869144576,1.3119077301066469,1.3113856909475856,0
23.803940677498048,1.311798156817929,1.3113584087944639,0
20.023753984177517,1.311660916211264,1.31132285432634,1
23.899560037337096,1.3115174323801853,1.3113070960624214,1
22.817621986644653,1.3113742199517688,1.3112693971950413,1
17.90265599627874,1.3112083766946507,1.3112367587767164,1
21.58298238580356,1.3110919546064248,1.3112268974165273,1
22.293568844757644,1.3109529996684042,1.3112192319309839,1
26.019453945369023,1.310814187409476,1.3112151091313669,1
20.657153695892134,1.310660918540789,1.3111920856393513,1
34.19060375042821,1.3105617632681448,1.3111839439946533,1
36.04394252493705,1.3104357669357163,1.311167093534474,1
38.30956016961065,1.3102804618295127,1.311146291359203,1
45.15551615379962,1.3101615298623026,1.3111340209424203,0
49.15562276048173,1.3100613310698306,1.3111178855915497,1
57.92158233644581,1.3099484077752226,1.31111732532264,0
62.72097558520928,1.3098584599629957,1.311116515362107,0
58.57389106239497,1.3097887971806685,1.311104407086597,0
68.51758540057037,1.3097473162109428,1.311064191631368,0
72.92201303021893,1.3097248719257688,1.3110378029424823,0
60.378430161666394,1.309716055506747,1.3110030274859854,0
55.378089734413685,1.3097302808266778,1.3109667251930566,0
49.88633434769604,1.3097548390819271,1.3109095166982676,0
47.466497577349045,1.3097392604148577,1.310851958584337,0
25.99435593538145,1.3097174289305271,1.3107769923613908,0
30.20441475694163,1.3097081099272323,1.3107154356013957,0
38.008099365522654,1.309678990130403,1.3106637557489724,0
34.86962274389765,1.3096679399112898,1.3106191873827944,0
27.915081674039897,1.3096033996472871,1.310547495827436,0
26.998242934389282,1.3095526314369184,1.3104823579314826,0
25.161866486145897,1.3094377400562558,1.3104033504624228,0
26.644862260253888,1.3093363044227337,1.3103253230784693,0
23.440711632227178,1.3092311543208717,1.3102418702127046,0
23.682428722293494,1.3091117349565684,1.3101555177687632,0
24.983253816178674,1.3089955115755634,1.310079110949931,0
22.730495393313035,1.30884116144806,1.3099814495761744,0
22.10090209129966,1.30867338825672,1.3098806827264011,0
24.842891367883155,1.3085111291607574,1.309771334443864,0
29.487374245047505,1.3083433555824049,1.3096600584610976,0
23.856454363715358,1.3081371663567607,1.3095394130195614,0
14.59331950959843,1.307913521358387,1.3094113736560495,0
8.175974085376055,1.3077060309866373,1.3092772929174084,0
8.989674333109406,1.3074830223616163,1.3091222873093724,0
7.859615334700095,1.30725487554137,1.3089584154933498,0
8.346096617584209,1.3070492405017369,1.3087999818618399,0
6.775794209849522,1.3068282175913954,1.3086322597984503,0
6.5044433249863545,1.306571589051471,1.3084690700768047,0
1.3162479279916965,1.306284095776928,1.308310650235355,0
1.4363511240046876,1.306043634822327,1.3081606990078771,1
1.5996128713393034,1.3057939036644681,1.3080083837503205,1
2.4951900140437573,1.3055671772112025,1.3078671293042452,1
2.3417766441313006,1.3053301939412285,1.3077381379277893,1
3.1001251190781858,1.305104683729828,1.30761937722013,1
12.597375849601661,1.3048847309385931,1.3075024371921264,1
23.23545121077835,1.3046815652163333,1.3074020490557567,1
32.74241058598484,1.3045407838025316,1.3073144124193266,0
43.65838383091161,1.3044353615901776,1.3072180455199023,0
54.519096617615105,1.3043344946564202,1.30712393243907,0
54.59888789954287,1.3042233792105367,1.3070237351815224,0
55.29975279887616,1.304132224434674,1.3069279353771157,0
55.302605653916224,1.3040539949868046,1.3068082663435134,0
60.781448973059796,1.3039747525836585,1.3066928871765853,0
64.20932618283787,1.3039366383208413,1.3065847579059036,0
64.16023205161721,1.3039169858228696,1.3064605978775772,0
63.52898396665998,1.3039053147566366,1.3063375753365623,0
61.19638550624055,1.3038899506948172,1.3062088769662878,0
61.395766098663124,1.3038958615834364,1.306084030724981,0
52.73348702170292,1.3039047895132114,1.3059570471683726,0
42.52728237493509,1.3038989875201412,1.3058213675315569,0
28.02122596021428,1.3038939724713328,1.3056760239685463,0
24.450072370281077,1.303897414485459,1.30553967289573,1
21.368507655656572,1.3039064022661697,1.3054085865035858,0
21.386275923400532,1.30390373840806,1.305278936950583,0
25.83104729892716,1.303889015557416,1.3051623392491498,0
27.819745633690914,1.3038497789639718,1.3050549890691343,0
39.148658075204025,1.3038073656993825,1.304954114728187,0
28.293456071668487,1.3037295138450515,1.3048382550057618,0
30.509412779852596,1.3036433388021844,1.304714091995428,0
25.455558927795252,1.3035381952075773,1.3045976534056383,1
26.519460457878637,1.30343386255754,1.304480427825364,1
20.141164866504056,1.303313899073944,1.3043587299505888,1
27.50676520549966,1.3032084205836478,1.3042417336409509,0
35.39948367136688,1.3031042701294124,1.3041340042293204,1
43.087732105852346,1.3030296358333822,1.3040277582283024,1
40.165783030216275,1.3029562936839656,1.3039218881799235,1
37.03001590363855,1.3028790105935992,1.3038240166245039,1
35.70757945222606,1.3027820013734464,1.3037274759716715,1
42.69548432219947,1.302725625664173,1.3036428457697387,1
50.575110198184625,1.3027117655497475,1.3035687315184936,1
46.32641988273236,1.3027135933160756,1.3035065947522722,1
48.21871743441386,1.3026955036690453,1.3034524658199933,1
54.659394285985464,1.3027060593101096,1.3034085978329748,1
57.97682228497231,1.3027114120302614,1.3033702928180408,1
60.543937577440374,1.3027161287328801,1.303346840525754,1
74.31812864558457,1.3027553830803063,1.3033374461005622,0
67.14728655553506,1.302756260929875,1.3033253320635785,0
67.33062278116643,1.3027923924086495,1.3033265763486332,0
66.55988053439626,1.302842359917755,1.3033373976517593,0
66.2373558791935,1.3029190052268387,1.3033478015674431,0
65.56388007694764,1.3029829983776062,1.3033560657106196,0
66.00363047390897,1.3030656306578141,1.3033581113292334,1
61.76942997311585,1.3031393483501907,1.3033653954045357,0
47.40501978615354,1.3031702721916596,1.303360239614053,1
47.448202287958985,1.3031884314399866,1.3033492384288599,1
52.75131121992699,1.303216601759768,1.3033359027972973,1
50.862965800830864,1.3032812226204367,1.3033201921516657,1
47.38537854626663,1.3033341387882973,1.3032869868509196,1
52.41223479496462,1.3033828963440912,1.3032622064448072,1
53.807780114288434,1.3034367548210029,1.30325408176268,0
59.46977073639713,1.303496241831876,1.303252201711153,0
51.180811214973225,1.3035455010321335,1.3032490682381248,1
47.449141640642644,1.303561589203258,1.3032433324808144,1
47.41529721722195,1.3035903240811306,1.303231767122157,1
53.20292172117271,1.3036198748274113,1.3032279961275706,1
57.20147584986113,1.3036234202739763,1.303224688307498,0
57.16613371043169,1.3036488195101836,1.303228879589725,0
66.06721858369266,1.3036562284758113,1.303230723105583,1
66.59249764263782,1.3036586414778524,1.3032389384376153,1
60.93090048221072,1.3036528197543995,1.3032493344611462,1
53.50965146421791,1.3036598127182315,1.303262401809379,1
59.668948197805236,1.3036697060382,1.3032670279503298,1
62.803790326859,1.3037114391828155,1.3032874101711942,1
61.661530240702554,1.3038096412968907,1.303322600769585,1
62.390096423512944,1.3039161577462997,1.3033600953044135,1
76.82503831929807,1.3040380484483998,1.3034112105910682,0
82.02205904090835,1.3041563167522834,1.303459772572826,0
82.86041172660295,1.3043054723719143,1.3035173702616647,0
69.6224852108725,1.3043994102324654,1.3035646350169197,0
67.73361940240702,1.3044550578214853,1.3036208268082432,0
64.58045765736645,1.3044961218861169,1.3036771054425835,0
58.5244696986892,1.3045353134136568,1.3037376339740103,0
50.58629327041332,1.3045518434926557,1.3037807016444178,1
54.4357118576912,1.3045789436319093,1.3038216365231556,0
57.12065096090799,1.3046071033588997,1.3038589831377778,0
54.5118306264616,1.3046119951237247,1.3038869688834018,0
43.66199459856125,1.3045967999410495,1.3039159953287052,1
42.1732963799613,1.3046060918788132,1.3039603593077296,0
36.31475642373759,1.3045930308231515,1.3039859005012067,0
29.400997714620374,1.3045923178560743,1.304001555383677,0
23.221666504176014,1.3045945073153808,1.3040147674091012,1
25.628118688803582,1.3046178644152397,1.3040359722488077,0
27.347556237700687,1.3045869794234055,1.3040397782165123,1
28.785957978166635,1.3045292097195857,1.304049719845315,1
31.097836405226474,1.3044638699904332,1.3040591918074347,1
37.13454983754878,1.3043770824771488,1.3040598903498053,1
45.657551575834155,1.3042762026946684,1.3040677492787436,1
44.492385871478405,1.3041785122864729,1.3040718182127937,1
56.30130248686065,1.3041531944453408,1.3040889688279538,1
73.77090812492605,1.304183161660909,1.3041264893818714,0
74.54526490999635,1.3042071684362777,1.3041667734660525,0
56.510879534070455,1.3042079682339927,1.3041945690044816,1
63.408141403673845,1.3042495019595033,1.3042247630881427,1
63.4602603186212,1.3042850423368306,1.304267544581224,1
67.75632436214633,1.3043350071886943,1.3043176134372607,1
67.14251475571568,1.304413388851339,1.30436568372003,1
72.63366186235595,1.304507505779418,1.3044065085922978,1
75.03472070166634,1.3046010224240292,1.3044671127620224,0
77.15805186019367,1.3047365670128448,1.3045273687687082,0
69.19545787254029,1.3048416033919852,1.30456349481207,0
65.22318063397607,1.3049343563419185,1.3045900132131178,1
63.93173166254141,1.3050151376218824,1.304623826884707,1
57.901767429688086,1.3051145900131267,1.3046609785404601,1
46.020212781066725,1.305207855130798,1.304696732265182,1
51.32221152958724,1.305306324537116,1.3047337716913165,1
70.68241821392671,1.305419804871247,1.3047784441887138,1
74.0668519311923,1.3055654984346152,1.304834420848516,1
75.06976372801682,1.3057158005083511,1.30489564702581,0
65.98712847289534,1.305806508688965,1.304948115712399,1
64.01048444359677,1.3058441764108735,1.3050030320444612,1
63.305767875057384,1.3058928871663247,1.3050600032452895,1
60.864375793001805,1.3059970708295308,1.3051255149210137,1
56.73459033215636,1.30609720846426,1.3051790708007203,1
75.321728078861,1.3062339092901571,1.3052372517785307,1
78.40534733646032,1.3063407838854166,1.3052874638929075,1
80.26252280047882,1.3064496265264556,1.3053303149512525,1
84.24702895733587,1.3066035277402492,1.3053853929874841,0
81.61954230818299,1.3067238305986604,1.305434456052721,0
81.14866670217613,1.3068221217580815,1.3054964533789546,0
72.6281869806722,1.3069290379551703,1.305553086865544,0
67.93803431650143,1.3070535598769033,1.3056129884094327,1
60.61037299204833,1.3071648420355595,1.305675638333468,1
69.93276519002994,1.3072947352486337,1.3057581352428511,1
71.41131272995506,1.3074319451445235,1.3058379328702276,0
65.73406165232919,1.307542297013681,1.305907849153229,1
66.73776575687367,1.3076496295288025,1.3059934979507448,1
66.10488484215021,1.3077267281533738,1.3060863921334458,1
62.329831363537075,1.307811179788053,1.3061776821895057,0
58.264747193191,1.3078898140570425,1.3062668290059551,0
58.202302201427585,1.3079785750760018,1.306357534932432,1
50.802089154964996,1.308083992393817,1.306455797276664,1
51.73973418261256,1.3081710118247956,1.306546773884836,1
44.438902725479906,1.3082257146622485,1.3066345648962578,1
48.90960184910159,1.308239392078253,1.3067213247219973,1
54.69256599604504,1.3082862227923258,1.3068164050136648,0
63.64040594051973,1.3083476098968754,1.306918525919143,0
57.00978209386765,1.3083543793754202,1.3070166636597849,0
49.775696755558606,1.3083474508562378,1.307102031480627,0
52.168973878279985,1.3083292124806596,1.307166860593082,1
45.77763211573652,1.3083203251543976,1.3072079522629392,1
47.17079957282399,1.3083185865529467,1.3072575556561,1
41.36920269002087,1.308330095430089,1.3073244892119067,0
43.15670880428224,1.3083062872694895,1.3073808493668457,0
47.38989402772162,1.3083012535512863,1.3074444173560098,0
43.78483611613213,1.308317329688303,1.3075007781530723,0
48.435296647577985,1.3083254576931755,1.3075583254874794,0
46.11377124290113,1.3082962132200056,1.3076018751096807,0
37.038394630356976,1.3082007290728797,1.307617564849046,0
26.433104149579464,1.3080995976936325,1.3076120412782704,0
18.23793949527466,1.3079818132290186,1.3076136188672456,1
22.88551183098791,1.3078601415513884,1.307626111360452,0
21.00887459395105,1.3077009022806891,1.307621079748359,1
30.61275572179673,1.3075975663983452,1.3076277554503448,1
32.51896699703019,1.307498388314334,1.3076375379954117,1
36.72454848376507,1.3074017641894489,1.3076545808745976,1
34.86654938326575,1.307265675253441,1.3076568740720207,1
38.75964376901367,1.3071478708521254,1.3076496126267887,1
34.34746689260852,1.3070569205113451,1.3076384794818245,1
37.34338338105956,1.3069904573959839,1.3076404400758899,1
34.88027756558631,1.3069286034145238,1.307641723064399,0
41.68461488544298,1.3068672658935891,1.3076473071470058,0
55.40075082545272,1.3068295987989837,1.307657500399688,1
59.26338278844658,1.3067939417082348,1.3076595426644357,0
62.737778259356794,1.3067413687511795,1.3076474011404187,0
51.40515938367371,1.3066490347378399,1.3076240784940416,1
65.8295519548462,1.3065619234544164,1.3076032442586638,1
66.95179612003946,1.3065469820560565,1.3075792568360034,0
59.62566017543827,1.3065551773938635,1.3075501035671275,1
54.07712317281889,1.3065897540428923,1.3075190941921946,1
62.20279542764817,1.3066510088004688,1.3075024072053645,0
60.48638206758818,1.3067015873933667,1.307485322367037,0
60.78799901769357,1.306801281805983,1.3074756556565281,0
55.23388743635598,1.306862112915625,1.3074547065171416,0
54.18567037923916,1.3069112079188707,1.3074292431051506,1
51.5106667737797,1.306931948610444,1.3074104415133028,0
45.665825316704755,1.306970867879831,1.3073853694124318,0
43.07153178372294,1.3069767556816394,1.307349623638095,0
41.25408270632244,1.306979680014777,1.307305879572514,0
60.49952782602803,1.3069973253617735,1.3072834445977821,0
54.28940836781404,1.3070113357971844,1.3072548273528728,0
34.307309138680665,1.3069918188983103,1.3072104377488032,0
39.87288085902806,1.3069477245514811,1.3071681854903623,0
36.49954298217957,1.3069023959398134,1.3071302151754614,0
23.105693127962425,1.3068261018374758,1.3070820850441078,0
24.149544340809243,1.3067895387358373,1.3070254048714463,0
20.648072570590685,1.3067252982331277,1.3069543195931645,0
20.095754821489564,1.30661050303646,1.3068817063004192,0
22.569184904203567,1.3065231127309689,1.3068203683170196,0
19.26803304665789,1.3064075038459424,1.306750410738308,0
16.082661801943104,1.3062405593689455,1.3066705008911839,0
22.881027748562232,1.3060861217748498,1.3065923364557985,0
19.586015957046484,1.3058906846373757,1.306499891339443,0
7.803594801423671,1.30568382178024,1.3064057203214419,1
7.02036368034382,1.305450183520802,1.306288815092957,1
7.428537585193425,1.3052087487436879,1.306167009135457,1
10.500146363219216,1.3049748586095007,1.3060451297789621,1
11.888519970920967,1.3047663213577263,1.3059376668931835,1
28.425963965946238,1.3046058217383825,1.3058679166387153,1
33.05560182469793,1.304435827312877,1.3058179364454798,1
32.56694131977382,1.3042558430877862,1.3057644392963794,1
31.36221291912277,1.304076711305091,1.3056970656502844,1
41.100955398161545,1.3039534668105557,1.3056692113023087,1
48.27517938302677,1.3038650114119674,1.30563719318091,0
55.278531165189236,1.3038143043950083,1.3056084514763777,0
53.58787894460757,1.3037623365948716,1.3055696338336154,0
61.82061056507374,1.3037296312923543,1.3055399020087302,0
59.678331443530496,1.3036801578309773,1.3054946210919605,1
68.43684710143158,1.303630752751483,1.3054499012130747,1
71.26113463036074,1.3036127512601685,1.3053993282839815,1
65.37642023481128,1.3036111360752265,1.305343513955465,1
62.47326029155695,1.30358586597034,1.3052797764864992,1
59.866111521506724,1.3036279944886766,1.3052192496153203,0
55.47118331880149,1.303686766980837,1.3051628504304826,0
66.74144890919443,1.3038212416670787,1.3051207642593168,0
64.00766373081471,1.3039311463369132,1.3050798537750863,0
52.256054921226465,1.3040224744424835,1.3050293501741888,0
40.92745953387246,1.3040813464380536,1.3049514126459822,0
34.03692849022384,1.3040698307012102,1.304873777961654,0
31.48776523074507,1.3040208762494656,1.3047903853281093,0
31.70525085329082,1.3039962909763578,1.304702552166735,0
37.22604820025285,1.3040003195746572,1.3046165585228005,0
34.37827598479501,1.3039381529055363,1.30452395974213,0
28.77610154642238,1.303811680964063,1.3044170204002856,1
37.48289259803126,1.3037025390405712,1.3043249839250577,0
38.12347504548474,1.3035863497179374,1.3042313942766128,0
28.665446594163058,1.3034430046157683,1.3041287567031048,0
30.257352944804794,1.3033340282303443,1.3040375301114424,0
19.98814336089677,1.303225972593353,1.3039484182445051,0
22.50621713926796,1.3031102215012347,1.303844486739766,0
24.64015969202785,1.303015057234449,1.303745002530371,0
25.564933661391933,1.3029078710666169,1.3036461973538216,1
34.25892565222145,1.302785885919859,1.3035545141626712,1
33.697088221281334,1.3026468860578626,1.303460646477702,1
29.77062571238885,1.302455533292838,1.3033725368414617,1
32.227580433127685,1.3023109114845486,1.3032884028745706,1
41.28318602006895,1.3022000127185511,1.3032192359683583,1
58.447313886399606,1.3021503517521085,1.3031673521322418,1
56.757646509749584,1.3021449667493858,1.3031225195690206,1
56.5478392672027,1.3021494345043674,1.3030871575914793,1
54.32665860095424,1.3021176312747271,1.3030533809290477,1
58.645221885190566,1.3021080649489025,1.3030253357924215,1
62.323205075043965,1.3021385655022872,1.3030231120880946,1
60.70487657461712,1.3021994488125674,1.3030232712132164,1
62.83809014377655,1.302249477742079,1.3030447016135684,1
66.68649120265323,1.3022985950229935,1.303067332788335,1
68.4341311814058,1.3023988710005647,1.3030983616595304,1
70.83885540741967,1.302483708725687,1.3031244850586265,1
77.52073469855941,1.302603258166161,1.3031473928156165,1
77.72656230982065,1.3027444932852243,1.3031679531287048,1
78.56962878477708,1.3029180178525657,1.3032098724362826,1
73.76612753669906,1.303105014796017,1.3032575187501922,1
72.55023531484632,1.3032851047710377,1.3032871693468642,1
69.35049449421253,1.3034656809562861,1.30330091429543,1
78.85084767630465,1.3036746019971521,1.303316655882319,1
78.05990381457983,1.3038884647908904,1.3033388541529782,1
79.62157725047085,1.3041257851883208,1.3033776975267448,1
84.04870258719137,1.3043415781785463,1.3034319202712692,1
83.82833311444759,1.3045509353271936,1.303490592599305,0
83.00501657273045,1.3047573949081168,1.3035450150506585,1
81.77962082306668,1.3050045780274666,1.303610757709944,0
82.61255832008588,1.3052168609355017,1.3036777337784862,0
79.74446208070678,1.3054046237990016,1.3037337638122246,0
78.58463227517468,1.3056089441809666,1.3037921420932685,1
71.40720462085187,1.3057883490457451,1.3038315445650348,1
75.36470288908318,1.3059754822200458,1.303885067141588,1
71.01017736074655,1.3061259020416156,1.3039397326991833,0
76.10765400241243,1.3062789473600234,1.3040035254274145,1
76.77030094331691,1.3064143954073186,1.30408521869806,1
74.5921250084674,1.3065378992058456,1.304174762311257,0
65.39353808754967,1.3066330186380533,1.3042645635009609,1
48.51215796597117,1.306708647143906,1.3043408497778914,1
46.06751501091244,1.3067846461256984,1.304425766634929,1
53.93611317387093,1.3068900220670754,1.3045322507366348,1
46.50725461765018,1.306971063913512,1.3046240658314954,1
62.753178843260244,1.3070753897122251,1.3047344701506933,0
48.14058929078411,1.3070878561080752,1.3048356381236674,1
51.08575848858624,1.307106252295006,1.304940809897134,1
55.849395900720026,1.3071244310600074,1.3050499759859664,1
57.675473657501854,1.3071624638593098,1.3051659119938888,1
60.23328982238338,1.307193338913183,1.3052820703814374,1
64.11025240324958,1.3072424660612614,1.305411571776344,0
63.453234236082956,1.3073063578076318,1.3055419525673337,0
59.038228081319964,1.3073525834916306,1.3056744210667757,0
58.873332374027214,1.3074115874309205,1.305813966220268,0
65.96687800256628,1.3074657601752624,1.3059470066178738,0
58.2639016757421,1.3075058321067603,1.306062060454467,0
58.94729160811588,1.3075674168008482,1.3061703514469105,0
58.10170230076895,1.3075968224996797,1.3062659609981773,0
42.25778295353432,1.3075934127170519,1.3063523535963306,1
50.24776333442991,1.3075726273095538,1.3064465619148917,1
41.71160676352274,1.3075647542667153,1.3065235255050163,1
43.62841639112872,1.3075687410268968,1.3065978368447728,1
41.247224923329405,1.307565331782458,1.3066786039245912,1
48.05828549874735,1.3075968420691346,1.3067630115623174,1
42.292770851013294,1.3075743888428222,1.3068447876786247,1
42.32332918060438,1.3076139747886353,1.3069216796388958,1
57.72099537760142,1.307693907866602,1.3070248895535,1
57.91105729235527,1.307766852506332,1.3071154137220349,1
61.41986483445673,1.307846094756334,1.3072065525823324,0
68.66356967599772,1.3079355023331245,1.307289064173661,0
59.87456038640341,1.3079861770013603,1.307364036658481,1
64.05815363062356,1.3080313193888402,1.307440438414455,0
72.60670727591541,1.3080967249232094,1.307526838653545,1
74.26127444766959,1.3081511581456886,1.3076045886796825,1
73.73902558869874,1.3081918289202448,1.3076683522696155,1
73.00928343244155,1.3082675851695318,1.3077187804469514,0
67.13766648978327,1.308310178796747,1.3077577916941905,1
68.96510063303589,1.3084057462221714,1.3078078853561685,1
72.77096967465701,1.3085329325013777,1.3078625686336351,0
64.31728378379589,1.3086466602348628,1.30790339479785,1
52.13050169411229,1.3087659546759174,1.3079431630011829,1
49.24870870954532,1.3088596270584967,1.307979838148571,1
55.54923929003931,1.3089976772777099,1.3080340971632884,0
49.243657257041676,1.3090912398403691,1.3080841678801673,0
54.89497547389823,1.3091955926495025,1.3081328318504075,0
49.95751186807515,1.3092722367332912,1.3081802135155665,0
50.794840890350336,1.3093029607136843,1.3082344948949642,0
49.66501908572588,1.3093164444397158,1.308276233334994,0
48.61357131225144,1.309290641713828,1.3083076495855255,0
44.70222738955596,1.309247383020948,1.3083348099268186,0
47.469879861556755,1.3092261764473325,1.3083710483798519,0
32.44201158694088,1.3091818417190286,1.308399316651787,0
29.85972127529979,1.3091209145019727,1.308419195627504,0
42.17116991272169,1.3090883396610786,1.3084514989787093,0
43.03237140582443,1.3090668483385623,1.30846493572015,0
39.48462044094187,1.3090094733554598,1.3084874273459053,1
19.985251885588653,1.3089621253051817,1.3085001408982608,1
22.886807882142804,1.3088739410806598,1.3085076893644298,1
19.721700436966785,1.308757303487258,1.3085005044848146,1
33.96780888079566,1.3086965886208712,1.3085046946809253,1
36.332580287055535,1.3086629914794239,1.308511373168448,1
46.176931663338735,1.3086629291514507,1.3085224666860984,0
53.24583136785637,1.3086231848806549,1.308542337718898,0
45.04632587954012,1.3085597195414445,1.3085434207243771,1
52.2606630075699,1.308528673030532,1.3085579969925152,1
51.235414905146435,1.3084912376694837,1.3085743757406554,1
50.349764606088826,1.3084286458677203,1.3085789865217128,1
46.43794719361686,1.30837937172726,1.3085892530260261,1
52.72217325922544,1.3083795156169435,1.308622090745482,1
60.53405364626613,1.3084041750486786,1.3086674290224687,1
64.93850759558087,1.3084525119437775,1.3087261514506767,1
63.43372605572296,1.3085063479484549,1.3087743594204102,1
68.09037977930751,1.308564323137142,1.3088187921693772,1
64.81183070021302,1.3086058420865414,1.3088550989856722,0
61.48474354290456,1.3086510822892814,1.308895613098734,0
59.62166809705848,1.3087360486239248,1.3089362568800211,0
61.147887153538164,1.3088463924252833,1.3089611347217334,0
76.09433551866587,1.3089672919467723,1.3089878651406055,0
55.45173815664001,1.3090647733305272,1.3089879759144916,0
60.62368687757586,1.3091328740608053,1.3089836433719975,0
64.8352479724306,1.30918181247495,1.3089896273578836,0
64.87817412286932,1.309205977270048,1.3089923298385813,0
54.15225420021662,1.3092076285664125,1.3089866991761796,0
41.31049862489036,1.3092243699177417,1.308972705433198,1
38.386598480525016,1.3092200667359035,1.3089692921187785,1
38.19666819692659,1.3092257212878506,1.308957630187983,1
43.42057031604265,1.3092580084971133,1.3089581184018595,1
38.30382438171546,1.3092740574114516,1.308936577501738,1
46.849617282738805,1.3092908529051317,1.3089252589069837,1
47.393051870672025,1.3093066278895742,1.3089314160843535,1
44.68855518176958,1.3093104334193886,1.3089439429480652,1
40.462699935536705,1.3093161742202835,1.3089569782851245,1
58.838282205181756,1.3093450960767428,1.3089577596889905,1
60.106685628693484,1.3093749367447365,1.3089685777474187,1
61.9488562304485,1.3094120207910696,1.3089821843553608,0
65.42067243188029,1.3094521331789029,1.3090082154582654,0
75.03321241438067,1.3095039842285872,1.3090415441276946,0
75.55107285701453,1.309519587121674,1.309069122213389,0
67.14053440105299,1.3095641718090325,1.3090973879525734,0
64.59845568214737,1.3095909098194818,1.3091210540914113,0
54.92853933244106,1.3095902716541516,1.3091352654406114,1
57.82331459370839,1.3095851010057689,1.3091536335532774,1
54.61543307191491,1.3096065314904783,1.3091809459715815,1
49.83029906890067,1.3096535504187687,1.3091987897362742,1
45.6692935065056,1.3096809869743415,1.3092149475730903,1
52.18494166139042,1.3097375450336912,1.3092488588592754,1
48.839615160974574,1.3097855826979774,1.3092875013589778,1
48.588985135780824,1.3098535300124987,1.3093284130744736,1
52.85412487155491,1.309916362472301,1.3093888825010007,1
47.34990960527859,1.3099571114305275,1.3094356252082158,1
50.454008188741845,1.3100325362680576,1.3094917608635188,1
54.53726920771524,1.3101033441839958,1.3095331442981426,1
68.14024195248363,1.3101967067172418,1.3095871684236255,0
66.93862836142027,1.3102631790411774,1.309649961547312,1
78.579011400004,1.31033514297352,1.3097047723325559,0
74.31135739997531,1.3103739689969456,1.3097613079892505,1
75.50535870684725,1.3104067711828793,1.3098327942537582,0
72.54514068442847,1.3104547904266792,1.3098992896931565,1
76.6349749937247,1.3105291793217124,1.3099572534344812,1
69.67402651139558,1.3106061025604325,1.3100018250961125,0
71.73357017771215,1.3107309794309212,1.310046652435469,0
67.02499606960464,1.3108441864818683,1.3100887689666427,0
68.41659698594434,1.3109787334730167,1.3101467101059316,0
63.97525987793119,1.311094099478823,1.3101940926931865,0
51.394183192045524,1.3111934830519485,1.310231907878157,0
56.62410552012985,1.3112894588186195,1.3102702229371532,0
46.472732732072025,1.3113710334120414,1.3102973577536812,0
50.6097216631227,1.3114457266152966,1.3103197869418834,1
46.68743527920904,1.3114913972951434,1.3103595320868473,1
43.93128308370425,1.3115136767490394,1.3103879462835095,1
37.50882720645881,1.311493935616171,1.3104166101200072,1
46.254055198736125,1.3115078762638575,1.3104539038956668,1
49.49820802471909,1.3115022494727635,1.3105050167861656,1
53.35664695295825,1.3115203600773908,1.3105683576111717,0
54.06441008119913,1.31155017951167,1.3106368174428626,0
52.237843931546436,1.3115717877915718,1.310699734590739,0
43.04737249746761,1.3115649667884628,1.3107555775702984,0
49.59066531963793,1.311575342998911,1.3108198039281405,0
56.45024967796393,1.3115774302448993,1.3108718843703882,0
49.59766526436936,1.3115874597001649,1.310914157820349,0
46.122341100398586,1.3115554314219318,1.310944651636486,0
37.238981099211024,1.3114953828050728,1.3109604524005587,1
42.860936556224054,1.311418284707996,1.3109759855584329,1
49.744055917152735,1.3113655702980276,1.3109903461145036,1
54.205898375409475,1.31135706644392,1.3110099261392971,0
46.19519362907286,1.3113212446904048,1.3110178675417543,1
37.41506078251943,1.3112830477196462,1.3110089831501048,1
35.95699822316159,1.3112451218540715,1.3110100008348422,1
34.19523836956441,1.311230330685491,1.3110259956374306,0
37.49639557095144,1.3112368017221163,1.3110463030445632,1
44.374280767309514,1.311260554776411,1.311084723368911,1
37.4799157763026,1.3112396430706805,1.3111157207216315,1
37.360435697766235,1.3111958232271879,1.3111407334808494,1
38.05401215319564,1.3111460641533565,1.3111653631050069,1
50.79229274736673,1.3110985330524942,1.3112038358741236,1
65.88854555221636,1.311075936912431,1.311235091342235,1
69.57155694078246,1.3110940984173438,1.3112789838580448,0
59.15138178688509,1.3110779547984563,1.3113095738425236,1
55.62442954557236,1.3110669331525238,1.3113321126424773,1
59.34258058964374,1.3110642972840996,1.3113570321617773,1
67.20154488985858,1.3110974805025515,1.3113706293302834,0
61.35988047370023,1.3111555831390738,1.31138134798259,1
64.50040174880803,1.3112307545755455,1.3113896047017541,1
66.03756500348463,1.3113013991975138,1.3114056341770377,1
56.416382108978915,1.311332913394589,1.311409034307725,1
62.4192933028508,1.3113727108540056,1.3114173642845781,1
61.41689415452893,1.3114203616097875,1.311414419320868,1
70.59894112756231,1.3115226654294516,1.3114371508359515,1
70.17042680098442,1.3116288509632859,1.31146586429406,0
69.77260346839057,1.311740566123407,1.3115000884697534,0
63.83276960651748,1.311834308659545,1.3115260550603605,0
76.1179527095333,1.3119665764670425,1.3115646767157012,0
78.06511244337972,1.312121701678787,1.3115979207631574,0
60.80439193811355,1.3122208486352358,1.311616062767572,1
60.872836051320746,1.3123085411007778,1.3116498590936556,1
64.87322343051726,1.3123927004923182,1.3116763880117146,1
53.120206352932485,1.3124166877264418,1.3116972455838047,1
56.21523427428506,1.3124845236575022,1.3117250926594055,1
67.36961500017537,1.3125940518630208,1.3117731744696284,1
68.66785469626085,1.3127110237284871,1.3118359709535568,1
72.2518231848138,1.3128374867914818,1.311908049800408,0
70.40482061619704,1.3130155319510566,1.3119844102574694,0
64.19448737053906,1.3131440548144024,1.3120463268384097,0
56.73417249451886,1.3132356988005771,1.3120917696663121,0
58.80717445452166,1.3133616843430183,1.3121336362402642,0
55.464128898406656,1.3134831038935966,1.312181890725388,0
48.1251295428472,1.3135836017763585,1.3122218733160265,0
58.136675620786676,1.3136277775624037,1.3122581246613485,0
58.3963755571268,1.3136656129958089,1.312301137394424,0
57.68276653059405,1.313699534282383,1.3123449183026403,0
59.95291213429152,1.3137201553013005,1.312391944612108,0
56.107154514362456,1.3137176372247166,1.3124535784835587,0
46.540350138693526,1.313695052446872,1.312508627858708,0
36.40104477331933,1.313691821628938,1.312546563299936,0
29.457064915844583,1.3136731171105844,1.3125762793603213,0
13.355961975953889,1.3136273979538122,1.3125988493170773,0
20.03939802378858,1.3136204686807607,1.3126322139682502,0
20.645883692293395,1.3135654856379753,1.3126532381729672,0
23.388491997433988,1.3134861833110487,1.3126755155198513,0
23.026916971308594,1.3133878552205738,1.3126963923529396,0
25.027556750699347,1.3132571503635624,1.3127066880352687,0
27.478080508689942,1.3130966605841985,1.3127272172628763,0
19.7724602901702,1.3129355070202715,1.3127422003556435,0
22.28456143258346,1.312816461176132,1.3127599284754226,0
22.409157275520357,1.312670064512581,1.3127622488242991,0
21.68893036138482,1.3125175988902336,1.312758555516509,0
24.683357745124965,1.3124001891650545,1.3127443096151108,0
26.652698543251205,1.3122619282620294,1.3127317140467776,0
23.954008447662602,1.312084474359653,1.3127081538772756,1
29.077925880674798,1.311914835539135,1.3126851336046548,1
23.98575482381075,1.3117601726650965,1.312657021477126,1
30.31388924841255,1.3116132294199647,1.3126366369959148,0
23.731472341747008,1.311473110815268,1.3126055703545967,0
25.771195027081788,1.3113721230501638,1.3125748528409964,0
34.250503323855,1.3112859026108097,1.3125574750468096,0
32.337090023561615,1.311228061971552,1.312540989764096,0
27.68013753086568,1.311117789663569,1.312511185189763,1
20.37995719756286,1.3110038989491986,1.3124457315808662,1
36.289823945544796,1.310907958951723,1.312387158715226,1
38.30677615755787,1.3108200730805288,1.3123281951357881,1
41.48550769773986,1.310761549921524,1.3122775845400598,1
44.852186076795014,1.3106904368941552,1.3122167614337217,1
51.16631226862834,1.3106352232419594,1.3121476089809123,1
47.141751240874726,1.3105656146263178,1.3120978348718555,1
58.879942041979234,1.3105588912728476,1.312062388893127,0
59.18819501506243,1.310568099238526,1.3120287150149923,1
55.27330853891302,1.3105588148445562,1.3120011604623565,1
48.108052165725596,1.3105394496307736,1.3119536844360864,1
53.007887425773696,1.3105837491673378,1.3119040327990024,1
52.09686539854093,1.3106199581927416,1.3118487073903564,1
62.665594006109025,1.3106713348452659,1.3117905606986395,0
74.09194686844215,1.3107362368533253,1.3117249189568225,0
66.37440288600527,1.3107855914161726,1.311662184995305,1
68.32711594302637,1.3108470493994917,1.311619393080562,0
61.97584562630005,1.3108846639110827,1.3115666668740351,1
58.61138277816742,1.3109008789569856,1.3115080997894515,1
62.58407488598938,1.3109794615901307,1.311469529115272,0
64.0374846568194,1.311089272584853,1.3114303295898457,0
57.525543438927265,1.3111714064849764,1.3113894761108933,0
58.14045400456326,1.3112616255374459,1.3113530316378137,0
63.392005429676956,1.311345722488491,1.3113278114149367,0
63.935387288187236,1.311405983356091,1.3112920998862714,0
52.53899003720703,1.311455870077438,1.3112519360331387,1
51.66476701120884,1.3115082851628048,1.311224420285402,1
43.591658441947914,1.311495864659621,1.3111914879127418,1
41.013590141696476,1.3114868999103564,1.3111725157976102,1
49.849304190856564,1.311511801879871,1.3111576937420009,1
52.9904996205996,1.3115956468819407,1.3111657489336723,1
54.330016440301264,1.3116340068664831,1.3111631622211763,1
61.19490833342282,1.311681324402707,1.3111660950632098,1
58.118123437041156,1.3117227747426554,1.3111768104502766,1
61.81659831741471,1.3117596139490013,1.3111901003027435,1
54.31921507832846,1.3117882731125656,1.3112032914322225,1
60.02453315108378,1.3118395450471503,1.3112286266289692,1
61.02299530589058,1.311920953482078,1.311267022461834,1
73.05947867081336,1.3120406145102141,1.3113173060374437,0
79.54370809104373,1.3121610860171464,1.3113738878561085,0
82.65474717065965,1.3122951996410963,1.3114436381414725,0
81.29153660922739,1.3123988603606276,1.311515230511283,0
79.64172084035796,1.3124916955577774,1.3115837756452706,0
66.85611116702819,1.3125394436271756,1.3116395197997681,1
64.11894370914058,1.3126260003617076,1.3116972082629683,1
65.101216030019,1.3127207380523065,1.3117509869279544,1
63.91702150615095,1.3128210600507075,1.3118039950856195,0
66.28129087885463,1.3129614574895316,1.3118617098642305,0
61.79474191887498,1.3130844128676293,1.3119150561560409,0
65.37478696723322,1.3131790536014238,1.3119821993171426,0
58.45629751099027,1.313247656529994,1.3120632519659905,0
43.72013937633638,1.3132866925828905,1.3121146556736434,0
36.64549657986995,1.3133147433940993,1.312163963188638,0
20.716625661504537,1.313285094857139,1.3121862284245227,1
15.552883503563109,1.3132316966250834,1.3122066041951146,0
24.042588277365482,1.3132124104960472,1.3122341663338577,0
27.530985619721704,1.3131660817165502,1.3122688134650622,1
30.55351804965305,1.313089798883866,1.3122793855062411,1
27.74478436810101,1.312995549722644,1.3122882862310907,1
25.27512479235496,1.3128564336709023,1.312292935386647,1
25.370475017738173,1.3127067418330314,1.3123105550223755,1
36.2268727543693,1.312634965702363,1.3123357171252932,1
46.37111645168063,1.3126022777604578,1.3123767034723572,0
47.484864882394604,1.3126031576084685,1.3124122489050492,0
48.0357474924064,1.312599015378013,1.3124423196728434,0
51.3927941992042,1.3125789124744434,1.3124683153512626,1
49.25041883300311,1.3125438194372077,1.312482703100706,1
62.36938084784296,1.3124921352016832,1.312504698380471,1
62.7210272503914,1.3124391212413737,1.3125303530697963,1
62.89375134183818,1.3124088783908137,1.3125539660374157,1
66.41346396945056,1.312409122481662,1.312591191924714,0
70.78783110222165,1.3124521632529285,1.3126269583808239,0
70.9410047091814,1.3125024478286766,1.31266029210513,0
67.42231519141458,1.3125685481051215,1.3126753586711746,1
69.30937481357256,1.3126608939779756,1.3127085684438686,0
54.21865817224073,1.312713888058906,1.312737373526445,1
43.262208985542784,1.3127498492479241,1.31276543909911,1
48.07685021616174,1.3128164126786666,1.3128076047138593,0
51.98479460695948,1.3129024588670477,1.3128545098137672,0
54.39959350816866,1.3130004630635264,1.3128883998601095,0
56.40507942119275,1.3130904583805056,1.3129084796218018,0
51.37873695843672,1.313109015278375,1.3129257204900497,0
48.41451287292235,1.3130676377984203,1.3129312288306425,0
41.624614810862276,1.3130127283665451,1.312928230354605,0
27.741335169576928,1.3129229219325602,1.3129076428662672,0
29.885200946165796,1.3128658488042437,1.3128993456279339,0
31.582966589047643,1.3128323274836597,1.31287981607531,0
39.92868755853805,1.3128027063025811,1.3128573995086719,0
32.492015380393596,1.31276463785898,1.3128199624093027,0
32.347112701023676,1.3126852550991974,1.3127636336702364,1
33.92701304508135,1.312576005083263,1.3127035141015808,1
27.98067173445577,1.3124614620991295,1.3126519990762247,1
19.345821957739346,1.3123420175914438,1.3126004209185966,1
19.73221487665478,1.312249991317904,1.3125595777474661,1
33.98564126799151,1.3121768947310206,1.312528926191594,1
39.21643787673832,1.3121347082086154,1.3125029615889685,1
54.81253519941774,1.3121395482690308,1.3124928343864395,1
62.948285349864356,1.3121504842647285,1.3124832154239383,0
77.36710229977942,1.312174696973513,1.3124906234561209,0
69.01505040404335,1.3121869265014756,1.31249154902013,0
69.52932952216224,1.3122188994461754,1.3124969767882744,0
65.56405839072247,1.3122561374013184,1.312513498417421,0
61.865898967618044,1.3122841929521207,1.3125190086538512,0
72.02066009757638,1.3123542133486603,1.3125558777512136,0
70.29547516438552,1.3124501896062637,1.3125950400587394,0
64.908401580625,1.312511943021611,1.3126191586381595,0
63.70204038187847,1.312557768611533,1.3126364908333028,0
61.53436633296605,1.3125768845735182,1.312652233784533,1
53.72590953708874,1.312601126601824,1.3126621931609745,1
51.41586620714438,1.3126445176005253,1.3126788672420855,1
50.54957342503988,1.3127209319362365,1.3127091901428627,1
43.036979475927076,1.3127829649438774,1.3127111987728306,1
42.83691724693377,1.3128805722222594,1.3127117387033171,1
50.3652445975756,1.3130005964282379,1.312718553275374,1
49.57463045306947,1.3130947733319682,1.3127272293731762,1
54.23911875294039,1.3131953106420253,1.3127495208560014,1
62.47401294398398,1.3132573218945285,1.3127782353693676,1
61.749607573278816,1.3133196936456244,1.3128142388015147,0
65.34058816459847,1.313359683975512,1.312858848549776,0
61.930170096409775,1.3133880264413516,1.3128832082403454,1
65.11857675417866,1.3134105203723503,1.3128975359445498,0
71.95834109113223,1.3134569791373574,1.3129154247711927,0
74.55966088328668,1.313530507130602,1.3129302323746215,0
76.33988959520525,1.3135770550148587,1.3129592805151085,0
67.53228937318517,1.3136173066079457,1.3129776051107274,0
63.026281656609314,1.3136511896838818,1.3129940792881496,0
47.97440237996641,1.31366269347139,1.3130016285226893,0
37.50075412624972,1.3136596077676983,1.3129895118201458,0
38.977243770495114,1.3136833511611663,1.312974550078622,0
28.22401397883236,1.3136624383113866,1.3129436573412292,0
26.803795740475223,1.3135943368786893,1.3129107415421362,0
18.241826950873005,1.3135242952899095,1.3128773107774443,0
14.310405316807106,1.3134160269484376,1.3128510943633243,0
14.109508648865187,1.3132545364404309,1.3128152765049281,0
14.79233876766493,1.3130931764566465,1.3127953311828109,0
8.625959196089156,1.3128920495644483,1.312760001160083,1
15.803778113910951,1.3127129093200993,1.3127304681039433,0
14.46088238919613,1.312496194453211,1.3126916340617667,0
14.97022668325026,1.3122664196954055,1.3126595612843466,1
16.542040303979277,1.3120695407994436,1.3126369225204437,1
20.36633620334615,1.3118716221679634,1.31261578277843,0
23.618952364458096,1.311658974342771,1.3125944296686491,1
17.672752995494506,1.3114436307948885,1.3125708776559992,1
26.540705255070733,1.3112325397646498,1.3125522998938068,1
33.072360914124815,1.3110426936921624,1.3125239246951839,1
33.077089344545215,1.310864961692071,1.3124861806815318,1
37.75451251202062,1.3107261529713672,1.3124362704036237,1
57.17243814377445,1.31064103874323,1.312385733611546,1
58.846465618739664,1.3105566320999666,1.312327324129203,0
74.17262846097458,1.3105395820710497,1.312284719569059,0
70.31752587543484,1.310539026665951,1.3122387924300463,1
67.03444022824544,1.3105351181696328,1.31218890308477,1
60.61706489269014,1.3105208377641164,1.3121457522881224,1
62.21812081811129,1.3105493462878877,1.3120933296806192,1
65.33360611728878,1.3105884568073511,1.3120506380632457,1
73.82906538199634,1.31070741033486,1.3120381880853826,1
78.68790550315032,1.3108234389640623,1.312036736244955,1
70.79596672789256,1.3109286446018809,1.3120323380731116,1
65.53137129881775,1.3110206274479697,1.3120273616228046,1
74.45416207019,1.3111573932962952,1.3120420727987516,1
72.56409102373462,1.3112851369912475,1.3120414648004344,1
70.16377711756495,1.3114130888832523,1.312046479244399,0
63.52158612693063,1.3115305243018625,1.3120308584878404,1
65.1796576227892,1.311672037373469,1.312020876271899,0
65.98164217453618,1.3118142436736062,1.3120117128318391,0
66.73103586201024,1.311956230891745,1.3119905487814196,1
65.866195419268,1.3120702683832843,1.311961448999126,1
65.83693111139428,1.312166927649593,1.3119246272131337,1
63.54717100092795,1.3122505768617927,1.3118836812837156,1
57.32632357693814,1.3123322746438615,1.3118624188500627,0
55.64086765227272,1.3124213643051756,1.3118431300031765,0
60.631829881012756,1.3125236578283361,1.3118155745611617,0
62.00121680775628,1.3126311618809239,1.3117860141882511,0
49.561460362044016,1.3127292261193766,1.3117541981224263,0
47.501820981083235,1.3127979054752401,1.3117228776101635,0
46.4401798354029,1.3128092010058672,1.311701392614177,0
52.729832146203975,1.3128014893367599,1.311692254591103,0
34.24534968983694,1.3127991441682993,1.3116881526333521,0
35.52254756699905,1.31282431640933,1.3116837477220704,0
37.80724275172746,1.3127973389715957,1.3116960330628353,0
38.74563018246098,1.3127580125799096,1.3117069350809223,1
33.498558581291505,1.3127108309986852,1.3117210935279096,1
35.56182102455284,1.31268732740807,1.3117393786716933,1
26.986072404889285,1.3126346384967424,1.311772917094424,1
25.324974344316644,1.3125804021504037,1.311806603109342,1
37.34310359626676,1.3125591076446272,1.3118573720134912,0
52.13954948386016,1.312583080399428,1.3119095174308577,0
55.272547500155675,1.31260662757186,1.3119688004605934,1
51.47051466030415,1.3126082428992087,1.3120204105652369,1
50.53979177434829,1.3125881722322743,1.312069871423195,1
44.59285726384378,1.3125375558473604,1.3121095034749353,1
58.74854034968571,1.3125255584126194,1.3121622081891011,1
63.92180952373357,1.3125634229438756,1.3122339310478457,1
68.16722401874323,1.3126172533863347,1.3123080835711003,0
75.7826349740624,1.3126988496236511,1.312385339982759,0
78.74999393169199,1.3127879567894958,1.3124705906531469,0
78.9871440166629,1.312883957812245,1.3125553765274542,0
68.87585620866895,1.3129661447975667,1.3126181950550866,1
67.39599348195571,1.313034459145222,1.3126748785401727,1
60.18447068037403,1.3130927022538659,1.312717281135962,1
56.571217550016414,1.3131730601304148,1.312760548466708,1
55.14374397687156,1.3132591629218187,1.3128107114287837,1
67.41357025444034,1.3133788704417286,1.3128825917427382,1
71.23335516580147,1.3135150184010245,1.3129591859396785,1
77.95489563721114,1.3136484695357802,1.3130306082007135,1
72.37129940183601,1.313758971489444,1.3130779964753247,1
71.52720827187055,1.3138768382472006,1.313130877144113,0
69.35083760024297,1.3139884907805217,1.3131927389320497,0
67.55102458340079,1.3141277493556651,1.3132632593283151,0
66.77765567043517,1.3142731406046575,1.3133161703465401,0
62.322599094292286,1.3144303288454862,1.3133675802166307,0
76.27719327562637,1.3145548282494224,1.313418903935569,0
60.480044029167125,1.3146014756979656,1.313462311606287,0
56.35905668606307,1.3146047939979189,1.3134811862208804,1
56.66176019268455,1.31459808208931,1.3134988753490404,1
62.939087411170384,1.3146173432319501,1.3135350355892288,0
56.87598017562155,1.3146362547173656,1.3135817710610869,0
48.463375630798495,1.3146724506508114,1.313620404255574,0
40.57927556370568,1.3146816573218725,1.3136473107242046,1
45.6871592600584,1.3147236934410949,1.3136738486548554,1
34.14630137280112,1.3147490040191043,1.3136916043522795,1
38.181550444178306,1.3147881700995685,1.3137165163372768,1
38.51297747561262,1.3147966510766054,1.313748787421011,1
40.89777094620917,1.314796489431612,1.313786091264573,0
42.60186280330827,1.314791379258729,1.313827997714109,0
44.37815223719563,1.314799100215693,1.313873956159255,0
53.10225950566541,1.3147714032269102,1.3139188427001727,0
58.82439811191301,1.3147317682827928,1.313965788577847,0
50.996210904478765,1.3146665918994151,1.314000169524349,0
30.94259698884437,1.3145535814784537,1.3140186673492835,1
27.89392661367839,1.31444497823701,1.314042366479471,1
40.20601448357809,1.3143655908863485,1.314080807890634,1
50.565806706353015,1.3143392937453586,1.3141230981412024,1
47.59203633941398,1.3143479984056863,1.3141665301844576,1
46.75011265417233,1.3143353434136007,1.3142008518543193,1
48.67807638159332,1.3143114271940555,1.3142359634090002,0
45.961964424368816,1.3142782909655268,1.3142598552875262,0
51.552067836175596,1.3142904171552583,1.3142939200889332,0
47.03101176563487,1.3143116423228998,1.3143286704936807,0
42.36506669089369,1.3143026159705087,1.3143596261501491,0
39.927259789938155,1.314288071207648,1.314391810496394,0
37.423969430683925,1.3142316424324716,1.3143989499452176,0
37.50015616395994,1.3141490700863971,1.3143830462780195,0
46.07184747672224,1.3140590984511744,1.3143628292905085,0
43.98531456467912,1.31395443933144,1.314330233597225,0
25.871491877726925,1.31376632520112,1.3142653035239047,1
27.633762971406412,1.3136016986223404,1.3142059390242113,1
23.661778578314824,1.3134164770921766,1.3141459214956912,1
27.627860240561816,1.313261839807688,1.3140911217893352,1
22.879890409537765,1.3131548167442249,1.314043513145427,1
32.78974825996079,1.3130930178041131,1.3140103495489504,0
30.374779094102067,1.313020905620912,1.3139855049702716,0
31.300953939656594,1.312924471081399,1.3139413383970706,0
31.399465589773712,1.312809730720889,1.3138844151124036,0
39.36236635593173,1.312739036603388,1.3138370786813625,0
39.38118888686957,1.3126196334120512,1.3137802281780433,1
42.502490256949585,1.3125063387180693,1.3137116554758739,1
41.763009127629275,1.3123594081432688,1.313642287034032,1
42.77823815892838,1.3122250708945133,1.3135675991092202,1
58.61250705950513,1.3121124759818303,1.313495360301018,1
55.22755843591602,1.312020311687224,1.3134278036330895,1
67.06187606530725,1.3119663529155687,1.313363559811676,0
65.44014706622309,1.3119335861400874,1.3133158904548683,0
66.84326654426772,1.311907008725704,1.3132837151816228,0
57.89710046778523,1.3118962941676509,1.313249518428561,0
46.702329640781926,1.3119484873592815,1.3131977611748373,0
50.27327098479339,1.3119796278055338,1.3131432882594782,0
50.18037844547391,1.3120298324234478,1.3130888742047457,0
31.016402372268004,1.3120530945048197,1.3130396966625142,0
38.36775935489111,1.312069129531523,1.3129816875815983,1
34.91864677415916,1.3120411588316687,1.312927211473976,1
36.398375322138286,1.3119942581137356,1.3128679401759382,1
49.964909007833306,1.3119753194034733,1.3128128057278179,0
42.020413155777625,1.3119603902125134,1.312749975424764,1
42.0986336722716,1.3119197557017204,1.312688429258559,1
38.18999085056634,1.3119104932989643,1.3126247854113517,1
32.4006897975827,1.3118855001953076,1.3125572942632329,1
27.887560820996896,1.3118645381623926,1.3124953949858722,1
38.7007442626654,1.3118700595753732,1.3124489861796034,1
45.312704473899515,1.3118722947949,1.3124228456275966,0
47.40701180977828,1.311875258817115,1.3123999158651314,0
47.48152620808724,1.3118553401457587,1.3123594595154404,1
67.57040926364094,1.3118714387832422,1.3123287484700217,0
64.67925480527944,1.311866551263225,1.3122911363246381,0
53.366806767455955,1.3118270038035122,1.3122461825845255,1
57.34144158324,1.3118173634549604,1.3122001356791992,1
52.1971386548264,1.3118053847770899,1.3121541257841036,1
53.37160965016156,1.31180150245965,1.3120933083265023,1
49.13152540993884,1.3118022408906258,1.3120359360896046,1
57.404099349624914,1.3118464277055386,1.31199921227561,1
62.155965139104005,1.3118999444431299,1.3119719607681688,1
63.79367195914128,1.311963592396305,1.3119607201614716,1
60.802825510200464,1.312012413239279,1.3119581429889706,1
61.1229846282263,1.312076359658976,1.311956879907885,1
65.11598068015593,1.312163982469086,1.3119722465136172,0
67.81209120040707,1.3122443409423181,1.3120159917078311,1
52.29692351238943,1.3123079781034652,1.3120398060556826,1
59.35399455469909,1.312387260145024,1.3120837082070107,1
71.89094429726093,1.312456596893497,1.3121268890139268,1
69.47676967414105,1.312524390514263,1.3121706751356117,0
71.93083536737026,1.3125969994410416,1.3122015085199026,1
71.39694700134638,1.3126761842602077,1.3122215709711584,0
75.96461001847658,1.3127170239108046,1.3122457696017842,1
68.01130708596858,1.3127680330464497,1.3122744572548626,1
60.795831865377515,1.3128402126879117,1.312286653018335,1
64.01725800907872,1.3129188929351259,1.312319839488429,0
53.363792443053654,1.3129720119156691,1.3123403950631434,1
62.12913562506371,1.3130776092159409,1.3123805887555713,0
60.27035666580918,1.3132112353336782,1.3124304018652706,0
52.680800344189386,1.3132729836530372,1.312463415344093,0
58.636518060672266,1.3133233345021709,1.3124931698941475,0
54.14929508214772,1.3133595404769451,1.3125179951860222,0
53.67381475126512,1.3134002656158321,1.3125448147792687,0
48.381006042704385,1.3134161809796328,1.312560548809456,0
46.232170652023946,1.313405177780794,1.3125757999588745,0
47.353892485894356,1.3133967308353818,1.312595289098271,0
44.08233988716067,1.3134024517893639,1.312608935649215,0
41.28913121243361,1.3133738133497985,1.312621300577551,1
47.77481594122314,1.3133534828040134,1.3126470443336045,0
36.403289919689755,1.3132976219105545,1.3126620720872244,1
43.42260781650359,1.3132418934059775,1.312681802349626,1
34.64898213032012,1.3132091711869769,1.312707536200455,0
27.76011584112109,1.3131717378109975,1.3127243369647936,0
34.66385432317222,1.313137930219404,1.312745473257619,1
44.35965884185869,1.3131386872719402,1.312774225646423,1
41.767802529592835,1.3131021354613341,1.3127964963533771,0
36.6593565704371,1.3130815573721235,1.3128188179338702,1
38.69737397573293,1.3130047094345332,1.3128366572644274,1
45.62497070553696,1.3129335119274796,1.3128557828061131,1
52.39480150076469,1.3129228112462723,1.3128836219246418,1
49.48514531137301,1.312889033015471,1.31289867957349,1
57.34553064883943,1.3128783939265298,1.3129272166983303,1
56.98861619181663,1.3128761667924973,1.3129467059829707,1
70.91195653371219,1.312924049573241,1.3129835481334626,1
70.68188847446872,1.3129788933938973,1.3130365557950288,1
68.25001436075914,1.313035250448177,1.313082443895558,1
72.58881233942631,1.3131287164940695,1.3131382683360067,1
74.0116932893185,1.3132532311084884,1.3132019920370865,1
76.09244181704004,1.3134039502363675,1.3132877280719013,0
81.63705625787281,1.3136069989051227,1.3133663005670582,0
85.52168616023648,1.313803672359755,1.3134432935162763,0
81.37303687907385,1.3139614649354585,1.3135066852161166,0
76.24438306895894,1.314112095656224,1.3135642099315716,1
65.9325724045776,1.3142333628171823,1.3136082745209012,1
72.1932300607343,1.3143274744572655,1.3136396224416946,1
72.01620483440335,1.3144537373770793,1.3136802549272812,1
70.00671179015687,1.3145917749818252,1.3137323366852138,1
68.56025894822938,1.3147597298767213,1.3137856451571066,1
68.42496754399836,1.3149114027667972,1.3138377051554335,1
66.25113117817929,1.3150296653772837,1.3138857318698505,1
62.76924540214375,1.3151771517763002,1.3139307405075933,0
61.92789792761431,1.3153141380821967,1.3139823982271264,1
51.794217755522574,1.3154377394258654,1.3140349921889949,1
46.3072582393793,1.3155336972936587,1.3140898138323462,1
40.62253977811222,1.3156068829868146,1.3141432239145896,0
44.940963560019874,1.3156723962684773,1.3141838452288985,0
62.33208927577243,1.3157599122354449,1.314253428463917,0
78.40787449660755,1.3158579071436907,1.3143141112081864,0
68.23042861240421,1.3158824965094127,1.3143562325421947,0
51.1041695324005,1.3158414376806122,1.3143936821780877,1
51.45283052581844,1.3157988505218117,1.314433499924133,1
50.89191975814298,1.3157970751770809,1.314481699096171,1
47.0746936546657,1.3157965034633416,1.3145227050705754,1
53.21678234908914,1.3158444293565235,1.3145795738716577,0
53.10655413567217,1.3158977751545644,1.314636661391203,1
50.441270672576636,1.315929632662853,1.31469341565827,1
52.95344416624309,1.3159764901463418,1.3147619520280052,1
50.14462329521454,1.3159926844188987,1.3148331935847466,1
52.14823219463272,1.3159965560080351,1.314894934437042,1
56.58811271657243,1.31602161391718,1.3149753286725003,1
46.68548315933206,1.316044322539107,1.3150517121608454,1
50.056943127553346,1.3160954097262954,1.3151368936428538,1
60.92726519592043,1.3161574565248215,1.3152292796745246,1
81.40393777848195,1.3162289546025352,1.3153262235855985,0
80.74058062934347,1.3163146546319473,1.3154136108585925,1
80.69973427851698,1.3164261892085212,1.315513466727773,1
82.6842493385784,1.316486762938226,1.3156155106903578,1
80.92315846980938,1.3165286546300625,1.3157236892863984,1
71.64196920563624,1.3165815451224627,1.315815445820188,1
76.2195891052861,1.316701702028455,1.315905238490961,1
74.92340285646074,1.3168261004433313,1.316008326895277,1
83.89983124706848,1.3169720716583053,1.3161191701888812,1
89.07892780104119,1.3171756450968855,1.3162424963923305,1
89.16430368799796,1.3173741655339561,1.3163596202559438,1
89.45399266697453,1.3175728631910189,1.3164742493100514,1
80.13711628640249,1.3177560496526266,1.3165817353400495,1
80.50546500123772,1.317942220647652,1.316687353689438,1
79.76814342548217,1.3181430563832364,1.3167891236946456,1
81.05521146359874,1.3183602067862106,1.3168774370569793,1
82.36748789101665,1.3185983941365846,1.3169718867650853,0
79.15192277071824,1.3188208672372876,1.3170585901118583,0
73.3057912247855,1.3189873352076957,1.3171472417517487,1
77.17577474402829,1.3191354130861803,1.3172386066465072,1
76.7851424644515,1.319287329660405,1.317347810322888,0
77.26221333395362,1.319451216475941,1.3174631076660632,0
67.5885190764007,1.3195800710769834,1.317564000207735,0
62.38443393451729,1.319730288770388,1.317670916205783,0
52.61807360664236,1.3198511321423405,1.3177602501926458,0
48.46120329520602,1.3199734974951212,1.3178402837115175,1
52.27462483752887,1.320073032379582,1.3179225852918806,1
45.20806593887492,1.320155866387592,1.3179998127397936,1
48.62900231551665,1.320217111604493,1.3180803595977995,1
47.41253147747759,1.3202366868498472,1.3181620753619234,1
47.58760662466806,1.3202761201851327,1.3182565894125335,1
50.312269043249465,1.320309301562608,1.318355216740369,1
54.659617592462524,1.3203587922063418,1.3184562937151956,1
61.27136775598488,1.3204143527867527,1.3185491299099616,1
57.348255481293364,1.3204639477252749,1.3186315399272794,1
61.17904282070589,1.3205325005632262,1.3187374386785047,1
68.67642790073371,1.320577509220365,1.3188663153809863,0
52.84470482765541,1.320592215673887,1.3189759361726883,1
63.029619533663045,1.3206485677453865,1.3190878387790708,0
70.38784917690425,1.3207276963472268,1.3192110838000612,0
73.27075619188003,1.320809425271033,1.3193338086886917,0
66.13404354472769,1.3208422730354932,1.3194409068184343,0
60.746538452917335,1.320879723323546,1.319544036472012,1
57.39720343167363,1.3208905217597928,1.3196365288511636,1
47.9785738489641,1.3209084489817517,1.3197265560177869,1
54.99597504844574,1.3209774792716646,1.3198326530169693,0
55.414944802914285,1.3210485621928334,1.3199333646021416,0
51.21113886470249,1.3211298764206527,1.320034034292412,0
53.50412225215056,1.321204515005856,1.3201240017096239,0
50.1587079235753,1.321284768933838,1.32021300032553,0
37.74518904013374,1.321263968780943,1.3202705950838967,0
42.36849774004083,1.321235265250683,1.3203234609878631,0
33.36075586363454,1.3211810123373053,1.3203582229667092,0
30.85711358139541,1.3211107014287238,1.3203987053061603,0
25.107532708208595,1.321036473598539,1.3204346675146699,1
29.5359183441972,1.3209329375609937,1.320477995653917,1
26.201863159674772,1.3207775481018207,1.3204966538103327,1
26.800249697028363,1.3206626657182046,1.3205105622826379,1
35.118614584289375,1.3205465072339475,1.3205176130093275,1
33.33781454944388,1.3204401489651967,1.3205168853473856,1
37.085796764109475,1.3203291573944385,1.3205158054328845,0
33.69136030611341,1.3202296187819493,1.3205036090548066,1
36.83681012540882,1.3201681505928053,1.3205088768480837,0
37.483440097245015,1.3201326841874157,1.3205127142670687,0
47.689140924949896,1.3201115609820935,1.3205139578573297,0
42.71216127179973,1.320015833976988,1.3204949038932805,1
51.73015312983768,1.3199392151800813,1.3204696930195405,1
47.87014235744059,1.3198515993149393,1.3204463271234728,1
50.32220098326104,1.3197598941889008,1.3204330253021057,1
50.5239551296514,1.3196582570477673,1.3204221379101646,1
64.99803388974325,1.3196531636127502,1.3204169286648346,1
65.96922256022059,1.3196583878815062,1.320406329550089,1
62.50288904323026,1.3196912830964604,1.3204027077745,1
63.063721632530424,1.3197475239269714,1.320405599368794,0
57.05829883479588,1.319796443407142,1.3204127920205906,1
67.33637288915736,1.3198611912274856,1.3204330731468628,1
61.74902359523701,1.3199631341670162,1.3204526945253061,1
52.817054359131944,1.3200513462757464,1.3204687542378994,1
53.446692809528294,1.3201175200990414,1.3204777764071471,1
69.80181906547178,1.3201695012424592,1.3204900111044304,1
71.15065960662712,1.3202340743633922,1.3204989871041881,0
79.73196373526184,1.3203543170780265,1.3205216152609742,0
76.62156537238018,1.3204437852680364,1.3205428740727614,0
69.42210819307391,1.3204993470851445,1.3205467119864251,0
62.15575514213654,1.3205509124805372,1.3205487437594345,0
55.94533468878646,1.3206191552491222,1.3205295657676388,0
54.89513510340962,1.3206642165129856,1.3205043759365886,0
45.465259931101464,1.3207142314643332,1.320495133439651,0
52.709165759458486,1.320771806029294,1.3204823206156688,0
38.639187951227946,1.320784336898338,1.3204447941306092,0
36.8486573030647,1.3207518846631872,1.3203939124216961,0
37.75758696015036,1.3207075553647392,1.3203524424817876,1
43.68609617108817,1.3206870232374448,1.3203256277400595,1
36.87782868201945,1.3206131739208637,1.3202946602332224,1
30.812419249831905,1.3205568505286729,1.320272152639359,1
20.603326050421785,1.3204818583207687,1.3202348247665046,0
28.581114528895768,1.3204314478325032,1.3202058487811743,0
35.168916586117675,1.3204126945079173,1.320181881472805,0
36.977655383662466,1.320396318993258,1.3201544980021074,0
39.317142616051434,1.3203552591141432,1.3201182071765525,0
33.75714076806604,1.3202507121297478,1.3200936844437101,0
36.19116244729817,1.3201218212517072,1.3200762376613837,0
35.07163648893915,1.3200092733078965,1.320074178460998,0
37.158886617568434,1.319885132923373,1.320056484584285,0
35.49320088718264,1.3197429082336545,1.320031317613481,0
39.43431321706793,1.3196290852993242,1.320008024862971,0
34.19812755400267,1.3195262764354392,1.3200038672700358,0
34.63622238104669,1.3194106444567142,1.3199943249350548,0
31.180642728659052,1.3192692508380568,1.3199714180573126,0
26.650576693733655,1.3191352501833506,1.3199228346178709,1
28.668029225447754,1.3190429914048138,1.3198794460258463,0
22.427085659860722,1.3189394028581813,1.3198363561122803,1
24.896847286944066,1.318823031976271,1.3197875802934456,0
25.918222246653798,1.3187280177435268,1.3197327936556666,0
37.76094109491592,1.3186540078904234,1.319689131402691,0
34.18484948601444,1.3185668729668942,1.3196552403624668,0
31.650223265621065,1.3184603022414374,1.3196142836057165,0
31.338468966813053,1.3183083725407618,1.3195645907631341,0
29.648473301025547,1.318115756522642,1.319496842935604,1
31.45487461433811,1.317945898111744,1.3194332636021435,0
26.098404227076728,1.3177774626820316,1.3193434040714225,0
27.51632885094807,1.3175996336735063,1.3192527359781838,1
33.66089383599868,1.3174312675753852,1.319170172252568,1
41.969874709394084,1.3173088065950211,1.319080997651505,0
33.47111561655596,1.3171976253935571,1.318991790408047,0
32.73155674884856,1.3170501010752074,1.31888358880206,0
32.55762200851993,1.3169059237082639,1.3187809830865351,0
38.98640415157328,1.3168078332233855,1.3186969197141105,0
31.31119377578625,1.3167080190846445,1.318607617651554,0
31.28859188245795,1.3166286465114103,1.3185064927254513,0
29.825575385924097,1.3165116970556903,1.3183904951027656,1
36.82500486473883,1.3164317171037456,1.318267316122568,1
48.97805799281919,1.3163652712466072,1.318156174684874,0
41.91566601652717,1.3162750478215033,1.3180430739502105,1
42.87120650606179,1.3161297718413227,1.3179206751470054,1
52.60825417435338,1.3160463326385856,1.3178261113182523,1
48.48795632173976,1.3159581824531004,1.3177318699817624,1
46.58933973285846,1.3159085862409952,1.317642332673799,1
46.49511445169135,1.3158836177858706,1.317541567638235,1
54.61033167391176,1.3158565451178532,1.3174621468899494,1
56.21139042931666,1.3158836667854916,1.3173961169203443,1
52.32306763238457,1.3159212124190993,1.3173381987999278,1
61.50561025468727,1.3159731820146061,1.3172846357634325,1
63.8787025093144,1.316003953909852,1.3172373096471,0
65.2622805207377,1.316042654332967,1.3171861119297648,0
64.25673454912355,1.3161172790360676,1.3171377570881793,0
61.772002625861816,1.3161910352586603,1.3170848180569978,0
70.33022954789914,1.3162427996113373,1.3170289617554787,0
71.86005534316541,1.3162822635343403,1.3169619954679872,0
64.48034717304688,1.316343755731269,1.3169018913723016,0
62.8766535143862,1.316408215252285,1.3168534963517806,0
57.31054741515137,1.3164499208512508,1.3167985559623856,0
62.71517776829445,1.3164680182758275,1.3167396726720466,0
52.97160662950945,1.3164915987639776,1.316685660286452,0
40.193602496250804,1.3165223301201734,1.3166324439016128,0
28.5400650015941,1.31645528810304,1.3165565924397387,0
28.567203381225156,1.3164262111123841,1.3164918438525408,0
33.11193674800866,1.3164031077780856,1.3164393180023475,0
33.56736265737105,1.3163913580475655,1.3163904105220383,0
30.15715518493407,1.3163567724086622,1.316350755780074,0
21.32063770681185,1.3162465159230887,1.3162775267276543,1
18.927680751805923,1.3161159804037417,1.3162088298181522,1
25.062218756549328,1.3159651689494052,1.316141490552686,1
28.41537122762908,1.3158393875160677,1.3160818575561166,1
32.36911556392498,1.3157314648610918,1.3160170947180319,1
34.49497696864792,1.3156220946853914,1.3159598457755783,1
39.98626717385365,1.3155292589351224,1.315912400734472,0
41.73040319442445,1.3154254375487278,1.3158757877586649,0
49.37201949407213,1.3153684025020305,1.3158630538597424,0
58.36335815074849,1.315297605380461,1.3158425742797883,0
47.455468684692455,1.3152168144863632,1.3158292370735132,0
40.95476595110204,1.315127660894539,1.3158097668507986,0
37.91957978532465,1.3150168762025107,1.315773916122897,0
43.10266492533229,1.3149380715778345,1.3157373662795775,1
51.742792711011774,1.3148670340592008,1.3157002073678703,1
50.304036353249586,1.314827231840699,1.315667444745935,1
50.29442918309439,1.3147670328071632,1.3156362874921004,1
47.3401349914108,1.3147023334309722,1.3155971180853823,1
48.92302936685145,1.3146589177938508,1.3155707700057206,0
50.56696648928019,1.3146387764289258,1.31555480774708,0
40.757268115993455,1.3146605001147242,1.315537047951268,0
42.512242107877235,1.3146980836967725,1.3155153764553629,0
36.53626093008969,1.3147240251857064,1.3154849921283256,0
34.53979924136061,1.3147132687996335,1.3154571459473683,1
33.77097067879373,1.3146680734037586,1.3154324153430066,1
34.90807653967214,1.3146063400620975,1.315383848744983,1
50.84720414517988,1.314559026932042,1.3153527385260486,1
45.714127850046246,1.3145100584410785,1.3153163766386982,1
54.97843187204518,1.3144639862495495,1.315295201245214,1
57.98162758657766,1.3144162615085984,1.3152664608360862,1
58.68391826751188,1.3144034497320822,1.3152371502521496,1
60.8288238130105,1.3144282770807798,1.3152125927154708,1
60.79584326943892,1.3144928899538684,1.3151817992986015,1
60.34965503214656,1.3145521620588911,1.3151566495391933,1
69.00638270310492,1.3146532684183518,1.315144453002024,1
69.79698662136997,1.3147822079040934,1.3151334162931456,0
73.36751467665283,1.3149309249760175,1.315132243379043,0
69.72306866894839,1.3150411796780141,1.315116470112053,0
76.25229248143211,1.3151393328986107,1.315113597751429,0
80.75662454499212,1.315232972597936,1.315110494493747,0
71.11153362724036,1.3153229695390434,1.3151029496659712,0
74.92804782242354,1.3154229110585993,1.315104572538302,0
63.36525052663439,1.3154909639259453,1.315094170388373,1
62.423662892456186,1.3155642274420731,1.3150861974186066,1
50.81976555952991,1.315619821491316,1.3150714118914635,1
53.07870610045598,1.3157195800100836,1.3150895655078003,1
48.87776466533757,1.315774628704394,1.3150921055628524,1
54.8070510478584,1.3158805860944933,1.3151073679652612,1
53.04963496969005,1.3159780913037304,1.31512989454768,0
53.270835484477786,1.3160936886738555,1.3151612273421636,0
45.145689727158576,1.316180179165888,1.315210615549269,0
47.11985796357471,1.3162282060072374,1.315257482956869,0
47.81392443940666,1.316267762766679,1.3153028368255113,0
46.42302152754479,1.3162982535369319,1.3153401959475388,1
45.03877404680168,1.3162751149974716,1.3153619130565761,1
38.09950071399873,1.3162145731608392,1.3153704076833248,1
39.558685656256905,1.3161012745835747,1.315361049638424,1
48.57652026681967,1.3160558977417889,1.3153686541892775,1
62.37528327600842,1.31604733364635,1.3153851702091566,1
58.72157976425811,1.3160372218478478,1.3154063410807018,1
60.14734878339549,1.31604854618918,1.315435642347098,1
51.27755969863519,1.3160417836503426,1.3154702216406235,1
44.110743052372776,1.3160459915226508,1.3155058165164288,1
48.07394508894943,1.3160902655004425,1.31554707498765,1
56.815216558110635,1.316210995093916,1.3156089963053494,0
57.42461155681111,1.3162833221523533,1.3156720016324621,0
55.46175021223634,1.3163585818980446,1.3157287251992047,0
53.97765033896459,1.3163821835622458,1.3157793080177707,1
57.72641432357027,1.3163816287803352,1.3158189789422736,1
68.39948507578713,1.3163956490730522,1.3158639763998143,1
66.56878424962585,1.3163953328066518,1.31590454862604,1
62.76823347520776,1.3164248907500913,1.3159482057781966,1
57.46300724533506,1.316458508472755,1.3159966301403307,1
55.83127455720073,1.3164907300039697,1.3160511804292734,1
58.79506477339144,1.3165670360577444,1.3161214981181704,0
61.16607309961204,1.316676192282782,1.3161983485715987,0
70.4995006086559,1.3168283163636296,1.3162687654110592,0
57.45124765742035,1.316914430618246,1.3163304030601446,0
47.28317511908569,1.3169499627146073,1.3163795607951798,0
51.60541587902372,1.3169800279514496,1.316431847657842,0
40.06755525070202,1.3169543778037245,1.3164560135757548,0
37.98370089405792,1.3169139346882528,1.3164644846836127,0
36.8009614338757,1.316875887954279,1.3164590157165932,0
35.58132842481221,1.3168293983858381,1.3164579695184286,0
37.413890687348406,1.3167319474782253,1.3164404679292991,0
32.48031284442433,1.3166360088761757,1.3164135220212947,0
32.96851350497245,1.3165578349802964,1.3163794892009164,0
29.415891738493983,1.3164566315471014,1.3163454887654056,0
21.074268350286644,1.3163228920875392,1.3162924026178446,0
19.795465986591836,1.316158600578309,1.3162342275919634,0
11.536531605148454,1.3159916996266612,1.3161720406610875,1
11.625913291197222,1.315787822378254,1.3160941703060587,1
15.171367485578273,1.315580851795147,1.3160325852880113,1
19.813820294762323,1.3153939432092623,1.315983066736149,1
27.921818965705825,1.3152049312958154,1.31595554203997,1
35.59953165743147,1.3150348524369597,1.3159244575423492,0
42.965781746288194,1.3148651847752288,1.3159049878393931,0
33.84767718049085,1.3146836445801047,1.3158516264543891,0
37.26835189372969,1.3145178717284822,1.3157954729650805,0
37.967607847123084,1.3143430811197852,1.315731604636214,0
32.81312672207355,1.3142063383809606,1.3156664772617839,0
39.16430308706797,1.3141020715100011,1.3156140308847182,0
40.126094897170844,1.3139797747760968,1.3155438205203602,0
36.495712750358365,1.3138042910807644,1.3154603845359616,1
42.89956527884105,1.3136552277334042,1.315392513023672,1
49.387956577396814,1.3135319079380208,1.3153404559321675,1
47.71051577890963,1.3133951521943277,1.3152970402452178,0
41.05011323933303,1.3132729888628152,1.315232325213816,0
40.84551275284792,1.313206305809905,1.315155991483267,1
38.84660149945149,1.3131601455137218,1.3150833970583131,1
32.71865650555142,1.3131441896956415,1.315010298063672,1
35.663062107029404,1.3131328149501023,1.3149305828259625,1
31.484860630663135,1.3131017765459738,1.3148548992973403,1
38.2953517709747,1.313069979013553,1.3147749521413932,1
47.94400923135241,1.313048776788434,1.3146906547177772,0
43.9477858078092,1.3129992921265687,1.314610845532035,0
50.6301284087356,1.3129204223872102,1.3145297240350593,0
60.49938295424249,1.3128803260049513,1.3144508834314714,0
58.682775895551785,1.3128367673111694,1.3143775283774144,0
51.804333788151226,1.312792202232169,1.3142902258998606,0
37.10469778167707,1.3127053976769498,1.3141905032099033,1
46.92707577856689,1.3126310228835434,1.3140964837380988,0
51.57106218155266,1.3126260635327553,1.3140108425443602,0
46.16603070172756,1.3126435221429764,1.3139215013915646,0
42.000138952082786,1.3126275117650714,1.3138167033066028,0
45.67809313156372,1.3125991994094004,1.3137096587828148,0
46.61089711003952,1.3125645045949694,1.3135915155377536,0
47.32330606627326,1.3125667281487101,1.3134932442260017,0
40.95410802851903,1.3125553832339185,1.3133981596909914,1
39.21895612781515,1.3125150401256414,1.31329740192799,1
35.74642440150758,1.3124470738174858,1.3132073764691765,1
40.55400528424152,1.3124193222721878,1.3131327378595368,1
42.02689298964223,1.3124117409194012,1.3130692404833892,1
48.35796297187416,1.3124085427007575,1.3130066098673607,0
56.354543914375085,1.3123601477952886,1.3129419348446028,0
58.64993912922786,1.312354380402966,1.3128981941427513,0
44.23037979943383,1.3123191992355645,1.3128342697371667,1
49.63411131540589,1.3123011712484582,1.3127886993120144,0
46.46089747618939,1.3122401449721504,1.312744429531259,1
44.268287739252195,1.3121750126069958,1.3126967907113354,1
50.532882541366874,1.3121975611188637,1.3126728478067842,1
49.993159301003885,1.3122130027362164,1.312666555881284,1
48.059336724626505,1.312182361123241,1.312651446275598,1
