RSI,MA_FAST,MA_SLOW,RESULT
43.09960832250732,86.13297280846602,86.28774904456697,0
38.5943491410857,86.11489657703352,86.283580728743,0
41.73055942366793,86.0988248508779,86.27582361068303,0
23.48624131553744,86.0734425583395,86.2629698030438,0
25.42571073828836,86.04762365779486,86.24997900696724,0
28.665834326205186,86.0288000720498,86.23596424164614,0
26.078930583219105,86.0135998405272,86.22183986296729,0
31.358405804922725,85.99832145204013,86.2068837354908,0
40.14307977357084,85.98682919483392,86.1919276111927,0
32.64011953129372,85.96445752610646,86.17696376643293,0
38.308106003256,85.94638707688011,86.16731199094149,0
36.45533113086014,85.92761153984823,86.15774859389069,0
37.96185468610698,85.90870885651006,86.14796849546661,1
33.47685366356333,85.89037430501307,86.13557289191866,1
16.74490437695121,85.87750099934429,86.12222767455853,1
19.86122684759684,85.86451091778386,86.10771176133613,1
20.550375655574044,85.85331994282733,86.09350734513731,1
45.151636834080016,85.84764345685574,86.08213520935165,0
52.11312478514746,85.8451302198759,86.07040265371043,0
52.955375519848026,85.84358445437226,86.06282535043056,0
55.14846830327606,85.83605614553076,86.05498617211816,0
40.65681961467731,85.82345158750402,86.04491679413827,0
38.000463779402715,85.80969028054042,86.0318606144168,0
40.77837710292063,85.79943575012302,86.01864677873044,1
37.459292383412304,85.78890943854155,86.00434246121938,1
38.19647559719607,85.77686106835883,85.98871867575905,1
41.73450812171352,85.76872136420947,85.97605676548444,1
46.126769675617396,85.76008771451097,85.96396184350253,1
55.86780514387458,85.7560395668607,85.95405320037898,1
53.34672713623317,85.75539172890754,85.94240969088962,1
55.852875643395144,85.7545556193696,85.93018621002406,1
48.52271538283801,85.75560580181678,85.91875702915758,1
44.849642961458,85.75707819522896,85.90911214187066,1
49.63694390815776,85.76489847204283,85.89979424284056,1
55.0494558827302,85.7777291783198,85.89167500952854,1
59.66487919418502,85.78548575738697,85.88397701267228,1
65.01557055920226,85.7936402251958,85.87823552135933,1
70.81493897307169,85.79583164422496,85.87187147654913,1
79.9931082067773,85.80267627633324,85.87022416385972,0
77.42733634177041,85.80651390999597,85.86555945782472,0
67.9458200505244,85.80758340937166,85.8608358138232,1
68.49152394616462,85.81711547010909,85.8567153613671,1
66.20533639209174,85.83112607591431,85.853059161758,0
67.98182540626544,85.847101455959,85.85030677375042,0
65.35001106098389,85.86326149205458,85.85033489689351,1
67.5800759320096,85.88279998729982,85.85140610847942,0
61.031055956122316,85.89715398148441,85.85233862033837,0
53.250330825330295,85.90939934207672,85.85264196733428,0
45.82793197307627,85.91587415374389,85.85239560079935,1
59.776115013984686,85.9271799255466,85.85329156014683,1
61.86879277187454,85.93858549118147,85.85243128311023,1
55.234944050500125,85.94514872970117,85.85085789022463,1
37.88105507112598,85.94755440563318,85.84860396377279,1
50.56275675457069,85.95199685260374,85.85121596054626,1
60.627327920297134,85.95740413924361,85.85558720210804,1
62.12136555198758,85.97024420026875,85.86055466395985,1
60.31776662671186,85.98351915540465,85.8662032473103,1
65.86581701800824,86.0020422798628,85.87335980767821,0
61.1985918388423,86.00936502257906,85.87923849495775,1
60.585914984936,86.02041802792014,85.8879436585502,0
62.670618742776874,86.03332071508153,85.89560926910377,0
63.15589937953045,86.04385876659691,85.90321425206658,0
68.13072793234814,86.0551899693934,85.91165160691133,0
64.09441247240674,86.06627987086699,85.92066900009199,0
60.68949476511112,86.07662860100643,85.92998593755837,0
63.93183793717861,86.08200671892658,85.93840442893652,0
58.317599848580585,86.08348265053876,85.94440370342294,1
53.941609000818765,86.08875721595265,85.94908747097304,1
43.99848573211118,86.09236292665237,85.95128868350994,1
48.95114543180729,86.09860438559298,85.95529953263512,1
47.70082143602684,86.10287318667005,85.95915809956594,1
46.79654072064472,86.11531608767717,85.96760369029388,0
44.10745318423058,86.12484124738643,85.97466435051119,1
44.005386719664266,86.13044564868126,85.98361991996956,1
49.86285245481965,86.13572858648132,85.99431486128395,0
55.48728737242377,86.14260905766403,86.00685385968194,0
47.48383953955075,86.1441777515947,86.0163858022644,0
45.737562054798055,86.13812504102549,86.02457473828403,1
49.073006381761374,86.13786300007284,86.0319678682426,1
51.19794136234758,86.13551677168337,86.03999367566051,1
59.91215484047923,86.13571006370736,86.04807104683888,1
55.870397684793204,86.13551939850444,86.05517969074162,1
65.13891287828093,86.13817449422206,86.06409012650856,1
67.00012451364438,86.15033489716441,86.07484357014062,1
68.61907677195993,86.16435349891549,86.08463566579665,1
66.5836592034114,86.18164680938781,86.09686884973685,1
77.29556409018872,86.20597332511173,86.1093369433893,0
78.35503224149286,86.23211807869892,86.1236020447626,1
78.07126409666381,86.26459871336064,86.1360576583209,1
68.38070796884526,86.2869888916458,86.14748952529504,1
74.23394284611135,86.30824871958109,86.15942422364974,1
72.13508763792811,86.32150530107722,86.16935962268113,1
76.66180694156967,86.3503223625078,86.18234286514857,1
77.50329900364801,86.37882283640985,86.19630847214988,1
73.69067314505739,86.40185214305447,86.2097511216839,1
72.03975963063468,86.41804507353599,86.22095189417641,1
70.50105382433688,86.44229753033189,86.23444322180339,1
66.23499023803959,86.4721087032829,86.24965848276648,0
68.1261729220405,86.50270264042362,86.26669926291451,0
64.61816068311788,86.53130830223247,86.28164502633486,0
65.3183537362986,86.5599640009982,86.29662245076555,0
61.77495400190572,86.59024648052643,86.31321879107172,0
54.03504650979856,86.61193287141002,86.32984151281931,1
54.692252787941754,86.62139710628556,86.34260367161335,1
59.333119221079755,86.63192964667533,86.3544458687693,1
65.8345040134775,86.64157497352183,86.3654011590381,1
57.01831213709615,86.65294468146618,86.37710715381392,1
57.81524321485991,86.662614508627,86.38783093626829,1
68.27975498570993,86.67461930583201,86.40215937162209,1
67.53988828021944,86.68762252845188,86.41437132550773,1
66.93349142531129,86.70493594470284,86.42807031549826,1
66.37554858982378,86.72834481950851,86.4431540438458,1
60.859587303050816,86.74134002424475,86.45680288708913,1
64.54513612272633,86.75255664281907,86.47081918093072,1
61.00869227655194,86.76484211341146,86.48503652664591,1
68.5844429089021,86.78680238354292,86.50287016002294,0
75.70763077292813,86.80633774228235,86.52358525850083,0
84.71259968921915,86.82430782008467,86.5438787244193,0
81.46869478801088,86.83858955860556,86.5651899156958,0
76.78288014745013,86.85267820505628,86.58327455412018,0
65.3560850773473,86.86117609369401,86.59994361357516,1
66.41385879393312,86.87311507162511,86.6163383846509,0
63.8276887374934,86.89097729930499,86.63629593358674,0
67.19313207648574,86.91100303204881,86.65482662496035,0
58.41888998363655,86.92646744141494,86.67074141074278,0
55.695779098798056,86.94187672224827,86.68510822487178,0
54.528935723430706,86.95363568951545,86.70089032898223,1
52.561894510784356,86.96187780561434,86.71733204210385,1
47.40250938507962,86.96052096061011,86.73122255583701,1
35.048082338031676,86.96261369752499,86.7452100958444,0
36.09405877335903,86.96334071907353,86.7591225776447,1
40.74305505036233,86.96526982110854,86.77505421288741,0
41.274018176229546,86.96775968440184,86.78863696316104,1
41.98017395965238,86.96866604232854,86.79815163899637,0
40.77641141875216,86.96515910848244,86.80535877047268,0
40.77412245892727,86.95814271425223,86.81346852196872,0
41.59108479383819,86.95386550314124,86.82274212971262,0
43.230340423512516,86.94811604203474,86.83027790975362,0
41.19863100919208,86.93866504167025,86.83481644701963,0
35.223248691296405,86.9266660294438,86.83914540923938,0
35.05683222392659,86.91729789602618,86.84356328415319,0
41.49733470370228,86.90745397501566,86.85071785422627,0
48.468901229214836,86.89594320820737,86.85454427186656,0
41.03645762639738,86.88029737842355,86.85541644176584,1
41.89814208775745,86.869187411946,86.85767551829939,1
33.035979800100606,86.85454061024407,86.85970643955501,1
31.973719721772866,86.83981466123727,86.85989718134437,1
38.282728273804224,86.82923053381454,86.86018077431649,1
47.685742180585414,86.8256944502696,86.86041927977539,1
47.647371651564555,86.82520012656607,86.86276682557782,0
43.07815584277521,86.8238018839107,86.86465773080972,0
47.37007968708302,86.82166638094773,86.86762217305595,0
50.6966438013844,86.81801792438242,86.87107098434998,0
55.73014494777499,86.81463445828055,86.87544657979437,0
57.0341637409621,86.81552684053858,86.87879764801801,0
52.264878448534304,86.81267728601979,86.8819094469679,0
43.70527933918752,86.80225740647641,86.88246721971672,0
50.45940967476718,86.79095692842274,86.88161487767192,1
56.06707408635155,86.78931620877106,86.88069520819523,0
54.56898795697179,86.78810041385069,86.87933656339891,1
50.30209431619621,86.78417279807397,86.87525802550162,1
39.82787246051378,86.7725686123758,86.86840737137318,1
48.952229301272176,86.76918397127739,86.8656818506796,0
46.24517777445341,86.77259627419042,86.86343229431439,0
45.3009483361783,86.77366800330981,86.86120587425872,0
41.34777166887769,86.7778877727321,86.8561405952307,0
44.79021790236086,86.78470827798154,86.85124539562405,0
43.27523574259771,86.78593627117382,86.84483215475215,0
42.55883712462436,86.78271360079586,86.8380688966515,0
41.86463239797193,86.77514813171756,86.83175479624234,1
43.99237897917875,86.76515025476631,86.82624739523864,1
43.32176108087058,86.75070802937272,86.81865935615498,1
37.180660797183116,86.73952666141696,86.81049072919478,0
37.541199219615315,86.72578551652853,86.80135957358627,0
56.319615092369894,86.7222259863141,86.79710106597766,0
65.83715253698352,86.72119812102366,86.79363800647805,0
47.3669297700289,86.72022822601777,86.78910423431763,0
34.999088967911845,86.71145168408356,86.78144442905959,0
33.77451447691644,86.69525666421768,86.77458948963827,0
37.032548034394125,86.68522319613898,86.7683803628445,0
38.32527649357018,86.68149858538871,86.76252117202772,0
39.98767343943028,86.68171641664632,86.75498600958832,0
39.717828947891945,86.67062406947866,86.74682760471032,0
37.452647657988045,86.65478970737038,86.7378817603311,0
38.40323879171492,86.63850120652604,86.73054271347615,0
36.64060226095197,86.61847630166015,86.72027403019385,1
33.88304486819477,86.59628323517262,86.7082124884366,1
42.73681813779746,86.580912579977,86.69795076992907,0
27.390524380391767,86.56467041301566,86.68847104518967,1
26.492563918160585,86.55108656450777,86.68152301026794,0
34.48049487812054,86.54265561228577,86.67639048174247,0
39.394506754743205,86.53186716911631,86.66842463379524,1
38.785937647773316,86.51694111299054,86.65888989110805,1
41.04400395821695,86.50916346568711,86.65290600849168,1
34.859373515955994,86.48913851316303,86.64508150646446,1
35.03287421738281,86.46630043134839,86.63834193491977,1
47.61699742870879,86.45492283366056,86.63514750328696,1
55.3079254564078,86.45552395657278,86.6319617981629,0
57.48805919060728,86.45879976721957,86.62783161641826,0
65.45610068310184,86.46261918464003,86.62334798607408,0
67.41341388769578,86.46454643659523,86.61881899310153,0
66.50856221740489,86.47038720626749,86.61447433971621,0
59.65805549520645,86.47122007209526,86.60810846379547,0
56.900873626493826,86.47469931387334,86.60190770256824,0
45.47636543042213,86.47235445590874,86.59327375962421,1
50.16135638439517,86.47406654094519,86.58482973216401,1
52.75127215567196,86.47634029970246,86.57784564572701,1
53.898727709226534,86.47871950128219,86.57305579907283,0
60.89046255086926,86.48622786474604,86.56723570757967,0
58.56787764405552,86.4898041187009,86.56220449220802,1
48.41313278674291,86.48933494470249,86.55845534039389,1
45.3384743581997,86.49391585246187,86.55696352982969,0
42.43551841730208,86.49943014635184,86.55098836113784,0
37.31841305294308,86.50113877178394,86.54432300752907,1
45.01328488612031,86.51060250537239,86.53985530728949,1
36.36849490890355,86.5173953424314,86.53414496279949,1
42.696402555235046,86.51558730653682,86.52749911470906,1
41.931543417983384,86.50932473564363,86.52131718395083,1
67.86562686775132,86.5137001435592,86.52022623352359,1
69.18785742607572,86.51727214829673,86.52019759270576,1
73.53719342161436,86.52496573815401,86.52274518645659,1
72.14634213595656,86.53179681893259,86.52690985554017,1
72.45834256737092,86.54862072858906,86.53174609066431,0
76.9992050350183,86.567573043032,86.53862271316963,0
80.5317032658803,86.59501196418833,86.54238815077392,0
70.40376508055391,86.61685051856759,86.54309069118159,1
74.6108989963455,86.6407486999326,86.54605383529295,1
74.14274229992351,86.65956545642948,86.5523013080112,0
72.40105791834605,86.67781456855121,86.56025886931307,0
77.55183622417462,86.69763805476012,86.56717043565648,0
82.2825329312773,86.72152036179787,86.57446405095754,0
85.90129544929638,86.74735602200141,86.5832193719717,0
59.899259577885836,86.76504782851723,86.58875786475326,0
55.39089962870533,86.78134513187362,86.59494517733039,0
42.503642872492165,86.78664359526697,86.59911226278588,1
39.82365719713372,86.7956398396886,86.60501037801089,1
34.072666517358,86.80514222219834,86.61104270951937,1
39.02898609844933,86.82040960783846,86.6171159950954,0
38.19100911717694,86.8254630427811,86.62454328542977,1
41.68206881419678,86.82672295228365,86.6304521478161,1
44.712795147396065,86.8273122019456,86.63660782232053,1
43.88817375084543,86.82412980481634,86.64381490982018,1
39.25295032659864,86.81631679109441,86.65149636190587,1
41.544320886071716,86.80822335137466,86.65824666744464,1
45.51684892589291,86.80446107120511,86.66851717399074,1
45.13320399770096,86.80870853185482,86.68005393138418,1
61.31624924134143,86.81368446677803,86.68955848853993,1
72.08450445580614,86.82861765369732,86.70153878686102,0
79.25506405556487,86.8391023392578,86.71237989812839,1
73.74135592841176,86.84720430368567,86.72100448327473,1
75.97511452022478,86.85315971676945,86.72990936302723,1
76.31414304203996,86.86112452235118,86.73951429840515,0
70.16573090856835,86.87593132810875,86.75064236715865,0
76.43801356885959,86.89836254043544,86.76441046795522,0
67.17655745251105,86.92221797624367,86.77905767091984,0
68.1111785015458,86.94482264186166,86.79331281837747,1
70.97079960919406,86.96907426054251,86.80813629385538,0
65.77227414401492,86.98554870767828,86.81984767765385,0
58.53856125870624,86.99914079094611,86.82970845590981,1
58.36461558899355,87.01719166768466,86.8414071674096,0
60.956745516918424,87.03700990021296,86.85567780452473,0
43.37415543452722,87.05056423556866,86.8664742630629,0
46.63205075046345,87.06647420468073,86.87831398523741,0
49.07457261377954,87.08062379452136,86.89004067653963,1
48.91528999769994,87.08954596930346,86.90009455956317,1
40.47573232815608,87.09439822582179,86.91085508474032,1
39.24006273662034,87.09278852249778,86.92043897492432,1
38.06400567392876,87.08696483958956,86.93259482843938,0
49.726606819406776,87.08773253234884,86.94199285364424,0
49.80568533989416,87.09076685416878,86.95040236562355,0
46.8444917451613,87.0915928549741,86.95656020975528,0
48.021839840821826,87.08501664796714,86.960802230019,0
40.69083635872779,87.07272953605991,86.96028589014699,1
38.57008416645188,87.05555402870509,86.95960286222446,1
35.09688912145357,87.04611008364694,86.95949691870328,0
43.61958498104908,87.03756821196185,86.96159989573518,0
42.17967968625036,87.02812150047347,86.96308541407174,0
43.467988942615314,87.02221397762449,86.96490708613186,1
39.33659195650757,87.01550294076073,86.96478380479361,1
38.66277099249854,87.00428170733443,86.96406462843933,1
43.23915085561227,86.9874580836835,86.96205289327898,1
37.68512640463104,86.98042384529955,86.95970139238216,1
39.21350930038695,86.97755755756558,86.96331787685676,0
38.66859842738836,86.97428848857886,86.9672180192217,1
36.42027850110044,86.96701201437342,86.97224192720576,1
39.147630091246114,86.96096232445521,86.97698407864696,1
65.75597725605371,86.96640103581433,86.9849425003707,1
57.41792102933315,86.96313918335048,86.9896866586442,1
57.91513202780061,86.95892197967194,86.99537642840056,1
62.81066795271902,86.9597211463857,87.00360164326437,1
61.1834971509543,86.9609670299868,87.01002214097176,1
56.872076257796344,86.96189439662702,87.0159080667433,1
63.61132509249863,86.9738178842766,87.02328632741987,1
67.76744109120237,86.98574264484827,87.0306105796139,1
70.75864708761841,86.99737652714553,87.03666310107947,1
73.9587950381731,87.01576791178009,87.04442364770529,1
71.20258140422875,87.03504307921344,87.0516288590459,1
65.65055987846655,87.0496915168126,87.05333663137797,1
71.85089463044395,87.06753925349946,87.05615857049025,0
72.3510422163657,87.08796618825586,87.0603693822674,0
70.47463763769467,87.11339672008722,87.0661476946061,1
75.76360800646104,87.13571879099037,87.06953909983784,1
70.31855148696766,87.15181638090391,87.07367189797482,1
56.248315841474046,87.16392477362271,87.07344291249662,1
60.730065177412605,87.18157688378665,87.07598549022296,1
74.65220173447706,87.21080724404189,87.08337791951904,0
72.08539175479758,87.23226037912872,87.0902169478052,0
72.31434620116265,87.25862900172159,87.09891877626151,0
67.44902535963227,87.27999723577219,87.107719006331,0
53.84145320932233,87.29223077708032,87.11361728702265,1
54.90770028968913,87.30723699268988,87.11811297796253,0
61.31060329493934,87.3247827397124,87.12559546840075,0
49.62519471710762,87.3319924608169,87.12949362987432,1
54.511449747812634,87.3435937993459,87.13579858154371,1
51.5916113902469,87.35422688570489,87.14253546764003,1
52.63746949893989,87.35788116929957,87.14981682509638,1
52.584847241332604,87.35947706882662,87.15830427757743,1
60.079277718160974,87.36665234256074,87.16521163256643,1
59.76529692085992,87.37517327269887,87.17113486663027,1
46.782638067077386,87.38425468563035,87.17776451485204,1
53.53083851515991,87.39264792307983,87.18656972184837,1
57.16121588527401,87.4062658795649,87.19803879247692,1
66.7297177843354,87.42834748603062,87.21591907796312,0
69.21832239955016,87.45227898532733,87.23213289514551,0
64.78045759394331,87.47228912857159,87.24645710819281,1
65.73573128684043,87.48186372920671,87.261096126417,1
75.56457177817185,87.48948554040548,87.274762563778,1
66.71218523862336,87.49335988452992,87.2873771390237,1
66.917926834584,87.50081670575688,87.30184451232944,1
69.5026829453864,87.51591267086874,87.31826967243636,1
75.46111195542673,87.53396800037191,87.33671694463789,0
73.2826732222943,87.5512485672379,87.35392535717611,0
73.31513782637326,87.57848854607458,87.36986602527793,0
72.93689380648215,87.6009586540747,87.38646664774205,0
70.11115306479829,87.62203699959281,87.40454546172778,0
60.07540291684603,87.63999180648452,87.42142861790812,0
43.981303808596884,87.65611195718702,87.43418864612651,0
52.88953525276978,87.67315451419454,87.44921776490405,0
51.29046394586741,87.6856971608915,87.46184493911811,0
40.4262973958027,87.69060893390036,87.4701196298579,0
43.69015862680111,87.69167194154835,87.47885168647299,0
54.47686045958207,87.69329686933887,87.49059978156167,0
40.480788459993505,87.67809928174476,87.49763163695037,0
34.94906986864817,87.66482979772816,87.50376775629746,0
31.44317650497426,87.65593353079818,87.50987990965386,0
27.455773344593595,87.63939438726558,87.51054671661119,0
24.314429138491406,87.62484161684552,87.51068197883083,0
20.89718919914327,87.60847562498796,87.51089078229384,0
19.3503918862655,87.58693033363974,87.50960094438557,0
19.925578552973178,87.56082338293034,87.50741255030614,1
19.683652007572476,87.52632499171924,87.50188825329067,1
14.445911619399183,87.48830289533217,87.49495899891282,1
15.247577471109508,87.4484485355007,87.48851888711665,1
30.15665936396661,87.41549850587774,87.48709614064408,1
33.702316481234874,87.3851287525791,87.48596620924474,1
31.674464215121517,87.3611505060305,87.48156592270355,1
42.936731320906105,87.34326587627278,87.47859084498414,1
41.59995549090071,87.32060642888835,87.47400873577077,1
39.9269111118918,87.30195397509596,87.4706276348476,1
51.46607018174533,87.29336368463102,87.47057279287817,1
55.516064537841295,87.28778074689214,87.4710691881539,1
61.66013253886496,87.27777917273657,87.47179835477135,1
68.96992927055663,87.27938494805221,87.47658863184449,1
76.82367808815135,87.29062648786189,87.48258083170386,1
84.94286629575241,87.30245029621786,87.48916927385905,1
91.14979140485596,87.31954468595612,87.49521212327382,1
91.03459740466039,87.3371247304018,87.50174104346091,1
80.44431118480166,87.35498771606963,87.5062249316974,1
82.9332525512444,87.38459805869502,87.51337085878404,1
83.71506107778211,87.42124686432382,87.52220942178354,1
82.78331526721841,87.46210228180692,87.52966999678152,1
89.6251069644804,87.51483207659359,87.53838547772429,1
89.86254832040238,87.5699959595849,87.54517827653835,1
86.18084326015413,87.61588493161838,87.55253851916048,0
86.26685966995345,87.66232593863158,87.56198093326876,1
86.47160041917988,87.70664621407539,87.57147891665103,1
86.78041143066001,87.75113801173886,87.58325183351748,1
75.18467231007314,87.79323711023474,87.5939596260527,1
68.913321164904,87.83139554411457,87.6028591701907,1
73.69689673977909,87.8709654804245,87.61259391670048,1
76.86006547756836,87.91361470900604,87.62292787160756,1
83.86853652398581,87.96058387452788,87.63553247768733,1
83.759740327764,88.01358472107745,87.65062710184564,0
82.66123487396993,88.06000375518228,87.6661988721469,0
83.13926177847219,88.10527561890663,87.68246472158458,0
75.19226595020065,88.14841706605516,87.69858222710207,0
70.99209320996698,88.18976224449263,87.71520115838315,0
63.93374136182948,88.22776918144747,87.72807079859858,0
60.41737630534788,88.25640645346473,87.74165457581331,0
52.071236634040574,88.27213929840998,87.75482156758737,1
52.75659608133554,88.29139526147927,87.76955932475389,1
58.3932554625972,88.30434856350293,87.78280615538992,0
54.27966834338974,88.30792223406162,87.7971074574651,0
49.383186735760155,88.31234435690263,87.81154434283027,0
50.23754739126173,88.32051606143621,87.82781394552397,0
45.104675955552274,88.3268384099503,87.84645652572492,0
32.939447221033475,88.32668086379378,87.86398753229679,0
26.40714017040567,88.32505598378349,87.8805917695709,0
21.234627052978084,88.32010460448619,87.89612887852927,0
25.128262725470776,88.3117917203747,87.91298125167823,0
25.368827274932045,88.29597638360403,87.93078842836148,0
28.343932497668362,88.27392566806901,87.94978158678207,0
28.130478597499746,88.24251219649021,87.96825256624145,0
32.558188479583066,88.20856012943,87.98342352156779,0
23.42422343835804,88.16849783407342,87.99581235418232,0
22.962100637056935,88.132782207785,88.00723490780386,0
24.165411634107173,88.0941263157738,88.01554533418356,1
23.05420870772545,88.05985264098999,88.02376928343924,1
16.473249058857462,88.03026237790735,88.03297793693788,1
19.37121874697094,88.00926218414556,88.04118096739319,1
26.019587007331197,87.98685477685963,88.04918893674086,1
43.77072369784748,87.97063742081272,88.05994945462038,0
51.288157901554726,87.961361778044,88.06989818946182,0
48.61422878055252,87.95283122046115,88.07642623586999,0
49.5107591669371,87.93642659006872,88.08140446306432,0
49.01852956040944,87.91890580876664,88.08620097484912,0
46.13703951391845,87.90135606754669,88.08968006715475,1
47.256717204022,87.89039767324827,88.09475575244238,1
55.825259151028085,87.88686923774279,88.09703735014837,1
56.288976194348514,87.882900314856,88.09764263189109,0
67.05811425378432,87.88068479946449,88.09822143542449,0
77.37601057194269,87.88296293850495,88.0970339315466,0
74.15636428311042,87.88685625595001,88.09499668478752,0
68.35966835063735,87.88980228606356,88.09299046334587,0
56.475837557816995,87.89380074126325,88.08840227523498,0
28.860546118031223,87.89124564472216,88.08107468006257,0
42.12841466686433,87.89881837865417,88.0746174809497,0
38.57408113826722,87.90658607593515,88.06910886971939,0
35.83359820843201,87.90755521752091,88.06344180630042,1
35.93710619265103,87.90573764442479,88.0550898329933,1
39.02274200321498,87.9005345339862,88.04395686673296,1
48.40843683965043,87.89352340238176,88.03312526576194,1
45.00967785211769,87.88556928687865,88.01869201578229,1
54.96319895220153,87.88680048142659,88.00714492636772,1
54.96098140640111,87.88918608212428,87.99496864835137,1
58.769942348219125,87.90037955835541,87.98698597176923,1
61.27382705360016,87.9182797563815,87.9810870719103,1
64.02302483656983,87.93715874446004,87.97851157764738,1
71.83828864484516,87.96036283368473,87.97861990223637,1
81.71733974155988,87.9860906675036,87.98322317952857,1
80.61830993824199,88.0138379177538,87.98719849793432,1
87.2630409056577,88.04653687906509,87.99390925777148,1
89.74123855401243,88.0773653152625,88.00277391726786,1
86.34009036364881,88.10610911342903,88.01049636595643,0
84.14518639980884,88.1357191407867,88.01448350697518,1
84.27302259564318,88.17697914906786,88.0211309757096,0
87.23138545524803,88.21825312595118,88.03124638581262,0
81.9128276230893,88.26012049170376,88.0431346728875,0
70.62579264371655,88.2968943728378,88.05415771364105,0
65.76616026742401,88.334405326831,88.06413527557582,0
59.49689716191857,88.36930772884432,88.07328940482904,0
56.68452765976382,88.3967094643053,88.08223878425646,0
48.21742075136354,88.42153747567792,88.09030212745738,1
39.52706803527974,88.43142202694602,88.09628968537412,1
43.99698032956565,88.44773188712134,88.10666226957053,0
33.471901073357955,88.45437865251391,88.11562454966081,1
40.334935954938445,88.46286389673303,88.12858210429398,0
42.37337431234405,88.46929225538753,88.1422874234064,0
41.158821794246606,88.46615173071855,88.15297564336086,0
36.11758957660128,88.46084136026174,88.16385484997501,0
28.179317606064416,88.45190368936946,88.17321806293825,0
28.86454467766808,88.43402414131813,88.17926394597363,0
36.024102555314975,88.41842329005607,88.18559852207268,0
34.13856007505761,88.40347969070041,88.19075575405213,0
32.44525422659342,88.38521196413257,88.19399765660071,1
33.671588186662675,88.36055649429045,88.19779124991912,1
42.2088959767993,88.33415460408939,88.20436580042971,1
44.9458572208016,88.30643697062486,88.20955039183814,1
34.60016401038557,88.28760708031689,88.2144528506707,1
46.77518196245635,88.27481702708648,88.22090196046804,0
37.643113427927396,88.26529574273846,88.22713378213865,0
39.244042239262754,88.25782517718474,88.2321836797284,0
45.62297132560155,88.25427616575021,88.23727009137745,0
37.94585605385041,88.25400174044712,88.24196946712755,0
35.185739267230645,88.24357449792664,88.2465717722359,1
32.14971960587765,88.2320763671282,88.25195683862322,1
33.77876152407535,88.21688340642471,88.2558081154022,1
42.19886720899027,88.20514428595456,88.26171070741417,1
55.8802749415549,88.2002402147364,88.27004964224705,0
53.78479282062954,88.19220252982701,88.27844080413591,0
54.46295916623973,88.18940401883468,88.28876585687763,0
62.09776469068672,88.1884220915514,88.29722342164149,0
61.712966134053715,88.18717816756677,88.30624207434794,0
35.38383128555887,88.17702640828891,88.30684612479705,0
32.992081832388266,88.16971546733579,88.30620941068531,0
28.406367844129633,88.15723528496008,88.30053354056099,0
31.608168200053257,88.14356070102191,88.29447817828589,0
33.916974767775386,88.1333997774599,88.28804680503806,0
33.708301200528865,88.11892743872555,88.27787869268703,0
38.335950599804974,88.10021371447148,88.26655117925516,0
32.21954511947433,88.07681623828066,88.25232511034939,0
25.633609373581166,88.04945184210526,88.23334966494444,1
19.530993831483286,88.01940181509511,88.21408469131049,1
23.443552017172337,87.99365394479159,88.19698739967257,1
25.171710284977465,87.97632062985491,88.18281236786316,1
22.38074896252074,87.96041613363116,88.16533163244853,1
28.9346532176218,87.9478585197944,88.1476502729395,1
37.65440259831689,87.93279625329706,88.13078101205149,1
41.82508411651367,87.91572438874068,88.11758164860821,1
48.271032305816206,87.89976358166402,88.10458410606913,0
43.62446527757366,87.87925178325233,88.09274347864084,1
45.69350161114653,87.85919864529612,88.08221909403781,1
55.55640713470324,87.84149857121659,88.0742265125634,1
49.04416105138417,87.83246419365734,88.06726299148158,1
56.2527241149098,87.82564225553992,88.05737355805275,1
70.85185244689526,87.83003980734823,88.05079800249472,1
77.37587583513053,87.83285611130397,88.04247506411429,1
76.68417595527228,87.8363471962969,88.03486878140184,1
76.020927060558,87.84771745891935,88.03050498396735,0
76.81677900607639,87.85625243885957,88.02471561069432,0
71.80894879696179,87.86966841995056,88.01943100258183,0
74.7434072399206,87.88962500528636,88.01559001053174,0
77.7641928316251,87.91644031168627,88.01329149996258,0
61.03109679452361,87.93302648746689,88.00880611837914,0
58.10301818691143,87.94210849211137,88.0055709790547,0
51.63752999847363,87.94973620061016,88.00100351497642,1
47.87141081151876,87.95228457358328,87.99490226073704,1
47.710905913947805,87.95142389560927,87.98877578204524,1
51.44346345361877,87.95206702229078,87.98336562539777,1
44.33041632355311,87.95354040317591,87.97607345650488,1
47.956430767879105,87.95883399257572,87.97015877857575,1
50.948907786466066,87.96593757026581,87.96546405127023,0
48.78995707545076,87.97282965664814,87.96164790892257,0
49.5291963678335,87.98164908701428,87.95832193010843,0
50.16078137879603,87.99150096649329,87.9565441454794,0
44.16080747274221,87.99386054785161,87.95551167478408,0
32.13130790590715,87.99079478447467,87.95203961533426,0
47.18244434094782,87.99007538654084,87.94884122163634,0
50.721187280662086,87.98494960766047,87.94438874113698,0
47.945514070185006,87.97630484487847,87.93835653671489,0
51.46479173583085,87.96966736865436,87.9315363425097,0
55.489078437915445,87.95936490830601,87.92396713723357,0
41.56664157591253,87.9374587660939,87.91340373937342,0
35.748057665937694,87.91906861140268,87.90562299962467,1
28.501879041041704,87.9008156390003,87.8980110477205,1
23.477205951741183,87.88681192493577,87.8928341709667,1
24.232890948770375,87.87600617650568,87.88788045093055,1
30.096031295972622,87.87108710876834,87.88385071456864,1
33.09173008212359,87.86595041728242,87.8821748168205,1
34.35644161615858,87.8600870596567,87.88002279457898,1
48.218267018613076,87.85714706896289,87.88229111084864,1
47.05055261494933,87.8533143588684,87.8870090579755,0
48.427826580569544,87.84787159580712,87.89303582120739,0
58.16224523967739,87.84560519221762,87.89910242907887,0
53.74508501326342,87.84156733184962,87.9026428262773,0
54.62522917955764,87.8389508436669,87.90692555879839,0
54.49843484707751,87.83381726013408,87.90642311147012,1
60.31857243194692,87.82397006470015,87.90531074619757,1
71.20892362011972,87.82060274562069,87.90634008388898,1
71.03582879047869,87.8230417875912,87.90766781908576,1
68.97373646232212,87.82396853745493,87.90942304419076,0
69.75784316525551,87.82919626332254,87.91196618444415,0
68.98585739362247,87.84291936856303,87.91397205831201,0
63.939191087930354,87.85869324297502,87.91611461935172,0
56.82005610258182,87.87700605700196,87.91855656830532,0
46.329773139916334,87.89058842209324,87.91705361686469,0
46.09934495145705,87.90205370034212,87.9155594865458,0
38.63250191060182,87.90793019538532,87.91248391420396,0
46.02391800557316,87.91495369865784,87.90906931271591,0
43.98941963983767,87.92030403243349,87.90564343200855,0
50.143671822792136,87.91670633534882,87.90110627700795,0
51.71792204513855,87.91025127739807,87.89525956682017,1
42.525465001570154,87.90429844865729,87.8881790759958,0
35.38689290182795,87.89211224326233,87.88273673139703,0
32.50812158575596,87.87950106633568,87.87759985596702,0
24.864504406833802,87.86746026644326,87.87401518513163,0
33.14441011933296,87.86743688696009,87.87248403682086,0
27.72116330534591,87.85989866927864,87.86870065566531,0
31.526867882308807,87.84833332330257,87.86484660429369,0
33.79916690181659,87.83490120812156,87.86021214106403,0
31.120031503172328,87.81935992264863,87.8536334162199,1
31.586125542862362,87.7979186143564,87.8447586020804,1
24.11711505051906,87.77394317846071,87.83441746703704,1
29.957757731757255,87.75491045960567,87.8254191683883,1
30.837783434519537,87.7339142950428,87.81552189972514,1
41.178303886517355,87.7227230206264,87.80859860597461,1
42.477434430621656,87.7130743965641,87.80447133138159,1
48.35848504530766,87.707064980492,87.79927975178445,1
50.02514908974566,87.69720995771726,87.79397345273861,1
54.78493642476532,87.69332525533697,87.79245159619194,1
54.78023184649036,87.69703265111602,87.7920523899926,0
62.24206161653612,87.69705537665149,87.79033575415836,0
55.6246717979667,87.69333000361179,87.79052757100295,1
60.40028821175105,87.69607258220623,87.79353831971845,1
66.59717756439771,87.70393529739066,87.79884771932316,1
69.01915119300145,87.71037355917902,87.80343983882892,0
66.59249869823262,87.70950526910772,87.80588367386169,1
64.83244084692046,87.71778613564356,87.80738026641541,1
72.56945443892413,87.72909930809237,87.81010616061769,0
67.95248267134168,87.74190176362117,87.81293802264982,1
57.59906761289807,87.75199588315371,87.81157294189624,1
57.23044393331766,87.76486140947165,87.80937742232169,1
61.22630645009908,87.78175205288478,87.8079696498681,1
55.81633265887803,87.79611188364882,87.80562184496077,1
55.462687690072656,87.81677652289562,87.80560557614352,1
66.5476798102851,87.83467653196854,87.80688888129525,0
71.46418542882812,87.85017090276145,87.81101278843252,0
69.37340706731119,87.86512256511236,87.81574075194935,0
51.918840030836435,87.87417705149589,87.8154031750887,1
59.3900145679108,87.88331185287709,87.8165596223063,0
61.975082913517326,87.88659289340791,87.81710213237379,0
59.13625758454485,87.89254803006415,87.81567646085502,0
48.66046339004694,87.8990343016429,87.81297354423488,0
50.96086174501673,87.90489807420741,87.81202025221143,0
51.71322308272844,87.9035033515709,87.80944663715074,0
46.10930786048867,87.89970748711863,87.80708746483907,1
41.308542796407835,87.89833529884001,87.80439631326082,1
39.101758064931985,87.89448809196355,87.80200342504672,1
32.770565485670176,87.88662813600538,87.79877593555668,1
23.759752245272566,87.8765539507356,87.79543798997065,1
35.88009121299541,87.87652117075888,87.79549887606026,1
39.742082898445645,87.87854001614934,87.79669291782221,1
51.61239657209734,87.88020190879205,87.79833103392198,1
41.65682804809416,87.88009328493249,87.80081426162884,1
55.54963094394257,87.88402380584776,87.80741467194838,0
55.35262995854295,87.88336103938323,87.81324919047124,1
54.54647394368909,87.88040354448063,87.81619945144074,1
55.5328627469857,87.87978143816557,87.8236938595041,1
62.25218439597289,87.88632647240146,87.83060043472825,1
63.2277250455609,87.885734154941,87.8368928010341,1
69.90820954489118,87.89403441057098,87.84697192754273,1
75.55534584203744,87.90718168704869,87.85938168993192,1
74.91527900732544,87.92227652069057,87.87230688112685,1
82.15449198824376,87.94424375319853,87.88775356964855,1
81.13988902820194,87.97304505572325,87.9050989414229,1
80.05892782514027,88.00526089487515,87.92010261453859,1
82.26536572235764,88.04573704755232,87.93746137365609,1
86.46194625154298,88.09074758126707,87.95547646535674,1
84.58366399198734,88.13676318817339,87.97459722773914,0
84.91319069123222,88.18347869996514,87.99149936782193,1
89.96281709997547,88.22477012016842,88.00659386368123,0
86.22629398050455,88.26216899891405,88.02273836672722,1
87.54497705882176,88.30228032375398,88.04191116197887,0
82.49224000424253,88.33881095316067,88.05790961001063,0
81.3946009383564,88.37172122702012,88.07452904380014,0
74.46164171802609,88.40306558403776,88.09032600041473,0
74.12105397397448,88.43671675948444,88.10708404759141,0
66.41208866496046,88.46683413813012,88.12331306049873,0
60.580219842876225,88.49442091168416,88.13672907616497,0
63.059110461575564,88.52733277577875,88.1510652058971,0
53.65448017053039,88.55249311857794,88.16717082171243,0
46.2758646712768,88.57184701522904,88.18217593223488,0
43.36955271559797,88.59173242801604,88.19629903117934,0
41.852890998707466,88.60067375802227,88.20957831939793,0
39.134578061215144,88.60484446033138,88.22032611639723,1
35.0614893332466,88.60376015124739,88.22773606225013,1
23.45977101158023,88.5930080440674,88.23459623017851,1
32.552873302573374,88.58166758864213,88.24209447476863,1
19.69562871103885,88.56827686322285,88.25223715242991,1
40.282609270410845,88.56267884305558,88.26324616389331,1
55.419341611891404,88.56616755607145,88.27842372874665,1
54.536339305383436,88.56946525386685,88.29350525624832,1
52.97374091452303,88.56470182757371,88.3081781723512,1
54.79398050856419,88.56965278372726,88.32381149381855,1
56.11296122566669,88.57094983497714,88.34150763716264,1
63.28395325472565,88.57939160127879,88.3621996460788,1
64.00986788393338,88.5894556792185,88.38353219974282,1
66.69665297490451,88.5998756960508,88.40546810213364,0
68.70076861952309,88.61146868048971,88.4266652939587,1
79.74696755082357,88.62215469676764,88.44930550430992,0
81.58811139977226,88.63210898050069,88.46940594560915,0
82.80831046702835,88.64876444480961,88.49026570369898,0
73.95342750057797,88.66024509756136,88.50831630668706,0
72.62896164831153,88.67850715616987,88.52894386789289,0
53.6504318466951,88.69201631081164,88.54352311838277,0
56.62756628679708,88.71133782259231,88.55892677553376,0
59.43278447739276,88.73107578043924,88.57486512456195,0
46.5008217429644,88.7436864609832,88.5876564838957,0
37.21537571230661,88.74886716121318,88.5972534279546,0
28.02014433138521,88.74374157695124,88.60644913269738,0
25.868682801438197,88.72951564503254,88.61261622253127,0
25.011776355487697,88.71480720021503,88.61655546151484,0
23.391779639253684,88.69937504238854,88.61901758103039,0
28.38997074517846,88.68471556349911,88.6200002179388,0
26.46952041781104,88.66451135302853,88.61809415608475,0
23.699183948293594,88.64267395982762,88.61716487205979,0
24.406245562161303,88.61627834616723,88.6117487191888,0
15.864677702771559,88.58660906863824,88.6038126970821,0
17.460737666533277,88.55547963107686,88.5941518711201,0
20.417990995507736,88.52499979905288,88.58591394394503,0
18.9323250412846,88.49043269971563,88.57567097742802,1
22.936149693107467,88.452544195875,88.56641578248338,0
25.070207819618147,88.4158984743008,88.5537635669058,1
25.764794152207074,88.37218717598782,88.54229435702374,1
27.9644327322428,88.33654384369756,88.52945216505375,1
40.78506069876219,88.30804750246206,88.52091954290348,1
41.186949487444046,88.2775133438246,88.51118375829802,1
38.257997645776136,88.25489827440563,88.50288213840591,0
41.238961289533044,88.23847884795781,88.49487660246406,0
36.11727066546976,88.22426894945526,88.485223602168,1
44.63720131465655,88.2136763635286,88.47708952051153,1
45.72259598692989,88.20223776967507,88.46871176329327,1
43.64317148891156,88.19040999870376,88.45848860930548,1
42.88470655641147,88.17542423694303,88.4499004095071,1
55.23103915864491,88.1704178339024,88.44432350551317,1
56.876534733149356,88.16565896676123,88.44192439826533,1
54.92569777747416,88.1590760636579,88.43817592702499,1
55.62696592777631,88.15428766700782,88.43286072842838,1
57.53628849918783,88.15508440303526,88.42887488704508,1
55.59096511349087,88.15927560916678,88.4245526503895,1
60.57833338886201,88.16911219811087,88.4168488342438,0
55.309470863013665,88.17588951835123,88.40898548827712,0
62.10500331986941,88.19186991752112,88.40463080288477,1
64.01654054776085,88.21033659973128,88.39856788342533,1
57.83610332518661,88.22525077431732,88.39117254078982,1
58.148780663797545,88.22976478439523,88.38106881615005,1
57.94972754316015,88.23327325524603,88.36871078870901,1
64.67042660293575,88.24425282908767,88.36063299162065,1
64.26474104252219,88.2613637457695,88.35483462857599,1
59.534835885140176,88.27782564871696,88.34749198294774,1
69.84671669079319,88.29664149327448,88.34290252562104,0
73.8225539886362,88.32032311079233,88.33733522968635,0
72.90648242781293,88.34975371309477,88.33429205551886,0
65.83723553321934,88.37501739502592,88.32850450504951,0
62.80468985599722,88.39283499287774,88.32465097833959,0
65.35047093317621,88.40785489049104,88.32053122542482,0
51.650519560572754,88.42088170640311,88.31409829741052,1
50.12494430477562,88.43435651087495,88.30912874838508,0
52.414249713891,88.44439252721446,88.30708503344559,1
59.822330139527025,88.45347978170949,88.30844793229282,0
62.409778358520406,88.45957717506425,88.30887344625647,0
55.69693757066818,88.47059463816925,88.31130046345883,0
40.804818036808825,88.46850668278208,88.31228345904218,1
48.5071820363778,88.47080923077628,88.31300535033621,0
37.05831074498922,88.47206928626942,88.31419571408617,0
34.788402540263334,88.47652782459582,88.31461036205734,0
34.38414118555741,88.48664205124604,88.31685627074053,0
38.009395322753555,88.48748967946167,88.32098523595,0
39.52780537731001,88.48293133366629,88.32581530961176,0
35.37974134842209,88.47630700740673,88.32801486628927,0
39.07123229392287,88.4604077581638,88.33089254900032,0
46.41285391903592,88.44613803289195,88.33477276449312,0
43.97131613957261,88.42807665659011,88.33916332843455,0
36.35765669358703,88.4121958542256,88.34450797634464,0
33.50276844335224,88.39287036956084,88.3471815886849,1
33.76492626905325,88.37672495033456,88.3480022045738,0
36.18060714533199,88.36288254178592,88.34824597659507,1
34.58905665531017,88.3539930261941,88.34876664910047,1
34.05371792212368,88.34133902621917,88.34822910475012,1
39.24679580303439,88.32763061642486,88.34979259908067,1
37.01838956900619,88.31614004876931,88.34985892035276,1
33.97954113659577,88.29980391763604,88.3503269226432,1
42.61092638846044,88.29640508634681,88.35468149409938,0
46.96795278093317,88.28863634510681,88.35829019360172,0
49.23186796073767,88.2827740938757,88.35913821807547,0
48.82308987129099,88.27966210061146,88.36021161559742,0
45.15519250257714,88.26988573136927,88.36118013782509,0
37.44407380974208,88.25045683705449,88.35945290396867,1
46.70628292585568,88.23548567693884,88.35797581917318,0
40.57252191026411,88.22195658881103,88.35308725814697,0
48.417652105966205,88.21461642514889,88.34909423981553,0
44.827616261131254,88.20391919596543,88.34598463553878,0
44.47170776870233,88.19123103527593,88.33890777553648,0
42.61330667526388,88.1810470616794,88.33279216112389,0
41.18023658969234,88.17468466451166,88.32695514476265,0
39.55732323334863,88.16149918771882,88.32069596590325,0
28.5435537484786,88.14927060767018,88.31464491756473,0
25.2146977987028,88.12772151103357,88.30215412187883,0
27.961516715092955,88.1113365378727,88.28821822159139,0
21.54229121321275,88.08808841914579,88.27389770725217,0
23.973748624624875,88.06468245319749,88.25707530432196,0
29.3383435929548,88.04260997340259,88.23924166768731,1
18.693187411949125,88.01158571505962,88.21941429488533,1
17.534870905132877,87.97546720074088,88.1984701158877,1
28.372377835476925,87.94950994417981,88.18180819859631,1
28.001188268496335,87.92017152996165,88.16513827138566,1
40.3273444381464,87.9024646433731,88.15381331261307,1
42.72621656730453,87.89776322849308,88.14481559101594,1
43.00479823239218,87.88785205808855,88.1353596315228,1
47.4156407251896,87.88152441934815,88.12430511320244,1
52.25492497930236,87.87268435092736,88.11433711016078,1
67.05402840197519,87.87017432715515,88.10581651113314,1
68.18513940280987,87.874690424058,88.10138127204685,0
68.87368338738803,87.87422198355574,88.09415726223568,1
69.92578675006712,87.87643764987914,88.08870249020654,1
72.69897591432698,87.8852821944727,88.084197713854,0
71.41848064760279,87.89368231884336,88.07746102460365,1
81.19604979066096,87.90991315997442,88.07112351408394,1
79.2473908030278,87.92947341020412,88.06683505220653,0
73.96168896483941,87.94929379609187,88.06309242272624,0
64.8595338432728,87.96670045798416,88.05959238425012,1
64.85505427792378,87.98883632688728,88.05632098528544,1
64.65637774403626,88.01302608976712,88.05339406815614,1
58.77285232657896,88.03909181628913,88.04922850071311,1
61.16211438054841,88.05938363814266,88.04841350602905,1
56.831163391456194,88.08188024243292,88.04720038822502,1
53.83880263786513,88.0983058024976,88.04798261689776,1
62.57373117140862,88.11460418248475,88.04906005353219,1
65.26574683640533,88.13625615424569,88.05332648273341,1
62.2469482012501,88.1569788847726,88.05604442054153,0
74.72504225368161,88.18415037640007,88.06154124121308,0
76.86555570851662,88.21043750466491,88.07006994594471,0
63.30958993477619,88.226772642117,88.07352829435493,0
62.5023447327541,88.24230924338835,88.0756264215483,0
56.21524046983134,88.24863988367505,88.07504880612629,0
51.444214549086546,88.25098908098595,88.0727285060038,0
48.56873141125706,88.25320952317115,88.0707905413244,0
49.10628117562139,88.25081904851955,88.07126839866996,0
49.795028997525286,88.2475271061743,88.07165162390072,0
42.76962758101035,88.24107682001133,88.07074051520637,0
42.890778046354846,88.23761894171129,88.06879339087509,0
39.218387864129475,88.23050518245529,88.0669553798814,0
33.96315290417573,88.22435060125949,88.06664189454956,0
34.751541715165885,88.22211802381358,88.06565688556678,0
20.755491844768727,88.2089212272912,88.06210813114086,0
10.541520837464091,88.19084497342834,88.05893870250883,0
22.269488893765256,88.1778598645042,88.05941831963136,0
22.00909179714415,88.15669761129786,88.06065049363791,0
35.71304017370717,88.13717206919564,88.06366069526258,0
32.99494758092368,88.11299168947963,88.06600572867508,0
32.28879751106783,88.07646408527621,88.06625389404456,1
31.99391692405665,88.03098806068506,88.06542118085768,1
32.150699835557404,87.99650184063891,88.06749474458665,1
35.04618873606556,87.96374229946258,88.07093646103698,1
36.06605073376413,87.94016206712868,88.07130965530583,1
35.830017251408805,87.91798623253814,88.07185438703438,1
35.90410521214034,87.89989084859434,88.06976102341292,1
40.86586035694288,87.8891401624891,88.06781917226836,1
51.16920747343672,87.8772580729669,88.06741402985207,0
49.917015379922475,87.86754187570402,88.06514749774871,0
42.55003836665601,87.85640087562942,88.06228000075589,1
54.25998342842606,87.85095214059344,88.05926650525672,0
48.92613675178976,87.84691764739465,88.0555327838842,0
48.503384911877276,87.8371210365308,88.0508165067568,0
48.88204141780892,87.83013218945142,88.04358594696978,1
56.870049148932765,87.82911372802215,88.03647131592861,1
55.21482879239578,87.82513901358486,88.03200099752796,1
53.405079147936796,87.8221354950996,88.02553942768799,1
54.98573986149329,87.8158976473055,88.01823039010314,1
60.11939919731688,87.82023093641418,88.014380584804,1
64.27776830240256,87.83506048237871,88.01359790380238,1
65.07026847683824,87.85888461675148,88.01344049680336,0
64.56880527365783,87.88070587826151,88.01456665998441,0
69.03413981721918,87.90381735334444,88.01682667585911,0
68.40379938601465,87.92429671752674,88.01727488705947,0
63.84666928761058,87.94445625078575,88.01688479037551,0
58.60473961719116,87.96171847573893,88.01512609270944,0
64.32615116659039,87.97323944654067,88.01127327789072,0
76.21780403188514,87.98654334828463,88.00752890746766,0
64.52622936289939,87.99819275242487,88.00163304480961,0
55.07391410559914,88.0053866310051,87.9907745025979,0
61.80793401569267,88.00937556468197,87.97884172926354,0
57.84890103886552,88.0110078085196,87.96922685044527,0
44.0977355577666,88.0111696990593,87.95836068902517,0
36.83457493124596,88.0161627380543,87.95059508872147,0
26.141278860588386,88.0173132099644,87.94300096751998,0
20.938455371194152,88.01448154285755,87.93650980540251,0
26.409618390443796,88.01729553919651,87.93213002395876,0
24.280617266938876,88.01280096595642,87.92433993401599,0
24.40273494776804,88.00272839775302,87.91904121590068,0
25.906305448663204,87.98678311498868,87.91326357311333,0
27.059451644645236,87.96531600810374,87.90736482706274,1
14.291545488765749,87.93581390749515,87.89915198247867,1
15.87241581477538,87.90510718035276,87.89002233847478,1
19.002857027879315,87.87588944213891,87.88406217299853,1
16.068539027897685,87.84862939202694,87.87999855781496,1
32.84695924574578,87.8309342929771,87.87635586409858,1
46.76513916615262,87.81733526696833,87.87552834015892,1
49.86832742009504,87.80086134979574,87.8730046197077,1
57.33675579739632,87.79452882251672,87.87424789802446,1
58.08082323968893,87.79255130107431,87.87720938891715,1
61.50873088674849,87.79311871042145,87.88369398915808,1
73.5021486276207,87.79886126659429,87.89017062082739,1
70.4470676602041,87.80980475343733,87.89678567061506,1
76.15800354240957,87.82774661030238,87.90562890599097,1
76.91190523612083,87.84798280933512,87.91499959823878,1
90.55762817954118,87.87748001648134,87.92754547255733,0
94.33467489084939,87.90564040649905,87.93873012156274,0
90.46279531190176,87.93649629298295,87.94803522202238,0
85.12157098949561,87.96459425618491,87.95786216809302,0
80.51158563296453,87.99217615499454,87.9675736848594,0
75.48614697785267,88.01760809557244,87.97402720905434,0
77.0104160839303,88.05360585368156,87.98182726499344,0
74.36301278471117,88.09133268419056,87.99170699753867,0
66.94496340128347,88.12329057044252,88.00132552539499,1
63.207519834799136,88.15410386155231,88.00999461122703,1
59.83782764696071,88.17888374882932,88.01785375819638,1
59.70830287286278,88.19917979108347,88.02634605855246,1
52.45991307857323,88.2188000957288,88.034165599077,1
49.78067295934993,88.23379478360509,88.03967343690081,1
38.94053125490949,88.2520953275238,88.04402332697516,1
41.15101472842855,88.26695889685325,88.0469237011988,0
47.2644470470217,88.27916919710404,88.04955594836441,0
44.060249349832645,88.28836300601992,88.05060393168526,0
58.05164847223406,88.29826068040285,88.05521449114141,0
52.64361436381921,88.30108250118136,88.05765009839702,0
45.546724820559135,88.29570302401945,88.06113929186954,1
40.92931553840995,88.28538834800538,88.06358968214863,1
50.5617975546468,88.27845909238567,88.06480151966284,1
50.161727599658754,88.27473068985411,88.06847734306473,1
48.571993575732705,88.27166319484049,88.07408431039353,1
58.35420828608809,88.2759728040725,88.08066610481055,1
61.500867332241455,88.27971065809243,88.08930840482257,1
59.97564644888418,88.28239413846163,88.10019677329961,1
60.56841676273085,88.29362145992636,88.11230901414382,1
63.67868853608368,88.30963640078862,88.12692388755671,1
65.69461543926838,88.32911151858573,88.14370574848766,0
71.96678018617973,88.34975757335836,88.15933087221721,0
57.00843540444018,88.36382488721574,88.17457516758073,1
66.8725733279464,88.37919751598868,88.19026108419509,1
69.68528531775303,88.39470141331729,88.20719064630663,1
71.79402176455724,88.40544819886266,88.22297657750237,1
70.76784415723675,88.41498552649679,88.24122459596506,1
69.79558933385528,88.4288168149296,88.260087785516,1
74.50367729377592,88.44007825009705,88.28089001432467,1
75.24969961284778,88.46341524750072,88.30356444058654,1
75.4009484336492,88.49138119581588,88.32531805300503,1
76.96937989546547,88.52290623877616,88.34581807087176,1
77.64349097011298,88.55711292750307,88.36730215074574,1
75.79116651227042,88.59313927010012,88.38792152209808,1
72.5478078199473,88.62949474792755,88.40886168913485,1
78.20802058895184,88.66794205070862,88.43059544092543,1
84.18326452543023,88.69984090447055,88.44970025997307,1
84.57630113825351,88.73504829641251,88.4702941904897,1
84.81151625044205,88.77040468422129,88.48937224371137,1
88.48710576151808,88.79919647994868,88.50740935580214,1
89.02245229466965,88.82607912068761,88.52314539017016,1
90.45009874082793,88.85681868662945,88.53980218426936,1
89.48961072480277,88.89406602379677,88.55760305990627,1
88.03435968877672,88.93185109640952,88.57716382028494,1
86.59244935980804,88.96764416320777,88.59737784959191,1
88.48710551756417,89.00901333316799,88.61953867254059,0
84.61069585175542,89.04948426522284,88.63957596058158,0
80.22673742525191,89.08913456679855,88.6592085385592,1
81.00310731648354,89.12394146921955,88.68115037383546,1
78.667306065104,89.15640271195255,88.70448398074664,0
69.12652004352316,89.17844474068497,88.7251424497473,1
59.71447041229478,89.19754430779895,88.74516387755796,1
65.45570562804684,89.22069267717961,88.76805918332607,0
68.26418434521621,89.2425168571803,88.79141035152816,0
63.677605884370585,89.26315222538186,88.81328444827807,0
63.12478531755594,89.27917826612273,88.8354831886332,0
57.44347061647379,89.29502679343511,88.8560432985055,0
45.652990015914206,89.3012125943932,88.875434025839,1
46.76281426383282,89.30567166496066,88.89233663753448,0
40.447042374964894,89.30854786805163,88.91039550255026,0
41.72155820251465,89.30979176199614,88.92878088536082,0
44.39969785462453,89.30883717558643,88.94918171530179,0
44.95580856360938,89.30751645287725,88.9692260041029,0
33.748752851331645,89.29841234270394,88.98663648142485,0
39.29986968409292,89.2890253122529,89.0043226965569,0
45.280301110247365,89.27837363415242,89.02049900457256,0
25.715343046052624,89.26355064405102,89.03311195496502,0
20.234208282803365,89.24443390991173,89.04402444713925,0
19.077829166771593,89.22144217461803,89.05227865971214,0
18.707174670663605,89.19687445414088,89.05937920208754,0
16.928274089998595,89.17144982891564,89.06207777387925,0
26.091473559634807,89.1522192056539,89.06614853047617,0
26.321800085759904,89.12625286827036,89.07303037574793,0
27.463432878432513,89.09838736357678,89.07908629056341,0
23.578435254904292,89.06671853079855,89.08209129527057,1
20.14549355235657,89.02938110549117,89.08505635128462,1
23.92948876247206,88.99762545661719,89.08909927055367,1
34.432450973300504,88.9778437426099,89.09504479691111,1
31.77553342554357,88.95313261341724,89.09755838286256,1
35.001141692220585,88.93508517835046,89.09906347489013,1
41.70324544388856,88.91911383426724,89.0998739407414,1
46.76925372196896,88.90194268844591,89.10079629516969,1
48.04749036392097,88.88164176140474,89.09903753766358,1
42.47320395242628,88.86537152732163,89.09552938431345,1
58.55740042850136,88.85548656093444,89.09471942175963,1
56.13779740818943,88.84465117787616,89.09118265543957,1
59.548353215876176,88.84353870099773,89.09059107357591,1
61.6299805434949,88.848694409893,89.08948289253144,1
67.35556823786611,88.85603956443022,89.0865326117957,1
74.06276335014205,88.86280960699148,89.08482445290467,1
77.00063301792045,88.88437442736023,89.08539589654829,0
70.22446855051719,88.90069395475524,89.0836986377265,0
78.89664504765892,88.91888057877158,89.08295619773786,0
76.9959997596532,88.93866237759244,89.08181080303657,0
65.70044145777554,88.95853168385536,89.07844630352962,0
58.1513737940833,88.97598240035288,89.07184397815858,0
59.477745425228946,88.98904928588985,89.06492527882047,1
63.44570200843012,88.99889039860764,89.05894712963476,0
60.40275891770198,89.01552343758578,89.05419117020907,0
52.37122800723122,89.022506504372,89.04550499185791,1
49.68927030105283,89.02937526211034,89.04024614931153,1
48.172871719117495,89.03584681648235,89.03611729864306,1
50.093438633456906,89.04495270210579,89.02874154763404,1
50.11319865709606,89.05822015804124,89.02181070465784,1
48.24880725954234,89.07123294874805,89.01795171110612,1
52.63157536826352,89.08469429135293,89.01338906553164,1
42.3179594935612,89.0885841927894,89.00801403331761,1
40.61715176674015,89.09094703672693,89.00537666946494,1
51.02352099326652,89.09795969309656,89.00344782305007,1
62.94087639316279,89.10604947208563,89.00382509451825,0
68.17242100036731,89.1088228578847,89.00500833490374,0
63.727278168007444,89.11207334318398,89.0049931047655,0
52.71215990677946,89.10718427001984,89.00282332459489,1
63.96515744958632,89.10371737292256,89.00393281512403,0
54.23031381173191,89.10109280062404,89.00327329887804,1
57.7070124284714,89.10618312661408,89.00296777514325,0
60.211461979846334,89.11535526242044,89.00564712616823,0
55.74115588123572,89.12162209935389,89.0098224054116,0
47.30453824130313,89.1243589809126,89.01535789272688,0
46.73907476683884,89.13339867777322,89.02011468131084,0
50.57045720057054,89.13792282364568,89.02683534720356,0
44.680535022095306,89.13794627594368,89.03040812675896,1
39.49948429938165,89.13781829109998,89.03336771676588,1
33.73629840324405,89.13582560790587,89.03678600238948,0
38.67252784586291,89.13245740315014,89.04424726004676,0
37.578826489834654,89.1252194191229,89.05172439098435,0
50.306962275018364,89.1266275384988,89.05961486607025,0
41.463320024337335,89.12461468679894,89.06408504714054,0
40.92864931071752,89.11477720764455,89.068105660741,0
35.36878434899768,89.10071210817901,89.07007586644968,1
27.421301654049415,89.08092447280725,89.06973259031973,1
25.15125010301415,89.05813074462276,89.06746832723624,1
36.95576755623254,89.04712541477532,89.06901678594313,1
34.672858950305994,89.03241201492929,89.07074901016709,1
46.55950766019337,89.03025180136723,89.07317939505117,0
47.83980725014512,89.02208003003959,89.07393931600862,0
42.781831146141904,89.00535960199626,89.07037548656763,0
46.90463427392658,88.99489876128567,89.06830414596868,0
40.40337049382163,88.98225454889183,89.06584388651154,0
42.94144490440027,88.96939563496389,89.06274909249981,0
35.4951527693095,88.95391083145687,89.05464990884222,0
38.14163192867993,88.94321285524306,89.04741568695408,0
38.082459560187694,88.92778524009549,89.03692958129544,1
38.67111229469605,88.91186385708627,89.02606659418701,1
39.942899851378804,88.88941259089287,89.01659962286176,1
45.13166166187944,88.87056455448433,89.00955725263691,1
38.99395208776607,88.85012863794324,89.0040466068916,1
41.78291108468202,88.8346361276905,88.99838333877369,1
30.622047468993898,88.82553185866493,88.99210902917264,0
33.698920668472724,88.81711083665347,88.98791759936226,1
39.38296332035893,88.81049030530167,88.98217860759627,0
31.98264142385497,88.810365479551,88.9772757924637,1
35.20096855277367,88.80293568335854,88.97220997844423,1
33.28818443711336,88.79685152817248,88.96620155821958,1
47.34538074479908,88.78395530575635,88.95826833785449,1
39.61840224653459,88.770932792663,88.94843471653265,1
62.47365098803981,88.76906212958542,88.94256666128604,1
60.74037734551445,88.7617142331587,88.93661102454138,1
66.36488428375932,88.75739180824556,88.92961673257112,1
64.51968711975186,88.75241748290506,88.9212962968276,0
64.68980544849106,88.75458016748695,88.91295283268309,0
65.27744349753728,88.75808377416107,88.90581985934492,1
61.84957903881537,88.76627919437571,88.90056755103778,0
70.90016112338704,88.77988957936952,88.89653547676579,0
50.504403396033496,88.78379582294556,88.88968083179037,1
54.18046977113023,88.79129856965639,88.88360342985385,1
58.48200199158462,88.79985221029487,88.87784538604139,0
50.53511576667032,88.8010272347196,88.87014539291997,1
52.48212679397428,88.80390162681392,88.8639260875332,1
60.2056587129699,88.8109257007896,88.85892840856883,1
57.48379883340171,88.8214933381145,88.85560681338379,0
52.091297991406144,88.8248485751126,88.85203671213127,1
53.93327103231459,88.83102589063586,88.84949301825858,1
57.08533875948694,88.8410458162863,88.84828964157175,1
53.1471426267953,88.84761791277117,88.84433254170291,1
53.45613095313835,88.85942693282853,88.8421177220149,0
52.43017147153102,88.86490381440021,88.83787717164661,0
50.673176749343206,88.8744166492301,88.83653180951386,0
62.51425751243866,88.88237267499042,88.83665491950947,0
55.435829884166175,88.88842300757642,88.83638065658656,0
51.445122267667706,88.89201446684908,88.83738883029983,1
53.902520210810714,88.88963113732868,88.83842001642729,0
48.63218940070457,88.88693293823465,88.83649056042151,1
44.58537274033506,88.88036849830227,88.83571807011499,1
46.44982051101481,88.88828178251757,88.83289282425051,1
57.39188498021449,88.89266721117545,88.83183830230819,1
44.43327929599475,88.88868940016228,88.8311773053078,1
46.57562746295642,88.8960412130713,88.83060237363424,1
57.13626641283105,88.90520286996158,88.83310541596109,0
55.64852333360834,88.91100280842961,88.83557127795511,0
53.3956602512805,88.9121278081633,88.83889360406636,0
46.06916180042193,88.91690480953909,88.84151349384969,0
46.60908941798098,88.9185315217205,88.84579153090857,1
51.217192335536524,88.91756711904733,88.85057094635617,0
49.76649613403528,88.91755521666194,88.85558959201053,0
52.47247688702955,88.91292228297029,88.85906081340927,1
58.19395828067301,88.9131831809892,88.86309898886499,0
57.742253393846305,88.91120911789787,88.86716100559678,0
47.83682416148404,88.90660829528082,88.86908549415584,1
48.05979371775635,88.90510695401154,88.8715791035298,1
57.02227565385442,88.90432096047407,88.87492109236878,1
44.618027609813055,88.90575152413248,88.87657443425988,1
42.88515790176871,88.9119236496762,88.8800857469486,1
43.048731382545924,88.91728915075159,88.88389311914665,0
46.2415387805662,88.91879156582412,88.88682732827762,1
49.30027485607369,88.91911166530839,88.89110985136635,0
53.93776641250473,88.9261033883784,88.893993808825,0
51.48133727612286,88.92803161046467,88.8971293245566,0
53.231383568407956,88.92456272676797,88.89997378337006,1
67.29270778139251,88.92448708137285,88.9043991173422,1
49.36481230622262,88.92204041006782,88.9058777010987,1
40.229885142602704,88.91703597730717,88.90509437510813,1
51.447537197178164,88.91551700863339,88.90548665661164,1
61.73252154984191,88.9216044246019,88.90725688444914,1
64.2818072011512,88.93189829907976,88.91483058246422,1
73.7669454920821,88.95189445483706,88.92329916748153,0
68.07023158635005,88.96670276751573,88.92983921175333,0
63.96647456205804,88.97832274793403,88.93807921088259,0
66.5195381114554,88.99531398555426,88.94565043765196,0
69.46488416315515,89.01467380861587,88.95307834666029,0
61.766741518056236,89.02877687765695,88.95783450818577,0
61.13189735577413,89.04467208167264,88.9645038368839,1
61.37007281175353,89.05622169588803,88.97016406904946,1
55.1499006560148,89.06487080807167,88.97342311586078,1
58.93088239033465,89.07228684606362,88.97669490159458,1
67.90749161178078,89.0830047786066,88.98054098967755,1
67.07465526553602,89.09381842627683,88.98555965357563,0
61.834582595376034,89.10773776336069,88.99045777020885,0
59.690994181977274,89.12314617044784,88.99628318155303,0
44.883428318647155,89.13164401787114,89.0016875214601,0
49.87268445939546,89.14669934532361,89.00775165248854,0
48.10793466812733,89.16280737581711,89.01436487050348,0
43.68953217991512,89.1750422544763,89.02073038310832,0
32.48951195384579,89.17498663515656,89.02510413919083,0
35.295101525690384,89.16963201138384,89.02737067401073,0
36.963899996381855,89.15794910760573,89.02941192605365,0
35.082699750386055,89.14618797136399,89.03283864023402,0
34.261324279639254,89.13355744771577,89.03308570474036,0
44.44552776345384,89.12334706618874,89.03290811614282,0
38.31093015418297,89.109306697547,89.03239990230725,0
32.56322528048325,89.09806856492774,89.03221081089154,0
22.485121956302777,89.08374112273138,89.03123836216082,0
15.915499990637159,89.06285961972108,89.0278953082497,1
16.985824203356117,89.04361055862759,89.0238404916929,1
11.50251376503553,89.02147618631929,89.01826328945754,1
18.573391285512727,88.99886202947093,89.01491688827784,0
19.380775125117708,88.9746775183308,89.01015738851227,0
33.013896587517834,88.95317586621607,89.00724446953615,0
36.4286339566025,88.93126411883972,89.00614551097658,0
33.48058831478221,88.90988814007753,89.00359999588649,0
29.633962339872852,88.88033253246826,88.99815628128621,1
36.3866019108579,88.85703369139597,88.9948777374089,1
26.75759086851434,88.83024090587023,88.98805728558592,1
26.15318158924707,88.80569488120736,88.98046643137313,1
36.05375388625121,88.78925903592379,88.97555766205059,1
41.888682863188116,88.77466892630173,88.97163483045098,1
50.37960595190286,88.76309140518383,88.96763384695618,1
54.97591431550327,88.75801012585961,88.96507711089835,1
64.56188772713651,88.7521037329436,88.96392451861307,0
66.93518257093288,88.75224761066241,88.9635041140231,0
63.894614519845994,88.75212721656081,88.96424553348874,0
57.42798369775223,88.75451655772726,88.96623059432886,0
52.663554565923945,88.76027646348567,88.96579909019061,0
55.60332498368634,88.76670832639039,88.96188205240828,0
64.6873485053982,88.777559210522,88.95652765403442,0
52.486007869787905,88.77965209447134,88.94601994413155,1
55.55877875662268,88.77932022157717,88.93520437013683,1
62.756714588574816,88.77856444132966,88.92734114689438,0
57.74173463847647,88.77788359472954,88.9191733546467,0
58.157507368162314,88.78232530948063,88.91066059623239,0
55.92215372420138,88.79300854257315,88.9038489472527,0
42.98641833073584,88.79413044386106,88.89466108228426,0
37.580595654325926,88.79940146696956,88.88532919401852,0
34.21146630127052,88.80981606244453,88.87844453312229,0
32.34084922541922,88.81008779146833,88.87067804021248,0
38.03967749016874,88.81084258077536,88.8627699513185,1
35.53284188957899,88.80417664538871,88.85177713460094,1
35.742074097679435,88.79422850142132,88.83967340612259,1
38.99883659440663,88.78298724951124,88.82786095023845,1
44.242333509690546,88.76501471955336,88.81685239469599,1
57.519937590243806,88.75796038641802,88.80874994992651,0
49.81234050159816,88.75049442409863,88.80130541364147,0
46.373955172428126,88.74425473132321,88.79348408092937,0
43.97511466951,88.73885717441739,88.78743026811262,0
41.664740563190186,88.73125016782413,88.78117491661054,0
43.270716974492046,88.7247651103121,88.77274634521409,1
39.94762276320506,88.71671187691784,88.76341393235838,1
38.555073837444375,88.70623551529994,88.75641237392806,1
41.52946356026542,88.69381156170344,88.74735915285258,1
46.03079719687987,88.68487855568476,88.7408893394875,0
51.24807340086896,88.67480920894552,88.7345452048598,0
54.09648774549172,88.6739608834871,88.73074898658655,0
53.96683264737855,88.67538163856412,88.73033800155574,0
53.31375095654117,88.67148631625042,88.72959483617142,0
37.59780940560399,88.66868252185705,88.72956057442758,0
33.58015396477593,88.65709223090879,88.72606203189363,0
38.44359418346016,88.65349749303759,88.72330512448367,0
43.318756620441654,88.65407741986668,88.72003402758283,0
40.619412753932345,88.64709334740084,88.71419264166289,1
44.15874002436403,88.63990452777928,88.70885894977668,1
45.762565872294765,88.62158058198956,88.70524916973501,0
44.80022118565672,88.60695952664167,88.70127574773974,0
44.710607741757755,88.59322894984855,88.69867929852069,0
42.849728858243004,88.58345638204953,88.6985348684495,0
43.06821873960865,88.57500182395036,88.69547203182115,0
35.113684839744025,88.56728201879073,88.6897915822097,0
30.88414511210702,88.56179233929845,88.68289430600426,0
31.146815957418795,88.5523499628624,88.67414830872919,0
36.78056124551437,88.54584818502498,88.66485693368513,0
41.81811777465019,88.53199274632044,88.6527873937507,0
41.14450040469199,88.52125841745206,88.6421976852163,0
30.185882762884546,88.50520906090323,88.63102598785692,0
35.014110251065404,88.48630553873461,88.62074963165533,0
33.31744239485266,88.46624722243823,88.60941039459054,1
32.63701687632643,88.44631653215181,88.59706350307951,1
37.78888389318086,88.43702303789158,88.58901040926172,1
36.30538912517995,88.42324502677381,88.58087504656234,1
25.334586061287197,88.40399357031198,88.57020567917576,1
34.56341075150554,88.39406438896984,88.560664959359,1
44.75559122496146,88.3880971997253,88.55116770587455,1
55.72471147114481,88.3902956951577,88.54416403076884,1
59.73998521051808,88.39225235345296,88.5405245115765,1
54.24087823023958,88.39324658524806,88.5362173458321,1
63.7328990319246,88.39684385154578,88.53334598408999,1
64.15926719677084,88.40386660959427,88.53298355907154,0
67.67995863964164,88.41471685898912,88.5313412934952,1
69.60202403403328,88.42742909724134,88.5321952867453,1
75.1960388880311,88.44204523224252,88.53327500105765,1
79.70862282876729,88.45396110774206,88.53324647697745,1
66.4433017763873,88.46232122829667,88.53170999724803,1
75.6071531839108,88.47489137947176,88.5289700824378,1
77.87807523513452,88.49017918252488,88.52689989122742,1
75.97102355043327,88.50715940834735,88.52591150246496,1
78.81341002574622,88.53429154360143,88.52758414226417,0
70.22370215390946,88.56198543452248,88.52935760975885,1
70.71926124093672,88.58750625325163,88.53410686643754,1
69.43376448424357,88.61273842899917,88.53928566739485,1
63.51663153288451,88.6403379466529,88.54384665171696,1
61.89882427651069,88.6649643166376,88.54912606133264,1
66.21560029365786,88.6897497912265,88.55311620009124,1
69.97757556564261,88.71302667849756,88.55945101858966,1
65.69941139903761,88.73253263215369,88.56395321104316,1
71.08108800460799,88.7592056065602,88.56974693303054,1
82.75847673280435,88.78389123843087,88.57830795296216,0
78.19347484573882,88.80562171550908,88.58775923653235,0
78.30491497682118,88.82787737563436,88.59965535138542,0
74.40484830756492,88.84816762137059,88.61006333807849,0
66.15367512463447,88.8667338988916,88.61833759266761,0
62.59828902685795,88.88185546344144,88.6271513233937,0
63.06760388122655,88.90462138669965,88.63759674081616,0
55.910243196594315,88.91432639917375,88.64606840931148,1
51.28482687457226,88.9216314675281,88.65276866758201,1
50.209809954093735,88.92812161215093,88.65986856738593,1
52.35262852231287,88.93185353947995,88.66694300523632,1
44.64164691640582,88.93607412155487,88.67378652880066,1
49.14076773897213,88.9394873511653,88.68298899938738,1
41.280361461438446,88.94542705448512,88.69273955346951,1
37.77771502912642,88.95358863024352,88.70434211866937,1
41.325999265782485,88.96237114226349,88.71573524422807,0
46.18986409216496,88.97130029384212,88.72883921909992,0
45.93455128469873,88.97397154920573,88.7405362712911,0
42.93327783061325,88.97509552542476,88.75190779685175,1
50.193844090466975,88.97248428879254,88.7642184330537,1
43.68684666922688,88.96283814703155,88.7769443227995,1
55.54596770130539,88.95419096670534,88.79090901035377,1
62.75880598202056,88.94669603368223,88.80352454970169,1
68.53391207972146,88.9453838706954,88.81891887564713,0
66.5251099342694,88.94796224002752,88.83592506055383,0
65.40481384533953,88.95239878474408,88.8504850817034,0
55.27511289008049,88.94999086460766,88.86235420676913,1
62.99045161742617,88.96095780039822,88.87433325140768,1
50.877931389973845,88.96876566030613,88.88337399032326,1
47.175072209439655,88.97512729851162,88.89262085269134,1
46.28568513796149,88.97916494500528,88.89987144262011,1
55.67196670576296,88.99097860345962,88.90863132634678,0
59.73963968455668,89.00059506095242,88.91734028017268,0
58.489593636529875,89.01059694471937,88.92600669246072,0
56.4843888785812,89.01411940820812,88.93317178905563,0
56.851585707324006,89.0167560723775,88.94085323008225,0
50.398818363135995,89.01234181551247,88.94884745398623,1
41.9489107807138,89.00721942125254,88.95346748800344,0
41.83089345319143,89.00842343256718,88.95920549686868,1
42.73476376966664,89.00677854735542,88.96406608865695,0
51.74288993203663,89.01013306863382,88.96728093281246,0
42.433661979550756,89.01283328393185,88.97124815011752,0
43.39662438299594,89.00953504771161,88.97233606748568,1
51.794178186178684,89.00597179648244,88.97621222264044,0
42.67644125405866,88.99492746412196,88.97776086754146,0
30.514772752598276,88.98417064912695,88.97816761469915,0
30.48553020987771,88.97678102208206,88.97716669911135,0
36.75951624319205,88.96688606441795,88.97587700577584,0
37.98772795460637,88.96075593106067,88.97466330988607,0
34.173771367076256,88.95294347878121,88.97011600157974,0
39.03490240732667,88.94341253836117,88.96367996259225,0
41.18248639618382,88.92728434639227,88.95729637870008,0
34.39994745625917,88.91017251928378,88.95025833763246,0
37.548463451771354,88.89373186211199,88.94423238875729,0
26.796323440965267,88.87613701749459,88.93693303649682,0
23.019965707280306,88.85198750318361,88.9289060459791,1
39.52959740214605,88.83951547913246,88.92280509095936,0
33.56073443137561,88.83008224975224,88.91976982823483,0
39.33600066340345,88.81854970659673,88.91797279249613,0
38.62020862988016,88.80578514517887,88.91513150186813,0
44.5788415830265,88.79294181774172,88.91171624411717,0
36.67132184619982,88.77875165877705,88.90831916500638,0
29.96056472979373,88.75955661968528,88.90036377489366,0
30.867980596570277,88.73419847838345,88.89172079219978,0
29.219099248346197,88.71252327873995,88.88133472694004,0
29.327386596438103,88.69238532528612,88.8701732879082,0
29.998703327041838,88.67225302003772,88.85754778958959,0
27.173829120261445,88.6462653784718,88.84479453748227,0
28.252093351951302,88.61952892591282,88.8324366700813,0
32.155390369442514,88.59503243354324,88.81913525948002,0
11.997146924882742,88.56415015680064,88.80420476649988,0
9.206087936407542,88.52712810416975,88.78647123368584,0
8.602540797993171,88.49211100483862,88.76842432609503,0
10.174872821771032,88.45672941656758,88.74877060710614,0
9.973203660831444,88.42871814649529,88.72923539908393,0
10.236513108849877,88.40590983984085,88.71031046801781,0
12.054673018070318,88.37131416559781,88.69133441135541,0
10.474199390887804,88.32952490421061,88.66719666975979,0
9.899579153377744,88.28398921310917,88.64406221361735,0
13.413867667287704,88.24271267105212,88.62216565088433,0
23.574514212767355,88.20331903087879,88.60137787846658,0
25.199563305437636,88.16600894085465,88.57833129996442,0
24.2491991035656,88.13430574332367,88.55384804784217,1
23.167584541332346,88.10151780957035,88.52808913814016,1
24.69526675769839,88.06674561288283,88.50238520880993,1
28.309146467353457,88.03115031400321,88.47593098455847,1
34.585195912467526,88.00019374528914,88.45268856150025,0
40.14479747411609,87.97573008464155,88.43219880283786,0
35.18745532695522,87.95328137678777,88.41037984776955,0
36.932647323113784,87.93252877209753,88.38943534937685,0
38.20592023189266,87.9147813260727,88.36606406947543,0
38.993098976837175,87.89793054248011,88.34051013710513,0
50.74098442976061,87.88701302265943,88.31941551607413,0
40.93797983217463,87.86753918118278,88.29339756098629,0
29.90900232450325,87.83853332122321,88.26667774192443,1
37.39928523469927,87.81672322454017,88.24333149818311,0
40.48444356957737,87.7991759573678,88.2202923854697,0
39.840806619584015,87.78450598753565,88.19424463900688,1
44.77955420340178,87.77535686737322,88.16990258814234,0
48.69904591055597,87.76743405378767,88.14796188088691,0
40.9212163380691,87.74977079836798,88.12392118246929,1
34.76809093155609,87.73005057999572,88.09943779340578,0
38.76842353638452,87.71766812864442,88.07684629158642,0
36.15532877105755,87.70551510415471,88.05280243495727,0
39.106044242857394,87.69733047240582,88.03086259077442,0
48.95400711587614,87.69556521700666,88.0133620700877,0
36.092009914140654,87.68148167972284,87.98947504173643,0
41.12760357940923,87.66199110058281,87.9649623431701,0
48.308901679672665,87.6440217853778,87.94056867928197,0
34.13569328217339,87.61914036536365,87.91477743745075,0
32.68248700547343,87.59521092371386,87.8869717118643,1
40.861142521483764,87.5809355652488,87.86138369969383,0
35.585530149610705,87.55791934542047,87.83876060636821,0
28.160535045970988,87.53787073290479,87.81486646279481,1
36.87730710592576,87.52820473028338,87.7929503225418,1
40.40347132618441,87.51379707140447,87.77189619663044,1
36.0732834187861,87.49909048509944,87.7510273714944,1
38.23727676992081,87.48798660002959,87.73093312763,0
41.847968240372545,87.47808518717046,87.7133250926454,0
36.173094861546936,87.46650323275904,87.69655020057324,0
49.14308297828948,87.46185269466754,87.68300219761606,0
47.452588454397564,87.45664534785978,87.67124469088179,1
38.63248083074459,87.44166551054435,87.6566680938687,1
48.66781155585468,87.43172080204084,87.64279898914657,1
55.96560118944907,87.42463676301767,87.62923003738337,1
50.364635549247694,87.41177273533941,87.61570722828712,1
57.84310115000602,87.41039788944968,87.60510853127715,1
64.8358413801125,87.40904453523675,87.59677019558053,0
59.4402844174814,87.40645810117488,87.58955623450824,0
64.88459873886598,87.41627531828141,87.5842024963425,0
63.43407480510355,87.42692221931304,87.576412987238,0
61.8678997829229,87.43269039705264,87.56805628217302,0
47.88218921263355,87.43437789736126,87.55878946798326,0
49.678521766265014,87.4436633624214,87.55172468393525,0
43.804851523079414,87.44651702332655,87.54485888671928,0
47.31881068596434,87.44833209727874,87.53876890994064,1
55.38856058162221,87.44928638357106,87.53066442680718,1
49.70286138337945,87.44902641912377,87.52025166142288,1
42.26808726271061,87.44475999504235,87.50991653994723,1
43.23314461669953,87.43932055529379,87.49926691385173,1
45.19117727257745,87.43573316013762,87.49138293124203,1
55.53930892772142,87.43988925844504,87.48802817726776,1
58.912855525748135,87.45302689925963,87.48307364450879,1
56.86001858911072,87.4684488025068,87.48316283767618,1
62.12829546245076,87.4830181503105,87.48702396901827,0
66.06609179094005,87.50010905154211,87.4890615590879,0
83.55426860579898,87.51920595343202,87.49312052970285,0
72.0449746946844,87.53487905727741,87.49691942347725,0
72.20154917410653,87.54846683127616,87.49880022006943,0
66.51839507681404,87.55303969081187,87.49844475115218,0
66.59435980784725,87.55757688557318,87.49953542212008,0
71.20800973832365,87.56574732351828,87.50233497958205,0
65.46835360923376,87.57655055604165,87.50234243894214,1
67.02771052382965,87.58670305405471,87.50419986389525,1
60.663290663754466,87.59728007823418,87.50483872905062,1
53.381196667731416,87.60612614232315,87.50299328006726,1
51.4099262585297,87.61677591707792,87.5047821217492,0
53.21455123274562,87.63487938623348,87.50940697568313,0
46.06960459703599,87.65089531545865,87.51266595197956,0
43.171897723302024,87.66677310854683,87.51832001112501,0
30.37325485813315,87.67476014116971,87.52320261822435,0
32.25505609092404,87.67489835600058,87.52561329356848,0
30.953672147859834,87.66895145867305,87.52748648980982,1
35.480275119124315,87.65940395652686,87.53177612712501,1
39.50382812913786,87.64834848415487,87.53508147056688,1
39.50419308553157,87.63796259084464,87.53872776686396,0
41.07758548216841,87.61982610980337,87.54141477958443,0
41.10659339420673,87.60806475511278,87.54495068551051,0
44.671648499471,87.59910212140902,87.54720699376485,0
46.2197362727072,87.59281708612207,87.54897029249737,0
38.96758204366326,87.5832436166316,87.54809179090572,1
27.091276785527285,87.57180080169049,87.54839716111432,1
31.563242168267323,87.56491531655179,87.55164236134513,0
32.85294207269796,87.55662319592928,87.55416082145061,1
42.18296685387238,87.55178933667605,87.55569975851397,0
52.801598189649404,87.55060402306955,87.55852579515931,0
52.714414601573154,87.54487198243613,87.5585717589438,1
49.250150781588395,87.5324860560601,87.55878358401249,0
49.932361649560086,87.5244041638022,87.55984437703052,0
42.35282803550789,87.51566372082755,87.55807537214346,0
55.74756696140347,87.51406185603712,87.558058472914,0
52.71449782121248,87.51530466596293,87.5586590011326,0
39.058679436772344,87.51351117244938,87.55913979984507,0
45.18171593312994,87.51379786251069,87.5598299271607,0
51.87062621224322,87.51218617812522,87.56134913248636,0
41.112187391144865,87.50198039738264,87.56018708690553,0
38.82227286677548,87.49353198772462,87.55911302124584,0
33.52098717060356,87.4788762521035,87.55689061870243,1
35.68406472516898,87.46645373548373,87.5558844899414,1
31.14695567969177,87.45410830933977,87.55488539411579,0
31.701026749565898,87.4428835390128,87.55095194245578,0
37.588686338697194,87.4339529672695,87.54602264464413,0
37.242336962091876,87.42597656417863,87.54082222731273,0
37.3603496513018,87.41682068917169,87.53350957611657,0
27.440254575724182,87.40191655292429,87.5232591195595,0
24.86496638272176,87.38164172343971,87.51113886391835,0
27.50072490782773,87.36222279018295,87.49577849364415,0
26.82647147135387,87.3461638802182,87.48329751318879,0
23.302952272615414,87.32244374606591,87.46943514294641,1
27.263656005054145,87.29949859433275,87.45665893355181,1
27.27153001566478,87.2723230891705,87.44395695435293,1
38.339272677301025,87.24843767408296,87.43173514135847,0
34.91975390771594,87.23220535497387,87.42140171941796,0
38.56177454457517,87.21490156296925,87.41110933072652,0
40.18367168605678,87.19617666397129,87.40090776678119,0
30.309670138433603,87.17935304986273,87.38947784992135,0
26.03316289195935,87.16227813726445,87.37731390932045,0
32.18602773552736,87.15233753658447,87.36387387884281,0
41.5865814056192,87.14246676034787,87.35251306789709,0
43.40356422068048,87.13122110667801,87.34066459336826,0
43.3924139328802,87.12020304482425,87.32912910391758,1
34.369397706154686,87.10267815874184,87.31713456574062,1
40.8309982654733,87.08307677673731,87.30647235453844,1
42.03423242985947,87.06477372576792,87.29565748381299,1
52.09174374097563,87.05594507540019,87.2862977560576,1
47.02085119369772,87.05048420818036,87.27614751085264,0
49.26416629258015,87.05014969637784,87.26790792827394,0
42.164414640482164,87.04449523260749,87.25786970418669,1
44.97040175575419,87.04484208477388,87.24773112829234,1
53.19461765821599,87.04584114688026,87.2378685578551,1
54.50796738550216,87.04722213977516,87.22954836361033,0
49.079126260132114,87.04492121208072,87.22098330551458,1
43.64477973896522,87.04224892808077,87.21233516402955,0
51.134047878682324,87.03938678275146,87.20421476545542,0
66.84598431230378,87.04243005990796,87.19716405607396,0
56.26823542182256,87.04186816644103,87.18598350726994,1
62.80275155665816,87.04631709094329,87.17789195272331,1
51.77708176629609,87.04210507392989,87.16772148599074,1
45.56836659812926,87.0362681882732,87.15725867768548,1
56.35119103682442,87.04013579764508,87.15045342409525,1
53.62246731249223,87.0468521336567,87.14224521496543,1
58.59474342621324,87.05787251118505,87.13416170382945,0
56.672862935509784,87.06828640648963,87.12838244815454,0
58.77251450390238,87.08055194280855,87.12235911593216,0
60.86064356312538,87.0889544586302,87.1170050682596,0
57.473394697912795,87.09456971951039,87.11318323970374,0
56.45762112484118,87.09764849709202,87.10955453202091,0
49.672256613366926,87.09954796001183,87.10613838735,0
43.9627999592,87.10088794350058,87.10150481149908,0
52.50842494498518,87.10027976557723,87.09633714035006,0
47.06495388419536,87.10063635224414,87.09264948890288,0
53.323606206400456,87.09859758676575,87.08684115331307,0
49.84778989943722,87.09537313739159,87.08009379331476,0
26.686855401461727,87.09050384854785,87.07368802920585,0
28.03124383365548,87.08183291270333,87.06913059998558,0
29.327607518223147,87.0820087840103,87.06613033149817,0
30.116474346628507,87.07770047292472,87.06408302582003,1
16.5696014322924,87.07661084721352,87.05990027278885,1
11.80043675384124,87.07473242475747,87.05817414916211,1
13.132876197931807,87.06402750025919,87.05626498646585,1
30.119151331190025,87.05703568037084,87.05613025144555,0
51.42994548968847,87.05342323780722,87.05615592931916,0
41.67855129824821,87.04611512442015,87.05394635593306,1
49.53343631498064,87.03862865064025,87.05184995100055,0
54.126024949094955,87.03272674326783,87.05162509997825,0
49.88785932411874,87.02449647524134,87.05124060985517,1
54.56720146008756,87.01868200494353,87.05211607909254,1
58.86744712376119,87.01988568077333,87.05315764502556,0
53.09615515664164,87.0181961128605,87.05179655250414,1
50.60787312914072,87.01714418042424,87.05070636984856,0
52.369850970109525,87.01626543228517,87.05107444388725,1
59.19918384069083,87.01984447567011,87.05370768008439,1
53.53110520581641,87.02072830868318,87.05515440609308,1
58.85667286498469,87.02561018556187,87.05802261312346,1
46.33188282489686,87.02315569067953,87.05601484609731,1
47.03866596253826,87.0243528622766,87.05567779313668,0
54.68856346477051,87.0280723931015,87.05525210450948,0
49.63107318084155,87.03236369532762,87.05504765787691,1
49.82203994829933,87.03937987338216,87.05598926460542,0
51.05907653796819,87.04336936332298,87.05527627304292,0
49.08881153960999,87.04419414073176,87.05491905182818,0
46.01036464785269,87.04184228404449,87.05492435810466,0
51.564765290692655,87.04508996383026,87.05508277023284,0
48.6757133708714,87.04326618887515,87.05340171345001,0
45.63419229226242,87.03686836416787,87.04940042168218,1
43.36468471431882,87.03559764853165,87.04873240269144,1
44.46200034949256,87.02978215198219,87.0455021035081,1
39.2745994994476,87.02179002830175,87.0450316267743,1
46.16344537444513,87.01497012956722,87.04327732902176,1
43.910174551090186,87.01245051227124,87.03963225569903,1
50.39198924478022,87.01472211748555,87.03822243741877,0
52.32978166554966,87.0139712310036,87.03614716801181,0
52.64522209779838,87.01986766659455,87.03578691013504,0
58.39178712564576,87.02099571517998,87.03420012207202,0
51.37389789415612,87.02592558272943,87.03080329573699,0
47.511023414339554,87.02476721356311,87.02775679075776,1
46.58229042978581,87.02199049199098,87.02498890246906,1
41.92498550498721,87.01516322234838,87.02129376281152,1
47.87753985654332,87.00750087326345,87.01863443651057,1
47.65520706362789,87.00378641648227,87.01667893340495,1
56.50769283783935,87.00315300770671,87.01592571401324,1
57.950603009691,87.0038064717,87.01700791207837,1
62.15031699179491,87.00405540149086,87.01855567587253,1
55.50775790397135,87.0059885603493,87.0195955981706,1
55.316416878258586,87.01495313066378,87.02264850886637,1
65.77940709943371,87.03104733626671,87.02834782359399,0
60.53721595170946,87.04848508078643,87.0338159466528,1
65.40806491796963,87.06861905419711,87.04183490956775,0
66.77691306961056,87.0884196874221,87.0487522340876,1
65.78787613816445,87.1026911069358,87.05509769836966,1
63.28580567550863,87.11017477810182,87.05947807651117,1
76.76661380685951,87.12108415199008,87.06321153368494,1
67.68278259100325,87.12503652919223,87.06735547204387,1
71.5805251278692,87.13513859641984,87.07280410038385,0
71.44277111503604,87.1517790801528,87.07842423049097,0
71.57452219086503,87.17221425118305,87.08684390113446,0
69.58720202160023,87.19132424078853,87.09404579680705,0
73.49541686637659,87.21955087553303,87.10115984071541,0
55.527939936712386,87.23540789779415,87.10551915048403,0
49.36095158271671,87.25250491195183,87.11082322601598,0
51.384841641083575,87.26667989442014,87.11609149886722,0
40.139344838024755,87.27215599695631,87.11793252059284,1
44.247917698352694,87.27863109747447,87.12171679138906,0
48.84291975952509,87.28840670317354,87.12471420521526,0
43.83385846772013,87.28641316848362,87.12795149998803,1
37.72495842776548,87.27271592775507,87.12769304978538,1
48.42785698293869,87.2673949420733,87.1295449662415,1
42.256714032149546,87.25778403834694,87.13200304677547,1
42.40082638575163,87.25404438469678,87.13461803861347,1
44.19388577384822,87.2562895837925,87.14026578655746,0
46.52549412167703,87.26125858677281,87.14630385492761,0
47.18456355063909,87.26739280451092,87.1534317418715,0
49.82703666987451,87.26989754473622,87.15727850440628,0
47.457581301752434,87.26618790186122,87.16197278557827,0
38.42863779839335,87.2484649569652,87.16306286760991,0
38.75843293414782,87.22235555027746,87.16154706183278,0
36.07138024251192,87.19537591029555,87.16028330013239,0
32.48003869079734,87.16318401026514,87.15771743350075,1
36.57886164554056,87.14133028204965,87.15606321147698,0
39.57840804578691,87.11786568942506,87.15298929687751,0
30.081001385548262,87.09430646993302,87.1479252398462,0
31.530412211985748,87.07793574018872,87.14351832426689,0
27.734391210726073,87.06130489250481,87.13829168175317,0
18.29768094792155,87.03928165457192,87.13202858097203,0
14.437821291969982,87.02120655491424,87.12606388886195,1
6.304026788324379,87.00713663019081,87.12064081643646,0
7.823379207604333,86.98580053710154,87.11506898428574,0
7.130069252872204,86.96136182515463,87.11048248789798,1
23.299928724294972,86.93727157283632,87.1065263184426,1
38.021074452932304,86.91176373669006,87.1034567146406,1
36.286449677522796,86.88189634383828,87.0978011893802,1
38.880788138701185,86.84775122540792,87.09100964335467,1
53.25569597491741,86.82796285957615,87.08684148764037,1
54.26799562866556,86.80953693788636,87.08339213659312,1
55.6358303610893,86.80322272208835,87.07837070417975,1
51.109273322127095,86.80086622042253,87.06947461549511,1
47.59258149682796,86.79931961563233,87.06061711407075,1
60.423568606644174,86.80533679218482,87.05240452869585,1
65.71275445543765,86.81160416178338,87.04533700122151,1
65.46749271372218,86.81769657687349,87.03899148485257,1
65.64904523147604,86.8233510847543,87.0331957625072,1
80.58715052748992,86.83725974271803,87.02998856055808,0
78.47838655639227,86.85015052182196,87.02833727880507,0
70.12059988639331,86.86348052760897,87.0233653534477,0
71.61543613943834,86.87704450559241,87.01617005903779,0
75.30706209552315,86.89345488241773,87.00913706893033,0
58.69979364680916,86.90496691151887,87.00052605257788,0
59.92903300514165,86.92179910489936,86.99138177964451,0
54.055060243931514,86.93236195549348,86.98530794152234,0
48.09767940674186,86.93394895472557,86.97603433175009,1
45.429855722880326,86.93511717745905,86.96517610259578,1
37.7357987857196,86.93710378053702,86.95698875678698,1
44.49007717873913,86.936958594389,86.9501724864062,0
48.748600764663934,86.93942973634829,86.94380134986302,0
47.61100347996329,86.93950477164243,86.93960734544325,0
40.336347072020224,86.94507645191712,86.93841882515993,0
38.89854597021936,86.95049487307477,86.93385708647136,0
36.89311639225974,86.94556378844757,86.92751642873611,0
39.082136941168315,86.94031195280955,86.91984402846661,0
30.494560210348254,86.93007887934871,86.90850720307508,1
38.87971443294072,86.9225658517303,86.89771866849019,1
40.667391309919225,86.90899047337226,86.88662762810262,0
40.154442919721156,86.89222053652334,86.8772664755199,1
48.054826621868344,86.87884779847572,86.8684293120935,0
53.62908703624323,86.86822911622724,86.86407572274261,0
57.338506691995754,86.85792070104652,86.86336312923795,0
44.76186705444465,86.84826067272087,86.861679957548,1
43.03976989739308,86.83911425399393,86.86175387713604,1
39.08227061994034,86.82791557771426,86.8599420597882,1
37.98420446234444,86.82587423755855,86.85923775100348,1
44.82129106345725,86.83092590329582,86.8598238759409,1
48.1249766771326,86.8335562775649,86.85923697173743,1
53.295263632311645,86.83557766599034,86.8598815958004,1
52.99107108706958,86.82895716274848,86.85967155313365,1
54.16128669672444,86.8271764645624,86.86199530930253,1
56.390914176341774,86.82701600182038,86.86637057381175,1
61.5677556130353,86.8292995601379,86.8712566956859,1
60.16147246041031,86.83599986603157,86.87737164508688,1
60.71533690728498,86.84371394483347,86.88242097726547,1
55.01998277211844,86.85455547921045,86.8856239000832,1
68.51246211314098,86.87178875331456,86.89367563228072,1
64.23512322763821,86.8841795611602,86.9011989624035,1
73.7569648974739,86.90421818285282,86.90776860483058,1
68.30784439449633,86.92116710034819,86.91308137707821,1
69.50218609577885,86.94321272621114,86.92007172439173,1
76.39492292316967,86.96925804225256,86.93071985796996,0
75.07631140391017,87.00097680512752,86.94234283334609,1
84.30279583829318,87.03161656614536,86.95226578672026,0
76.98588743293347,87.0634826383244,86.96069345040459,1
68.09491871526153,87.08889414990159,86.96771678021473,1
67.98034255413285,87.11165544355379,86.97514561946069,1
72.19099981685413,87.14183820549678,86.98106835684894,1
68.85695814457145,87.16586912805995,86.98616903829561,1
75.71225040883425,87.20309133658846,86.99551587672542,0
67.91174940741652,87.234358965619,87.00492109331316,0
71.34427229025793,87.26142862063242,87.01356006909764,0
68.89165357584724,87.28810735873331,87.02451287457167,0
72.55331519023875,87.31511093181213,87.03469637585198,0
57.12089548410471,87.33387883976823,87.04302773097537,1
46.12604357033098,87.35258418890331,87.0530779937543,1
45.201545044010224,87.36284859216363,87.06476819816254,1
43.32392200286632,87.37482150559845,87.07628605242807,1
50.80526484285295,87.3844255023445,87.08675536801276,0
59.95372948837896,87.3992597992506,87.09701340223914,0
57.31738155973556,87.40768548194511,87.1073440085128,0
44.944919230203936,87.40571883146072,87.11497680978741,0
55.42363006276497,87.40781577918743,87.12527119579116,0
37.399951100604014,87.4041711385643,87.13570872676692,1
37.46221430263077,87.40179094740466,87.14528504824264,1
32.952276529744864,87.40020054441656,87.15576544624186,1
36.15323945278198,87.40017601469961,87.16618968464843,1
43.48570517110319,87.39965787172704,87.17733531619086,1
51.54776671781011,87.4004489272374,87.18946039458123,1
55.98181708669928,87.3943196287378,87.20170460883028,1
56.99839130374377,87.39182545895781,87.21435963040538,1
64.13836795274806,87.39484256807063,87.22832881590728,0
53.44512204842558,87.39083982275488,87.24154453458529,1
53.40103471453495,87.38979629411298,87.25496919189962,1
55.75549868328136,87.39721932955759,87.27074923171271,1
58.43054356833835,87.40550735016414,87.28493123879656,1
53.85311153581859,87.4142398077717,87.29809375995288,1
64.0850059836381,87.42590172598408,87.31322423179577,1
69.73046670520284,87.43738370730856,87.32747778454006,1
80.31297900082177,87.45379028186274,87.34694664988483,1
79.22470268989807,87.47148392849938,87.36506699408757,1
76.51366450099215,87.49263597069384,87.3812247973368,1
76.4489464875515,87.50773852023694,87.39664677983075,1
77.19962431313265,87.52952179069692,87.41311749663306,0
75.95040875627859,87.55327225179796,87.42910837102845,0
70.57774474526433,87.58003681667321,87.44595798122698,0
90.65737325193119,87.60425777740936,87.45917729428633,1
87.26101172463012,87.62340392165657,87.4730250603894,1
77.39394739389161,87.64102045691436,87.48418130420585,1
83.8285829422434,87.659301398598,87.4969583281302,1
78.86671713738629,87.67508227917459,87.50710745159077,1
78.40664035345836,87.68670368358673,87.51530707244093,1
76.47948095611531,87.70492179007569,87.52312252856454,1
53.60027420751306,87.71917860407606,87.52999400707188,0
67.08994239173828,87.73761522018836,87.54040226445828,0
65.54546345937301,87.75699019609792,87.5521696572751,0
71.65136208852667,87.77741322480088,87.56439687245172,0
59.911412792852005,87.79278098993692,87.57360134557183,0
44.207301830599306,87.79899163036518,87.58072678546213,0
41.047797217355416,87.79564229635848,87.58396703379285,0
32.42336238025895,87.78435427325755,87.58506511714302,0
32.106015155246894,87.7721424421951,87.58551032596186,0
42.700296199155076,87.76571191585677,87.58768860268016,0
37.365160539536234,87.75416779400578,87.58874024151051,0
32.35662887519541,87.73536575797729,87.58970313831207,1
36.49221036682153,87.7217664936437,87.59363090312314,1
34.84596084838347,87.70644074132369,87.59661415395038,1
35.74310854408199,87.69153261348883,87.59970950354557,1
32.065969882441124,87.68152082201763,87.6030194320751,0
34.82367775089679,87.67187373779747,87.60600390354894,0
35.40011380517622,87.66585734269843,87.6103761958921,0
41.16909079284069,87.66084375735021,87.61735704279674,0
41.99565669658951,87.64932028739669,87.61972433184823,0
39.62280450560858,87.63420271353695,87.62200663706096,0
50.723876984478444,87.61768727123334,87.62676079398975,0
48.82445612849483,87.59879447269343,87.63160722858584,0
40.97017253916622,87.5753580766347,87.63446969722575,0
39.938850717432025,87.54996734060583,87.63372513312333,0
45.414288709504504,87.53027566996631,87.6326574825537,0
36.738173026679505,87.51135313835917,87.6307804376414,0
35.29711427859458,87.49664883557514,87.62699446778996,0
32.43584926378887,87.47910021413159,87.61921338438626,0
29.84561432698203,87.45751807709449,87.61435990441599,0
25.011019912451673,87.436291806485,87.60733844645932,0
19.256796471453427,87.42032314940393,87.59894466625059,0
10.87682388677294,87.39149507027447,87.58802599116727,1
24.635771550294194,87.37107691594387,87.57934899721926,0
32.516109441255935,87.35399570752755,87.57094709616294,0
25.037099896444957,87.33243048875133,87.56103814465222,0
24.81692739633752,87.30590111471216,87.54684823668872,0
26.256020578256738,87.27677964214914,87.532494481352,0
29.250394890690288,87.24444314993674,87.5180799144939,0
27.10422208266492,87.21378687437524,87.50214367350355,0
22.866351187046504,87.17921935752426,87.48188566379189,0
23.563967169600673,87.13872617221688,87.46094236215731,0
22.726601281064603,87.09554865245083,87.43781196289689,1
21.905083206171824,87.05531879576368,87.41489410456751,1
24.270208091323582,87.02012168753069,87.392412239473,1
23.629701605711432,86.98296715961257,87.369436163633,1
26.872438688471675,86.94518150245536,87.34513247918434,1
25.74444748669758,86.91677734457366,87.32367249394956,1
24.662575682727464,86.89473524174348,87.30242600764896,0
24.757234828892436,86.87001305669833,87.28039641106506,0
39.64995626718645,86.85606314730008,87.26209226374894,0
36.27560677176742,86.84006935728024,87.23992632108735,0
34.358932429950585,86.82886574414668,87.21677621038675,0
37.249525193104894,86.81053273118026,87.192596799771,1
40.21442878933448,86.78361063709701,87.16727895502697,1
49.27612751502095,86.76461976997066,87.14728940049442,0
56.03920085761252,86.74939610354238,87.12834975956228,0
52.168134467398495,86.73139439468211,87.11131052992181,0
53.11345539910709,86.71500330013724,87.09522425767076,0
57.674206504707634,86.70355953451858,87.07728272096827,0
58.72307916820154,86.69992183411647,87.06018727983617,0
46.796285217555656,86.69392030197824,87.04436417975768,1
38.26627609344448,86.6883663733824,87.02445191479235,1
48.8071429678768,86.68979387273093,87.00823535713037,1
35.21343427823153,86.68591645809785,86.99016577731659,1
46.0877308601446,86.69129617347893,86.97334630421751,1
45.98474761608817,86.69559845397193,86.95462236565412,1
49.2322429099076,86.69653111501158,86.93594200287484,0
56.490238273740935,86.69638980328118,86.91664442602134,0
52.58230123747829,86.70012638151142,86.90071884871095,0
54.57757260193223,86.69844850552154,86.88779058054277,0
51.34346185120789,86.69533378456684,86.87098492642077,0
47.33937573095592,86.69269375642054,86.85433592387763,0
42.6180898141227,86.6856969172234,86.83673233600648,0
44.18421343084888,86.68466289234043,86.82115717572081,0
43.85897866115404,86.67284111917421,86.80431558017757,0
42.36502629877504,86.65353514674692,86.78522256291737,0
32.60405687756412,86.63614903984879,86.76711061163127,0
30.735848456509828,86.60958705238299,86.7474189929713,0
23.25603981415898,86.58341051184969,86.72763969487036,0
22.569750445001986,86.55395619925804,86.70725303694539,0
16.765473081587473,86.52579680574094,86.6865536422925,0
11.844026135046192,86.49476783594869,86.66576102106204,0
17.01289598045689,86.4618374485348,86.64453957016674,0
12.060893683093056,86.42856399459058,86.6199930921418,0
13.00405778081334,86.38815494673321,86.59563608741026,0
12.16994171823805,86.34452298953015,86.57007111558134,1
12.56681493671445,86.29528595698066,86.54334452880745,1
20.01961651596669,86.25044500388293,86.51904516759981,0
22.94575924400253,86.20431639512324,86.49693065701017,0
24.76994744389451,86.15316174481833,86.4773675354604,0
25.091245336243077,86.10748341418467,86.45848782320788,0
28.04007272466032,86.06222699236659,86.4410072598439,1
26.514878179612367,86.02139368279686,86.42316229081973,1
33.07130061114886,85.98245725712073,86.40609140355681,0
34.38166085287389,85.94696555029499,86.38991493645054,0
42.94148067173125,85.91907754384127,86.37478097947172,0
34.386427906055545,85.89282154768821,86.3575282928771,0
39.10261395370741,85.8730689640453,86.33875248189204,0
37.4304294114738,85.8498994194406,86.31959423996726,0
43.83154653863835,85.82926353820463,86.29653319330718,0
54.25513404695686,85.81392012186419,86.27609394812607,0
47.22707487004708,85.80910479280354,86.25785664052479,0
37.51352682248767,85.79471185105311,86.23821121811591,1
40.112814715621504,85.78445468719539,86.22033071218117,1
36.22294997090161,85.77286765151743,86.19893524002897,1
45.54920155116917,85.770174217113,86.17838236100957,1
43.400356793014716,85.76873158116793,86.15827940340178,1
52.099323768706334,85.76882862719836,86.14057529842427,1
55.05739206507544,85.76865240602794,86.1229678056139,0
59.250424886671375,85.77502155881477,86.10740742533972,0
52.96243551333953,85.7780218683147,86.09212844974246,1
54.61461807196236,85.7829859221083,86.07885507933428,1
61.00317990405249,85.79038383278727,86.06339827484227,0
58.22364295789466,85.79168003455727,86.0483968341406,1
55.525445552851714,85.7941823877064,86.03106942214151,1
56.642141740336804,85.79954283460009,86.01635873172302,0
61.24495780912067,85.80296644112994,86.00010242332445,0
57.81225225644688,85.80458429878361,85.98203028009303,0
68.1173117086358,85.81492124868839,85.96551218683805,0
59.321206144449654,85.82303243008228,85.94636676313148,0
62.25832416317379,85.82928136853522,85.92967298171341,0
49.7626047620306,85.83041310196475,85.91294437874247,0
44.478181115308296,85.83223319887352,85.89682573077594,0
42.132295507046294,85.83749343014766,85.88146292730406,0
45.67230186341895,85.84462884553201,85.86765033057209,0
47.80625306625392,85.85041564517118,85.85713456037928,0
35.81859768697059,85.85008202169563,85.8438525961405,1
42.03738136300375,85.84392284743755,85.83430961644609,1
39.38306657710532,85.8345455740651,85.82342183050005,1
28.514441928441997,85.81467412268282,85.81169459470962,1
38.627210364122796,85.80474217005315,85.80370659546736,1
43.62282478878958,85.79682987999142,85.79967989695136,1
36.44134773079177,85.78758001135307,85.79369529996958,0
46.24189640316496,85.78616559384103,85.7914374738408,0
46.634088669125035,85.7855311447465,85.79001990134685,0
46.30275759978237,85.77854289625184,85.78996669441167,0
49.2721604966698,85.77207950642646,85.79081984310277,0
43.262566363401,85.76621492212328,85.78833824738915,0
42.2118262866927,85.75244099342645,85.78476202615933,0
36.31357101701844,85.73838567149402,85.78045633380178,0
40.31598902545859,85.7204751604482,85.77486968021884,0
42.243046386097795,85.70805853570937,85.77127699607959,0
46.48568871959654,85.69999416404934,85.76826592327696,0
52.67916005570646,85.68766244771291,85.76354500354091,0
37.545794815185765,85.67251878979657,85.75787162637272,1
31.854409954008602,85.65459551803474,85.75134175005667,1
25.418048841314857,85.6386547506138,85.74218587731073,1
16.67368517417735,85.62142175021364,85.73365073091344,1
22.299634304257395,85.60988842167438,85.72741743139358,1
39.2976270348947,85.61288471828928,85.72514306674351,0
36.447346571187346,85.60565195003832,85.72039932673701,0
42.76304406388699,85.59945210889416,85.71581882338762,0
42.096630969729134,85.59005273792886,85.71183165471989,0
42.518474341233436,85.57250804557678,85.70665881719333,0
42.01450409613022,85.55025641842357,85.7009754081093,0
38.514829336493634,85.53122619829057,85.6943874868827,0
34.222390913693886,85.50961821815822,85.68717449789888,0
33.95820963596067,85.4882659360363,85.67611317092432,0
35.544814750683486,85.46712663830728,85.66415171907107,0
34.63243124696605,85.44777274818006,85.64955680954789,0
37.13614437328366,85.4289700520819,85.6352489537257,0
30.333727134649934,85.39884042354637,85.61761879665482,1
25.907754604931085,85.36786940415394,85.59926015182361,1
10.697529030678865,85.33885057544916,85.58241321989767,1
11.003585052716971,85.31063930373219,85.56445439278305,1
6.30474583797637,85.28503892193855,85.54554018499203,1
18.510153304657678,85.26994188399809,85.52897605445798,1
20.807739743408888,85.25449268165211,85.5136140840608,1
33.48952348139302,85.24034218071014,85.49758580420226,1
44.8771041262303,85.22572521502406,85.48622018072021,0
57.98676767574398,85.22352717870595,85.4780976508053,0
55.64188033556613,85.21417558806448,85.4693238178275,1
52.91391743352886,85.20320510242118,85.46022041613895,1
53.96326075829801,85.1945773333353,85.4494923784684,1
57.466710695116866,85.19024580060731,85.43922219013943,1
72.94767962229673,85.19085022983924,85.43056132074993,0
74.00190193727711,85.19677586992815,85.4258520371919,0
67.9547902069367,85.20066162023956,85.41880868004512,0
68.78885719286835,85.20396150000707,85.41191808944787,0
67.81926549533935,85.2096407017369,85.40754344116951,0
57.85661367791901,85.21300940265584,85.3985558467668,0
57.828196748316174,85.22469018713403,85.38876291951185,0
49.22332517734216,85.23202634034051,85.37703868341858,0
35.21386491492602,85.23351475599159,85.36135288475789,1
19.170306570925476,85.23449366234863,85.34403939982387,1
24.023762737002684,85.23564498531674,85.328381020618,1
29.521256896298922,85.23342020512848,85.3135123339388,1
31.4373850685366,85.23144388782632,85.29970567034205,1
36.678742321329274,85.22831272694488,85.28793449760964,1
32.45304335868882,85.22056676812107,85.27909261937103,0
29.62302573998022,85.20487374552879,85.27185708483754,0
34.114531804784704,85.19346756250566,85.26348742854601,0
37.572584038357014,85.18654191827224,85.25483951782809,0
37.11242052192842,85.18062965019097,85.24667925945961,0
34.3933045738231,85.16687753720973,85.2369656891047,1
41.44565329685858,85.1515720001444,85.22935191359379,0
48.975694326424225,85.13547654632947,85.22458075547816,1
51.286431640733,85.11935222130809,85.2179808684829,1
63.47393815436558,85.11017545365782,85.21203290224122,1
58.15798195455444,85.09913334725798,85.20204289275698,1
55.73827897086888,85.09280342712037,85.19341643759961,1
59.64826986396588,85.08991213592802,85.18494693032541,1
56.45058927359802,85.09181982026215,85.17774551635189,1
58.38235397032948,85.10389716043801,85.17390853070239,0
55.56379157336027,85.11799320028904,85.17113411257009,0
61.6176343496368,85.13646238205381,85.17047549412331,0
57.41042144736897,85.15090278791419,85.17002616184118,0
62.110699089003084,85.16951275100824,85.17220439633081,0
61.67776206101164,85.17701911682788,85.17189148901787,0
53.627669800470514,85.17776082601702,85.17108785050583,0
53.292467746328334,85.17882151984922,85.17179767194446,0
56.6533867758167,85.1782918429071,85.1752679962903,0
50.94092121986264,85.17706621497996,85.1785182421585,0
53.85257789014121,85.1764854556515,85.18173321154056,0
49.03486522100008,85.17925095332514,85.18441034894185,0
40.27647450925438,85.17435752980505,85.18507935674039,1
40.332971174759756,85.16890006552825,85.18416402809024,1
31.093363117611545,85.16531676328346,85.18231050113545,1
39.337610908771246,85.16143409039532,85.1804696661153,0
29.325424502337526,85.15890707132357,85.1753156352768,0
36.04365736997549,85.15919263383259,85.16768261965026,0
30.47164709311764,85.15750061360549,85.16227694054182,0
36.517965900245756,85.15301220446199,85.15766835716822,0
33.071549722811866,85.13723740329564,85.15097255868652,0
38.89308142678695,85.12669159883981,85.14571243186306,0
36.806419039167956,85.10704748443767,85.13695439596268,1
35.716199366908384,85.08868618867854,85.12679028934133,1
34.99632172936805,85.0653142005041,85.11806542843664,1
38.96650105862295,85.0494988843246,85.11010644274491,1
49.28023813933357,85.04070196573761,85.10351235610611,1
48.094573227948466,85.0309096948425,85.09895778881912,0
50.92973375622738,85.02204874039214,85.09421141759354,0
49.13473030172588,85.01690569689393,85.0924699847799,0
53.470614557627094,85.01366465522376,85.09379317123343,0
45.592976898573966,85.01197525938923,85.09540298775812,0
37.911122024693626,85.01018125075201,85.0948938629145,0
37.08674006285414,85.00479960659139,85.09271578867539,0
45.78163674791085,85.00151607372086,85.09033937549326,0
31.176812137146996,84.98944274647786,85.08492167392849,0
36.13667625161833,84.97833034774956,85.0784210671282,0
37.527412397157235,84.96433384197927,85.07146665823043,0
28.129778011798408,84.94021275771978,85.06097501862747,0
24.63917035507562,84.91337993049557,85.04840356205756,0
13.43589587917009,84.88353350430809,85.0321341003334,0
13.047675774801277,84.8484985847683,85.0183608508865,0
19.764597553409303,84.8204161856632,85.0044920701702,0
11.793267658365792,84.7873276028234,84.9875307119389,0
7.407463327660366,84.75029645391677,84.97044312148012,0
7.690164519663099,84.71288725541558,84.951191163448,0
7.738631977466866,84.6686290666305,84.93131064385513,0
7.619394404554242,84.62075750971943,84.91013942185874,0
10.801385716897315,84.57513967769273,84.88830243429942,0
11.348039119175667,84.52439470065612,84.86549993693747,0
9.831815328338152,84.46661144432083,84.83887888478655,1
8.789885720379544,84.40432769273191,84.80993678473524,1
21.16193309389442,84.35335281859975,84.78165003753287,1
27.845752032329983,84.30896651282498,84.75594127863971,0
32.29235800440105,84.26322983585445,84.72782620943175,0
33.4260366815633,84.22201790586078,84.70292118954167,0
27.34422788846939,84.17885706190839,84.67885956148473,1
34.13481742806265,84.13784922739698,84.65507774124957,1
35.4103627220758,84.10258934485701,84.63069401940744,1
34.38004573427099,84.07026436046858,84.60568282025301,1
39.74177476716355,84.04921600454779,84.58122631989188,1
49.917826949820444,84.03421164975059,84.56034512945669,0
50.689207984322096,84.01807567070368,84.54197932652966,0
56.95780759678393,84.01246971774171,84.52495857282429,0
62.28305763404716,84.01026716389583,84.50842328172506,0
70.48457817130677,84.00651964452301,84.48922538509909,0
51.84593342928921,83.99983663811659,84.46768247057233,1
46.641285740141235,83.99698970334074,84.44525824966202,1
50.89934779193701,83.99359534908726,84.42274032849213,1
48.923107985248734,83.99085695127222,84.40063783566157,1
47.54188004764056,83.99050472196845,84.38018581225568,1
51.05839001951504,84.0013320685446,84.35979297261719,1
58.019216475046704,84.00687452139024,84.3415808523139,1
65.56889112386202,84.01304294761995,84.32568398221628,0
59.03472702375759,84.01752073073862,84.30870882152556,0
50.010145667002476,84.01932218376729,84.29085050931872,1
51.98597379133874,84.02681066024624,84.27330303928818,0
46.105150367316725,84.03242517466397,84.25568393317815,0
45.005610991728204,84.03899449519359,84.23747232132803,1
45.53041347312434,84.04570771154079,84.21720362611175,1
55.60641991639865,84.05085506775389,84.19610248490395,1
59.894757214689996,84.05449126047358,84.17735152989042,0
57.26108434870298,84.05509476367155,84.15994473169746,0
62.40460376823019,84.0542062848081,84.14472124411097,0
69.27780891706915,84.05594279250899,84.13019396924032,0
58.55558188546134,84.05681925523926,84.11617598860364,0
50.36900963162727,84.06125435900233,84.10085207507342,0
40.181502041516886,84.06393330783011,84.08509803600236,0
38.479492643437716,84.06084806003517,84.07099444941828,1
39.33064215819758,84.05704483732583,84.05810379839367,1
41.38111624010718,84.06093216930886,84.05114527825597,0
41.453873529729776,84.06053777157356,84.04460864733929,1
40.57839054674877,84.05544516715403,84.03559244491024,1
53.08860833883348,84.05237444478016,84.03170271899899,0
48.89317495775449,84.04938323032621,84.02834353208932,1
40.417581423782764,84.04554184905471,84.0239123467744,1
46.71205571611845,84.04178520052845,84.02256549284738,1
46.16014338476769,84.04041137996225,84.02354548127526,0
43.6013320574032,84.04051435557231,84.02362219247988,0
50.622565197485564,84.04509522434488,84.02548383558725,0
55.755689497667284,84.050724997225,84.02974790606562,0
52.41729207525013,84.04899145776322,84.03521703590295,0
48.259958978401336,84.03974328682263,84.03450091898661,1
48.06969235310825,84.02593150496199,84.03150724096578,0
46.35597435167974,84.01418753519371,84.03057704897603,0
44.98298154611834,84.0039615150875,84.02895343229433,0
49.549188632812864,83.99823700643694,84.02860405288486,0
41.85543492456116,83.99464564407364,84.02781660267301,0
39.228892847705424,83.98986182616956,84.0259034419433,0
41.116223169262454,83.98544117594018,84.02417452458232,0
36.316371046341445,83.97714155187309,84.02231549718611,1
29.780490463025103,83.96630851709351,84.01744739427645,1
29.15651943582222,83.9568351974896,84.0110962556246,1
26.20154518066613,83.94223656230089,84.00360945682264,1
24.574818715615265,83.93101001675717,83.99664067323387,1
35.13128336599057,83.92652518718887,83.99191456384072,1
48.40710242472566,83.91919682846726,83.99030956898763,0
46.22602199308165,83.90643877746673,83.98732511092567,0
36.183559256409524,83.89251722292683,83.98319094201568,0
38.39518445886671,83.875865204773,83.97948713698756,0
44.77196334216283,83.86268994620583,83.97862199576056,0
41.190208588493206,83.8519168281015,83.9754509397257,0
41.017480345362834,83.84339117309332,83.96910757966785,0
45.839278711641036,83.83824512764106,83.96158811297423,0
39.98943178522451,83.82692695901298,83.95433954028576,0
37.95196892659702,83.81274547847235,83.94632275017635,1
39.540324817819545,83.79708230969484,83.9367127126643,1
43.05451882323985,83.7840553275806,83.92846866383967,1
40.30387150958835,83.7747908260571,83.92022197428871,1
36.985930067820874,83.76855100174112,83.91331184066243,0
38.818559490784914,83.7633912172065,83.90732995696715,0
47.32814256618425,83.76352320244153,83.90106017106362,0
46.16024770395035,83.76241651955249,83.89402495797697,0
41.53326697818841,83.75624365577575,83.88442440520971,1
30.7554258327597,83.74653313110493,83.87287680867225,1
36.84627563440145,83.73595801396417,83.86357006733067,1
47.12922679362408,83.72632939514679,83.85633958344542,1
40.81287280724463,83.71670378546852,83.84843330198102,1
53.68281867124338,83.7158194106893,83.84517948227733,1
54.613533776534936,83.71126169230797,83.84117387898043,1
58.0445155801812,83.70556319076704,83.83647440434385,0
59.74849743305284,83.7065483662764,83.83385517760684,0
62.71122501816266,83.71370888665099,83.83241306746665,0
57.69813280396105,83.7168117712158,83.82736304354849,0
52.3232271799294,83.71993865163074,83.82256170880757,0
48.323201690387485,83.72648904770111,83.8187016296349,0
55.22931101514499,83.73659942383138,83.81463840198546,0
54.89687744303116,83.73943254912587,83.80807713150513,0
51.58358096234129,83.73803103514288,83.79922864611692,1
50.07279132895623,83.73617882747678,83.7897452819152,1
49.758987776907524,83.73398982336484,83.78063588742309,1
59.75678420400277,83.73574119568437,83.77576006623208,0
47.641654219698225,83.73531382815591,83.77225317451028,1
51.102730034660105,83.73818843627791,83.76932717773609,1
51.70897478625775,83.74824991504076,83.76650176061105,1
45.94124943656566,83.75607074546834,83.76441375948302,0
44.67708623632143,83.76100273795547,83.76144587605282,0
51.28624548087032,83.77178629592052,83.75928956271979,0
51.93792507234193,83.77341970722577,83.75860263469981,0
56.386367137710785,83.78151357620068,83.75960283908462,0
46.909622758865126,83.78205675799883,83.75844048679411,0
45.73847315236804,83.77241596419708,83.75629815644827,0
52.12793354687792,83.7614912993496,83.75427550821063,0
40.87960147034556,83.74457936675321,83.74830016532943,0
38.602900559204585,83.73045724248607,83.74234059909914,0
23.78815723274576,83.71143095853482,83.73266393817329,1
28.490448837636748,83.68972381544015,83.72284919677462,1
29.959676320653458,83.67265696258363,83.71456440555188,1
22.02183533405686,83.66151879112428,83.70682927339591,1
24.28254972292376,83.65062553198496,83.69964941279999,1
26.143403575064283,83.63846722996946,83.69094680092854,1
19.75305348679433,83.61873776924514,83.68248844268956,1
33.453083833891526,83.60975536126774,83.67879884978005,1
30.695427793198746,83.60253908942482,83.6750447624496,1
39.35621726933381,83.59401153199317,83.67333558980313,1
51.6322057286399,83.58866998118826,83.6747835605694,1
56.0278119616364,83.58622112560923,83.67710140241857,1
79.28165727660581,83.58803965805082,83.68088329490787,0
79.44874252647627,83.59242504030536,83.68565632039912,0
95.65137809859979,83.5939319204874,83.68975520658313,0
88.4406367070377,83.59746260399231,83.69206904150843,0
85.64211233760099,83.60522265696353,83.69297793825706,0
79.67750646743795,83.61144701718473,83.69388770726353,1
80.1825389794869,83.62851059011565,83.69720693906537,0
72.81861063247143,83.64223323655558,83.70062064127939,1
75.08393741445981,83.66198549922152,83.70307493227624,1
71.58189505015574,83.68267117385759,83.70538590825895,0
70.79698880881037,83.70324211189865,83.70917973612393,0
61.1246506320651,83.72103700068168,83.70891630939286,0
59.42277213941959,83.73971811688588,83.71103198263114,0
55.366168897478104,83.75743161700153,83.71169417142234,0
26.63127924164843,83.76650447317269,83.70647088544807,1
22.618914492240464,83.7661750983141,83.6997853344453,1
32.520145454489736,83.76921594448463,83.6960064317571,1
42.81400901562821,83.77464421295976,83.69521781433474,1
46.223136892026005,83.77824390465656,83.69548550335156,1
52.504923628665914,83.78223418183254,83.69535530561903,1
46.515985502202575,83.77669984139217,83.69579021181438,1
49.1447522918204,83.76973682202798,83.69833863515316,1
53.794719289312155,83.7669379587517,83.7020588590931,1
53.304688780829295,83.76774690854378,83.70557187558002,1
52.98546331595174,83.76963320658625,83.70653474261782,1
56.17496832053864,83.77334416478035,83.70909984191331,1
57.88114468671965,83.77872635336344,83.71342210589957,1
61.81562005651056,83.7909355163392,83.71769488179878,0
80.07955189809621,83.80508121302043,83.72267911929708,0
87.9400382235732,83.81757431804004,83.72801454029278,0
82.6415897042378,83.82836403811552,83.73181083300193,0
81.00182351331637,83.84448674975143,83.73734312640312,0
69.836284870773,83.854562556349,83.74025157469046,0
60.27825400939556,83.86191941764541,83.74363923528097,0
56.08605255463876,83.87402491477837,83.74711446568057,1
62.53887983298432,83.89356294932362,83.75261399443491,1
53.544038147395725,83.90599723105801,83.76057357747902,1
53.44466085400023,83.91481859277869,83.76896235445177,1
52.48933421590817,83.92145595984871,83.77949550387713,1
63.9309339928592,83.93520119809557,83.79354625868122,0
61.763535229582764,83.9530420798123,83.80794425870585,0
49.51523281088927,83.96549280156191,83.81992823932822,1
51.493619837839496,83.97775426163228,83.83291035095205,0
49.808136701271216,83.98728523852571,83.84509907900252,0
50.37955038714193,83.99592280378025,83.85740875643184,0
45.34617558721691,84.00292682029779,83.86636842552532,0
50.13866352712289,84.00664669744803,83.87506514910886,0
54.65238356295283,84.0072110349086,83.88297468296494,0
58.59363569612075,84.00342270426671,83.88858020852844,0
50.83631682590768,83.99770490464361,83.89260805190652,0
55.07732511986863,83.9935266259533,83.89400562016291,0
42.55728407353455,83.97915829638681,83.89203642883571,0
38.279628693366604,83.96366553737145,83.88814502144409,0
31.842710630675157,83.95677265110935,83.88736325412779,0
31.170705552759898,83.95584882384688,83.88736493243394,1
35.20106342585419,83.9490200550417,83.8876432095777,1
22.723086190293586,83.93892884851465,83.88474088083863,1
23.437084922849877,83.92729328138823,83.88298637238482,1
30.489800756088314,83.919378107358,83.88245254713172,1
45.81195447458575,83.91057726175774,83.88470869384128,0
51.945799304274765,83.90664594964018,83.88930579380246,0
48.4492558349733,83.90599556157456,83.89391166368537,0
48.91646019733646,83.89972825231759,83.89691440512472,0
46.06472492132965,83.8898239933702,83.89805602954999,0
43.50364457571486,83.87777298190645,83.90191615992534,1
49.62616836332371,83.86726877208218,83.90680589503256,0
53.41131440929826,83.85487696569525,83.90932955759314,0
54.65569323809901,83.84876140258298,83.91262155881424,0
49.03689307169483,83.84040259217555,83.91344368353604,0
50.60891439355795,83.83359923212969,83.91315407202539,0
49.39751113962551,83.81954386568606,83.91114322988047,0
50.64651339702574,83.8144559543244,83.90992408175428,0
43.356010013026854,83.80970761746552,83.90525288492961,0
37.31031567626265,83.80305344819462,83.90148586998812,0
27.192575353728145,83.79432613537038,83.89724210394758,0
26.15313485666026,83.78266973650544,83.89137343826773,0
23.353276653090518,83.7696720379806,83.88111915468549,1
24.161760507701544,83.7535984192754,83.86805153355932,0
26.939548585488538,83.73502408979697,83.85442969784233,0
29.532106328975587,83.70900539201637,83.8412811234318,0
29.26319053892807,83.67496779820787,83.8279472978394,0
23.105620394711664,83.64699957703549,83.814916794599,0
23.44033927482883,83.61690816663989,83.80185264924108,0
19.16683928610324,83.58200748050785,83.78609125469497,1
23.633782053687895,83.55086908066502,83.77265382628002,1
28.51557282419104,83.5247387285773,83.75927620673404,0
37.319870353089364,83.50416854060101,83.74859808141032,0
29.515070156121382,83.47237728186026,83.73564503444688,0
29.030747743642124,83.4431843554228,83.72213504176567,0
35.312839400594356,83.41655304067456,83.70569480905696,0
39.275971346882436,83.39474517148622,83.68782446655004,0
42.91824668570006,83.37218058721496,83.67259919601551,0
39.44903624172394,83.35172046164224,83.6548393649336,1
34.36416428604184,83.32394760504725,83.63615081659674,1
33.38414883249594,83.29416943491333,83.61654075640082,1
33.511076590507145,83.272256830472,83.59910544233742,1
36.56875490919324,83.25741266049818,83.58142553990554,1
53.45672155872013,83.25006422677322,83.56519281030516,1
54.4327817788653,83.24365011167623,83.55052066080616,1
55.67383355832219,83.24118279218973,83.53867227845025,1
53.768256117274284,83.24310647416736,83.52777923712503,1
63.6419614539649,83.24447585018257,83.52104381611731,1
66.28092996686111,83.24923158784159,83.51607906942913,1
72.46577452886928,83.27379248022993,83.5128991863432,0
76.51121052750096,83.29779048113787,83.5094304891964,0
65.41078891648175,83.31089518263977,83.50402625777328,1
69.59036190578902,83.32056564685915,83.50125280074813,0
70.12700279397829,83.3312861846027,83.49724219573265,1
77.05430747777365,83.34721794477875,83.49327097673398,0
76.66356713602998,83.36316560986545,83.48673014830007,0
75.54028001192572,83.38056136738757,83.477390633649,0
67.98901348914424,83.3946387396698,83.46805646725359,1
67.04471178860535,83.41159021544345,83.45958415018394,1
58.82601468118428,83.43002334534606,83.45223055738708,1
58.72357240744136,83.45406761426838,83.4470586093456,1
57.992783507512186,83.47679372694652,83.44291542428314,1
67.15727141647344,83.50930125149003,83.44319525422347,1
56.12691183479472,83.53608609972721,83.44012268916285,1
54.27159995547367,83.56012203440356,83.43840843769735,1
64.09753751773871,83.57828685027032,83.4365473257065,1
62.40433132362453,83.5933515533167,83.4373023121773,1
72.462529230722,83.60932254707194,83.43899045321632,1
67.23748408289975,83.62476978046844,83.44210393463031,1
71.1643493331873,83.63677352125283,83.44638721556649,1
73.97623629849751,83.65035454523289,83.45184185314142,0
76.80944461253117,83.6689038048215,83.45851988509969,0
71.32676978366818,83.68407057561147,83.4670122158005,1
77.93763227514123,83.7060112400674,83.47820732404945,0
76.37136408502188,83.72465020185632,83.48912142155773,1
75.09699611662424,83.74089323885683,83.49948528703626,1
59.92768834805086,83.75576808421654,83.50971074805246,1
63.03439651476598,83.77340426499782,83.51861834243853,1
60.29377196923081,83.78840800002426,83.52818408353771,1
67.38994181234845,83.81012262559591,83.54347661542229,1
70.62588675886538,83.83161330799875,83.55935630027909,0
65.73698121948917,83.85065849597449,83.573283331242,0
66.3968055538077,83.85924016311334,83.58522390322838,0
57.0060832002166,83.86962272969451,83.59902086829656,0
52.880008890372686,83.88100302224353,83.61353590442563,0
49.112519177500964,83.8896892707049,83.62580181771865,0
41.796385118695675,83.89237367152302,83.63635371219202,0
29.332879162278843,83.88894569695375,83.64569649711184,1
28.575684605189338,83.8860133900449,83.65582110599136,1
25.981788220696956,83.87399797667919,83.66640736421925,1
34.84905775211709,83.8627706449825,83.67928233716906,1
34.18264442696258,83.85240654345883,83.69057977029442,1
48.713597067942935,83.85080611990315,83.70436959956247,1
38.12412675772028,83.84383108322473,83.71571406663006,1
33.97116125137238,83.83723190529122,83.72655413900371,0
33.52833600588332,83.82963428586937,83.73486588450811,1
37.49614847313541,83.82551907233201,83.74267578731832,0
43.617405804399844,83.82518391299877,83.750901567565,0
46.895557009566424,83.82903314093953,83.76010470477688,0
42.56347358136411,83.82150277323953,83.76256073262613,0
53.29197764794332,83.8132398941867,83.76553606549862,0
52.20151792036731,83.80217656233647,83.7697958831207,1
51.310632497173316,83.79071202152268,83.7732824530938,1
58.06279609523847,83.7812470234883,83.77900520385082,1
48.92726093799146,83.76805036785916,83.7818688736578,1
54.87892845660918,83.76193760167324,83.78531061444177,1
44.76785382389008,83.76101437971566,83.78853491712326,1
56.97551419763664,83.7700415989227,83.79585764081301,1
56.71347681013222,83.77972959013019,83.80307685586605,1
63.540684025062156,83.79761390165808,83.81344358674407,0
65.52500971488982,83.81678234466224,83.82436822932661,0
59.843207401851345,83.83466296293031,83.83372746468794,0
52.63993964879633,83.84189278128105,83.83740621147888,1
61.761020747833406,83.85138632970583,83.84183415862151,0
57.312990433666066,83.8584517649989,83.84588603124186,1
66.98626331154763,83.87179204613071,83.85226796285225,0
67.30781880211764,83.88282873533191,83.85846666012439,0
63.891190742974636,83.88928205471086,83.86288537062057,0
62.495823503832035,83.88900660264918,83.86579943364916,0
60.211247160339425,83.89694914494314,83.86663098210227,1
56.37025170202532,83.89927585909393,83.86510459104304,1
49.61382415917324,83.90647432055992,83.86482408941608,0
51.823836568845685,83.9166571658126,83.86631708917425,1
40.5139737937391,83.9220150596505,83.86540673168405,0
39.13110745537165,83.93433372326858,83.86574228222271,0
40.43520988286027,83.94185807324877,83.86569654819851,1
39.777488837025786,83.94563063024223,83.86447993553355,1
47.12983775760624,83.94730892474333,83.86541950471118,1
45.79977984331524,83.94565782792185,83.86597678702509,1
40.5002952893448,83.93998131329292,83.8653870618229,1
43.66613061343321,83.93170733600712,83.86440584052998,1
46.78198538647209,83.9267950824229,83.86418209926731,1
55.105147159063165,83.92750572612013,83.8647124366816,1
48.39793595090943,83.92457709329092,83.86381590406009,1
61.15637359859936,83.92928573958876,83.86519911817996,0
62.85185039392678,83.93190273969694,83.86915335044905,0
62.52228456213136,83.93694765222085,83.87629625240353,0
59.54260514170182,83.9385191826049,83.88271476488102,0
51.66781139224276,83.94149105245772,83.88799049861429,0
55.28993774169661,83.94526442077478,83.8951375597405,0
53.05977087978424,83.94625047213826,83.89849652190534,0
48.35435968424897,83.94688873866707,83.90261696749936,0
46.772103836420165,83.94111516998086,83.90244070920534,0
41.49630341849307,83.93494854723617,83.90185371728862,1
35.44950553894438,83.92084698375606,83.89918831360865,1
34.76813346490337,83.9084918300299,83.89723956586275,1
38.132949238122535,83.90481042920385,83.89619647828228,1
42.38654588426737,83.89711071701589,83.89419022631806,0
36.70104731718984,83.8940443290531,83.8919812622705,0
32.43638707787602,83.88983967163732,83.89272182118201,1
33.60220543357181,83.88649521716353,83.89370796972071,0
40.459572451412996,83.88341111616656,83.89667592079934,0
34.98353545293594,83.86997724845523,83.89641852745463,0
36.211614588551704,83.86283671394325,83.89645178024205,0
46.65283815998785,83.85270072303811,83.89905926025152,0
43.706935459474956,83.83813494554538,83.89963228799792,0
41.47052752416247,83.81535884717084,83.8980340393856,1
45.688010743024634,83.79787715464388,83.89384898716949,1
53.28404756665188,83.78477628059245,83.89000917479918,1
50.11089110874859,83.76799213575077,83.88328885337756,1
45.51226539199989,83.7585606799885,83.87520785603583,1
49.16043896458764,83.7515821997293,83.86938466221896,1
56.905979601401185,83.75710886578297,83.86852714300609,0
56.83532901866779,83.76603761351204,83.8677142308111,1
55.61921860758257,83.78081194671012,83.86813238629313,1
50.38377762583651,83.79199724931304,83.86532164713567,1
60.98918274625501,83.79776227989294,83.86216989610669,1
56.5116812220889,83.80190499867489,83.85923940390364,1
58.135255484706526,83.80846540609159,83.85976478364748,1
63.37266394369118,83.8172131537943,83.86082742472246,1
81.95178338194725,83.83015820758156,83.86606090911575,0
71.19543701512582,83.83652505501915,83.86869621458304,0
63.081133985255526,83.84754646208803,83.8687742459648,0
68.17121474960294,83.85923363537219,83.87133921053073,0
70.90888536678,83.87310661374906,83.87456841644371,0
68.70400324718477,83.88830565095245,83.8782113190794,0
44.44618010148656,83.89512103643466,83.87783020186257,1
41.92737139159685,83.8986332546149,83.87437871911813,1
41.93047248627278,83.90217598931551,83.87261643935665,1
41.742175261973095,83.90418043806561,83.86896850328665,1
43.71026401371297,83.90617991624443,83.86499688813075,1
50.018938785762394,83.91095312153041,83.86304787786196,1
50.70493922725137,83.91247231723762,83.8625137794531,1
50.67794554163907,83.91621548676181,83.86436958819947,1
44.60272725924737,83.91862095077792,83.86386647076878,0
47.52515441588622,83.92213008691732,83.86141258602385,0
54.5326411522176,83.9298672743773,83.85933774496927,0
50.92726936820168,83.93814613629128,83.85909018537821,0
45.32798297845237,83.9426735693952,83.86023779042249,0
40.06493875960395,83.93924034370892,83.85841779389611,0
55.16181997231008,83.9269226441443,83.85832977791817,1
62.64954895589045,83.92213922290925,83.8587964082799,1
55.0613118990871,83.91810760340903,83.85957121933605,1
61.13386611106195,83.91126577656048,83.86186610226045,1
61.99021647346935,83.90093685541738,83.86660436510824,0
55.90919450129353,83.89207695322537,83.87164536835759,0
51.163602089658696,83.90009405474328,83.87594365207835,0
50.03737927467523,83.91271151415164,83.88061903797242,0
46.710505675313506,83.92210936487045,83.88384245368361,0
41.87353744454637,83.92959382597716,83.88487016502259,0
33.39182500004162,83.93352903661099,83.88381041590974,0
37.983016989232006,83.93354860033467,83.8831028715292,0
33.642385740389145,83.92475606060428,83.88442530431271,0
35.237681544671716,83.90976081644797,83.88313922920135,0
34.20016648107817,83.89148093539605,83.87937855571195,0
25.03078343604767,83.86869191375965,83.87363537330955,0
24.94873900950512,83.839527377166,83.86900515696732,0
29.153695802798396,83.81361751448011,83.8653863293127,0
25.40049608740648,83.78511366617157,83.86037274465414,0
19.966677746042734,83.75598601858752,83.85361534703082,0
16.183223786514432,83.7275509962544,83.84592590442455,0
15.477844289949473,83.69829438346741,83.83748128177514,0
14.295254777124015,83.66663394684164,83.82338125175954,0
21.058688689886267,83.6372566284274,83.81035370822657,0
20.309473046354157,83.60169800094982,83.79495878680413,0
15.992654520417517,83.56324323907941,83.78014376426412,0
16.868763549330538,83.52154950481338,83.7654585420465,0
17.448829776769912,83.4758805919324,83.75020927527545,1
18.757819472349098,83.43209183576826,83.73329302555426,1
26.864593821878984,83.39581761925169,83.71631195120554,0
29.581724767316274,83.36233701536398,83.69668193902271,0
21.206997171247465,83.32439521319775,83.67825093480066,0
26.175923983768612,83.29199973836953,83.66220661482532,0
33.153252846104195,83.26377905936039,83.64495739879663,0
32.57200426178659,83.23683367825738,83.6248693815153,0
28.831630182839447,83.21619978843871,83.60479302830407,1
33.05915146576281,83.19689564948499,83.58971500218746,1
20.372605456153394,83.17137657832001,83.57448365879475,1
34.42347915058372,83.15092664727625,83.55987300783843,1
40.82430931074438,83.13779574298403,83.54706146899818,1
49.6342030735499,83.12893074393395,83.53502623550034,1
58.018649654711126,83.12047654490021,83.52129065112307,1
52.024393881260416,83.11517020992662,83.50446040883513,1
53.3317248530674,83.11001942432591,83.48787528325224,1
51.708466824792595,83.10867591548178,83.47098077268566,1
60.40349046349641,83.11173998493925,83.4559877234729,0
57.35966641192826,83.11574535957573,83.43980977612587,0
57.89007509457304,83.12265961728265,83.42401466767198,0
64.36974510267316,83.1309320666206,83.40859642444444,0
67.43213794910437,83.13932509763279,83.39634585277508,0
61.385937457044385,83.14241065943892,83.38287714514055,0
57.25571314722245,83.14226707826423,83.36630207694265,0
56.71123548421678,83.1428362418891,83.35209807021734,1
56.334638295193564,83.14390143747603,83.33801166316285,1
48.875159898471004,83.14461319869308,83.32233991882556,1
47.502820271518694,83.14639563043691,83.30652049918866,1
45.17609286944165,83.14599872105347,83.28807686871154,1
54.812233774428215,83.15933354782591,83.27313247226444,1
60.26079799769184,83.17436275798788,83.2607743650854,0
59.366610555513546,83.18998215068532,83.25121679888144,0
60.14341103492457,83.20329309506971,83.24293185888384,0
56.54586106986859,83.21242836284004,83.23284255612522,0
50.52696828647345,83.22014822045813,83.22261727277666,0
47.26363502909822,83.22415909366288,83.2136345941382,0
50.01379397507489,83.22629779855694,83.20490751795003,0
53.09811057457411,83.22267833045088,83.19758229014938,0
45.08133311796871,83.21476617450715,83.18990529506235,1
44.63624691174311,83.20664104125322,83.18122407838123,1
46.02745314258307,83.19612065305326,83.1729992191971,1
46.736133724764024,83.18466906938544,83.16781907309426,1
54.23040027555467,83.18017989662151,83.1639287052874,1
38.77138877225685,83.18169638139236,83.15966287611262,1
46.755939523723356,83.18983152105125,83.16137709990119,0
47.77463481713116,83.1995268998621,83.16291977173672,0
42.288816137210596,83.20760075713238,83.16470102129858,0
46.85190081831381,83.21599159348887,83.16761984095247,0
52.575439704295796,83.22888175091451,83.17100976715199,0
46.97097928505401,83.22644762658473,83.17335928612538,0
44.79083904990649,83.21491432717613,83.17390336164856,1
49.97822385765702,83.20281286182117,83.17401489590924,1
59.56129135153582,83.19277964942324,83.17510891250753,1
53.43707445666604,83.18132969745965,83.17561634982998,1
58.69603290455997,83.17747249598952,83.17680637582467,1
57.849313493553545,83.17494249845235,83.17809996977498,1
60.267263948240505,83.17925661192476,83.18187669141699,1
62.755926795560754,83.18986848663585,83.18704976942826,1
53.07413569433398,83.20466126336126,83.19301154061284,1
56.23969186392637,83.22408096854932,83.20230583447295,0
56.87660100096537,83.24100226819824,83.20902946756591,1
62.90007347659544,83.26412560100017,83.21835101630072,1
59.35877962551597,83.28279417120339,83.22547407619518,1
65.08662949876593,83.30053957210468,83.2316880869944,1
69.50173297713508,83.30753967899341,83.23832488752788,1
66.29240654057764,83.31053691338839,83.24312676736172,1
71.41466814529585,83.32750110827712,83.25223109841673,1
74.34757888513798,83.34138981235361,83.2594797719182,1
74.1384781112301,83.35830486923007,83.26803357101373,1
72.35652695211087,83.37889993330006,83.27585541253235,1
71.84318940623511,83.40735773533812,83.28447362913556,1
66.52939920152878,83.4324874894336,83.29127985262956,1
67.97375317266966,83.45615379265625,83.30060616579448,1
65.34528807028411,83.48540467603041,83.31287138893646,1
67.55303677891251,83.50901257425137,83.32327690876957,1
68.55484163986563,83.54091069467985,83.33690367265652,0
75.36235466665275,83.57111117470177,83.35247588182047,0
74.25557532575723,83.59692197942736,83.36726030902442,1
73.45263531982897,83.62092251462751,83.38298105804246,1
75.9528067239362,83.63977421911211,83.39448210298742,1
60.18039918004598,83.6583011601055,83.40260482841295,1
68.68072738580277,83.67482334873714,83.41228749552143,0
67.51340782885927,83.69572806437095,83.42244806391567,0
68.4102240834369,83.71649780201133,83.43331586266294,0
68.72901266325968,83.7426724965863,83.44733459797915,0
67.64208679752315,83.76768204434902,83.46053594763616,0
60.57631047729813,83.77904718461632,83.47333085284046,0
57.798541560402015,83.79152318448656,83.48701771353248,0
62.015444718132464,83.8015805150458,83.50275930722918,0
52.55192245455929,83.81420498928536,83.51888099174519,0
41.249013489652285,83.81874584943543,83.53352370768842,0
40.29652823282752,83.82357897196752,83.5468438136624,0
32.52247101094362,83.81723898700521,83.55542980194794,0
29.206764490144877,83.80484558308099,83.5621310696119,1
35.860003974980074,83.79725672415341,83.56624699001044,1
31.487607990158025,83.78364078549103,83.57054922690808,1
26.377254881741166,83.7639248170799,83.57500550579947,1
25.901194889785387,83.7438830742626,83.57841690133391,1
19.597702333522022,83.7262653340184,83.58193449128402,1
27.728303960967878,83.71194133365668,83.58867958581621,1
38.90439304552376,83.70680603117509,83.59936151001253,1
40.03323333010556,83.69620797058363,83.6096455390264,1
38.63167228857283,83.68329087157963,83.61865255277824,1
32.23872736474145,83.66584176720785,83.6271206905622,1
36.65601165704182,83.6452423375803,83.63444253461546,1
47.18476002987435,83.63400570354689,83.644161229674,1
64.58852204442164,83.63096865244907,83.65401566905021,0
71.90054475826584,83.62895398133256,83.66265191141116,0
70.84024592729588,83.6275285201452,83.67190620994278,1
63.58646801877575,83.62201585799467,83.67805494752334,1
68.66048312461157,83.62025664019234,83.68522545648607,1
71.44995695612775,83.62052065734606,83.68940183620074,1
71.81642194800398,83.63160535803851,83.694954276682,1
71.6308759518773,83.6500267080928,83.70192592400716,0
69.87985689103614,83.66928676258009,83.71094582344512,0
71.04995196588268,83.68708273473433,83.72116755544647,0
65.90675653481182,83.70534162534645,83.72614171262721,0
69.14203293773564,83.72146078756398,83.73044529141805,0
62.995979276599314,83.73451950122822,83.7324203440833,1
55.18179942883372,83.74476583674212,83.73502594719302,0
37.20346221068924,83.74311635757662,83.73366495890792,1
35.99223138451592,83.74093365926099,83.73302400695738,1
42.80731647378689,83.74433695043163,83.73392581588838,1
49.34460182311364,83.75480087706674,83.73487917097673,0
49.37536992509156,83.76372882539081,83.73632903507125,0
45.523903152205385,83.76337856905769,83.73314837942513,1
48.61404923827596,83.76140488724056,83.73013315406571,0
45.26990461381658,83.75987045645313,83.72783130222147,0
38.9573816234891,83.75649357913593,83.72613463574615,1
33.580162142749515,83.75345163209809,83.72352591271772,1
37.75617738405979,83.75186184025483,83.72264972854579,0
40.650406190873824,83.74876310316117,83.71897773797036,1
50.373191583726,83.74778622273752,83.71577754002861,1
55.626369687990504,83.7475810506008,83.71435922344294,0
59.75700631764735,83.73956699246324,83.70970362179588,1
52.52271582967664,83.72570220828665,83.70437562102151,1
52.238003105012254,83.71970319782223,83.70240411790957,1
49.72134353309422,83.71748332637671,83.70082934817412,1
45.94879494015491,83.71444909862315,83.69756777751421,1
54.007308756899,83.71391814882702,83.6949112110097,1
51.89753430801589,83.72131458368858,83.6946924526092,1
59.507381859023496,83.73612051888522,83.69804062572446,1
59.56045958398997,83.7454227839483,83.70519933466561,1
65.95138628417737,83.75621391673702,83.71542650443915,1
58.872933984510745,83.76331638807271,83.72275290063897,1
63.90032361190442,83.77744292090496,83.73066923359069,1
64.28845920608767,83.79204387228756,83.74138077614876,1
65.13767187938322,83.81101550982818,83.75468427644769,0
73.52000540109395,83.83455198923517,83.76944929783285,0
79.3690877835854,83.85972741995879,83.78264034723857,0
70.69593336109679,83.88070435822253,83.79220905936478,0
67.39332464241238,83.90067037082996,83.80076269806891,0
64.54599395166,83.91209054131704,83.80729740792358,0
58.24730675493991,83.91625939420945,83.81452627424358,0
58.48282886142812,83.92643950614482,83.8221824892217,0
51.177260827075735,83.94056282778891,83.82699847071834,0
51.22356882302701,83.94942262280905,83.82978570605357,0
43.68587030053124,83.95506564683993,83.83127401437707,0
42.59716805260429,83.95855666341514,83.82997903482219,1
36.62421670533557,83.95936545669437,83.82985105048958,1
33.39044237653593,83.96030005800198,83.83070981973306,0
20.027766483031797,83.95052447631272,83.83004215331113,1
9.956584149800463,83.93975269371347,83.82845826893559,1
22.258302921192737,83.93042365583561,83.82758528353627,1
32.515709399115835,83.92984573583615,83.82697648994139,0
30.17375695079612,83.91960527326671,83.82367824900365,1
34.986265702358594,83.9059089714263,83.82160771458071,1
46.44237267442325,83.89169397303168,83.82277755063478,1
43.414360458188256,83.87301383820945,83.82484703262533,1
42.54803980557852,83.85376551943622,83.82624022031621,1
48.59984058711228,83.84212529157881,83.83181263296565,1
55.95787488018562,83.8358241720714,83.83871890319305,1
68.3727538792322,83.83858468203951,83.84499650056674,1
66.29175872528016,83.84355665998027,83.850028587409,1
67.11611575749689,83.84932713627454,83.8564218135752,1
76.61867491758045,83.86028624883605,83.86576154262966,1
79.77770471616657,83.87182806792592,83.87395497832772,1
73.773806307846,83.88467359629176,83.8811952703125,1
73.9599664520488,83.90760140823971,83.89042216646371,1
88.52074073027264,83.9368141239865,83.90319604724495,1
90.92883455170596,83.97189761842279,83.91872413100023,0
87.02944787271753,84.00903737567666,83.93415186231732,0
86.60577341817063,84.04703733881709,83.94815871536743,0
81.49826749811271,84.07639768503178,83.95911193730866,0
80.00063323205906,84.10226881664184,83.97205721961284,0
71.24295060896297,84.12949265502598,83.98519442769937,1
65.72531812344785,84.15522450568497,83.99581623772582,0
69.13066476494049,84.17844314050929,84.00716147628782,0
68.42418987167264,84.20370308867207,84.02054862864492,0
54.34684696833246,84.22376037259474,84.03017710982331,0
59.78974028246255,84.24544572471544,84.04146508937637,0
56.938421705014484,84.26015247982346,84.04833168756835,0
49.300526336647614,84.26847969114195,84.0542192634442,0
36.8960471941423,84.27351722960948,84.05694991255795,0
23.52406835191111,84.27410261887641,84.06073630589667,0
22.53472305657354,84.26664530608996,84.06144249670368,0
21.498376633031953,84.25642547645602,84.0597076199951,1
19.369313810592104,84.23929712736914,84.0525079173289,1
19.43092651269842,84.2184632304799,84.0439866629616,1
22.351059181298638,84.19151227400172,84.03590998886213,1
34.515787401425385,84.16495019678486,84.03242246642515,0
33.57031157057797,84.14128701553386,84.03039852019889,0
30.756203504195327,84.11688162498703,84.03007514883542,0
32.061541147604274,84.0919207510816,84.02937648005752,1
23.634713760482157,84.06623847766453,84.02797680822071,1
28.463728203606948,84.0456854618784,84.02724348133515,0
29.56020084015134,84.02521920976386,84.02613487250773,1
33.36033642472876,84.00259360899602,84.02617266115026,1
45.710549847395086,83.98502220015355,84.03113484334028,0
47.74942790336168,83.97226497844244,84.03533691852253,0
43.88697385194247,83.94788211161838,84.03649791082294,0
58.244647924125694,83.93009451913125,84.04015970469577,0
58.93748007798533,83.9165991526149,84.04495784700477,1
50.193556156427974,83.90154109799875,84.04539688942323,1
41.805221452953596,83.89014095068754,84.04485439183723,1
35.608999625056626,83.87841035795039,84.04496453057713,1
39.70829569689703,83.87108913437353,84.04577968517398,1
53.322460478334754,83.8784317558228,84.04720303044536,1
52.96433427512521,83.8847449207674,84.0486790959848,1
55.32440019319943,83.89391781910197,84.05197090872842,1
52.32442991780678,83.89143564458122,84.05214660762613,1
46.77597980970764,83.88222376907945,84.04895835900211,1
47.19786778869961,83.88144751140482,84.04722028058153,1
49.50922867827048,83.88573497325118,84.0462478053659,1
58.718794643081026,83.89248405868318,84.04523957718419,1
59.551525569677565,83.90160014366917,84.04376903926843,1
56.42345681423356,83.91063031108261,84.04165576977043,1
66.41612512701667,83.92223046416778,84.04119540830067,1
67.03330561336278,83.92972727117868,84.03998518851586,1
65.57027394312931,83.93415872744774,84.03427475990702,1
68.06059162964053,83.95001244819471,84.02774384273172,1
66.73033350377682,83.96733737513652,84.02347970447971,0
61.91252250481137,83.97928369688489,84.0178563902319,1
59.59473206276552,83.99763707708469,84.01389264624439,1
63.993292800199455,84.01377872862666,84.00945835663117,1
75.05589072441984,84.03804229216612,84.0083843854332,1
62.840209844418254,84.05607570020051,84.00612016298021,1
70.46860610531157,84.0798555653868,84.00776800039635,1
68.47776113712138,84.1036404528561,84.00865404165839,1
67.62853902603035,84.12628114953489,84.01297921950449,0
72.65196796219568,84.15773567284309,84.0170625868772,0
70.26665754008269,84.19362373662739,84.02234686172368,0
68.37734083271339,84.222355515604,84.02877061036638,0
72.2040861559554,84.24835426519532,84.03618261960024,0
64.3244308951488,84.269223391971,84.04328788642202,0
61.35698413596614,84.28713805403655,84.05196613844706,0
67.59850586972173,84.30637059235939,84.06163381613176,0
64.06260642970297,84.32110864443693,84.07392001512778,0
62.864986201648776,84.33205835009798,84.0854232363631,1
60.02017167060628,84.3493086077342,84.0973932934,0
63.560926919051596,84.35877712558906,84.10527461425342,0
42.56560400735603,84.3630109661227,84.11216928471525,1
50.216020963423766,84.37460089068995,84.12094409651304,1
46.82942652494173,84.38635114818871,84.13166480508723,0
28.962256800832947,84.39533724305502,84.14109786278733,1
29.706467709693968,84.39946573131243,84.14989649320681,0
34.558402835080756,84.40981988766181,84.15996043413939,0
45.483079863873236,84.41136953603197,84.17127837121073,0
46.2867038233794,84.41095788873169,84.17902831708965,0
41.01598249146477,84.40616815867621,84.186540491598,1
38.23028990467149,84.39434495476608,84.19564772413626,1
37.61297751681148,84.38100842161724,84.20271242271806,1
42.68207493369248,84.3694255673391,84.20990117625604,1
42.80356641283791,84.36154673574134,84.22018487469727,1
53.766974436760755,84.36020480886285,84.23131342969212,0
54.758731213063434,84.35763704787243,84.24365681441589,0
41.616120772894504,84.35078533057417,84.25351229461201,0
44.244309195723844,84.34791119198815,84.26171178959392,0
50.768534110378795,84.34709596017152,84.27036365212473,0
51.257525783745926,84.3445381451999,84.2776414238392,0
41.95833951352099,84.34034412711547,84.2848380072671,0
34.29408238864302,84.33632323626001,84.29380907158746,0
32.63403976902265,84.32524924878017,84.29846479146319,0
38.30723800498588,84.31496360847413,84.3033562591764,0
39.48326816802599,84.3067724228095,84.30681320843786,0
40.06909433076891,84.29691291691162,84.3080216025038,0
31.20329693530475,84.28040882876844,84.30787184121371,0
34.132029115145386,84.2640189148692,84.30799375149131,0
25.739530545184223,84.24930956118394,84.30686123309175,0
26.685158921325552,84.23677748741436,84.30758799558465,0
28.765677195007072,84.2241168025264,84.30528946586894,0
18.870119746211103,84.2080870945107,84.29901231046775,0
16.57294526095467,84.18890786553781,84.2937508437172,0
15.489959528231978,84.16647741396409,84.28772100944903,0
20.2811733523818,84.14148330379592,84.28239525975984,0
19.94293263707334,84.11560577615333,84.27468220801076,0
21.005808586820763,84.09205991949392,84.26790598232938,0
14.051769952115222,84.0612190701489,84.25425719149877,1
15.11113649375703,84.03000359689642,84.24090890974085,1
14.69443714129973,83.99591911311008,84.22549660926924,1
28.624765360143556,83.97058519582089,84.2099778164582,0
21.506091172466896,83.94641434294091,84.19492531411288,0
26.949639460632838,83.92814795222353,84.180781766111,0
25.54171427483942,83.90742470923172,84.16698443679097,0
29.40644231446042,83.88882375434339,84.15465335338682,0
32.21770782780064,83.86898703210522,84.14076119373127,0
29.812956667794154,83.85037568207726,84.12547387710084,0
31.280510762139826,83.82836112481928,84.11089474364424,1
33.502114624240804,83.80912556673371,84.09768811974604,1
28.260396540327534,83.78308788861143,84.08109970793554,1
28.89020586189308,83.75785533332433,84.06492074896305,1
45.86709072270947,83.74432775873714,84.05153902751351,1
48.046190414327604,83.73418859481708,84.03758592536808,1
58.37852464781012,83.73044680092053,84.02535927054176,1
49.82023992834467,83.72359807652722,84.01369959314871,0
47.075198132484964,83.71640677161614,84.00145862413224,1
48.943233565312184,83.71486330982627,83.98992335119516,1
52.664742586804365,83.72044732042187,83.97788830525472,1
51.427613035602825,83.72555259871021,83.96674679373227,1
49.84623462620619,83.72909360955246,83.95466678961976,1
59.51068745835058,83.73208865152351,83.94507529516119,1
66.45297973688224,83.7430049211673,83.93972391393291,0
58.508738533033714,83.7467602386647,83.93171563464124,0
69.94294822818354,83.75606141664024,83.92479030915052,0
70.0755653185624,83.76311527469507,83.91581753971973,0
64.27097941632292,83.77203422764121,83.90652006563877,0
63.71084049528915,83.78580310685446,83.89948098761298,0
53.481170027848314,83.79547579110356,83.88992058329039,1
56.06069916393085,83.80311465652873,83.88009559828893,1
51.278647453838225,83.81186219805002,83.86802932907558,1
49.44577618807876,83.82387291004042,83.85833226213303,1
55.00840878697625,83.83721576344406,83.85189603838715,1
53.03166128900782,83.84680820514397,83.84620950791361,1
57.14416971077889,83.8506837540774,83.83964732878307,1
52.82638287675869,83.85628314502937,83.83350388203668,1
46.587855271343756,83.8667267994052,83.82938417712967,0
55.7549959143656,83.87529354614458,83.82787723814562,0
53.59169777936359,83.88486202200312,83.82622554810828,0
53.384928292708246,83.89304595764858,83.82424135231813,0
57.18488639362973,83.90691764592384,83.82272285302355,0
41.61320257649538,83.90561000158064,83.81767257478288,0
48.7003932248002,83.89811571879027,83.81573536364472,0
44.52417203333653,83.89181686505557,83.81287923444836,0
49.1035934252608,83.87970871312443,83.81008282881467,1
50.17722974988687,83.87166999411484,83.80789221584727,0
34.546571753730106,83.85960619323893,83.80412023247301,0
42.01538947625393,83.85028520922151,83.802771103504,0
42.166103922865155,83.84459338210237,83.80327030807179,0
48.626201267882045,83.84389642898466,83.80565273112424,0
41.71953578000013,83.84557369222074,83.80789116071985,0
35.15136946683046,83.83958533068753,83.80593231607968,0
30.871700958693495,83.82600800803874,83.80373350442629,0
34.80286248224213,83.8165420463048,83.80156714554613,0
35.86039384976411,83.809889004343,83.80063304682757,0
42.38917204625012,83.79983508713073,83.7979084151516,1
34.29768974946981,83.78103727683641,83.79420427502212,1
36.81705605888166,83.75983392083747,83.79166053364972,1
40.376598102975834,83.73726458596221,83.78978693256546,1
39.011991082363565,83.71795356389477,83.78777255118256,1
51.68179101474862,83.70244622929314,83.79046618929624,0
45.467993297529226,83.69699132593439,83.79332697182691,1
39.591118043427485,83.68312808927881,83.79125549586139,1
38.388759136582145,83.67734805324582,83.79014301781984,1
42.17841992475898,83.67331841404516,83.78723147406453,1
50.77146835611216,83.66773632942795,83.78554751700759,1
54.172084577818445,83.6698668910407,83.78550428024282,1
56.714897017647154,83.67258325697944,83.78585908236529,1
54.090306142181646,83.67563885858011,83.7853469233351,1
64.04220539564933,83.67776996172805,83.78653967633137,0
75.79206855094624,83.68478071261548,83.79016600194504,0
73.38707772647544,83.6956619370818,83.791361630303,1
70.47550351395243,83.70585758153031,83.78887456857149,1
70.89529604337226,83.71615758110637,83.78932608252279,1
61.18417842103643,83.72183265242346,83.78694154114088,1
66.69167103197097,83.73428377446487,83.78637581505953,1
81.38493097961373,83.75269926028906,83.78647028808129,1
79.47349711187792,83.77343972993313,83.78671518288118,1
82.27485783677352,83.79729416270132,83.79051428120458,1
82.42073808475652,83.82079018606144,83.79484276299563,1
80.99014275835813,83.83926586839951,83.80142765743604,1
76.8123979128089,83.85871403365451,83.80726342127255,1
75.65942858746216,83.8838800937439,83.80992122798132,1
72.47448283502422,83.9060948661764,83.81385768223281,1
75.5019176797796,83.93224425212823,83.81985567328483,0
75.93180509828841,83.95539004129031,83.82519027551196,0
71.50553183645927,83.9736549473687,83.82827553942823,0
73.759448662273,83.99201036505852,83.83254580993088,0
75.00240974624869,84.00853723648272,83.83481700912692,0
72.82432021436364,84.02184559882772,83.83805953280303,0
66.97258386180914,84.03130950144642,83.83992274415407,0
53.67249523515321,84.03732690675099,83.84404839237114,0
46.625886906367185,84.04479280896808,83.8475454046426,0
51.16427032542893,84.05393843610344,83.85417471094192,0
50.416391273673966,84.06525352234277,83.86115946482819,0
43.57670069018752,84.06861411437883,83.86515346316513,0
44.74529868498465,84.07181013395497,83.8713518643677,0
39.98630187830306,84.07118604393474,83.87507551676646,1
24.42262111265333,84.05693632381356,83.87545145788903,1
25.557803826334137,84.04121672747684,83.87377088239249,1
30.525273005979614,84.02699169454132,83.87399485836426,1
29.830391979899233,84.01699345936062,83.8782266727418,1
41.169193056045856,84.0133459958025,83.88485642308682,1
43.168067045072185,84.010835701958,83.89157514449408,1
49.160043408138414,84.00687683270918,83.89865080463133,1
50.68544087033733,84.00065852625723,83.90551965116256,1
55.64723983971034,84.00220639746252,83.91674318767869,1
56.124318719416586,84.00369631391426,83.93009076716159,1
54.95033039788435,84.00585565624249,83.94225343723905,1
63.070067658651176,84.00958352819109,83.95471151852156,1
64.29379090272029,84.01726089986455,83.96584861238263,1
71.0382943127783,84.03554306614487,83.97946908845532,0
84.97750496420318,84.0526493047773,83.99535389084201,0
80.68084792693146,84.06348944952593,84.00863126945396,0
76.91905957372978,84.0728863392153,84.02098663489625,0
76.42720894392663,84.09028728397917,84.03417384498562,0
62.02319530579112,84.10085083845051,84.04374544333164,0
48.36941621515052,84.1038713541541,84.04759075563632,0
48.236253674748724,84.11868319342486,84.05266919182694,0
53.53375817215659,84.13469009482313,84.05653893563053,0
47.702804172331774,84.14902437578193,84.05969232363086,0
37.66532714447805,84.15502123822353,84.06197039319846,0
34.100292418496736,84.14937957157615,84.06226521910517,0
29.379394675612403,84.13942224342804,84.06088100942276,0
28.252231266207687,84.1275388418671,84.06093328040878,0
18.837868792787646,84.11800986643138,84.05901008794916,0
24.35017748548674,84.10604637292775,84.05808203273415,0
23.995545792263314,84.08661676755585,84.05536158221067,0
23.950177721943135,84.0666826957765,84.05000885046911,0
22.85493086976568,84.04680997683263,84.04511943483004,0
25.751475997811795,84.02371562460687,84.03962851486557,0
32.95848138563656,83.99456589999997,84.0338098349935,0
24.237724947894975,83.96377019405566,84.02730993096671,0
20.09086812443043,83.93271601916481,84.01927973064932,1
22.71390783722505,83.90449946974186,84.00988872194173,1
29.861542993463658,83.87487882813271,84.00196935972257,0
38.350361617044705,83.85249005656205,83.99527948700896,1
38.444086304673675,83.8381194428127,83.986034386738,1
34.55638310021412,83.8200685684487,83.97728172461333,1
48.83417757148766,83.80643996917368,83.97037668376892,1
36.3524225144491,83.78798834228857,83.96236385996774,1
51.548958980586285,83.78024438663033,83.95913738515023,1
54.78711955358441,83.77857539392448,83.95577825308774,1
50.27614963232085,83.77843065194065,83.95067789575765,1
57.04129286527795,83.78027091496988,83.94694023745961,1
48.448743257372506,83.77714407100297,83.94242207059881,1
56.7728974060775,83.7756252564119,83.93960808171691,1
66.33609618799733,83.78354136071162,83.94030370892142,1
68.10049675306836,83.79685415063804,83.94597598119891,1
57.97058460530321,83.8007482834858,83.94893205723363,1
59.36534571143619,83.80847145685287,83.9522204197902,1
65.3688231682455,83.82282296718664,83.9561416381239,1
68.95861380062141,83.84452119235428,83.9597800095874,0
60.98029676337362,83.86425692355326,83.96064821928744,1
67.99461494512254,83.88622635746601,83.96162853184447,1
67.85006654339365,83.91262366838046,83.96675541657187,1
67.72389556614473,83.93835941026359,83.96974069212938,0
63.19842332998902,83.96126521682125,83.96906194790077,1
62.963442902694744,83.9876363961066,83.96999402055897,0
72.36580848815022,84.01221310562538,83.97142851474264,0
69.48893817460205,84.04108139639018,83.97189205857799,1
60.806932232533356,84.05961787117337,83.96876730716161,1
60.55321686210291,84.08112837170789,83.96716987985995,1
66.05457810769639,84.10065217012462,83.96554298399712,1
65.18678263036942,84.11831671037443,83.96511238592326,1
64.98452666333753,84.14816670689684,83.96557383976588,0
53.65103538122381,84.16779670707038,83.96638642916487,1
62.180569961208704,84.1842513975021,83.97245572626062,0
58.23084135368843,84.1963536151035,83.97704414987038,0
50.70312227420077,84.21490828878049,83.98101933481655,0
52.72277472268326,84.23263163606241,83.98566332390239,0
55.93729961338935,84.24222319851808,83.99102242224176,0
47.056230653316234,84.24266561921662,83.99709442864359,0
35.64324771686192,84.24184276806889,84.00161642914377,0
41.954601580495634,84.24174416059068,84.00731065933387,0
44.70414975100407,84.23434712854908,84.01329032141894,0
42.81752980925629,84.22876885267641,84.01882968402886,0
43.84874313346533,84.2264518605129,84.0249959850836,0
38.02957014668882,84.21743677563538,84.03029565250253,1
33.20353745632531,84.20706327948349,84.03552983580295,1
40.655440296462636,84.19826237758832,84.04171075977058,1
34.080840987948406,84.19267703614425,84.04801176161932,1
36.84009188742529,84.1847988770648,84.05558135306363,1
34.11889404134597,84.17628110741222,84.06296901929609,1
37.35477302280795,84.16999175764687,84.07130930108525,1
46.81713183277175,84.16279927176524,84.0807420172189,1
55.34812050261098,84.16375826619355,84.09089371301748,1
63.33345171844057,84.1604038453323,84.10136948726846,1
58.34347542292623,84.15794592897619,84.11219509408136,1
67.22723836724663,84.16138653703155,84.1229979619597,1
69.45362287987975,84.16741756028036,84.13743501109907,1
77.32996492322442,84.18278820351503,84.15203994899561,0
79.82739970160259,84.19947778873328,84.16545538656712,0
72.8540944857845,84.2192299757346,84.17793615866135,1
72.40628323050046,84.23529249531425,84.18931929147162,1
74.80106212659729,84.25398064921553,84.20402495270396,0
73.23873366997324,84.27026988076956,84.21668753377193,0
76.97738125357701,84.2868748780573,84.22632939202187,0
77.40908297368716,84.3116708188667,84.236222319794,1
73.83663998904939,84.33396648503538,84.2488171164228,0
63.47036458296488,84.35105188992559,84.25874293299967,1
59.38041826624703,84.36522108197612,84.26497100753514,1
60.0440581826407,84.37920859535488,84.26945631426388,1
64.49038438472195,84.40657478270042,84.27989616295494,1
55.896106208570025,84.42707261111775,84.28764780254595,1
46.24585613119577,84.44215500899357,84.29255455346414,1
59.42106332669353,84.46281599228902,84.30067634582765,1
61.29893405895334,84.48309063032964,84.31009965267181,1
62.29584288664251,84.5047075724246,84.31902356460859,0
66.273690078958,84.52739309153172,84.32906995632224,0
62.63339952722677,84.54252802450962,84.33801366234685,0
62.97179129546481,84.54987587589493,84.34814315088423,0
57.40640181678116,84.55822213366659,84.3562928913506,0
52.0622535123157,84.5643708833076,84.36342364393455,1
60.88441300207707,84.57537823864611,84.37214390278032,0
62.9355133794813,84.58302821818329,84.37796955721855,0
58.869451086064764,84.58819338613809,84.38484620539901,1
47.59194911230575,84.59317177082185,84.38989754134978,1
54.79092001541127,84.59700913607121,84.39648452818106,1
56.50838466441232,84.60153542711687,84.40346797175737,1
43.405356484845754,84.60748984421171,84.40868621625937,1
47.30878916630065,84.61854171099368,84.41549841252535,1
48.920129411826004,84.63151027422218,84.4249941762661,1
39.03015377337285,84.6342500419809,84.43685907251977,1
42.11053300505321,84.63949613116874,84.44674859077719,1
49.4395334418444,84.6492472893876,84.45851461779955,0
51.02871608142214,84.65025446319446,84.46927059003487,0
67.32220521178769,84.6583530427781,84.4828601255779,0
55.66663043930145,84.66234021115119,84.49698493881489,0
54.45068302755956,84.6573228475143,84.50917378353456,0
54.280740838335035,84.65247072131409,84.51969699983718,0
55.546553458716986,84.64785812270762,84.5302155855096,0
50.32141789187735,84.64489493369085,84.54033131400101,0
42.36938845863683,84.64258535522234,84.54994534305861,0
47.0274909266734,84.63529039549891,84.55826335792112,0
47.99359929230189,84.6318900471283,84.56560586736377,0
35.765931035723796,84.62650054388129,84.5699431164741,0
33.93528595843483,84.62085375966176,84.57407750708157,1
38.46060468215175,84.61398156519375,84.5788987826681,1
28.128044670160307,84.60304755781479,84.58013238007065,1
27.754925284175727,84.59372577522433,84.57920950223698,1
23.849491050092922,84.58669428319341,84.57706084439671,1
38.240959833486585,84.58298113954109,84.57839551658923,1
43.725727925069286,84.58083701851668,84.58150188963256,1
47.05018446394954,84.57891496345601,84.5841975780339,1
45.80745208891673,84.57185603602628,84.58566477252386,1
50.3473126048576,84.56848592975496,84.58855700962904,0
61.90040167406538,84.56350258575583,84.5935112086573,0
55.468645539122,84.55717213965619,84.59518546713069,1
56.74642132725704,84.55657098317883,84.59821558279197,0
61.08698598379359,84.55697486020024,84.60206618794702,1
59.2902275625151,84.5552780264015,84.60623836327973,1
56.39878187401871,84.55305290803538,84.60986903907322,1
65.87840898115866,84.55866833497122,84.61078276396692,1
68.72006628901642,84.56500427093769,84.6134360218491,1
66.26187014403058,84.57038428844164,84.61689757914299,1
60.72692735934233,84.58191310844603,84.61758196293691,1
60.853760113560305,84.596787436635,84.61955622960372,1
61.23555368761326,84.60935769037016,84.62075882984631,1
67.45117045833312,84.62774977045716,84.62027505164082,1
58.857842565953256,84.64497218978836,84.62018716834845,1
56.425565988334355,84.66072693710521,84.62140126888083,1
69.50200372736063,84.67331963270398,84.62443451620416,1
68.66534008424262,84.68679675381524,84.63047223783563,1
77.049099257547,84.70339723326947,84.63540517588325,1
87.4483205328915,84.72327354709486,84.64176290408848,1
90.79913624698287,84.74405781715843,84.65090278203715,0
68.53721641136764,84.75328368524006,84.65755597442458,1
70.2152679765105,84.7693256203041,84.66411206082384,1
74.45342652597469,84.78900212739441,84.67320226290298,0
69.912614452155,84.80861857247967,84.68251767925422,0
64.66417143495605,84.82864924809657,84.69028137812089,0
68.54280249955698,84.8535747364991,84.69869482398398,0
62.552264151054494,84.87199181366557,84.70587947264079,0
62.512365948712805,84.88709468395993,84.71247544296557,0
61.17643330231327,84.90181895182153,84.71792624411657,0
55.04957352093282,84.91263441916432,84.72253394532486,1
55.63466766360342,84.92483845469171,84.72615039436916,1
49.957220526702194,84.93474209236528,84.72971958233197,1
49.571115874776204,84.94372888585606,84.73483746697754,1
46.01665436425044,84.95591881818123,84.7415664070953,1
62.2010504772876,84.97156093792935,84.75088239496952,0
63.1646562721756,84.98826395785865,84.7617821258713,0
53.39315893243442,85.00079050736201,84.77375429869151,0
50.41091031396092,85.00646288676108,84.78387417238811,0
57.17064356588065,85.01340721717948,84.79436977210895,0
48.75553698467795,85.01413829534418,84.80595788262234,0
51.52758277265153,85.0214476015714,84.81779351118844,0
49.650787442526756,85.02225384984357,84.82742097468378,1
51.918078611992634,85.0186508633385,84.83944358511248,1
52.62627150790241,85.01496607352861,84.85101379857593,1
48.42961898716942,85.01365719341774,84.86106654221062,0
52.34284180612792,85.00790703102729,84.86866518057845,0
51.442504541300764,85.00593317586011,84.87591793557816,0
53.32299200940072,85.00847524406818,84.88429955521043,0
42.427626915753365,85.00961402461584,84.89302943955238,0
29.931668370900127,85.01094753563368,84.89951858767633,0
25.624974891231375,85.00299369907113,84.90194683969528,1
30.596358382424853,84.99807538504596,84.90608088048786,1
22.05353502939529,84.99139908855315,84.90876870912723,0
21.890939217931248,84.98134620845585,84.91131494639757,1
23.599293912179263,84.96584633503485,84.91510971842287,1
36.585571082514335,84.94928225659002,84.92027386529315,1
40.291062118915086,84.93829633887513,84.92560550025308,0
35.97245073356474,84.92640335540746,84.92843380617602,1
34.6120555997508,84.91043498394389,84.93039005030985,1
41.26074608440203,84.89995042503205,84.93317280925672,1
48.8330491204485,84.8960278508345,84.93748967686824,1
42.18967048845405,84.89293224787792,84.94085079768688,1
49.53704991351016,84.89221171850505,84.94522836433163,1
47.19129569807947,84.88910145882703,84.94866550619139,1
59.410894173187835,84.89001164203589,84.95278042418289,1
57.713866678765214,84.89003049012226,84.95534952354578,0
63.19182518059335,84.89473982877186,84.95909516556081,0
64.33849527596368,84.89562115659326,84.96118912453994,0
62.72268139765155,84.89627423491916,84.96222971468211,0
59.629885868436986,84.89899382047409,84.9614929890026,0
49.468070729903125,84.9028043973228,84.96175512452837,0
48.646983069862884,84.90028569513498,84.9584649104202,1
51.80974251421795,84.90003005608311,84.95317988060273,0
51.90656334851811,84.90553892620494,84.95008308788765,0
48.20886980828675,84.91289905554876,84.94880964140376,0
46.62695992006004,84.91309808224241,84.94408320359047,1
42.75469056583744,84.91115226231672,84.94126967971353,1
44.03881153827369,84.91105689332649,84.93801868992264,1
40.36314386143098,84.91356847261362,84.93508985862667,1
46.856595073372205,84.91666024096938,84.93478313797876,1
41.04116901713208,84.91558010760089,84.93378633803191,0
49.892479337212194,84.92226817952856,84.93586123255218,0
50.570298764851216,84.92376288634838,84.93724196452855,0
50.21507719165329,84.92910825584573,84.93794128125721,0
57.96422487524376,84.93078128785507,84.93646856415319,0
60.3887665917025,84.92884879947687,84.93158346019307,0
55.88070921756448,84.92023345118305,84.92687234308922,0
49.23156565854609,84.91212675688833,84.92345467259084,0
44.183429410678315,84.90410994653288,84.91851080642347,0
53.097223945802135,84.89745741147753,84.91482063545592,0
41.73500916073858,84.89100537631178,84.90957823442452,0
41.02510387916177,84.88665163793291,84.90422402565596,0
45.387234270041326,84.88440435883541,84.89948127880149,0
31.041050308859283,84.87200172595763,84.89289734885928,1
32.60569687876571,84.85962284670558,84.88719590271889,1
21.246006214975807,84.85023639124839,84.88101494767892,1
22.85478329072589,84.839762317119,84.87480133621708,1
34.06879257319572,84.83792807924056,84.8697998239916,1
33.27347312381745,84.83426605093625,84.86495066915487,1
41.51449239937085,84.82888432534118,84.86195785386177,0
43.502329280664874,84.82245306044834,84.86157008258279,0
44.40388812115504,84.81065885377016,84.86089462004185,0
44.633111306966754,84.79858394649165,84.86011590770394,0
46.95302162568387,84.78962386256858,84.8612523429023,0
50.62597526497473,84.77795308837695,84.86131126549002,0
50.6972658910961,84.76700836588377,84.85867390391057,0
44.57156167975374,84.75768449919354,84.85462760721657,0
59.518084223450074,84.75008384715169,84.85292686928852,0
42.64236507475813,84.7372700803165,84.84924484497253,0
44.69344071484613,84.72351012701874,84.84424451625063,0
37.30776619135092,84.71062316254941,84.8354163591105,0
29.69101855209057,84.703738515337,84.82854653263958,0
24.391485339781497,84.68692105969356,84.8173650152769,1
33.59066133727937,84.68341078778045,84.81062108044065,0
32.19539378127712,84.67666959057894,84.8018590821361,1
30.116944801477203,84.66826951046592,84.79231055581639,0
29.9915722699851,84.65837109955882,84.78025384453186,0
29.10187851684968,84.64507281893269,84.76958048892737,0
36.29048590267829,84.63523015752479,84.7605330381971,0
39.157066376120326,84.62233900290471,84.751295926834,0
34.19234215602296,84.6043868308952,84.74220305601175,1
30.116429190539463,84.58271279090431,84.7338654583496,1
36.50843951083183,84.56279609134782,84.72522232180984,1
41.46462780943611,84.54383510384764,84.7165708139594,1
50.69339808198046,84.53113222982672,84.70860453520119,1
48.829962166351535,84.5228347891423,84.70256858667051,1
60.998590348573124,84.5175571154311,84.69718954846233,1
60.96777492602604,84.51810258061168,84.6957451442026,1
66.49990086421732,84.52886144254964,84.69536203294695,1
73.74805566669431,84.54278489899988,84.69469437946282,1
70.69812389571194,84.55812049540648,84.69243251423272,1
71.61257014710118,84.57460371370829,84.68948074631147,1
70.65922675172017,84.59874925066966,84.68735956100541,1
73.60336244643806,84.61859879124485,84.68641729460028,1
84.3778161362108,84.64388001928208,84.6870985747069,0
93.29877861493327,84.6733051027259,84.69009307711598,0
92.32858290094153,84.70333738317568,84.6934954173289,0
83.40976580918492,84.7278512210479,84.6958702745912,1
79.52482928640433,84.74834629113077,84.69822757603625,1
79.60859966333662,84.77049259150941,84.70050999884675,1
78.27475792801425,84.79844508350904,84.70517893889065,1
74.17799869393673,84.83131973629983,84.71173269769635,1
73.49479805635163,84.86649221026794,84.71805746238284,1
73.32758260355831,84.90127708173547,84.7282809562705,1
80.3258462734301,84.93207405907,84.73758502014698,1
68.97855649144785,84.95941823599745,84.74624132457015,1
68.66444207982721,84.98479518913503,84.75520269726876,1
74.12022639184333,85.01134989372365,84.76511386999586,1
71.17748178578657,85.03496406685265,84.77564123931349,1
67.33701235637074,85.0544397594567,84.78491655310901,1
70.172557348649,85.07848065093492,84.79484355042737,1
81.56485067741554,85.10128748389516,84.80573219836147,1
85.70806675387674,85.12452421107075,84.81773566683705,1
87.44263138937377,85.1502416122084,84.83066439445622,1
87.5855656529662,85.17299136756671,84.8451138863828,1
88.83665710596112,85.19905653247244,84.86291234375147,1
88.0307692054437,85.22625893828258,84.88092519296453,1
88.76335585269476,85.262282356365,84.90074967827651,1
90.37669939387459,85.30345288185075,84.92470069664995,1
97.52255559627461,85.34706443773275,84.94993172313235,1
97.6052129576149,85.39244328298642,84.97790698706545,1
97.62001554717607,85.44490912666019,85.00820094222564,1
97.75811062580647,85.49781876163473,85.0424165431593,1
93.7674598713035,85.5448566706221,85.07285930940718,1
93.63441634949527,85.59295284646728,85.10409832250231,1
91.44203344733181,85.64302186598103,85.13614226677619,1
92.31886782883751,85.69890057180787,85.17141448616837,1
92.26110935874974,85.75144354273178,85.20766215951548,0
93.05913605279164,85.80991177314024,85.24551388555966,0
87.88862248042079,85.8667620385235,85.28268576735654,0
88.53734817278519,85.92559349746384,85.32332621705484,0
80.00774669859902,85.97767443860333,85.36371685744109,0
70.88541211587935,86.02226139760046,85.40152178933809,1
67.47569911589474,86.0607874869505,85.43744534769736,1
68.88277721914622,86.10321385301401,85.47394653565772,1
59.86844578583621,86.13767780158152,85.50884954872716,1
56.81444342131834,86.17129541762476,85.54242051384199,1
63.54357772334051,86.20383553937505,85.57504286178185,1
64.96970626400733,86.23516135299892,85.60722066082967,1
70.44462526397837,86.27099032064633,85.64121389179094,0
66.46684555121423,86.3041198397481,85.6763067248021,0
61.5366225311773,86.32780400558502,85.70948105897634,0
50.775662038402736,86.3439929175084,85.7405140098948,0
52.29089181547987,86.36183474512885,85.77015369096078,1
43.89543523678906,86.37501556949948,85.79655254258928,1
42.50595021635428,86.38290643703839,85.81998280050118,1
55.44838572524629,86.39046108199345,85.84626396569548,1
57.22564937652298,86.39386630126913,85.87406819160398,0
60.382796876011184,86.39921388250615,85.90586092210982,0
61.01099410552205,86.40428384348478,85.93620226814669,0
59.32600874439054,86.40406129352671,85.96557270106189,1
52.830202955727955,86.40587506921817,85.99353899060841,1
47.67743645349309,86.410972244333,86.01931380296412,1
42.2521690981296,86.4204583607652,86.04511785930924,1
44.65551914103212,86.42668239465398,86.07178986989133,1
49.54238431910568,86.43936255818932,86.1008272776039,1
58.134047453023186,86.45674931885819,86.13120216573125,1
62.67322873944532,86.47387000255927,86.16005090531611,1
63.06108740962063,86.48456962430461,86.18706288381046,1
68.9469173457202,86.48578672503712,86.2137526780231,1
64.08938469008345,86.48741297329127,86.23987965374465,1
72.67217658555384,86.50350164977476,86.27036672532819,1
69.03133874519219,86.52606204075047,86.30112914176671,1
73.78583622347887,86.55026598251047,86.33016343908159,1
77.54455693686131,86.58062573699357,86.35960629036,0
78.55282580226861,86.61508938718474,86.38639594238607,1
82.9946549503367,86.64368730565022,86.41323531264254,0
83.11180844601856,86.67543778065654,86.43933036132061,0
82.1248841076366,86.69812398982936,86.46372936530126,0
75.62886983779514,86.72108275020453,86.4858095931354,0
72.03631002966978,86.74525408690498,86.50669702262931,0
66.60573243934795,86.7709950800002,86.52397337194441,0
64.33071213525392,86.79423382213095,86.5378798271626,0
64.02604349745664,86.81246839408952,86.55216254869622,0
55.97438821022392,86.82391144337168,86.56417330865308,0
30.414986864944993,86.82803825692925,86.57483383398319,1
21.093527657819507,86.823565315036,86.5810680630225,1
27.541570183437855,86.81855523215417,86.58689558108506,1
32.82394227703719,86.82220307725781,86.59197940545747,0
30.296887814728493,86.82234149270059,86.59598445969394,1
37.14291107465472,86.8275363146807,86.60065678063138,0
29.623612457123926,86.81589206401546,86.60565377549302,0
33.36122581775139,86.80415212840192,86.6138854340873,0
36.44771073457955,86.79293785130113,86.62302358482185,0
39.46405884658878,86.78158767875595,86.6309558206568,0
37.26780690255871,86.76829214136345,86.63864167829887,0
36.19487509139651,86.74780585974368,86.6438394894901,1
35.67294905933329,86.72121961705183,86.6462839923913,1
40.84776380939651,86.6962112313823,86.64814931665461,1
51.481768841802804,86.68061246416198,86.64965845054165,0
51.849037672916104,86.66171707420014,86.64973591641014,0
48.37186217082153,86.64359082560836,86.65028809995374,0
40.24988596336966,86.62758803117211,86.6513178726281,1
45.17892368898086,86.61351047860944,86.65283284208846,1
31.55785799761685,86.59758931906359,86.65320280847871,1
42.066114592171324,86.59113472023589,86.65812514726218,1
38.68679228321627,86.5887144540743,86.66036941185484,1
41.77384718085698,86.58616671479228,86.66381574649432,1
38.07780728229004,86.57765339525663,86.66335521055767,1
42.89389343759495,86.57512424086265,86.66432061864509,1
55.82839877145048,86.57102776059114,86.66744336745717,0
60.729853058453315,86.57129342609197,86.67182111824255,0
59.72094959190001,86.56955140181532,86.67731709708023,0
45.54156776189376,86.56416189421748,86.68050499820278,1
48.226372875903195,86.5547159480536,86.68216924201663,1
43.5015501034997,86.54580782060457,86.68121978326496,1
43.55653928484957,86.54062544297173,86.67738993913554,1
50.31853691005936,86.54254967534928,86.6737558615073,1
68.24582154017588,86.54926087968464,86.67402581880664,1
55.21142902068527,86.54487411213047,86.67329340537901,1
56.78750176902962,86.5454233097841,86.67294005100725,1
50.99276301757854,86.54521458372135,86.66697327353239,0
58.2204644903213,86.55243891684701,86.6618686230667,0
58.01058284788764,86.56019038570612,86.65680260336673,0
53.1959989172699,86.57459263355224,86.65078956710218,0
48.85307584592117,86.58123426140897,86.64458309695188,0
41.85229372087787,86.58248866283563,86.63588995472902,1
48.37342750089848,86.58320298772735,86.62692182932264,1
52.14085375082596,86.58594356622788,86.61848304111709,1
58.54387619883623,86.58933177517437,86.61162022863302,0
59.280928878156566,86.58673409059155,86.6040353689318,0
53.22030548337195,86.58317519646592,86.59669316482885,0
47.81430840396627,86.5817751347358,86.59233362212217,0
60.805891488741985,86.58653013772876,86.59012969565845,0
51.45394913608847,86.58905137116865,86.58822521313543,0
49.76888924608036,86.59288427880877,86.58715819201677,0
35.30374472533579,86.59445974322186,86.58574771040986,0
35.744200465099496,86.5924031868104,86.58329504336982,1
41.13935609586282,86.58714293772344,86.5800017629929,1
43.03933626276621,86.5852387329019,86.5784523014595,1
47.089604795402664,86.5796725772012,86.57379455601546,1
40.73319357998148,86.57404693597373,86.5702352223157,1
51.48158662562073,86.57156431379829,86.56883349722524,1
54.89821273775679,86.57274561504053,86.56872570886247,0
60.52757203345492,86.57648855526858,86.56874991770725,0
62.334740774101036,86.58392348223104,86.57083563329893,0
59.58044567492464,86.59661825985607,86.57541491477397,0
51.075222048247284,86.6035334331799,86.5798473557739,0
51.62082144301683,86.60554558927412,86.58221678427381,0
51.931275908348006,86.60428270277069,86.5810883240765,0
54.101356008783725,86.60179347115229,86.58006592771264,0
50.21320838878273,86.59770585552499,86.5783391767955,0
45.32292250540052,86.5905257064857,86.5775086922476,0
46.495792092947276,86.57985385433223,86.57666704594756,0
46.699836408478866,86.57112110967059,86.57763792937823,1
50.93951280091389,86.56629432728525,86.57722203483652,0
35.184927466039866,86.56562371542756,86.57651141495118,1
25.871183360305224,86.56499946072162,86.57482814174155,1
15.094343039766756,86.55874041807508,86.57243657212025,1
19.47455986506202,86.555841790766,86.57073932142086,1
18.158508754285393,86.55338722412895,86.5667383414306,1
35.75191768664017,86.55765686659764,86.56478059851796,1
39.70718630343861,86.55316482452791,86.56227886631028,1
42.355116987180885,86.54421365480925,86.56074641309918,1
53.421373735233054,86.53478146974484,86.56077612638373,1
63.538285291224504,86.52705034872986,86.56333264454902,1
68.69362639402294,86.52255061970445,86.56818498546707,1
74.72771162372486,86.52735696883454,86.573770273168,1
81.32384157617435,86.53814262118287,86.57776948087309,0
79.71456678753064,86.55066308709112,86.58340391406077,0
76.83433625723447,86.56464644421713,86.58775518148587,0
75.20858191728664,86.58026829940262,86.59236066306799,0
84.36085548564104,86.60139798902864,86.59709232112027,0
72.53600036221232,86.61779680053087,86.59970961187746,0
70.66628178868885,86.63349821435271,86.60120016169842,1
64.23569583105933,86.64672741910405,86.60341929791457,1
60.45794399574714,86.65772373764354,86.60660544487433,0
58.6746800916375,86.66656057956348,86.60817117847598,0
62.90357664858487,86.6842365732292,86.61175377492079,0
58.60041372052682,86.6984823658964,86.61439955770967,1
56.664376474791936,86.71600622718948,86.61844719606975,1
40.7239490355152,86.72221355675649,86.62039594263419,1
33.18651146932514,86.72537969227078,86.61972068932428,1
38.5474501556283,86.73210504091013,86.61897637437174,0
47.88648549427858,86.74256102573096,86.62217998820866,0
49.24188640067709,86.75097372598687,86.62656842342027,0
41.74330455023483,86.75513711199875,86.63245593297783,0
49.518010887005126,86.75486219230187,86.63875387536456,0
42.72438263263948,86.74328007908366,86.64022433741718,0
44.457154611678135,86.73272455487238,86.64239824284896,0
43.74041047685269,86.72038494684493,86.64404012934338,0
48.34677294812106,86.71126030475946,86.6472460105823,0
34.07185900527365,86.68939161561624,86.64422324184744,0
33.28855106254892,86.67016863933733,86.63867882159619,0
31.21429994771853,86.65364679189683,86.6320634563497,0
33.3733276474571,86.63525229696562,86.62395082380839,1
35.350893151236804,86.61844742060734,86.61533710917483,1
35.18810865450352,86.60618408714771,86.6092314400631,1
24.90988464894005,86.58757151780553,86.60456414633336,0
21.396395383991916,86.5667786303112,86.59939792872588,0
28.112950431783688,86.5478058476104,86.59685214665302,0
26.597551337248035,86.53545253113279,86.59549461287732,0
36.2383907898166,86.52793030430855,86.59468252845342,0
31.577255885880064,86.51409183251369,86.59267156564432,0
27.49752796785394,86.4856750333755,86.58800155769062,0
20.433375911969378,86.45336655388756,86.58139731406119,0
22.7532431630366,86.4186490534373,86.57366606818172,1
22.792093271129957,86.38009844076473,86.5647934673818,1
21.180832098938623,86.34766047355127,86.55579235960766,1
23.53148918581961,86.31481616533044,86.54598799267474,1
30.352319070881293,86.28862577260456,86.53813554873359,1
31.388265364789135,86.26339017509969,86.52953933398312,0
36.18347640531803,86.2486279032618,86.522408473341,1
36.289413117132106,86.23294560221856,86.51417160055989,1
31.269961038408894,86.21760781319628,86.5051939937303,1
38.47424321516005,86.21029683804697,86.49724941953525,0
32.75720261004453,86.19882100899096,86.48584526488943,1
41.16116392883258,86.1888668225646,86.47383538155513,1
46.19342571257096,86.17556406799403,86.45953272505781,1
50.95591961723837,86.1664883574082,86.4457280368527,1
57.17188696371114,86.15558662207108,86.43322821779456,1
61.06266777058243,86.14447214557798,86.42117615134747,1
72.13365869144789,86.14003660526677,86.41013797494865,0
70.17028058214885,86.13764685998889,86.40061158942754,0
59.64288980542861,86.1383925354233,86.38995928611888,1
57.36290718278261,86.14349077700965,86.38010265722343,1
53.59065012160312,86.1514736654797,86.37116603931618,1
59.900453379016305,86.16348138899001,86.36356179115245,1
62.53926315923698,86.18142978048483,86.35466964250992,1
57.016688308885584,86.19887429140431,86.3461447628779,1
68.0959570806287,86.21479522857669,86.33765114928849,1
63.655934290700664,86.22750930953227,86.33165763509342,1
77.27961860601872,86.2435333456029,86.32966993467384,0
73.56263729112368,86.26136832805348,86.32587691541725,0
67.27764106449541,86.27662487932649,86.3188195351685,1
69.43983120335513,86.28953243172614,86.31267290183095,1
54.98967125333367,86.30468891961746,86.30566598793693,1
58.67959648405923,86.3165548585389,86.29851244804995,1
69.72219182961112,86.33126770435811,86.29472777516762,1
67.35754543894933,86.34461806999339,86.29048544290112,1
76.63912526052388,86.36497913258479,86.29106589209051,1
78.16036775995589,86.38896186556119,86.29225677566814,1
78.45632441289625,86.40879772164422,86.29790041735986,1
79.72370014547356,86.43151384957847,86.30514967352397,1
74.09173891489382,86.45748778835672,86.31149568470282,1
74.35796556008147,86.4831395873135,86.31925757336259,1
71.35727915711503,86.51140254425403,86.32834808877483,0
74.53200570386925,86.53844239933672,86.33646511602802,1
80.15184499150139,86.56276643403541,86.34474760900186,0
74.69243764353786,86.58582687935092,86.3537640624938,0
83.77482225730034,86.60832989337253,86.36186076759333,0
77.85527195044753,86.6285101835907,86.36888069607659,0
81.03208464409263,86.64493793300082,86.37647298615074,0
66.8774083193453,86.65565304421466,86.38250140009764,0
63.28674780013137,86.67345710046804,86.3939323620055,1
50.4227112669465,86.68366561309446,86.40479252551371,1
39.999330907223424,86.6933881914002,86.41556164312209,1
39.2567483053583,86.70317167880712,86.4277417432669,1
45.40863025383203,86.71541297563769,86.44182877600217,1
53.99131442595726,86.7352155919659,86.45864521355529,1
52.819775034228684,86.74761378475678,86.47466109695142,1
51.78172033460869,86.75559506853173,86.48913873304096,1
52.19772633868915,86.7606976449248,86.50272831402506,1
60.01263849767368,86.76948751371965,86.51976643812442,1
65.94160670550936,86.78911806133371,86.5400997839578,1
67.51912344928456,86.80719736067485,86.55801778241371,1
67.15278723802054,86.82514373143653,86.57887717775307,0
77.90598133665571,86.84213991937193,86.59777435475097,0
74.46244288862319,86.8584785167707,86.61791338851253,1
87.2196685438998,86.88275150384885,86.64026932107005,0
88.26162110409602,86.90284475455542,86.66076402058707,0
72.26693805532219,86.91662759330792,86.67774287516855,1
71.79650525939222,86.92907377434234,86.69208785378099,1
69.77082418038106,86.95269899205783,86.7085222529252,1
69.58140567569208,86.97237743958064,86.72752632366844,1
71.03131351500119,86.99835736200694,86.74673915951261,1
72.2810694374838,87.03066117155771,86.76723664555331,0
68.74502786879242,87.0619354937377,86.78712338516598,0
62.73658795610545,87.0932804755866,86.80656905404287,0
65.89331134840035,87.11929908415482,86.82681513065549,0
53.01494185024459,87.13745179882459,86.84372372505057,0
53.82255918925198,87.15614220963442,86.86059189308183,0
47.696372286003076,87.16868527086777,86.872789084131,1
38.71165536589199,87.17556670472888,86.88544578879457,1
40.27148423482312,87.17228210241808,86.89836267319443,1
56.80695682412579,87.17324382357214,86.91150233915212,0
56.47083970115534,87.17316576586623,86.92626791625258,0
52.79736192712856,87.17499687114099,86.9411511597918,0
50.41124572397183,87.17648896710016,86.95600189360934,0
53.39835123426141,87.17509683485788,86.97246082701585,0
41.33578276442584,87.17136444331035,86.9833181448773,0
37.29485990999627,87.17264702227607,86.99121693785452,1
41.2692883213753,87.17730638777121,86.99949132023177,1
36.90347940816921,87.17626257501009,87.00642174309786,1
36.32248257897098,87.16698010407966,87.01132324995763,1
42.9157508872879,87.16100318759561,87.01788459962546,1
53.30387526869305,87.15615393954975,87.0251372036716,1
55.99705525340958,87.15339685995549,87.0331051694135,1
58.50911437099947,87.14902694567226,87.04107325869762,1
60.4710235509995,87.14856958541027,87.05191221307923,1
63.27694362031417,87.15934776371883,87.06413087318907,1
65.85067044028784,87.1751443199449,87.07924554762349,0
68.14142985998986,87.1988592956039,87.09435762917222,0
66.16617146761993,87.22313741288004,87.11243953626072,0
71.90745867688196,87.24774250661838,87.12807683565457,1
69.98386221009748,87.26430363460292,87.14375754775553,1
68.23147330405949,87.28176960809567,87.16162048293076,1
71.8048955485281,87.29963493005701,87.17973646029175,0
82.75540280805969,87.31694322854096,87.19661399477064,0
81.43769730781098,87.33273006473381,87.21146661612302,0
76.80278720837453,87.352924273707,87.22544234045738,0
77.16270726503062,87.37927665702503,87.24068957325181,0
70.82233758236748,87.39805720857224,87.25443514569075,0
59.08175304615455,87.41466355291934,87.26449215877774,0
52.147424572271355,87.43790038240479,87.27083617838605,0
48.214592730406274,87.4589801653908,87.27859772151187,0
38.236318951391,87.4722532559829,87.28398101349016,0
43.88139777264257,87.48671915953824,87.29093686548002,0
39.09100041087172,87.49511089878891,87.2957262115049,0
42.95211908881314,87.49684306844503,87.2975488389177,0
35.031645348079806,87.489241456111,87.29868955381134,0
25.305819830599333,87.46712393062565,87.2994440825506,0
28.02180784637332,87.44384745921776,87.3002671031224,0
24.198194249515012,87.41952133659022,87.29916847407368,0
22.35880981374278,87.39172892804439,87.29581743104006,0
16.54049953977207,87.3665807792361,87.29104691464718,0
20.449008476677776,87.34121297723159,87.2858412052003,0
21.583196693321668,87.31251513674431,87.27996831749441,0
21.658141483905,87.28435083082292,87.27304213686519,0
15.508451376106294,87.25265210615458,87.26480782492291,0
16.299530441908942,87.2200924496473,87.25849860078647,0
7.368150219354973,87.18242602894642,87.25120310097662,0
8.129261346322266,87.14567980227723,87.24523295825453,0
7.73765399056596,87.11001224208385,87.23827037371973,0
8.049018351373604,87.07165780611392,87.23058645986441,0
10.354724803982677,87.029087271993,87.2209351008802,1
5.467406655849359,86.98835324265254,87.21005600420467,1
4.925760422734314,86.94023613002977,87.19703256903553,1
14.449055860934749,86.90051604016647,87.18533704073141,1
26.88647708549368,86.86592944832236,87.17388188430348,1
23.131320357252747,86.83627763348912,87.16465482988282,1
24.770581092597467,86.81595662595655,87.15676792402277,1
23.386398954963184,86.79195856902047,87.1461279756221,1
32.98406531866134,86.77227889423014,87.1375750017617,1
45.74506725948064,86.76349585030452,87.13442372953003,0
47.68244209893455,86.75594138576595,87.1290221939153,0
48.17104920798667,86.74503951727792,87.12139543629159,1
53.743416866795606,86.73660388829832,87.11325112883152,1
60.63012022442946,86.72930699642458,87.10515415716611,1
59.80762377694049,86.72165943487418,87.09404376470849,1
66.33683248672419,86.71767179878326,87.08182821481225,1
78.22757440370832,86.71901131880891,87.06874990052223,0
69.18672691874248,86.71979062864727,87.0536054914719,1
73.25569306308621,86.73202041161763,87.04182357321477,0
63.46946600241869,86.74244780505505,87.02846857923905,1
58.86660208532967,86.75123253518436,87.01570666111276,1
63.12395943742705,86.76304732748568,87.00256709196069,1
66.48283588841508,86.78638501559436,86.99173260325047,0
58.3935740242321,86.80511320381768,86.98060503084211,0
54.251270867545145,86.81586476564257,86.96713576466702,1
58.43835395547421,86.82852592690823,86.95489549116333,1
56.170536630515684,86.84009238063153,86.94109421346539,0
57.95344906433124,86.85637245296738,86.92945407338014,1
59.89975780635353,86.86870746351487,86.91919256599991,1
54.56010192103458,86.8720301704362,86.90807564474258,1
58.96927122506198,86.88409283102898,86.89906726017058,1
51.32050975095528,86.88769065968731,86.88757039777335,1
49.1266592209084,86.89643084983285,86.87713580494938,1
57.0980688330039,86.90797129011936,86.8702983136983,0
57.48858312049135,86.91865307027591,86.86276776544086,0
61.60602377767242,86.9342188542235,86.85981917405725,0
50.974621785334044,86.94174975724796,86.85860023117117,0
55.70766364144199,86.95552076263658,86.85827481283943,0
52.47073540487007,86.95320633815011,86.85529757383873,0
47.71725370617271,86.95223943672036,86.85267278270943,0
45.46488281139396,86.9502432030853,86.84917163065245,0
41.785488749805076,86.9448292609321,86.84401360544089,0
41.976005963253016,86.93164360042957,86.83938398872459,0
42.04924708520146,86.91755059991053,86.83388493847715,0
30.207321760716937,86.90010841944827,86.82611828998448,1
37.70050127928304,86.88236149466022,86.81980310916852,1
30.059238006387687,86.86564833029833,86.81438313400615,1
27.41117366780682,86.84803826139074,86.81039745702556,1
29.877076285648045,86.83126992625414,86.80769563966801,1
24.6581013979725,86.82078885286084,86.80772806344133,1
27.53828259620768,86.80187491934531,86.80818231911151,1
27.54070378052012,86.79674782016093,86.81092822877669,1
31.223048396848228,86.78260236080476,86.81408229725936,1
32.65197055896536,86.76271768679342,86.81517897234909,1
46.17832299298298,86.7501993498022,86.81647572603279,1
56.70599573909468,86.73586712669822,86.81965497134088,1
58.96443829718441,86.7283042796294,86.8235392926403,1
58.614286158318706,86.71414268716589,86.82714846009759,1
64.97928268502527,86.70386462657798,86.82793186677787,1
67.82592067016898,86.7021801260104,86.82814649299178,1
71.14469551553222,86.7089064427179,86.83035765343323,1
69.73113130050982,86.71801677122522,86.8332045070198,1
74.5356748893221,86.73523639506304,86.83883699143047,0
73.58747619280854,86.75691939057653,86.84492989613793,0
68.24119660624034,86.78180078328197,86.8501748293476,1
64.46907078413908,86.80411821932499,86.85438167738519,0
68.40416932852925,86.82628518987431,86.8572926824323,0
72.68163896955232,86.84733660375277,86.86141584706775,0
72.40732776026591,86.87214567042098,86.86374574318937,1
63.19373654925973,86.89031684142535,86.86687567798947,1
54.66024364956336,86.90411633235514,86.86933583797982,1
60.95408234378945,86.91649944649893,86.872309076382,1
63.37592577942376,86.92980941210556,86.87145205586384,1
66.55148491432608,86.95404829718741,86.87475300969697,1
65.6693424358738,86.9768041282343,86.88085147106948,1
63.29835365338618,86.99302211017405,86.88545344464721,1
59.76399037081202,87.01147714578958,86.89209319870353,0
60.68252745285684,87.03557000673678,86.89882748160535,1
68.7067763008656,87.06524151822256,86.90654548866094,0
69.63352560078053,87.08987575545233,86.91528472699824,0
70.70933367970036,87.11155631517693,86.92134304709242,0
59.70240765273398,87.12611606856426,86.92857467057058,0
59.906006121953865,87.13712312880736,86.93511390302028,0
50.79118279067108,87.13454941926787,86.93556114779733,0
53.71402395013358,87.13429258791965,86.93643063640508,0
46.80809765291494,87.129443886621,86.93247169034419,0
46.82675288446522,87.12283519101763,86.92972685594017,0
37.42800838736495,87.11566819594954,86.92547482039294,0
30.184852573626003,87.0999910148789,86.92245961388087,1
26.10820326208328,87.07802291787593,86.9171890704517,1
21.31592884068189,87.06140554656565,86.91380077537197,1
27.580316971858963,87.04992762545936,86.91434842219289,0
24.228983929840396,87.03899453369924,86.91439242917171,0
28.551627385769336,87.02295346110277,86.91691415417385,0
32.71308660285219,87.008850615793,86.92434834960737,0
33.093583139074596,86.98997966957762,86.92850071461416,0
27.167866227807977,86.96529160718812,86.93195050945945,1
31.025691706741924,86.93362755931318,86.93306320077433,1
30.311068133131215,86.89695655292512,86.93282013932934,1
40.88209539063095,86.86661229507027,86.93361410388201,1
43.055797711833364,86.83557511409902,86.9348231249939,1
46.020251224801385,86.81461732434805,86.93572247224543,1
49.54252682009626,86.78891036038742,86.93763710285334,1
55.269331056116094,86.77098520711684,86.9388681559267,1
56.77616905637141,86.75695176895557,86.93913160406645,1
54.043208187622426,86.7528181491584,86.93925209932827,1
56.60272842641176,86.75152798398264,86.93901633768148,1
54.99154289384692,86.75219506893295,86.94069577309976,0
44.02631552518225,86.75272954302179,86.94200558045841,1
55.05123975147106,86.76534071854817,86.9424533074668,1
62.153330704050845,86.78191332306434,86.94300352751054,0
70.59647300246289,86.79265846569834,86.94420509998214,1
64.84032175850344,86.79837597016504,86.93964825921252,1
64.66190778230956,86.80644978256865,86.93672631097071,0
59.288912382966046,86.8060116552806,86.93403269840681,1
57.981146017770016,86.81352174031133,86.9322621230087,1
61.1723532276841,86.82593352949458,86.93180984530755,1
69.9354876371313,86.84653013785307,86.93274061441443,1
59.735360161308286,86.86365605182725,86.92942429189185,1
56.28169689133126,86.87528989417595,86.92760332498227,1
55.38338350898498,86.88632524890667,86.92770669161452,1
58.43768812016157,86.89963108811158,86.92897512889049,1
65.38565366780155,86.91468695574548,86.93158812030931,1
67.24619102020839,86.9389904068451,86.93284499978978,1
65.23087127429878,86.96282485052804,86.93353989298392,1
63.74476288089406,86.98205204778188,86.93486407437138,1
74.66357701227886,87.00085312566634,86.93476672963217,0
74.4214892316368,87.02327405671878,86.93577739309256,0
72.08461999096029,87.04545601376101,86.93409137867378,0
73.30811317647812,87.0683457806892,86.93384131756154,0
67.12359172123521,87.08436539315038,86.93212715869991,0
58.9921151428584,87.09603781005214,86.9321737965773,0
73.02566796653304,87.11752832779177,86.93181033880626,0
67.04110977245932,87.13025094695993,86.93500692204753,0
67.9655351024431,87.1475746828668,86.93934553638569,0
60.55215924011708,87.16184430729193,86.94522229127708,0
47.78569102503503,87.16458486128103,86.94850971341292,0
43.424811771212774,87.16523073254702,86.95256562905342,0
41.334837708358826,87.17258114335144,86.95846034328086,0
35.52472685777363,87.1728751093898,86.96554420158782,1
32.773262642572845,87.1705624408456,86.97136944932649,1
21.078740987037506,87.15696466096529,86.97178994309286,1
27.487303072710418,87.1443098805461,86.97371425904805,1
30.004326894420345,87.13143136382527,86.97623616087878,1
35.612048573148954,87.11962431614435,86.97784937312446,1
42.258028268559755,87.11151908718965,86.9834798414162,1
36.292603754432704,87.10093462102965,86.98902393516877,1
41.34337048464852,87.08693480584316,86.99710029170456,1
39.594668828873196,87.07743196747136,87.00628154449228,1
42.025836611935325,87.06541163523465,87.0133610536273,1
55.85728374219073,87.0589185467753,87.02146453177043,0
58.45557424228985,87.05946442917764,87.03011263850912,0
56.144347414971705,87.05507920058048,87.03827787488349,0
58.55617934720519,87.04886924011294,87.04616053524596,0
61.238583190223146,87.0406907329644,87.0528411219892,0
71.38865760063332,87.03345448293143,87.05747682478628,0
69.99089202959019,87.03542378626057,87.0620680343241,0
68.05606389103453,87.03863208912826,87.06714043713154,0
51.694555584580534,87.03473169109432,87.07126120250987,0
42.83631443908275,87.03514563376865,87.07346616767602,1
40.88198576647131,87.03463710043772,87.07245896027584,1
44.85521133542592,87.04475579172981,87.07262887350545,0
44.016622523912645,87.051608910823,87.07500743531124,1
41.01733297384495,87.05185459131556,87.07439808437753,1
38.669056761090445,87.05101772352873,87.07585180042372,1
29.132553302313397,87.04467530012342,87.07594126534104,1
30.271699213329896,87.04008289722506,87.07468368226098,1
47.17624548441996,87.0398987085047,87.0744477199652,0
56.0783421451263,87.04597078595688,87.07920743814412,0
55.181316951089954,87.04997709343714,87.08323593333176,1
53.22774294875628,87.05001185736947,87.08693917515556,1
46.955583416613536,87.04379039381645,87.08777636079108,1
46.91386678389416,87.03222429717884,87.08529281145684,1
54.20782183272382,87.02917072753954,87.08223266352374,1
66.46528120228149,87.03520767384866,87.08179425131746,0
60.7540910121941,87.04046182159003,87.08084073430956,0
57.93056866785291,87.0418775910344,87.0784778204713,0
59.00724621632498,87.03944004703307,87.07360683325727,0
57.513657529700424,87.0439674743783,87.07066578675678,1
55.1033937754682,87.04687489285068,87.0648778125406,1
53.28255049220244,87.0515383450365,87.05932814103029,1
50.325266607647116,87.05538454514412,87.05636756754224,1
42.79346441662501,87.06039930060818,87.05215582443782,1
50.42751659889954,87.07162464264437,87.0509475626513,0
52.70438685468952,87.0822496040299,87.04972176888896,0
50.71483643690167,87.09114127267877,87.04766005149577,0
56.86907151022744,87.09807922368377,87.04808142722206,0
53.5829654006477,87.09957001135635,87.04818343148894,0
34.465530007495715,87.09092743700337,87.04654595560491,0
31.63827433320651,87.07934902152627,87.04582549818635,0
30.48485185899331,87.06426322609845,87.04441948925668,0
34.70458166991712,87.05312655305313,87.04624111762621,0
33.00495108332116,87.04742161719678,87.0465375061171,0
43.82148727959614,87.0422204660978,87.04654830443276,0
42.11503986004687,87.02546572907464,87.04413081648958,0
29.31350247795011,87.00172719917975,87.0369239791056,0
28.299966039814848,86.98038253586228,87.03025698640437,0
30.339938116774505,86.96570518936912,87.02511498666765,0
28.524000701066356,86.95085157724982,87.02003363066817,0
27.91390326381118,86.93519088840159,87.01278951380738,1
25.840247971013,86.91549590084179,87.00195908265688,1
30.521248583275707,86.8964193793847,86.99114954762508,1
31.186205767032817,86.87410061687126,86.97976439095412,1
40.88389428476688,86.85270063524408,86.97248012070376,0
46.947077065891975,86.83229854991814,86.96636489567045,0
42.62013747317108,86.81302187495925,86.9594870083069,0
47.955864027523305,86.79980231873498,86.95383284021183,0
40.99527160728347,86.78251081805152,86.94573492305824,0
39.56978924210409,86.76410926162087,86.93829698381552,0
44.01582017425882,86.74706122870803,86.9305917361621,0
47.30417406266264,86.73681932401905,86.92529237868922,0
45.42340670107158,86.72873058871569,86.91983103642059,0
44.06876333776525,86.72054093922551,86.91411031747812,0
42.6346572019746,86.70176843736263,86.9065138428516,0
42.832942298627124,86.68072541004321,86.89601389109538,1
35.21398464673766,86.6645225078877,86.8848628622113,1
34.11629957157423,86.6443045314768,86.87194564010505,1
28.17710907495581,86.61928607418704,86.85686993294058,1
34.112063821654885,86.60084326814513,86.84198262354346,0
39.19066422571062,86.58991419616326,86.82876435489784,0
31.727811903310297,86.58071355668288,86.81423976238224,1
32.21395247987927,86.56496212647062,86.79961824068673,1
34.36248765135518,86.55028482572979,86.78698860237449,1
38.37252978328628,86.5316062444991,86.7734543274876,1
41.75021142849148,86.51608883333977,86.7587173594669,1
35.57895828623086,86.50162554034866,86.74395249581033,1
43.09583177823605,86.48843500963912,86.73245580765371,1
56.20061487469005,86.48574018517505,86.72425497831505,0
61.0102900204296,86.48685099010936,86.71545039010796,0
64.15210015884409,86.48966255257841,86.7077068000532,0
68.93670569432112,86.48856153258707,86.70010165370944,0
68.42479874809997,86.48373183467966,86.6911699522348,0
60.41695014367644,86.47903475497571,86.68156449922512,0
60.74717449752729,86.48387441449503,86.67141375159188,1
58.454562603845545,86.48873551985277,86.65860825742452,1
59.29419285371421,86.49543648266288,86.64658094620494,1
63.24237370188829,86.50774494409589,86.6358119282699,0
64.80229376424066,86.52214978293148,86.62590184157065,0
66.65101368807271,86.53746917460586,86.62059931858447,0
62.361535409325064,86.54556617092412,86.61525121465698,0
54.09471195612871,86.55530520188316,86.61065655269613,0
35.95408908440743,86.55959930279263,86.60220734058254,0
33.83279037791701,86.56178166006727,86.59273261952268,0
30.532774996484875,86.5565125604988,86.57917116524801,0
30.196503773846047,86.54401437481815,86.5661368177643,1
29.424618735805467,86.53234497210748,86.55619960498143,0
32.394682335261294,86.51697121808273,86.5470912805419,0
27.459847592661603,86.49327863717882,86.53528435743893,0
33.348453367582536,86.47242002261913,86.52407776825568,0
35.36865894307954,86.45325690954333,86.51493320850989,1
31.02363568316109,86.43177974124372,86.50661518987023,1
23.06425078198899,86.40427703806066,86.49431301570516,1
13.07854206968392,86.38002493332752,86.48393422580764,1
25.517513412081897,86.35838391476,86.47368706339824,1
39.4728636296069,86.35086058371576,86.46603307094358,1
50.40327519844011,86.34842146347437,86.46074078161098,1
59.75128564428374,86.34988664276335,86.45584565788126,1
69.74879061877111,86.34993728832194,86.4528724296788,1
73.47230932010987,86.34342387382415,86.45232516346577,0
75.10133996522187,86.3417652238638,86.45313281271929,0
73.42733833517624,86.34199943530847,86.4527285972119,0
76.58880820365448,86.35218173014127,86.45158779715275,0
72.37378217585251,86.36439616618406,86.45027471030609,0
71.23200136335873,86.38220700054242,86.4513465905199,0
70.36655334024522,86.39773705229574,86.45294147466531,1
82.3263849821675,86.41569863197131,86.45667005461488,1
74.52071764657735,86.42872176892912,86.46085817552284,1
70.35612001355801,86.4428914867282,86.46472652245538,1
62.64286528311228,86.45717228432697,86.46660937472842,1
60.895755079240644,86.47308788780359,86.46820268516602,0
56.93439992658719,86.49523946519417,86.47242555327473,0
52.01604117229063,86.52246110180934,86.47731260584065,0
53.33656357381498,86.5493571238895,86.48356314507151,0
48.93086379036516,86.56889238596239,86.48860151998355,0
38.72188991834525,86.57285252257896,86.48873854663924,1
38.184407904172595,86.57541344794768,86.4902559446506,0
42.62367968929036,86.57396389265776,86.49005721108871,1
49.404531074056905,86.57442503238556,86.48834636856301,0
56.225615153253464,86.57375239981306,86.48708572734726,0
44.52338601162599,86.56714551720037,86.48412599856808,0
49.00752548347583,86.56058824147007,86.4815392807651,0
53.60080746934352,86.55499522665198,86.4800931539417,0
53.48189929145766,86.55285450365531,86.47980260977795,0
49.58154564221005,86.55071644962162,86.47808340457054,0
37.31194121877535,86.54690090744674,86.47620762970291,0
34.48462232526323,86.53789481006149,86.47365338557432,0
34.42271934255854,86.53385742662736,86.47130316853543,0
31.01610655180967,86.5239515554635,86.46544723146819,1
36.037329042739046,86.51121533977178,86.4561078407948,1
32.802485583697134,86.49658336878325,86.44860956430966,1
38.19659315145235,86.48324936273795,86.44360321761665,1
35.76430045136064,86.47277747766267,86.4425838757887,0
41.40713602991601,86.46395010155895,86.44443052166818,0
49.97969249982956,86.45785302064816,86.44913770404328,0
46.41512747870837,86.45565466857722,86.45339466414285,0
39.03237572784109,86.4495006599423,86.45711821978453,0
32.946907048864944,86.43909210806082,86.45890556707995,1
36.91392385549049,86.42721519834383,86.46192099302904,1
40.42269554766263,86.41302940472684,86.46332948019034,1
43.08783857521276,86.40303318451811,86.46403650855798,1
40.25641932947321,86.39343157671127,86.46620001495212,1
58.354589056155476,86.38643078516489,86.47295465278339,1
63.210819510693426,86.38005350430208,86.47981403816777,1
58.277338591868514,86.37151274621762,86.48333493715357,0
53.75286520257331,86.36925317129773,86.48356466473568,0
58.44520646402503,86.3762511046049,86.48478524202656,0
56.98647861051023,86.38372929652465,86.48484023003994,0
47.670055462317286,86.39142888584497,86.48204387047741,1
47.37576151503388,86.39706310785576,86.47756353440742,1
45.83724440871597,86.39913845962116,86.47155885861261,1
55.78377329420465,86.40222079949412,86.46769176329092,1
58.08625297310983,86.40752481989287,86.46472111168933,0
58.395369587120875,86.40733788549923,86.46160720939426,0
57.25659611578387,86.4038712130628,86.45780338905143,0
57.329646707056874,86.40348271610807,86.4556929296678,0
51.49381780302774,86.40547332960054,86.45302809883623,0
44.564558737858604,86.40735997888989,86.45036085106423,0
46.644528237462836,86.40634575984816,86.44730270227701,0
40.59253706604416,86.40271066135439,86.4415448310013,0
38.72486884073243,86.40482697957742,86.43673214526751,0
30.76099256814166,86.40079121084185,86.42842071321118,0
30.381361500995325,86.38498248987408,86.41796320800928,0
34.85216936654672,86.36840035373542,86.40743133010614,0
34.21698620817527,86.35023136219942,86.3958705276484,1
25.10565682210003,86.32981400006501,86.38634925573011,1
17.03053412552346,86.30390294157226,86.37618103947638,1
23.003502393373367,86.27818605411039,86.366529094621,1
23.921162213548726,86.25723863652945,86.35516931213496,1
34.502745111539426,86.2455819624034,86.34629535944356,1
34.105437236325926,86.23735004899514,86.33964067133051,1
42.939321727533105,86.22824641525474,86.33475503280476,1
45.04615128639788,86.21575893332928,86.32902659436024,1
58.77926615103794,86.21279310324623,86.32558264923064,1
58.11138923755455,86.21572225844731,86.32380571258173,0
67.26521971472843,86.21864729125454,86.32439148319092,0
80.90594537724917,86.22348997337973,86.32726616416352,0
77.97932893438536,86.23075559937197,86.32912012016207,0
86.2259064195727,86.23794446786388,86.33289986723716,0
79.20666024928451,86.24564398909779,86.3353162907317,0
73.06773446265402,86.24615988626917,86.33656275226188,1
76.17800660883522,86.25987386615903,86.33907051457962,0
70.41417483715274,86.27552891962017,86.33906378479224,0
62.124274065339876,86.28742091902147,86.33681965709117,1
61.64109387863184,86.30324769192414,86.33402839615881,1
57.10191939468604,86.32058941204195,86.33232315311601,1
57.514577155725405,86.33903930746833,86.33199649848679,1
44.89205795876346,86.35354511889233,86.3323102989536,1
41.00021925462013,86.37035017686391,86.33242330354298,1
47.623836925178885,86.38497668196744,86.33507427033979,0
50.83043777092216,86.4039867772043,86.340022108405,0
50.7975985395485,86.41796537063956,86.34456855037608,0
54.87203850739156,86.43309914804259,86.34769393951132,0
55.67977888635324,86.43690701793233,86.34832405468272,0
56.133283699346975,86.43455970241646,86.34902449506126,0
39.92936781331865,86.4280061361836,86.34789266914528,0
45.38182226164808,86.41911879974236,86.3444132422185,0
44.32134182652022,86.40816748170792,86.3388953942354,0
38.08064207621959,86.39290806415403,86.33349153856079,0
36.89648515820655,86.3808249154538,86.32882101377092,0
29.445320145768605,86.36558121737232,86.32313985536236,1
37.92454305149478,86.34778371822307,86.3172956820712,0
34.102026443178005,86.33222904014507,86.30894547289316,1
33.2621836673746,86.32233341449697,86.30281786869025,1
24.710652834547233,86.31106605002263,86.29690633094273,1
22.91918499323488,86.29589288246984,86.28928721966071,1
26.161707791907617,86.2834417962755,86.28318388515677,1
29.15168078788892,86.27291669504484,86.27853298541558,1
40.68721863898701,86.26735865512286,86.27682846165288,1
42.95910304964929,86.25624286253984,86.27648715081399,1
41.65080625515892,86.2392107085632,86.27377559999931,1
48.78086092857098,86.2265700821683,86.27488009890666,1
58.67563252078304,86.21530579273869,86.27982326065715,1
60.992911160728845,86.2085378588968,86.28437905674727,1
77.6806599707772,86.21580028784118,86.29525206531797,0
73.74766373433424,86.22614713543166,86.30642592329194,0
69.91622640928264,86.23225907811566,86.31575569683586,1
62.68973984288576,86.23787143720769,86.32276954747431,1
63.68658789615916,86.24777978616157,86.32970799841365,1
73.10714267892737,86.26426936068138,86.33629597308213,1
69.61407340033284,86.28606721207989,86.34262672059626,1
72.73682209361031,86.30871535027163,86.34948325607796,1
69.69134762335727,86.33478850642119,86.35655730212991,1
74.50804823567722,86.36122219723943,86.36218950628752,1
77.68748302790475,86.3906940011511,86.36689502802425,1
76.61112687039721,86.42559585352708,86.37206664456973,1
76.13993618745738,86.45906245855947,86.37741287922867,0
72.54108538034015,86.49025654814616,86.38233336492527,0
59.68707728467654,86.51301729164786,86.38685759116646,0
62.67537938648148,86.53859993125668,86.39366952767755,0
76.50142008853888,86.57245667474311,86.40429431538887,0
72.89670438843362,86.59749717736449,86.40992942338886,0
63.266826550103715,86.61200848650624,86.4144150874116,0
57.261320745627295,86.62507616063317,86.41944115339194,0
61.50556438913531,86.63018181692543,86.42602571531846,0
56.38784121564372,86.63643706645476,86.43276498505706,0
49.380823368625755,86.64303281063039,86.43735309810069,0
44.803786068513034,86.65336866944071,86.44269896769367,0
36.857632355433694,86.65865473019156,86.44502981974469,1
38.09228368355655,86.66086621598275,86.44665178668825,0
33.32493926238324,86.66265255486776,86.44609303166163,1
34.700094989688694,86.65873493858022,86.44579108325422,1
38.751720463435596,86.65479090245363,86.44523400389433,0
37.98210693982112,86.64780403513245,86.44654831316757,0
23.994900685774255,86.63760117865054,86.44811161851788,0
36.0539585877461,86.62966079868195,86.45272850956908,0
50.92975666516721,86.6218688782144,86.45851291061749,0
43.12996325979766,86.60989971947512,86.46302626003215,0
35.55971050599534,86.59906180116393,86.4693190859704,0
31.428322107390244,86.58327534543474,86.47464969966991,0
31.135263281575888,86.5563678436583,86.48060896590327,0
34.07843853359526,86.53665929723954,86.48547965499546,0
38.88190823217694,86.52253923137346,86.49053916390295,1
33.90942815188903,86.50883987035368,86.49404373573465,1
32.58670256339704,86.48925601148096,86.49730169990181,1
35.491422611248026,86.47077183461485,86.50271656591505,1
37.145544102092316,86.45868263317752,86.50744943286149,1
47.68642621326814,86.45382264271552,86.51506134676194,0
49.20169765897248,86.45433564264906,86.51982061475518,0
38.67579320960824,86.44766411571331,86.52322028795763,0
32.70895950533661,86.44032132027027,86.52653727634444,0
43.62875329190297,86.43618943645713,86.52963882496977,0
41.49561284141101,86.42790922082725,86.53027537512976,0
40.051856590765695,86.41379989506149,86.52865312763346,0
41.940813618881464,86.39897052196008,86.52137971216544,0
37.074169889898755,86.37872418779739,86.51375933051536,0
34.9685326269597,86.35198677562798,86.50640398962241,1
36.599547461628994,86.33214258641534,86.5007347197152,1
38.543833772896214,86.31282287698693,86.49533632230056,0
40.76987607710755,86.29996002213905,86.48892596425297,0
35.61053661695085,86.28994199830032,86.48215888039144,0
24.870450504365735,86.27999872400622,86.47399300448927,0
24.09945366439399,86.26980722389281,86.4645466508916,0
24.90599960235349,86.25621847565017,86.45204224709894,0
24.811028906703996,86.24307282468043,86.43825322931352,0
14.90966671637537,86.22308471209512,86.42171210934227,0
29.11027090174781,86.2069034930735,86.40658584666711,0
34.355945534650274,86.18370949619526,86.39244252598156,0
34.21591345571882,86.1584049685176,86.37797568550307,1
34.74964569733933,86.13681002974114,86.36250432735142,1
30.606562449574042,86.10853840389878,86.34096996800672,1
37.26994245338891,86.08226491047961,86.32354591821583,0
43.50993200549811,86.06325586967895,86.31077432839884,0
40.58866716741035,86.04973384018476,86.2985161994541,0
43.4238228043329,86.03990416882509,86.2852686529253,0
37.14286321336992,86.02755406718083,86.27020613080578,0
35.34880416814397,86.01482902444309,86.25512247514749,0
34.029186292599775,85.99553072716108,86.23759954280335,1
34.916580877154345,85.9759523309316,86.22225536259657,1
43.795320730573096,85.95729255798763,86.20749650105492,1
34.57428783540087,85.93885434171494,86.19263959513032,1
35.6088115053297,85.91968594909619,86.17837340869566,1
42.57425550243174,85.90557418924263,86.1648599656072,1
38.88450462021355,85.88977887754633,86.14883218406449,1
54.00665400585346,85.88218690568453,86.13608752012713,1
53.064684188518925,85.88413659220188,86.12350242675022,1
50.0119538315699,85.8817039331415,86.11051986863795,1
53.04670806298388,85.8819603583407,86.10126678152781,1
55.218735587929906,85.88829717764972,86.09366983609739,1
61.54689239621189,85.89694087489156,86.08797053913415,1
71.15737296148318,85.91892608760347,86.0859932655848,0
78.42700890557369,85.93442499491664,86.08265219728665,1
80.24311861255384,85.94692212216441,86.0805274847152,0
80.65993814211777,85.96361062218116,86.08042450018507,0
68.21871994050338,85.96991732183484,86.07753317706685,0
68.41216592917982,85.98209264763253,86.07473445601286,0
67.87952241103702,86.00087151731329,86.07199802880179,0
67.46477946036399,86.0195865201946,86.06390509379499,0
63.67630491844545,86.03982453848883,86.05645092093248,0
56.569877213325206,86.05368969557927,86.0499067330013,1
56.17798325863118,86.07023599080901,86.04460546334582,0
52.38383050208885,86.08526218717225,86.03800250898172,1
44.431850021242795,86.09367072299361,86.03116456647375,1
47.959481114188634,86.11147307059915,86.02790145427954,1
39.98750680706527,86.12150034732733,86.02509945027403,1
42.9296643335067,86.12848015568989,86.02340481390723,0
46.81453214152988,86.13822023640469,86.02501325294863,1
37.45286502159098,86.14162195402206,86.0250585285705,1
48.21868391805193,86.14170771350277,86.02522377070372,1
43.30584312678507,86.13907941585776,86.02361829662162,1
37.44478665586621,86.13059018662436,86.02225254091441,1
58.44302857076119,86.13109094140562,86.02308908424642,0
59.19920036009479,86.13157451047547,86.02523439934826,1
65.72006994907869,86.12857877170522,86.0293686186071,0
66.19371652017875,86.1366746585003,86.03497391059481,1
68.35961393523388,86.14474677922227,86.04339928286372,1
62.61780039887217,86.1440201640352,86.04684469718646,1
66.42419547023584,86.15710867010928,86.0532647633606,1
60.96037298318498,86.1641706363867,86.05875718808012,1
64.9859306328708,86.17994847192224,86.06716210987375,1
63.18953993237691,86.1964959745847,86.07978849162018,1
68.23996392101235,86.2139956250193,86.09069479479759,1
66.62271899986013,86.23369665452222,86.09934088041105,1
74.53138939481988,86.25859232329029,86.11144484752174,0
76.83078716489939,86.2870229828801,86.12394697589605,0
73.13635784532126,86.31458540413118,86.13821734868738,0
69.30788127005536,86.33576581721181,86.15338797005614,0
65.31254223003722,86.35783616464002,86.16998070356209,1
64.0817026897866,86.38005401942979,86.18686444610302,1
58.64422969043744,86.40075680676594,86.20100399613295,1
69.29483781295741,86.42474884472172,86.21661034211711,1
58.85114841433876,86.43907752109776,86.23084571304703,1
70.90641204971365,86.45530923176237,86.24512841635617,1
68.69826750109826,86.47386278335637,86.26300218093111,1
66.19900503710986,86.49041541287109,86.27826531346942,1
67.60127023921925,86.50749389788857,86.2927422051384,1
71.71769571459271,86.53305879749774,86.30738664292896,1
51.506818877169295,86.54562724652467,86.31873151863418,1
56.99989771864465,86.56925534124417,86.3311404535179,0
55.494295905094376,86.58601372650861,86.34279125052059,0
61.353539752419465,86.60304956851866,86.35343788398625,0
67.89169113253331,86.6219725815868,86.36571382946566,0
54.6190615524866,86.63331496594586,86.37389801792364,1
55.80110885339518,86.63336659524502,86.3793472367473,1
56.360686574318365,86.63423579192599,86.3896743639325,1
59.56824152877886,86.63525947775696,86.39948408073715,1
58.49659527261526,86.64052670796274,86.40925004631592,1
55.131143636665854,86.64838323533867,86.4214993896197,1
59.92967607749061,86.66033086340309,86.43506697606873,0
58.33073321518975,86.67589541182163,86.4498862826299,1
60.99178960909707,86.69405553818635,86.46613816106806,0
63.43232593125636,86.71104461886303,86.48115868572334,0
56.556769898232545,86.7241118364486,86.49730486173817,0
54.77267940696974,86.73171474054718,86.51109884891034,0
53.440754255336806,86.74085913624057,86.52600882903472,0
48.56383827251531,86.74702452134144,86.54015995139903,0
62.798976580440986,86.75020715352156,86.55218140977571,0
62.40336551771249,86.75601347052688,86.56448812523611,0
54.231835461998315,86.75421783076754,86.57614450042382,0
53.7673108553629,86.75327374525202,86.58846898227829,0
37.55252073166201,86.74291194083683,86.59836658567124,0
29.086099959814575,86.72207575010029,86.6021077529435,0
20.51767284660339,86.71008069395653,86.60530049131607,0
15.197087757709099,86.69080167568384,86.60423639833874,1
4.0358720167738795,86.66794469538237,86.60218237868531,1
4.269331415498925,86.64357167036323,86.59901403719354,1
9.049678769406725,86.6186784948458,86.59911337864015,0
8.988769328725567,86.59114816122974,86.59511518606789,1
17.764874918425633,86.56476434634929,86.59530446005374,0
23.61449879550534,86.54091251208779,86.59427189869612,0
21.462233664090732,86.50689377489331,86.59029728119151,1
22.13044714821791,86.47529994641751,86.58568041428263,1
30.91629904913067,86.44941885953212,86.58359374374213,1
29.535118695952576,86.42319037889959,86.57693807115407,1
33.88876937631933,86.39543000833957,86.5693716392185,0
47.56461828420629,86.37348481694819,86.56371971652582,0
45.34450424992433,86.35046941296818,86.55806284807824,0
61.834533787277486,86.33377891566784,86.55486522564723,0
58.15369674782607,86.3155427983111,86.55034001197635,0
48.1379744487616,86.28738172342906,86.54311894894354,1
50.46868321493693,86.27045984770714,86.53665098686542,0
54.16969030665914,86.26301357125507,86.53168217300643,0
50.67665988946172,86.2571039990707,86.52601839823939,0
43.83223178645247,86.25698390950585,86.51748484879856,1
45.43209590990597,86.2540367781871,86.50763092481175,1
50.62249592463952,86.25635569421745,86.49855875572509,1
45.85069152956611,86.2576446877044,86.48894773472283,1
47.94514722748195,86.2608453268536,86.48120241819946,1
49.03512019599378,86.2593951863668,86.4713603981028,1
49.44428848475809,86.26022422642015,86.46395609866072,0
54.26011900773792,86.2687727212149,86.45658654227002,0
48.089628101416544,86.27666181468659,86.44755610752254,0
46.26582597211204,86.27443573796424,86.44004205254949,1
61.69025481182829,86.27664725827147,86.43425033636464,1
51.692128753608415,86.27585260165687,86.42601836311086,1
44.312504048891135,86.266133338042,86.41606926063983,1
48.08613680010008,86.26281822332737,86.40697945422409,1
56.42228495029507,86.25863491588186,86.39896589786453,1
63.07643531596794,86.25892716755345,86.38977853363647,1
52.311115916889285,86.2649051560222,86.37872284662375,1
58.099176539490685,86.27282602545297,86.36815918177206,0
61.759646176544024,86.28278987993774,86.36038027743632,1
59.777435332599694,86.2899622516028,86.35235856430104,1
52.597984869689455,86.2991242169384,86.34444863935504,1
50.068576326942065,86.31205047462886,86.33610746016704,1
50.05293032362623,86.31935786117751,86.3274920916595,1
64.05973591924871,86.33347431430705,86.32225459903701,1
60.4508140066081,86.34666189464929,86.31746178784843,1
59.764178694822,86.35539443549982,86.31183103999571,1
69.90794788306678,86.3644140924039,86.30841223752147,0
63.567642786667015,86.36896431932055,86.30700749366348,1
63.322160067217816,86.37787612251906,86.30987625649006,0
64.16214067542194,86.39397234079264,86.31359871128394,0
70.71171147503631,86.40783603818437,86.32106408136484,0
59.408749042918515,86.4215198122782,86.32744840986919,1
54.830155857148725,86.43911387498585,86.33428614248889,1
50.35244360465502,86.4481242291191,86.33875774793343,1
52.797488160554366,86.45404158658098,86.344123268005,1
55.828937080220925,86.46129969963303,86.34839267494998,1
64.34434382626479,86.47877932977481,86.35386957369856,0
50.7193799224484,86.48631428205904,86.35992738463835,0
51.35406975087402,86.48942606405289,86.36603072449049,0
54.0728156954064,86.49177248505023,86.36930001450831,0
47.316731495212835,86.4968469296238,86.3739112596447,0
42.76163613490806,86.49638817140759,86.37649072539426,0
34.31698814147485,86.49437460381321,86.37584800640552,0
25.04844684213208,86.47887448955468,86.37361662967162,0
22.275525238876952,86.45975145502237,86.36785080359023,1
22.858035176192033,86.442047180703,86.36243279295246,1
32.2981977603372,86.42460466275182,86.36330141325057,1
37.04864894898549,86.41032970049015,86.36295543477668,1
37.43195437508661,86.39355730432504,86.36209374971806,1
40.07679218200559,86.37909325483695,86.36239441359042,0
33.49547468813577,86.36615643165294,86.36473309022367,0
39.39684088108709,86.35823764313764,86.36912875584942,0
38.6551272120758,86.34885188849114,86.37128462019837,0
38.29369876958861,86.34131247596225,86.37222486323657,0
33.11134392114023,86.32933228626538,86.37151805176973,0
35.6562362179844,86.31260763184645,86.36967765314182,0
37.69157643193039,86.28896972740219,86.3653677740914,0
46.18764669222496,86.27028653836473,86.36053291149828,0
53.67838727906342,86.25234347107724,86.35630338704674,0
55.57479344677957,86.23495823225805,86.35350901222583,0
39.12397616003085,86.21348630609853,86.34864687877554,0
39.530618654844865,86.19865059738554,86.34560992368573,0
36.6078199982938,86.18530894947052,86.34351825097694,1
27.69468421745684,86.17902399375697,86.34009893784346,0
18.31480497608851,86.17111298733815,86.33284203217274,1
16.934473119690452,86.16663297854286,86.32551511734825,1
24.947142574372336,86.15896636170933,86.32092589552543,0
32.1064049901331,86.1522336988564,86.31471850413806,0
36.82332182791447,86.14459970987852,86.30681768169435,1
46.9284104208323,86.13547060052284,86.30059775315846,0
41.701573686383355,86.12063432986432,86.29333713539405,0
38.947391451739904,86.10384166317294,86.28584523126705,0
38.2555696031202,86.08801728926845,86.27874839143475,0
46.47811132989404,86.07796026980137,86.2700192454343,0
41.6176450195578,86.06547448701407,86.25904308871563,0
35.636199499339895,86.05142456540304,86.24808970510313,0
46.04503982636632,86.04434694091941,86.2373409134976,0
37.06398290751849,86.02772936211775,86.22403892861718,1
46.12528463852269,86.01403524861985,86.21076703748706,1
42.48546250025619,85.99919395128055,86.195597656421,1
40.36204216461755,85.98836691107581,86.18085922793212,1
43.70414324159033,85.98102323179145,86.16941129149103,1
45.46775772181815,85.97640150035338,86.15843330112394,1
47.384698399743485,85.97549740309778,86.15104820743493,1
50.035203662793116,85.97948166084048,86.14301806187653,1
49.08299713703126,85.98106984824548,86.13342317679322,1
52.42468499356347,85.98279645712789,86.12253274646666,1
47.34075604947663,85.9808782650159,86.11254409732081,1
57.26234853025409,85.98169336685216,86.10372460281405,1
65.85274751224644,85.98343420140493,86.09726243970033,0
63.37484868258086,85.99255123581679,86.09161885787124,0
68.15361233238812,85.9965337726151,86.08590347175003,1
63.57837194408523,86.00000611794512,86.0810009970875,0
68.87475495582827,86.00088183035247,86.07882218175341,0
66.47917175873951,86.00786919655032,86.07829018532682,0
61.51017058072067,86.01876588710819,86.0787771876652,0
61.52023659016258,86.02467308436816,86.07736828214412,0
50.68015135039822,86.03711910630048,86.0747546909413,0
52.62669921829477,86.04610239885649,86.07178507529963,0
47.60640257610356,86.05342712887091,86.06533120603459,0
39.89542818993464,86.05823426519882,86.05769036135047,0
35.281334683682886,86.05293855012363,86.04729165428543,1
31.78097255217409,86.04703473880367,86.03770644124896,1
20.780982016224883,86.03553176713993,86.02873592390598,1
9.724247379775306,86.0225802832146,86.02031726065623,1
31.343076783958608,86.0169974801633,86.01517911611997,0
31.719180171434928,86.00786378452179,86.0100903693145,0
31.753498968974,86.00122698496757,86.00492027596194,0
30.275094380881995,85.99034037480136,85.99892336430372,1
28.219754174444844,85.97395346536454,85.99286053294294,1
28.450895398261324,85.9556869818339,85.98849912816539,0
29.096183596205606,85.94172119664965,85.98313171145568,0
29.792110577638297,85.92894236234562,85.97845436223756,0
41.183250522707766,85.91796372919325,85.97439807592791,0
40.98189844701002,85.90604582006793,85.97226331841871,1
41.99755143200258,85.88928269056204,85.96783707247286,1
34.40571752909116,85.86627125378195,85.96029023897317,1
43.95325014204981,85.85000398033009,85.95386280353077,0
52.68741472244715,85.83759757197518,85.9489842201383,0
47.031976123819035,85.83150639834099,85.94374552516184,0
46.10235560918625,85.82556101416438,85.9396610350705,0
38.90769025768347,85.82028676138509,85.93386969357029,0
40.25259729828345,85.81364447112188,85.92795731399032,0
41.54445191376574,85.80734557711061,85.92049004682968,0
35.450646555840905,85.80031221011392,85.91425234989617,0
32.08783165227749,85.78211844077177,85.90745666626746,0
28.025326599482597,85.75885205754984,85.89589241596667,0
27.21212442418586,85.73684779583265,85.88856764944791,0
25.905893281595937,85.71291896426719,85.87847685056266,1
30.257123061819584,85.69146959930241,85.86977079215167,1
33.092070262894424,85.66754776516605,85.86017146980149,1
28.012907703971592,85.6467806473713,85.84943467768763,0
23.961138601037405,85.62714964630268,85.83875362061728,1
18.514134318318227,85.60395539779901,85.8257812738084,0
20.405143982546676,85.5829860507263,85.81366507437306,0
23.29170266184198,85.56621162849318,85.80189378457194,0
22.434284889904887,85.55256735529281,85.78819859823916,0
30.32325505202391,85.53734055469563,85.77644771940265,0
32.671806134956526,85.51747312987892,85.763296125349,0
38.47250349500547,85.49505739681555,85.74839480332608,0
40.102654407366835,85.46930713470282,85.73036339462492,0
36.86640709755452,85.44906623499693,85.71488267852303,0
40.240065938131664,85.42770982038883,85.6990387949678,0
34.60087498886399,85.40504699499789,85.68215611268786,0
32.46074907084288,85.38339964768478,85.66446453034995,0
25.869387450474946,85.36636074769821,85.64649461050345,0
16.651710722421782,85.3484057786055,85.62538549366161,0
23.55893510022004,85.33052634021267,85.60593054301279,0
22.30379660076791,85.31663358129904,85.58668932353967,0
21.426055907523647,85.30009376043913,85.56843744477895,1
19.432502201846432,85.27964776870161,85.5487368712026,1
14.725556998606606,85.25865981939438,85.53172318539592,1
14.406972447360843,85.23436850877766,85.51368712860688,1
24.802489376344752,85.21530994473765,85.49769254484751,1
32.03040563623152,85.19746013616796,85.48361701555439,1
39.687013877805484,85.18521256838078,85.46917981985892,1
42.726409084547804,85.17553362053714,85.4552665326453,1
49.99441939634777,85.16618038355195,85.44242907883641,1
55.95792411678761,85.15985129429546,85.43110049314664,1
54.329801256156664,85.1522806807888,85.41972568949579,1
66.78073746331332,85.15018033313352,85.40816073514476,1
58.60801204350795,85.14430112943258,85.39591465163619,1
66.17948945494238,85.14756272401144,85.38648693963412,1
68.32936104264603,85.1521064399571,85.3758131969934,0
79.25733432096627,85.15960177260214,85.36588691136365,0
79.1691874942977,85.16885125326861,85.35832203558608,0
75.61173052179706,85.18122220627001,85.35136587465684,0
75.66149422978816,85.19578200225742,85.34424175178373,0
67.3036976077423,85.20697268437975,85.33443936850149,0
54.417021925147594,85.21548472126044,85.32202877394673,0
52.953921837596084,85.22869382421389,85.30998999522241,0
41.84551365443337,85.23607207114968,85.29803730930176,0
47.27756984853174,85.25092871799062,85.28860082735437,0
48.18110829612174,85.26055857604796,85.27897774442245,0
36.87428626527646,85.25756673852318,85.26651882691809,0
39.98562690093817,85.2500296120363,85.25634428836474,0
32.64804850783679,85.24390864293112,85.2492891667978,0
31.82883803787037,85.2326799975968,85.24076195954207,0
28.640791928531556,85.21526367741836,85.23203837840711,0
26.402814464248365,85.19903462231895,85.22275169870241,0
27.62312777758069,85.18053091158967,85.21335399371421,0
18.05359612028704,85.16155906948362,85.2018260204811,0
18.009214375885023,85.1319215943133,85.18839571883836,1
21.01365071114556,85.10315821334568,85.17549432321206,1
26.981436589895054,85.07736847771581,85.16363988215944,1
32.81784735427328,85.05181359571719,85.15256282247569,1
19.16736650447912,85.02410728210171,85.13998184538039,1
23.586100491614914,84.99397692285929,85.12689629904918,1
37.392039747025485,84.96996797764284,85.11543730760708,1
44.1950795220277,84.95496031051373,85.10598993942602,0
37.78563246836691,84.9372944119961,85.09718490613972,1
39.040066880729825,84.92379522421815,85.08792890499026,0
47.60780446727601,84.90690054673057,85.08027711789107,0
45.71113998332519,84.88900112016071,85.07255939448758,1
50.56201040684268,84.88394293153762,85.06673614045926,0
55.487054251509335,84.8781231950657,85.06104926731176,0
56.74402835178882,84.86754684621982,85.05694559384354,0
51.82887744229608,84.85582131567485,85.05087994972695,0
53.41819713930392,84.85294455326706,85.04656276719432,0
46.650007291671315,84.84703701738398,85.04152900148034,0
49.14324698297135,84.83880500198403,85.03701688702716,0
47.7936935722915,84.8350521002423,85.0323829328203,0
43.38184646083994,84.834803912188,85.0285698802025,0
28.91405809553156,84.82958161094868,85.02120298969649,1
30.31051592420441,84.81953744051512,85.01247080389831,0
27.94463011758765,84.80516269535207,85.00054287326421,1
21.934579472726142,84.79447944870277,84.98756017664664,1
39.61879217264971,84.79025567206689,84.97652641445515,1
35.68610735336213,84.78238614222906,84.96445124678051,1
33.22013802625115,84.76680022558085,84.95179775734283,1
45.24450263982927,84.76128945217683,84.94162855375704,1
51.31712298467608,84.75898347156638,84.93380184184376,1
49.37582963782268,84.75721041863676,84.9241361957412,0
49.99703002821024,84.75440142515284,84.91347738856587,1
59.06096831048471,84.75376249045233,84.9044004275993,1
60.497159512508105,84.75597795467405,84.89589994787393,1
61.0607724273018,84.76156704314273,84.88908352859262,0
59.28285926884757,84.76391026084036,84.87813125316012,1
61.4693703165826,84.76194633456187,84.86855222726717,1
69.56273474857943,84.76923906706155,84.86303073980079,0
73.21777525065009,84.7812414638081,84.85803594286484,0
65.20857231702902,84.79079705548897,84.854272926556,1
65.61398659137882,84.7996800787555,84.84807042450846,1
69.87920528104046,84.81246647505387,84.84196614929884,1
58.038715716632645,84.82429626762915,84.8391626155407,1
53.638537344737394,84.83875017221723,84.83603109733656,1
57.065368211321456,84.86027469032133,84.83410659560273,1
67.30536249278025,84.87777344884252,84.83456379495345,1
58.13035046686342,84.89373167478111,84.83583844572563,1
60.01646917335934,84.91701435248993,84.83898964941122,1
62.28338197319897,84.93603922778586,84.8438318802355,1
75.66121493149754,84.95420894177445,84.8508617907601,0
76.8436471577814,84.9713906644578,84.859923823799,0
64.94972509439157,84.98822958194893,84.86750593600716,0
61.38730129159421,84.99964322036624,84.87331032465949,0
66.90152576745925,85.01112102275351,84.87962291868845,0
60.944692573388615,85.01798893667144,84.88663619042052,0
56.42353925963135,85.02714432151076,84.89139821262071,0
61.546097386544616,85.03740883422877,84.89552856990153,0
57.75468672622943,85.039113376755,84.8966919662973,1
55.494148769701376,85.04287086587499,84.90026652441642,0
46.27404579784856,85.0453426971333,84.90289191572205,0
50.872594390274614,85.04942170612912,84.90507888826787,0
45.96814102343052,85.05515750341523,84.90842870260065,0
39.09757401294173,85.06196912111878,84.91037309137315,0
33.656974688900945,85.06810598683022,84.91202421404238,0
27.96930244917688,85.06703138917445,84.91390041278457,0
31.10201702908644,85.06137296322399,84.9167844539731,0
29.12290691031471,85.0550139302475,84.91666619651778,0
21.020851036171393,85.04355574638808,84.91759714101286,0
32.07381617515732,85.03204761704652,84.92112892626052,0
31.685992926269833,85.01452284807296,84.92265008989236,1
27.095432471538928,84.9938736564963,84.92355172152233,0
34.8303416900044,84.97815285752405,84.92693443463732,0
20.669284178429706,84.95676872471242,84.92820283833841,0
36.932458344137004,84.93883866266587,84.93309330561398,0
41.60594046837344,84.9285665273367,84.94027102187408,0
34.68010643672612,84.91661512676957,84.94194199450179,0
30.56370759169387,84.8964918148492,84.94117083894959,1
31.263348795262488,84.879153845495,84.94163341426297,0
30.279272989110666,84.8552226036764,84.93783978501624,1
34.83505969019225,84.83711026788946,84.93414263425129,1
38.992008186469505,84.81950105800053,84.92999514401338,1
40.14080706348469,84.80119390572027,84.92714569482763,1
35.289213834242986,84.78259534771665,84.92190623427891,1
45.24798858323494,84.77023154017365,84.91772564824221,1
49.558540200124014,84.76273352988544,84.91436700748164,1
49.84851045624164,84.75734497531286,84.91415833976208,1
61.63890638355452,84.7592967601662,84.9156063667595,1
51.37376098654404,84.75854805511986,84.91332073623619,0
52.25205335021902,84.7596203054659,84.91248046292363,0
57.790198412926095,84.76365285653904,84.91179241031239,0
71.01763388986954,84.77047497849455,84.91186968141794,0
69.86304235260909,84.7750072205899,84.91195073285172,0
65.08822316728029,84.78020952696389,84.9105681420723,0
65.08333206403921,84.78236934135664,84.91054097326975,0
54.54580402772533,84.77479245763178,84.90607812879827,0
50.20260913926963,84.76916118691011,84.89849708972882,0
50.64503357847628,84.76912686345484,84.89132891441908,0
37.636064353395774,84.76238292759065,84.87978084430326,0
31.32964424044539,84.7557113044428,84.86570861567901,0
29.518858128811914,84.746612808324,84.85110418087112,0
22.095078672083446,84.73500934234038,84.83544261516641,0
23.486432169575878,84.72209601847011,84.8206922694361,0
13.198374508539558,84.70802521980849,84.8052590340558,0
13.85355467011047,84.68869025670573,84.78875334182311,0
10.93044035788391,84.66570328890505,84.77345274837509,0
9.680081260917646,84.6351382453938,84.75735590931531,1
11.130955836676435,84.59982225302029,84.74057173427613,1
2.5234153799324304,84.56378440433959,84.72318914727002,1
11.192432544544175,84.52640597324935,84.70589450587336,1
11.83993547400543,84.4886082477824,84.68909863057205,1
30.65120594105332,84.45817032883419,84.67536913049997,1
42.10567858585367,84.431526724327,84.66249842121643,0
46.147649409766835,84.41081783943898,84.6501076294004,0
47.871209343990024,84.38881684152153,84.63882531514628,0
41.03371496686302,84.36595337065253,84.62564692138949,0
46.27201102643992,84.34961051693054,84.61379211121144,0
46.61658709359253,84.33203441135859,84.60213710686354,0
46.79729853016253,84.3213702025765,84.59090662677862,0
45.37835201158901,84.3119721991974,84.57767844853936,0
49.15952058921223,84.29965391509445,84.56515660767971,0
49.23916593115934,84.28789644974786,84.55305173246703,1
55.11432989419586,84.27728976404295,84.54034703204364,1
51.01972444312172,84.26968083391168,84.5304238777355,1
53.0452145772421,84.26190939864479,84.51798163621466,1
30.078374049144287,84.24976359210694,84.5019315742832,1
39.35185904933341,84.25100097675583,84.49111024930983,0
41.20418316100798,84.2536969904667,84.48345380452312,0
40.382856175523614,84.26204916956941,84.47634727689977,1
48.73441448023569,84.26623334485826,84.47029880234612,1
37.764187722166874,84.26879014746905,84.46177058240387,1
43.00153152455232,84.26335883146723,84.45291223988664,1
44.43799530113427,84.25563937937399,84.44427661067792,1
56.773952408327844,84.25274849636733,84.43816888886063,1
69.36276797165404,84.2549150067462,84.43269870177528,0
74.51479882546506,84.26912617878911,84.42820398095097,0
64.1627743176173,84.27412019183447,84.4205021978201,0
62.07878975467443,84.28032592630774,84.41054877332013,0
63.018410326007086,84.28736319405633,84.40243268235321,0
69.18659204404719,84.29550147556002,84.392030916577,0
61.8537061434666,84.30558509574429,84.38192950336179,0
50.16424173114404,84.30904218977658,84.36847861697984,0
52.05139638365076,84.31532308472596,84.35647337769808,0
46.39538511729029,84.3153733513856,84.34448940750418,0
44.21613400515065,84.31013748162493,84.32908889232199,0
40.82639817553744,84.30696155059465,84.31479921146834,0
39.4659426785829,84.29560645810884,84.3016883577893,0
30.444292108206128,84.27801947053621,84.28701084735567,0
18.48139322871721,84.25539979959777,84.27355402570261,1
16.57544456688558,84.23778115047048,84.2631267407572,0
18.72683197503936,84.22273089050972,84.25221781527814,0
22.15468953594838,84.20862724137295,84.24235939949968,0
18.23876199818359,84.18940030748774,84.231198326285,0
18.715099846276928,84.16560396572548,84.22120038722744,0
18.58756290136688,84.13433812243156,84.2109578480656,0
20.68087504032701,84.095412667359,84.20008773233253,0
14.096322710399448,84.06228744046717,84.19136187584944,0
14.090626413028161,84.0243806730874,84.180372141347,1
20.0175398830807,83.98680780397027,84.17164204220548,1
21.32402851315034,83.9492496183517,84.16116837461796,0
20.97244117713123,83.91097872674075,84.15087769494514,1
32.39866594949143,83.88279520858566,84.13832856888044,0
40.115647279581296,83.85297584064213,84.12505302422414,0
29.0921933260328,83.82841170616474,84.11152695419449,0
25.62359168963083,83.8054033381719,84.09572349098212,0
32.76199342241222,83.7902539211687,84.08451943167482,0
32.411698528280894,83.77094674982763,84.07022285094814,0
36.843965341527,83.75919563074424,84.05787533510991,0
32.14507546758401,83.74565903209965,84.0432695575119,1
39.73641282978905,83.73133693337002,84.03087263442623,1
44.75870493498021,83.72077399937886,84.02066584899192,0
44.69281028820019,83.70235733589894,84.0081437539601,1
44.7379484737646,83.68959162840751,83.99611907203081,1
47.78075613158981,83.67823225674006,83.9846209563588,1
51.557578980965765,83.66968090264557,83.97406644966594,0
49.669937222825794,83.66501837371274,83.96618964497486,0
44.32599251678556,83.65730660233055,83.95388412607932,1
44.67410082427969,83.6552047052512,83.9409752272608,1
55.221509806204914,83.6572062132183,83.92970485966504,0
46.10635196126511,83.65683625555644,83.91740953889723,0
52.58516350765597,83.65840745646884,83.90672461854506,0
54.529267912054365,83.660982925631,83.89737820654595,0
57.24717304254949,83.65879386203278,83.88631481728764,0
47.730945486398596,83.65293090464476,83.87159991750546,0
38.95429220149083,83.64657372638243,83.85238697883663,1
47.61619309239873,83.63708885291699,83.83170450132597,0
40.72433253597051,83.62783283205883,83.81170790703788,1
38.451004712103476,83.61601904233683,83.79215258152156,1
41.69267334409858,83.61412756193776,83.77397530466448,0
39.790360358748956,83.60899531216607,83.75627016906867,1
40.40032118482932,83.59788309999635,83.73758505069276,1
41.748081796069556,83.59358799352441,83.72196207545923,1
32.19032186963523,83.58756127039895,83.70501434629999,1
38.96339212508341,83.5818205566484,83.6911998384639,1
46.091093444925136,83.57913955834356,83.68166728035338,1
42.14867553773046,83.57656326249337,83.67403032973434,1
56.17534828113673,83.58401749257129,83.66924853986431,1
65.73668769687151,83.59372445036225,83.6672572191912,1
69.02442236988523,83.5952883678611,83.66566028697038,1
74.00255243685965,83.60823455045508,83.66559089889105,0
81.95786297589495,83.6196813263774,83.66550479289215,0
75.43473318483026,83.6237341364857,83.66342096459104,1
77.31791358568506,83.638904284427,83.66611640806333,0
73.3195299779294,83.65635212360093,83.66789918065564,0
73.32838005169646,83.67543864842267,83.66882718923308,0
70.1171237726297,83.6913555744532,83.67008166416365,0
70.82466941771747,83.712081409176,83.67162549452141,0
71.81146569114595,83.7363827862282,83.67695342677787,0
56.35213532300576,83.74722234655174,83.67814112169707,1
57.81859476168708,83.76133817075697,83.68110559003077,1
49.58763949435251,83.77619332967483,83.68367089186638,1
46.54389505610386,83.7892463843971,83.68454254578381,1
54.91871718158251,83.80827823334482,83.68713530338107,1
47.79489195845119,83.82651388990729,83.69044071196093,1
49.977045386644754,83.84083978324432,83.69584185838234,1
54.01919595474184,83.85367541886275,83.69939892881197,1
47.423993638720845,83.86226454925054,83.70577565963347,1
57.622422205803346,83.87476452336985,83.71348477624146,0
50.328609046452065,83.88152212403708,83.72000552374533,1
56.15905330752248,83.88424734660808,83.7267550641863,1
60.10436447930793,83.89259073380461,83.73423148666242,1
58.96121970313844,83.90615837878761,83.74494138174651,1
67.89341124306894,83.90964833156553,83.75413908932654,1
59.71980781668402,83.91172793947001,83.76129745374763,1
68.26123556589509,83.92434174726392,83.77069152708042,1
66.084796569247,83.93576088721558,83.77837866956477,1
65.66156593401499,83.9517350569461,83.78939687636763,1
66.05701139052582,83.96590065104863,83.80123180509685,0
69.24363485140077,83.99584553675831,83.81359685111308,0
68.16334101544072,84.02161195976926,83.82701587171589,1
60.797377045327764,84.04381810214952,83.83783515013866,1
56.982485919185635,84.06741489597042,83.84711533391958,1
60.57564135861464,84.08025783858577,83.85572089400227,1
64.23840738750945,84.10140226542647,83.86982925627362,1
62.230475637637085,84.12316752792992,83.88647937900134,1
62.86795442587215,84.1477216633804,83.90365205299733,1
67.16321593870018,84.17234190163597,83.92357928746432,1
69.04762516102566,84.18918305941477,83.94275038307262,1
63.16927505832695,84.21389253030362,83.95991151109166,0
67.81231880825734,84.2353332360886,83.9772902337553,0
68.83760442014996,84.25814209001894,83.99833508267147,0
62.4337727098848,84.27535516575468,84.01764825063863,0
53.05402072427716,84.29238598886863,84.03606897671443,0
52.87202414612385,84.31206432694542,84.05339496186643,0
56.92846888952305,84.32152809157647,84.06764694037358,0
50.82349095520422,84.3291182087502,84.07940064806752,0
46.65848048341546,84.32249805462187,84.08478910118787,0
30.378506637172094,84.30842538240293,84.08711217791313,1
32.62005812670448,84.29114717072926,84.09194037226032,1
28.762819780760793,84.27491497085701,84.09368803987667,1
29.037813420747582,84.26691001189697,84.09672662434646,1
29.28077681831462,84.25693963495453,84.10039753330712,1
29.35447637757123,84.25164316840531,84.10081644759359,1
36.37501048941368,84.24275403648039,84.1043900214254,1
34.653018589963665,84.23696957497356,84.11109174962168,1
41.68673263025665,84.23173386577967,84.11980336952793,1
44.716965046097464,84.22455096453692,84.1285671096087,1
47.90323533944402,84.22145718107524,84.13678014101144,0
51.647315158212656,84.22005960568288,84.14904641474413,1
56.98679024588916,84.21772622663521,84.1598454561066,1
69.81178675828927,84.20746135156216,84.1708422914264,0
86.75432657322135,84.20489423852591,84.18390739229012,0
73.66805486325086,84.2004158759098,84.19292403374043,0
77.22672070622846,84.20218158136456,84.20366203844935,0
73.43751596526778,84.20529033625856,84.21342716157928,0
68.69184951027131,84.20888396969052,84.22148406839862,0
66.08897899761126,84.21974151840826,84.22777988885096,0
55.94704194311272,84.2337901000002,84.23072240856526,0
45.99741997348231,84.24220891741824,84.2362150896128,0
37.98456579856975,84.2486561211588,84.23945154969694,0
34.39185894062621,84.25016301555972,84.23975553704854,1
29.921950252023365,84.2525923400872,84.23897111782694,1
27.031906848276705,84.25513432403014,84.23901084457944,1
32.89302208356402,84.25482114266904,84.241627302705,1
33.414822340630124,84.24845609818911,84.24073748999176,1
27.700934734796604,84.24001323162815,84.24150430729296,0
32.252841613183264,84.23091320134424,84.24023836736795,0
23.14755849506021,84.22188551330649,84.23917408591458,0
24.606282390045507,84.21176443841252,84.2354139754058,0
27.278789501498366,84.20002975278302,84.23121257331212,0
25.731826716447074,84.18657094769873,84.22794342964609,1
32.21647074652272,84.17003169483748,84.22495411183698,0
48.15897299600998,84.1621482713294,84.22568020683788,0
50.988062021650386,84.14847467004998,84.22249100029875,0
50.44237863949537,84.13337288651852,84.2175093050147,0
50.86144388831338,84.12184304542589,84.21113262121682,0
47.10815723639365,84.1102648228524,84.20294905733753,0
36.278772740470366,84.09939151632636,84.19480579132991,0
30.733831980435156,84.08560968702447,84.18490195230113,0
26.849085109716242,84.07300699570736,84.17452105354445,0
28.938476501814208,84.06332738205849,84.16182965386433,0
20.751962026027925,84.05105444613312,84.14925082997831,0
18.41036331283884,84.03605543535535,84.13647862317411,0
17.84315608606181,84.01531194945582,84.12292635170917,0
17.027809523598435,83.99075261444301,84.10842729913838,0
13.925961770080548,83.96190196927733,84.09461781150381,0
2.4103769603157588,83.93236486765989,84.08418509258316,0
2.165566865214288,83.89652687317441,84.07441468222318,0
2.28431344835154,83.86007272844253,84.06298419849112,0
2.1903717432014673,83.8234485101415,84.0506259890259,0
2.1193836447913412,83.78681524868772,84.03590552436239,0
5.636355530232606,83.75073246768687,84.02247124492989,1
6.091147034663905,83.70823200838905,84.00831574283139,1
5.959006400051763,83.66493689204589,83.99136414252494,1
14.726868468456146,83.62832560128706,83.97405171554011,0
14.948612835451712,83.58950924591116,83.95424277326941,0
27.264581022838527,83.55780095592736,83.93624905389372,0
28.72542304659457,83.52717397943886,83.91709251067533,1
29.391631152345497,83.49760671108427,83.89592079446169,1
30.51146842024083,83.46701413738656,83.874236217845,1
31.543284897508883,83.43585950500633,83.85318891524201,1
43.87343078893515,83.41251446485015,83.83229892050802,1
48.474054925184774,83.39477754902188,83.81422329241894,1
52.064336384943836,83.38042909094312,83.79422535554059,1
62.18465746015582,83.37492643947692,83.77628174042573,0
51.47131341922716,83.36634068955503,83.75760049944962,0
55.26638506665714,83.35924797224445,83.73998767411761,0
58.6675591937746,83.35767074950535,83.72396694202524,0
54.913450351139645,83.35762745056704,83.70915161175064,1
51.593381369619536,83.35456124344879,83.6929880379419,1
39.804164943136605,83.35120448426484,83.67632211184441,1
40.48037449791499,83.34603602218019,83.6598487177671,1
51.00095079588935,83.34671464423599,83.64494787091371,1
61.147163893008276,83.35534693038524,83.63157445761142,1
57.71656826981464,83.3574363438806,83.61764381381673,1
47.57843162344323,83.35822503751692,83.60152749562492,1
47.64671217316855,83.35651258345203,83.58648880673684,1
56.409177427854345,83.3646874211124,83.57421327379771,1
55.97188523867366,83.38035033966118,83.56335515496116,1
60.50647660664135,83.39535551244452,83.55236652170962,1
66.7466752857888,83.41970626473343,83.54644304205591,1
67.49146547409443,83.44217802357451,83.54115745200285,1
63.81559195666096,83.45933480501765,83.53309790589427,1
73.55296519296331,83.48276329518396,83.52794080559418,0
74.14051080920598,83.4990679255191,83.52255975602597,1
72.26383547175466,83.51956823344764,83.51669057465833,1
71.66384337895619,83.54167237379667,83.51255069449533,0
68.12006492220488,83.56265908700318,83.50927397029596,0
71.1786597196268,83.58269499395661,83.5079857345235,0
77.95371922494978,83.60823048020306,83.50707743174016,0
78.42730993520932,83.64089261694649,83.50734820579963,0
61.24099930217675,83.66631508325933,83.50595297261758,0
58.808344273068016,83.68897722262766,83.50611658582264,0
60.93948918946594,83.70427924707148,83.50716137665768,0
45.94703421243645,83.71927830242696,83.50905408901029,0
39.15501097534243,83.73611728333489,83.51121362124795,0
33.35056356788476,83.74142245182875,83.51011184040436,0
19.54972106352355,83.73533541044849,83.50973668870735,1
29.860286859278162,83.72985593850345,83.51126843898551,1
36.314191360478,83.72965979445345,83.51485103543439,1
31.627009235381124,83.71924936488925,83.51941668853651,1
28.195998850339322,83.7018236504446,83.52159392510592,1
32.349359352231716,83.68979311723379,83.52572234943214,1
38.14916439549367,83.67565533558667,83.5322281830105,0
37.79870960672515,83.66789517233032,83.53838758444326,0
41.64757422847879,83.65897618627532,83.54447735080397,0
37.874423360040126,83.64473025262599,83.54732241317477,0
45.30970174305984,83.6361051175352,83.55284642553448,0
44.00020559544272,83.6233114259566,83.55826762047244,0
47.874484011958465,83.61198693402352,83.56506655039495,0
50.685304125002524,83.59098272236466,83.56939749274295,0
52.46726720790341,83.57676975577844,83.57165508898892,0
49.97649970952964,83.56355762507076,83.57362861624219,0
46.56603781186584,83.55121770022681,83.57547682037116,0
49.410182854507276,83.54314819765844,83.5763427922829,0
50.12498769170436,83.53351072077453,83.57808163373575,1
43.71155722057331,83.52995115705465,83.57839311432846,1
39.80970177982344,83.53066428974412,83.57893410480284,0
38.05293148592874,83.52939561122386,83.57997570324825,1
42.70028595379985,83.52608081569684,83.58345886433361,1
51.02869243231994,83.52656984768346,83.58956283390397,1
35.898602756041086,83.52623728021388,83.59367442831939,1
38.51830582456373,83.52160442528579,83.59567826185206,1
45.6673665917942,83.51868001964408,83.59756141871404,1
59.32325236471155,83.51658692469519,83.6020478167691,1
63.15234865166913,83.51985459033071,83.6091291719295,1
60.289714833262245,83.52549352511835,83.61491478984131,1
63.88084534332261,83.52905935605601,83.61859519951194,0
63.59601851892991,83.53810710470277,83.62137032648907,0
62.05505339052775,83.54047531314049,83.62311447067336,1
69.23686159475174,83.55211767574517,83.62236205714765,0
63.35666766967773,83.56186363064145,83.6195293318157,0
63.542281682307134,83.57219854592319,83.6187741126044,0
55.73473101423941,83.57722598405414,83.61326189591922,0
57.6852070059629,83.5858539125121,83.61105718708012,0
63.599802534076176,83.59765687168972,83.60931708903256,0
60.692240058558596,83.60848423147368,83.60511785739928,1
51.95676350301391,83.61540166511709,83.60003113604841,0
45.376159574089606,83.61886678402476,83.59444441927552,0
42.314979801377426,83.62157855223026,83.58879809314449,1
48.891807983394116,83.62553366769907,83.583419254205,0
44.634964503843385,83.63525873501854,83.58125188902308,1
35.586621254521404,83.6392827241913,83.57580046247753,1
36.38244700214188,83.63311542012495,83.56909588793542,1
43.93714074992382,83.63186810928285,83.56708373951146,0
47.184048030996074,83.62895352183843,83.56626366733092,0
47.89059248614808,83.62973983210313,83.57024174195105,0
52.72890886589257,83.6260300880121,83.5748730705374,1
42.319774025247895,83.61752276144622,83.57643705566619,1
41.62626688625087,83.61248724214227,83.57624544974885,0
46.26284711691372,83.60454736641243,83.57648125775691,1
47.19416901540156,83.59796864839508,83.5779873309959,1
56.254783873227815,83.59526178377288,83.58096157922004,1
53.71810979376508,83.59590081582891,83.58136008801614,1
44.85950449684545,83.58766245527599,83.57896410025837,0
47.76359079350339,83.58304824158499,83.57894591115644,0
59.683372082468324,83.58526390448345,83.58133131814226,0
66.1126780728305,83.58988212163607,83.58154193768877,0
51.9937146490867,83.5936115960818,83.5825644873256,0
42.59116671955948,83.5910075231568,83.58040632879779,1
43.93597843060615,83.5880749858108,83.58225615958347,1
49.113215426825725,83.58781252518722,83.5856689967866,0
51.53373813955327,83.59333560071494,83.5877116527352,0
54.041283371326905,83.60316307706871,83.58987403867219,0
52.4120561990989,83.60302155490879,83.5910330824116,0
60.672463345060514,83.60787706438703,83.59601020477591,0
48.55527398645326,83.60607787086683,83.60069242747592,0
48.53978839022991,83.603236683643,83.60390202809693,0
50.01934011161314,83.60135974065278,83.60522270743778,1
47.66740917482293,83.60212823503205,83.60666441748295,1
42.94884341764579,83.6026554593772,83.60691550243442,1
43.92975886369144,83.60538955390341,83.6096482404717,1
42.72987780586464,83.59876559585977,83.61182604744963,1
59.774124041569586,83.59916733231198,83.6135550130833,1
51.291938709171895,83.60157715813037,83.61296019363246,1
52.964161066793515,83.60525613637567,83.61310652957444,1
67.2247282966404,83.6163370079593,83.61766871127864,1
62.48132799911681,83.62438821440038,83.61967348102652,1
64.5709153673497,83.63560224693853,83.6215625442199,1
58.78155848126958,83.65272774055569,83.62530729976386,1
70.43919390278114,83.67259045187573,83.6304452700357,1
72.4074122925978,83.68860579311658,83.63636586177662,1
77.45634245142229,83.70692777626667,83.6416033448726,1
77.29621305883202,83.7258126374971,83.64930870004939,1
76.51448925134181,83.7451182603863,83.65473882156128,1
77.59423923490846,83.76151272287733,83.66155254525096,0
83.78261365030627,83.78169486774448,83.66997668198424,1
82.21962915726792,83.80557097362696,83.67996975150089,1
86.2797905555532,83.83256134904536,83.69070053344599,1
79.0854512954168,83.85648223527105,83.70062589069927,1
66.03666335145793,83.879311386584,83.70842658998839,1
78.10817208196276,83.90333893780252,83.71688032158528,1
78.81142020754311,83.93216406717035,83.72897858464124,1
83.61344161413658,83.9602155746214,83.74439507488187,1
83.25506899197285,83.99605112770453,83.75863340100113,0
80.64734336929612,84.02615684352853,83.77198785825045,1
80.35983211237564,84.04619756489332,83.78425180439471,0
77.7188375774266,84.0685156324097,83.79666769878555,0
68.59252206107521,84.08595456243438,83.80893526461516,0
67.8848398780635,84.10573665560581,83.8226070651493,0
70.30912813084973,84.12132413441434,83.83715597723645,0
61.00014365743181,84.13422470551039,83.85086828462278,0
57.83140482126417,84.14502865922142,83.86151009505201,0
58.6159351228423,84.15348099031914,83.87234076984547,0
51.9819188631857,84.1571958057268,83.88255216174159,0
49.24677668953917,84.15824968035277,83.89163312075807,1
41.60111971716625,84.15514086550203,83.89792746639166,1
35.216602897247355,84.15094606232404,83.90439532777609,1
22.848629023657068,84.14693709513936,83.91203073306902,1
27.986677195864615,84.14628183373149,83.92273561492914,1
30.570793645727264,84.14801435981141,83.93240233958862,1
41.95174583921299,84.1530305654044,83.94296753767216,1
43.268317785710124,84.15347084025419,83.95303268045694,1
36.61654899866973,84.1471696257067,83.96199769433706,1
35.79837536554747,84.13680636487257,83.97214732498664,1
39.702351035834155,84.12775603228737,83.9799394454106,1
48.47560372518981,84.12203808908819,83.99063589168327,1
53.92260056502197,84.11886368158646,84.00291849796295,1
71.02057462974506,84.12588604774,84.01874578745003,0
70.62807104550033,84.13069853246932,84.0340351841242,0
68.29643816268441,84.12789298171944,84.04725098617332,1
68.84653516940838,84.12986490113181,84.06065842351413,0
67.55600668104667,84.13285662685738,84.07514650745107,0
67.99917924427771,84.13923947137266,84.08836962546975,0
68.66763236822734,84.15293164784865,84.10309395762891,0
59.918991075943666,84.16494336452914,84.11550801201943,0
58.69589233065368,84.17740304421942,84.12235388089572,0
62.56810968169113,84.18883695065878,84.13017482227943,0
46.799015610644304,84.1913528216182,84.13433096294088,0
47.754328649994584,84.1928190639629,84.13877214429203,1
40.10941742373056,84.19143184776446,84.1399388979441,1
41.80910988494897,84.18779111983005,84.14264166835756,1
23.428484044503918,84.18019741430436,84.142340535672,1
23.67872232919879,84.17517610764276,84.14174308239531,1
38.330669168568654,84.17324819910291,84.14339930047326,1
40.214447033667156,84.17403600200954,84.14494875706349,1
45.410293861180506,84.17433742366018,84.14769291404953,0
44.49439486077221,84.17389137169685,84.15024665719089,0
35.73141813071766,84.16138718997567,84.15027612382215,0
38.16242943410363,84.149751255702,84.15134279229659,0
43.63009332717456,84.14448604769174,84.15332085061642,0
40.40521710303519,84.13444617361839,84.15310131784048,0
49.2090685621334,84.12422237552545,84.15196983079309,0
38.07626529510392,84.10245540094088,84.14526555599753,0
38.2918150662554,84.07733346894092,84.13560689412347,1
32.7814520508398,84.05255133538884,84.12606580876358,0
45.943363518310626,84.0358728679578,84.11822400212151,0
43.736013177393914,84.01766230351244,84.10983349072053,0
34.92090564242409,84.00657226281118,84.1025780430916,0
30.58470151476206,83.9949453125109,84.09445560705406,0
22.288413248658955,83.98270916067968,84.08449290845024,1
25.01415798938386,83.96998873398373,84.07694727974688,0
24.286600495548896,83.95726659109155,84.06723570842007,0
30.354926651858733,83.94833033533826,84.05968282040298,0
27.8809379016662,83.93405737848472,84.05414392957645,0
38.29961516827807,83.92187704072543,84.05039970121256,0
31.39373891399886,83.89719001703824,84.04451257466403,0
32.4566000480376,83.86321202492587,84.03515304223161,1
32.556890404490204,83.83385101257213,84.02504169079526,1
35.9821495184366,83.80561995193867,84.01507803957946,1
27.686739801872235,83.77416069569367,84.00377938496933,1
32.139255587557344,83.74827860635216,83.99120053421957,1
37.52665363644822,83.72610227949276,83.98102240648852,1
40.594826089483725,83.71589527015985,83.97275581377879,0
42.74190325597491,83.7071542217212,83.96374603686291,0
40.07156843814509,83.70019605595027,83.95504181822875,0
44.668830541636204,83.68647816183656,83.94400003122085,0
38.6940476608353,83.67459881963853,83.93212754594137,0
35.42229786046842,83.6601885318408,83.91629903673193,0
25.634822723663476,83.64342228701278,83.89954510887142,1
37.44693945176887,83.63035323014711,83.88547700782134,0
47.6625960246165,83.61332476721337,83.8703312261795,0
44.90240036051606,83.60050985893591,83.8542970012515,1
44.49101311848758,83.58538752511954,83.83814204190172,1
50.62991146618898,83.57157372474202,83.82160076033381,1
45.02511359884038,83.55267650697029,83.805492958189,1
35.3220938088879,83.54248792525718,83.79054652707912,1
32.61754264711752,83.54183540180115,83.77635242268857,0
41.110677215936754,83.54539605454089,83.76665898396433,0
42.00123853488972,83.54793885308797,83.75712595522947,0
38.793247039912586,83.54835191929807,83.74654741358279,0
37.959091702785976,83.54607499442463,83.7345140840574,1
41.26389512387309,83.5391582701246,83.72460674881663,0
39.76758850245503,83.52649983526132,83.71328530482623,1
39.627978113966414,83.51515716642517,83.70050962379182,1
46.73431912028582,83.50541334583191,83.68759275575769,1
56.549929451170584,83.50015158859163,83.67432569719345,0
47.09946187412242,83.49176616897006,83.65927746485063,1
45.58464611891207,83.48733057618247,83.64667639121464,1
46.844793434894484,83.48549566827026,83.63384287389874,1
49.864357003500636,83.48296888070706,83.62087014102747,1
47.933887087778025,83.48242155085401,83.60952137707375,0
40.04748816714421,83.4842949814872,83.59832604363619,1
37.334993240022904,83.48422544252273,83.59085005853447,1
55.35125021628297,83.48658463670783,83.58530122744055,0
50.25854592594677,83.48678368280505,83.5791858971555,1
52.005534818409316,83.48690177580087,83.57095809021634,0
67.78235996782752,83.48924326359602,83.56498480672201,0
57.74060447049744,83.48563710797688,83.55828492203062,0
48.35026803410314,83.47882078057805,83.55067614245634,0
48.40424905560849,83.47843859767787,83.54483918838204,0
45.685296127028536,83.47404291739937,83.53613575742365,1
49.014776021489155,83.47321127193726,83.5309846211549,0
46.288608640758824,83.47425956684444,83.52365699742867,0
46.9144124522412,83.47501478079391,83.51689258471549,0
40.424691984062484,83.46977881642087,83.50675346603586,1
46.854318526568385,83.46607103289521,83.50187810353624,1
42.670556937530584,83.46161147594907,83.49863724525993,1
40.800801271386604,83.45904425219537,83.49675368706394,1
39.74658302549255,83.45257817418388,83.49262616279684,1
48.19711248448529,83.45111741777798,83.49165282986118,1
43.50730019437652,83.44898520517026,83.48980401660101,1
54.03687791910073,83.45341146029115,83.48924971595554,0
53.805255518831615,83.45554429330352,83.48670966779193,0
49.55816007802221,83.45250112851019,83.48343999015614,0
59.39756054954237,83.456382456462,83.48166045736018,0
51.51140138699625,83.45607726958015,83.47879773331378,0
50.759020470294395,83.4498253207671,83.47507540717345,0
51.04924896856963,83.44793561637928,83.473383755846,0
51.77137622539467,83.44518403547508,83.47138084184125,0
49.417914774349164,83.44172289035421,83.4693870524649,0
54.90080057716481,83.44358349855341,83.46823924995967,0
46.21680611393104,83.43819068758984,83.46605695261647,1
54.318798860325025,83.43765926868926,83.46456569485657,0
42.30342040710846,83.43155009072078,83.460883131107,0
45.88021216927376,83.43208462735899,83.45851671419133,0
37.256478336457675,83.42909422690336,83.45652062419471,0
38.48468862114797,83.42864719891035,83.4533619641036,1
36.319325371606624,83.42209850461526,83.44743466709369,1
31.139191471907367,83.42056656019585,83.44167724564001,1
32.82236879050167,83.41009681732717,83.43635078907282,1
42.43916741657276,83.40388924841817,83.43292971819842,1
46.16553256272501,83.39531466752939,83.43171227491746,1
57.28491001577299,83.3949583139374,83.43409305926238,0
56.42467080001398,83.39701893989643,83.43618469954467,0
53.939228783017114,83.39368361079919,83.4369685633471,1
59.92251374188302,83.39412151411173,83.43638570352181,1
54.041625833343886,83.39565795415801,83.43663212124862,1
62.55175719486759,83.39636996671935,83.43699951206075,0
61.166353964020715,83.40193987623115,83.4379585250256,1
65.40555573117416,83.40988448098722,83.44015329257697,0
68.54733564120605,83.41732766523765,83.44220169571312,0
66.47978731420065,83.42513060153489,83.44239120063556,0
62.69322527481017,83.42834568123872,83.44221379034298,0
73.17328676644011,83.4409680863246,83.44263651095369,0
59.994432667168454,83.44581898005117,83.44213083308979,1
58.09381806989018,83.4527099503681,83.4428438940216,1
48.304075266176525,83.45981361204892,83.44159010348476,1
42.55457399298015,83.46765160097276,83.44024046429203,1
46.57219755621176,83.47571312057919,83.44043418164046,1
55.253543163371255,83.49189504509087,83.44173336803802,0
58.44825001106181,83.50519115313001,83.44538901249066,0
56.15430273778508,83.51345999642636,83.4478117647131,0
48.52178922494295,83.51191714047079,83.4491560887129,0
42.26947699991094,83.50910577210074,83.4498210960674,0
37.571536260759835,83.50319940821392,83.4503368000643,0
41.26646161353909,83.49725102467603,83.44885770023414,0
42.58418521810247,83.49232805107155,83.44891875129761,0
26.214123985248293,83.4787133863824,83.44486716573557,1
38.74220548080164,83.46826373357908,83.44423274878369,0
30.92109577241426,83.44957383711133,83.4395358603103,0
31.463602240812406,83.43019772812548,83.43468670489521,0
37.12446195693695,83.41728776910364,83.42794172416053,0
41.79043183924565,83.4100973682624,83.42403502032654,0
31.00577151693311,83.39506979562648,83.41966397780023,0
23.60380175794083,83.37689308463428,83.4103350843587,0
29.707647742021578,83.35983504689908,83.40434700494917,0
29.815719259779684,83.33992653956031,83.39763059100206,0
31.72871302077226,83.32416231220807,83.39073114262355,0
36.88271231539979,83.30847949376214,83.38575236495528,0
30.41538908905858,83.27678087634055,83.37575656243256,0
27.84468026853868,83.23859095202421,83.36339199387899,0
31.08181905939115,83.19975240412195,83.35243645132594,0
21.08251073486133,83.15669504770842,83.33677040032056,0
20.97657530463556,83.109548114192,83.32102030545587,0
21.746254463943473,83.06725253311384,83.30440396236625,0
19.19673050351112,83.02569843021328,83.28749938155812,0
14.138816322601286,82.98535389049943,83.27160142793323,0
17.274980866961016,82.95435669273033,83.2577704409816,0
18.24689918037319,82.91318442792883,83.24127989587687,1
10.890069536533886,82.8719002631063,83.22425723862196,1
16.408811192801892,82.83374489442642,83.2066289632985,1
22.507543822124333,82.79884211566532,83.18935270341491,1
19.186611147137228,82.7563875464113,83.1686067133161,1
25.408563745200723,82.7174265802906,83.1478270339579,1
33.432831911226444,82.68947894809307,83.12865321927626,1
35.952751662820816,82.65872853957414,83.11018981513415,1
44.309566008222255,82.63131172609343,83.09189209977622,1
47.610420980788675,82.60058530203546,83.07241727675,1
56.29855544449159,82.57501377832564,83.05498192579307,1
57.116078076431435,82.5605618131005,83.03602749527786,0
57.444657556319555,82.552748944848,83.01756050572314,0
56.97170855682252,82.54753494997395,83.00139819070158,0
61.755834438582326,82.54818366802445,82.98470559503485,0
70.67341815005308,82.55342001727493,82.96600107783601,0
65.47047661372119,82.55718566399678,82.94895063594451,0
55.46346669168274,82.56011953374217,82.93046321490775,0
65.37911084826001,82.56310138437824,82.91291653686498,0
56.187917835817885,82.56157487865205,82.89533975205332,0
43.12827982294018,82.5616238624516,82.87564419262584,0
44.97548797321205,82.56756807587911,82.85452645093724,0
43.46948579476616,82.56924833047763,82.83225183423755,0
45.04929599508799,82.5647609792393,82.80987309654009,1
20.807841629431692,82.55711014151731,82.7866839137347,1
28.463076231353625,82.55177762608609,82.76489577555203,1
29.516478050828084,82.54550834568425,82.74557679426438,0
32.365480651288664,82.54078964993467,82.7276052652376,0
38.17827484479376,82.53817026766524,82.7102289864137,0
32.371404189906,82.53266647317857,82.69399851146846,1
34.86138986625785,82.52136067147588,82.67622070095177,1
33.98712975469853,82.5077294572418,82.65928974333006,1
29.251000172250684,82.48964126103806,82.64133791888818,1
34.948478786062054,82.4721270863233,82.62333391758945,1
48.14852891445013,82.46276497820145,82.60577263901047,1
52.30970543213963,82.45816263137507,82.59123821213545,0
56.9337864927577,82.4566800124639,82.58086540707636,0
58.41158220826488,82.45622144279983,82.56901777326804,1
68.00904419596345,82.45400364607076,82.55854737946915,1
59.09398042512887,82.45182423750191,82.54640452217085,0
55.39579266481636,82.452731158416,82.53334485848738,0
56.266956573130145,82.45497820699302,82.52580538319825,0
61.62555728039493,82.46500389063704,82.5228170096827,0
65.51534768477453,82.47346844236552,82.51935951183752,1
54.68957960566271,82.48170145648797,82.51668647724651,1
55.02301574192851,82.4850106983756,82.51508080922548,1
62.40153013297776,82.48957510514514,82.5145058230769,1
66.55794344998078,82.49864961710165,82.51678573999294,0
65.73254626225449,82.51077944714791,82.52039920907309,0
65.22328999655429,82.53216414572944,82.52512149266812,0
59.678243294729164,82.54998059555594,82.53093916800265,0
56.46273929985692,82.56708608345136,82.53736407146809,1
52.50284832996631,82.58298532517895,82.54103409118919,1
53.3061138212644,82.59503925934452,82.54181277506112,1
56.8222457303042,82.6046477896602,82.54507673631004,1
58.653579507050765,82.61470186000913,82.55014832402287,0
54.70439998166168,82.62384499020617,82.55461182392159,0
56.764573669169344,82.63224342140943,82.55842372600215,0
60.52328901968369,82.63782437555145,82.56115243925237,0
62.38612132550663,82.64601952843911,82.56457821273233,1
60.34103751286593,82.65577659366878,82.56564998462463,0
46.428530925851035,82.65769847040583,82.56466004612037,1
44.66854321755232,82.65664112016977,82.5643738798114,1
36.46777648182991,82.65688166511168,82.5630981978926,1
44.26135080691639,82.66655785499061,82.56403615203298,0
47.78436864900628,82.677949161268,82.56489246682271,0
56.380584095237516,82.6873411529104,82.56656801864236,0
56.15334680365702,82.68756664065847,82.56776458275947,0
49.27284500162913,82.68231977299712,82.56808656452064,0
42.753818197408044,82.67493982087105,82.5704674695557,1
39.33450052579067,82.66993850941144,82.57426502678658,1
35.30318160468728,82.664003518692,82.57593824859323,1
41.42919560999489,82.66281448609142,82.5784605534347,1
45.01230066893356,82.66509863260062,82.58194783640565,1
52.345864455613246,82.66890211504116,82.58979352571959,0
67.89042465246035,82.67114737953997,82.5978962254044,0
63.42466880955248,82.67203483902448,82.60522242125768,1
62.40526940743894,82.67195477356589,82.61088977545464,1
55.83400896429522,82.67464852579535,82.6157437425044,1
52.06946140546016,82.67598149522765,82.62190422155196,1
53.35156317391346,82.67831740978772,82.62843267994938,1
63.9029185123886,82.68893826066106,82.63714356748807,0
71.28431959652349,82.70062230520364,82.64876629747761,0
65.8607557422721,82.71234119021388,82.65918383944883,0
63.132366845390386,82.71951550735882,82.66673636369595,0
68.19084256814114,82.72533342731127,82.67176078519718,0
55.10939273085004,82.72377463304964,82.67340586687665,0
47.62701257118098,82.72056176041649,82.67350070980613,0
40.144036730380854,82.71837392153738,82.67383467470728,0
35.0218842967744,82.71531655519205,82.67586439663177,0
38.6259720100434,82.71431739401939,82.67889952102794,0
37.703188437221215,82.71439095571746,82.67970334808302,0
36.7125884902816,82.71247374600766,82.67744849558294,0
37.67553160901464,82.70839218832006,82.67591733478747,0
32.890891332204276,82.69851265663348,82.67651800577778,0
30.304658648181274,82.68708960301677,82.67872778726087,0
16.739147189062294,82.67156262264517,82.6780174282577,0
15.516462499109181,82.6540578988011,82.67305308813442,0
15.857307274066898,82.6363252589691,82.66596206723287,0
14.473070868594064,82.61582799936374,82.65536976300568,0
14.531401217511771,82.58740514368718,82.64340249920187,1
14.159650909333465,82.55062805573807,82.63056035640277,1
13.898728093918379,82.50894577797698,82.61915047859684,1
15.756619716786858,82.47069986327155,82.60944808101965,1
16.889629067114498,82.43629007079596,82.59939327615024,1
28.530305515039956,82.40849307802357,82.58927727240297,1
30.297013617326144,82.38742418395591,82.57883754437654,1
32.345100506540135,82.37110788371331,82.56904649472769,1
32.70363686234407,82.35408185035138,82.56033766462726,1
28.056987061344543,82.33513880085766,82.55151210559917,1
43.36543235814592,82.32142160604249,82.54515752597742,1
49.09853019110528,82.31114491074142,82.54108192421725,1
51.956710936642885,82.30363825709529,82.53624735035316,1
52.98480854271332,82.29324850570546,82.53046407102498,1
65.43211503710229,82.28546881006697,82.52408238780832,1
79.09653364410434,82.27758698039754,82.5185829149127,1
83.47898114789014,82.27768453199812,82.51415477989278,1
83.48379688041763,82.28365114993201,82.51148689184383,1
81.1520632379645,82.29018298061713,82.50910735028087,1
75.5075441029791,82.30065317875082,82.50565510615759,1
74.4768761609403,82.3171363859583,82.50228164982062,1
74.0437208962641,82.3388788603458,82.50051049306428,1
80.03568073908049,82.36560349238717,82.50026608111513,1
84.00806103554419,82.39380308100893,82.50092986038297,0
81.41014186685764,82.42235329003603,82.50077374614818,0
84.74099411868046,82.4524018224367,82.50177904956165,0
65.83463887795922,82.47332343796953,82.49935298395457,0
69.72775419451003,82.491946960592,82.49704336953813,0
68.54406457173567,82.51135710182957,82.49502109504094,0
62.55554657376256,82.52920980298495,82.4928034287021,0
53.46997806550176,82.5371429089039,82.48868772562388,0
43.43267888326843,82.53855016563276,82.48092668620592,1
42.7795376783754,82.53778334086408,82.47111176461735,1
47.27787261077362,82.54373708678547,82.4630224296536,1
50.51014447628709,82.5508922722517,82.45663309376546,0
47.48734024059815,82.55339663529087,82.4498081981045,1
43.339861219381035,82.55296606043359,82.44583135084636,0
44.525367903131055,82.55493708128587,82.44523702019158,0
36.875726415891194,82.55230966935834,82.44268164940927,0
26.077197959717836,82.54971752954859,82.4394154959002,0
35.08299277295019,82.54830819874414,82.43587797171051,0
36.83236619691153,82.5465781941102,82.43338538842137,0
42.01184232742699,82.54346965301258,82.43266444391709,0
38.94155295088081,82.531874912095,82.43032294989293,0
38.68741694608934,82.51447524899626,82.42715878309329,1
49.17209982736656,82.49260446561183,82.42398499459969,0
43.3406134803623,82.47391919633407,82.42029561343014,1
42.93487211118917,82.45942780620601,82.4191913325001,1
41.294758030028525,82.44645555107896,82.41907321188488,0
47.900552352989116,82.43814999266576,82.42173222602291,0
44.959519064804724,82.43136787074135,82.42627281644556,0
40.58887087435878,82.43193102942219,82.43344787567956,0
41.96142609893169,82.42965711370252,82.43939629890755,0
40.951430603624736,82.42307050275741,82.44397068544797,0
39.523436397533104,82.41405022036722,82.44773715359398,1
36.31367559148626,82.40455287100583,82.44823211529742,0
32.508115719126536,82.39504681089656,82.4488804016226,0
33.64084714713097,82.37729586231742,82.44771221163323,0
39.06727305408165,82.36544511926644,82.4472269569753,0
45.162796949863676,82.35985092999455,82.44930034755497,0
47.15272485580567,82.34917511182712,82.44697937402435,0
42.44826924125783,82.33839203100581,82.44428423652712,0
33.45904730738286,82.31948223809052,82.4390020363152,1
26.17340601482117,82.30277770438947,82.43413462936654,1
32.082476996508206,82.29169360516349,82.4296487011319,0
27.574982986664594,82.27694743870964,82.42372917792453,1
35.91180609400851,82.27024727846167,82.41732071201555,1
39.58317961474514,82.26204389473317,82.41054843042056,0
39.12179598756953,82.25214655521668,82.4038586417247,0
38.63816912258987,82.2364215306363,82.39603956677709,0
41.266252452757975,82.22449543770311,82.38921643714347,0
47.74084919515206,82.21188828137717,82.3826516440921,0
40.056628569787826,82.19812486108196,82.37240484638546,0
26.470854635211438,82.18256131442544,82.35947397881459,0
23.16774390615815,82.1578046138617,82.34191768312425,0
20.852239751750744,82.13153893074067,82.31988695861901,1
23.110530901413938,82.10353100593436,82.30096342880856,0
22.701924002828562,82.07583725268087,82.28126832846876,1
16.820789828170646,82.04454472305954,82.26050200546727,1
25.964674372699122,82.01206060338342,82.24244066771435,1
27.490343079984285,81.98707614977778,82.22695267037392,1
24.284911313974646,81.95989488494223,82.21282212425092,1
28.45684857952014,81.94062775782241,82.20013980309852,1
36.23904767798795,81.92807171507354,82.18786848068177,1
35.94223622034117,81.91523545581109,82.17538597455565,1
35.91540127244248,81.90479293897607,82.16428769939861,0
44.61400239412618,81.89551104421186,82.15433870552687,0
50.64372382417308,81.88758337114359,82.14360694636365,0
56.86060528445573,81.87588968229988,82.13329064690132,0
62.67088871512441,81.86695912516925,82.12293620502534,1
61.39222382382734,81.85396771630127,82.11148024416633,1
70.61599472368319,81.84375372654483,82.10152185706598,1
72.12786179068034,81.83665663311146,82.08967963842503,1
63.64667286279924,81.8302604322702,82.07882818688466,1
63.6477645060054,81.83630178934362,82.0706482992632,1
68.7399572577203,81.84766189265119,82.06190992943476,1
72.23293886952396,81.86697615204722,82.05818621109381,0
63.871222458624096,81.88690948521004,82.05226100007037,0
58.998325639199,81.9078556984956,82.04506206443394,1
61.76683231971915,81.9279431683797,82.03835793799993,0
51.99847949334157,81.9404698383127,82.03059345740246,0
54.04248865626022,81.95959864438073,82.02388917023434,0
54.061812698188795,81.97217015661315,82.01714502026276,0
56.92566045829543,81.98276891451408,82.01174784538443,0
51.906843592067986,81.98529774291322,82.00388498357404,0
47.97717214433552,81.98699530849314,81.99726467439353,0
45.339993423694345,81.98060722745466,81.98856287215008,0
54.32223132246402,81.9780062431945,81.98389109871448,0
47.56726145618049,81.9758711906842,81.97746107546841,0
44.279930472325184,81.97164092172757,81.96765220171855,0
38.23052657499287,81.97097276742666,81.96019930640614,0
38.935264590730085,81.96455984023206,81.95198898075647,0
43.28596987422722,81.96234159820933,81.94682338247256,0
36.562910941755064,81.96025987210125,81.94182105396936,0
37.89531815738011,81.9522354369277,81.93486503196887,1
31.11773577211835,81.94326955706734,81.92843877677784,1
31.105110281719547,81.92339475978443,81.91944520362291,1
29.872608224756192,81.90764641924208,81.91050200987394,0
40.3825128933735,81.89646971331335,81.9027913276726,0
42.99041507146437,81.88342025481145,81.89715742767,0
51.77851413669646,81.87667466551189,81.89146514852597,0
34.06635337663781,81.85929936443593,81.88285360345783,0
36.09763080376214,81.84437780390951,81.87564619739379,0
38.3493021842028,81.8267118375389,81.86940805462982,0
43.69589021989693,81.81984624723776,81.86870163692447,0
43.77980072461584,81.8109313105812,81.86902162632975,0
32.26521523442439,81.79898210091835,81.86674331014369,0
31.514275716300133,81.77744602712252,81.86453460849116,0
31.84473367526826,81.75726615456986,81.86254964807256,0
27.17102763224331,81.73277695873898,81.85593874386078,1
34.448392051686454,81.70968810344964,81.8492440878749,0
29.254024437281046,81.68345851438268,81.84141443253264,1
27.198571394212976,81.65638789816954,81.8331274386114,1
22.68119734634236,81.62809220973921,81.82182925183562,1
26.73340700609222,81.60727731097887,81.81168177403599,0
29.743886435195577,81.58565381467959,81.80078312705925,0
29.713129137635917,81.56645073595034,81.78782108031831,0
32.629877968105774,81.54767075054843,81.77453696163589,0
23.63338777371787,81.52274480902192,81.76153337836142,0
27.591563481699225,81.49788119627017,81.74952625611036,0
31.54836863448945,81.46934486608043,81.73761600843764,0
32.60280560238213,81.44517399620023,81.72342171132,0
34.195720936695565,81.42222768965387,81.70987462001075,0
37.61717063500634,81.39648341412504,81.69589724737176,0
30.801170174790798,81.3653634767663,81.68032631189354,0
39.063248831362195,81.33724738598599,81.66485582366366,0
27.959700836697166,81.30916030562693,81.64361697157557,0
38.288069743108075,81.28788833594888,81.62492614878668,0
33.94850681366336,81.27142068564214,81.60797564293118,0
29.27390868221177,81.25596003809918,81.58714549174857,0
25.831344692165075,81.23083346730832,81.56538953947313,1
27.56329745838012,81.21354131215888,81.5429914996439,1
33.93563975432001,81.1972750466565,81.52316939462875,1
34.16537424689827,81.18658135046203,81.50335422621481,1
31.871346685260463,81.16636144103018,81.48410725328279,1
41.26798675409736,81.15296711123523,81.46717184815607,1
39.54078611201927,81.13868351562128,81.45105159558496,1
43.3609798578737,81.12345751594326,81.43271747073538,1
44.849366583091054,81.11232465950326,81.41611476588905,1
49.065621864777924,81.10448870669744,81.4026653700983,0
57.48670209755615,81.09862584436861,81.38867723921442,0
55.36797572900809,81.09604670052894,81.37601645543874,0
52.187008068374254,81.0935016569344,81.36233864350078,0
55.011686218341794,81.09061182898724,81.34803803012616,0
53.64318957991266,81.08082470521774,81.33176201920955,0
50.42729557620659,81.07004070567078,81.31556428310505,0
41.56415498292087,81.06217574272242,81.29912936475077,1
40.23519671901776,81.05190464593203,81.28262943946267,1
46.401492455515786,81.0394666287405,81.26517440910203,0
36.30126254277836,81.03344814446457,81.24715664760983,1
35.151482378566996,81.03053503887816,81.22693368881964,1
40.239709837087894,81.02824996483977,81.21057173980546,0
41.52270542710598,81.0250251112658,81.19542831757127,0
27.215725859542857,81.01595579282878,81.17905180833077,0
39.103558392633325,81.01820820525533,81.16345203648982,0
36.225087330681866,81.01385077504081,81.14833963393991,0
32.70790146099745,81.00762066341619,81.1345070205841,1
33.8639961300446,80.99816052167691,81.12100326855715,1
36.225456883976044,80.98300632386312,81.10641083360635,1
42.716084394580754,80.96707753564692,81.0963856008615,1
52.34916484981869,80.95423819819419,81.08649727711224,1
53.76914749222674,80.94244268394297,81.07961012326287,1
55.15098520754825,80.93268317806005,81.07285675545697,1
58.60842144857397,80.93085558203026,81.06914337904259,0
62.05017981482773,80.93576027660279,81.06315520545914,0
60.28642674052591,80.94193034094926,81.0580748936129,0
55.26451346471357,80.95003965439406,81.05256493212825,0
59.812095937811215,80.95651839412145,81.04616849689187,0
53.83091538191814,80.96397489895656,81.04166644507589,0
42.58417632353945,80.96104972248511,81.0324240580958,0
44.923236945234066,80.9595273937221,81.02300669987632,0
48.391214449284156,80.95518460910866,81.01457598496881,0
54.67554660929663,80.94905405079626,81.00615886202823,0
46.138895320563336,80.94528582686834,80.99857277342808,1
43.38373252421826,80.93672462499345,80.99199649578068,0
35.80896230946908,80.92655856895973,80.98406410712941,1
28.090588428437073,80.9167661806591,80.97754937059696,1
27.603268985003865,80.91325131720458,80.97114846105943,1
35.08298026620079,80.91798512009643,80.96503660738806,1
30.733810479571716,80.91638721748105,80.96055647261424,1
32.93377148969566,80.91107135752355,80.95859243319833,1
38.49805064036901,80.90609688861483,80.95663235384524,1
36.1576338197343,80.89947938411022,80.95373849043847,1
54.0151815296113,80.89053042627505,80.95072300936778,1
60.9349497562554,80.88390573507648,80.95017292307764,0
57.757571088902914,80.87487692121569,80.94683881760508,0
60.81707804560307,80.87015134641733,80.94515206444667,0
57.38757353944164,80.86279978804558,80.94190540573281,0
56.45809583750442,80.85526496287984,80.93884256642654,0
60.77625277337022,80.85746921836775,80.93361626276392,0
67.81638427444051,80.86051026852854,80.92776046954027,0
51.436278868788186,80.85898600747338,80.9197517077466,0
44.708219723589586,80.85813797634425,80.91201338979218,0
49.51645383214307,80.85887698645982,80.90587883641712,0
43.89337364838345,80.85499788300507,80.9016657668956,0
28.301669065757125,80.84825111632617,80.89534827139157,1
22.871865980480237,80.84014910587132,80.88873871585652,1
17.594540054330594,80.82740466299374,80.88134846788411,1
15.974297661706515,80.8122767477384,80.87416065498721,1
31.66356805576268,80.80505196709048,80.8691980016646,0
27.890825034630694,80.79790354569049,80.86553983592326,0
26.132222080213495,80.78277761457764,80.85844341374039,1
22.74672987195629,80.76684242937739,80.8504654176831,1
31.36847741147676,80.7532259133401,80.8456310575723,1
30.510368792104586,80.73586821500008,80.83723692697554,1
40.505004988538566,80.72315145317182,80.83055908885748,1
40.72922888291764,80.70933143869772,80.82583637455927,1
43.67583423170051,80.70072293077976,80.82293036937395,0
54.35167110051938,80.6968447533917,80.82437793823796,0
53.37739594752454,80.68726985057717,80.82169318873602,1
63.53276843187423,80.68175792691777,80.81876836102971,1
64.3339304909147,80.67997187769899,80.814763385249,0
58.89407034536575,80.6746947105502,80.80881800278824,1
51.766209211039865,80.66896810704722,80.8011238464239,1
58.15742077182639,80.67141737583817,80.79592860658975,0
69.86178876978379,80.68333975940507,80.79191203877389,0
61.28869241128713,80.69409535789116,80.78636099725536,0
54.54194234320787,80.7031831014973,80.78001435083445,0
60.09242273779883,80.7143289200907,80.77430226344087,0
56.64929833315425,80.71943880104713,80.77255363308942,0
55.99382981220686,80.72463619523225,80.77158335652732,0
47.74355622426367,80.73001096935992,80.7683739578409,0
37.514152884964886,80.73364752415574,80.7643028070269,0
38.963102973243615,80.72887171146597,80.75906541141137,0
29.982876551537828,80.72097470635399,80.75093695951976,0
27.572992896506207,80.70542533868408,80.74210579674723,0
27.622608433559975,80.68632695056517,80.73366068252172,0
26.417053283472157,80.6626966696014,80.72270851033267,1
16.080211628286364,80.63035792027945,80.70932705831116,1
14.124285399710615,80.60723036567985,80.69803044801556,1
15.344351815361236,80.57829596556141,80.68565820424486,1
25.17987703673802,80.55424533499014,80.67402276379913,0
18.7905926380666,80.53170617694603,80.66170871992256,0
21.476616598211308,80.51090215080788,80.64927253623704,0
24.170060395057163,80.48614905698545,80.63682593535334,0
25.41314510830351,80.45419488150512,80.62363922288966,0
26.250010468107718,80.42765666184806,80.60936312342766,0
28.14513748986552,80.40199097240314,80.59569082457747,0
35.044737794995186,80.37447476534018,80.58198618442499,1
39.213102901595825,80.34661534478315,80.56821208365557,1
39.974055588783095,80.3164132920243,80.55394456592562,1
44.29924067636299,80.29165742690637,80.54144252561409,1
51.165204868885866,80.27039598798663,80.52920601168384,1
55.66269060305,80.2594523223775,80.51929554577843,0
62.206653122928074,80.254050504252,80.51055800801855,0
54.28972139661637,80.25272549514668,80.50389554827542,0
61.13380162247511,80.25575920595021,80.49990472255327,0
50.716259868197504,80.25818627884871,80.49502115667465,0
37.641785031315,80.25777739269674,80.4875273162945,1
40.442234193525415,80.25309295874357,80.47724684467678,0
49.37754980873074,80.25475891650699,80.46840035257146,0
58.705758067541396,80.25580789771806,80.4632348770553,0
47.13548471954859,80.25237797721284,80.45592293905675,0
50.75489317607118,80.24967492960381,80.44785214274252,0
45.08265170338282,80.23845280668044,80.43785977202549,1
46.49739405993539,80.23158556428895,80.42701286733653,1
46.73758368301847,80.22705162509813,80.41645119798783,1
33.080998017557775,80.21860839476594,80.40284501017194,1
37.51348174787571,80.212173060255,80.38811750717032,1
44.377072814859574,80.2117425403256,80.37800115955494,0
42.64804031504372,80.2135123888462,80.366646350697,0
45.97965724556122,80.21535281114633,80.35559489899305,0
57.08086257600257,80.22085280472575,80.34766924935407,0
54.0124838231811,80.21679631524015,80.33842682905559,0
46.855251983569005,80.20898837265413,80.32558640674492,0
39.767437859810414,80.19845738687765,80.30994259926446,0
45.710586814014306,80.18666850137888,80.29693397994836,0
42.9281217531145,80.17804035954676,80.28496405989443,0
49.474789916997004,80.17317753646633,80.27106676284475,0
45.86697231246659,80.16835314804794,80.25681258347711,0
41.53021127712117,80.1583618229423,80.24189060365548,0
46.942517154739704,80.14283558348166,80.22836472270399,0
37.28860263191959,80.1308837417183,80.21481742608177,0
20.571609349783273,80.11436355320318,80.20204887943741,0
16.66424058403419,80.09845885710779,80.18885343232701,0
15.15445189491291,80.08036909183866,80.17699036859837,0
0.6673655862914245,80.0547648597055,80.16382636164396,0
7.91543452573049,80.03707544987512,80.15259652228143,0
8.356695372284662,80.01439878385817,80.14173385260182,0
9.02132497094783,79.98575036018352,80.1294091573564,0
8.306334251521335,79.95611366179135,80.11777342918896,0
7.768110918829066,79.92524719432849,80.10399564272836,0
19.42026100608315,79.89365648695535,80.09244937335778,0
17.635905493574313,79.86137727413796,80.07861687838763,0
16.113515458593483,79.82746555250432,80.06211300495247,0
17.594592921841198,79.796624306451,80.04691436924281,1
18.005732351820356,79.76408761744527,80.03150636218724,0
21.77808858927638,79.73258395950775,80.01720125473628,0
31.592693539739287,79.70513229405356,80.0033297743301,0
29.071846629510347,79.6751248043698,79.98821636731176,0
39.36331567808677,79.6487634756771,79.9748306771166,0
30.751814391103125,79.62072755619573,79.95999277441973,0
33.11657366057095,79.59538717927535,79.94481390259725,0
29.628742850897993,79.56854927146983,79.92568765907434,0
31.59534818163847,79.54852110713678,79.90664167348092,0
32.29283342153006,79.52914035012176,79.88755631058841,0
20.125563450294166,79.5124937137026,79.86652016474491,0
20.124640509023422,79.48914870188437,79.84498149149569,1
30.296656724783702,79.46996724778673,79.8266097946378,1
27.9612244168097,79.44973017715284,79.80806404472011,1
36.67422031019117,79.43389075452419,79.78942616439583,1
32.45911494181878,79.41710539545993,79.76851464182512,1
36.1352395290773,79.40042622650523,79.75166867307473,1
36.68436010467156,79.38504335287519,79.73276424769618,1
41.494268611724856,79.37949920659646,79.71853156491889,1
46.474347142760244,79.37412919134734,79.70393182006616,1
48.07189968873802,79.37160563431482,79.68932796587391,0
49.12301270377532,79.36475048583108,79.67565809116235,0
51.82014145448754,79.35793154508659,79.66163316826274,0
54.977571917220246,79.35705791775219,79.6463425182824,0
58.785272916185484,79.35323491446263,79.63071968736318,0
54.9801190050887,79.34588630729509,79.61220617287924,0
47.31096440384349,79.33477108437295,79.59038121445613,0
44.919280128123766,79.32405763846872,79.56859218836577,1
42.43364329463826,79.3143476129672,79.54878536960614,1
42.70415216055834,79.30323127277066,79.52946586494562,1
34.59259260693081,79.2942045699144,79.50953459215911,1
35.782319560846574,79.28769269105551,79.4888424240992,1
35.74090059157281,79.2834523822531,79.47071973295252,0
34.987035023859775,79.2807917496896,79.45303948537678,0
33.767749849360726,79.27554857370706,79.43630086470175,0
35.01968850735091,79.27006704546068,79.41940722661673,0
30.03839887842389,79.26036074992768,79.40345947635848,0
21.709650231621893,79.25057544572313,79.38724900470416,1
25.114540921626784,79.23720408655463,79.3740296566976,1
27.8947194977723,79.21965228350251,79.3596450967317,1
37.73322360716295,79.20318432707279,79.34869575282084,1
39.47481927184395,79.18758023370668,79.33586000469496,1
42.928556561531465,79.1726604790953,79.32493784635759,1
55.59686306624882,79.16135322352505,79.31658366361901,1
58.14883311408678,79.15108037797776,79.30870637383775,1
66.54022841653136,79.15174046388384,79.30280348070139,1
64.0855141985015,79.1583147127935,79.29624450479139,0
55.68600185904035,79.16387061564271,79.28958952496768,1
55.3384593893422,79.16835527982394,79.28514126053398,1
60.520639930343066,79.17590208247792,79.28117697535637,1
62.730580631259755,79.18675593817653,79.27860192045162,0
69.06163237436921,79.19996733664617,79.27579577495457,0
68.5396984566661,79.20905263363099,79.2722878687835,0
76.91123106155747,79.21801043772467,79.27019373871873,0
75.30885349034232,79.22676467186457,79.26750134317673,0
71.31367094242233,79.2335974545351,79.26455518595247,0
66.17288295051446,79.23977495100601,79.26121458505075,0
46.36363194740968,79.24443553520915,79.25760351019989,0
43.677326028051134,79.24643261472845,79.25319425973427,0
31.030885848150803,79.25018625021004,79.24806345676701,0
21.758028287964947,79.24951491270028,79.24350423241991,0
22.889344669295426,79.24784182379615,79.23933725345967,0
24.49741412036012,79.24402015226272,79.23455900814798,0
18.306307027009467,79.23315364516506,79.2299530508239,1
10.442737919771119,79.22095521481296,79.22353215795327,1
6.803752702129557,79.20015384469875,79.21602286039689,1
4.762348697030262,79.17602811547347,79.20648526037868,1
15.933171405543362,79.16006339659046,79.19959754245379,1
23.97127135651492,79.14741423848275,79.1923072732885,0
29.82627332177988,79.13435628640293,79.18526781337862,0
29.65163302431577,79.11846879505698,79.17734718474848,0
38.78044680723829,79.103782994877,79.17140877857292,0
38.069159083428794,79.0864626190127,79.16370029835393,1
39.31775740911833,79.0681803770067,79.15464272242052,1
38.93878947522357,79.04712975364107,79.14505927884811,1
49.82092468509666,79.0328318994905,79.13933342283065,1
52.55653376633456,79.02174900106756,79.1360057517286,1
54.19535344641451,79.01516136620417,79.13404500129406,1
64.01891231339374,79.01562797612458,79.13370640499724,0
75.16831679112192,79.01927122565006,79.13447943791876,0
78.46567998890497,79.02611430078213,79.136268124767,0
76.21965021824636,79.03707294842818,79.13908935640873,0
61.929335480073135,79.04318212383527,79.13845090478085,0
54.3557073664871,79.04746637648744,79.13662290154302,0
55.81492681180801,79.05290620925891,79.134475212174,1
52.58321503708676,79.06264361278167,79.1330534873253,1
60.1219641936198,79.07518696393302,79.13241574598082,0
57.58076445012228,79.08200143980909,79.13216794008817,0
63.24944552049372,79.08537224157081,79.13157453529499,0
59.09545902433874,79.08784246112833,79.13254388442894,0
55.05343978672303,79.0916513318448,79.13273398665729,0
55.45611329870612,79.09374484445543,79.13387462287244,0
30.63842573239475,79.09350892226513,79.13203967562187,0
18.546751899797727,79.08707869918348,79.1249329126839,0
13.186910046293733,79.08002416337887,79.11663679300855,1
9.986622995246904,79.0684260163328,79.10600764381022,1
10.088814548012124,79.0506504590199,79.09294005021916,1
11.144605083896437,79.03280931448555,79.08162048083119,1
21.86653405681318,79.01292289112811,79.0715334495189,1
27.780712155143235,78.99401814561806,79.06172586317483,1
26.839865026371044,78.97545523382381,79.05174784302591,0
35.89718619248214,78.95921147133285,79.0427870102834,0
32.40233315213732,78.94404889226344,79.03244940823383,1
30.539736815967956,78.9302761576698,79.02152918952108,1
33.437122651807016,78.91861516390755,79.01121540899119,1
32.03683633428933,78.90560441467163,79.00185627137992,1
34.88171535497369,78.88940404839721,78.99226738493729,1
53.5560815571306,78.88119152670359,78.98687033668595,0
59.11084322246764,78.87305669024599,78.982224165502,0
68.43336629710495,78.87021322569319,78.9805546746222,0
64.65503179997089,78.86120427336155,78.97740973092179,0
61.63830327621959,78.85015239670513,78.97479885203602,1
59.40269250959958,78.84482987866603,78.97236356618319,1
57.07713997551459,78.84694322730766,78.97044874554095,1
46.19218126285029,78.84554361660994,78.96647215372734,1
40.82739809613844,78.84509455035833,78.96398392607405,1
54.556897140390966,78.85615643743503,78.96499137900379,1
57.295625552194274,78.86817314287771,78.96486437934611,1
57.26493044688563,78.87866577158033,78.96403406275793,1
56.534788624896926,78.88483651928665,78.9619179563283,1
59.13733516057284,78.8903051072696,78.96048236791097,1
52.35712899791151,78.89262619169365,78.95832428901006,1
56.30944514208907,78.90139926714107,78.95842406748518,0
53.77865763388883,78.91505006723416,78.96027706561208,0
65.18793118126175,78.92805140535549,78.96358406967695,0
69.68383229433837,78.94277381923854,78.96583303927913,0
57.86765682266686,78.95350925667205,78.9649714871791,0
49.67236794877215,78.95295669715807,78.9619884690675,0
59.66710482606209,78.9523613850309,78.95691752906453,1
64.01339422763107,78.94895622711695,78.95242867520896,0
59.9714555054821,78.95551972193141,78.9491718993815,0
54.093252916085746,78.96126184611614,78.94447441111122,0
44.721074947453864,78.96094792544486,78.93946988682704,0
51.43999440933043,78.96328362207866,78.93677564377744,0
47.15385008758754,78.96952997673834,78.93312166071911,0
41.92507371764188,78.9715252526652,78.92753658202747,1
35.56457410903576,78.96416526248943,78.92058269842636,1
28.716225625666738,78.9544155611056,78.9138300278647,1
33.412863738771065,78.9469172534036,78.90865206749105,1
37.03376053823392,78.94418301617746,78.90445417834798,1
39.59849055674419,78.93835460134318,78.89916367571031,1
51.02027569867251,78.93697587069704,78.8956166995067,1
51.17822236733678,78.93245704142444,78.89400331514891,1
51.84984488625252,78.92785160021494,78.89658622602465,1
51.83549190659484,78.92615272291968,78.90203549349327,1
54.351866903463325,78.92339869552866,78.90782211095748,1
63.371750240842935,78.92776241438114,78.9158162693236,1
58.13967313444195,78.93625267854739,78.92336581469225,1
65.5963502047831,78.94742742873726,78.93071934410818,1
76.13747326596388,78.9561262550505,78.93727191898193,1
81.86151899177378,78.96365749634074,78.94445280438828,0
87.85877321741593,78.97883452344357,78.95232363195551,0
86.99746358686403,79.0005136453715,78.96205578807026,0
85.0660234742761,79.01895073652392,78.97224547531908,0
91.0384647129508,79.0397162601785,78.9815620992275,0
65.25169721632349,79.05608510950057,78.98772885995905,1
60.84087170477382,79.0717542486473,78.99352277852638,1
60.40739855888891,79.09198488932752,78.99814737291427,1
59.1339828818533,79.11112690311026,79.00388015263675,1
56.70678429367845,79.12521187574227,79.00645363836759,1
55.12337204512946,79.14214396004913,79.01153955038534,1
56.22249276574723,79.15406594511305,79.01718211886988,1
55.23727383398027,79.16777740816596,79.02318232694888,1
62.67386083431686,79.18514166131288,79.03186559962676,0
61.928173832981656,79.20055909986556,79.04404168679552,0
53.379311002119294,79.21467945781241,79.05565607393912,1
50.72138330071824,79.2267436596843,79.06405115822331,1
56.640184840200845,79.24454644677354,79.07391513625058,1
51.17529176281297,79.25493299988781,79.08122623543117,1
61.6021196842882,79.26308227211635,79.08857022011382,1
67.79360045616116,79.27044311041843,79.0965080056478,1
68.78699072711407,79.27708075571189,79.1061054575628,1
67.8134194409715,79.2839175466689,79.1150630998814,1
68.56355989822497,79.28912283341202,79.12187458179022,1
69.56347141052126,79.29627694547109,79.12885231527375,0
71.71907402662833,79.31411928540352,79.13626704642503,1
70.89944327193271,79.33533287312439,79.14625222510733,1
63.419917909380196,79.35328637949301,79.15827924584825,1
60.71084730505459,79.36833667244542,79.17027026760258,1
59.1168315721929,79.38282848888545,79.18000254307499,1
68.3593321583644,79.40468931851908,79.1912073890204,1
64.51691140495298,79.42764947916206,79.20373717208824,0
76.27579281455056,79.45017274123065,79.21887225326319,0
79.63380175635973,79.46499824081027,79.23255144711939,0
79.94355236379441,79.48026834776833,79.24833703520753,1
65.70931035489807,79.49352908429111,79.26445760658947,1
52.495413315943345,79.5014836983305,79.27897853255973,1
55.614967370211815,79.50488962022281,79.29410475989746,1
61.63167223958239,79.51930598413477,79.31018172772364,1
64.17768544201948,79.53952448480416,79.3267068075645,1
58.99791710719835,79.55491352418963,79.3431315747864,1
61.08812455936283,79.56783704442724,79.35844992705488,0
58.04468892707993,79.57679854318567,79.37279970058587,0
63.47874623816467,79.58904687427108,79.38635269141268,0
56.92837554799093,79.60119798598603,79.39887042050027,0
59.74950134961674,79.61498700554226,79.41290237043049,0
50.698451646227106,79.6226680042661,79.42421446106131,0
46.85931433166738,79.62662676566684,79.43442888069602,0
43.1481743632111,79.63017641935872,79.44336986385116,0
44.05002734892475,79.63332614236207,79.45088249799961,0
46.355327755308195,79.62505764701129,79.45576744928864,1
47.642484232107755,79.61715317153855,79.45906463132623,1
34.23540238787848,79.60459085465425,79.4605031369763,1
39.81645637659579,79.59989996015558,79.46493113657206,0
40.73150321478096,79.59081916102068,79.46877819554439,0
37.20166416596804,79.58501598275095,79.47602995588963,0
40.90023263108859,79.58571406527587,79.48456245921116,0
33.97182678700969,79.5817157072848,79.48999708708037,1
33.984907459502736,79.5727958556167,79.49484930872623,1
30.7390484643698,79.56111074232835,79.50106635419894,1
34.23413758430951,79.5508920923375,79.50663082770174,1
40.53626254240471,79.53989938051524,79.51278330121575,1
43.36210434312825,79.53229503826847,79.51860675262688,1
55.37579333698186,79.52789823452515,79.52345532069758,0
69.9408466471455,79.52986113535805,79.53059123469728,0
63.42964724947294,79.52548443433251,79.53722436103853,0
61.56467380834439,79.52196740073788,79.54230395748273,0
53.98101122193197,79.5228084912557,79.5457336984889,0
47.28306165825216,79.51727612829663,79.54830711521468,1
50.94341738439517,79.51709378831666,79.55248710447974,1
50.228560898230974,79.52079915900434,79.555909868723,1
58.3892188631457,79.52480895135223,79.55815590958237,0
54.95327299623683,79.53076353236231,79.55924153125366,0
54.60747156715361,79.53035221226428,79.56142288811297,1
58.17677391699558,79.53313976587701,79.56352332370676,1
57.90392203862128,79.53742339474064,79.56535159962448,1
50.03618294193375,79.53648123763443,79.56502180501516,1
44.25918954241312,79.54087941421172,79.56503430096785,1
40.73523201843723,79.5495623976886,79.5673395988235,1
46.83103758282237,79.55792734316489,79.57110589591072,1
55.047142310968994,79.5678391902763,79.57189077640463,1
61.77852027033671,79.58185374783596,79.57446500868532,1
71.54682125296524,79.59212888848843,79.57538921153,1
72.34418030334622,79.60067508495011,79.5777260583535,1
67.76621265763013,79.59956272207936,79.57830898442168,1
70.14102244425116,79.60530157225341,79.58193335622343,0
74.52899680624532,79.61772112140407,79.58879892671217,0
70.95992818845221,79.62849700115284,79.5951766508609,0
67.77582953363985,79.64503784771165,79.59859986064542,0
70.0570814432377,79.66263623319563,79.60173180383632,0
66.92477880075859,79.67395200329278,79.60352526036426,0
63.93646548401056,79.68268992382431,79.6040970613412,0
59.73934253449854,79.69437241359866,79.60627107941885,0
57.09708983756976,79.70426080941652,79.60750846217114,0
57.08890937791736,79.71307662278969,79.60827477842822,0
40.58680052106312,79.71475013748537,79.60525685240171,0
40.198314771096584,79.71798292223946,79.60314777220451,1
39.0494439306414,79.72283162726656,79.60351624560775,0
38.28646921917911,79.71938916103801,79.60302469549521,0
28.07485671213435,79.7110367541598,79.60219014062982,0
29.67151939402612,79.70562395393902,79.60411729917573,0
33.77612188136726,79.69687885929191,79.60635528378666,0
31.582347575226535,79.68704828301956,79.60837218287612,0
26.697953830141728,79.6748208424978,79.6076944112904,0
28.655117121201386,79.66092734392328,79.60635225758273,1
29.432922212042754,79.643082780789,79.60516007543865,1
26.365417345299477,79.62324946909017,79.6038130882379,1
25.144501610873334,79.60216416263948,79.60335603300278,1
29.134692021670233,79.58428616400356,79.60319598400017,1
41.18012386707806,79.56613830114541,79.60374282736313,1
46.44608547321845,79.554751623551,79.60506907284966,0
44.92531277436184,79.54609134612042,79.60657384758328,0
41.79748563073783,79.53083238474481,79.6056860180094,1
55.000956081685885,79.52088773053654,79.60470426057572,1
49.23530419861663,79.51022236505618,79.60041927030748,0
41.691609076605076,79.50308839804092,79.59629843788507,1
47.93523019981884,79.49913832387904,79.59401614146098,1
51.35522659979327,79.49539611002719,79.59255129311632,1
60.4555161518457,79.4956747371464,79.59438413903511,0
54.60035980233602,79.49664546202942,79.59401081011494,1
57.18739365190166,79.49664976276833,79.59445754068132,1
61.700655768527774,79.49482000342616,79.59435970461624,1
60.704097483100966,79.49804840834256,79.59528613326822,1
51.511196039148295,79.49828597331893,79.59486791571226,0
55.34103871966461,79.50520878304395,79.5951798644495,0
54.27453948148153,79.5131977575057,79.59546982054468,0
68.42512649380043,79.52441435261755,79.59898633423114,1
52.98063627971424,79.53331099080293,79.60032866363926,1
46.613853433212974,79.5353911745003,79.59752749472484,1
49.78819669029647,79.53385569194167,79.59411416687385,1
55.54461252139602,79.53615001477792,79.5923934026503,1
59.798729821358826,79.54337900442982,79.59118395022081,1
54.175042781382544,79.55239697248982,79.58979325160995,1
59.23495258008596,79.55725243090593,79.58733519895804,1
57.09898098467366,79.56289268662718,79.58575125612661,0
59.92408253093515,79.57379573410955,79.58369610262753,0
61.157115927614655,79.58705709836353,79.58175053224475,0
59.65692449696192,79.59439445301413,79.57891027386084,0
56.321189679529816,79.60030746110114,79.57649198439093,0
47.47091454502366,79.60327453652106,79.5702661314451,0
45.97577093414901,79.60641265674397,79.5674418020618,0
50.518955009266605,79.6086656914216,79.56475001165515,0
51.34850222515294,79.60548856902764,79.55973259543981,1
53.71936835552009,79.6059195117613,79.55553139665018,1
45.6815229060189,79.60184587597546,79.5506875657238,1
41.941339323175264,79.60120419438202,79.55005144330333,1
41.92908626338208,79.59393526161317,79.54936726998064,1
52.106455887218964,79.59863249460436,79.55064901057439,1
54.67064120980298,79.61051211087297,79.55397667465884,1
56.56837864788071,79.62726328063944,79.56060477746571,1
49.551255330851674,79.63606349577915,79.56456921938634,1
59.62048263400483,79.64432059610982,79.57016064494798,0
54.81433155391965,79.65153740716754,79.57558890126913,1
61.94488132445553,79.65791578027957,79.58057317407075,1
63.266415905706936,79.66796460503028,79.58856616056941,1
66.03292999490778,79.6773437302044,79.59740048239368,0
65.85869966124687,79.67994356853197,79.60442817202147,0
67.65394995640062,79.68972249661226,79.61393360744997,0
70.00731002766689,79.70038181851173,79.62293024619419,0
65.37307162731923,79.7161077442814,79.6302539086995,0
62.5451665630558,79.72432960990518,79.63527299660346,0
57.52545040577511,79.73501697373268,79.64032026270006,0
53.905738791854226,79.74901798658479,79.6470068361758,1
49.365511214563256,79.7624601632894,79.65216036975131,1
47.08662192112643,79.77202224969055,79.65540751957755,1
36.368957759163465,79.77623631271305,79.65931060917221,1
43.88201847295533,79.78482166220859,79.66364060531245,1
53.749893721137,79.79231588502151,79.66941692057212,1
46.95123078437126,79.79643056807828,79.67427900703159,1
51.29799705723933,79.80104675879491,79.6823652961719,0
60.583653666595296,79.81146294498835,79.69049449227437,0
57.05890280046578,79.81691829912788,79.69899996322866,0
50.32177230448591,79.82300815546823,79.70557280011941,0
47.85419354725354,79.82666710107088,79.71192562517153,0
58.062213849830535,79.82813391193363,79.71773621212529,0
53.40351994664407,79.82630003693343,79.72264139416478,0
51.19477253468254,79.82645871661263,79.7252459176195,1
49.65461305034513,79.82241505641838,79.72957523369614,1
57.050629987373334,79.81676227839287,79.73547868775121,0
63.29325986628307,79.81531494353344,79.7428376093362,0
58.354395070722845,79.81717681287344,79.74768371584167,0
53.368643314681734,79.82020983007186,79.75105259295688,0
56.78837085240671,79.82516924194381,79.75611574395741,0
40.095537977901415,79.82428424983209,79.75897309732177,0
36.785326737745095,79.82939568349168,79.76200871832336,0
26.86344677138824,79.82733539124825,79.76072647202768,0
27.15243295781518,79.82089386896502,79.75717531355305,0
32.7396378683343,79.8099399286856,79.7556351108407,0
28.60392651156704,79.79960745844963,79.75399900597098,0
25.496128544560193,79.77904010024778,79.75267152166259,0
24.424740121964135,79.75239893100377,79.74888900197828,0
20.297873794356008,79.7167312207451,79.74222617495806,0
18.762366874803845,79.68004657435984,79.73539600225229,1
17.00970750244322,79.6482963783706,79.72887637181525,1
16.956464202454328,79.61280803097512,79.72212107412514,1
13.341050815124916,79.57953968801364,79.71397559161744,1
10.721610424283739,79.54827934573703,79.70698355126905,0
12.392994901526308,79.51769868468584,79.69720170972873,1
17.182452386252166,79.49088265285464,79.68762690454388,0
21.128089565071463,79.46054789963236,79.67615145693335,0
29.52813684879314,79.43471433903824,79.66714405314531,0
21.27152434774031,79.3984729203513,79.65271352265347,0
27.565457954455837,79.36434626281508,79.64123928621642,0
28.561909328077675,79.33148012879913,79.6283988367296,0
28.671281066364955,79.29427984656016,79.61253481493532,0
33.43969185153094,79.2633581997298,79.59513225983784,0
43.85432763641486,79.23871372736559,79.5806833770865,0
37.66078962749106,79.20978317246053,79.56365938118,1
37.346948200493394,79.17881389326888,79.54537183587384,1
33.60693550111803,79.15043254535392,79.5264014420916,1
34.87019514105417,79.12641422397984,79.50972284760815,1
38.323261208124606,79.11302330920205,79.4934287091458,1
41.298238711002874,79.10927410548307,79.47949844981159,1
50.48428824573925,79.1112901347195,79.46840836038727,1
49.67661393523938,79.11713313188218,79.4601654270018,1
59.87939338095673,79.12359770905155,79.45292015015283,1
51.470535498108646,79.12615926327956,79.44351859169745,1
62.37086451417248,79.13467311186952,79.43414460046793,0
67.82421594320918,79.14062893404947,79.42530625093235,0
69.92811377954666,79.14631034334582,79.41425689075372,0
68.27794951681321,79.15033469660766,79.40269275379302,0
69.65633782634475,79.16018857334089,79.39002163233867,1
61.31482676420323,79.15911199043651,79.37568082020374,1
67.22657698519473,79.16393185946421,79.36330474008695,1
69.64236865128505,79.17640212846128,79.35184210154637,1
69.26040544753725,79.19286686514542,79.34175899112263,1
65.16827738795752,79.20588229779675,79.33245280956014,1
57.2629485418285,79.22175177758231,79.32339406964557,1
55.226329940435726,79.24024064140937,79.31476318108045,1
54.20307573211845,79.26221610846792,79.30516190806539,1
61.4558813408877,79.28319259552197,79.29612916066756,1
50.70955826382072,79.30190096525232,79.28610516321798,1
58.87527016956304,79.32016029127433,79.27749486954379,1
63.281812323383846,79.33232156585395,79.27162328679601,1
61.98548615351504,79.34275576976341,79.26550946151049,1
70.03626575300439,79.35412686943886,79.26363674142907,0
98.9316402303182,79.37145578245568,79.26374335709372,0
98.99176037223063,79.38574146853418,79.26446521640737,0
86.53108758280507,79.39693305536781,79.26423648969963,0
78.42192736500971,79.40751272059529,79.26564593889275,0
69.20135655480223,79.41427412723361,79.26744283228497,1
72.24962108438626,79.42549437970835,79.27352689592398,1
74.10802131608648,79.44641057002153,79.2822264184684,1
63.55539747024673,79.4614633913004,79.28857154525886,1
65.43584541346874,79.47350338404202,79.29612024277313,1
69.68293943258891,79.48814484663306,79.3052010545704,0
63.1059134413449,79.50205925762293,79.3139647743145,1
62.49369848444744,79.51693156392636,79.32308722134181,1
64.81545739776499,79.53358468673781,79.33184399463372,1
54.718251902542775,79.54558139980371,79.33917530813393,1
52.48288720866434,79.55825474211818,79.34554532189954,1
53.948567180269485,79.57490051637419,79.35667620162714,0
54.7929867512117,79.5847168047184,79.36564308630513,0
60.726108960385226,79.59568499101321,79.37730523168165,0
65.76924766761746,79.60640545668119,79.39035970555891,0
58.6411425375852,79.6128793569269,79.40344520430791,0
54.83555080888127,79.61694774003493,79.41503696216145,0
59.6260353926273,79.61632782938064,79.42708307917542,0
52.02263536063263,79.61529006166924,79.43882695705976,0
42.04340927354446,79.61497234602193,79.45146185915993,1
43.830827489351186,79.61746048709757,79.46386133753207,0
40.55526883864611,79.61698116684694,79.47511003898192,0
32.96342532569207,79.6133725494791,79.48386579606682,0
42.672128561271094,79.61453482510127,79.48986942141157,0
46.05544339669889,79.61614487030033,79.49572493814038,0
26.78202627770021,79.60974642586771,79.49966054129686,0
28.319199510742507,79.60329493360143,79.50481904244324,0
12.026415235171086,79.58957357272794,79.50504740568516,1
11.425969461982291,79.57300981327515,79.50479634632399,1
14.56225102037908,79.56113064602117,79.50510342920408,1
21.529314970271002,79.55057666423889,79.50564210895203,0
24.97132180237338,79.53645925368804,79.507184473766,0
34.76398610662554,79.52597380903246,79.51238781374349,0
36.85188579877661,79.5130424775883,79.51694947893128,0
32.60910311910072,79.49787845481697,79.51895023610118,0
28.660796773516708,79.4813215879951,79.51882709344778,0
28.67205716594698,79.46423774494112,79.5183791410192,0
24.12398043713739,79.44639959041828,79.5169422043098,1
18.687229106364313,79.4310100753801,79.51513473064806,1
20.36301219177369,79.41487085544026,79.51252375794887,1
25.509424532590003,79.39984223009316,79.51052119136054,1
35.24502359840848,79.38549718489564,79.50854852683926,1
41.18605301117875,79.37341534842508,79.50516781892713,1
43.98505835361324,79.36201777218687,79.50174790394473,1
37.04190191401947,79.34835909903504,79.49796626984903,1
34.57019982182403,79.33796508167191,79.49319582619009,1
34.02236739634289,79.3299649341359,79.48822270311533,1
53.583927542522,79.33600336523031,79.48515216436361,0
51.567238537810034,79.33941312414755,79.48178837383588,0
59.75725664815143,79.34247770627793,79.47908942347713,0
52.96267858695564,79.33993635855238,79.47590700147953,0
58.24791474698038,79.33683919238898,79.47172239883825,0
54.22137466464339,79.32986175104337,79.46576828615224,0
56.85494284566045,79.32229670860758,79.46128280585417,1
55.31630168643385,79.31737039960382,79.45649704232589,0
51.579287803139195,79.3144347090382,79.44934303840984,0
39.184561649540036,79.3066813885629,79.44022799339518,1
45.068499137406455,79.30587479745262,79.43251949772029,1
50.084294063427585,79.30810918611118,79.42494453039741,1
50.02768835802124,79.31148856068046,79.41888662229957,1
43.79906519974961,79.31070269528226,79.41150037262616,1
28.775545415923517,79.31003112910767,79.40260077193265,1
35.375764340155584,79.30908503259094,79.39491511007614,1
40.63784598681367,79.3091779023295,79.38714506847126,1
52.2382824842643,79.31257720244709,79.3804349681554,0
57.564718243220554,79.3196889612246,79.37591966790916,0
51.8207655469704,79.31968171473176,79.36931629299406,1
50.941527511965106,79.31093921141891,79.36299671717893,1
54.44735814438956,79.30849184224707,79.35906908606702,1
52.50138142754293,79.3029805658477,79.35429271140744,1
65.55814307236366,79.30513605417313,79.35097722830974,1
66.67783169759446,79.31311104043229,79.35017434827239,1
67.63806154438345,79.32701495898007,79.35122524995262,0
69.99180543366643,79.34340573871452,79.35283117129946,0
72.49669486919476,79.35787888170299,79.35319064688696,0
72.9271355112781,79.37480090065246,79.35536482832373,0
64.98099583021946,79.39309076720733,79.35614632683753,0
59.27293087151273,79.40438028760177,79.35844218366984,1
53.53825753846563,79.41074936651782,79.36004035169448,1
49.857925393552144,79.41772948214329,79.36152615674841,1
55.89510949283185,79.42630059810918,79.36178994617428,1
58.4692909142731,79.43543324803709,79.36219036967228,1
58.038347763542056,79.4462113750634,79.36301013648853,0
59.185046161540086,79.45229150625903,79.36284467993954,1
54.68108764100155,79.45610739382063,79.36372654375685,1
42.048047414188154,79.45526450540133,79.36549683487165,1
34.08032898180561,79.46055347316754,79.36784258428463,1
34.290844654212975,79.46898974298331,79.37203277820495,0
44.042511632288154,79.47720408140607,79.37754668847741,0
46.704504135454066,79.49048275383026,79.38453747076345,0
58.44700440192727,79.50120942788314,79.39152410742575,0
53.69890220666198,79.50166338534001,79.39664082845013,0
51.286859331214565,79.49488964980875,79.3998149705061,0
46.26650360756404,79.48339119678596,79.4013805411391,0
50.42920558073959,79.47445676828146,79.40362971458553,0
42.63818364694747,79.46052670902345,79.40438947926435,0
39.36285419887804,79.45195213052418,79.40494120539286,0
44.233345567974695,79.44670107044594,79.40272126575609,0
35.55965213646971,79.43756829288589,79.39930241918981,0
33.488601297946886,79.42479248550788,79.39445206844039,0
38.077798156529774,79.41657009731858,79.39244344168077,0
38.12597703645057,79.40972795376281,79.39134587422181,0
30.837849369854197,79.39739974125818,79.39002533257445,0
24.641024800404267,79.38404875784231,79.38754549963343,1
18.40468517796235,79.36247339480342,79.3817677418367,1
28.317729617660817,79.3468726336885,79.37847200473179,1
30.776215528933875,79.3307976285072,79.37748908026234,1
41.337555838957975,79.31850726354546,79.37708576464208,1
39.34771459414347,79.30267977947429,79.37537492582264,1
44.3622687703673,79.28561477861037,79.3741879579354,1
46.543939322959766,79.27005772671166,79.3752661199975,1
51.29160056558069,79.26422158291398,79.37831700997266,0
60.09932996491867,79.26341443664383,79.38154673212725,0
65.14306423794915,79.26523312808305,79.38380263144052,1
62.183169782951175,79.26600161932278,79.3849994813358,0
54.74594598385411,79.26754754294338,79.38353291195185,1
56.91074119106209,79.26681013748298,79.38379257449334,1
62.53594487746275,79.26539572545548,79.38450387137071,1
83.4433057148855,79.27451021717083,79.3857097691593,1
76.56279050512293,79.28570472564209,79.38754173235814,1
79.01655331214867,79.2969682815489,79.38917633263108,1
73.25765504381913,79.30576042052226,79.38840562625779,1
78.50172771771447,79.32120350747559,79.38770075197266,1
79.40606850140904,79.34207892373914,79.38701477364327,1
78.77737615181232,79.3726463637975,79.3876747346745,1
77.13699464560497,79.40167971685753,79.38922353121382,1
78.00648626532796,79.4332397857298,79.39354868767134,1
80.37927867695592,79.4622291135427,79.40022529501846,1
83.83965406114262,79.4986370783088,79.41053001053903,1
92.89863325314842,79.53932341869304,79.42282553255532,0
95.95973052903823,79.57867760119221,79.43621692123074,0
92.67286697843599,79.61141572217406,79.44870999962744,0
92.0576814172037,79.64373581039668,79.46055650626056,1
81.80500432309522,79.66988342550819,79.47083939914019,1
81.49381083838438,79.69859423695348,79.48199421858894,1
75.885655985819,79.72723564049204,79.49232136598813,1
75.69112243633947,79.7606798680894,79.5038431324621,0
77.75580070868617,79.80030415373372,79.51702963567087,0
69.97955440669107,79.83089214518617,79.52718499467134,0
67.84173995592823,79.86268518756272,79.53642270585112,0
61.48817471370766,79.88769533614214,79.54377069593467,0
52.43222627426573,79.90744086469479,79.55071661799971,0
44.91625151779367,79.9228920048977,79.55890169400823,1
40.824430059500884,79.93821870845213,79.56894577830974,0
42.08025726416273,79.95401717832068,79.5794988986902,0
44.1602990503041,79.96718904522434,79.59188846569418,0
37.69618244868748,79.97238545996319,79.60172201944694,0
44.00892758050748,79.97458127792893,79.61137737801165,0
35.64326575023449,79.96520127751091,79.62158320438904,0
34.703729216418665,79.94609737452795,79.63134748816334,1
26.791276258555982,79.92232441071,79.6385186465873,1
21.37924868424423,79.90331036137141,79.6461429626709,0
27.648003802792914,79.88486087121348,79.65554095824267,0
29.695799752976384,79.87360483072251,79.66666182829228,1
30.21060859828941,79.85694679826038,79.67978357997173,1
34.07033433215132,79.84244402967327,79.69054992438205,1
30.424493920364057,79.81998793072542,79.69951925334938,1
34.45985313606003,79.79553330290221,79.70784005141358,1
41.22626724631319,79.78273309427443,79.7192063205914,0
42.875044225810825,79.77187069312033,79.73092507165512,0
51.32108021260332,79.76675170578287,79.74244828756315,0
50.26695370987537,79.76664967472468,79.75168785472398,0
49.79690427060789,79.76171754117271,79.75822293581979,0
52.028679507187746,79.7520645695005,79.76367835487672,0
54.24178807578685,79.73851658999936,79.76850488696084,1
48.41028355398121,79.72324880449041,79.774168970313,0
43.53840166799835,79.71133975775197,79.77953386755453,1
42.2009435369058,79.69918870418942,79.78489456950523,1
42.250707908071135,79.68909584602056,79.78741745592895,1
52.828346916152334,79.69045722680875,79.79324848863001,1
52.8438158335846,79.69064375915458,79.79598883762958,1
51.1025609939243,79.69031259166994,79.79996383112996,0
40.07329130843699,79.6874090752903,79.80202318536857,0
39.550532388246374,79.68495163696812,79.80381091358386,0
38.2716871000884,79.68686390116756,79.80547059491974,0
39.75673118958157,79.69051249973266,79.8060830375321,0
41.670941681398325,79.69491129463283,79.80418785691057,1
43.887880604384264,79.69390830667714,79.80051172866735,0
47.09046107180429,79.68643765113897,79.79432654972348,0
49.713544196745275,79.67752930058887,79.78620742441345,0
47.575031556554656,79.66302576502594,79.77618755309665,0
53.65712307563956,79.65314226511678,79.76837847190107,0
46.52674459132024,79.6404908162734,79.75692493817049,0
34.31294675649495,79.62973553740127,79.74761919963396,1
35.84555945511151,79.6175354496589,79.73608137204302,1
30.97197053965563,79.60714172917965,79.72613140578805,1
38.754943637959364,79.60194011860521,79.71603796776087,1
31.21904326582873,79.59211459155925,79.70161874463545,1
41.09293719870244,79.5924788842594,79.69205215155826,1
41.29658873023314,79.58658136472721,79.6828069594958,1
47.01091184569264,79.58624923341843,79.67541039654007,0
43.07731900467251,79.57850903031658,79.66839109737867,1
42.18960827799108,79.57145505971822,79.66144840729676,0
45.7670736575378,79.56601776589568,79.65493053656128,0
50.19215711413599,79.55962891926232,79.64771529129641,0
45.41483753692823,79.55318563295077,79.64048167262267,0
57.008053603912856,79.55018967937012,79.63530954467336,1
50.99674458157551,79.54386699178696,79.62822601421055,1
48.886106997200535,79.53260795443909,79.62128922049475,1
53.03573728067466,79.52472592661512,79.61765884524833,1
52.512422997022306,79.52290816979746,79.61642105673162,1
63.06071283227446,79.52025753025838,79.61515733945586,1
49.32980623447341,79.52292531336977,79.612150715033,1
47.540753179822644,79.52588705110313,79.60853208778619,0
51.62863602596749,79.53569827618779,79.60758196321397,0
52.64483562502294,79.54101942056323,79.60556156214402,0
57.394096820763934,79.54670524777725,79.6067248945816,0
50.80956059360765,79.55499547852637,79.6054036148851,0
46.345014500116,79.55308082396434,79.60019124343421,0
45.5908083157969,79.55042219745778,79.59422756123078,0
41.8593756332944,79.54299679719715,79.5859084331058,1
40.26391131949653,79.53412904673706,79.57538284618363,1
45.19158167822098,79.52565066588564,79.56702165718193,1
42.185882985754034,79.51577674799923,79.56041540796078,1
43.794094176119444,79.50909486988732,79.55594660325158,1
41.71772347803761,79.5038960732537,79.55274058012799,1
53.509422449191646,79.50511620162044,79.55282012222072,1
58.699836630247766,79.51505742580598,79.55457350285718,0
57.174466862026584,79.53175003141789,79.55835089465367,0
64.36067234813228,79.54622166104332,79.55996461894215,0
64.65252397897785,79.56181433191134,79.56488928583433,0
57.27947763634367,79.56706516477443,79.56585836869766,1
58.81734202532849,79.57340487564305,79.5665490351741,1
51.99847975241613,79.5743268633793,79.56428217835067,1
57.86636980084894,79.57343846416474,79.56221178841285,1
62.56381561751638,79.57409691190789,79.5589953270141,1
69.0115976252429,79.58077985003933,79.56107231674422,0
65.95095461677053,79.58767837366273,79.56291164167934,0
63.59537306294688,79.59763752392223,79.56467119254751,0
60.57424919300387,79.60641558080016,79.56578207331529,0
53.089732739784374,79.61718709831891,79.56757296642299,0
43.92288149059227,79.6300122306274,79.56613083238788,0
37.29480628211137,79.63852276616417,79.56623443713823,0
30.568516792339665,79.6384120892117,79.56388602868493,1
27.52889117089242,79.63617327370879,79.56340173287153,1
31.069494715175082,79.63065656722604,79.56214651534654,1
40.67501237943498,79.62503015437842,79.56205613653002,1
42.37259885801378,79.61111272438974,79.56217275598937,1
45.36876607039543,79.59953438254256,79.56117309396693,1
52.64703338360313,79.59146475845355,79.56191797643268,1
47.02255477589237,79.58353682569157,79.5638043227436,1
49.58203659046042,79.58341994312632,79.56782273382156,1
48.067262220386525,79.5837552382649,79.57146910659276,0
53.59712108317092,79.59407924831007,79.57550677131643,0
52.567937093691135,79.59976775047137,79.57826732089646,1
57.854297916055465,79.60868400929179,79.5811946775505,0
63.11111250772059,79.60783954026421,79.58413226110184,0
69.68343911413587,79.60580489221668,79.58768680185122,0
69.01505144539838,79.60431732754414,79.59335494178953,0
73.23944038722979,79.60647791732222,79.59848286959814,0
62.69429558642997,79.60722862713456,79.60130114935782,0
71.66984217432858,79.61341649391292,79.6033944178497,0
53.90241785527461,79.61657677612378,79.60369502223985,0
41.9877024874285,79.62332456367699,79.60286103371449,1
32.65815158343712,79.62688611084543,79.59987686673459,1
33.46787093599373,79.63293229277457,79.59891166423108,1
39.955636268151316,79.63559963963681,79.59761389327383,1
32.366741581331794,79.64248490261232,79.59716852562376,1
39.29663461697846,79.64648092669171,79.59853313505788,0
36.80028724066821,79.64496192233553,79.59973386638377,1
39.66806219062009,79.64066268008608,79.60287067589915,1
46.003333809103516,79.63673564565977,79.60886537339066,1
41.811071248044726,79.63226576584476,79.61411514657641,1
35.198397203419006,79.62259491642884,79.61823403868826,1
43.681013848185025,79.61735938071025,79.62157312522564,1
51.45260535986404,79.61703548167895,79.62645044092062,0
71.19885757051541,79.62070178156026,79.63036649307777,0
70.53065339774045,79.62360727363355,79.63110674098225,0
65.57413058976185,79.6220381705465,79.62947019744097,1
60.69325400541878,79.61639708263165,79.62655303823347,1
57.3127050165394,79.61403904261981,79.62219103364122,1
57.147487984556996,79.6103679021612,79.62071551280441,1
60.16462151267881,79.61775061654268,79.62143331859968,1
65.88515047255632,79.63260308899683,79.6261715239615,1
64.56681009639757,79.64892780500684,79.63007260307143,1
61.89983319964498,79.66338964047553,79.63462875565814,1
66.91897133862165,79.67673570588933,79.63599623561383,0
72.32621331037804,79.69321422139593,79.63938286471704,0
72.21034403095288,79.70965494289726,79.6433401026479,0
63.60876818501988,79.72522751117924,79.6472586385354,0
54.274511859751186,79.73755525358256,79.65101793800461,1
54.38367520579029,79.74521626932757,79.65494698887072,1
63.20512821396488,79.75511586682937,79.66075238684249,1
70.27817645685535,79.76813625498545,79.67012370499776,1
72.46431456355234,79.78159334586984,79.67974115409007,1
75.5823253686549,79.79295746876326,79.6913708015355,1
76.18189163838926,79.80520821854668,79.70243771874507,0
62.7196063461227,79.81666146023659,79.71332623532099,1
64.1409726002299,79.83299791169722,79.72285560910284,1
66.98058064542434,79.85244652107225,79.73094574328094,0
64.83373721765857,79.87134335918813,79.73731364703984,0
55.734584490255905,79.88743619577846,79.74232201386526,0
59.36242686681974,79.90419930838088,79.74961094664609,0
58.51497200401252,79.91494619592507,79.7545183030075,0
51.19776869608681,79.91866356424757,79.7576309285819,1
56.19645524347444,79.92317181459909,79.76042387778107,1
54.315605126911564,79.9252706318672,79.76296867225504,1
58.71224276028085,79.9299121851616,79.76902578189501,1
57.91176832487622,79.93435497911325,79.77535516327555,1
52.278321020622805,79.93920028446388,79.78034758539206,1
44.533937388214525,79.94537193016174,79.78627525921549,1
50.13064797245871,79.95442286984819,79.79134953924482,1
58.279912740009905,79.96995437809161,79.80210342762963,0
59.1533054975734,79.98566150817938,79.81505848279872,0
52.92024652076971,79.99451233728796,79.82679164466708,0
55.475555654232984,79.99889844579204,79.83775726274249,0
49.32119728370808,79.99847159307383,79.8475865001199,0
47.033205316525176,79.99890050217329,79.85589247514537,0
48.82293996831346,79.99233506354021,79.86119726384224,1
51.41413311125592,79.98626681562442,79.86746770059649,0
48.972323926159326,79.97786455576986,79.87219439731336,0
46.22425412013754,79.97610293440488,79.8780689293633,0
43.83224218957466,79.96974429028835,79.88460235642353,0
43.16048994201293,79.9637540076121,79.89098193948081,0
35.92387550805087,79.95705914996832,79.89351083628513,1
41.943784553508216,79.95420084284217,79.89529002224634,0
32.851088660674804,79.95303972933533,79.89590385136506,0
27.867138081442675,79.94450880438333,79.89738639419492,0
29.1254516350765,79.93156980048687,79.8991678152517,1
38.447105983200956,79.92471220047625,79.9036736325299,1
35.581854297015354,79.91508654678462,79.90669426088141,1
37.578189820339944,79.90495120115922,79.90918285884402,1
46.12705061218243,79.88953595058469,79.91081756124645,1
49.70978210521394,79.87658916730776,79.9126529141231,1
52.09432334686314,79.86746004393731,79.91420454023927,0
43.74436699623387,79.85676649456514,79.91510800437834,1
43.31154128123912,79.84580777928228,79.91521532947706,0
49.16070028488786,79.84128267343144,79.91511985595959,0
65.18819418064317,79.84606743079223,79.91576225900022,0
53.329687774619394,79.84455368389561,79.91519816968307,0
52.570502194605,79.84597783851295,79.9155634312855,1
48.236426735322844,79.83883183013583,79.91551515368661,1
55.65406183236734,79.834482429208,79.91634898137497,1
50.81556612627931,79.83299813637333,79.91692669203594,1
51.497987095832364,79.83628807789998,79.91538872909719,1
59.41212919412405,79.84057778062729,79.91433814699195,0
58.59104124738229,79.84500112416234,79.91182101361133,0
53.6842334244373,79.85157555371347,79.91135203158568,0
53.87761181067215,79.86041842907314,79.91013602220205,0
57.96683899857401,79.86413106422484,79.90834744979094,0
56.348144495156,79.87002210073635,79.90616575750069,0
47.96010032491243,79.87472115339239,79.9040968418896,1
48.489028895610666,79.88153013537901,79.90174989204569,1
53.29741717347268,79.88213039534699,79.89952659389186,1
49.70818023816744,79.88173974895406,79.89943501412188,1
57.80208926801201,79.88328320647894,79.89915256113028,1
60.47480661974587,79.88972070133514,79.90099535726424,1
63.50712139725762,79.89688845011611,79.90191036194139,0
67.32508274662305,79.89918208352984,79.90169310076686,1
66.14521190294448,79.90979899497987,79.90343765388945,1
65.20947457149177,79.9203950353204,79.90557267334897,1
58.07447347813147,79.93286992553384,79.90689397596087,1
56.179163151594125,79.94099807478742,79.90476646005331,1
61.97062567670977,79.95217400429166,79.90353169048086,1
70.42527001109121,79.97296984032144,79.90677173031058,0
75.66363943721339,79.98989163257738,79.91073542170608,0
69.10050435650298,80.00392447880414,79.91400216790345,0
71.46306321433894,80.01683655300704,79.91852645191918,0
69.91017435729428,80.02787616666077,79.92435246345028,0
66.92941051049601,80.03696461335538,79.92862656888333,0
58.09919401047569,80.04498186731787,79.9330126821199,1
52.739612779522886,80.05511336261301,79.93570101317285,1
55.553902692215786,80.0617032103426,79.93853346006739,0
48.03387016143336,80.06939377181516,79.9417824995731,0
46.11230537964527,80.07805778582494,79.94783446846452,1
55.65125642041039,80.08957050482277,79.95330042592252,1
57.339795624763035,80.095795766911,79.95809777229451,1
47.50689817928231,80.09787323099562,79.9632561325863,1
23.985178993843434,80.10064899044161,79.96932477674876,1
38.905675591396424,80.10444211778625,79.97532962081345,1
39.38587152150265,80.10631427832405,79.98206376596474,1
45.586600749018594,80.11279894634508,79.99003307403521,1
45.68605556274885,80.11840861528663,79.99631552593407,1
53.12492155384989,80.12074294024092,80.00119319965413,0
63.421911805468056,80.11815044021566,80.00704788882192,0
69.6506306219402,80.11801010825944,80.01523286718381,1
65.55954184443976,80.11845463439019,80.02306090994662,1
58.025475814818904,80.11572719015713,80.02830425860944,1
54.38662420944292,80.11293239535594,80.03109844927576,1
55.403277723647314,80.11520583808354,80.0368874305585,1
64.97741434383258,80.12645013389357,80.04520160027214,0
68.39530973292992,80.1406293513814,80.05642002167109,0
62.57643815954904,80.15036793767631,80.06488766345473,1
60.27701488830761,80.1631523313669,80.07384417757052,0
58.08748328769842,80.17361457365736,80.08276506676746,0
54.39231907592647,80.18052052513589,80.08927752372595,1
58.60270771005845,80.18876164172562,80.09560197931982,1
58.623915422884274,80.19867208440493,80.10209474486288,1
56.85149202816931,80.20935807243455,80.10890063409333,0
49.305706643854116,80.21316943452808,80.11494496893475,1
55.68075835004634,80.22195853775892,80.12283834077378,0
58.693359144866044,80.22714191694413,80.13100137945591,0
67.35625338975066,80.23875401609608,80.1392050782209,0
56.82594367788361,80.24487808152718,80.14629227412621,0
48.62491970808722,80.24994282809264,80.15432912047734,1
38.5857898896968,80.24759388419258,80.16095713826927,1
40.2810150147895,80.2438034702779,80.16469401752371,1
33.06838191929211,80.24194159569569,80.16632551684128,1
46.267215311914455,80.24746766792916,80.1704126830355,1
54.10594917472578,80.25410097095727,80.17460822094945,1
56.80053159369406,80.25686277416023,80.17978869580807,1
55.579261781833345,80.25705072948104,80.18609234324997,1
56.05315127751227,80.26189727525943,80.19324734364352,1
63.39602425617374,80.26824550585516,80.20027277819594,1
62.29104070660842,80.27988175111855,80.20552983108631,1
65.25647941557452,80.29269661098536,80.21039951508915,1
65.96793666475556,80.30969972415085,80.21791207745851,0
76.6466612925505,80.32818838557067,80.22663547788834,0
76.70597362736812,80.34724891275054,80.23664973252924,0
82.41539806289586,80.3667586167756,80.24686257030282,0
84.73765970223543,80.38109436380962,80.25728333937047,0
86.24525674868234,80.39604078683446,80.2673723491445,0
84.58048010658878,80.40843038212253,80.27789594693287,0
83.70930630106167,80.42788169728196,80.28968744431293,0
68.4036637516738,80.44198455785393,80.29989982928893,0
55.921492583365634,80.45375511886968,80.30663098388803,0
50.587082115373896,80.46514037897245,80.31243186234832,1
42.78913439337465,80.47685946763849,80.31792001149843,1
45.320028801242465,80.48754834024427,80.32517242295656,1
44.12123320188894,80.49313667554354,80.3300860440524,1
37.352565260847015,80.49673576875652,80.33595729198107,1
34.80241933397235,80.50157237902775,80.34160171632303,1
29.9330241208894,80.50251228336197,80.34688881087366,1
39.96567025425374,80.50407565585294,80.35360586444074,0
39.57380408821531,80.50124248614658,80.35876664945867,1
47.91362874228648,80.50337259135841,80.36454450832873,1
45.535905497464704,80.50030711331604,80.37065306902883,1
40.48317687448897,80.49352838588389,80.37775595617906,1
41.642274714119125,80.48239252881113,80.38443378591133,1
50.91694770623249,80.47337182324662,80.39012896436807,1
65.01277385334191,80.47338230280837,80.39605620693641,1
68.63904540275854,80.47580968161405,80.40144448123755,1
65.84613547902265,80.47763622602899,80.40880326227395,1
63.474361251177704,80.47461814237013,80.41427376871422,0
64.58816496022487,80.4781652354966,80.42172009402464,0
63.73939502389192,80.48848810415197,80.42981801549446,0
69.93305205669873,80.50166825162395,80.43759450630763,0
66.68450750150609,80.5177549153017,80.44555314385713,0
59.04024776491376,80.52414169671563,80.451085872669,0
50.92884365701728,80.53110654975525,80.45726089014325,0
45.29335935125107,80.53339745816083,80.46053286014183,0
47.09393208696765,80.53443688554775,80.46451970376447,0
49.12103622112535,80.53643834384981,80.46596254197514,0
44.65023861488832,80.5316342246413,80.4683083216864,1
23.018043386024416,80.52468468645812,80.46866339280488,1
28.85879765024525,80.51629858079795,80.4720263869709,0
24.82695860014654,80.50614087825306,80.47558803221891,1
24.94318942593908,80.49506506635235,80.47900534444172,1
31.61721356448686,80.49248242539095,80.48243968889602,1
34.180676085980735,80.49109147847699,80.48492516737596,1
28.961448660614522,80.47590103002321,80.4836715092816,1
33.5343990819825,80.46382845188425,80.48415557019884,1
46.061576162499385,80.45618498313613,80.48651834542463,0
51.93953714807798,80.45569768933925,80.48925464210784,0
58.43207631656788,80.45545590702756,80.49194975638824,0
54.22481360956618,80.45115450937743,80.4932011748513,0
56.674563428262566,80.44689717392798,80.49247348621849,0
53.81429324839112,80.4363796874382,80.48882966460414,0
55.45616822495119,80.42893086873083,80.4837586550611,0
48.17255739108623,80.41823499641066,80.47785144199727,0
48.33380567706612,80.40937945384833,80.47184689615732,1
50.94848894265091,80.40095746157311,80.46648637365993,1
43.80812715195817,80.39343695881149,80.45996517265073,1
39.891342175531065,80.38645948356744,80.45173943620057,1
45.758498277639674,80.38283328676259,80.44500288436834,1
46.27022110540706,80.38043666980269,80.4426990073441,1
48.48728800411003,80.38717529030339,80.44440199675128,0
39.513357297428605,80.39446878857058,80.44604907281455,0
37.68537803693629,80.39792555011778,80.44659057284542,1
38.60428397764959,80.39684969074156,80.44641037345517,1
42.87078532000341,80.40478225997053,80.4468901057672,0
46.837984317261096,80.4067308008667,80.44621893893442,0
47.53965816798599,80.4010915481059,80.4459500513222,0
61.55868102655484,80.39688492557879,80.44637834999817,0
57.80719816184892,80.386160256343,80.44591686446681,1
47.399856841788086,80.37110567619317,80.44029440878518,1
51.49518395995074,80.35856915576424,80.43577830319778,1
51.92249278143568,80.34951603682904,80.4312247249822,1
50.678664072431964,80.34117521881038,80.42727173106078,1
54.46865879350103,80.34518142532627,80.42657528282913,0
49.99992438574103,80.35355108230067,80.42391440795423,0
51.38085208651241,80.36120587596068,80.42064485139858,0
47.763649083923454,80.36801194372619,80.41611545972961,0
52.23974188283528,80.37781806959353,80.41301940708993,0
43.84431260139413,80.38298644821229,80.40693136945461,0
43.73204413471524,80.38168274891967,80.39997686525118,1
45.762954510443414,80.37330268313603,80.39305576935611,0
38.13625743464296,80.36705842682632,80.3857704774244,0
42.161348392242346,80.35927542463165,80.38064406401183,0
49.76572320669746,80.35197289941276,80.37475691331817,0
50.70397470632492,80.34515735850661,80.37159406590553,0
44.91121511218148,80.33457264595714,80.36627324309818,1
46.43291647184431,80.32538302727565,80.36152792469255,1
26.731894648966588,80.30809318844732,80.35696193552059,0
29.021267825435302,80.29841236625653,80.35540793638617,0
27.777575340818984,80.29514065804366,80.35183123968346,0
33.439399024245844,80.2909134676353,80.34968733895067,0
32.59277761097863,80.28893557176079,80.34877292714557,0
32.2403874167519,80.28314622680575,80.34353725162671,0
33.93218136433339,80.26837040593145,80.33748685381092,0
28.324162241334136,80.2456647227418,80.33181988504165,0
29.263004344669767,80.22427159978515,80.32482211055894,1
27.707714081850355,80.20281896347817,80.31476905186642,1
36.81089742358306,80.18373030070562,80.30423245163648,1
30.78891497928096,80.16963410689672,80.29260264940228,1
33.542851379999505,80.1547310956042,80.28140749974189,1
41.767705434494836,80.14378813733603,80.27181215471934,0
40.44864863514842,80.12936810266183,80.26296584351385,1
39.808501382247364,80.11826996963147,80.25637970437208,1
44.00494322046431,80.11089519115538,80.25182099121605,0
40.30937700426179,80.09939351100307,80.24759968876742,0
34.161928859586595,80.08891691757748,80.24145702549993,1
46.83614265804583,80.08330655211034,80.23747576201208,1
49.34476004596668,80.08096015180386,80.23476220281516,1
53.75238951174563,80.0728959770192,80.23143301248882,1
53.294745153523415,80.06708717870258,80.22649144324343,1
61.07931355329728,80.06309811713827,80.22005646968462,1
56.8838345081781,80.05839941414975,80.21434517737724,1
58.93684817506351,80.0603501193605,80.20850707932382,0
67.47487379147276,80.06582132701233,80.20507550831921,0
68.52142559604333,80.081808933292,80.20263055437024,0
73.73774584522178,80.09628805635313,80.20064501275351,0
61.88102512187738,80.10880998880218,80.19785642814495,0
53.04779966463153,80.11335616061045,80.19082094564915,0
51.54204171408986,80.11626663273663,80.18464519995973,0
53.40475887067162,80.11864755700965,80.18042425206849,1
40.595120921343394,80.11180476313609,80.17310639766806,1
46.80686439690554,80.11366560457554,80.16862567061244,0
51.89496001229134,80.11435329698925,80.16565093564363,0
48.87629740409127,80.11186582188336,80.15849474983888,0
44.4289795369802,80.11044487687445,80.15035720659692,0
38.140998473847475,80.10758506607328,80.14000870154497,0
42.04935572309528,80.1044524933553,80.13205198186373,0
32.863419725558344,80.09348237188166,80.12102792373042,0
28.050638840322364,80.08661483594155,80.11288436758052,0
25.06739541662074,80.07309167374322,80.10305501317285,0
26.59985552454279,80.05502355992994,80.09274482040219,1
34.908891064043985,80.04056353131782,80.08374721917384,0
32.87158966522347,80.02012383065605,80.07284644173359,1
34.56547153042946,79.99589967101517,80.06264621696018,1
41.53173736332498,79.9687424292108,80.05206458265192,1
35.22698472187875,79.94345086585635,80.0441963007132,1
32.828405213132086,79.922677526238,80.03677422772988,1
36.911654260972675,79.90766498060634,80.03064966251276,1
35.264599126000775,79.89291663038513,80.02244690561116,1
49.637729256958565,79.8873369099152,80.0173027528171,1
39.427337812197095,79.88199410284867,80.00953865175342,1
50.97597536887335,79.8744511932455,80.00283191920633,1
49.71199900035489,79.86582264104307,79.99872150133855,1
60.62838910895383,79.86084460917951,79.9954844311381,0
65.49129134879398,79.85851242391254,79.99549628706524,0
63.324753268892664,79.863674345676,79.9957697999013,0
68.47010657755408,79.86253869581884,79.9959398748,0
67.54532454920061,79.86672164438508,79.99422446120221,0
56.8314446495603,79.86463422630607,79.99088441534425,0
53.43590960316315,79.867465569625,79.98814880278117,0
54.49045919017938,79.87264845109726,79.98428894590667,0
54.94258949711593,79.87580439887084,79.98232173765744,0
59.58089708486254,79.8854271645346,79.97970931969483,0
42.75585537316243,79.88991628342622,79.97425465386851,0
47.327745318863506,79.89060804158562,79.96855039488493,0
37.39107733333303,79.88770528113068,79.96371164613447,0
31.564370806954884,79.88040135946815,79.95561215067299,0
25.121549400857845,79.86885159698588,79.94580624058557,0
19.08264466331474,79.85925619597262,79.93699099319252,0
25.534558194640752,79.84799099323395,79.92966427862964,0
25.208925018118777,79.83883444680046,79.9198331836183,0
23.39911228680235,79.82237128689665,79.9084206683051,0
25.24840163800016,79.80339497968501,79.89593944546834,0
28.25526487219952,79.78351936316963,79.88256364560102,0
33.72810114600337,79.76499782883161,79.86877184528107,0
29.887569789852876,79.74442235733359,79.85502352029349,1
24.147735733347318,79.72184006682888,79.84115190601068,1
25.2323024726782,79.69625270919268,79.82738308063509,1
27.707735679878226,79.6759041443654,79.81473941999576,1
35.38658611582258,79.65967391425565,79.80455934567956,0
48.74552182263098,79.64819371772924,79.79884452774394,0
47.40649396562816,79.63100823034884,79.78925878796677,0
47.97801751039312,79.61301621805056,79.77917448811937,0
38.024393197922706,79.5973554150089,79.76845049111874,0
38.199369874023624,79.58063219397678,79.75662532172588,0
38.66398649315357,79.56289810038628,79.74583685985968,1
39.52851457948602,79.54827973970494,79.73314304921286,1
35.09019721017927,79.53352411192287,79.72182293660205,1
41.017764305504585,79.526636641792,79.71299971553272,1
39.93066439427351,79.51378352084261,79.7059410174694,1
48.537764857192485,79.50710778572316,79.70066687393559,1
50.6739256277014,79.50192962115347,79.69296710423934,1
57.367168467495254,79.50576383254287,79.69019544622307,1
55.42911084751308,79.50960417093013,79.68804544556701,1
52.18284251635233,79.51221532333133,79.6861610029293,0
54.585317112547614,79.51321853890872,79.68293058951444,0
57.367412262748424,79.52193606160435,79.6808553201572,0
63.017536884105525,79.53564227036887,79.67857399654011,0
65.63588847113947,79.54754163729436,79.67658942275946,0
65.11499762392918,79.55283486773513,79.67075852880754,0
65.6149981838588,79.55159117064179,79.66668335486116,0
68.67963614647888,79.55308354174085,79.66071172736491,1
63.80793103704566,79.5568989247825,79.65560500161514,0
65.24152955269376,79.5632511555722,79.64941310967582,1
50.75106882512485,79.56634391892663,79.63975791973151,1
56.67933736992234,79.57461644229002,79.63021369850529,1
52.64035951158798,79.58806774303622,79.62335466809981,0
43.5317295391913,79.59901524649027,79.61474037744411,1
47.950714164050034,79.60783618967446,79.61028050088007,0
55.63413998841836,79.62257031323348,79.60798291491278,0
49.509259851424076,79.6321525818501,79.60446852623673,0
44.19452630622064,79.64027193682439,79.59875411942076,0
49.48889680809536,79.64464163875941,79.59388123591299,0
48.50459961792156,79.64356780037116,79.58950605234499,0
47.11181585274727,79.63769972754247,79.58499767731203,1
44.19232920744717,79.6295318406187,79.57966121330965,1
41.00609724753413,79.61827082071338,79.5760031046553,1
46.86917724655123,79.61060284904269,79.57527449736284,0
54.294248373573495,79.60533681651061,79.57502167097466,0
55.41661006992253,79.60675491994276,79.57426409949106,0
49.99794286602785,79.60780875206589,79.57427307696734,0
56.954872010995736,79.61020157138448,79.57584384116004,0
44.7553487276896,79.60592113814768,79.5766154650002,0
37.19583363370816,79.60207226844483,79.5768342717859,1
36.80845622318793,79.60196657615154,79.5745454186595,1
40.3530569970086,79.59929533898028,79.57216289116397,1
32.45138707785095,79.59177846315994,79.57133002663222,1
36.7020878834034,79.58856583733616,79.57166562870151,1
53.30853969808682,79.58631270330274,79.57444392445501,1
68.63481341668637,79.58523953145047,79.57820916179072,1
72.53239239774,79.59069624220163,79.58146953602566,1
73.32334844612933,79.60544724452407,79.58852972509086,1
75.52060294068248,79.62138293311837,79.59722792194012,0
73.25693635772011,79.64161072496032,79.60720817632554,0
74.69495667661133,79.66356637692728,79.61817135049223,0
74.9967454439621,79.6904586986891,79.63068545263077,0
82.13464469628552,79.71665794863125,79.64335438822583,0
75.42774691392347,79.73486933611532,79.65581258703982,0
81.12024183192383,79.75283571549886,79.66550130045741,0
72.01088387742357,79.7625535324272,79.67377210412491,0
73.6397687398385,79.7738319058781,79.68096272502932,0
69.81607116256421,79.78162362182547,79.68772144142885,0
63.602776772856245,79.79306201015973,79.69153473604696,0
57.601793403791,79.80541909641133,79.69516024197839,0
48.12735220416536,79.81902323623967,79.69726858382282,0
27.4500205476142,79.82790487825736,79.69803742690343,0
10.662729085631327,79.83372999051825,79.69604759819778,1
15.484834990518905,79.8420142076931,79.6942144036312,1
14.73935187849743,79.8418179640114,79.69215445514182,1
17.713659732852065,79.83777573186168,79.69218550744135,0
18.213873085079527,79.8292462270189,79.69253155857653,0
20.084038147692667,79.81435212220516,79.69303715727659,1
20.56451751147958,79.79602549060208,79.69287854826794,1
23.056810687235966,79.77562093869903,79.69215608957629,1
25.69092048658017,79.75689124654417,79.69439028153924,1
27.786879396662385,79.73607220400751,79.69526775731777,0
47.2341569700036,79.72401138241341,79.69773184397671,0
41.1546493297251,79.71166129096558,79.70087100482993,0
41.1394482323635,79.69722405999487,79.70125644858557,0
47.091805062841786,79.68678283186424,79.69945711157722,0
46.26760684196428,79.67159728604273,79.69674060670636,0
47.76438887909447,79.66189897858833,79.69637225813443,0
48.41457452755636,79.6510943780428,79.69411583176031,0
35.65079129219113,79.63211121513767,79.690577607885,1
39.329380112152805,79.6164635066425,79.68877409546282,0
37.94354576291754,79.6040261777304,79.6878351617481,1
35.842232481964075,79.59504031929457,79.68675539763026,1
41.3955191023448,79.5867459233283,79.68467163334543,0
38.21706802670574,79.57906766675339,79.68164679523893,0
38.36725633648044,79.56841841745155,79.67685090644486,0
37.97038999535581,79.56557615362769,79.67563851920124,0
35.007749290008476,79.55651414438782,79.67156218647793,0
32.68461883246181,79.542260423774,79.66741426251848,0
30.97143564071318,79.52669106919777,79.66200360987746,1
41.865233276972184,79.5155248576315,79.65981359413124,0
37.27720487333787,79.50364771148756,79.65700870632068,1
39.36192791329198,79.48444926879661,79.65480016623138,1
45.142117206694564,79.4673620576431,79.65238949295272,1
44.7484827207026,79.45332847812284,79.6480627585136,1
47.021219087174835,79.4402642995725,79.64146701882602,1
48.4966440151255,79.43230854110638,79.63338552626827,1
50.90828140476008,79.42613278260004,79.6246464733648,1
53.97421424156498,79.42272203189768,79.61465147127203,1
52.52156478973117,79.42454228838895,79.60375023325643,1
43.485775586158816,79.42514544879157,79.59340572420854,1
63.39099737674596,79.43546786084222,79.58583882660935,1
72.79640648020914,79.44792374343959,79.5792617155536,1
81.2082261565607,79.45871289888495,79.57420905845329,1
65.95530248956833,79.46629506884766,79.56703053657844,1
72.95656696541748,79.477369248541,79.56277719289037,1
74.63400066608769,79.48338523280464,79.55945984997186,1
78.9330471741482,79.49724818666476,79.55781201241365,1
77.86020770546622,79.51555930674549,79.55641318115278,1
83.01351085497299,79.54637907419438,79.55838760099067,1
83.80606577447011,79.57425574922497,79.56190659932534,1
83.7580612682695,79.60814754461627,79.56910577286423,1
83.27756221221199,79.64149084684456,79.57790450876192,1
87.45753819347256,79.67591782570669,79.58595094015817,1
87.78775659826621,79.71045398741269,79.59551716787412,0
83.67644837497427,79.74460598960283,79.60419912192248,1
82.26012893557741,79.77779267133683,79.61280410399544,1
82.82684761278448,79.80837256296694,79.62225464966951,1
90.72342357669163,79.8359097803519,79.63060518717197,0
90.17257256527621,79.86649013910089,79.6400979134172,0
89.15809505182072,79.89633494931246,79.64918320531586,0
90.01657112989702,79.92158123751035,79.66004244001049,0
83.61992042736816,79.94306807823563,79.66688439388248,0
56.81281065289704,79.95766762965656,79.67261159392967,1
49.46467109248313,79.97563969443286,79.67839679035366,1
42.992195203019165,79.99257543616207,79.6850942346095,1
49.83246213806819,80.00981717166289,79.69474780421993,1
46.35305444153292,80.02384409133154,79.70259005751093,1
45.74342536381727,80.03924227931802,79.71167234166288,1
53.30641005189221,80.04923273926427,79.72523621064131,1
57.22419392437071,80.0588960071082,79.73887959951163,1
50.6982712135011,80.06205688741495,79.75231805673806,1
49.84640393293859,80.06281501718121,79.76501438791655,1
50.885421955350814,80.0653877990755,79.77740769045704,0
57.26555194180234,80.07114668755204,79.79234877619359,0
53.54593985096268,80.07737554596623,79.80778197332836,0
55.81966976548365,80.08323563018699,79.81986789461916,0
59.370509971309104,80.0832214871267,79.83293758676507,0
59.04705088956232,80.08368302839175,79.84717422901906,0
53.34303731768867,80.08114844288411,79.86188086289172,0
48.65344175476751,80.07844439906026,79.87435102188735,0
44.72265995888048,80.06780161145393,79.88570399999703,0
40.22509336698531,80.05806763592051,79.89633174073204,0
29.15961604693993,80.05151307852655,79.90627200228305,0
30.48115167770223,80.04895624597219,79.91664789749339,1
30.28117399481509,80.04238336602913,79.92594186119214,1
30.62478542305483,80.03089709376151,79.93418322528197,1
29.533602621834632,80.02252937111936,79.94114869291866,1
14.654442058007731,80.01097793970358,79.94697470478523,1
32.903708206819616,80.0033296489991,79.95675115488538,1
38.69709001196353,79.99625047006587,79.96732160802135,0
43.92315770583822,79.99176053209585,79.97483512523951,0
47.46079710188558,79.99063753177978,79.98209990325263,0
40.981557580657196,79.98058725287784,79.9861574320542,1
46.35933660160525,79.9692646451032,79.99353660669581,1
54.35280326646028,79.95953433441863,80.00064800767942,1
55.51304635178236,79.95010022643646,80.0065538920719,1
62.55948458698834,79.94686759822082,80.01278535138748,1
61.72658539757697,79.94700451435352,80.01975231206228,1
64.24393246317807,79.94809819363147,80.02256851066656,1
68.97678028737481,79.95032225327324,80.02477762350667,1
71.0692196248609,79.96074657250865,80.02674361115399,1
75.04839021676278,79.97367984611121,80.0292073404387,1
66.68151625170252,79.98902684695199,80.03151561078117,1
64.24664861192176,80.00232097103228,80.03339469094124,1
69.12496080697599,80.02279545299544,80.03721764654918,1
70.36155799575072,80.04761534573083,80.04211229503957,1
79.38023555823361,80.0677998429806,80.04491960492413,1
77.84456374855425,80.09131633060508,80.04913732488652,0
77.69972511476874,80.10875248917418,80.05365609491469,0
80.98666480604436,80.12695261430036,80.0595686740165,0
79.87650211562583,80.14520318878355,80.0642839057488,0
74.94059475039425,80.1610880967684,80.06930791066573,0
67.59946377975388,80.1801117002,80.07513506027159,1
61.70626535920238,80.19296777582755,80.08046783925369,1
62.310980933152806,80.20806426002346,80.08684353722397,1
61.34103441656175,80.22403074515508,80.09223932146878,1
62.29486444050014,80.23786564109233,80.0983939712918,1
65.78735234126313,80.25366207585164,80.10552023067572,1
64.84496777072692,80.27429726389268,80.11259432051791,0
57.64352230943137,80.29134772612623,80.11775831111387,1
68.87688951719136,80.30890273387031,80.12548194973613,1
57.41736486369025,80.31966270938226,80.13194641731913,1
57.43948922442556,80.33271054837425,80.13844471050068,1
54.185179784420235,80.34590516575162,80.14329808222105,1
58.50177713688827,80.35836570270622,80.14961370924517,1
61.65315013634673,80.36953573856304,80.15663233839,1
68.08236299045541,80.38365259938743,80.16509204982842,1
71.59296876576438,80.39535286589236,80.17380525988676,1
75.21286457466388,80.41427711182119,80.18690756248952,0
74.96774363796597,80.42972702177994,80.20008172310439,0
76.82398538195766,80.44699893492403,80.21596283513682,0
62.355943229598296,80.45893703664085,80.22965567095387,0
54.984904324287726,80.47260402027892,80.24357143697253,0
60.1509291607946,80.49017222081022,80.25695422918889,0
48.792262144115874,80.49866197767174,80.26935498188102,0
58.14365191445451,80.50828466537658,80.2831943501148,0
52.996259550579026,80.51589348271247,80.29573961592905,0
47.38561285024203,80.51601217579471,80.30753392511218,1
39.59693768617035,80.51028246728984,80.31537544783421,1
44.78052838341739,80.5118323701678,80.32399107115464,1
46.967288815555214,80.51059034256573,80.33301387392409,1
44.50057611888171,80.51175552152121,80.3403936132157,1
35.79183962074573,80.51393733119056,80.35178474182575,1
39.481893369359454,80.51769239946965,80.36266918396764,1
35.468143226436325,80.51651858996689,80.37240741146448,1
46.888655607473815,80.51720680141617,80.38347496838188,0
54.655545098042126,80.52192776684709,80.39511611727892,0
55.89330388219177,80.52992803159496,80.40697466678334,0
60.54953509312064,80.52707231887631,80.41849721258747,0
52.732515379912165,80.52014923689049,80.42801251655129,0
48.77115615248544,80.50584796385786,80.43400339167651,1
50.24568432087968,80.4959592062576,80.43856741501243,1
51.736689352180036,80.48755414710082,80.44298235703207,1
43.62793434415784,80.47655665033462,80.44664850090982,0
41.665253258644704,80.47060773269521,80.44847989376093,1
53.80549834600166,80.46846386584647,80.45153375816106,0
48.89414248346248,80.46756162860223,80.45564433017769,0
44.51417184058771,80.46982844592883,80.45893877124166,0
39.039886340450884,80.468594358242,80.45931219546134,1
45.010219174142286,80.46961256269601,80.46105505051291,1
36.348762007312125,80.46532455798389,80.4610624216042,1
30.239025026189026,80.46169381641715,80.46063590107521,1
35.49460832152381,80.45780482568783,80.46286199202088,1
40.24112085977515,80.4520362201273,80.46629656168754,1
53.961541695368595,80.45278312601384,80.47029495786065,1
59.58403261895044,80.4527599742328,80.47496666001297,1
61.01627748861999,80.44922993454402,80.4796618346596,1
65.6141650623974,80.44631895409253,80.4840374180797,1
68.74353832498623,80.44932769212389,80.48850938387994,1
60.904106949861216,80.45400704399002,80.4930762436968,1
65.28592253184993,80.46724471162521,80.49734018277847,0
64.44426493613761,80.48187357452085,80.50345176106786,1
73.79679976151569,80.49735113944273,80.50883859345944,0
68.17854200847839,80.51421080517034,80.51397075667731,0
75.42674160143618,80.52999332351004,80.51713094208247,0
77.82259433564543,80.53879988917853,80.51923941840725,0
78.55945537126262,80.55187684430499,80.52293402814472,0
66.10313845205962,80.56017809530556,80.52486886300694,1
52.8569717208966,80.57090187116013,80.52196209919693,1
52.63265017331276,80.57663524674987,80.51981834050088,1
52.67920515551337,80.58636684759294,80.51680958667178,1
52.41619865496171,80.60156745567204,80.51768806868768,0
47.96012449486567,80.61568649742051,80.52009498287752,0
44.47156012700117,80.62471298467275,80.52011286723256,1
38.48346781124116,80.62865428614973,80.52229188125185,0
43.265032232289,80.63199975928647,80.52445269757692,0
45.28399349319391,80.63636187267727,80.52784919064553,0
42.10124251584819,80.63584883077831,80.53197208007313,0
42.60203862791333,80.630706421792,80.53667896568082,0
42.019718628675705,80.62588913761066,80.53869895067396,0
30.12417882191481,80.61369687512186,80.53858279580092,0
30.35025756672694,80.5975170642171,80.53775637814621,0
37.137780841588075,80.58292521371826,80.53643374647054,0
28.777901849452036,80.56507068630262,80.53292207141048,1
33.33340914650522,80.55029510273735,80.53064154719064,0
23.826542779183526,80.53500894941172,80.52636027760548,1
17.9719140266985,80.51232777083031,80.51909402973801,1
19.81345742301471,80.49326994231774,80.51020562729606,1
34.45885722680178,80.48435998657463,80.50487716627624,1
30.85750523245663,80.47296848996143,80.50094604172924,1
33.42262182947174,80.46388837521212,80.50002575121349,0
35.92163287408452,80.45215418977975,80.50016606209653,0
32.51279485630333,80.43474844230619,80.49897270095967,0
41.578685318187375,80.42630122574886,80.50001069739825,0
45.408675730495844,80.41685449159698,80.50079058481253,0
46.01078522591475,80.40147244690084,80.49765612999867,1
42.194292146203296,80.38369053286125,80.49430075234913,1
44.741632201340686,80.36675642728427,80.4907432726153,1
45.5965587895861,80.35311230347632,80.49048614377455,0
45.25249618638152,80.33908682012563,80.48648865364581,1
61.36205824737912,80.33775046108993,80.48755315704334,0
58.88155037958642,80.33810499823842,80.48832085087473,0
53.652076299674846,80.33917356969636,80.48898124407395,0
46.19780215104073,80.33669915471395,80.48678724524515,1
43.08408107453867,80.33197743003927,80.48231926880081,1
43.93837347594107,80.33034775804894,80.47739539113194,1
44.91514848290105,80.32934094070626,80.4711384322029,1
45.121532770458636,80.33445705099194,80.46546086605582,1
47.78678745599763,80.33424298946574,80.45884328521298,1
51.69183640253932,80.33331541954405,80.45266939195086,1
55.582189951493845,80.33167309084182,80.44579710290013,1
53.85334991353346,80.32758116634047,80.43844909882438,1
55.644464673345546,80.33202869963894,80.43284372503817,1
61.885687406309415,80.33508528863855,80.42836049078555,1
54.131637368346354,80.34014090147394,80.42484961599808,1
61.49189728591367,80.3513784432213,80.42268755161577,1
51.60190911548114,80.35950542551006,80.41735218483115,1
67.2140638623361,80.37301725041537,80.41587893465923,1
67.36007388957339,80.3838021363355,80.4156462498447,1
69.20079703133841,80.40007633627171,80.41586508945454,1
78.06104778611683,80.41034669802005,80.41714509721417,0
77.08396974671206,80.42688938975215,80.41844962450676,0
69.15597755044462,80.4380830951473,80.41793988316468,0
65.69046146942117,80.45265317329527,80.41796332069416,0
70.2075443485723,80.47487345416725,80.4208069360078,0
65.80170894138666,80.49101147064151,80.42100007567394,0
57.96434338851131,80.50720583898504,80.41947601872602,1
54.985561471404914,80.51872591276012,80.41861169884855,1
53.88087056328647,80.52899468402589,80.41815859010654,1
49.57243763997664,80.53854450413675,80.4177315385613,1
57.95303654966679,80.54871754429458,80.41980537056922,1
55.958837864107316,80.56370540306992,80.42492443436551,0
56.34388119470558,80.57461207105942,80.42951846797462,0
50.91714908616444,80.58138631634169,80.43488674280118,0
47.23395841334284,80.5868867541097,80.43948627654703,0
39.386799466700644,80.58881400360835,80.44420957329443,0
36.942135418781746,80.59002750333646,80.44843207783362,0
42.33647985238803,80.5874869827131,80.45356575081738,0
32.060713280116886,80.587732667599,80.45699532225444,0
38.353098418142274,80.58417951397848,80.46034949906135,0
32.86390924405532,80.57091962136653,80.45995759567595,0
30.364340070745698,80.55256385739551,80.45861349155308,0
36.645968525331185,80.54050065998435,80.46024077023593,0
33.49747841436006,80.52678291485185,80.45815599633536,0
33.9913122331681,80.50804810042317,80.4572843795383,0
26.548309150372674,80.49278485490247,80.4575250388746,1
26.546887311189096,80.4809995238185,80.45839961510892,1
25.49241140864919,80.46687184120142,80.45865786441541,1
23.046540681293934,80.44895454876236,80.45649548822094,1
32.76898089375378,80.4373808173573,80.45704913745395,1
42.27516925160119,80.42644332581504,80.45528251645926,1
43.930557012983954,80.41467030515147,80.45555055713074,1
44.58747054834504,80.405878391827,80.45620039682689,1
47.37640335664897,80.39957020827357,80.46003516422503,1
61.48135722908196,80.39637422930642,80.46524499625389,1
60.969782751891,80.39264325227272,80.46912777098393,1
62.55242931962911,80.39882008785757,80.47622373669414,1
74.51286550522352,80.4081835649312,80.48305635639308,1
73.80272486153741,80.41630877950271,80.48982163826923,0
74.84085970793892,80.4240003401198,80.49662346729166,1
67.48945008956102,80.43503433006887,80.50130209136677,1
72.02136348276672,80.44864316801491,80.50703829222284,1
82.41554155457771,80.46477690282639,80.51334005151091,0
72.43073828344919,80.48178684489042,80.51683661883611,0
72.89210007430187,80.499846279601,80.52116653078912,0
68.62314455742026,80.51781529985314,80.52409978152734,0
63.89388937210619,80.53459883330528,80.528436978227,0
56.31039923910268,80.54979493652468,80.52936893885914,1
49.40769867237405,80.56621105656677,80.52945905631346,1
54.82418129717982,80.58010733754104,80.5290615379617,0
52.441466833667604,80.59386850096521,80.52869123763735,0
47.63984228268791,80.60631777890282,80.52732191279101,0
43.487102071424154,80.61422951201163,80.52665896357261,0
40.36885498042936,80.616966787817,80.52576061003373,0
45.57341609489262,80.6168625841985,80.5220406482664,0
42.7620164464773,80.61772108892396,80.51981161829691,1
33.23341588904114,80.6148213776455,80.51926995215833,1
36.71839489464906,80.60673179533084,80.51825870942137,1
26.395297436081705,80.59646231234214,80.51680868959573,1
29.852242859586354,80.58763408968245,80.51625930150993,1
35.06328722974746,80.58388640494707,80.51536963562776,1
52.30828968860325,80.58334545127545,80.51489431150506,1
55.6074740333994,80.5762817075572,80.51400790611002,1
54.91615401487789,80.57472283666527,80.51417122696553,1
61.120022393075445,80.57569855364753,80.51669125060425,1
62.78957727459355,80.58004371368648,80.5205916655586,0
71.58060960766335,80.58939770391905,80.52818505846004,0
75.86245400446352,80.60053574299269,80.53458844297097,0
69.39440340368947,80.6117708869085,80.53907434403726,1
71.06899658332794,80.62040730881574,80.54355265589659,1
69.88450322475833,80.62638674920986,80.55087808877467,1
75.90890954874035,80.63506536102267,80.56032251424186,1
72.43292599803785,80.6430010579252,80.56765912274895,1
71.28956667345064,80.65420693027941,80.57673021620474,1
73.33614689329427,80.6686873370434,80.58629634291448,0
70.40822433363698,80.68504019014806,80.59671375239515,0
73.00377384472407,80.70067789036062,80.60714129877518,0
72.03567160275837,80.71812146783569,80.61875856007508,0
55.2615977375137,80.73287195269518,80.63037565116886,0
44.71823564099319,80.74341652188917,80.63867358332269,1
29.41334027051741,80.74770287274377,80.64387345439927,1
33.30908952041314,80.74871172293025,80.64851087861658,1
43.1873724818141,80.75377105048086,80.65316496957155,1
48.64194899373638,80.75954322709228,80.65816043449303,1
54.582575656821234,80.76319002465527,80.6634175687438,1
56.215013961938936,80.76969196541162,80.67141115081415,0
60.89622412405093,80.7728989653566,80.67781660945965,0
61.04040474408253,80.77790327766988,80.68247632806644,0
62.53991268755519,80.79001424718956,80.68855653111198,0
57.80393742014131,80.8003694309077,80.69410029221176,0
52.24158627742602,80.80708124352091,80.69969685415548,0
49.86536979509694,80.80923708022809,80.70456007912713,0
52.758324054947856,80.81227719662441,80.70665924026815,1
58.72679530469229,80.81575985711063,80.71031942109283,0
63.15598959192146,80.81302179623393,80.71156654956764,0
63.76344783278029,80.81078154647507,80.71390025104392,0
56.496769549286995,80.80673742135878,80.71599673399658,0
58.507287863504835,80.80589150442776,80.7211971872363,0
46.86914207746796,80.8048298627117,80.72582317362684,1
37.30347015576423,80.80701179759247,80.72943536734327,1
34.895357977614154,80.81323611005612,80.73162049803562,1
36.78965264998654,80.81953963878111,80.7337996225679,1
32.71567727767268,80.82587317473129,80.73782243465942,1
37.744718559768394,80.83059583829125,80.74361205468271,1
43.35007458392342,80.83120819969714,80.74915581494325,1
50.598432903957494,80.82935281528954,80.75606384136039,1
58.87866215788806,80.82975690790957,80.76379082156527,0
60.009984101006125,80.83124144786412,80.77228018907975,0
68.78694974742555,80.82920179842127,80.78165232554365,0
69.89259242124584,80.83152720937827,80.79165754009007,0
61.462768012193585,80.83234429435652,80.79908000991925,0
52.912791410591524,80.83312258086728,80.80447093096387,1
64.08919876166871,80.83659173304143,80.81078325046185,1
62.767388786646656,80.8389611945209,80.81601476423508,1
63.162807612800115,80.84314585672514,80.8185454707987,0
63.87322772502423,80.84734847759088,80.82082215660569,0
61.13269995343579,80.85467661306112,80.8221082976534,0
62.22559917434343,80.85954705152528,80.82480171064934,0
56.943804566535,80.86571435646432,80.82740056144917,0
44.02552354445801,80.86774766741674,80.82837151078367,0
43.76695187984483,80.8734630151826,80.83045100442472,0
38.46599469316563,80.87603259757944,80.8301865171906,0
32.613458657257695,80.87298609429729,80.82981644920825,1
25.05699068869707,80.86616764843362,80.8283963419444,1
38.954972893533494,80.86348149836087,80.82707347947024,1
41.90232489124842,80.85924519634091,80.82574584383752,1
41.68179739477617,80.85338816724904,80.82487493232064,0
47.258457744469425,80.84888891023432,80.8245871660392,0
48.529151935028416,80.84299772543628,80.8257026346401,0
51.88640424270363,80.83828791883059,80.82960609886665,0
44.20667154333209,80.83502961528029,80.83401070693385,0
37.5945928634909,80.82939794173228,80.83674541848468,0
36.46737967727336,80.81886578511438,80.83682114431527,1
43.904290923207256,80.81063815620873,80.83645273588166,1
42.270753570898165,80.80497780629825,80.83526058345588,1
43.415783317866016,80.7965787553383,80.83157687257635,0
46.088867905561216,80.78614269244795,80.82740578848993,1
57.32857354406243,80.77829008464425,80.8249564334391,1
47.7897592952432,80.77075822917902,80.81969815424495,0
48.25240531746827,80.76876507063604,80.81572976667499,0
43.039574553101176,80.76195719765026,80.81240138607646,0
45.31589483733355,80.76108916039352,80.81092734925677,0
48.696663978879705,80.76487408161107,80.81085520320293,0
37.8941443504012,80.76705050093348,80.80891259947353,0
41.38261749646271,80.76466823859167,80.80773205641334,0
37.71661522331598,80.75489446698697,80.80339101204228,0
46.7690038900585,80.74691720757716,80.80094684680799,0
53.654584492423645,80.74331974756831,80.79955846329541,0
43.7917860162381,80.73282096537302,80.79689907570462,0
41.0472179576917,80.71444636017978,80.79257992390157,0
42.328616567952466,80.70048197733175,80.78890905384411,0
37.00059768643337,80.68996641787278,80.78491613012135,1
37.77614255451561,80.68181068217973,80.77919614729464,1
32.19812729125081,80.66670128361396,80.77089491401074,1
35.19403524349963,80.65099707877418,80.76317613508671,1
34.2447882393476,80.63967513850871,80.75570580186402,1
42.976484819586005,80.63827961516225,80.750814871391,0
51.104721495577614,80.63700935045186,80.74726359447419,0
48.09300399343156,80.63378944458486,80.74153321271038,1
54.482598181518775,80.62957699891292,80.73494968248886,1
53.56441863253941,80.62948982308777,80.73125959756895,1
44.06037415080931,80.62364162961472,80.72713496875575,1
55.25306795709641,80.61827986201608,80.72353045479278,1
64.62612962504366,80.61970949956721,80.72121192149206,1
67.58105744991263,80.62598028022754,80.72086582581431,0
69.58633274886824,80.64155248343248,80.72107261437893,0
72.34509079635143,80.65514405883842,80.72113382511891,0
78.72270687939665,80.66006265629173,80.719764705202,0
70.58581010635075,80.66783903878981,80.7177489486348,1
69.04512675392225,80.68092314448614,80.71785011472933,1
57.75767923395979,80.69216325645301,80.71638915035228,1
49.882964859816404,80.70247044828416,80.71549127040323,1
63.19868039909864,80.71772618757265,80.7170921846048,0
68.10033083733632,80.74300263185188,80.72162890737803,0
58.802431094482216,80.76324233184876,80.72308046848187,0
61.44531173924559,80.77994544062626,80.72398589957817,0
55.92499485681501,80.78607227075966,80.72388851279526,0
54.193582669125796,80.7889964027892,80.72330659149614,0
37.73722048147885,80.78879434169859,80.71985185921531,0
28.65187481123762,80.78391984441744,80.71320245272359,1
26.568436602861127,80.77675576067125,80.70795005572535,1
33.03156206549164,80.77434704787753,80.70511461121384,1
37.661336484928455,80.76966363118044,80.7038495932192,1
40.2738224191687,80.76487474630018,80.70290655752864,1
42.927943331367864,80.75672347005646,80.70156409131758,1
50.383743553276894,80.75009798501594,80.70248030624997,1
51.90398833897377,80.74735250339906,80.70561774949935,1
42.56372545224163,80.74421236072988,80.70613361563625,1
52.02426138188706,80.74810987219573,80.70868960584149,1
55.172797282143904,80.75294343304886,80.71152145969445,0
65.42642092425376,80.7671946156986,80.71848411757162,0
60.840803231013176,80.7798522199179,80.72299649421298,0
72.06312497162932,80.78850650287822,80.72654515311164,0
74.78125322620033,80.78938958602917,80.73056454141633,1
69.47458709977066,80.79112059240965,80.73366141000905,1
68.43397044269113,80.79477930876696,80.73993983629016,1
68.78327415421255,80.80050336929392,80.74532297748196,0
68.44145618946823,80.8069622676414,80.74876359952538,0
69.29261552094529,80.82242332527294,80.75569280317526,0
64.23036206600929,80.84183203190652,80.76415672141428,0
57.15838450948116,80.86083403314323,80.77209087804994,0
55.942019881876796,80.87415997064376,80.77879203232223,1
47.923239843306,80.88497536100014,80.78511546474736,1
44.78247348283113,80.89344105827384,80.79360246739259,1
26.503956723442712,80.90190719056518,80.80192813603398,1
37.156883201226684,80.90855180994645,80.81003097482507,1
42.92902065360212,80.91236422956338,80.81525159525981,1
59.786373792560106,80.9236790495563,80.82080149527803,0
59.779147751144755,80.92898528183939,80.82676794074331,1
55.98615100420152,80.93189447967396,80.83244845199889,1
49.03654521279612,80.92382530606106,80.83621831076093,1
53.127435444327205,80.92247727744041,80.84253075334325,1
47.54625255999535,80.91988023073976,80.84718530060111,1
54.678631403656304,80.92436776295956,80.85242784677327,1
61.69901516371098,80.93671462619137,80.85795514839458,0
68.76068544547654,80.94915576335825,80.86298114826047,0
74.31701586546647,80.96188304791784,80.86801857311373,1
74.82283683074527,80.97298315056112,80.87393179723313,0
72.06521080115095,80.98137077044382,80.88110549583689,1
66.99884026040863,80.98910217998835,80.88742833561518,1
63.904806952937186,80.99714067130972,80.89408184399262,1
64.88875078764607,81.01424406357197,80.90350147843736,1
64.42532390650396,81.03023172865754,80.91011768118133,0
66.65260317473235,81.0470673114624,80.91522833923679,1
75.07071669738596,81.06557587526827,80.92286155340179,1
69.04788883943847,81.08086154032881,80.93039741470609,1
74.48603839501249,81.09552828158574,80.93903399959025,0
58.91353093256801,81.10026591930963,80.9453093018862,1
58.33601927046191,81.11245710709935,80.9562330469036,0
61.43131262883972,81.12907765712269,80.97051157708098,0
59.601359686492586,81.1482438925081,80.98481356349566,0
54.36674314624954,81.1604154843575,80.99695812793524,1
59.31496387027304,81.17679115433003,81.01003630986096,0
55.64776063945833,81.18569459418924,81.02075578592888,1
51.791784619609835,81.18662544557824,81.0299159386033,0
43.2342880116343,81.18604066857213,81.03735822168295,0
55.08180613335969,81.18943393372298,81.04485114524331,0
56.78516522723718,81.19478360620776,81.05416029542428,0
50.88794094880161,81.19905993291364,81.06148552012407,1
45.351922870310105,81.19929397570641,81.0659685526782,1
43.709816056058685,81.20014101768527,81.06726040478729,0
50.832752222918586,81.19588104481156,81.06991300839482,0
43.92547562665921,81.19476835747449,81.07262242301982,0
47.48031326182127,81.19885796197495,81.0790156896151,0
47.33136482217967,81.20020874438673,81.08649681419261,0
41.839103644523775,81.19507387686458,81.09051524194514,0
36.434726010143734,81.18726697325238,81.09373944117362,0
42.86813489247857,81.18582000803157,81.09685239804227,0
49.14675891343238,81.18132620767284,81.09979419986357,0
48.57113425659866,81.17258299442491,81.10281196208834,0
38.41530798010273,81.16304964741315,81.10569980920363,0
27.536576319056707,81.14989513789253,81.10725219483476,1
29.912240036360842,81.1344415611034,81.10982278990227,1
34.49691233078197,81.12162221473558,81.11202824851358,0
36.00762343775467,81.11287158363767,81.1143016958323,0
37.66552051531181,81.10588619651686,81.11629197631112,0
45.36678292590206,81.09799404809596,81.11910307265633,0
30.46831469640948,81.08492249367825,81.11865767307306,0
27.16574025900718,81.0697628732661,81.11779655669474,0
32.33876415876321,81.05820740912264,81.11649372445767,1
31.20543079093683,81.04413790765582,81.11538544542519,1
25.324671348379027,81.02658433686027,81.11155583216276,1
32.65108720543654,81.01393882754752,81.11024586174294,1
34.12115470766352,80.99590695177895,81.10763136514285,1
45.58485695313394,80.98469069913367,81.10568724336954,0
54.37998654248665,80.98087386036394,81.10320248074741,0
48.467422510116386,80.97458155765267,81.09881884506757,0
46.55856508753071,80.96419897906462,81.09333872944367,0
49.8222205831054,80.95587720610244,81.08959677412702,0
43.736063990997735,80.94445870596883,81.08495457248053,1
40.689239229252074,80.93595563523168,81.08122579477242,0
42.71628425621489,80.93277865338943,81.07466603076175,0
44.05266384957866,80.92631630274171,81.06825661953593,0
52.2803851207481,80.92543609566542,81.0633757621948,1
52.90110060516133,80.92184409107625,81.05680898215547,1
52.88982781551567,80.91398413874177,81.0495410156763,1
46.32190639491395,80.90184654841083,81.04163037938638,1
43.548043980590656,80.89116364386052,81.03501676289342,1
44.71884275332794,80.89183623128744,81.02954820636997,0
49.36838400047848,80.8978007035639,81.02398294303416,0
51.74831159974972,80.90423093596048,81.01778026280614,0
53.21548606315238,80.9117901279659,81.01210568960613,0
41.008214753948344,80.90814475499192,81.00278730200769,0
45.66299724787532,80.90446335048,80.99513886765916,0
40.2615125518457,80.8919808123778,80.98782939008936,0
41.945076496523285,80.87979257359184,80.9807032427553,0
38.531123759982165,80.86505232866813,80.96906620304561,1
30.915228273331806,80.85284151227148,80.95656189186917,1
41.7979287944544,80.84279793190454,80.94709197372336,1
45.03404358902127,80.8365992247836,80.93987667211141,1
42.502428656168256,80.82609354021626,80.93160680378482,1
44.24823242029697,80.81667632547908,80.92298414302876,1
31.247240399268975,80.81005930928538,80.9143730002603,1
38.3959782085008,80.80603830023948,80.90624789750062,0
39.334978747374144,80.80284582950016,80.89786381620087,1
36.80963939649871,80.79844178610342,80.89088817937183,1
44.93711607010002,80.79436212644694,80.8844684406642,1
45.27759338075134,80.79255691058405,80.8777115239144,1
52.30189985301468,80.78540379431081,80.87117924102516,0
55.53248760526237,80.77725950010763,80.86585354530723,0
75.43291371205758,80.77735740167708,80.8635033645117,0
71.30850768270636,80.77706571686362,80.86297392119455,0
60.933884489376965,80.78108479586713,80.86144459591318,0
50.67060915275899,80.77866511380931,80.85795602728865,1
57.14093028376745,80.78079785587052,80.8549998989825,0
53.004442551994096,80.77977909968209,80.8502604040214,1
56.543729582267375,80.78798978614643,80.84506449826581,1
45.46131937108128,80.79469792325628,80.84047206370037,1
54.21050320883637,80.80150347077524,80.83978821272703,0
53.225375233902724,80.8034985063005,80.83799311098255,1
56.63929689686182,80.81130258949591,80.83847267652085,1
58.77024834870662,80.82209733164323,80.84118934094195,0
58.67105064772669,80.83480431207158,80.84271919406991,0
52.10865951947949,80.83681326924143,80.8426104244856,1
46.98749506187327,80.84161724640063,80.84063443510765,1
49.689990932534414,80.85072015811313,80.83882669847151,1
45.63226246769451,80.85383343187155,80.83616919035174,1
57.98279096156108,80.86135511364593,80.83657397774692,1
54.41161462793381,80.86594160467249,80.83520500045319,1
62.69162067532257,80.87288016212851,80.83722212777111,1
59.84421163694274,80.87327090534981,80.83842947255897,1
64.89014434289348,80.87877357028398,80.84137188795238,0
55.787209589869065,80.88371282992262,80.84440320678554,0
63.51507489723503,80.89534140958745,80.84591815285745,0
60.51918072401938,80.90529821635688,80.84838154909475,0
55.051387384970894,80.9170737180975,80.85149623576368,0
48.20596670478173,80.92315278318793,80.85358699217664,0
40.63892645352911,80.92090475976698,80.85236851006296,0
35.462121875104884,80.91034571444987,80.84719200599201,0
38.24008283788403,80.90668358841374,80.84154626492248,0
39.544009887616866,80.89521145074515,80.83486488243472,0
28.24336503816218,80.8769843669305,80.82726703652779,0
25.988375453315072,80.85243152541548,80.82043390223933,1
18.31108433297274,80.8321674442431,80.81369206199085,1
17.164179465871072,80.80730954363615,80.80676592761098,1
18.59343452029114,80.78596854484826,80.80129708697407,0
24.313708718802943,80.77291404665651,80.79931387754709,0
24.225245842099582,80.75546437873349,80.79762312433174,1
25.125566728595203,80.74011264941949,80.79413088745916,1
24.331288129079056,80.71750726669282,80.7895853445348,1
24.52864320241622,80.69266500067116,80.78505805674092,1
35.89077474780605,80.66692922947854,80.78147304955216,0
43.675056395682525,80.64692199738295,80.77914828202456,0
43.679710296796806,80.62848439401816,80.77489659036893,0
47.532243213029425,80.60806292712083,80.77046838814302,0
51.43628342517471,80.58742847319671,80.76709091060098,0
54.244073658923945,80.5666069591567,80.76248492526055,0
56.865804137548366,80.55817641684868,80.75861631256882,0
51.25922868304218,80.54616015686855,80.75149455101511,0
36.68604916071557,80.52479659123719,80.74056110137431,0
27.526908762652397,80.50150145557053,80.7245225039921,0
22.65168895696648,80.47517151331769,80.70650935510942,1
27.68801667406062,80.45780940331369,80.69112374521795,1
32.52503025022135,80.4422971967519,80.67914489516788,1
31.67730162324338,80.42581822514862,80.66477407532221,1
28.412964270177255,80.40507231026291,80.65141437120639,1
30.784872554505284,80.38665849441013,80.63878136085258,1
29.91184850752606,80.36920438673884,80.62742570972476,1
38.964243695137355,80.35756030645413,80.6165536217307,0
39.57887855534125,80.34800738192585,80.60738889478495,0
40.215296783588926,80.33880565658744,80.59605928357755,0
35.15161283370779,80.32384339243853,80.58217147387029,1
39.64129903098201,80.3060138146707,80.56763208306421,1
49.59014649133191,80.28892502203712,80.55574129148721,1
57.89549578987676,80.27367205424882,80.54329031128229,1
67.44830604096913,80.25853022773236,80.5302149384487,1
67.15404454261135,80.25042697885112,80.52112234405239,0
66.34817375727008,80.24154900469429,80.51069386898817,0
74.0312800356991,80.23862234275745,80.5005668462491,0
69.1390092085529,80.24031768840987,80.48753611188685,0
62.01077986757733,80.24762975546415,80.47426604403782,0
61.89552742239414,80.26332601979028,80.46033033491193,0
44.57924908326894,80.27216826957248,80.4465059210779,0
38.753593440800834,80.27452793536011,80.43081950547696,0
39.565952001102175,80.27918901966068,80.41433039664375,1
45.11630732772166,80.28403163176019,80.39819753667147,0
53.568062874856686,80.2885508072578,80.38494057048052,1
41.73038130750526,80.28774255471737,80.37416082770491,1
42.55109490916923,80.28087213411364,80.3647641895962,1
42.93522919647404,80.27347847838357,80.35410685077287,1
32.66206382282411,80.267458585885,80.34495813763347,1
40.25845639481251,80.26984951628637,80.33931753361263,0
41.31611975020972,80.27242535073256,80.33562961319105,0
40.650432110268184,80.26906348687722,80.33049970854084,0
47.15966317947225,80.2682361711768,80.32766096229855,0
48.96332223298216,80.27117789195435,80.32429867729114,0
47.90951837277375,80.26686725095712,80.31870362577263,0
48.10230066126062,80.2570279776952,80.31131930857283,1
52.47568850685574,80.24887045856336,80.30406996990664,1
52.559676769789036,80.24307115536872,80.29776166735722,1
42.88489698148042,80.23657972573648,80.29183193406396,1
54.93278847035083,80.23195866728332,80.28634211003384,0
50.43338240878847,80.22794388094374,80.27891467450222,0
54.050332528994396,80.22924223848993,80.27112264326566,0
60.31090498990744,80.23585292419088,80.26544639547177,0
51.6277608397938,80.2415320676818,80.25983897446552,0
42.79860124184875,80.23696594435049,80.25308416455805,1
44.85613195292112,80.23483023257708,80.24482235399627,1
40.96987126408555,80.23257399936276,80.2393297265939,1
42.05847893753124,80.23442572396404,80.23795850386361,0
44.15784105320515,80.23533640706356,80.23849211823068,1
58.805703256152604,80.23683834360418,80.24398426572722,0
50.36526317938765,80.23390954192202,80.24606966863438,1
51.24192109390436,80.23444006866319,80.24735685730538,0
52.32355221310122,80.23135020897523,80.2498737558292,1
53.559026603417315,80.22996636094611,80.25425629756441,0
49.66507056207147,80.22706745115558,80.2548672084708,1
49.6818506208775,80.22936270714551,80.25538263673552,1
43.319027542967,80.22955717011874,80.25286871537247,1
51.50318101113671,80.23476719981832,80.25246559451419,0
56.0242328704881,80.23882576996127,80.25183997941348,0
59.60492164183175,80.24082859910995,80.25313619270241,0
54.824862621678285,80.2420411363745,80.25332560318374,0
51.55136391202128,80.24250446540093,80.25255442061119,0
52.25633116082514,80.23801029786475,80.25118169291814,0
41.752420707387685,80.23336945662244,80.24977466602155,0
39.00864322525365,80.22822821576256,80.24420465932262,0
40.43395187372936,80.22570759035692,80.23848578826131,0
37.484190986386274,80.21911398841662,80.23152638485755,0
26.32773923491861,80.20572965593747,80.22412329087464,0
26.154114505614686,80.18904606958709,80.21505864387987,0
21.241858852107228,80.16345923127156,80.20403755031974,1
24.867361228203592,80.14364008139576,80.1946583933637,0
17.593633451401573,80.12473505232097,80.18743970408971,1
23.87196252002127,80.1087180860501,80.18168538238496,0
19.042290027987406,80.08509559940366,80.17468188462179,1
22.072853160427684,80.06688983632638,80.16620282009823,1
19.602185081738554,80.04535330411696,80.15842693649535,1
26.580352093132447,80.02764944487873,80.15157963967853,0
30.022163640119572,80.0063970162437,80.14563300965825,0
33.761486950071514,79.98570814535779,80.1391398032026,0
37.404781711483395,79.9670106934789,80.13200066357943,0
44.113207206013904,79.95262655380215,80.12540608441157,0
43.03915322301374,79.93320552462166,80.11821123570896,0
42.59928237435794,79.9096338788489,80.10774077598698,1
41.52298005876156,79.88300116125866,80.09450397374327,1
46.83923748433463,79.86799835819288,80.08465710221694,0
41.41250702842083,79.84842838687749,80.07504595193424,1
46.34286944793317,79.83831089091144,80.0673025577968,1
46.21616631788708,79.8283599115253,80.05823879333728,1
41.943079658250056,79.81963688514071,80.04828150764156,1
46.85308269514095,79.81709176606871,80.0380907898339,1
46.75115786873188,79.8159021749104,80.02984171095035,1
47.18899965952838,79.8150463472608,80.02176134759807,1
51.42084353315688,79.81422968370688,80.01303608619136,1
45.506947354075486,79.81413324052988,80.00372235376103,1
46.625144370175946,79.81601170749651,79.99782112535664,1
51.89964355564371,79.82062205221527,79.99274366435063,0
56.95714860751895,79.82101627738464,79.98695655088729,1
63.60296199872291,79.82035161279963,79.98000336519249,1
61.76067722027365,79.82517493731346,79.97507521530255,0
68.85941725028135,79.82792649783661,79.9684359252724,0
50.40825063645433,79.82215911516275,79.96070591370786,1
59.27722983653187,79.8236720758595,79.95390403858748,0
68.88239401561293,79.83312535729388,79.94845083531443,0
63.63512307918713,79.84566376957477,79.94078293719474,0
60.504517575379,79.8533163445984,79.93515665959406,0
58.54852241198606,79.86456841106633,79.92912823350257,0
44.49592650797806,79.86350992419402,79.9208836594269,0
46.305257760532726,79.86457607964154,79.91016234526656,0
39.741669195208644,79.86822745654537,79.90004218227521,1
37.50638328451287,79.86856664064041,79.88918600644607,1
36.87289348442426,79.86427546171485,79.8787354410865,1
40.44714921554244,79.86032377999192,79.86888907343446,1
30.62697445946762,79.85163177977682,79.85848467895619,1
34.111207626306054,79.84840297350145,79.84973576051263,1
47.18065621154735,79.84447841811075,79.8443212062959,1
49.871385831709965,79.8441319866868,79.84011342288258,1
54.42816355114414,79.85049724880223,79.83950985504153,1
63.14475298607637,79.86213367246035,79.84256497180164,1
56.82668882124771,79.86658206876166,79.84608961497239,1
57.610033517108086,79.87087921552155,79.8514039189724,1
63.90496316765463,79.87977514693547,79.85515993992375,1
73.91818151816356,79.89633654928096,79.86254463737149,0
76.84034709673564,79.91226476684095,79.86986950763077,0
79.67305032423123,79.9339546793518,79.880326569174,0
82.8724659367148,79.95667095040406,79.89106910522513,0
69.93168476463526,79.97056194470927,79.89921168973949,0
70.01429834675879,79.98826378369056,79.90512939495164,0
65.73026192535949,80.0050499599831,79.90962352276232,0
63.037302141507936,80.0217442532718,79.91445662544082,0
60.78186536487996,80.04009705385972,79.9184205505984,0
57.59058767426591,80.0617338903478,79.92237837570475,0
43.51766944357721,80.07284228036534,79.92474377573193,1
46.26262495399179,80.08577334932446,79.92894046714642,1
43.56728102581925,80.09424794025836,79.93423447211251,1
50.451254309167155,80.1051756102086,79.9391921071022,0
40.3213672642609,80.11365439429355,79.946203825849,0
36.85564523106388,80.11600245823547,79.95058648197114,0
30.300669540175036,80.11349332198273,79.95661833598461,0
23.919848340219843,80.10938263751363,79.96198791592155,1
34.430619847857386,80.10628559741616,79.96708145151138,0
35.71963299071284,80.10422104043715,79.97048748613446,0
35.31262191374876,80.08906202376633,79.97215090797368,1
43.93227889600068,80.07613558495018,79.97463186812809,0
43.50623580115833,80.05953504952708,79.97848729277288,0
38.53723246740512,80.0394055019012,79.98042662298701,0
46.7444925774769,80.0258076655551,79.98128593507543,0
49.91349532347413,80.01589334498138,79.98308022199032,0
54.008754276896326,80.00909860357726,79.98512231907338,0
46.32719489278988,80.00364809866207,79.98584588998027,0
36.268305339888464,79.99319729129077,79.98452886798007,0
32.9692023284241,79.97776737103796,79.98462167805482,0
29.044065174022336,79.96836264265053,79.98262000244834,1
34.08034204460499,79.95908981020713,79.97932624831172,1
28.444275138117547,79.95123898354281,79.97646455769971,1
29.310699443711655,79.93845955083478,79.97324938959676,1
32.19030603102837,79.92341943596935,79.96974423581021,1
37.2061564858167,79.91497202928262,79.97117132400658,1
41.61134424896221,79.90852279500015,79.97419702212805,1
52.74850200524122,79.91127366987129,79.97920640125193,1
59.02444596722896,79.91339495118989,79.98501277573116,1
57.57334136676376,79.91701353552926,79.99158271566021,1
58.19023275972304,79.9245268314411,79.99783212855337,1
59.14619402446182,79.92855986500192,80.00540310221814,0
71.84195271844241,79.9343064252191,80.01284867345994,0
72.52576577715513,79.93905780493137,80.01825837771526,0
81.6632917523888,79.9480643275532,80.02285887142199,0
84.0203314322724,79.95643607289097,80.02545575162581,0
68.93832089730826,79.95809792719218,80.0235080209661,0
70.3360343474066,79.95994001498173,80.0231890684683,0
62.69003691276206,79.9614514142143,80.02075774745715,0
51.930213283118704,79.96462468654735,80.01856149389958,0
46.44150261769919,79.96967831024912,80.0119567068356,0
32.01137571183675,79.970544501131,80.00263814202775,1
28.24499449396218,79.97137098913701,79.9914310816138,1
28.211309231046883,79.97292646919853,79.97975159711454,1
30.895352674046336,79.97725733366231,79.97242239139143,0
27.74687553375665,79.97413273651739,79.96551890513732,0
23.386771648031697,79.96917009953373,79.9598450779483,0
25.96668944954756,79.9601017914412,79.95454941651968,0
17.560658798938903,79.94821198001453,79.94825874619309,0
12.871299297068063,79.93076126709406,79.93919366635872,0
15.792329037948775,79.9116419875647,79.9333520114331,1
22.58257948913979,79.89417325486848,79.92876306443573,0
23.67551031421752,79.87113845311322,79.92360487860189,1
24.685690498672102,79.85053421160247,79.91640181827279,1
24.98375900303874,79.82738333032955,79.90835044583639,1
42.248718195482894,79.80721130966565,79.90193929219788,0
42.826000752740036,79.79292335215432,79.89528003303474,0
44.57759981668197,79.77927990078882,79.89114797377837,0
37.99214272321182,79.7697876916607,79.88615858515499,0
37.76875644450169,79.76043567266692,79.8810473467915,1
29.579824152070913,79.74797658628674,79.87552253184376,1
28.834295967430435,79.73942285086552,79.86795304839389,1
34.18594169818684,79.73229371931758,79.86053454953,1
45.17828335401735,79.72533819611628,79.85412467480057,1
56.97555706315212,79.72068888415046,79.85037487882956,1
58.13476645061569,79.72050713045576,79.84736441932706,1
71.74041065249693,79.7234114904346,79.84557023269123,1
58.20140793230735,79.72013118732697,79.84114265198563,1
64.50179951303359,79.72322839161184,79.84027118632153,1
61.62657173884079,79.73250712696449,79.84108956872934,1
62.99014317810732,79.74344844727743,79.84338633328387,1
64.98970421074772,79.7548808920275,79.84707949716389,0
65.10566582638074,79.76935845590438,79.85085266754652,0
61.925051509134335,79.7811077417601,79.85346109464291,0
72.20449472155501,79.79771010091687,79.8580667118154,0
69.4408836103022,79.80834090299577,79.85928684168314,0
63.373751937453434,79.81572494716825,79.85816089390198,1
61.927407784403954,79.82144155829755,79.85521512914886,1
55.40578202392856,79.82595287008692,79.85118175271379,1
51.7062215385677,79.83204645453264,79.84706051439284,1
45.336722858049086,79.84144225188783,79.84228870002245,0
62.75120484296659,79.85605023989129,79.83894919834962,0
57.790227344786736,79.87087376554106,79.83516148565879,0
51.01973484092401,79.88256291498615,79.83152671882249,0
44.91359828158842,79.88723310024173,79.82604238790498,0
37.31323156044883,79.88764509375167,79.81984802767136,0
35.60240483142363,79.88286803241436,79.81547827478012,0
37.9089390181065,79.88293763365994,79.81034169945693,0
21.950189694245736,79.87445144319837,79.80547119791515,1
27.034136114377446,79.8660386596233,79.80165515795971,0
29.019527298969237,79.85486659477029,79.79746164709233,1
26.410929595709348,79.83779693828922,79.79398047202717,1
32.10122365925986,79.8222056065462,79.7911865145102,1
38.52980571584452,79.81273881435472,79.7893860327054,1
37.903505271331326,79.79786045350288,79.78630795975162,1
40.732866878883485,79.79112227357302,79.7860826565054,1
50.00216765382562,79.79461362437857,79.78833830383992,0
56.24041843087725,79.80044286013448,79.79135155662618,0
57.5708824519915,79.80600547153577,79.79429914932228,0
60.78723487392577,79.81241613057567,79.7997224597855,0
56.27631425383773,79.81522572178105,79.803722193709,0
54.55575929430223,79.81094608357755,79.80565832983326,0
51.974108820540756,79.79982807964402,79.80663733627111,0
48.286731260424595,79.78944861432697,79.8070924799123,0
45.49374193213118,79.77744439156669,79.80606681239983,1
51.39604667714161,79.76866747749247,79.80443049480208,1
46.74959292452085,79.75873107880784,79.80180136544152,1
44.369390511118276,79.7513182114716,79.79915702373003,1
48.319735192515786,79.74980156243903,79.79747674622648,1
45.827008049208786,79.75109338640223,79.79791824345384,1
33.1952666759086,79.75271054366378,79.79935523004315,1
32.01367446252469,79.75835092928405,79.80155170339458,1
35.670286672331486,79.7635373467721,79.803683965492,1
41.28873064025443,79.77008199024341,79.80728355035625,1
50.04804753602007,79.77991286927966,79.8099975538033,1
59.54057767570027,79.78822794379411,79.81317098184074,0
59.619107657469655,79.78414269455324,79.81263078548739,1
59.42754345386231,79.77634655871833,79.81383770518272,1
69.60948251939949,79.77334586770478,79.81434613975945,0
69.4981819263231,79.77134109104688,79.81525604541845,0
73.56614791638656,79.77285124284504,79.81548331193603,0
69.6681066633316,79.7756313724897,79.81395852201813,0
69.78917306955678,79.786302334378,79.81341488766056,0
54.92947565719302,79.79265216772161,79.81171025029691,1
59.47562430000312,79.80545850788238,79.80916617518602,0
58.72811230338204,79.81656689466898,79.80772089147138,0
55.17212042496563,79.828499871232,79.80691133506703,1
52.115406093583445,79.84115687123794,79.80704314890619,1
46.815541215607,79.85019816544522,79.80717486436981,0
39.7495716734204,79.85559781954764,79.80733878945983,0
47.816535323292406,79.86197688347714,79.80756908267888,0
56.57614277213734,79.86974386850166,79.80702915483873,0
51.30562061990843,79.8769270355242,79.80610527348526,0
36.48476042650139,79.87395271420388,79.80383947004333,1
31.766969318712853,79.86403528165187,79.80071842636735,1
29.910482088435955,79.84649629495203,79.79671146232089,1
27.58247425553884,79.83573314624593,79.79377683102,1
38.57252063526895,79.82886610360065,79.792209093159,1
44.232581038534896,79.82403091646243,79.79417792906509,0
39.45004370755968,79.81410313812094,79.79448183681751,0
48.20510221796782,79.80875269656157,79.79703775265256,0
38.795825073083066,79.79873554536672,79.79833396484915,1
40.10037882768343,79.78625392369699,79.79903421452086,0
41.13170648494385,79.78087880178667,79.79896624526968,0
42.3970224554596,79.77374411736724,79.79951964073177,0
37.83981053497024,79.76533259345061,79.7974050194224,1
37.62868973279104,79.75885836237146,79.79260923026418,0
39.82877388248967,79.74684291197539,79.78560316964257,1
49.545098687082785,79.73881727125568,79.78029958425778,1
56.02482468918707,79.73149520797047,79.77497042041776,1
55.617476256776776,79.72547582251605,79.77166912297288,1
51.53717836465914,79.71618820460976,79.76912600325161,0
40.04112232169022,79.70534632202492,79.76831257043762,0
49.027279733833105,79.702274351622,79.76896976496134,0
50.75145263524086,79.70871559400766,79.77322690734374,0
54.3094773668398,79.7141641718362,79.77491014005837,0
45.68676271595692,79.71355561463987,79.77570664535281,1
45.80964791498801,79.71202060798336,79.77649005176372,1
42.76611832438508,79.7040995094025,79.77589710785047,0
44.99797778910037,79.69981022768607,79.77396857333105,0
44.16036488898985,79.69126758480078,79.77246056910737,0
54.77671143787988,79.69088878308622,79.77134910637001,0
47.77906841438967,79.68954141207962,79.76943584064388,0
39.72931019354496,79.68356424944498,79.76435914895032,0
33.95783625168161,79.67430312742863,79.75727574399136,0
34.40213638920895,79.66551869787838,79.7483213210561,0
31.229619452708306,79.65236833234489,79.73989948538085,0
27.321614853580527,79.6430371994476,79.73227942593428,0
13.409134406887134,79.63114248039054,79.72341822933207,0
15.410024449210454,79.61731461078014,79.71335982831106,0
22.37941467743127,79.602996511054,79.70372723025646,0
14.363430916462235,79.5844420293865,79.69265026601033,1
13.210697317983161,79.56390941067345,79.6793554009558,1
10.246332875249308,79.53808209804671,79.66714173709138,1
18.4969194117719,79.50996998248439,79.65503149718455,1
30.657214381688746,79.49362297178872,79.64573257090626,0
29.12252783110688,79.47908214819202,79.63593955613682,0
31.737059981108942,79.46294665043176,79.62520596344125,0
32.02795606638696,79.44566961156386,79.61408568629793,0
33.8883549630078,79.42869892090425,79.6032090138737,0
36.045986831399844,79.40987453343031,79.59161962908861,0
37.90359044160921,79.38996483063572,79.57943749122364,0
41.297976316175145,79.3730766553114,79.56789568855875,0
38.29997628372409,79.35615530347661,79.5572401846594,0
38.6182406057709,79.34260836029407,79.54870497544825,0
38.05931981869219,79.32388773772165,79.53927789816396,0
40.3750729288296,79.30834506812475,79.52894425413237,0
43.482343049230856,79.29189507326352,79.51749101379943,0
37.51373655772786,79.27452696131262,79.50361664727215,0
18.018579369885146,79.25730851170411,79.49064197774433,0
18.938329925894422,79.23786007727898,79.47537018254343,0
18.865036279403853,79.22269739793664,79.4622350070383,1
23.37019250191085,79.21131128356537,79.44937834490314,1
23.83933550002142,79.20438894331939,79.43654579370447,1
27.294130740589964,79.1950425062258,79.42355085272797,1
22.142127269336825,79.17656429222431,79.41022525041575,1
26.460320873520104,79.1642995514836,79.39811603178167,1
45.13400759191693,79.15761072569458,79.38951308892891,0
36.79308177290871,79.14904220362315,79.37817565924492,1
47.513742802783774,79.1402918874393,79.36672768566122,1
46.14542106754262,79.13198960048825,79.3542251402775,1
54.299190844034875,79.12572025971333,79.34325031326506,1
55.82007761440512,79.11730147957658,79.33267775157941,1
58.4654664679813,79.11293236404802,79.32150338962983,1
65.08908324093247,79.1092700576061,79.30892676088763,1
64.80927495757203,79.11034947499343,79.29775201942684,1
70.4812118373478,79.11755696945382,79.29054479605794,1
71.26757471490762,79.12740569009829,79.2836450466454,1
73.61876337707263,79.14093603026654,79.27835125561776,0
76.30106982683961,79.15475344104347,79.2726192630873,1
72.28004161199897,79.16974613535716,79.26676160276598,1
69.81066869946167,79.18815600442726,79.26114189557471,0
84.85467674456397,79.20807233767007,79.25679071513933,0
72.05652999638617,79.22318067401355,79.2523923635319,1
76.62677819308091,79.23832987756848,79.24916155278392,0
75.26236167237897,79.25679755462889,79.24673679311596,0
74.12674517298655,79.27143456644816,79.24574252542297,0
75.16413199389478,79.28244582414952,79.24527653880966,0
72.72058250577811,79.2972571177515,79.2446215141893,0
58.07152194062627,79.30441797625879,79.24156903185268,0
42.368389079536335,79.30890581471462,79.23658886174175,1
45.103614136595986,79.3135535296158,79.2348949133568,0
38.26639035918788,79.31746650988161,79.23410059126267,0
40.48938487426191,79.32181236133209,79.23499549494397,0
41.029360095662014,79.32457904905267,79.23477038751493,1
31.903489061283835,79.32567290692327,79.23057199348067,1
24.626838214013915,79.3199714789184,79.22690052834851,1
31.75869228092158,79.31369504599851,79.2239444048721,1
34.3116895322905,79.30582742441075,79.22241438075652,1
45.79183388211001,79.30560002967415,79.22337970659525,1
44.22444629061395,79.30424649644567,79.22451038797212,1
50.524524095313524,79.30562031348487,79.22740408871437,0
47.32652215739812,79.30200210229023,79.22836089393087,0
59.96118345637126,79.3039014910564,79.2314908385638,1
69.14484380607163,79.30596066294656,79.2345024738449,0
64.57317094974346,79.3061153331304,79.23962783127946,0
66.44214326213368,79.30666586393744,79.24507084374807,1
60.93518611567166,79.30403570778842,79.25013279261964,1
64.65011071125463,79.30455572862036,79.25663302111239,1
64.52085858274339,79.30953021714296,79.26245771402823,1
68.89966067373956,79.31966739985108,79.26931179077059,1
70.24915498460328,79.32911614390575,79.27746241174442,1
72.87732154122558,79.34374033174593,79.2870722105349,0
69.45732893728689,79.36085575431258,79.29758221934125,0
74.6803700947109,79.37980554946783,79.30867560481175,0
64.29979828484286,79.39933989012458,79.31968223264076,0
64.84600310892026,79.41785290407228,79.32832186938398,0
54.999581257230226,79.4317035167942,79.33358152131194,0
47.63589580755825,79.44026757663401,79.33890452996087,0
48.218143723013135,79.44188711008137,79.34401779565208,0
45.028516289605925,79.44271360113363,79.34879998823027,0
53.20958792201398,79.44204344401479,79.35393336243496,0
46.65793158572175,79.44226728536509,79.35834721624629,1
50.91789025172133,79.44123884568724,79.36281343121948,1
48.11248055879599,79.43880517561415,79.36631652104813,1
38.41405300332126,79.43231705324222,79.36841486257897,1
36.70293630457559,79.42930312249528,79.36976930496465,1
35.012185406238885,79.4304742612629,79.37136022108547,1
36.45519404444671,79.43134949659849,79.37279840764519,1
42.21311570763352,79.43679179994402,79.37527305758844,1
42.32207744377337,79.43881206634167,79.37693816316438,1
43.982558532022004,79.4360806363879,79.3766322645287,1
52.444612439560935,79.43038386623837,79.37599682196222,1
59.156265776584334,79.4264987662943,79.37890945625355,1
64.69741150786562,79.42201866233829,79.38215111871968,1
63.95578245456183,79.42268337478967,79.38603656070508,1
64.27648187883253,79.42417474677146,79.3894179415133,1
67.44467509736097,79.43278227747501,79.39371610264214,1
66.52961060787325,79.44397503805625,79.39759169808276,1
76.3309955461437,79.45593707303165,79.40462543436122,1
70.74096842036889,79.46904221817263,79.41285454961347,1
71.32661760199454,79.48117185801543,79.4209806937948,1
71.60233053500706,79.49801764796409,79.43056767147928,1
60.21205935079966,79.50985813034104,79.43803173882307,1
68.89086987342107,79.52676189517165,79.44718965949573,1
78.51485897390742,79.55570353029965,79.46042711192953,1
75.59218762698359,79.58005408949778,79.47380234919639,1
71.47872292774295,79.60179177733293,79.48659891361925,1
73.4626211729929,79.62491419472525,79.50043311577097,0
71.34616404054366,79.64635901876237,79.51157665322373,1
74.76093037610889,79.67020495499732,79.52332154658505,0
76.50238303045766,79.70246948009992,79.53537193117471,0
70.8100581647446,79.72896549514994,79.5467821791061,0
66.03055377003334,79.7480352637662,79.55656296533748,0
68.92961946920795,79.76721271887308,79.56665194109029,0
58.948622407016735,79.77810205815364,79.57483125071437,0
54.55503246125703,79.78947467842094,79.5825414673067,0
59.385637913159776,79.79613219250196,79.59055469652755,0
58.16033085609808,79.80719557124579,79.59864763513293,0
51.32023046594086,79.81970714123922,79.60869620399973,0
45.45447004682048,79.82801055335663,79.6161918110157,0
43.343978917622906,79.83127099970035,79.62184263611265,0
34.73579809617526,79.82945408291855,79.62485317194832,0
33.728126292209964,79.83165300139831,79.62635063765737,0
30.86949519837046,79.82613301830027,79.6257206470287,0
22.092850332989002,79.8144676192213,79.62647820356823,1
23.458339243020106,79.80172676827974,79.62735189487938,1
29.471213866038255,79.79126492430278,79.63042347662268,1
26.55317778049232,79.77683451661052,79.63505989176157,1
28.373101771849562,79.75909302134326,79.63845901772848,1
38.825215937953956,79.74578439669432,79.64454986480933,1
47.61872078194562,79.73092681708394,79.65092528040238,1
44.38054424047556,79.72132836288567,79.65840661011434,0
39.657248863403865,79.71348899434093,79.66546302479895,0
42.20600206852981,79.70094660639549,79.67150851340281,1
51.17008591550581,79.69699301336927,79.68070163476519,0
58.4980795328567,79.69685477700645,79.68956212911117,0
55.28872741585239,79.69533902370407,79.69650060150403,0
57.447063330541184,79.68856336399463,79.7015331820914,0
57.47072857312067,79.68103150889273,79.7063920875792,0
54.948552438645834,79.67512721454929,79.71071787029875,0
49.42727903343319,79.66944092804235,79.71518675277443,0
45.17888266068605,79.66264241868406,79.7177565929266,0
45.050852795349826,79.65332720905602,79.71708201476206,0
35.547393212166426,79.64521935918366,79.71500092576686,1
32.50829398583184,79.6385529768728,79.71282604440148,1
26.324622836951647,79.62852210296073,79.70909083735509,1
29.36011013176916,79.6179937229074,79.70450805479564,1
33.542324903096784,79.60829381395266,79.70078740212013,1
32.93877200120485,79.60476908328005,79.69799182182784,1
29.508822502777818,79.59764151412028,79.69598958318839,0
30.719442833924376,79.58479042161936,79.69237270584395,1
30.360716368444102,79.56842217638,79.68656842148069,1
33.62845394514751,79.55596467479441,79.6839056425803,1
40.44533609006241,79.5484550750457,79.68018578535244,0
40.95888534832609,79.53596242546772,79.67280519283241,1
50.23542682767508,79.52373604240272,79.66703491027314,0
53.11180338854748,79.51268830284013,79.6608592117069,0
57.304872123891556,79.50382755261121,79.65309852524578,0
48.97755371540631,79.4915878006078,79.64448360031739,0
63.8917188205381,79.48479217990744,79.63655276026282,0
54.17499965067769,79.4768286979384,79.62493043990983,0
50.757616187686715,79.47122854363643,79.61466181232119,0
40.48696220480219,79.4667561840423,79.6045703828725,0
40.53491332447212,79.46540983684258,79.59427977295464,1
45.40784360926321,79.46241792949598,79.58655239293842,0
43.80862014563602,79.46149425085532,79.57789866632884,1
39.484794869819055,79.46048434690007,79.57024891655489,1
29.18238658960422,79.45396862878977,79.55949662513774,1
45.684647083723526,79.45133370737148,79.55064244828073,0
38.31254244703195,79.44625672343255,79.54328805121875,1
46.12419212161371,79.44571803634497,79.53815152050178,1
47.1439728885158,79.44840987215699,79.53415073717608,1
51.14973957610175,79.44872273821493,79.53073353730696,1
43.31394143748167,79.44374919760777,79.52723225707543,1
51.73634780063021,79.44302419143501,79.5242278217179,0
53.42441622177522,79.43956291483511,79.52216936889529,0
58.91412236457701,79.43901494388751,79.5199592195408,0
57.32590920497167,79.43818148766485,79.51763731366752,0
56.215918754090254,79.43968377832495,79.51671990311006,0
57.46570717100982,79.43666807155581,79.5129062302074,0
54.710628419334206,79.43632724167658,79.50709060974688,0
61.57909069039474,79.43560115034708,79.50037092730575,0
43.143364344426566,79.4347134649685,79.49306017112352,1
47.68349469847399,79.43341538459106,79.48726728423287,1
41.555102087003576,79.43203717725605,79.48057005849313,1
42.044308882293315,79.4349620936149,79.47314159297223,1
38.86705019190537,79.43627179330755,79.46662202439629,1
52.92904677851396,79.44357401092044,79.46150088390804,1
46.50961352688137,79.44468748666861,79.45610483939109,0
47.09608460044287,79.44773566110358,79.45233142984047,1
43.221311451632346,79.44797818479856,79.44956642320427,0
56.78123384865022,79.45134352680319,79.44963118042372,0
45.06093839276025,79.45010764779376,79.44944571280203,1
49.516432854445995,79.45156522666464,79.44977060406782,1
53.666250548396384,79.45141733347367,79.44937356435825,1
44.88177557468228,79.4460868044091,79.44919524947464,1
58.743406272874616,79.44365321058602,79.45022301461225,1
59.37265996480103,79.4423180611225,79.45124701253548,1
62.21625999365181,79.44361243434932,79.45225724353777,0
65.73008812547457,79.4512912527109,79.45436612564365,0
67.88863038523112,79.46076949096349,79.45748223748453,0
53.542249180246124,79.46447673772845,79.45879275184512,0
53.157824498614254,79.47089430726535,79.45903202411189,0
53.623418438186775,79.47755860618989,79.45890869669054,0
48.31751990366238,79.47961366231138,79.45803055323059,0
37.00377899979446,79.47518914755554,79.45372283503336,1
42.993041551099545,79.47255470238474,79.45056858421411,1
39.97540703009679,79.46465078576153,79.44583017716818,1
46.88357552248426,79.4625198336277,79.44447765259905,1
53.350697463018,79.46091483713751,79.4427804927325,1
53.24749589025562,79.46307790223965,79.44406610492477,0
52.46570231116144,79.46157778824275,79.44577087826626,1
51.72526025367755,79.46630118906174,79.44926371480982,1
47.464945542278286,79.47220670938124,79.4524893530833,1
49.92316034126464,79.48023906256617,79.45650201758633,0
50.69941702415705,79.48681218414116,79.45932242278897,1
53.45872402520292,79.49181883382145,79.46275680938079,1
55.013779903813386,79.49814428327616,79.46891727433001,1
59.032712894948745,79.50093586726385,79.47209810749472,1
66.17653817413546,79.49886109826039,79.47540787557479,0
63.022736788185554,79.49452098417872,79.47700341661803,1
71.69955262786358,79.49818571446907,79.47870308876995,1
69.16962655549182,79.50524637587311,79.48164147917517,1
64.51364532291527,79.50993184223042,79.48538175453962,1
48.79757402328513,79.51265743103922,79.48588384907228,1
58.859829965398596,79.52897462626038,79.48948751960346,1
58.59864804862089,79.54596695907455,79.49334939028893,1
56.62435370509323,79.56567571277301,79.49682786721145,1
57.24505779178968,79.58263254278407,79.5016571583827,1
70.4931966718251,79.60173302828417,79.50880647542384,1
69.47691493421772,79.61810918151082,79.51677888085847,0
64.7042041676801,79.63286298673646,79.52467561282201,1
67.56218040990603,79.64735666020918,79.53432099290609,1
72.63524151415689,79.66516250040807,79.54518819941009,0
65.16074845217896,79.67427156609568,79.55339577312218,1
65.01570906935544,79.69058461536872,79.5615714314905,1
62.53310651770909,79.70502454385425,79.57025790959946,1
65.97150264522642,79.71818560338178,79.57876191131456,1
76.34111693543814,79.73198498541,79.58701710699127,1
73.17990646722782,79.75087762453123,79.59666466094585,0
69.5397238810874,79.77004639390142,79.60583070025916,0
72.60196673734181,79.78830645229196,79.61348825896546,0
69.59407027523616,79.8037102924163,79.62308253702419,0
63.9132151338739,79.82024606919526,79.63285409155185,0
50.732470924187886,79.83776775327355,79.64042401699221,0
55.18187766989266,79.84806482316544,79.650278727106,0
52.49507634016014,79.85694180457946,79.6586648278863,0
41.812663735577054,79.86589920288077,79.66626032391474,0
54.95096524092523,79.870643402232,79.67246954553578,0
31.890128061769616,79.86226514553461,79.67319603255332,1
38.826398027103565,79.85616646735843,79.67493767141644,0
42.8874568572237,79.854465207566,79.68067100075703,0
37.35708295680497,79.84636622865521,79.68450976146204,0
27.716590191268722,79.83263301061444,79.68721796117993,1
37.265314295501,79.82901242207197,79.6931552770264,0
33.893136181379134,79.82099326093467,79.69989307684214,1
34.72240862437907,79.81354686452548,79.70665477445577,1
33.898723722837886,79.80368239568182,79.71437455528266,1
39.967121161701755,79.79497757051521,79.72000020174627,0
39.14890266421492,79.78264171101566,79.7253554104971,0
37.099882536489474,79.77007873235915,79.72863103230696,0
40.2301619949527,79.7587630979705,79.73236238285656,0
39.07054738326399,79.74486656394583,79.73450868697782,0
43.99414294128818,79.72585749814581,79.73431440705768,0
33.97827832835492,79.70832651082458,79.73165899629558,0
25.31209839046703,79.6867808640058,79.73026619905185,0
24.727362620982717,79.65942154819668,79.72570591363639,1
28.7924414239954,79.6344011188396,79.72076305814012,1
17.579891455668218,79.60925495567132,79.71579718089876,1
23.163730417851653,79.59537511895402,79.71180164083076,1
23.51264940398285,79.5792973491742,79.70884821741464,1
31.086495121131634,79.56274857222958,79.70649614386123,1
31.05371450765358,79.55175991135101,79.7031151756532,1
27.69667693809167,79.53981101130464,79.6991696288096,1
32.486243167665975,79.52508578552285,79.69812661881986,1
31.377313105195256,79.51474728657595,79.69420214096839,1
45.30152558374134,79.5098509060214,79.69220835323452,1
53.333030576526866,79.50654791547763,79.69072343636451,0
60.3617392083054,79.50315707505605,79.68821001465507,0
67.01928047281181,79.49930440470493,79.68438396106541,1
82.40357151200085,79.4965102384496,79.67999145508249,0
81.21185617554188,79.4924183533192,79.67618452948966,1
78.1612370992328,79.48851407960053,79.67097165473437,1
77.59853638959765,79.49085642669905,79.66459197757408,1
77.93106472882641,79.49813018976216,79.66120244576219,0
70.42759071376096,79.50739843419674,79.65699172658306,1
72.24129100581808,79.52442196487299,79.65346488204389,0
85.6535719338778,79.54255015561213,79.65050887903227,0
73.76841786918601,79.5584208718897,79.64637153549064,0
63.89570795105923,79.57009866878538,79.63949005853243,0
53.51492274529788,79.58155009759484,79.63344969889201,0
48.717438976215234,79.58872746111449,79.62666454739025,0
39.04357489092327,79.59128382513167,79.61814458873933,0
51.19501454843562,79.60241798249783,79.61203839413064,0
45.92072076891737,79.60863413163784,79.60647317016557,0
39.83022331019378,79.60929903074093,79.59869582399858,1
38.64540230247682,79.60050632438826,79.58963416115803,1
38.92666895563608,79.5924244027226,79.58133351630124,1
35.93245973779693,79.58335686988654,79.57329540171688,1
46.66759307742325,79.5805928636137,79.57171504829705,1
40.27788767156559,79.57522847694692,79.56761625891788,0
37.91386502849276,79.57067454689452,79.56266826522108,1
46.287676405739965,79.57109606656671,79.56086358989896,1
47.46018162748036,79.56885514403872,79.55908083094378,1
48.55056433469571,79.5668740814071,79.55634710949624,1
44.09456651522747,79.56039962392907,79.55275427178083,1
54.21713143777862,79.55685910951122,79.55078978003819,1
51.77792667170205,79.5542101109041,79.55071996512117,0
52.89266877936498,79.55219856071905,79.54925993157218,1
62.4161025098142,79.55590011817438,79.54879342139591,1
69.91958371204953,79.56236167313229,79.55036287520126,0
63.05270919829881,79.56658510957593,79.5497933520324,1
60.28959649887097,79.57222491343751,79.54908792853601,1
58.780321120341455,79.57668983262202,79.55237132792112,1
62.34503026063771,79.5844467249947,79.55692125583363,1
62.899808203133176,79.59844112491444,79.56335992836205,0
59.781963379701644,79.61514998131247,79.57192553440436,1
65.65750011306213,79.63396796276726,79.5811602538723,0
65.1432475361517,79.65419012850592,79.59126947085072,0
76.41950201829033,79.66875003032952,79.60106501284724,0
58.43488827226598,79.67904711593344,79.60751616562158,0
57.085182394345594,79.69063440112089,79.6138225967776,0
63.49918771829504,79.70095743894912,79.62054260093821,0
53.891070239703744,79.70942325301306,79.62692572762717,0
42.85439363751936,79.71191433812874,79.6310785305386,0
50.98050858612945,79.72188449783661,79.63560915628508,0
54.97722832151232,79.72687826722111,79.63760072451807,0
39.11420342213488,79.72241297128836,79.63706598744548,0
35.94180475937793,79.71750048317757,79.63499729482078,0
35.2426220646755,79.71094276218415,79.63344876438761,1
38.53824908450104,79.70235141995988,79.63269934780537,0
31.862446806324897,79.69600943168425,79.63122978337843,0
28.32361314413251,79.69110959217153,79.6301261335644,0
25.61473672058729,79.67912298792017,79.62767795240956,0
39.19374849994981,79.67113251352419,79.62612218533843,0
36.55504255189837,79.66230654812946,79.62532317393512,0
29.93448589299996,79.6511319225324,79.62260951746812,0
30.181096937969926,79.63343527764164,79.6175143026841,0
29.923983618842144,79.61007608428766,79.6119315558099,1
37.466969916008814,79.5921338287587,79.60987907683658,0
35.90712008469934,79.58034735423178,79.60703506827636,0
41.35935311933894,79.56524948845474,79.60443140771369,0
43.93430368029881,79.54714666071524,79.60288773517165,0
39.454372083460264,79.53099664978589,79.59835719454239,0
34.71122711465377,79.5182413769397,79.59492142865933,0
37.22432659009787,79.5039475606331,79.59346856824195,0
37.95108375677202,79.48908194760895,79.59303097380635,0
36.3850890949371,79.47649884110483,79.59069576279838,0
33.25026252804193,79.46936384489564,79.58940008482442,0
29.97878450874633,79.45947513002633,79.58500167095265,0
30.014650246784086,79.44534305780645,79.58074518014918,0
31.580443427534703,79.4308387062636,79.57529544712607,0
32.38659112546365,79.41346832273459,79.56707503603157,0
17.372276803110154,79.39974295064965,79.56003307505394,0
27.37638709593746,79.3846428302863,79.5532296848901,0
26.275654640807318,79.3666954334967,79.54784149776218,0
21.84139925370502,79.34503676106142,79.53788057808819,0
20.985721362664904,79.32380650772365,79.52535286141192,0
20.298459138975886,79.30518393151424,79.51312570412797,0
17.9040751245751,79.27691538199758,79.49828518236586,0
16.92387301492505,79.24730867596557,79.48101386940967,1
17.982941749826693,79.21723193429867,79.4646901376028,1
11.013280573403591,79.18778403576343,79.44911138410201,1
10.154044773596851,79.155751710325,79.42998194562358,1
15.301905872995178,79.12588736575044,79.41149768496163,1
27.543931717435512,79.10115089584538,79.39455247661432,1
37.96021871579796,79.08087996122495,79.37932296577134,1
34.983490535100586,79.062772022499,79.36221738669109,1
33.82059850088463,79.04394394638818,79.34530161197733,1
38.64370570006453,79.02861039591633,79.32894581718737,1
45.07593315592776,79.01522909642566,79.31521797234608,1
50.69198190272957,79.00463933788744,79.30089742183269,1
56.21532279818673,78.99954498728513,79.28651005536597,1
67.1486762943867,78.99639782415771,79.27482290351179,1
65.71853238087306,78.98784540722215,79.26360211252748,1
71.73295391219548,78.98395074821009,79.25266799791157,1
75.78070261793323,78.99117091267883,79.24359763627129,1
87.3365142646746,79.0044368808783,79.2381624252479,1
88.32667970650417,79.02399652947204,79.23572412264576,0
69.60946593540235,79.03924933126959,79.22960781000005,1
67.5809504962206,79.05828046162662,79.22338548607637,1
71.5442961140539,79.07988964328152,79.2182422222417,0
72.3709488672297,79.10480648542635,79.21459014140393,0
64.9482515743435,79.13073860725491,79.21062819335746,0
62.71976838439102,79.15323781333873,79.20433980488745,0
64.61958830786651,79.17335396836808,79.19897144470977,0
58.27328362949232,79.18559676131758,79.19310890128541,0
56.36059376587881,79.20045272297097,79.18902436482281,0
59.758604000331836,79.21314257104895,79.18652820668186,0
56.44776706471483,79.22347212031181,79.18148113380862,0
52.316263514729556,79.23575496730011,79.1773810175734,0
43.768323907124106,79.24394235831406,79.17237456977642,0
32.79300369621613,79.24749863923037,79.16665084677201,0
42.183716027896246,79.24781848690007,79.16155163835748,0
32.8883677384423,79.24690593305361,79.15506793497303,1
39.289486624708736,79.24752247816562,79.15009796492458,0
29.80205376441006,79.24033204874623,79.14409767672619,1
39.09889921474831,79.23283306016324,79.14069611287125,1
37.6471798349834,79.21768645334973,79.1350531660274,1
36.37664353059724,79.21296505087813,79.13100377834077,0
34.4413359447466,79.20126546930139,79.12575445067434,1
41.120590837947354,79.19318377930357,79.12318025145768,0
46.50210797039979,79.18543772531025,79.1233779024342,0
45.21730440417176,79.17951280823846,79.122536136393,0
39.99343699652882,79.17257911038205,79.11951431692576,0
45.76336872416195,79.16423863011896,79.11798872335866,0
43.19087720437851,79.15443017010895,79.11686626490442,0
43.79862312812711,79.14396347040928,79.11708714989706,0
45.15360043922936,79.130997808514,79.11685375748175,1
38.44669373162104,79.11784974323977,79.1178548783055,0
38.96389978125857,79.100852469161,79.11879853485156,0
32.16779463544766,79.08487095217458,79.11943017692677,1
43.694360459805864,79.07674353782468,79.12223464759653,1
44.033158682864276,79.07152417471653,79.12786062411408,0
44.497098166454585,79.06542963182098,79.13088484140125,1
34.63345558820794,79.05267490696691,79.1307075693732,1
33.050931125484354,79.04515524743171,79.12980779120889,0
39.97052404922995,79.0382071502041,79.13087016395329,0
38.19837786050328,79.0296548585665,79.12933753089874,0
39.35407157766172,79.02108008270957,79.12799165305806,0
45.95143066937814,79.01843225511303,79.12703571414929,0
39.186792242343856,79.00519875954116,79.12340402011918,0
40.404114933602465,78.98709914104893,79.11839956393972,0
40.77405199316166,78.97032033808689,79.11210514196466,0
43.13341096618657,78.95630802691986,79.10689936480483,0
41.39007613826694,78.93668478675357,79.09908233877606,0
30.366400763257644,78.91948698080499,79.08819269215488,0
24.137044687402295,78.90021874469453,79.07539989542356,1
26.25151883805019,78.88181805360844,79.05998236713631,1
27.15246553717462,78.86258889435939,79.0471907035414,1
20.36529728842055,78.84497629694,79.03347686897692,1
14.561615057520967,78.83085723836373,79.01981721495967,1
32.67926700710203,78.81693752426068,79.00708706313024,1
33.86933326806452,78.80329377436985,78.99688269096005,1
40.37422577160449,78.79847780796209,78.98898083925059,1
46.779763178157225,78.79491063925346,78.97933023772734,0
43.9215026525884,78.78547243888235,78.9697580622348,1
48.77488202195267,78.77549959410943,78.96088891240868,1
48.46168331794592,78.76985074458261,78.9520208003122,0
58.76088112067937,78.76429876807592,78.9443223121637,0
58.05296711373439,78.75512748452987,78.93478472104118,1
64.37488366874835,78.75413087170429,78.92747942547525,1
66.76990996095736,78.75385329708676,78.92094142708225,1
67.16462162195324,78.75255201166942,78.9139985518724,1
65.56360198762613,78.74994193737272,78.9081137665325,1
66.18783099215773,78.75303956810095,78.90128917475018,1
62.451756934203026,78.76098109351861,78.89645231006385,1
55.92588918445134,78.76972753188656,78.89015768411288,1
50.24339437067901,78.78124499906374,78.88540578542192,1
55.800141300716895,78.79546961705546,78.88019253001234,1
68.2235831937751,78.8124414553362,78.87794726339084,1
69.03717480570893,78.83155680367803,78.87516642470945,1
75.32323674779192,78.85081636007357,78.87323851703557,0
69.32154943187645,78.86586120711033,78.8714220505088,1
80.5589902300128,78.88137517892946,78.87249926666955,0
79.40082242206722,78.89877601950734,78.8731451934827,0
71.94337835604992,78.91587532731504,78.87433612511724,0
70.56770160511947,78.92839125029613,78.87466002436342,0
74.47991919336555,78.94243215762711,78.87659453995745,0
75.06139404184648,78.95646051413641,78.87976662052237,0
66.02725962657371,78.97005521646506,78.88246581996282,0
63.63135614282113,78.97918963274684,78.88520689770418,0
59.477359226617025,78.98719186378722,78.88512075746729,0
53.9112516973741,78.99392015445403,78.8829569437674,0
43.38121395627715,78.99587244133237,78.88029089033704,0
32.58659016913522,78.98928825776986,78.87593451507136,0
21.93436665864718,78.979061478633,78.87001480254436,0
24.33496400574444,78.97078350637707,78.86318822658208,0
19.06044555818856,78.96348317606987,78.85893711242326,0
16.308623904784582,78.950820716278,78.85208878343971,0
16.007684329831704,78.93159910666199,78.84321400401043,1
16.16379721329733,78.90760231108543,78.83612784532716,1
13.0577559602077,78.87788924741358,78.82955455958142,1
14.94998292262001,78.85281696437791,78.8244207010252,0
21.038012161053715,78.82538042426717,78.82012822560847,0
21.732047241344702,78.79641660103887,78.81703791919682,1
25.06245178810613,78.77205082590316,78.81536166315651,1
25.112710072489463,78.74709099696443,78.81340892527137,1
30.341905624449225,78.72089093018897,78.81222369058965,1
38.575520655143606,78.69220426945765,78.81161277056167,1
49.815826739761796,78.67114892767799,78.81293487225801,0
51.13026742248368,78.6540620610771,78.81448882678951,0
43.47581515342005,78.6362348447456,78.81283968566126,0
46.474625558843506,78.61874311698534,78.80913668081361,0
52.5609303863997,78.60613634438099,78.8033543049046,0
46.35092023545907,78.59560678547625,78.79621297356049,1
45.14711667748769,78.58555674306254,78.79004852421643,0
37.54528080084167,78.57426273270958,78.78269348202213,0
35.54641747359857,78.5623693044806,78.77594453638245,0
42.01169128485243,78.55668472487292,78.76904316615851,0
40.08222585791153,78.55553968282722,78.76337888332937,0
36.44560166732025,78.55093680536933,78.75485021879318,0
31.426436292862277,78.54249530001707,78.74501136075355,1
29.780785755456492,78.52898889998258,78.73499545635048,1
24.244013329074775,78.51526969665206,78.72625932932021,1
25.202925534155113,78.50464578199578,78.71768040475476,1
26.639623408783777,78.49210748588536,78.7078122201032,1
44.57397891931265,78.48962482688886,78.70136784327231,1
53.02678491210492,78.49181578595633,78.6964520053467,1
65.12371243495576,78.49810376206695,78.69266642856627,0
68.37107327489021,78.50218214645356,78.68883114870496,0
70.32458392679413,78.50615182953489,78.68432683713226,0
70.13456063924994,78.51376164995597,78.67801780161422,0
59.44780810571078,78.51807855924966,78.67002362166933,0
54.86765715843129,78.52013545236326,78.65885841427813,0
60.74294463159566,78.52640744992068,78.64726554572582,0
67.30704111537145,78.53380337178022,78.63721974200251,0
70.09460818651826,78.54125881176712,78.62784050661053,0
69.08392798872634,78.54810617966001,78.61821414519562,0
56.10982699115137,78.54642349880677,78.60502836002667,1
58.9060244983293,78.54601783748531,78.59376393173747,0
50.037639166825194,78.55092337857884,78.58354371712596,0
40.595191206577674,78.55906839381115,78.57376197276312,0
38.5064996318537,78.57202204289605,78.56623621172729,0
29.522272769973924,78.57964798171771,78.55976954547435,0
25.176162985437074,78.58459143111158,78.55580167409144,0
24.320345921608507,78.59120980924095,78.55267155234638,0
27.22861834322461,78.58774682238958,78.54815316967729,0
24.34877542633589,78.57309554000919,78.54029695092242,0
22.063801983025527,78.55093287841912,78.53271129342271,0
20.902647282187573,78.52636164094335,78.52673616241749,0
20.642871932642535,78.49956673790724,78.52111260786099,0
18.370965788780666,78.47149972450188,78.51546199244954,0
21.598333672300683,78.447054788853,78.50771875145938,0
14.093211909317844,78.42181498894526,78.49743224014937,0
14.792255217444449,78.39770164547275,78.48777956349937,0
14.827688211037014,78.37266602377083,78.47746582114956,0
11.992739367328284,78.35001481195782,78.46901003260788,0
12.418699500302296,78.32417124556432,78.45952627134577,0
10.276233837056807,78.2986282534104,78.44759795360775,0
6.133978010518945,78.26338346085171,78.43065774500695,0
6.364258757078389,78.22669426240085,78.41259659765548,0
8.765935481228041,78.19099169617719,78.39566471333575,0
9.630697800093458,78.15165340536927,78.37940032708084,0
9.14484726949317,78.11384149783078,78.36285160685426,0
8.056140766764926,78.07182797159936,78.34629014854069,0
6.909712956773333,78.02305831128783,78.32767217963651,0
9.9261505294224,77.97810518893546,78.30969015216765,0
10.850150926112931,77.93872718699798,78.29084010392938,0
9.494816639809201,77.90183252057156,78.27077041170217,0
8.51941618171594,77.86036338027343,78.24866564139599,1
3.62213199308664,77.81668262852432,78.22741093712298,1
4.166721900028847,77.7731985944036,78.20774331020417,1
7.34645854420495,77.73265769800373,78.18918627066782,1
9.400341217058909,77.6957103311986,78.16960849396798,1
22.589220116064112,77.66260543055486,78.150963422923,1
20.340880292757262,77.62823833560194,78.13191816103621,1
29.869099378016912,77.59586502038185,78.11150611000508,1
32.81827886412296,77.56650028292725,78.08940007013412,0
39.152254477691066,77.54377836913311,78.06586779643423,0
54.62632563563798,77.53206298076176,78.04261007873023,0
48.7962448315718,77.51966076194569,78.0180001706198,1
48.23379259748962,77.50583974194267,77.99249595013045,1
43.947655584852946,77.48894978424308,77.96774881707822,1
57.19655484494263,77.4767154577737,77.94548360901842,1
65.43931185439197,77.47046661541881,77.92391381473995,1
69.27560053076556,77.47348627491795,77.90354534089158,1
69.01763478832606,77.47600269020288,77.88358770354195,1
73.41739796162979,77.48265019757721,77.86465771109626,1
63.998650278547686,77.48810408710803,77.84744264702266,1
71.14112566389005,77.50140132890016,77.83081903796193,1
64.0627139940098,77.51645358066482,77.81362301795738,1
63.210293626598336,77.53137413517177,77.7966656067484,1
65.57921100450815,77.54767698691451,77.7794482482752,1
69.94525761501394,77.57172980288543,77.76644122243506,1
76.02401108049057,77.59406641617079,77.75475341694668,1
79.99665227524854,77.62103548196076,77.74384843012413,1
84.8261737383162,77.64231745498329,77.73333436304256,1
83.69246124564157,77.66341649607605,77.72552845256087,1
82.35981878307803,77.68388145809683,77.71904722830531,1
82.89464208000106,77.70584406073071,77.71440304664519,1
81.38926932623107,77.7292874064922,77.70988843805378,1
81.79627914028755,77.75789891344695,77.70705562570846,0
77.69606979619404,77.78623872256485,77.70342239056295,1
78.50036070454891,77.81604747507629,77.70317660347085,0
75.45835475294523,77.84212633363545,77.70168369000503,1
77.0822416866968,77.86746615588518,77.70146539373732,1
70.68266626892189,77.88947127547023,77.69937028894692,1
66.27187006336209,77.90998183165465,77.69898194553238,1
58.29190243391483,77.92980821618657,77.69991463213313,1
58.73713499349794,77.94980405161887,77.7053872742688,1
64.36924493492442,77.97367651154065,77.71241591761328,0
60.77516655549821,77.99566423828185,77.71853462359027,0
63.001912223768784,78.01719512118136,77.72566493460005,0
61.63124692957325,78.03444638945004,77.73468317908277,0
57.97433393856953,78.04625663666047,77.74452488297112,0
48.94861834874753,78.05198666322487,77.75541977089895,0
49.84383610790385,78.05607293793658,77.76452146264302,0
39.32748689546885,78.05588708809508,77.7723924129997,0
38.66604453105019,78.05264731792167,77.77937314724535,0
38.99855907389837,78.04789865659346,77.7894171571732,0
44.46309175944905,78.0453443427557,77.80135312374634,0
36.32111660299773,78.03335811563544,77.8111194342012,0
37.588221366141745,78.02384707947566,77.81989814315175,0
29.355691849349952,78.00636711632825,77.8274393175227,0
29.42325866395406,77.99425688634976,77.834344272323,0
29.770137169106505,77.97808142478745,77.84140262941152,0
23.57299377533178,77.95980362952695,77.84494573260496,0
19.04810621626841,77.94012392921069,77.84843140404577,0
24.22481584660528,77.92533419618088,77.85253696295223,0
24.386918668813422,77.90434501463292,77.85430008781725,0
26.034737813198774,77.87989225024903,77.85650851293464,0
26.737880983828077,77.85451477536061,77.85800463695745,0
36.85308391517282,77.83119387209122,77.8625625697393,0
30.300045800774697,77.80357108884934,77.86542543151302,1
25.017685928051392,77.77659398899272,77.86697583240068,1
29.197696426230948,77.7526878145611,77.8671003867562,1
30.124894659713775,77.73148148293703,77.86671297973668,1
39.24676172153989,77.71619494791386,77.86581031313436,1
41.51733542888403,77.70803854375195,77.86734692990294,1
50.34936990861534,77.7008056198308,77.86917887354547,1
56.81093512732071,77.69064582741233,77.87103002244534,1
57.44613133652919,77.68671959885725,77.8732576196754,1
61.17928445668118,77.68901455709447,77.87643317122371,1
72.23176157721784,77.69967015768728,77.87861545944344,1
68.29825038192232,77.7049155278218,77.87868391698339,1
75.6318586981779,77.71340570567668,77.87835071889789,1
73.6661216001335,77.72801665632169,77.87922541314032,1
78.9508134802941,77.74498891813428,77.88106037286907,1
86.40095755228941,77.76395924397711,77.88456807730435,0
79.33710154508154,77.78264267031265,77.88501953165002,0
76.28816938086267,77.79999370124993,77.88479103083772,0
76.70020931226729,77.82297871907795,77.88403655920985,0
74.59558388165503,77.8425630967963,77.88509231943188,0
59.16265296672205,77.85653949965283,77.88162224134365,0
53.762866867559836,77.86756711263084,77.87715214399884,1
54.90832009425373,77.88081684666838,77.8724406630695,0
52.788317097223974,77.89732469257163,77.86985434657723,0
42.25357739531503,77.90749241057708,77.86481454470334,0
49.52004291901833,77.91730585215352,77.8623459842897,0
46.566633824854755,77.92270046726512,77.85833743980396,0
41.56185561274809,77.92609908996147,77.85199905381366,0
35.89170160049794,77.92680513625757,77.8457139788657,0
26.820083712753885,77.91907586907915,77.83718547038283,0
27.691328374961387,77.90467419400998,77.82670658126743,0
25.437177731243708,77.88720112338814,77.81506171167446,0
20.293520418165386,77.86765316966101,77.80461732147235,0
22.78149229542241,77.84860723040707,77.79623913012851,0
24.328078681171405,77.8224920965503,77.78770237625115,0
27.98217576342826,77.79254668432671,77.78052782386636,0
21.930034309492967,77.76335825679857,77.77120337173206,0
20.740266399717555,77.73839755145588,77.76201231431779,0
19.143427092555243,77.70343725763361,77.75206821600912,0
16.497322935900513,77.67021794497614,77.74364066563207,0
14.543236668803559,77.63832334696565,77.73440473359861,0
15.47063972714443,77.61096965443001,77.72383725123093,0
15.298687760797364,77.57936274282163,77.71295319028317,0
16.395120274461746,77.54402779938695,77.70354401452123,0
15.254045364563169,77.50817608084506,77.69203540535709,1
28.44078060338383,77.47402489254044,77.68182226283353,0
25.98734354687373,77.43651661525611,77.67120608005322,0
20.87300381696268,77.39846820957507,77.65942943754408,1
32.135211404884785,77.36769930982598,77.65098779265183,0
33.48073151123603,77.34172894426777,77.64139949925345,0
32.53920029110651,77.31380202058298,77.63079895396089,0
29.309101575767073,77.29127955370451,77.62093593755918,0
33.9304376486718,77.26825919309462,77.61084587288576,0
26.58576443058351,77.23821707971665,77.59893336884035,1
28.741904355454523,77.21001997720097,77.58523238796599,1
29.149989746205804,77.18168893026672,77.56998797847227,1
37.307097720655676,77.15975061138934,77.55478136835548,1
37.789622126699875,77.13515817582604,77.53981725368327,1
42.27799481397389,77.11738291393212,77.52433354203907,1
30.52040813875699,77.09489487564188,77.50599279305105,1
41.111209959030745,77.08140418447121,77.48709834431219,1
50.819027963130814,77.07134289015548,77.47040819616441,1
45.65381594710255,77.06590595959888,77.45395329185205,0
44.428587432942464,77.06192802884055,77.43710856352877,0
42.85912093131046,77.0577418124726,77.41713656309241,1
49.19486553073705,77.0517813062082,77.39695108772595,0
50.578186648680116,77.04996886557745,77.37813655815916,0
58.226872358794665,77.05092893101666,77.35980352945076,0
65.36201796235113,77.04773590082769,77.34089066535172,0
66.41618163769851,77.04423816461383,77.32206952638047,0
53.52941708160784,77.0413142370311,77.3047088489122,0
52.739009546692564,77.03779894941044,77.28902867227103,0
43.948334663514416,77.02914821292372,77.27017841938789,1
48.0075470345919,77.02596233556204,77.25038842603652,1
49.19469054798925,77.02920519241403,77.23391750070077,0
37.14719125676743,77.02700276749798,77.21386674461006,0
33.17509166814112,77.02129683251638,77.19421991445599,0
36.54275419845969,77.01822922757758,77.17666930872973,0
47.305352500254834,77.01802479462617,77.1608214053865,0
37.95527070546531,77.01803277794534,77.14557555659752,0
33.81236648298632,77.0112756700415,77.12973893472478,0
32.97770952111152,76.99993332938037,77.1155010785613,0
37.123469149316314,76.98981893318448,77.10281959726143,0
31.361709304106597,76.97410377677016,77.08730718207401,0
31.03397556373288,76.95958284479184,77.07197286238903,0
30.7261264283715,76.94030473471882,77.05605430788282,0
32.964573934100244,76.91785751795746,77.03993626262272,1
32.4053732642393,76.89623403139578,77.02293812142673,0
32.82341757300537,76.87756660576034,77.01054240460242,0
34.42112039815824,76.85451483441942,76.99578828215778,0
33.32387342608288,76.83431094285967,76.9831038872698,0
29.458066605539457,76.81507031486458,76.97066893644485,0
23.391578404249643,76.80066642306181,76.95869989148396,0
21.776042066519622,76.78116311305057,76.94524255150198,0
22.663602994106327,76.75561329082225,76.93289238469166,0
22.57595040341917,76.73364812716964,76.91771603846173,0
18.616516661139215,76.7132250708084,76.9049032966769,0
25.419186627737076,76.69202924508942,76.89409372293547,0
24.58215737929129,76.66357354611138,76.87917109990066,1
24.763014118727426,76.63623186894156,76.86337672646704,0
26.010164752011903,76.61075263266646,76.84851917955817,1
38.76804851853303,76.59305358978278,76.83621069299262,0
32.06621163934902,76.57258702979969,76.82455073194348,0
32.47614709827131,76.55408061564802,76.81365259644656,0
30.581140159095682,76.53693385995828,76.80273841549196,1
29.567580056642996,76.52003844236623,76.79139411272261,1
32.73310098248787,76.50724240305432,76.7789329792887,1
41.09189451795983,76.49605608491429,76.76729728506203,0
45.032005649887,76.48114374885621,76.75604673857205,0
47.10743781205596,76.46928304924127,76.74554355159754,0
42.53493345822152,76.45745541973142,76.73352438137387,0
39.02640501756578,76.44525893315218,76.72023535364353,0
37.998655281861886,76.42864335277096,76.70379484875279,1
39.482533603137654,76.41667548552387,76.68714153417531,1
39.12560128260687,76.40489846830677,76.67175504702533,1
16.514213966427604,76.39002528240756,76.65301362894148,1
33.80200118231788,76.38058654598314,76.63715036883917,0
39.82546824698351,76.3708140897414,76.62204778642537,0
43.47035820357101,76.36582834265265,76.60640807663063,0
43.509101545663455,76.36089299441265,76.59003865838656,0
45.79746570781419,76.35971521004663,76.57587956876438,0
37.64079929557939,76.34901437514723,76.56069686328733,0
35.178894547840116,76.33646526311172,76.54747755201868,0
32.720775928493794,76.32430872413534,76.53299115187589,1
37.45231696373087,76.3167262179244,76.51774682569611,1
35.257459173111684,76.3077799033879,76.50370496707859,1
47.229435092367915,76.3010842668417,76.49084795301883,1
47.07008474130898,76.29260387223187,76.47704714292372,1
53.027075630348214,76.28587346880089,76.46318620824194,0
63.4628840928397,76.28100478460225,76.4507323542603,0
57.855136686769875,76.27978678922045,76.44092882904546,0
50.74209861353431,76.2761067137888,76.43070470740689,0
54.99294069334888,76.28063729913139,76.42012219513157,0
48.06397713264424,76.27966841421303,76.40936738915245,0
44.86391866855073,76.28059219216438,76.40015878597434,0
47.48986167759699,76.28488878536255,76.39084724919897,0
43.037864737439904,76.27753243971594,76.38102033754257,0
43.26006424977525,76.26650511186037,76.3701562186112,0
37.293738351493445,76.25348818387735,76.35677670787746,0
39.45748363512306,76.24100612190077,76.34463517337912,0
30.970010246711354,76.22469868267962,76.33203466469236,0
31.805938307628708,76.21218217679463,76.31954160805935,0
24.13603163086472,76.19809605159128,76.30644940343045,1
20.112264231244623,76.18546419504534,76.29471158467379,1
10.703434473171768,76.16975461432538,76.28340335509735,1
13.66030648888983,76.15711837903777,76.27309306782583,1
13.059678595949649,76.14370353468274,76.26303933856856,1
25.680818203140987,76.13318700603655,76.25351024730259,1
27.483721419506026,76.12102999816196,76.24616878906218,1
33.346491011008425,76.1089615925871,76.23982424371852,0
43.31501531982212,76.09460734938718,76.23447071573375,0
47.35513675908902,76.08215172750879,76.2263439624973,0
59.37088533415847,76.06967172936224,76.21895607495658,0
53.43974072161471,76.06009438379394,76.2117728964108,0
44.10455071060977,76.04415790661814,76.20304840463827,1
38.90285377726829,76.02672376271094,76.19352137733685,1
50.40572886252202,76.01783203437147,76.18525619006941,1
51.31292417388761,76.01076337238837,76.17603913360082,1
54.11287289458747,76.00647727494967,76.16691011831483,1
51.8303847075351,76.00195668815863,76.15770462894605,1
50.42896186479213,76.00073915868118,76.14934816027227,1
46.153414226941784,75.99949324061535,76.14123533104463,1
44.36211725991034,76.00056232209616,76.13521699116055,1
45.48323737492283,76.00494630408325,76.13001991209754,0
41.351472246787225,76.00879233664486,76.12496090243259,0
45.09726081242404,76.01321659904171,76.1223695944795,0
38.40557934422042,76.01453046471721,76.1166169060622,0
42.401566748150145,76.01292219532002,76.11035348953403,0
50.37903258986379,76.00810366146543,76.10307891658731,0
57.64942549475939,76.00131997931409,76.09599503767907,0
38.991624550131036,75.99194335958973,76.08736197555099,0
53.129908953650634,75.98695676449579,76.08152091823673,0
38.72098076839694,75.97411395585682,76.07401555205462,0
47.155748111035955,75.96675489221134,76.06875136364121,0
34.579990259717135,75.96032944245297,76.0604896944497,0
37.83455090590238,75.95869651923951,76.0538880236775,0
34.96653251454886,75.95026090239662,76.04492684429138,1
34.65113629509878,75.94444059891632,76.03677382427462,1
35.878785444922386,75.93741919330657,76.0275284081171,1
28.91423562453903,75.92688793296031,76.01605788828928,1
37.38590420453009,75.91876842869048,76.00494081606028,1
41.54591494206718,75.91279037674188,75.99590879622586,0
46.6911413284529,75.90854827519634,75.98638138158651,0
45.138675709840605,75.90049624449881,75.97835104421186,0
50.430357466089895,75.89632231188705,75.97125295032166,0
41.268790785607294,75.88712231551004,75.96326300653848,0
39.64670877182907,75.87170197367931,75.95428471964755,0
31.6240084411167,75.8518802720505,75.94450355361008,0
33.549427452617564,75.83175907559465,75.93438727327421,0
29.130357420653482,75.8100134243988,75.92359795867829,0
30.011555548564502,75.78859841766914,75.9129218695468,0
26.127067542726508,75.7625723688719,75.90167699506763,0
25.12782397119618,75.739700074748,75.8906571613173,0
23.956246579832893,75.70774893725698,75.87766526052586,1
17.250292654463024,75.68167039545867,75.86525600690302,1
11.84009815691222,75.65316501265902,75.85230667712601,1
7.766707654720037,75.62510424551392,75.83748712862386,1
17.50652176631776,75.5995359585065,75.82331340526258,0
12.066623414510332,75.5736061996004,75.80855888869247,1
13.804382791487143,75.55219505154027,75.79335127187055,0
23.291764892560877,75.52906370378757,75.77872335782044,0
23.46940033131338,75.49908726759956,75.76268301226217,0
25.696559276101226,75.46751530190708,75.74551881060445,0
33.900786762340815,75.44027424907043,75.73042299032245,0
35.170008795202605,75.41029586331055,75.71770813299864,0
32.000601949025366,75.38028777284936,75.70468861059385,0
32.54442076955877,75.35557955841898,75.68938372926655,0
42.72861860087914,75.33616789936944,75.67466536440251,1
32.57077319543029,75.31320975028945,75.65708026341012,1
29.36595955090779,75.2884712585431,75.63820378683208,1
42.343517928091096,75.27097217478205,75.62101507598715,1
37.707720757664596,75.25610831430258,75.60432302454252,1
45.75156664416197,75.24766791897113,75.5894994000673,1
49.016556240572676,75.24821497895216,75.57497273047343,1
47.440817509612955,75.24937028214157,75.5614871851017,1
52.17605896178385,75.25039158001282,75.54717666951446,1
53.76848815519692,75.25465779517823,75.53353806080827,1
56.13872897684753,75.25908547663724,75.52177871778949,1
59.18628789818702,75.26673398188234,75.51201101685925,1
65.92805263449685,75.27470973310697,75.5027071733877,0
67.60723780963255,75.27976676710742,75.49385272082753,0
68.41561313035595,75.29081706406939,75.4842271320916,0
78.28281065491703,75.30032908217764,75.4760048611328,0
89.88256046392098,75.30895898890068,75.46730462899818,0
80.43888171450885,75.31575695893171,75.45987913959013,0
76.04135528711949,75.3254113987579,75.45137456240121,0
62.14354920675905,75.33341801151595,75.44264657291428,1
54.393084942145684,75.33953048962155,75.43270132068461,0
47.53816583767187,75.34991684989924,75.4220793260472,1
58.51281636934563,75.36946367358362,75.4152340830814,0
51.65503847063702,75.38038725631863,75.4056626070384,0
45.85049158522894,75.39101431038037,75.39561259799791,0
36.04828854990473,75.39432511171705,75.38381013467558,0
35.18207341190056,75.39516869359485,75.37284171011184,0
37.94674643552553,75.39569892493279,75.36123783032,0
28.16575065302291,75.391586240033,75.34896223932364,0
25.999628028096993,75.38212175389872,75.33770597289603,0
20.706753709736972,75.36541742780324,75.3271935800906,0
19.694896821760835,75.34230988419182,75.31623134029812,0
20.83813337995268,75.3189510404477,75.30628221980726,0
24.459379675637578,75.29684039819269,75.29714951303694,0
23.179572138659978,75.2700362837614,75.2872126980474,0
25.43043924846029,75.24521094556998,75.27820920946158,1
11.720744336496807,75.21760914040232,75.27124871025632,1
12.73583541940414,75.19181623716854,75.26393747627407,1
8.32999615600066,75.16520814656633,75.25619181596413,1
14.16566463954645,75.14316091141686,75.24986923927547,1
27.023253321233184,75.12734253148437,75.24382394987576,1
30.208733564141,75.11590868329354,75.23900031952445,1
44.66769723904783,75.10356179801948,75.23578078167309,1
44.65145301797626,75.08969697774782,75.2299159166225,1
45.86001619469096,75.07264355916121,75.22503511462259,1
55.275730631058686,75.06014063380333,75.22086026743408,1
61.0596735634335,75.05202800207923,75.21754321131537,0
62.453077923241324,75.0449977250905,75.21511857503197,0
62.64195352174278,75.04045608348014,75.21302956357596,0
59.91837966694936,75.03881167921271,75.21099882121352,0
63.253942473422775,75.04103734407559,75.20914135797305,0
62.89939572205344,75.0466802249084,75.2096195301457,0
61.98728520070292,75.0496715137932,75.21076232190731,0
58.85686793609723,75.05106342378586,75.20918601263847,0
52.07912183532073,75.05560089527174,75.20700973043506,1
43.037494194538446,75.05651036573575,75.20174618816742,1
40.68487060219273,75.06164546705864,75.1966209054989,1
45.056967479637045,75.06575934587863,75.19049310176891,1
48.303132899108675,75.07153865320866,75.18465064524247,1
51.0497480558503,75.07896372511969,75.17959161125205,1
40.28549017255611,75.08111013163551,75.17263381187507,1
42.81199506854148,75.08387694738394,75.16585750572509,0
42.800679215854274,75.07936559053573,75.1576431246446,1
48.37344788730513,75.08036937070919,75.1501569580632,0
51.52560955841039,75.08592359791324,75.14307772816011,0
47.696527655014336,75.08728750075366,75.13564363486448,0
51.24741552537806,75.08358409342544,75.12739325312528,0
52.07529993698819,75.07745127456745,75.11979630128626,1
53.36113613006201,75.07503346253421,75.11287838908648,1
63.63181056176758,75.07534801612859,75.10777082305857,1
51.48085811228856,75.07192401736808,75.10209876907166,1
54.14222873174545,75.06881450275684,75.09717859128872,1
62.82787873210051,75.07288483031616,75.09213078460033,1
62.914725498353015,75.08099596651783,75.08942949671815,1
66.82832679842875,75.0915395424435,75.08721982326033,1
61.641064928114396,75.10475838428123,75.08591949719309,1
76.375136139787,75.1214363738157,75.08712797758726,1
77.7324300313235,75.14254010620894,75.08922957427937,1
75.88444483263422,75.16397453462682,75.09360596307998,1
83.43100850520086,75.18296711155764,75.09992975431561,1
80.90577736271119,75.20095037361915,75.10684699020143,1
83.02581641140199,75.21717573882607,75.11580384757877,0
83.684309668272,75.23828309985277,75.12537594840661,0
84.05511072979941,75.26021236843611,75.13550574616058,0
90.53329004029969,75.27907387310032,75.14669276389567,0
78.71326169365534,75.2959797647081,75.15595116251973,1
75.70296531739024,75.31415099433013,75.16600999469641,0
74.79147937027184,75.33492932191305,75.17704153518407,0
64.81313160831543,75.35212445191738,75.18764491122688,1
65.52543191949815,75.36761923824314,75.19755415378908,1
62.32993162747838,75.38990010344597,75.2071217978563,0
49.13545592041435,75.40872829720186,75.21430643685206,1
47.34996577388796,75.42191995059059,75.21947404562877,1
53.929373514751056,75.43643103821776,75.22812312090612,1
57.18382600508242,75.44902938442144,75.2377741533644,1
52.47590769632561,75.46061952571122,75.24611105395624,1
49.43222181517569,75.46577513744471,75.25262683173345,1
50.088433041251186,75.47031891838223,75.25935805159607,1
49.96836467045938,75.47413498401606,75.26707752329435,1
61.938720436503836,75.47909144971949,75.27604166251832,0
61.910512115365606,75.48614285278242,75.28488919368415,1
60.114894616908515,75.4929657904386,75.29431807379088,0
70.8507266295253,75.49999908290548,75.30550697605152,0
69.07077114053995,75.50401842687732,75.31668774739715,0
55.28717302241275,75.50572807078726,75.32674363410189,1
67.78788654360632,75.51332081969956,75.33867534410525,1
69.27735721094086,75.51978368589067,75.34926528222921,1
56.115482019253946,75.52275857397866,75.35984122642408,1
58.728367993515505,75.53027810433414,75.3711406916771,0
70.7661429346962,75.54193531232713,75.38274278867206,0
69.2924746836421,75.54907544443873,75.39430792297757,0
65.29674677532068,75.55987411782579,75.4047053050288,0
56.486340376302074,75.56795455515656,75.41490963147709,1
50.881193535823556,75.57087306141138,75.424324597187,1
50.78336509340226,75.57398412231733,75.43299836312603,1
48.250146906567494,75.57862190157768,75.44264481428586,1
40.00217177459468,75.58218626916262,75.45206770202832,1
48.26128066218193,75.58545036335931,75.46255768711279,0
56.617144208760564,75.58950466725975,75.47286600518457,0
68.19966782208836,75.59959010205152,75.4857384968875,0
70.15403660828642,75.60959477939744,75.4999574984959,0
54.48873858801071,75.61032590010511,75.51092263273019,0
46.730533345574784,75.60569482096646,75.51863097231164,0
42.8151398635327,75.60356366106487,75.52571482521597,0
40.84989567056956,75.60234398747119,75.53106541211295,0
38.68930951468616,75.5979347375625,75.53594588541777,0
38.50061452985973,75.59018540819687,75.53676489598169,0
37.655095166921,75.58235254385446,75.53576620148229,0
37.50425261120245,75.57351351721792,75.53495628471353,0
39.598370982619976,75.56197476431021,75.53434584977309,0
37.5242005316303,75.54782796328671,75.5330589588446,0
37.90919093532171,75.53608434167964,75.53226874617023,0
34.363257389013725,75.52432288058422,75.52932554376969,0
22.127491455344725,75.51455465855551,75.52606151323475,0
22.97956092391226,75.5051337567499,75.52342231658588,0
27.21305194174623,75.49295813267051,75.52143616147083,0
27.386357660634772,75.47870456408847,75.51788912993166,1
26.249975628533207,75.46340791739176,75.51394912530426,0
26.484224869818107,75.44625006390476,75.51051624997952,1
27.61209903549529,75.42068206279923,75.50696362670995,0
37.31272429727676,75.39655390094669,75.50261901749619,0
42.83601280229249,75.38218390812818,75.5003048771007,1
37.473188096460014,75.3684169572785,75.4972297749868,1
34.58229071274653,75.352880592179,75.49229464680049,1
34.91922600686404,75.33647555104093,75.48604387876077,1
35.371598387381624,75.32444385773528,75.48147561822739,1
50.469403643900286,75.32078053249195,75.47876705400058,1
43.88639758639925,75.316008994852,75.47404223207019,1
41.74326105583817,75.31055872559122,75.4695257813436,1
51.526399961105156,75.3067087330691,75.46539276311294,0
58.10719384152044,75.3060075284172,75.46100482909851,1
58.98258316508062,75.30457034698944,75.45691056879055,1
63.321110367309785,75.30688086663324,75.4520782572608,1
57.19570492608911,75.30468586005102,75.44632848650424,1
54.29983798054899,75.30183295090785,75.44186426863412,1
57.57919537872924,75.3051948759005,75.4381857839512,0
65.40460171306736,75.31267739866531,75.43504661504151,0
71.37346760950929,75.32391012062381,75.43440974396235,0
65.84308135636621,75.33148135376797,75.43099754975304,0
64.23098433585562,75.3407695212719,75.42649731028786,0
54.03956779513765,75.3460336337939,75.42140229323826,1
53.863088272349174,75.3472148215378,75.41524115858552,0
59.7150367343604,75.35517797437244,75.41211914267316,0
54.57332311039806,75.36253319579639,75.40895870055448,1
52.63613548446323,75.37164097364163,75.40510661929049,1
51.630350981889315,75.3791671500247,75.40169371760621,1
42.43788818096511,75.37557851084522,75.39612395067361,1
52.14028271200797,75.3786177203996,75.39130917488632,1
58.06181418532206,75.38749562212566,75.38872216328997,1
57.44135194241458,75.39637295018527,75.38410590236644,1
57.73380449211504,75.40642216007157,75.37973578136817,1
51.44519210784174,75.41412415193724,75.3784298695234,1
54.37672125448748,75.4184231287847,75.37716958038808,1
57.23503039754628,75.4295140833626,75.37670865542333,1
62.97497992804084,75.44301674586356,75.37813337199107,1
68.5512752049024,75.45448251549377,75.3808048951237,1
65.90618480201047,75.46600967995326,75.38537632374407,1
68.17739105083439,75.47354517909392,75.39088679805812,1
67.18518445360914,75.48483646054248,75.39552672708288,1
72.16947971241888,75.50255882075822,75.40273093286706,1
83.00875648016846,75.5213701373308,75.41081916285589,1
77.90771867696066,75.54152816274087,75.41741868701001,1
76.30108497411432,75.56105928984078,75.42681370637578,1
73.86128153277636,75.58127107844842,75.43564526851165,1
72.5669609903664,75.60248545195536,75.44404729737268,1
77.72009375857252,75.6269555442338,75.4552926822315,0
87.38090553351483,75.65997311420782,75.46863137072135,0
86.78590155202991,75.69112516718532,75.48239607480373,0
73.55951281391746,75.71222615946928,75.49511260151577,0
73.43510513748963,75.73177967399046,75.50854494684292,0
65.81150721791644,75.74703582357857,75.51992855042093,1
62.15963752510752,75.76156609864255,75.53018274572915,1
65.84281851830445,75.77987655903172,75.54175342108938,1
55.148039978259504,75.79447064457904,75.55334467638335,1
60.41134275491956,75.80827978136287,75.56685506411984,1
66.72720194627377,75.82306736626533,75.58025429853573,1
65.6764232256005,75.83941457160873,75.59282993939078,0
56.990261890754695,75.85076923953297,75.60479089593052,1
65.35138713467924,75.87089463179555,75.6196610895646,0
60.71190095633809,75.88337067236517,75.63339570858548,0
62.55572462202067,75.90040331582495,75.64857747781899,0
48.58039918389455,75.9110821291155,75.66002339986044,0
53.217925181624224,75.9175582348471,75.67108465366132,0
45.87462869088286,75.91968849203863,75.68164632130669,1
46.38631306340444,75.91926379862997,75.69101963646152,1
48.276716074042426,75.91470052819912,75.69909494315095,1
46.29861379353895,75.90706172420748,75.70638510093822,1
51.44483779482139,75.90119200244922,75.71330882753391,1
55.02263186216653,75.90500029949189,75.72452017980534,0
49.291473928627056,75.90465560340184,75.7340993796949,0
44.821284099434855,75.90588264084627,75.74386815324188,1
45.78236765744002,75.90536168125574,75.75344148961632,1
40.90794703457551,75.9078151092157,75.76280827502667,0
41.67369880521281,75.91086119716067,75.77267587692906,0
36.109360902349565,75.91202035004903,75.78300681468279,0
46.985604827789174,75.91178841099023,75.79330280292193,0
46.77593052164072,75.90804260677257,75.80581557776172,0
49.70900089781381,75.90578028653462,75.81565592238452,0
54.84408875992841,75.89649364262964,75.8232602977662,0
52.97445797058908,75.88647172034236,75.82943521664832,0
56.729505464670275,75.87381176543113,75.83553331996282,0
40.80913329754536,75.86385004393287,75.83991375665867,0
28.78238091855596,75.85525914176279,75.84581905885257,1
29.853066320394717,75.8490142941861,75.84944640563609,0
33.35773088242716,75.84584033789272,75.85214907327318,1
46.77467505997434,75.84525600875916,75.85540434045711,1
33.21379209751514,75.8440005717508,75.85758145765725,1
42.457169091559315,75.84238801438872,75.86084596165182,0
34.22655022589878,75.83012727649552,75.86263650618656,0
41.98252654492902,75.82548250983731,75.86326885532654,0
49.4631202269534,75.8260763855034,75.86575065251091,0
49.33262991536588,75.82710809307181,75.8676734617487,0
45.574374807875905,75.82196940269999,75.86717232017035,0
41.416590760169825,75.81181873401293,75.86489493915485,1
43.812047234731715,75.80436070436102,75.86375691564504,0
48.29771050912925,75.79495287356622,75.8605017346549,0
46.04692424677252,75.78526695910675,75.8559331157213,0
44.55807962218378,75.7747817524603,75.84911855649452,1
50.67742700114811,75.76962784322532,75.84622097126861,0
44.45758394255406,75.7623377059221,75.84165842942097,0
46.247610383293654,75.75406791960935,75.83834615837512,0
42.36434077662645,75.75140068334743,75.83584759054064,0
47.0111306491151,75.74696163246513,75.83265308822592,1
37.27279732771483,75.74279235977845,75.82877509171585,1
28.495232900723224,75.73704761820485,75.82365620800998,1
34.993595107677336,75.73027039841539,75.81828555331714,0
36.939716252523276,75.72412902195049,75.81146723779393,0
53.18713242682747,75.71928058769873,75.80825050091813,0
44.35407102054075,75.71735538738136,75.80122080842088,0
50.02419273937756,75.71303477726913,75.79513449728812,0
44.05979481376663,75.69963944775495,75.78544510528292,0
45.44852806727866,75.68658513143815,75.77787466267777,0
31.856597391566126,75.67372708890248,75.76963986179251,0
31.45405813531714,75.66206458719765,75.76184537721846,1
33.160387242496626,75.64846704514324,75.75543821425036,0
31.401199424546817,75.63553787278997,75.74883667249124,1
26.563969259374872,75.61695832211835,75.73989175488566,1
38.52662921329473,75.60779559806049,75.73175999473901,1
40.40053739008733,75.59367796975656,75.72169203937449,1
37.7711748744594,75.58251015766953,75.71280025112806,1
44.64424885312451,75.57522604369993,75.70608351951658,0
41.948305616976576,75.57027733173769,75.7018138507334,0
43.54172079647143,75.56563403959049,75.69578066037585,0
34.31883870600791,75.55691053942321,75.68719482862087,0
42.02245465782375,75.55100829886894,75.67925138753795,0
41.41841752353987,75.54048882073181,75.66976571721376,0
49.44318075617632,75.53476118091423,75.66215466745061,0
50.69605629321731,75.52176854220542,75.65464580318644,0
47.88211067871964,75.50976516378694,75.6465294168838,0
43.76848229697488,75.49142677000705,75.637116517154,1
47.10968146491579,75.47460184772676,75.62576113820117,1
37.44202349695969,75.4597979282985,75.61625381642402,1
35.822522955366665,75.44685194750326,75.6062769840887,0
34.39199822188091,75.43580707450408,75.59656248934566,1
38.21106882176034,75.43009037380409,75.5891382286149,1
36.2633497702982,75.42652652396715,75.58134487857444,1
37.22045214833988,75.42986686939145,75.5742382739419,1
34.89980619308527,75.41888190023134,75.56235754907605,1
36.191239371377186,75.4098515540069,75.55358175037904,1
51.1548305535479,75.40984628002695,75.54654575920392,0
46.15476601203507,75.40531682954771,75.53777969713431,0
46.04433784982575,75.3953525517184,75.52911163419205,1
48.193616889406,75.38678256204113,75.5217059241123,0
47.88932991651285,75.37979580091502,75.5143856553817,1
54.34737805618503,75.3724974341854,75.50650607946771,0
59.49033469132464,75.37263068065786,75.50083684005044,0
57.62150966295846,75.36699794715875,75.49484706267141,0
56.99738383050449,75.36178328458584,75.48944641603666,0
49.93656455468608,75.35769227140462,75.48175518815552,0
45.69748291843052,75.35614192381878,75.47463820431265,1
40.909179877386634,75.35384057326306,75.46567019966265,1
48.8839032562887,75.35070842018197,75.45597691115785,1
42.94779159544378,75.3464195122414,75.4460601359992,1
33.90819898825305,75.3476750974082,75.43851558439755,1
41.250957148008034,75.34622679945703,75.43280990111577,1
51.00682969207061,75.34717138420177,75.428105272889,1
53.51490548001201,75.35050450307756,75.42478846639273,0
61.169551773701,75.36276602944167,75.41975172577322,0
55.04548948358938,75.36990251173795,75.41460060012167,0
54.36910423032419,75.37201355722625,75.41013727118676,0
59.05815244587822,75.3757425020807,75.40822091886461,0
55.995697769854345,75.37814829971224,75.40573690150168,0
52.29213297641225,75.37730424665133,75.40313678721185,0
49.3131979534917,75.37696628041455,75.40034633266846,0
47.406395247863436,75.36905828565992,75.39474257567437,0
50.1794714705325,75.35779432168425,75.38973941960815,0
47.94469946005237,75.34483182519568,75.38599646390233,0
40.273882319579364,75.33152353819403,75.37893759209008,0
35.08844778325374,75.31857218675779,75.37171287495602,0
26.73063718004653,75.3065670622978,75.36426096616395,0
19.99371460322824,75.29697393715881,75.3543693570462,0
28.13034005753329,75.29310273188908,75.34510707121841,0
26.784905924961265,75.28641145537954,75.33437110231483,0
16.765273587000806,75.27115775478688,75.32421447054303,0
17.412517970341014,75.25379708479144,75.31392541548479,0
18.244412723340687,75.23034569258654,75.30404802163089,0
18.603158621185884,75.20248095623381,75.29187637652056,0
18.884146530167357,75.17076307464939,75.27934953875082,0
24.8947555917334,75.1426969879224,75.26777332977586,0
23.758127135689776,75.11130346787031,75.25808795033207,0
27.716638978378455,75.079216178028,75.2500666509851,1
28.224582315243964,75.04915168151501,75.24147840278829,1
25.894271068608674,75.01959638883616,75.232234563745,1
25.958642300812272,74.99336257281338,75.22336853199218,1
34.525269302028576,74.97619918568083,75.21318610042508,1
34.806237930518165,74.96256533907453,75.2041549456511,1
47.21386725219912,74.95598760943695,75.19644475992054,1
57.7889411768427,74.95319935809218,75.19266457523442,0
60.081771515534534,74.9532439544295,75.18906983512505,0
56.80993513275151,74.95030384254741,75.18044399117214,1
56.53772914083056,74.94736442307048,75.1711883944553,1
65.14215775978525,74.94143571592427,75.16354033690074,1
63.0949381367628,74.9397382698828,75.15555338545148,1
63.526001483436794,74.94350414589951,75.14969780853683,0
66.52331492923628,74.94883793062965,75.14446161406248,0
72.70882771076091,74.95852541147798,75.13840591395892,0
70.45398236962441,74.96692902028732,75.13184880577198,0
71.53574830026379,74.97860008744395,75.12607625989408,0
62.950486164248886,74.98649408569909,75.11929405549365,0
52.3462993954387,74.991380325686,75.11218331107897,0
39.016797293679296,74.99078214163545,75.10484327833406,1
36.81350063014801,74.99232995945188,75.09812701849626,1
25.320733516889206,74.99078356167212,75.0899801835173,1
31.067764875765064,74.99090422675822,75.08066018373219,1
41.61610829495872,74.99219867085205,75.07157484898308,1
41.643577434145115,74.9903835684726,75.06143981935942,1
42.37262359687353,74.98539063774923,75.0503992137892,1
48.070857882629845,74.98348090539895,75.04095052561733,1
45.10844229168204,74.9796042244128,75.03295052019499,0
37.77232462129098,74.97668836322131,75.02231391357017,1
42.43822370344687,74.97628941732916,75.0114071605547,0
51.44039495382572,74.98019954703389,75.00436083582942,0
50.73938066685261,74.981183326624,74.99710501744056,0
48.42915504328664,74.97701415162066,74.98971695701927,0
57.856858960737426,74.97174802293208,74.98553750897136,0
56.33789510041988,74.96333383522382,74.98062171937475,0
62.74419975991178,74.95660226436192,74.97655698143849,0
54.84867347683102,74.94606226477484,74.9718917505264,0
41.35015388061732,74.93245107433327,74.96484561052384,0
34.534582857573,74.9168195422804,74.956284303072,1
41.367735744093714,74.91114190939228,74.95051046722746,1
34.62543344557788,74.9050375799938,74.94290095773813,1
28.69339494967143,74.89841167948785,74.93478027316061,1
35.79022542743327,74.89414379808846,74.92985460105282,1
40.108550161028056,74.88950146057714,74.92585659929736,1
37.30794825186876,74.88694941723892,74.92408130922037,1
38.975449835042575,74.88297682914705,74.9225975629545,0
42.088021314004116,74.87359859529785,74.92208473387672,1
40.031816197259296,74.86364970363944,74.9213316064818,1
46.3823216369129,74.86048505145706,74.92198654700488,1
46.311323502591634,74.8552827700182,74.92183379735076,1
47.964438986060834,74.84193911789552,74.92147581038161,1
58.00838610285449,74.83395940654286,74.92285022452324,1
68.67608355571555,74.83374331455691,74.92586925371667,0
63.80430928328661,74.83152493141434,74.92766780726474,0
65.91690631548386,74.83198896430528,74.92839116946706,0
79.30924329867813,74.83438546032481,74.92791612179363,0
74.3734822789257,74.8398012292037,74.92653249897101,0
63.509576214646444,74.84856632160702,74.92297455739487,0
49.639975973190055,74.85822709935805,74.91945360579625,1
48.5450653636246,74.86122121137377,74.91605318254878,0
44.90316592432771,74.86132177362167,74.9108553808171,1
45.74197608931498,74.86813397472818,74.90613855509878,1
44.67506803145497,74.87505281386117,74.9024740682375,1
48.672908731653806,74.87889028380587,74.89787754056785,1
47.79378290757653,74.87629247563513,74.89118813488324,1
48.68392675264866,74.87752024785881,74.88683405398311,1
43.131340809027726,74.88044172292282,74.88282138806827,1
46.55778575474217,74.88443366344656,74.88050743758077,1
39.676609504772664,74.88267378514544,74.87850393078865,1
45.99586773032684,74.88597245594221,74.87990992307347,1
52.82609077468835,74.89491394939961,74.88250940636071,1
56.24348065127748,74.9012201677926,74.88702486697143,1
66.34148481330038,74.90605889412261,74.89193112066243,0
74.1063211837822,74.91436382085492,74.89653386726589,0
78.0585951934845,74.9192604034098,74.89994190344194,1
76.7109813649718,74.92357571274734,74.90319015179287,1
73.4794703100431,74.92888424124007,74.90469383330746,1
63.9868275685781,74.93338334409341,74.9044862052671,1
72.67702626325392,74.94266464375154,74.90584411800833,1
73.20704380372912,74.95685695882915,74.90828019914878,1
71.06058348640687,74.97353711948287,74.90819040979669,1
70.53447751898106,74.99039042734947,74.90982139538895,1
78.87043022143722,75.00780468533688,74.91479028172397,0
72.37663423902099,75.02338953423383,74.91853414508854,0
69.67832514378213,75.04281403702757,74.92298021560474,0
66.40370988854505,75.05796443321341,74.9273789215237,1
58.534289174489686,75.07043089616045,74.93256884062252,1
54.24977255341518,75.08244255472607,74.94050402973791,1
59.34557586700075,75.09673572739612,74.95047040483495,1
62.95346517358078,75.10930197895664,74.95917395089921,1
62.93633227307511,75.1187134289669,74.96797974594995,1
75.33323828722374,75.13007658521741,74.97969082926325,1
79.03214672053782,75.14429890292107,74.99199316259548,1
79.13765921141899,75.15840836499811,75.00409662903428,1
81.32974126816569,75.17493638342431,75.0151366899161,1
81.69301012316944,75.19323178235602,75.02729213307646,1
75.00245776708977,75.21038562913938,75.03940864684407,1
77.54487603837049,75.23035491552321,75.0511682900206,1
77.9522244090244,75.25048455938216,75.06184392117838,1
84.67637860166447,75.2678080887423,75.07329032663841,1
93.52066529322016,75.2879580238503,75.0865979721786,1
94.27267244402321,75.31091545949565,75.10060381657007,0
92.87451416262869,75.3293605873843,75.11303719085495,1
72.4040202925057,75.3429556113326,75.12310641705585,1
77.20078797997107,75.36161124751649,75.13482912888922,1
71.87915145466853,75.38000856474261,75.14562816329082,1
67.75507918037097,75.40079039661796,75.15696450758821,1
66.65433713261294,75.42274360716382,75.17017494396062,1
69.98855509156562,75.44823368432493,75.1864730388217,1
73.24582208690201,75.47752526601329,75.20569557275502,1
72.84336623037403,75.50548490613275,75.22564499895438,1
76.19216116678788,75.53565210448383,75.24669808116552,1
75.64909629266148,75.56140467706457,75.26653390787683,1
79.83943619566409,75.59229366052026,75.28945797972003,0
80.24119112700654,75.62550937384746,75.31482344920103,0
77.57008279720053,75.65666164510485,75.33894869197488,0
74.07022996343477,75.68630350126645,75.36175335818152,0
71.15689098141016,75.70844708971778,75.3807736605291,0
68.49953358891898,75.73115257649927,75.40123543771989,0
73.58282625025116,75.75665646782589,75.42156393139189,0
74.52032307737998,75.78203194988562,75.441445172373,0
63.237307999920205,75.79643054628983,75.45868796796896,1
55.54390381154184,75.80732114886027,75.47354209275,1
51.805447538160216,75.82573829730924,75.48765620763758,1
57.92238760687901,75.8434301603821,75.50449703167814,0
54.59813102214067,75.86292520925588,75.52136796189423,1
57.00103552955648,75.88514685216235,75.53946955195713,0
45.34986342090594,75.90202669621955,75.55763228481106,1
41.927404291761626,75.9152731612241,75.57551644581072,1
41.64517247229475,75.92221470114299,75.59183866968057,1
48.572921195101536,75.93386737705615,75.60977710198368,0
56.5571569752985,75.94027242844174,75.62665088160243,0
59.742823893110646,75.95117583731897,75.64388236866968,0
55.20322041804549,75.95281164171865,75.66122682271396,0
48.25788654706799,75.94784720042419,75.67683671455967,0
53.55118148895707,75.94027458158699,75.69187275132431,0
56.537042728867874,75.93322466568029,75.70687086598944,0
56.113943240255225,75.93527816685722,75.72190790538156,0
44.96250026290541,75.93343239579418,75.73591410507913,0
41.79754385171551,75.92603471468628,75.74825702568374,0
40.68747771784079,75.91907065229712,75.7615880617051,0
33.80108212371006,75.90952226660104,75.77046624052241,0
31.6393165854369,75.90248850094855,75.776817931961,0
29.273529346588944,75.88996168947035,75.78027753742646,1
21.334921286388592,75.86939159212186,75.78227911515717,1
23.605847849573962,75.84972654866513,75.78396586841788,1
12.514970761546223,75.82612522940545,75.78576539206355,1
12.529895554193985,75.8047740444881,75.78739993639704,1
22.19606922515368,75.78638773169384,75.7898777147354,1
24.246639020793012,75.76879445473357,75.79223321607707,1
36.601820832801124,75.75305620061053,75.79581637268778,1
38.31232147780973,75.74111511090396,75.79873074216576,1
37.26422878341717,75.72114814315523,75.80059739097804,1
48.04790968147556,75.70797545798015,75.807234761373,1
45.68572795457831,75.69889877061293,75.81175172379825,1
66.16619915188478,75.69864954233744,75.81932914236224,1
67.06553056185624,75.69948204119528,75.82634752382037,1
76.07177367678136,75.70001618136503,75.83281693506204,1
83.34700344838465,75.70371413132017,75.83810628387722,1
81.60846344822039,75.70939044368227,75.84100309675132,1
85.10724526388118,75.71623232146885,75.84588702783954,0
89.22005595303088,75.73868689829915,75.85168015804854,0
73.8954495474242,75.75546559681099,75.85444229985957,0
75.38086804574806,75.77875673839216,75.85486276857525,0
67.45604150083346,75.80195283731493,75.85285650054416,0
55.07469367097807,75.81654085768861,75.8479175534514,1
59.983075142335004,75.83331722933043,75.84457088328915,1
55.989878928684334,75.85256215775493,75.8450459636119,1
57.20828022102903,75.87027809616839,75.84552792260305,1
52.28712077959936,75.8891621822823,75.84523550185963,1
56.36867364702872,75.90524214634905,75.84510045127315,1
53.084670438561666,75.91733271794635,75.84709161082837,1
52.51169062832177,75.93315046924859,75.85092911913337,1
55.44237328892201,75.94523251599745,75.85503244884826,0
55.69827313398215,75.96058790923225,75.85861482333831,0
49.00692445341571,75.97039754010716,75.86231807470276,0
58.78056258005998,75.98036426976566,75.86443449086168,0
54.972592448178354,75.98933633199717,75.86774078937309,0
53.31983111363127,75.99336491060397,75.86934298362918,0
74.65729138389358,76.00024506086692,75.87221524064088,0
61.2568685792826,75.99882879070738,75.87187159330001,0
60.70629207293564,75.99272087571931,75.87265953695956,0
57.916069517183,75.99384696278396,75.87151075004556,0
46.88661059636819,75.98778334220647,75.86885144877036,0
35.443878482973005,75.97990561224677,75.86567986527318,1
34.598621730480275,75.97731139875735,75.86273228031952,1
31.828988920565394,75.97210656164324,75.86012364167432,1
36.533639099390655,75.96981428163294,75.85886040952218,1
27.566191304054243,75.96512110786766,75.85820340743244,1
31.014140593716363,75.96095894828137,75.85920519529768,1
39.119226551083656,75.957983174313,75.8606654600795,1
44.473003020646296,75.9601015645535,75.86732333000936,1
49.09866063642914,75.96139824660386,75.8744930173955,1
42.59465128500389,75.95842809260485,75.88241901010207,1
51.32406745438984,75.95285758213772,75.89200121934465,1
46.25228629746761,75.94507020121821,75.90045553572398,1
53.74224940772116,75.94345115142494,75.91136485966949,1
64.2651890431124,75.94464142227524,75.92368774048794,1
74.14778755054847,75.95009829634357,75.93482720948907,1
81.70096615241907,75.95477567964642,75.94660773060603,1
84.84420682055793,75.96442770957199,75.95642019688461,1
78.77338782321691,75.97176932215896,75.96492122146157,1
80.86472056129942,75.9803728378075,75.97520062790646,1
77.49223926808529,75.99294870100177,75.98284074597899,1
79.07886779328884,76.01596291112902,75.99250552147961,0
70.69323714205089,76.03945231989886,75.99905339134409,0
72.28139714615122,76.06553591644574,76.0065451917745,0
71.69312551349292,76.08474390811232,76.0127515002211,0
64.65830982587605,76.1018702994436,76.01746587468182,0
58.29564910382994,76.11190044293429,76.02020919499847,1
52.33182273031938,76.11933718382264,76.02190740502101,0
45.01770887963003,76.12189233791885,76.02060550585722,1
49.668808310681115,76.12776639199254,76.0234133354681,0
49.1798068785085,76.13704348532005,76.02573370887322,0
49.0299132885924,76.14525600203106,76.02932248523109,0
44.488101082323695,76.15125750911216,76.0343421962934,0
44.908283582974626,76.15352170350481,76.03944664933924,0
43.30787383724588,76.1511294675687,76.04311466441344,0
28.01787591193154,76.14374458893488,76.04421380659566,0
32.60652914931504,76.1361068905365,76.04538561390771,0
26.184983148650247,76.1241024224146,76.04396430731082,0
23.571399647313058,76.10687416967576,76.04073780215332,0
32.25889866639106,76.09206200477428,76.03876524211674,0
35.478302186485124,76.07628829819994,76.03526305886,0
29.00669454139232,76.04932092759341,76.02799872882407,0
28.128533977501874,76.02155136424517,76.0195149209993,0
20.966118131624796,75.99004763684091,76.01041853860463,0
24.93892865782611,75.96439465934822,76.00277483116152,0
21.64852691314337,75.93612645561842,75.9945704926876,0
21.75958803953513,75.9092493610934,75.98381091508908,1
23.63375292576137,75.88408316515545,75.97600915480025,1
23.951815049943832,75.85917773023826,75.96718824766481,1
27.43106292646199,75.83166388283514,75.95854010348859,1
24.431641738175273,75.80140761858455,75.95118341942445,1
36.11524317984832,75.77681043889342,75.94808441588977,0
38.07382136826747,75.75260623327425,75.94446013010015,1
33.52869309318787,75.72747489172502,75.94159398137195,1
41.543327028924914,75.70890676768565,75.93875165883452,0
45.784699932715064,75.6935606079891,75.93558960664424,1
46.509800899036954,75.67462486883848,75.93085198213055,1
52.12476269480188,75.66183401525589,75.92550464368797,1
51.61542466685042,75.65842949564316,75.92006897458919,1
55.24151236985489,75.64866741889293,75.91367291103238,1
66.47862749983528,75.64503626024967,75.90990632591793,1
63.768559525397805,75.6468492772933,75.90559540688632,1
67.85235721121859,75.65311994501451,75.90273481851781,1
71.02785015678046,75.66608854443105,75.89947349580707,1
75.39827342340251,75.67792830126463,75.89608958275727,1
70.90652773086131,75.69480003059024,75.89245118638627,1
75.08160945795572,75.71367926124961,75.88737234773035,1
79.79672695155533,75.73782793110607,75.88536924341388,1
72.10623059193513,75.76093605640082,75.88285494136156,1
75.07339304101947,75.78432267089376,75.8801200367231,1
80.9117941160423,75.8107445550507,75.87830176104404,1
80.57406459305491,75.83275205072091,75.87480007172653,1
82.29923787788795,75.86514469862803,75.87473708159183,1
87.8325107461049,75.89682933387161,75.8741113483423,1
85.37983708858447,75.92367609600225,75.8743245339905,1
87.1931342137746,75.9563944124329,75.87739925183996,1
85.63133958820549,75.99097881695192,75.8824833317376,1
84.85281909070233,76.02591718253987,75.88813664317487,0
84.03461081259512,76.05840895034467,75.89467561955952,0
85.31897012978439,76.09613814112706,75.90102161068617,0
91.18470054434569,76.13165680775617,75.90775165489238,0
84.6289533077345,76.1657871312559,75.91380785857626,0
75.92420703696679,76.19273939691378,75.91932757363847,0
64.3741239130978,76.21006740794228,75.92209177758205,0
53.875294077119754,76.21945198640041,75.92341859028996,0
51.437854319104865,76.22855960649024,75.92637719340841,0
33.884045503586336,76.23254956575227,75.92594941781667,1
33.21993821337102,76.2278207813983,75.92685658700735,1
34.15418382219951,76.22589859464735,75.93046471135018,1
30.38206368274473,76.22561214540588,75.93354009297573,1
33.495701467613955,76.22530851086023,75.93790984610814,1
33.6166240177004,76.22605377442693,75.94549321045993,0
34.74862428990363,76.2215757990926,75.9547468555308,0
28.900173370009966,76.21596742683161,75.96447926433858,0
24.17564667279902,76.21032624079672,75.9726971665699,0
23.28093479348061,76.19735652207922,75.98189127842427,0
29.08445730199894,76.18549571844282,75.99298187467738,0
29.352709773362477,76.16614156863787,76.00096000456784,1
42.868139830406804,76.14943505119268,76.01077854794129,0
39.31629632276769,76.12700469212106,76.01915793440054,0
51.67459366960339,76.10282320079173,76.02831788777526,1
54.50590786478716,76.08085224081154,76.0354245793435,1
59.47068535400095,76.06805421968845,76.04550676820415,1
46.34157550753486,76.05525127405151,76.05320233051265,1
42.16037448722895,76.04706791369483,76.05868304869362,1
40.060557400616105,76.0408335140885,76.06528635584816,1
47.305814348133566,76.04708398560533,76.0749330645234,1
48.55720758440861,76.05370249517281,76.08360397897412,1
46.45110907684221,76.05810552313808,76.09033512234816,1
58.36662693261091,76.06607814244995,76.10050438239854,1
60.20942327045128,76.0749632495068,76.109880641811,0
71.93250916109328,76.08529479545965,76.12087141772648,0
62.88964182695016,76.09067478625364,76.12976879202647,0
69.2391894748303,76.09862996389708,76.13749583212498,0
63.299486087257954,76.10360359780587,76.1429672851864,1
56.75412002454838,76.10719271814392,76.14684835344573,1
54.944553489095995,76.11186035657246,76.15225431280652,1
64.43223801086447,76.1233328092831,76.15516195583866,1
63.64973153038512,76.1300945568973,76.15844194813987,1
65.97014889654159,76.14413171112614,76.16308155049349,1
59.24864429393138,76.15657550744267,76.16665026873203,0
58.1697995084063,76.16721850102594,76.16921115946552,0
60.83901259000524,76.17421428663324,76.16913460340623,0
51.76162188420903,76.18558283211595,76.16870372981037,1
53.877096538787086,76.20183647407741,76.1699471999237,0
42.49617905898136,76.21324112110196,76.1680250393158,0
44.42630651426129,76.21701870297812,76.16534901893388,0
36.78881630450919,76.21728549872984,76.1601513054501,1
50.582011993415065,76.2250999589544,76.15701152579204,1
55.285713560309425,76.22575221050302,76.15235001014892,0
48.90121464689777,76.22161567253264,76.14586418772157,1
44.331794030662074,76.21241242263804,76.13952153427933,0
50.72737586180737,76.2094871298675,76.13646788520795,0
46.92455944386353,76.20699555245037,76.13626708992823,0
45.973693337512806,76.20605466372197,76.13760835611502,0
45.395875216969316,76.20787273806805,76.13857360607687,1
39.899855465868406,76.20348590700065,76.14062884930586,1
41.45229120935345,76.19753459566724,76.14304748154625,0
41.46754189238979,76.19695764807145,76.14686556950952,0
43.18237354330026,76.19024191597019,76.14893345871921,1
49.40834637633033,76.18658876524177,76.15116237048466,1
52.29429731410753,76.18198562917249,76.15158390136374,1
37.031777881818954,76.17415684754232,76.15016702278612,1
42.517452772882194,76.1691394601597,76.1499725431416,1
57.005168574709785,76.16738065118662,76.15276896407966,1
60.36715316593764,76.17045760950657,76.15726547428672,1
55.21847154017657,76.17457129804872,76.16097925077624,1
50.79134461119,76.18124831179782,76.16619400271408,1
60.72449722108296,76.1880137977734,76.17244302442434,1
63.67434803024311,76.19670644254137,76.18023071031705,1
67.4324416334278,76.2054016851001,76.18689558144493,1
66.67844555624222,76.21478210064674,76.19309347821341,1
63.29403666742983,76.22223256385703,76.19813922287537,1
68.50161463298247,76.2290925979391,76.20580361948326,1
70.96542437276347,76.24232815138807,76.21571245119232,1
77.52669392207369,76.26068593938871,76.22651457619695,1
85.59780707634754,76.28408304979234,76.23542847498067,1
84.31740751015592,76.30693086533243,76.24433882961009,1
80.71184230023482,76.32708624968637,76.25445786012882,1
73.71280852677438,76.34715125575754,76.26136270404226,1
79.90209425191932,76.36828094524996,76.26848944878192,1
81.19441776101824,76.39056059194043,76.27369021995604,1
77.66318362360852,76.41767995366855,76.28096908975208,1
81.18988761107839,76.44798287769457,76.28971370866061,0
89.50011301422653,76.47282815249386,76.30045878595486,0
90.39824877258042,76.49672379648652,76.31307790562377,0
85.07233513706001,76.5202937208119,76.32435259647201,0
83.52218300126701,76.54468966514997,76.33473674506082,0
69.29591665338458,76.55977302903014,76.34431441327747,1
66.33723264969288,76.57555405481737,76.35279964779353,0
50.92336045545234,76.58713203205316,76.35911819128913,1
55.628558170021414,76.60186705466234,76.36695289966796,0
56.999549801185545,76.61818843678616,76.37572888293654,0
60.74636969389533,76.63337779651832,76.3849216052442,0
53.61031611786992,76.64231075011037,76.3919021616055,1
54.640358988973176,76.64728937626725,76.40013387826306,1
43.8300014160531,76.646226168296,76.40711146110783,1
38.888799315885606,76.64781282125782,76.41654975862129,1
34.761700186098125,76.64768489762216,76.42349183559594,1
42.35997451233183,76.65406355574272,76.43268724213813,0
46.448937491415556,76.65864294362906,76.44330035722051,0
47.899990595802365,76.66455574810209,76.45454755014167,0
55.20724454694965,76.67019477884534,76.46525214934323,0
47.97541000689462,76.66758668996118,76.47395016366494,0
56.87375014175365,76.66189883835743,76.48279645580904,0
52.50371717528118,76.65591020596507,76.49229289278259,1
46.01948778918837,76.65058249412212,76.50319123132061,1
42.179742440334756,76.64372764858487,76.51321396622788,1
43.496754341171474,76.63949305196667,76.52132857483555,1
43.89338777076806,76.63375818230882,76.530206154329,1
68.04015370484942,76.64167534229315,76.54115282210968,1
62.06757405677533,76.64562695520462,76.55240943008081,1
58.369208210758295,76.6452573501997,76.56416908399949,1
48.462771186902934,76.64411830570961,76.57491314346419,1
55.29552307794374,76.64922061199024,76.58463814592696,1
61.478995750277626,76.65920495691327,76.59563281722575,1
66.78929594659165,76.68061977151334,76.60953085049367,0
73.2790561109613,76.69969950903801,76.62393023751736,0
78.04278044521148,76.72125682366077,76.63678904595088,0
70.61644666691258,76.73493721213825,76.64797954997688,0
70.29663682106496,76.74632767777791,76.65967075429162,0
67.13815469500304,76.75357877112143,76.67006621833154,1
69.95520084489684,76.76105455412832,76.68078094545174,0
69.94156615789942,76.7716413574766,76.69096966747993,0
63.75470617131064,76.7843066957967,76.6995878735725,0
60.63471224064613,76.79396248732037,76.70560351195525,0
67.50984886334912,76.80716155298057,76.7124226325959,0
55.883923743175274,76.81473082585896,76.71633395043848,0
49.11233546992411,76.82239159759054,76.71945071399723,0
40.89820595608253,76.82958987472946,76.72318160191777,1
21.95872102998605,76.82347911555213,76.72323209023055,1
24.292607807649404,76.81954404317096,76.72400281057303,1
19.157632351877325,76.8171558689896,76.72395945012791,1
25.82851861719918,76.8169560139484,76.72250239796571,1
39.56562981288569,76.81828564468114,76.72282114280186,1
45.54937881115069,76.81578010572615,76.7232553409216,1
47.98576080288367,76.81026782109117,76.72552049060538,0
53.577983070891904,76.8088153503454,76.72958051159553,0
54.54701852092703,76.8069016387814,76.73564048985139,0
54.459672931891625,76.80555604053447,76.73998034426373,0
45.02113072150472,76.80025526534843,76.74492004760972,1
56.19231001969837,76.79953429899601,76.74913311606501,0
55.47856243742061,76.79612826055094,76.75195687495766,0
60.380061619570114,76.79654995580732,76.75623853119554,0
68.59967221340054,76.79481495957204,76.76058955735716,0
67.4123686823404,76.79563791761555,76.76494292849458,0
61.84632606108593,76.79028351851909,76.77004557268513,0
58.21346015044174,76.79126972704788,76.7737167127545,1
45.25883240040953,76.79013546407684,76.7764309405791,1
40.237789265549566,76.78671655993972,76.77624280359657,1
34.37647588022398,76.78933513342922,76.77550896615061,1
22.64018147339216,76.78891603320183,76.77374692461292,1
36.817209208575186,76.79709430419054,76.77471926026598,1
44.119714700412835,76.8061206058795,76.77791596433303,1
56.16320429421137,76.81234530963367,76.78299973131236,1
54.06318319605573,76.81723191368758,76.78778402401059,1
56.58977708595691,76.81945489075761,76.79306944925958,1
48.27931432277414,76.81610918763666,76.79853312721625,1
61.760052357386684,76.81932695114546,76.80757404952291,1
61.267138914216126,76.82487414445455,76.81642672912203,1
64.26224942779265,76.83360441268827,76.82169167576778,1
62.0085696616986,76.83886294024717,76.82642751008203,1
68.3992901128949,76.84638368337642,76.83240740822833,1
77.20836461395564,76.85433566113124,76.84032547336419,1
79.47753403730935,76.86710012969252,76.84774136443806,1
78.53161643430104,76.87757626984475,76.85229145366718,1
67.8745033045754,76.88920730754867,76.85348058709927,1
69.03485464371323,76.90573583733365,76.85613124407277,1
71.57534937803227,76.93164450081801,76.860586011442,0
71.37682704323231,76.95971721051721,76.86615480294816,0
73.70079808470611,76.99168066932592,76.8736501627698,0
68.46008615050928,77.02097445462685,76.88070519801511,0
57.53952263036986,77.03959784400276,76.88613657621575,1
53.77123632697782,77.05253877458532,76.89027493117652,1
57.565444804050536,77.06341622096248,76.89464354137867,1
60.1067980782824,77.07408271840465,76.89983211644432,0
59.808085680747794,77.08515833230258,76.90426816098837,1
59.17733876463718,77.10131758181112,76.91316782959711,1
52.40640291143521,77.10738256927041,76.92157043819486,1
56.207711043240934,77.11407306860899,76.93022000667382,1
53.62952039696756,77.11849614391863,76.93969848711437,1
53.31607230191293,77.1288301928801,76.95014196996569,0
49.077278010184514,77.14151695451713,76.96215184243935,0
51.34323226130918,77.15094452467876,76.97392087765633,0
46.15020006887922,77.1573911970143,76.98338358537133,1
50.93758641999589,77.164597321076,76.99181833980711,1
48.064960075418725,77.16990233875299,76.997334394164,1
55.149648127962564,77.17230858149108,77.00152853653104,1
56.78774067423907,77.17056305236312,77.00605057687469,1
65.43950133580825,77.17550579068259,77.0141347030074,1
62.46231636554882,77.17550276587221,77.02374916297931,1
59.0655681132404,77.18086532654655,77.03323760903533,1
66.76942458632183,77.19227970267045,77.04459715306355,0
69.6894229694581,77.21035268599357,77.05579602325102,0
74.0892098983167,77.22522641207415,77.06680812237953,0
69.19796715674515,77.23978784863252,77.07749208885109,1
62.05631462545298,77.25198948220077,77.08895054646104,1
55.32501364527056,77.25763887764772,77.09971548983704,1
60.486733002852844,77.26985803363118,77.1134594660166,1
63.438933323197666,77.28198126450259,77.12832588849898,0
71.85297898753869,77.29800177374332,77.14316514324001,1
71.6911163860396,77.31119953625932,77.15905537118869,1
69.53052639521525,77.32117882831896,77.17178565209072,0
59.125846306380865,77.32935599037049,77.18321503145273,0
56.31544248519002,77.33480546245184,77.1923676464986,1
62.57353045227707,77.34667411433645,77.20359522006666,0
53.470368050335296,77.36108428082386,77.2139861501905,1
41.037967604713025,77.3716712888211,77.22375337700483,1
43.91149776074992,77.37967478226277,77.2301897093216,1
57.764776832002106,77.38811936829178,77.23943279254229,1
56.03396338043038,77.39523528076765,77.24840151021107,0
64.43314221636248,77.40371439479398,77.25917819085404,0
56.41426781299929,77.40798238311531,77.26923663295912,0
57.329061976201636,77.4094648304678,77.27784769098565,0
61.9076576642926,77.41573432852954,77.28626180191434,0
51.370470564846364,77.41753818593756,77.2934768552882,1
47.264843932418984,77.41819227234933,77.30054453238131,1
51.91665931135215,77.42444745016665,77.30720013497024,1
55.63972608290211,77.42645099719579,77.31138206456771,1
49.934298112941946,77.42891672308392,77.31600569352565,1
55.94877295010232,77.43381683158594,77.32001960814404,1
56.159354578365416,77.43519338199593,77.32474294213631,1
60.54054961782515,77.43967302352817,77.3318157239009,1
55.400119780382106,77.44737922614546,77.34115121207678,1
61.20670429385693,77.45818194270672,77.3502739351963,1
60.21656249022221,77.46559115108083,77.36019859313713,1
66.13680244725917,77.4783844647069,77.37127660315224,1
61.68333215072829,77.49221362806446,77.38011179550617,1
60.730332578006575,77.50834638459136,77.39057523544997,1
77.26869996647322,77.52322129811175,77.40309208434338,1
85.47097612174896,77.5426355974628,77.41805729162874,1
82.08640113757359,77.55915901770307,77.43130972078323,1
85.48549858498639,77.58366777389035,77.44609696070842,1
85.51070961670597,77.60813768973443,77.46072495700791,1
86.31949870853016,77.63411287212004,77.47695047195663,0
89.65778866388392,77.66410209317019,77.49327876412588,1
89.67572452654478,77.7002007899758,77.51266391287044,1
84.76119875056966,77.73178154116317,77.53098931883909,1
84.87336724672993,77.76407035767052,77.54878498669066,1
79.95917620333866,77.79380823599327,77.56332667164993,1
81.136724628896,77.82728119168448,77.58073097846894,0
83.57582521237302,77.86281943076273,77.59752458382277,0
75.45231125767734,77.8916262103993,77.61155432699243,1
71.81974873120667,77.91818774414814,77.62428523533862,1
71.56051619635281,77.94568786221997,77.63845851525461,0
72.85325876088615,77.97165204884509,77.65294427322216,0
59.72711523023587,77.9914578591574,77.66706395393489,0
62.94407660308405,78.01634883953359,77.68359578026052,0
62.435777642201394,78.04312282344793,77.69988115137667,0
55.58588061740461,78.05932099290526,77.71402797570447,1
46.84769788496682,78.07078622076133,77.72717107043594,1
48.55540729297672,78.08244596804235,77.73980829349644,1
44.639022434136145,78.08522666503829,77.75171609539615,1
49.86742668753045,78.08892912239322,77.764554209817,1
49.577474162799575,78.09401384621314,77.78063382546115,0
48.846388246462745,78.09922380083201,77.7942986387241,1
60.771259216283376,78.10603046987936,77.81064238849264,0
53.434776920507225,78.10995151908705,77.82630141094546,0
53.13559367127123,78.11428764650634,77.84263013238808,0
50.842376167023986,78.11865926289347,77.8555426294906,0
55.89261700111348,78.11858356512869,77.87007029221336,0
45.27368791854778,78.11371034912875,77.88152296555668,1
35.91419484399414,78.10828793298869,77.89167654694178,1
43.14059322168485,78.10405116922006,77.90211977083952,1
44.01974899362215,78.09617125804785,77.91063328706194,1
43.43672755915979,78.08736694689256,77.92087577760417,1
52.74156565217929,78.08683249223044,77.93452004188732,0
51.35643048468506,78.08348698867712,77.9472115956647,0
47.64619827428821,78.07902028808961,77.96090886773422,0
46.22500603416277,78.0773338586214,77.97339482991946,0
34.420803650864684,78.07420026913042,77.98332444545373,0
38.7490932246353,78.07131254905434,77.9942559603198,0
31.665175414693522,78.06543521693649,78.00202097275947,1
31.40148296253379,78.05574031101297,78.00789864376402,0
30.01889375930196,78.04103921426113,78.01377673408291,0
34.81866891880597,78.02718228963417,78.01893509414543,0
41.92934683345758,78.00943630395844,78.02306312419324,0
42.690643071851916,77.99815307379666,78.02867718923834,0
40.293596154397264,77.98171998685729,78.03197957329445,0
37.96269913802906,77.96421424485422,78.03193980818759,0
20.108479067840605,77.93844384787448,78.02839359237802,1
18.468189075099573,77.91701165384471,78.02466402001335,1
17.22075648754094,77.90187883967579,78.01896097325596,1
28.770090401171004,77.8898991655269,78.01482436115651,1
33.67351683140119,77.88047720859213,78.00917902165078,0
41.52421717082389,77.87633723127115,78.00576983284455,0
49.31462211031775,77.86766359052129,78.00150516210552,0
53.21037735616994,77.85889514454148,77.99805703701603,0
49.09830690159702,77.84540646212172,77.9934433095147,0
40.44510852242059,77.82686913031148,77.98661918764675,1
44.27912127945264,77.81632189829978,77.97894072809986,1
41.57104097796136,77.80586093372695,77.9714725615055,1
51.31812225162374,77.80436817232732,77.96711775753067,1
51.28769927630316,77.80209487327481,77.96146149541468,1
68.08895265202277,77.80664741699738,77.95816055599389,0
68.69340013369117,77.81077077771276,77.9545825856925,0
63.47221338673285,77.81169481852545,77.95115790794046,0
57.91958660306635,77.81007995896604,77.94616963701131,0
57.85164601440727,77.81272103679565,77.93981885863356,0
52.1853756374309,77.81807608574547,77.93544184532367,0
48.09181150269802,77.82859827076894,77.93151841238105,0
40.85645938449442,77.83465864581282,77.92554909112152,0
40.25184436477202,77.83593021414046,77.91924239289682,0
54.00800681724993,77.83590649845044,77.91361531157939,0
44.82918448326199,77.83255482232119,77.904595412094,0
39.08399879358481,77.81959553658366,77.8939185271452,0
29.122379512565686,77.80216573150476,77.87995926675569,0
31.256498307972805,77.78412624680122,77.86772692810169,0
12.337487033003313,77.76563707065017,77.85398307917222,1
12.301615134130643,77.75370126956543,77.84063599031552,1
12.17935246129808,77.73548839259459,77.82570265908622,1
20.438141506458862,77.72056919622543,77.81421610034417,1
22.674359499155372,77.70285000187882,77.80494258508674,1
35.4927826158539,77.69496996676125,77.79782901443116,0
35.8519856560265,77.678338252632,77.79102735382754,1
40.463731541250276,77.66159780940895,77.78427493069907,1
48.90040788668596,77.65069034095258,77.77670104742933,0
45.86703894929984,77.64166635886252,77.76944138508547,0
45.62517231747811,77.62918608022419,77.75988517548738,0
56.039088261663956,77.61865210990865,77.75196914583857,0
63.87145585547115,77.61095565585008,77.74622056706893,0
54.38066184074686,77.60330023818548,77.73834416677398,1
54.89323777123345,77.59612438793754,77.73151806129724,1
57.01216896505235,77.58619837364073,77.7257985366305,1
66.02708941586275,77.58349754601738,77.72157874479649,0
65.12402416042946,77.58829856720928,77.71836503817526,0
60.520875394804,77.59462193489927,77.71403351913203,0
47.725964456657245,77.59902082621092,77.7080740290674,0
53.37655695055411,77.60825104005511,77.70459550045136,0
44.41330174582707,77.61081788328717,77.69927744568871,0
36.19860735972791,77.61335480219682,77.69566704081515,1
41.04102864589196,77.61713309203734,77.69426467562121,0
45.44870770004522,77.6203107543,77.6923153509364,0
40.440088248156506,77.61425246533666,77.68757033435507,0
35.18936344602665,77.60565366822314,77.68109793767994,1
44.37502287828744,77.60054171516006,77.67395672425464,1
47.09346582685606,77.59199540170343,77.66643377190218,0
45.43172390837022,77.5815559570095,77.65850571007267,0
40.191920567596235,77.57520117272338,77.65180305972804,0
37.1887149094609,77.56762827784334,77.64827280485132,0
39.79773028919845,77.55909571774654,77.64333009484763,0
37.530985653391355,77.55202999372258,77.63681179077226,1
29.505808654404817,77.54380660517253,77.62729343443533,1
42.82885548127389,77.53730978511508,77.6198845013666,1
50.151384368664075,77.52805547892515,77.6101419695676,1
43.795474501045,77.51781675201876,77.60118342789765,1
38.71928295967868,77.50751303203198,77.59236080453464,1
47.84991476388508,77.50178017945032,77.58475411726111,0
53.13723600118946,77.49242060154418,77.57647532635077,1
55.85107132625138,77.49462744458302,77.56989798922372,0
50.63191574787794,77.49702124486156,77.56303623045221,1
48.899679005496786,77.49341722162897,77.55776810594767,1
45.865157922508146,77.48842295248774,77.55331244627533,1
49.78790579032572,77.48840863547971,77.54857118916676,0
49.13004730847838,77.49201144926658,77.5448805884581,0
57.41673449133451,77.49312870035267,77.54336998976223,0
62.30209907952591,77.49279057374315,77.54268370879753,0
59.70921361599477,77.49396165069682,77.54243987163092,1
55.58313412631595,77.49375398614987,77.54304982592792,1
46.78463763254283,77.49060491491721,77.54303426299204,1
52.10912492710772,77.48757767318503,77.54416580708381,1
47.04552949168406,77.48912237972873,77.54423306417355,1
65.26894307300967,77.50113526370373,77.5466075391653,0
53.2756294765427,77.50893429750751,77.54547023366511,0
52.587701499945794,77.51239683277228,77.54376540162372,0
58.46962895068883,77.5155406198197,77.54276055206195,0
52.15056787277422,77.51742322539653,77.53905395831221,0
40.112066741809784,77.51360960051667,77.53353141392277,0
34.14800505189646,77.50649751858192,77.52739990169387,0
31.303333893127004,77.49295416952124,77.51961881306876,0
30.242521971924177,77.47940944025322,77.51041774421347,0
25.260633563373773,77.46353013477041,77.50186006458165,0
24.87516821113759,77.44734773907297,77.49380178672949,0
21.932503334222616,77.42124428901998,77.48258955531847,1
24.003868874580334,77.39676461950012,77.4701874178512,0
22.24004210705597,77.37045280293651,77.45623168405312,1
6.356065101818416,77.34409321345535,77.44247222021995,1
11.208611854653057,77.3187098283257,77.43031547247682,1
14.85388938559882,77.29469104781045,77.41762582903006,1
12.081550167617294,77.27116280998325,77.40717223367047,1
16.602341746224994,77.24863179318649,77.39827660347967,1
28.94272465380044,77.23040833759939,77.38954316239838,0
30.02686794836842,77.20177428987327,77.37919295339461,0
36.66282062386603,77.17736108421641,77.37071368121701,0
35.542867644239124,77.15212072224406,77.36235222323208,1
45.90919370839346,77.12963841004483,77.35439923001586,0
44.16941848889975,77.10803974540416,77.3454716957925,1
50.929303255376745,77.08745430431176,77.33589075284368,1
53.8051228441523,77.07485842059023,77.3272628008406,0
59.364260587317894,77.06688354899146,77.319320921528,0
57.988441246716405,77.0591317551637,77.31043215918034,0
56.26650671096535,77.05573566992595,77.30334233506298,0
51.39429525488159,77.05092325017253,77.29664844472948,0
47.438033420511864,77.0484993912689,77.28706539778,0
46.310573014767996,77.04514322939687,77.2770225180399,0
37.28563084460662,77.04240521445817,77.26606706902889,1
37.518281225494796,77.03801914402962,77.25467466501902,1
40.49267882662799,77.0358403725981,77.24393954973593,0
41.21753945976971,77.02970952009606,77.23254139645081,1
35.32155843590348,77.02596209197726,77.21970609262817,1
44.22950459208171,77.0241470829508,77.20912693871537,1
46.38066558673965,77.01676871480757,77.19888375966984,1
36.56774997550221,77.01025165486311,77.18792443434477,1
33.67644449410574,77.00232688005642,77.17628097904769,1
39.511554772080366,76.9992362547973,77.16524214544437,1
44.11095532278817,76.99522180303615,77.15523647108925,1
56.463381935297164,76.99917201330545,77.14802427161743,0
62.94955907507932,77.00402298649395,77.13991528716254,0
62.975671138588936,77.00593620959083,77.132135690217,0
57.64346491805446,77.0017102452819,77.12376305367387,0
65.50425387451254,77.00163309729683,77.11605432882504,0
61.39691890897248,77.00172971173693,77.10838526786628,0
66.58330005493019,77.00346407685234,77.09757996998893,0
61.5536862128483,77.00819900465751,77.08677128064,0
54.07220450949837,77.0112775332847,77.07657479824485,0
57.01463352262423,77.01618145077906,77.06632340141263,0
55.47709577049584,77.02101903474036,77.05611298875655,0
51.97147685380802,77.02089632013494,77.04685423758325,0
49.40090311248075,77.0236317361774,77.03939508348898,0
35.81894156504286,77.02118720962216,77.03099930866853,0
16.18044888502358,77.0121874020894,77.02223812344984,0
15.78726140509849,77.00194886410674,77.01425125140436,0
27.785284182539627,76.9987885093274,77.00850074244653,0
29.124769642134694,76.99215868098719,77.00464673583457,0
23.40699749229033,76.98395466269979,77.00011816272422,0
19.326581499291706,76.96985530823189,76.99499747320742,0
18.177180602646416,76.94760379844905,76.9894285056149,0
16.805900142689026,76.9223448406097,76.98136929207614,1
22.316735258382977,76.8985362784476,76.97367378247185,1
18.403854451445582,76.87457942755142,76.96512970070116,1
25.925758016522167,76.85134725303665,76.95714051276512,1
29.37451830352353,76.82898287935427,76.94781508456823,1
29.10107390119846,76.80693835611117,76.93964559648408,1
38.5448376613734,76.78968224386719,76.9316997445003,1
55.24297252470716,76.78303284261727,76.92893964639414,1
59.476262684748434,76.77712425814677,76.92531774065341,1
49.62324734885875,76.77074711618921,76.92119593707059,1
58.00614865333429,76.76989588654743,76.91983087047751,1
58.79610537390763,76.76956618552117,76.91727818946137,1
68.63207969096692,76.78047772946994,76.91643698085993,1
69.8720035197354,76.79306035179034,76.91580956210049,1
79.36600867501352,76.81162350014174,76.91660638349067,1
78.37939411311605,76.82536770327738,76.91827852368847,1
88.89407730707296,76.849871065423,76.92519540549621,1
86.50135387878579,76.87367521902017,76.93153095857355,1
88.49845549971039,76.90996527414491,76.94202149708211,1
89.16481121230277,76.95000110074682,76.95422128830178,1
89.11327478656021,76.99708150930299,76.96586574675808,1
88.18157819346575,77.04738531416129,76.98074410009792,1
83.58432097451286,77.0993048715129,76.9944668125154,1
90.29601320120565,77.15145498890887,77.00806367514834,1
87.57958180706306,77.20126140329839,77.02161215996455,1
87.55193281950449,77.25176838657998,77.03625228917083,1
85.61971835499833,77.2996503041238,77.05062911412728,0
89.55339626818456,77.33977780232422,77.06515626540492,0
88.92221422080706,77.38008435741614,77.07926276240539,0
84.94264036419824,77.42204777561129,77.0903462419929,1
81.27812119208113,77.45981892847372,77.10214924726942,0
67.8139734717966,77.48976860926096,77.11081114932944,1
61.61561396405354,77.51628706491111,77.1222677087116,1
65.75246790528882,77.54962849876824,77.13500772268907,0
63.71301993522353,77.57960926675476,77.14775820549781,0
48.66738909801419,77.60459987542887,77.15873284311908,1
55.71019383955921,77.62369239780114,77.17139276275365,1
47.687201500160434,77.64128299982045,77.18353314518784,1
49.916124100877,77.6501494941286,77.19560871442192,1
52.33303949152058,77.65978250984233,77.20972667834256,1
54.248580656193404,77.66848766622715,77.22490228519497,1
56.18377732147753,77.67527662090555,77.24140205398919,1
54.74168543605992,77.684967219492,77.25997881646333,1
58.237124012664516,77.69218789177388,77.28006387102214,0
60.39450283557179,77.70261180374087,77.3018773358182,0
74.60240652775676,77.71234399887945,77.32167448499166,0
66.38362716504943,77.71967658938894,77.34163627748796,0
61.21545454411396,77.72663768150672,77.3622294729277,0
52.713950626351654,77.72843755458231,77.38269566094557,0
63.453420833598855,77.73177381436923,77.404014248361,0
49.34183590598162,77.73043886486093,77.42538685696991,1
50.64444244043013,77.73462907108319,77.44524826638367,1
46.40204487861944,77.73415229926344,77.46609685739641,1
36.76110355839007,77.7253584815732,77.48461221410368,1
40.603342317532515,77.71938725092102,77.5039199541245,1
40.180085094922745,77.72156848416728,77.52458489434153,1
47.032291474155436,77.72552689113341,77.54573062166016,1
45.2656731559232,77.73127359851638,77.56282944754749,0
39.20480968268679,77.73510580852601,77.57880133457361,0
44.06384286280524,77.73930742809974,77.59715080310677,0
47.790335666667715,77.74221004996556,77.61382795056223,0
46.02781538221617,77.74213523424609,77.63042967347917,0
40.19786673037467,77.73369778702293,77.64126683948454,1
44.29256234380144,77.72707066597594,77.65366799669637,1
52.93646671599654,77.72008891714287,77.66526350261866,1
55.69593498510997,77.71331265808608,77.67685246691514,0
61.668751570004055,77.71121499277565,77.68617384842902,1
69.67216696386315,77.7095823819986,77.69659233811906,1
61.525530700467534,77.70929527541404,77.70242766145321,1
55.83611881567651,77.70857621155598,77.70744429268466,1
43.06415267004746,77.70900747622453,77.71015724373854,1
51.99991967446901,77.71570858261435,77.71257757376492,1
58.45483674503497,77.72704484397815,77.71719284638252,0
50.93767936589351,77.73890201932677,77.71959102627083,1
53.075291791423744,77.74926996796064,77.7231233799894,1
53.71340803038347,77.75734344190803,77.72681491647275,1
64.13497536850437,77.75919662139728,77.72954914856955,1
61.60126455861846,77.76202096073175,77.7317267109105,1
62.58846348687766,77.76886602766652,77.73431400267377,1
66.10764184832074,77.77614039398085,77.7387878504546,1
70.54745672279657,77.79029024090275,77.74601647553384,0
69.20409889434964,77.80435021082823,77.75626231410607,0
72.17775064842758,77.825574808706,77.76498193700249,0
75.04539055807874,77.84620505868213,77.77229862066193,0
81.11366034149066,77.86432460524965,77.7791496380166,0
73.03231256530395,77.88063466997558,77.78726638473381,0
62.860025756882365,77.89151878391525,77.79330440287467,0
49.00415170567036,77.88985322621633,77.79602042867742,0
49.49701029905955,77.89264190888727,77.79942462735669,0
42.37079966421644,77.89101903108511,77.79993890118176,0
41.76854935574857,77.88979484881284,77.79868011677281,1
42.480639058818,77.88493282249244,77.79644005439965,1
37.694597264606294,77.87603074109155,77.79361825502235,1
42.922496009641655,77.87634410851561,77.79325351296752,1
28.293554783215626,77.8700379745625,77.79009384831805,1
38.08873658088239,77.8698285058786,77.78980871927243,1
43.71168793785504,77.87605509749669,77.79210055181265,1
44.847836371484696,77.88472939638748,77.7949633968628,0
49.611901577807735,77.89522335182431,77.80102832157057,0
52.32718037638956,77.90405264433694,77.80769938244168,0
50.18276019994253,77.90028993866883,77.813956905057,0
62.456268947091836,77.89783923704748,77.82154638049178,0
55.32827343874642,77.8915128161258,77.82792614374743,0
59.217318870390244,77.8817842476781,77.83486892710388,1
62.38464857423946,77.87238385847837,77.84034828103954,1
58.030063050380015,77.86197228554263,77.84342790528396,1
61.630448177922396,77.85739614997192,77.84605210641008,0
54.9360207979174,77.8628315840324,77.84864362288383,0
62.624191717925925,77.86725565906228,77.85228456757119,0
54.932220505163954,77.87674553284722,77.85491414308076,0
49.095030908916065,77.88936276844427,77.85754120416429,0
39.794012479447524,77.89830850759206,77.85890936373805,0
25.580996705652197,77.90459849411018,77.86197853785724,1
21.84852634603223,77.90372790129426,77.86391640709486,1
23.779792419953836,77.90454634175894,77.86387681816448,1
30.97676958459347,77.90273516536949,77.86557772218578,1
31.34241513563532,77.89234199607107,77.8645513531308,1
47.45961307410798,77.88638585299358,77.8656847852608,1
49.20790581846164,77.87687836783785,77.86806155854009,1
53.876929134779814,77.86632312917367,77.87079814948875,1
46.56626519039039,77.85940214165194,77.87411477122797,1
50.90183654713566,77.85292091695149,77.87643131422664,1
47.90778535131592,77.85042150990547,77.87727681011836,1
49.44492111036833,77.85050487093608,77.87951006774762,1
52.67905212102138,77.85345543129655,77.88202246637393,0
59.82440773673911,77.86133095716372,77.88502291138623,0
70.6966361980108,77.8701298572241,77.8904254007408,0
73.0287347142528,77.88127461964646,77.89634508644971,0
73.09785864333354,77.88817337186019,77.90000750524867,1
57.43925208813816,77.88861431928856,77.89990371320386,1
65.4699946796168,77.88931979940602,77.8971530275656,1
57.23329661094204,77.89349106766403,77.89456570647236,1
63.88084915500495,77.9073258824773,77.89467896736575,1
62.93721522092743,77.9212774105709,77.89394534785036,1
67.5667696613639,77.93940273700012,77.89390807086468,1
67.94631912419308,77.95562160757518,77.89557249722561,0
70.76510757419142,77.97772639293613,77.89903439673917,0
72.17599034482778,77.99519884293616,77.90782303194872,0
64.8606012994026,78.00917167747856,77.91467346597662,0
57.36523046487954,78.01987724835985,77.92234143639865,0
50.880795689615155,78.03138922822407,77.93075252299246,0
39.71400673503928,78.0340708016997,77.93608650590954,0
42.903470351523566,78.0372653744483,77.94177066346104,0
49.031844181135625,78.0374679722686,77.94395961324882,1
49.59469632508795,78.0360508183314,77.94842760388147,1
47.16879401744959,78.03172010728233,77.94977955194771,1
30.878531905340523,78.0203565193203,77.94814596947025,1
39.944210301206674,78.01139673721791,77.94701202278189,1
38.202686678110204,78.0056648995027,77.94418412432002,1
38.714391910846544,78.00911078223945,77.94192696836484,1
36.65280633144677,78.01247139252223,77.94202560910695,1
34.09379559377402,78.01657697508153,77.942060801686,1
32.249913337590115,78.01042836450328,77.94224518671675,1
43.72348056905317,78.00862798627854,77.94468284329054,1
49.393537386683896,78.00840128329075,77.94831504078964,0
61.580407560884204,78.00568780564822,77.95305870526785,0
63.08418625173134,78.00226907803942,77.95698356796616,0
71.5121084125692,77.99934399992398,77.96242799830536,0
67.69398327324978,77.99781505616212,77.96689722481655,0
59.34447083141231,77.99439317545072,77.96940049344005,1
63.247855221026484,77.99074519974815,77.97130549551402,0
58.463855385715554,77.99435695982112,77.97450588680115,0
57.86152249284594,77.99799088599204,77.97912762021379,0
59.93046800111698,78.0077944304443,77.98558622490883,0
53.481223011448485,78.01359632176134,77.99204759588243,0
47.142429024293875,78.01762405610738,77.99573510824287,0
48.55313389578625,78.02151569998348,77.99981545103522,0
43.846668344611054,78.02266014988325,78.00152174153776,0
32.14461876455891,78.01879233995726,78.00094971316778,1
36.931289546666825,78.01455073004017,78.00121800871145,1
32.276832688996336,78.00683095045531,78.0009971326283,1
23.879729968511327,77.99525698254102,77.99899522792181,1
35.3897867551798,77.99344047680687,77.9994527734773,1
46.59726406915314,77.991480115352,78.0010729410569,1
48.5205877275058,77.98714854470074,78.00179228615131,1
43.03893402990481,77.97878825779416,78.00004162552004,1
50.773785737943946,77.975810809555,77.99925594889854,0
45.381829694887124,77.96908768574175,77.99755322474346,0
49.71825693799346,77.96429999259313,77.99734787310972,0
56.30742652910326,77.96730400050451,78.00087636592643,0
52.70363719997296,77.96528397889472,78.0016911673095,0
48.94798613648762,77.96079285623436,78.00142660222929,0
54.46670314918783,77.95619077698434,77.99867357801662,1
52.201720928304994,77.9478823859063,77.99622821504299,1
50.6756888113854,77.93850992821197,77.99169047236717,1
55.18627887965381,77.93275407204564,77.98658809403105,1
47.785585835394734,77.93040240984433,77.98088585779848,1
49.85954371753101,77.93191122121135,77.97620669284784,1
53.60092918903351,77.94129629198932,77.97379955897209,0
58.78121516900578,77.94752417380778,77.9722767788906,1
48.2213720894209,77.95604588544867,77.97085979551815,1
54.570116345228925,77.97014088157371,77.97342325987141,1
54.73810811250192,77.97960948934997,77.97639041943799,1
43.398444097485665,77.98095483403493,77.97846768576345,1
63.00264133971794,77.98846686461115,77.98275870466323,0
60.941880960397135,77.99697389386137,77.98614314015165,1
68.62564987425588,78.00694801957428,77.99389254900012,0
69.32168110130162,78.01887422617826,78.0005442203276,0
72.92019886042125,78.02803915233741,78.0062975742436,0
60.677548118371696,78.02695799807442,78.00801525226044,1
62.554268165421696,78.0344297018909,78.01047449105697,1
52.25128016461558,78.03905576708279,78.0104181190298,1
50.18140460308877,78.04500922573912,78.01250592251097,1
56.84705538474984,78.05659609317422,78.01541545780127,0
53.77224868832881,78.0686891544564,78.01580562083342,1
53.02928367028757,78.08207199502337,78.01714176978112,1
49.83987815778374,78.09281388836813,78.01710378192998,1
57.017525924611576,78.10189977782935,78.01722900400996,1
51.362802900676776,78.10807024109938,78.017901632947,1
54.81666736722543,78.11502150980574,78.0205281126326,1
50.45207076083561,78.12636098434764,78.02510610935794,1
51.18546876571378,78.136490864841,78.03027682187935,0
50.5436666923235,78.1432162104458,78.0344805492195,0
66.62013991935146,78.15981803768531,78.03927712865985,0
57.25439238321096,78.16507177159203,78.04334888459549,0
65.33213107402668,78.17428098844223,78.0488059130856,0
60.20347577204458,78.1731657832055,78.05455258228892,0
46.84418723040457,78.16606152246447,78.05790476936008,1
46.860014988081026,78.15740363448944,78.06174209205648,1
43.33261228825374,78.15599064476179,78.06459121814908,1
48.19282490680318,78.15324313508644,78.06903936490941,1
47.848828926154596,78.1586447209551,78.07577321439543,1
53.668527976140545,78.1675466183587,78.0821483791317,0
54.746192476110686,78.17127656918026,78.08733403933256,0
48.24016356620206,78.17717515049392,78.09181626315069,1
49.94808835668724,78.18401941365059,78.09923423212369,0
50.7169499493891,78.19147555845363,78.10336968148943,1
36.810231911559,78.19040048517475,78.10575412378319,1
46.83785391990866,78.19205557613019,78.10900386636182,1
51.259719074598294,78.19791341539623,78.1127718785893,1
51.26315233067882,78.1974225565717,78.11796154042872,1
64.39996944737801,78.20111475098687,78.12640557978037,0
71.87721960922639,78.20915334536886,78.13566557657329,0
73.09750000059285,78.21295693378993,78.1453069478133,0
69.4875682676975,78.21994979949467,78.15592483310857,0
69.40002278676644,78.2292704786096,78.16741247571119,0
57.86193178176048,78.23638588589003,78.1769459727072,0
55.47724612738335,78.24708622849748,78.18397477227454,0
54.27848160881805,78.25903236401739,78.1888365208677,1
45.63856085313195,78.26703571928944,78.19239583634175,1
51.00459122162415,78.27664757378554,78.19728004024415,1
58.71483364355072,78.28401950566341,78.2013246640313,1
58.27910921869785,78.28929623641834,78.20602307795903,0
52.085242184620704,78.29283221360527,78.2120849911607,0
59.78174172408482,78.30084173772124,78.21676621239473,0
52.061110891519725,78.30584128296685,78.22278118776588,0
46.64078380078823,78.31128489845467,78.22510443304158,1
41.290131204255594,78.31971709261873,78.22609127035938,1
35.97228058629307,78.31900737926811,78.2253911571341,1
36.77531479933286,78.31779749400962,78.22910767696338,1
47.87979851951475,78.32245085102291,78.23317000008153,1
60.28525446515845,78.33014543028979,78.24284144506316,0
62.097630643755885,78.33496169327309,78.25164656358689,1
65.25292088956249,78.33632434749744,78.25719824954258,1
54.74793792775203,78.33397243481492,78.26203814525199,1
56.743785523561264,78.33143885346453,78.26715921908765,1
56.51546873172879,78.33597477263808,78.27421032641519,1
61.98058997384911,78.34644732366276,78.28179379060792,1
55.76314622397925,78.35633771661301,78.28814351107316,1
57.55443430746501,78.37257405247819,78.29541685341073,0
57.369890102967744,78.38447064668814,78.30052390518036,0
63.0432994510167,78.39952038353536,78.30653647150905,0
72.60403130720071,78.41373552252944,78.3142308027925,0
63.26330833554036,78.42393379754785,78.31773129510572,0
60.05489509137751,78.43063325436053,78.32299080550214,0
42.883069735884824,78.43097824382876,78.32546008992048,0
40.42828809183182,78.42915762066977,78.32750116802728,0
39.25059524215338,78.42588581141145,78.33002098593815,0
42.26440941423981,78.42681458299421,78.333155536536,1
37.20163015874601,78.42327878662238,78.33602293370762,0
34.37328779522463,78.41696684264015,78.33865948310302,0
25.88239009050909,78.4018315885569,78.34011619210388,1
28.144489826126915,78.38767231335528,78.3396968415855,1
25.329087540375653,78.37664557659012,78.33934585250653,1
23.594928811158482,78.36704526687572,78.3379861918047,1
13.130173100208765,78.35466462278909,78.33541730274304,1
20.745346864714435,78.34448123953521,78.33541259884782,1
24.03230739975571,78.32890713494746,78.33719645051698,1
28.47271664654886,78.31775975597198,78.33842518300987,1
39.536099349588014,78.30562032085655,78.33849961559484,1
52.951830647027094,78.29782120381009,78.34068336407572,1
64.00946476055925,78.2867008155208,78.34077089732263,1
74.66013620155724,78.27654511757906,78.34118751167657,0
79.32834166130881,78.27286944096402,78.34169629797535,0
80.70024498184236,78.27166857583784,78.3436783160394,0
81.51633121412371,78.27796852067006,78.34493930674468,0
72.35009436514052,78.28475361423702,78.34684825936608,1
62.56041219130639,78.29131965273605,78.34771435563357,0
68.98619915438245,78.2987839066622,78.34905615359393,0
73.4930880640201,78.31193555707351,78.35398286882125,0
67.82442281497765,78.3240338816482,78.35761400624807,0
70.16280657379151,78.3367452598591,78.36120649378216,0
55.6623163713362,78.34336232255228,78.36132327603909,0
54.771986884314416,78.34954664639486,78.36203162562236,0
51.10018017641102,78.3599086037181,78.36161293820345,0
38.49627943851205,78.36167267762102,78.35774986060471,0
35.49602387348466,78.35986005246907,78.35484266045358,0
28.21376823608493,78.3534054055263,78.35067177568003,0
22.840565168974464,78.34313736304317,78.3480771765199,0
26.06000872987076,78.33471795948266,78.34526780178406,0
29.143842752026387,78.32408961583538,78.34133887000071,0
30.97035169798194,78.31116030868337,78.33317684868005,0
30.498270588147335,78.29391259805443,78.3247678735891,0
19.124390164869368,78.27376860088415,78.31667399933004,0
20.658276312147137,78.25206403154468,78.3109149547313,0
16.364206269808193,78.22522487162428,78.30245371400856,0
28.20377182510174,78.2050545341589,78.29448016397441,0
24.21925569069019,78.18497543685908,78.2831256009121,0
20.577379662016497,78.16062089475462,78.27076942485057,1
32.136744419184595,78.13448869926675,78.25874872753668,0
29.251741247810827,78.10753346530593,78.2468391336952,1
34.51612226939194,78.07982643985903,78.23332891631163,1
41.26087093029331,78.06032875193753,78.21996056780233,1
32.25695030793756,78.03798165107291,78.20765076703239,1
32.113249881660266,78.01579267893682,78.19567670803396,1
37.97176765338708,78.00399335268392,78.18695590414679,1
49.008408796666814,77.9964109329027,78.18174398534674,0
48.60020234552865,77.99239420593214,78.17727513348831,1
45.91705427287583,77.98919828689603,78.17303065808062,1
53.820028865998765,77.98465402658755,78.16981789777013,0
49.554914181198576,77.9802688249898,78.16665966294057,0
55.178143346701354,77.97685702673937,78.16318702395306,0
74.17053934080663,77.98008731881946,78.16173387577479,0
58.27930293903351,77.9793683737571,78.15776311819683,0
52.78845236440896,77.97371264001386,78.15358190398656,0
45.20524277039088,77.96659813499848,78.14722711889232,1
47.57864867009099,77.95971798114252,78.14057486061732,0
52.51286847114465,77.95802275924463,78.13477185063098,0
46.75956106349884,77.95743928135296,78.12664123500296,0
43.689320975635965,77.95338454431871,78.11785441692156,0
35.52738978284974,77.9506052585807,78.10795275560345,0
30.96645269935142,77.94073379049328,78.09494210630062,0
33.081500810930294,77.92940716964175,78.0811053886274,0
27.419412016810114,77.91666406467098,78.06516861651517,1
29.98453146796018,77.90568891443763,78.04928484347387,1
27.977423504793606,77.88913084916241,78.03142083554371,1
20.707384845087688,77.86812654284518,78.01509315679002,1
31.062552934972217,77.85273929552852,78.0018429906053,0
39.75086123631135,77.84182693455564,77.99024786923799,0
48.07628939101876,77.83073487345777,77.97733762432382,0
41.77695844018731,77.81873864740032,77.96454156924142,0
33.73350763210502,77.80250487154203,77.94949086862621,0
36.71010170823723,77.7799324878551,77.9363619418959,0
36.35793913893283,77.76191215691931,77.9227093224066,0
35.463382110097186,77.74740131807205,77.90857898972814,0
37.80623143966267,77.73333591556124,77.89589241406843,1
39.25461199917492,77.71687550918568,77.88338104330398,1
39.250033326757375,77.69514819469232,77.87146896629739,1
43.71942387854986,77.68248771622257,77.86238137627473,1
49.351216273967204,77.67066981432751,77.8522351588595,1
52.806051724841176,77.66197915422929,77.84310857096101,1
51.33993723684148,77.66314031704829,77.8357341096466,1
55.857919444712394,77.67018204828807,77.83161316872086,0
54.61720484903848,77.68144904692302,77.82824079493072,0
53.19579126638368,77.68930600643196,77.82418163342878,0
58.78108426842287,77.69957102778982,77.82115929800993,0
66.1932814668262,77.71381544343424,77.81859752050015,0
60.57022883067791,77.71992558959279,77.81582305169879,0
57.9601635765471,77.72027243229407,77.81410848425378,0
66.05072928251163,77.71977864328383,77.81145360193065,0
63.96858860279866,77.71906254356074,77.80915320054334,0
73.3847422387908,77.72602347685316,77.80796968342386,0
61.27160611502152,77.73018290750397,77.80430360412248,0
60.41159303510402,77.73483625886067,77.80145116552171,0
55.70808563724057,77.73983307463791,77.79819514800857,0
46.203963344763515,77.7462567089151,77.79279775656089,0
39.43560641385497,77.7540635265757,77.78644208077317,0
37.8861112393526,77.76524760161456,77.78061032457035,0
38.94288479980846,77.77121888480306,77.77518961543754,0
37.11536035878527,77.77416782176698,77.76804067693126,1
24.45007878302242,77.77292683106309,77.76017177339033,1
25.34994446477515,77.76553508680405,77.75120533367244,1
35.91157121866698,77.75435886568044,77.74132178746524,1
41.571336915588816,77.74582471087183,77.7348233297766,1
51.50202114035631,77.74373020584322,77.73218865976054,1
48.9098305607889,77.74414108064735,77.73217647626949,0
54.350136587834534,77.73883621336975,77.73024481339104,0
52.022497095007495,77.73618445049037,77.72708772819708,1
55.454728592984246,77.73779229963603,77.726249691567,1
63.202685672688375,77.73928799080741,77.72581498052612,1
57.867734348039214,77.74071685988244,77.72519784106403,1
56.67801763432308,77.73831836113025,77.72700351167865,1
62.935137313789774,77.74373203990781,77.7300335522289,0
65.6924062393421,77.74800910911586,77.73398918329968,1
72.80457816743271,77.75706303164984,77.73874479489345,0
81.52635340934539,77.7700176371291,77.74515247174757,0
76.17193282010716,77.77909458837384,77.75082929898464,1
66.04369505047288,77.78601039585453,77.75391876470076,1
56.17773993112807,77.7928617764793,77.755603552207,1
56.621335851757415,77.8038439036146,77.757284288994,0
56.30988735271144,77.81480052144131,77.75859652300672,0
65.01729602834894,77.83157793865104,77.76283456051607,0
58.808247405417305,77.84434360590316,77.76708623468447,1
56.62790398058255,77.85351199584406,77.7714632653465,1
49.01329056937598,77.85344921792083,77.77460781970005,1
53.8384493450009,77.8537768907069,77.78035286632775,1
44.912157547103504,77.85432871780309,77.78522609683802,1
56.983630720684765,77.86125751096968,77.79353145470802,1
53.60620522621862,77.86885681331762,77.80079733040503,1
53.044829770021636,77.87609442477569,77.8079848247054,1
61.68357763026602,77.88769702019161,77.81548498744895,1
69.16828942193777,77.90138005155879,77.82229940548285,0
73.61787588953868,77.91456668356642,77.82778740634026,1
65.74126652990202,77.92640397564973,77.83197115479037,0
69.86385868409667,77.93548659616857,77.83721703078811,0
68.76676500489368,77.9455723928622,77.84355301777651,0
61.50973061205395,77.95197979218781,77.84609503848607,0
66.98752391186457,77.96553963634192,77.8521643834004,0
67.67720364125506,77.97595593093737,77.85787695166432,0
59.27730553566952,77.9807504857176,77.8616730259675,0
49.21927492074916,77.97784381309496,77.8621090308204,0
45.24276509664185,77.97376288743331,77.86193032474812,0
37.74260744903894,77.9659003696178,77.86137321953,0
36.14471583177674,77.95681971492122,77.86025664777073,0
34.49030259934929,77.95435022528781,77.86041467996,0
33.54662012313655,77.95073659046088,77.86214481894605,0
27.466462373030737,77.9460151631473,77.86200675146665,1
26.163121263986326,77.93143384893635,77.86000595363673,1
23.675229835530885,77.91432114033043,77.85803823261597,1
25.42464927191287,77.89960122140629,77.85815818456112,1
31.801823407297064,77.88323656730465,77.85960888194559,1
33.07782104511682,77.87116543294043,77.86455154393741,0
34.27482103005521,77.85391082629387,77.86760819058563,0
34.24226211364768,77.83525471016782,77.86774315450876,0
44.41685217330122,77.81612149655832,77.86617354707414,0
43.1286714621836,77.79607470100238,77.86432646591852,0
50.411676954959574,77.78083785590873,77.86289569550166,0
49.247845668487415,77.75857490405623,77.86112056482675,0
34.52358584162347,77.73169994043315,77.85544000798318,1
30.763564262105618,77.70575862173874,77.84826127834005,1
35.377605877584,77.69041934824051,77.84199002616364,1
42.04117783215335,77.67448544049532,77.83639715649414,1
47.05177509869311,77.66665756726135,77.83054343047142,1
44.710785782890746,77.6615078130383,77.82565612933969,0
44.875510077883966,77.65603827939347,77.82000477905746,0
39.522688082658746,77.65234712431213,77.81507661381926,0
42.256816342321876,77.65065912291793,77.81063256528428,0
48.89999395465643,77.65399877074823,77.80720130359421,0
34.82218579110091,77.64864328128704,77.80035083453907,0
31.68429327197714,77.63859632166154,77.79205915177988,0
30.117493675851307,77.62447100265965,77.78347707443291,1
31.770162458134052,77.60445035426912,77.77370051018464,0
37.2983213139993,77.58358320762113,77.76330403127282,0
47.05985202777425,77.56971432504707,77.75422408618996,0
40.09641817132796,77.55215284241059,77.74565499687006,0
44.5459093011308,77.53734739293478,77.73775466680968,0
35.7851521626759,77.5195809351645,77.72899658244621,0
31.896293564033513,77.50226627761622,77.71752407148537,0
25.47849846752517,77.49108585039666,77.70433162281478,0
19.095010838933277,77.48149158332546,77.69042014175996,0
26.833694962813297,77.47381552336347,77.67643742743239,0
25.963044098438218,77.46424734000828,77.66154407187395,0
32.907837795930874,77.45075225529831,77.64501765916418,0
32.62980493041191,77.43389286054804,77.62865168329901,1
33.846791667847256,77.41394556612319,77.61138836703931,1
35.71673064331114,77.39229137482923,77.59376420660607,0
38.58933156320639,77.36990871773983,77.5778041355051,0
30.775983695052773,77.34697627780163,77.5597759601781,0
42.58590036495094,77.33621321621635,77.54445374865065,0
36.1636640209074,77.32833149128247,77.53109155400584,0
35.2702287482888,77.31879263795918,77.51985660437859,1
37.85182646718409,77.30932733521935,77.50792628929905,1
38.62644206800714,77.3010793932806,77.49737564073794,1
45.95516238398267,77.29153819194775,77.48811147700057,0
36.096216946033806,77.28504413744365,77.47793256173239,0
48.635669409852696,77.27863056411533,77.46891225627147,0
45.6500836202449,77.2729052403231,77.45975261331654,0
49.455477570966224,77.26845363603454,77.45233198632464,0
44.08101767303645,77.26281772917528,77.44373025835273,0
42.15041866535544,77.25858682355963,77.43401438262131,0
35.6409636686016,77.24597010561777,77.42153084275763,1
38.625800274757445,77.23535662928825,77.40722055041307,0
30.30421323177616,77.22550497789811,77.39365531980587,0
29.21823286368435,77.21842506626174,77.38191982573659,0
41.51008086917643,77.21457981715675,77.37077169527868,0
43.76093187579051,77.21075969219466,77.35963820308298,0
39.802120347964355,77.20366479265194,77.34693491020238,1
33.26936233765397,77.19532028130259,77.33447411107664,1
32.100937619214406,77.18358848853008,77.32520916788944,1
20.230001758700297,77.16999930910052,77.31678782895055,0
21.817677157761878,77.15933297683355,77.3074220558158,1
37.67246570638323,77.15392922255475,77.29970380212282,1
44.035571702065106,77.15049793878256,77.29091178934641,1
47.08099906991735,77.14663692340216,77.28216312114611,1
44.343037741771624,77.1362630469577,77.27002246875807,1
47.110432871716306,77.1246947094652,77.2578512903327,1
60.66794118073532,77.12421745885047,77.24917594768955,1
64.4179177523377,77.12849550305218,77.24213067924622,1
59.77755892635146,77.1346989012115,77.2381525063225,1
65.60884732231992,77.14809194161884,77.23781263060422,0
72.13402651661258,77.16631132570674,77.23826697197649,0
75.95374670739264,77.18448910273277,77.23923604979854,0
74.84615138867696,77.20200925062237,77.24102573700635,0
75.03908919942903,77.21814205228203,77.24129091663058,0
64.74689896051832,77.22488557708529,77.23986478914856,1
62.671108820562985,77.23337086506614,77.23804759193553,0
61.10488647472997,77.24487697555783,77.23705332635971,1
59.2350692582558,77.25751535548513,77.2365737422242,1
69.74422834164179,77.27124635727797,77.23727337064196,1
65.46769192815054,77.28470631884005,77.23807372315639,1
56.019364552650394,77.29961686129059,77.23774259098667,1
55.3498735041467,77.31325118422458,77.23930533980935,0
59.93434995884038,77.32782940492771,77.24174264919817,0
45.82026173441546,77.34075267319159,77.24490704620354,1
44.8301610441635,77.35948836303301,77.24823958752201,1
44.006992401644304,77.3765458132272,77.2515530656919,0
40.772739311447246,77.38222385934863,77.25410200433308,1
43.96907295157725,77.38438459928959,77.2570940078414,1
66.70996471267375,77.39002639540783,77.2596777779991,0
62.34513746988662,77.38887866135222,77.26203149863213,0
60.889728274025224,77.38633233074158,77.26528284908944,0
59.80310900873499,77.38194732363573,77.26828404516509,0
62.369533636468226,77.3804102877581,77.27275809479737,0
55.9115160876943,77.3763761119069,77.27522608461422,0
47.936923440512096,77.37677373957285,77.27655663000023,1
29.528947272849166,77.36976979753108,77.27450328530182,1
25.901554191180978,77.3637896466636,77.27340708889591,1
34.45746951372135,77.36105396739694,77.27361387476917,1
44.48152855584619,77.3615900540021,77.27678230057269,1
51.63056962181624,77.36820272074381,77.28192008203006,1
52.33775565615798,77.37186115457038,77.28809901056769,1
52.532011700485505,77.37257083109695,77.29419102053282,1
47.214729736553764,77.37078138658747,77.29985321267391,0
54.28902997996232,77.37457112084005,77.30736546803486,0
60.89103522341611,77.38278564533707,77.31552191879413,0
62.83051745064133,77.3909005595492,77.32360941263372,0
57.721694405763145,77.39967006412576,77.33250411292259,0
48.51304180976918,77.39711581721384,77.3378122222059,0
46.566209194688966,77.38801008086757,77.3414464149341,0
45.83965406106715,77.37291448079975,77.34319756731182,0
41.84633446711879,77.35467304037753,77.34341887450704,1
45.113075647373485,77.34311457486386,77.34395818608873,0
37.81017488086336,77.32554212782439,77.34277577041411,1
30.013345059219233,77.30810599212481,77.3398137121033,1
29.631965846951232,77.29036089654043,77.33819576983333,1
37.83762525143665,77.28558864036192,77.3388608576605,1
38.49106782936572,77.28051875163779,77.33592760601084,1
36.36608791214277,77.27585378366402,77.3325571870139,1
32.347381699995296,77.26761304568404,77.32994795836171,1
28.525002690308327,77.24845644402237,77.32206588299147,1
34.67593688567537,77.23616518871266,77.31604055577007,1
42.97081239878049,77.22433780791326,77.31013050260502,1
46.433110233901246,77.2133803015882,77.30440163306025,1
57.55546129967061,77.20275603483796,77.30121106105724,1
61.73367397753701,77.18701828070246,77.30037500024099,1
55.70161585923236,77.17031271328123,77.29838615191976,1
59.950026806403045,77.15446252981388,77.29633833462502,1
68.51181663176443,77.15261899149809,77.2958536766111,0
75.68250950652438,77.15772439257361,77.29603762905236,0
70.07602192290084,77.16941069733205,77.29707931870861,0
63.777185095560036,77.1823029372874,77.29649330490575,0
58.04636132577304,77.18825646971115,77.29396030028336,1
51.97802924493453,77.19495410577422,77.28962565075271,1
67.15917636837443,77.2085065617115,77.28691526751125,0
52.30154211386057,77.22002876081275,77.28241192894524,1
57.17027926586474,77.2284695025534,77.27963033339098,0
62.00389891391498,77.24108543000057,77.27947223427161,0
51.69714976599397,77.24779231621201,77.27792027378287,1
51.39746144728128,77.25267011017507,77.2750054442686,1
49.09054470511666,77.2614678286263,77.27110154990109,1
52.1389067107272,77.26686788477254,77.26825477738244,1
53.372191316497684,77.27539749493988,77.26751057112668,1
54.665615232927365,77.28797283740889,77.26742665292056,1
51.99317382523786,77.2937706080828,77.2681688595276,1
60.328479957713874,77.30452609774134,77.27147594350839,1
65.04833926539797,77.31936095956877,77.27822261673482,1
69.12694496169753,77.33467634440785,77.28469301372273,1
66.23273005034727,77.34663616610007,77.29008655609235,1
78.67991184833117,77.3608633521487,77.295746948311,1
77.7419949832378,77.37751624759096,77.30080472944748,1
77.6372968349657,77.40123071831519,77.30824113040369,1
87.11689415438512,77.43414082312741,77.31858829709554,1
90.26011988804993,77.47200788843737,77.33011625149267,1
95.28740239273881,77.50730541626123,77.34000898567973,1
95.59612430853883,77.55170609029248,77.3499801069274,1
95.77180745082917,77.59739388611625,77.3622276640178,0
91.30758725762364,77.63718725478608,77.37447911053575,0
92.78722359598562,77.67919092083316,77.3907503152306,1
85.2814871933841,77.71929967126896,77.40752128042915,1
84.35059796012716,77.76268067983868,77.42700802951667,1
86.52565735166861,77.80751142444481,77.44939013100935,1
80.96004596569549,77.84500918765761,77.46826841624419,1
80.42800671245465,77.88238048827593,77.49016199710118,0
76.23530436706999,77.91967509484557,77.5127965006159,0
70.84111102168191,77.95141186378154,77.53589633040482,0
67.16821824375724,77.98304741934714,77.55720612832891,0
61.983588770561184,78.0133142425849,77.57781121010157,1
54.12494889646295,78.03922610143017,77.59543548319881,1
51.786037560796004,78.06267606063507,77.61377215429141,1
41.68940646455394,78.08242681532593,77.6343928779689,1
50.556713906202226,78.10211337190633,77.65462040368114,1
55.07332834984313,78.11635414667701,77.67539483260106,1
51.752223009191596,78.12342249237346,77.69413312780677,1
55.33957155256123,78.1335873783278,77.71234152307566,1
58.5486408478859,78.14546009937776,77.73335683439753,1
65.49076514320288,78.15435914475184,77.75584623660603,1
65.35359027771696,78.1685380140988,77.7801093042497,1
66.31463360601435,78.1825708728565,77.80273106777396,1
66.58397191046417,78.19829116323986,77.82374798869564,1
64.21908671240962,78.21360705845292,77.844686573965,0
69.74209028390368,78.2290300423771,77.86808097304524,0
79.54853608248239,78.25022769249979,77.89305690535963,0
75.5162226469219,78.2665069995603,77.9187831546156,0
73.1086028878055,78.28251101300302,77.94239828113251,1
62.34790800664843,78.29551223328137,77.96608971939227,1
61.81207820983448,78.3070100033694,77.98862232865532,1
69.04012292136333,78.31923989453819,78.00907299591663,1
63.22917925937257,78.33491031002612,78.03028268072445,1
62.63557927392674,78.353678250887,78.05417541057618,1
61.00853775663961,78.37473636542867,78.07970029268986,1
57.83095714135459,78.39306459676531,78.10509908847827,0
62.87564923448919,78.41139626537077,78.1297943407734,0
70.59012350842383,78.4396620290964,78.15480880448177,0
60.653252691642855,78.45872867425832,78.17832474954588,0
54.67032396630158,78.47007184033686,78.19957513143574,0
49.881847113028954,78.47744687488323,78.21908060273182,0
47.57023966580751,78.47838232941903,78.23759169825418,0
48.71470096996118,78.47926253262433,78.25578161438366,0
48.457183769728694,78.47677382958139,78.27011217966873,1
49.66507697280603,78.47650990879401,78.28428403844623,0
49.13071271950443,78.47173712854533,78.29628353713728,0
51.25614566018308,78.46478508562343,78.30531461035804,0
43.1529409226228,78.45936871728138,78.31372748615323,0
42.91730009393442,78.45739301950405,78.32243332242963,0
32.738221852200596,78.45237939435074,78.32635904101558,0
30.55909846302241,78.44674722845244,78.32836366558979,1
20.480735247425386,78.44147591300549,78.33078845920438,1
27.426986774996664,78.43842253382726,78.33397532592208,1
25.75939572164127,78.42625666726374,78.3369582089741,1
29.34275781261381,78.41350672762026,78.34003071180248,1
40.76055871090048,78.40380939596749,78.34361827708733,0
42.86740569529232,78.39209800496309,78.34862986769559,1
46.58115129367768,78.37367140152787,78.35132516978256,1
37.99369551044525,78.35822254614297,78.35374373006483,1
43.855069413667074,78.34635532041504,78.35755251408914,1
45.962278212292304,78.33700176570657,78.3606623412756,1
47.5918647904863,78.33183717799537,78.36500087241838,1
44.36061804415841,78.32738726126522,78.37104607831768,1
60.766349984827464,78.3284375358143,78.37641676974042,1
57.66235211639278,78.32639331652055,78.38187063892407,1
56.79688530313052,78.32477803859555,78.385349403813,1
58.84240123659578,78.32490706224624,78.38873577658573,1
71.38370079295272,78.32584769220765,78.39469756608689,1
74.7713075380155,78.3290896902766,78.40063424720914,1
74.15054728752611,78.34355157244877,78.405595630244,1
74.46238749869337,78.35747557239743,78.40961023664804,0
83.97541394312785,78.37413274044812,78.41302634974411,0
80.76248928709926,78.38650704019003,78.4155497928555,0
78.28451681340505,78.4023300680813,78.41857377091067,0
77.56111358284727,78.41793515697485,78.42176195121127,0
61.20095109596907,78.42450247442208,78.42180724990533,0
63.46085164313776,78.43182319849964,78.42126807009554,0
55.9948844683734,78.43838043393711,78.42007454353329,0
51.572932787700005,78.44438212029728,78.41849217298255,0
50.81306891330504,78.44691972016086,78.41811550884091,1
46.66885542002342,78.44757721264851,78.41688922498724,1
39.109148662021965,78.4429576696653,78.41448798246921,1
36.43927897499336,78.44113844084171,78.41353733064392,1
29.790386826571705,78.43923888939638,78.41064102514417,1
40.65027033702634,78.44357871946583,78.40940758053894,0
38.94967460197687,78.45005400916831,78.40814516877418,0
46.20334938227826,78.45594699777922,78.40655606954911,0
42.86023988822605,78.45818713579993,78.4021076087683,1
36.78941765623258,78.45267092603677,78.39821114792053,1
45.973610949068345,78.44558834911396,78.39580223375484,1
39.456362857121,78.4342060145468,78.39231389251346,1
46.45952844680174,78.42296395708192,78.39085900080926,1
57.539627480487745,78.42008504819192,78.39187879908255,1
63.31782496062206,78.42042054561782,78.39603245732525,0
65.11085779796488,78.42147212701863,78.3997468385011,0
73.28686833642057,78.42834196911852,78.40444918613461,0
68.74636124516005,78.43265663992759,78.4084166918172,0
67.54516953310998,78.4396218949278,78.41217581459183,0
57.29229003218782,78.44747501397828,78.41452497077223,0
49.14950232045233,78.45285759777069,78.4183067902089,1
46.50488665121279,78.4584469700842,78.42156912163995,1
55.88773422263733,78.47167454705239,78.42656743608796,1
55.3207490431857,78.47817319425482,78.42943759481494,1
58.36845199805517,78.48850682120829,78.435541086722,1
68.26650762503064,78.49663009061643,78.44265692573742,1
67.58484160947492,78.50506015412832,78.44864547203852,0
63.3808004994944,78.51297246891566,78.45490585513014,0
58.36206569903228,78.52297917163054,78.46183071680937,1
55.839848597972676,78.53682487005442,78.46965207748512,1
51.59932971622676,78.54727075464552,78.47616840744703,1
54.09209993073683,78.5612438788589,78.48201073777437,1
55.56137605492197,78.57364479382076,78.48758204713941,1
67.18113296775999,78.58661300400972,78.49556909618035,0
78.84875221741008,78.59839276903732,78.50401455061444,0
76.99541018393322,78.60771980323597,78.51227743318728,0
73.02174338165588,78.61588791252645,78.52089313570694,0
78.41227989007608,78.62301641692824,78.52766043369,0
67.81135642375577,78.62877838092359,78.5333480900782,0
66.32560559122146,78.63918465471961,78.53856295654943,0
59.43054048631815,78.65216556511658,78.54175238727602,0
51.7355006510667,78.66309135864456,78.5438154361388,0
48.861414165804554,78.6686743836171,78.54438409335556,1
44.14158535157467,78.67601058484277,78.54523901267603,1
53.76819346695747,78.6825011916174,78.54760953613645,0
54.35356769965223,78.68561529662617,78.54972898159795,0
51.917034052702014,78.68659250649162,78.55348148486634,0
39.305594472146296,78.68638757358907,78.55673160516591,1
36.15005556957009,78.68745235277348,78.5614594843439,1
33.4710545308445,78.68603399571603,78.5663128276526,1
28.4193139857383,78.6817060115394,78.57008292399846,1
41.07737412273684,78.68148570429284,78.57557413443212,1
49.485878837414724,78.68393405685057,78.58397260201353,1
46.51528682576942,78.68164993543894,78.59177369401924,1
54.11938880052937,78.68047861775054,78.6005104419561,0
65.36865244931067,78.68600327791646,78.60924725656751,0
65.70748535729817,78.69015049961172,78.61693173188432,0
63.3853862698765,78.69301327922966,78.62248694627017,0
61.79308570325503,78.69968786341728,78.62994838112516,0
53.77187458945435,78.69887275653205,78.63704368874754,1
55.21317225108996,78.69973288202155,78.64341020043906,1
53.73234116887313,78.70159718776418,78.65077190542576,1
55.427604110905705,78.70744813133497,78.6581777630568,1
56.62743330241434,78.71407310852928,78.66283423681097,1
67.49538055923632,78.72093285073949,78.6678144581851,0
59.281929730931836,78.7249899796489,78.67113612265005,0
58.256170722587996,78.73215950652605,78.67500849982933,1
53.48115812404769,78.73713692450126,78.67852371899538,1
51.923695084699666,78.74315880176184,78.68287424707755,1
37.67309458434839,78.74833505735043,78.68665684500147,1
39.6723500672849,78.75780323914329,78.69206118054748,1
52.28479963615721,78.76722982976594,78.69908727830483,1
49.48039439894132,78.77391053633123,78.70486699772506,1
64.16174884478855,78.78313364739532,78.71375787527543,0
63.82330810692524,78.7893788645487,78.72085925929227,0
62.3864766728441,78.78799457003149,78.72579304833353,0
60.22215666951921,78.78884189252416,78.73044442724265,0
66.28564474968807,78.7951717416359,78.73536665535826,0
48.827354745774876,78.79340643692083,78.73811928724126,1
55.599137560233686,78.7979096061571,78.74147758318861,0
46.86131137296668,78.79933113176199,78.74423435128563,0
44.44037813891144,78.79795002763686,78.74545436493695,1
44.38325027456177,78.79614208072708,78.74717667781931,0
55.8664160029626,78.80007015892889,78.74821709877865,0
56.89533812045644,78.80090046678758,78.74881753728522,0
44.278367882267496,78.79981335352349,78.74797354276507,0
41.052290085892025,78.7943909127864,78.74640969993332,1
32.70446167158771,78.78975210614364,78.74521799468154,1
34.03062922923621,78.78400220006068,78.74496377473238,1
35.48500325347176,78.78122265665074,78.74347204577393,1
37.47127628870966,78.78007781154592,78.74322607911922,1
39.66117139600679,78.77791672660061,78.74501742548723,1
50.03996842337473,78.77647941435785,78.74798901002137,1
51.98319021300654,78.77414180876639,78.75301036484488,1
55.85420032982683,78.7710365884903,78.75627341804142,1
74.94137552869711,78.77993098155864,78.76351932230651,1
74.9797557197646,78.79003209535298,78.7718202627872,1
73.42424603820326,78.80034596457082,78.78095001175096,1
76.84861000894522,78.82223608118407,78.79203277860552,1
86.71776144941666,78.8427593029847,78.8041677060961,1
86.88685790414542,78.86419931264142,78.81723167172645,1
91.4863834089044,78.8935221867313,78.83026895791232,1
92.26935829337093,78.92548069957449,78.84379533490888,1
92.87555246907026,78.95370952825695,78.85704093590584,1
93.51845524574975,78.98684655452499,78.871364711995,1
92.43754474677544,79.02398977670205,78.88316814227932,1
92.76284943013343,79.06620916608217,78.8968331665215,1
93.07872976770328,79.11456940542794,78.91384044516084,1
94.88104915878077,79.16262577489078,78.93013893932176,1
93.61452594625511,79.2123637721452,78.94886845201918,1
93.87227855527264,79.26381397116474,78.9688585147765,0
90.52429370871013,79.31094710687634,78.9887573931321,1
81.99629648120283,79.35439891188956,79.00676932224322,1
83.89219933054424,79.39926891989141,79.02708868938974,0
89.00616402914264,79.44596807441661,79.04628750751228,0
83.46275946385967,79.4806482824185,79.06578264341437,1
81.24627243918422,79.51387940827433,79.08450822348652,1
81.92824276594777,79.54656865561091,79.10472270419483,1
65.24177746795473,79.56868752105623,79.12224426632326,1
68.20134692629702,79.59280927791517,79.14195739432198,1
66.49505368180769,79.6202788780453,79.16222192728723,1
66.98331198600582,79.64889062984466,79.18293327794379,1
65.18630295215743,79.67247184577104,79.2032198586848,1
68.13470117198976,79.69996569095089,79.22377375332808,1
64.53308528867058,79.7217263973664,79.24430372512207,1
67.48085546285631,79.74419680552393,79.26564903647629,1
74.47341899111723,79.7646006297491,79.28713666141148,1
76.44796682677162,79.78687929225453,79.31052346540831,0
67.03026838598656,79.8048764584315,79.33472694792604,1
71.66030764928313,79.82300273405825,79.35890570317963,1
71.5246584043349,79.83799324136018,79.38432335861577,1
69.92370288305518,79.85406011440163,79.41120142783801,1
83.55038281191274,79.87458878444349,79.43814800372978,1
84.21846886526171,79.89441168615443,79.46482530027995,1
84.42010490862816,79.9149605222868,79.49191152971196,1
83.73811578400836,79.94108531149962,79.52229142660481,1
83.44419929488876,79.96610439686958,79.55319361711979,1
80.14293222958673,79.98934538657029,79.5845600163655,1
71.68512874709677,80.01437962588666,79.61439523665366,1
76.47464999407552,80.04349530612687,79.64686645411243,1
74.54365845005259,80.07070876002008,79.6784743066769,1
66.19473786525236,80.09168522221043,79.70844067618773,1
78.3955575750518,80.11530928763969,79.73875180799755,1
79.87058767301117,80.13809111960505,79.76935347766353,1
74.04972447453517,80.1587912252383,79.79940557982128,1
77.0964468516133,80.1828613455403,79.82682118206895,1
73.60893555840435,80.20505775799678,79.85314692646901,1
74.41018179545812,80.2251576519485,79.88044814035939,0
69.45104948169936,80.24748490166073,79.90482647611671,0
67.98788868911012,80.27059484943507,79.93003992175979,0
69.79989463308794,80.29370711829975,79.9561264808791,0
63.09626981422811,80.3132856399422,79.97910680912237,0
60.8367982415036,80.32644490038777,79.99853368405509,0
49.05865045745669,80.3336737492866,80.01681098869182,0
54.376693514845506,80.34238677395241,80.03412761748294,0
47.42759828314791,80.34089631971356,80.0490540438094,0
46.28944500021839,80.34128314966675,80.06322321055363,0
42.35210983514316,80.34261834646131,80.07577959277886,0
39.06615449135564,80.34176716555598,80.08605179291973,1
30.68322777667872,80.33199808943282,80.09472018102748,1
29.50465521583024,80.32027013208256,80.10105677104403,1
21.006318302542994,80.30966525617691,80.10792793590795,0
31.265669733580637,80.3018103114537,80.11771636782319,0
33.08504164016813,80.2938453512659,80.12718405021333,0
31.950993399067016,80.28694889755533,80.13579790907676,0
32.70569194675025,80.27357783916666,80.14399300476822,0
32.35738956498683,80.25618975215926,80.15007106402295,0
33.304325061517744,80.2329868669747,80.15501542490489,0
25.55922565264909,80.20864923908442,80.16081116332798,0
30.204380522650993,80.18182877108379,80.16564771902723,0
27.92410537404905,80.15487636495918,80.16996547564467,0
24.93901101125735,80.13002829977106,80.17156187709294,1
28.282499276829725,80.1082794446491,80.17285672360632,1
28.61068048940058,80.08670052509811,80.17150492235069,1
29.547435077082653,80.06029630061786,80.16955557878352,1
39.103019115802105,80.04471957719184,80.16926315247657,1
32.82935444814201,80.0297266002872,80.16927359876887,1
28.603262309710132,80.01564058672128,80.16728411056555,1
37.45167797319727,80.01019047290447,80.16817739870892,1
46.88655040253198,80.01025243812475,80.16962006265409,1
62.91349855581329,80.01744063180543,80.17283572722212,1
67.72196819900536,80.02634805073896,80.17684311044289,0
75.38110486793249,80.03121571598714,80.18036714044065,0
70.90524967235595,80.03073987052173,80.18171532396025,0
65.15459778596413,80.02877672777771,80.18132439127312,0
70.98117803675962,80.03230291357156,80.180480045597,0
73.35280078501779,80.04046522434929,80.17981539501484,0
68.85691627212441,80.04547919332103,80.17746894760518,0
60.14619302206126,80.04666699342995,80.1737261103453,1
62.30185853577756,80.05484720187931,80.1701884773282,0
56.38872509514652,80.05986335592048,80.16562731400482,1
51.922250356925424,80.06420334866249,80.16056912767377,1
52.66304971234251,80.07392899903476,80.15630460816433,1
45.17811234720771,80.08200132983349,80.14906900644208,1
41.52937854523742,80.09341140817222,80.14340365195709,1
46.441535666262894,80.10607235144984,80.13854755484039,1
52.6147092519688,80.12386172224947,80.13679518446993,1
53.07293974822072,80.13851463183687,80.13262690252088,0
55.83310642239348,80.14989022818779,80.12913952931974,1
51.793355967509,80.15703533229178,80.12419625579678,1
52.11413132268132,80.1595551236885,80.11917492937764,1
61.001167534771476,80.16435629084476,80.1172713708039,1
63.94058340296779,80.16400541196234,80.11539134507048,1
59.72502295853287,80.1676305057743,80.11529802655532,1
63.651065471605904,80.17327110855834,80.1136781251155,1
71.01337423927984,80.180478271672,80.11631282638037,1
71.22395840245133,80.19227197027041,80.1202109232563,0
75.96818841725947,80.20711622100161,80.1232680974213,1
74.13619219643222,80.2283059891038,80.12834163976441,1
71.888467170818,80.24549132994711,80.13558577353392,1
68.55479221777469,80.26900125361223,80.1451197626167,1
56.484477777278244,80.28675189058009,80.15140378143502,1
59.66314753226957,80.30343078553457,80.15695279779669,1
66.2661467491296,80.32927988741544,80.1632428209019,1
66.97391826857125,80.35425128123515,80.17032460542902,1
66.13431024752137,80.37644713097066,80.17969527156198,1
76.2551273494521,80.39598432084878,80.19271301194576,1
75.47984133975953,80.41767375567818,80.2065016580023,1
78.03333948357482,80.44203121210363,80.22249231852742,1
75.6081688633647,80.46770217289082,80.2385456165196,1
72.33226485819159,80.49326223225232,80.25452927629489,1
70.68124195433187,80.51251660824474,80.27026669419338,1
71.82259523276355,80.5368232565282,80.28680886982211,1
74.11485305127064,80.56514692455406,80.30667658633772,1
66.54525631160438,80.59118085269175,80.32603194594505,1
84.37820978689774,80.61481247960471,80.34434998734554,1
83.47726424403446,80.6352516797608,80.36242095504575,1
83.19660493850455,80.66177294686904,80.38172104148039,0
85.3482923982158,80.69403813910996,80.40188070624663,0
76.90083921659581,80.72043550954069,80.4196590021003,0
69.7466004312743,80.74180693830178,80.43486628521524,0
65.69250037644014,80.76945241026726,80.44864552524635,0
59.877541441157426,80.7926702509494,80.46153461178159,0
57.59027339633028,80.80929886704554,80.47466641951142,0
59.208699424239455,80.826226770705,80.48930462259993,0
58.194392440307126,80.83733846503314,80.50170949214662,0
54.036564704969635,80.84202739036061,80.51333787835028,0
41.81782730894208,80.84344712035897,80.52568882881748,0
48.3392126281415,80.8438286510005,80.54135698155565,0
44.70876381211038,80.84396319332097,80.55419201309627,0
41.71989854311756,80.84348681332986,80.56797865925864,1
28.126708612779055,80.84242857163602,80.5815567833828,1
9.49252248002854,80.83563765524443,80.59149233230598,1
25.850042049780185,80.82801228023673,80.605080966499,1
26.651561950488556,80.82237254435304,80.61761640041738,1
45.21976475438234,80.82349511641607,80.63131909333201,1
50.697532837440704,80.82607985338105,80.64330820749838,1
59.093027195173775,80.82981607695612,80.6582416195281,1
61.01446102346841,80.8313855997762,80.674478854882,0
65.44667450309709,80.83646472532917,80.69143075931525,1
66.00566548313301,80.84146551412417,80.7076304413895,1
65.0593380535708,80.84498261618717,80.72089605538332,1
66.65144172148528,80.85369557631259,80.7374106775217,1
67.58574769266036,80.86455701592226,80.7534370235706,1
70.10764770367125,80.87629565348715,80.77051444057146,1
75.90317514297095,80.89343214232859,80.78689104040926,1
85.79870933487346,80.91402213000369,80.8020379422436,1
80.48033609146782,80.93563377961321,80.81709585226211,1
83.8647681811563,80.95894347396647,80.83361197550073,0
77.95002489712661,80.9818152620151,80.84872158592346,0
76.3714880290808,81.00576073923817,80.86268245350901,1
73.25299542068647,81.03475590757355,80.88075839018018,0
69.111077322028,81.06873342933433,80.89761338982588,0
54.777795947102604,81.09154322432019,80.9099863012609,1
63.12629747282732,81.11866398668005,80.92338148259535,1
74.09421973513956,81.1411074419819,80.9371832177365,0
58.47947031056094,81.15510057822624,80.94695471044936,1
52.125440682417356,81.15978357206379,80.95508554608233,1
57.418061976904816,81.1678174164471,80.96479333661938,0
55.37869963286546,81.17609123306646,80.97478638338549,0
54.046053814747275,81.18631476525778,80.98485145459169,0
54.253587600754635,81.19831848471136,80.99521680596996,1
45.56734208528097,81.20334568856524,81.00401965033652,1
45.58257021483951,81.20688227627338,81.01013116425833,1
49.38356415710856,81.21158318378217,81.01867537300762,1
46.2779074753948,81.21358898296124,81.02640164175186,1
49.12034800276223,81.2164218108959,81.03450599469762,1
63.519042817508634,81.22652972875149,81.0429985650151,0
57.273364280799186,81.23145956604029,81.04858054627285,1
53.586903056021015,81.23801875458301,81.0557548839404,1
67.77346498055051,81.24755331383274,81.0649810037214,1
68.494829575027,81.25171942017872,81.07366519414477,1
61.458760623441854,81.25665666388271,81.08320795499921,1
67.86025746317279,81.27359725118973,81.09570565491859,1
65.58749820864786,81.28604979264796,81.10731069137252,1
71.54548350388652,81.297906270265,81.12141033982925,0
77.90500726854822,81.31525280633768,81.1362448768402,0
82.64802431310716,81.34185849815421,81.15445009720042,0
70.15780938406154,81.35652225083312,81.16987077655241,0
70.40463296371831,81.37064373944705,81.18545860183593,0
61.13157951040823,81.3799330455772,81.19942994749063,0
51.94058878404271,81.38832534660159,81.2135755159562,0
51.404184670097706,81.39776454992831,81.22887040821006,0
49.07698568810326,81.4069662795158,81.24171276396996,0
40.25254794873583,81.40913956444173,81.2533821810431,1
43.25778276008622,81.41113060975024,81.26145583908554,1
44.61084749605384,81.41263549005136,81.26912824936576,0
29.62236739448832,81.40341983423835,81.27244006792799,0
28.88580925188657,81.39403171025347,81.27363899046377,0
36.76519258643635,81.39191386072972,81.2779345381006,0
38.70264302148365,81.38759731576388,81.28343372437729,0
25.238856050395682,81.38040862791439,81.28783559883566,1
25.723268969159818,81.36809369214812,81.28896720133342,1
26.614873210430304,81.3504134944983,81.290048246349,1
30.526667670991387,81.334168918879,81.29045999752925,1
30.824780317283157,81.31253529857022,81.28905160232591,1
43.81842385785171,81.29848360597198,81.29002946722751,1
53.9451057214007,81.2870784472482,81.29502796425443,1
57.31897533250423,81.28018255643138,81.29836640953839,1
59.97987014478678,81.27591810743492,81.30309974000386,1
61.14047581412423,81.27948329540735,81.3089189699583,1
69.79875603349141,81.2887754205475,81.31518332114577,1
69.76156021668982,81.29827995299057,81.32068901767256,1
68.5666460771645,81.31498395107121,81.33108905467037,1
67.5423279567309,81.33532803921271,81.34004780205616,0
77.78542166316807,81.35728401248686,81.34792646728752,0
86.90617369379102,81.37774980517864,81.3581879401467,0
85.62710046160726,81.40273685850738,81.36962138250541,0
85.84142198000882,81.43069498815856,81.37879001914835,0
81.72872086574193,81.44652367758665,81.38610751590868,0
65.48903960624773,81.45485074374315,81.39084811577145,0
55.05781673871839,81.46839141116335,81.39586476941646,1
51.85942499481505,81.4836103194011,81.40107305366777,1
50.336610944102496,81.49987974598605,81.40724723423408,1
47.853377274391576,81.51723616954736,81.41272119183535,0
41.632763936281066,81.53654272061192,81.41823309738618,1
53.440801723068176,81.5535597943815,81.42488466062174,0
41.57751136992231,81.5620372076614,81.4292309558184,0
35.18390526417856,81.56661974113761,81.43243047957732,0
31.19326544737757,81.56763004456275,81.43494425599575,1
39.22993205776887,81.56944936569123,81.43767739070171,1
33.408873024006425,81.56168243443442,81.43916852684805,1
31.531189601334745,81.55569753573545,81.44030536641365,1
38.545205028193,81.54525645821303,81.43975273747968,1
59.09461957304496,81.54369079393669,81.44310420257165,0
64.01290685665235,81.54469371072467,81.44664144347139,0
69.15396433454316,81.54612343104296,81.45053619002881,0
69.08938749516787,81.54971222296385,81.45276287242929,0
58.225249311966756,81.5461900958219,81.45465715714387,1
53.92711961390737,81.54311551991024,81.45509622809396,1
51.10019660696253,81.54859595120955,81.45831327802438,1
51.699810368448986,81.55529802731861,81.46265384170326,0
58.83776936924573,81.56581139507341,81.4682917917258,0
60.018492402300865,81.574652561836,81.47432174716215,0
55.79812194484219,81.58206339336655,81.48189072340527,0
67.48322573097116,81.58976641663774,81.48968742014118,0
61.2011891394643,81.58918999517633,81.49550646267174,0
57.569356438056964,81.58788698166282,81.5030178147882,0
36.13303906119283,81.58728303341013,81.50973100883998,1
23.674554191487317,81.58538916596768,81.51233437809094,1
32.62058377356931,81.58357483412004,81.51606839804417,0
27.910984766241157,81.58731315692066,81.52193033845056,0
40.860077772781516,81.5933007612242,81.5303881940441,0
48.53691446438343,81.59778976918905,81.53870324735598,0
40.13517719787878,81.59237211766438,81.54638548208581,0
33.036731521912984,81.57971953504781,81.55351513806244,1
28.496143582690834,81.56533014286967,81.5572748047879,1
29.949855082799274,81.54983482747072,81.55786542451828,1
35.11296513129551,81.5424311616815,81.55955659924392,0
35.27042059701557,81.53885242858125,81.56026995655249,0
45.837335096281244,81.53526701967341,81.5606267677308,0
39.11361945130279,81.52620069904167,81.55762395310093,0
51.15646557939787,81.5190156668675,81.55658607727658,0
48.24424494000092,81.50804317982418,81.55154543866335,1
46.98154621653385,81.50029156070774,81.54787613200328,1
50.86811749842728,81.4938416150076,81.54431046114946,1
38.80787201566239,81.48474560794662,81.53830478377893,1
42.28289907956979,81.47879655596549,81.53344169377142,1
48.66786845268991,81.48014717214295,81.52951188243372,1
58.30856421341585,81.48761965869912,81.52877277053592,1
56.537543153956335,81.4886870453403,81.52960291868301,1
56.52489992592585,81.49092894685357,81.53094535272663,1
56.93282062965045,81.49349374508175,81.53434156431634,1
58.988121017351254,81.49808637992531,81.53798590093169,1
58.212326349828004,81.50527193725205,81.54159978916768,1
63.71495437518786,81.51435164637664,81.54463870836832,1
64.0994713590865,81.52796224063475,81.5470357832892,1
73.45586155820524,81.54422544420358,81.55074071913515,1
69.96198513470748,81.55809358370144,81.55614613626945,1
63.59503048756624,81.5690012079647,81.56081842191328,1
70.94093569908571,81.57541282704776,81.56301215227342,1
72.6906246488512,81.59123982112449,81.56944690777695,0
72.58407745314548,81.60735272783964,81.57724815411825,0
68.68248042790333,81.62707610979348,81.58427329929553,0
73.20311466573378,81.64294350908548,81.58757721806282,0
60.05930413862985,81.65139175575949,81.5869896791634,0
56.64981288591486,81.66565758365367,81.58611844482321,0
46.78100234967397,81.67363371480081,81.58301029050622,1
45.42254027223798,81.678885911313,81.58259020863017,1
53.3702661771126,81.6839060652518,81.58508898867254,0
44.05964485623237,81.68823138357959,81.58545709163103,1
39.7480979187001,81.6927505617111,81.58592636648363,1
45.967038934583876,81.69826347068718,81.58732239456187,1
50.71954159990689,81.70209249636004,81.5889618747413,1
51.76533170243734,81.70287151588572,81.58992303817534,1
44.104526839205406,81.70507795568764,81.59076332398827,1
44.142572970266656,81.70718576844833,81.59423409259799,1
45.915700377542514,81.70690295161135,81.59834710711456,1
46.96476943871558,81.70711369859148,81.604078402342,1
65.09347516702783,81.71366923450984,81.61213044933014,0
67.89088604791787,81.72428913923085,81.61929787431774,0
67.77258814138492,81.72651088132758,81.62512599753973,0
69.4892180495338,81.72768907111434,81.6310034780743,0
68.66796675709207,81.7320423815425,81.63797434423691,0
66.66711413906106,81.73299603087173,81.64382678334574,0
52.11804344502112,81.7323128042718,81.648026986853,0
42.83614921109853,81.72850297857528,81.65138757910546,0
41.27453311937533,81.72824825800748,81.65437566272094,0
48.39497042077693,81.73077160833746,81.65792638729255,0
44.83088480637965,81.72651477765893,81.66015392830361,0
42.95296670529142,81.72727270805966,81.66225936698552,0
33.34050306930355,81.71781726377218,81.66257299237583,0
34.166957318212,81.70568967589091,81.66199199817122,0
27.67998967086541,81.69151691733846,81.662351369747,0
35.059453807353876,81.6858983397111,81.66416574977669,0
33.57661736253057,81.67407681468455,81.66285740385905,0
30.840236335518654,81.65907911500565,81.66396749542162,0
23.301927599122067,81.63704315035976,81.66164574487227,0
24.325212424684565,81.61323041474981,81.65731169938472,0
25.251377026846612,81.58010702211112,81.64912539469493,1
37.25323641795337,81.55277546708462,81.64493324301546,0
36.691962018239394,81.52822502041745,81.64004442696528,1
32.188650707524275,81.50092193161751,81.63397475268862,1
34.002099578512784,81.47037035043442,81.62688793244055,1
29.20699578153959,81.44019021105905,81.61779409286855,1
40.7166229218198,81.42085777102096,81.61062943671072,1
42.620821307597566,81.40700969900482,81.60300656245349,1
47.349459283678776,81.39648331946394,81.59527881282509,1
35.25852612721549,81.37869686468551,81.58616769968619,1
45.918927540084496,81.36751357142676,81.57955887368844,1
49.86110640227382,81.3578390068956,81.57522983892467,0
56.50606182974416,81.35684174349113,81.5688137613225,0
61.95510930426135,81.35817331610761,81.5623202334784,0
72.07610439683529,81.36171891307609,81.55620849106005,0
55.364380123069964,81.35322920575024,81.54828002844259,0
56.269488871139835,81.35031331767514,81.54242602862531,0
54.86160097307689,81.34587735884632,81.53605540549867,0
55.432174056342724,81.34789896171424,81.53135184363764,0
65.49465191212013,81.35503307142253,81.52777056342853,0
52.8085130778535,81.36235204677554,81.52050378730445,0
47.999251587733035,81.36075049379271,81.5139408871007,0
40.11274091039372,81.35763381670634,81.50599772896338,0
41.777309408531714,81.35267302097486,81.49573857280369,1
32.02518270974089,81.3451788735797,81.48412248332842,1
25.094322365474255,81.34158593928817,81.47327986222953,1
29.759392226990357,81.33626195909967,81.46310303807553,1
25.517307823826044,81.32998715864203,81.45212711853098,1
24.790115740651686,81.32132830735323,81.44104895512183,1
35.54481716317902,81.31865266191392,81.43078328501515,1
51.19322486421319,81.32002664979063,81.42210183980075,1
54.36338078914791,81.3185220549551,81.41292300521437,1
58.31935812832345,81.32110129982854,81.40664992872287,1
58.10380225101929,81.32390797922949,81.40080779672446,1
73.71857056175588,81.33162869823346,81.39604301773643,1
78.02899513068758,81.3463742660698,81.39363132252181,0
77.84087454165167,81.35895681560476,81.3930836331585,1
84.20966487378973,81.37410245343322,81.39429519544186,1
91.52350203661837,81.38979052023814,81.39596874852991,1
92.11544302460845,81.40481806516837,81.39738914616089,1
84.4691739834795,81.42233399165286,81.39883147290202,1
85.66254832492392,81.445431774068,81.40120451350406,1
85.44467692144904,81.47121827931528,81.40735813518063,1
85.71356419199745,81.50228111269692,81.41437514752609,1
82.76024489784841,81.53702978600198,81.42232763079383,1
82.73838811282603,81.57195850388874,81.42770392790058,1
81.26243961723219,81.60595442816886,81.43585408346925,1
80.65344648666567,81.64102003014676,81.44490348458741,1
81.05742795475796,81.68190416840294,81.45899336233909,0
64.47018459306138,81.71415409954919,81.4711527589349,0
71.67136062400503,81.74042979879067,81.48623095047257,0
70.93063101245372,81.76640707327269,81.4983756476896,0
68.91966272893514,81.78847712476664,81.51075077046255,0
