RSI,MA_FAST,MA_SLOW,RESULT
48.12244529213776,149.07857526051436,149.07342063946464,0
32.78517825085298,149.0748355677052,149.0726604192679,0
28.080429309316486,149.06935753199627,149.0718685034096,1
28.78781388012807,149.05980860015126,149.0713753897319,1
21.071337876853434,149.0496267886397,149.0696186766372,1
19.65201454946572,149.0408927919624,149.06679608097988,1
13.3649348217983,149.03418312808526,149.06350159290196,1
33.9004855907957,149.02964096178766,149.06264339805466,0
36.64364540629924,149.02475375137155,149.06221777345732,0
40.421985314806214,149.0216269402793,149.06172619920812,1
48.762429802887645,149.01718587906652,149.06029556012186,1
35.752668314985215,149.0082401083283,149.05757847867602,1
33.5705002445342,148.99706833128613,149.0550037501642,1
34.01799842892545,148.98760159932442,149.0534721033769,1
50.402828050903864,148.9843724786187,149.05521160786637,1
57.11578670576172,148.98159024957312,149.05605285057985,1
61.192956244606336,148.98275426587014,149.05595111522734,1
63.344583351866945,148.98317873057502,149.05588273602305,1
60.79658887774323,148.98040730787247,149.05387187968347,1
66.20069556086335,148.9801789252099,149.0525592959882,1
67.32734529097317,148.98215620750088,149.05249629430725,1
63.507785094528906,148.9890659647394,149.052817639216,1
57.151825357408256,148.994881923776,149.05094931499445,1
61.5210033450769,149.00460093034175,149.05036799885704,0
55.01908715734374,149.01297680700884,149.04713194962304,1
66.76181986846856,149.02302526171357,149.04676560341446,1
72.33094742072849,149.03707166377768,149.0476239909834,0
67.21103747096976,149.0446873263,149.04751792090462,0
57.656011854870954,149.05064597021118,149.04717269451493,0
58.8965892357578,149.05625185793085,149.04683451887442,0
55.54369172613548,149.06089799640102,149.04782397071457,0
49.55430323029802,149.06636433787975,149.04762292220138,1
54.28849411074026,149.0720431859571,149.04716380923358,0
45.75710550821572,149.0752129852003,149.04443281200093,0
44.55819076633997,149.07393653942876,149.04258891114196,1
37.89483686493875,149.07103530803647,149.040646302402,1
47.6710590389432,149.07092421158646,149.04053814308415,0
38.983131780074984,149.0691398666727,149.03891090424816,1
42.59246057492686,149.06924799290402,149.03670165299636,0
43.68469277003877,149.06861998188072,149.03569362922389,0
27.47914016368054,149.06355975273235,149.03312606777146,1
31.779060149812878,149.05723877233046,149.03067497819185,1
41.60125019015267,149.055873207562,149.02852586299744,0
35.74839675308617,149.0477774114632,149.02556779859145,0
38.21685761266525,149.04322945343932,149.02306791571218,0
45.186386676973825,149.03794992066165,149.02115111037688,0
48.57914086590357,149.02951743217645,149.02124213751424,0
47.85445503947313,149.02053680504844,149.01996257190535,1
40.8506427997014,149.0098729793527,149.01726954768841,1
46.48280357572702,149.00015217499924,149.01503832289612,1
40.32661047375378,148.99222101859263,149.0132822739459,1
44.81794238532692,148.98831692318686,149.01301546439404,0
48.0482653644637,148.9850336860805,149.01343427086726,1
40.73889688383128,148.98260551550015,149.01355157814046,1
47.645313407280995,148.97963775543232,149.01459329785902,1
48.01370381766114,148.9793796498834,149.0160410455704,1
36.29510039679449,148.9740612342792,149.0164893855617,1
56.01954182954228,148.97466302423896,149.01691972922868,0
57.391845235603704,148.97704384028873,149.01761768856326,1
49.6057574358345,148.97494352669716,149.01702026379104,1
48.97922768070609,148.97706161721558,149.0170763630311,1
50.28791434870433,148.97649308425895,149.01797616856413,1
61.65231394307725,148.9747618507986,149.0196032708024,1
64.11530834017884,148.9792135245294,149.02221256867347,1
58.056198410787964,148.98141788655602,149.0218860788871,1
60.73735983282952,148.98519525296078,149.02259311173196,1
60.97038580895813,148.98814818638917,149.02339970572183,1
67.44124366003939,148.99570421931418,149.024972767401,0
71.60460936501536,149.01045425988872,149.02928832849494,0
69.60917960168854,149.02348919090895,149.03236242917572,0
69.39267378740199,149.03417401630452,149.03408939746737,0
59.528758466365204,149.0423092220205,149.03431276730646,1
54.06041709068432,149.04784569789885,149.03461978051644,1
59.4004503426759,149.0547291891239,149.0336028816533,1
58.23338148910554,149.06185670109787,149.03414525549462,1
64.88755902407314,149.0689481999055,149.03441022084718,1
65.02673676330907,149.07948608242873,149.03345515302215,1
60.653029463010036,149.08588369867,149.0333982781767,1
71.58021183365503,149.09447464094816,149.03514915685804,1
66.48496372529593,149.10513605428383,149.03657394233224,1
73.2758517652636,149.12042026554505,149.0408852706887,0
72.809860071812,149.13928431505363,149.0471441594337,0
61.58809662876537,149.15446935958178,149.05257374025229,1
56.957287300885895,149.16466631114088,149.05799389904968,1
62.90164724314121,149.17777829682765,149.06342278184664,1
67.06712965230977,149.18823612537415,149.06947343866702,0
74.92720504549939,149.19936982962807,149.07477795293846,0
76.6328334015554,149.20972490555636,149.0812067829545,0
75.2882186183664,149.21567287860654,149.0878582827759,0
68.65570546567335,149.22027356522602,149.09302386251383,0
57.19377626152057,149.2231694361345,149.0979332708282,0
54.97691230684587,149.22705589333282,149.10223961570742,1
52.572274384775874,149.2346837960426,149.10614401590865,0
54.73612530967551,149.24296339333802,149.11167727440326,0
34.902391186752354,149.24769174643401,149.1159301726925,0
31.69511466742803,149.25218883535095,149.12010578672286,0
37.82958744090859,149.25569797327822,149.12392736946285,0
38.66140641202621,149.2572000013064,149.12806355667988,0
36.202260904340726,149.2557934709465,149.13351735349556,1
37.67064733013036,149.25510952197473,149.1385568811224,1
27.33032131886047,149.24577808096385,149.1423080956372,1
26.32153438652766,149.23584554671817,149.14615560884621,1
31.21077262128304,149.22908773192717,149.15019535859096,1
42.33261256797341,149.2271518420507,149.1558124296699,0
56.83433583332943,149.22649481076118,149.16216560397822,0
51.2889963083898,149.22325409197967,149.16702321550554,1
41.960457762892304,149.2163157743392,149.17167976896252,1
43.71881845155413,149.20947000841284,149.17512957662404,1
52.78550946405894,149.20393724279205,149.17861564377725,1
54.478099427619924,149.20145381561602,149.18362797808138,1
66.62208857935842,149.21099134820037,149.19150516322213,1
72.76243111659815,149.22280779698372,149.2007655007973,1
74.7211356960996,149.23525322903012,149.21034056720126,1
76.27778881429512,149.24935884000473,149.2197354005934,1
83.56335098555628,149.26771393568066,149.23044859234236,0
81.26505897223112,149.28497423349427,149.24001737893627,0
81.52825553109125,149.30307483087205,149.249898027256,1
75.56205821266121,149.3214196870884,149.25834974378958,0
72.23223075800931,149.33888935239116,149.2648913904965,1
77.49793440162223,149.35514017373228,149.27121727425177,0
84.04900702664716,149.3741319004003,149.2782912492755,0
86.23384563532895,149.3975161366173,149.28823837468494,0
74.64414567537716,149.41545616028486,149.29723954354534,0
74.94185939085398,149.4325117675736,149.3069254610498,0
57.48276849454925,149.443590985789,149.31485931785465,0
53.32144250588484,149.45669608482322,149.32212236947262,1
53.14559950016135,149.47434179093088,149.32962205236336,0
49.49252988776274,149.4909791768748,149.33716776790595,0
42.206840257145906,149.50404985739596,149.34244573035636,0
40.828228381599686,149.51436403335506,149.3473191697099,0
40.439514346353384,149.51757224957322,149.3503659568334,1
40.5829803310727,149.5178635292857,149.35219718649014,1
42.44082164595129,149.51609420687413,149.35499050611818,1
44.433523986156885,149.51228759090924,149.35878391250074,1
41.69381570739844,149.50555919688037,149.36156095236348,1
40.86096843718058,149.50434491496895,149.36646089477418,0
51.38382602236039,149.50284983605968,149.37129002982866,0
40.07835282899423,149.49854705793604,149.37387860474144,0
47.14430853787063,149.4951934963263,149.37669963758444,0
46.3253361038394,149.4914449537039,149.37968582964294,1
45.13583604908868,149.48942379945984,149.38479299460562,0
41.69282702307704,149.48043300573158,149.38958921964445,0
45.53595552395753,149.4753745112199,149.39351582961626,0
51.40227183048622,149.46990857896796,149.39770353530176,0
52.270396862401284,149.47000100766883,149.4037830223486,0
50.01578592998313,149.46846053084818,149.40863104767152,1
47.514922868956525,149.46372835630294,149.41283420557326,0
45.334526924413495,149.45778754979148,149.41740278729998,1
45.32850944325136,149.45279956275903,149.4212481670814,1
43.45516393086299,149.4533719901819,149.42662415699274,1
42.25902960409838,149.45332879439064,149.43338624220414,1
45.46862492681487,149.45209649435964,149.4386975655467,1
49.15983962273564,149.4524363982848,149.44432997266122,1
60.61222402285586,149.45743323611697,149.45089647012725,0
61.18463337875384,149.4662071599151,149.45744589202502,0
57.803599727994914,149.46676553824884,149.46386547328186,1
56.22558806369354,149.46481599167663,149.47069011676362,1
58.55924309215165,149.4702496683239,149.47819046870586,0
53.09211260788514,149.47367784922116,149.4845958801561,0
59.406654545277036,149.47958515619024,149.4909383658726,0
63.1180630013986,149.4853194034413,149.49452421670202,0
61.117371292246766,149.4907507723612,149.49676640979544,0
63.766547891478346,149.49630580107257,149.49793685843326,0
45.923076098787455,149.49346163911557,149.49534465494608,0
41.55758043429199,149.48638105105368,149.4912498684978,0
44.39316850049345,149.48142574489265,149.48721165223085,0
37.35217678885691,149.47442555119426,149.48137449370216,1
35.24375500431337,149.47214616026275,149.4776933765697,0
27.43155827917947,149.46812739885655,149.47294338566752,1
29.560105636526487,149.45916647180655,149.46823467622247,1
31.29238513345986,149.44959034457696,149.4635696198748,1
32.153410619911696,149.44606872659165,149.45811860153646,0
30.539932957171843,149.43727376360954,149.45305701399113,1
33.822134612489336,149.4263247427999,149.44842166021778,0
30.31328181058811,149.41308216686886,149.44524236445696,0
30.202466196167265,149.4010499894444,149.44160703513032,0
32.48819250641904,149.3911387358879,149.43740889474643,0
42.51651127281071,149.37883156156084,149.4333314225803,0
44.096411860632934,149.3667676244957,149.42968298699597,1
45.4341147491152,149.3538644446396,149.42673853038642,1
49.20887641073437,149.3383604808907,149.42283950922902,1
40.50363181904256,149.32519029486045,149.41969711602533,1
52.52671210537298,149.31363646376292,149.41695376118875,1
63.17718496436173,149.31290285838165,149.41559076193505,0
55.15305248846911,149.3116913983028,149.41370274906674,1
57.96652179611092,149.31582513307598,149.41180373947367,0
55.373152023308585,149.3183794709269,149.40758634764904,0
49.654686016015326,149.31693746897295,149.4050495409845,0
52.27126014523443,149.32001677297302,149.4028726963262,0
58.479590016761065,149.32471100667254,149.4015410974099,0
53.226143850190375,149.3277174362761,149.39888707460128,0
51.30156522127069,149.32702963592328,149.39675725361315,0
51.82577075369609,149.3284535127477,149.39428861460226,1
48.74561940206479,149.32595249728863,149.39083922754605,1
54.17848012734526,149.3253312775124,149.38737447239436,1
55.13114979237913,149.32770802012075,149.38530603083936,1
49.34952762205108,149.32749787714812,149.38291670308448,1
46.2043577655087,149.32885690975783,149.38175916656684,1
53.48550701303698,149.33224863037353,149.38146261404177,1
46.51044981109776,149.337305402097,149.38031189515246,1
63.14927933987693,149.34463611515858,149.37936243753617,0
57.906031309271114,149.34985477581307,149.37880042860672,1
50.87144527944743,149.35233544699474,149.37691338067276,1
53.536375880081785,149.3529375264578,149.37379247807138,1
60.723153675717164,149.35768068245656,149.37029215808334,1
62.0764552570189,149.35759760269804,149.36813656525337,1
66.44462336977162,149.36215156909387,149.36652057861593,1
75.86121521768752,149.369909872942,149.36491362283172,1
68.1251798610565,149.37502390288972,149.36341111779365,1
68.82771648424398,149.38073501615202,149.36200104139462,1
72.96618327543314,149.38738782894785,149.3597144448039,1
67.58634430492168,149.3940187954508,149.35806446284897,1
70.69357613184471,149.404217825352,149.357453424314,1
70.74102147926092,149.41758810852284,149.36048981530897,1
71.37981430627863,149.43088081477657,149.36517437788353,1
82.18350462629991,149.4463036500894,149.37125719291808,1
87.7067660141233,149.46332563410755,149.3784767362498,1
87.61234124779774,149.47986354335578,149.38484611980405,1
83.283706449694,149.4950164393925,149.39221823025616,1
84.14318415474672,149.50907574314127,149.40027560368634,1
82.60738455598803,149.521431754178,149.4080990013766,1
79.74423446827298,149.53586339495726,149.41471829595298,0
88.00170454031345,149.55288653449583,149.42315848902726,1
77.43792280955367,149.56639808216306,149.42982181381666,1
84.17637922445792,149.58324058498727,149.4383555253307,1
77.61134697522365,149.5978703471192,149.4468647083233,1
66.00189848844906,149.60951088520883,149.4538694383443,1
67.07505990758202,149.6208873991199,149.46173595785535,1
67.00957402377338,149.635368311186,149.47085139246977,1
64.734190468252,149.65002464067305,149.480465119808,0
66.78073348711757,149.6665461293225,149.49098870417663,0
64.38685976437301,149.68352814951112,149.50139960470926,0
60.74592167131555,149.696030419589,149.51041100664443,0
59.78503182320056,149.7068515846931,149.51806930583354,0
56.72414947503769,149.71432651150718,149.5262284231653,1
60.01073247161776,149.72106210766415,149.53335198275335,0
57.07654527618899,149.72742016810275,149.54209301512014,0
57.037231375643636,149.73039294417214,149.55022830988372,0
45.468996844088,149.73334047181152,149.55754770979155,0
53.26028873218045,149.73648766044377,149.56498626519485,0
57.52916483410927,149.73866095189135,149.5724764076227,0
45.12323929379247,149.73877021088163,149.5794145259363,0
40.962001790232826,149.73809027520497,149.58701319401018,0
37.691667675268086,149.7397975281203,149.59535982614932,0
29.028847289247537,149.73566763038252,149.60249006647874,0
27.176047038921,149.73273983338873,149.60887743363045,0
33.50856322454243,149.73305922141913,149.6160939760527,0
26.724104743527107,149.72752803506177,149.6212044079769,0
24.46477779521814,149.71706106948548,149.62477636811454,1
13.5549991261978,149.70358069499542,149.62697523696735,1
13.44881398384679,149.6882098521773,149.6284181989841,1
18.247990501873034,149.6735637598356,149.63088319831826,1
32.18463557591973,149.66424305782374,149.63517405097605,0
35.35101074779902,149.65667661008018,149.6395649392825,0
36.919292813714605,149.65027232755816,149.64326508120593,0
40.49065887548516,149.64163487666843,149.6469668923415,0
34.41400208754213,149.63107835472198,149.64966372937138,0
32.5234774843823,149.62233464332505,149.65119821803694,1
33.34834265423528,149.61366518952858,149.65300422444707,1
37.74078021156936,149.60479227019496,149.65460916681204,1
32.70535843675523,149.59532980932403,149.65565319977316,1
42.81802637147472,149.58887854663982,149.65735842641192,1
60.71296322327329,149.58531924815253,149.6594537631304,1
65.54544753342637,149.58096580945718,149.66071090652306,1
69.0928986214819,149.57865221164064,149.66159862522437,1
70.51985249720221,149.5789452756391,149.66193408385033,0
60.47996719624025,149.57781673969262,149.6618904182867,0
56.63800775215123,149.58044149588633,149.66143558898912,0
58.146226143081705,149.5862522539283,149.66127069392888,1
58.952034564169324,149.59389364285636,149.66090239685343,1
61.124965551419464,149.60027856693392,149.6599569240865,1
61.45983364361642,149.60602127018987,149.6589463484113,1
67.20028901150519,149.60957228946538,149.65784835296387,1
72.09781749338725,149.61445689527474,149.65878846452716,1
83.32510376747405,149.62185498486267,149.65871084115605,1
86.24974753343446,149.63413412133576,149.66147240202812,1
76.05514586117935,149.64693806787938,149.6646346024396,1
79.182698892124,149.66174415968715,149.66754092226384,1
78.684635853792,149.67760995158022,149.66990088060476,0
81.70335720549706,149.69767606695524,149.6736697373249,0
78.67491390054835,149.71777978128713,149.67614666055903,0
72.5801224755375,149.7348303231736,149.6778792958769,0
68.98938669306106,149.74709422553735,149.6798792855097,0
58.48931040958506,149.75482929857282,149.67990199207492,1
59.51968672217589,149.76048176166728,149.68006072528843,1
56.38691312008464,149.76288010030567,149.67866128090694,1
55.334410348873504,149.76651684352385,149.67752908845515,1
51.605477563611444,149.77041809817098,149.67744565058868,1
54.732082289396565,149.77850614108647,149.67933696163885,0
50.54160239709143,149.78851106761255,149.6817117597209,0
51.29356861708257,149.79895441197942,149.6840743081217,1
44.38712872896439,149.80732382114624,149.68636779251716,1
45.69336302896334,149.8156808195562,149.68888457070435,0
31.070253087351816,149.81781339370434,149.6899948107608,1
42.46408457898313,149.8219066389179,149.69320644457025,1
50.0654860988692,149.82381286919156,149.69790161634927,1
50.548775569430795,149.8263889392757,149.70196648958225,0
52.13509354274836,149.82315415624726,149.70579137073804,1
58.76301724055562,149.8225498731233,149.7120964020599,0
61.61585574567634,149.8167638359385,149.71894299370214,0
64.52503242177825,149.81557863412223,149.72709417333698,0
57.155387892677986,149.8126973369188,149.7335327267102,0
49.15834123000796,149.8098165973767,149.7381087013309,0
45.568288182407265,149.81172055470185,149.7419195699236,0
47.812203864781374,149.8149111136343,149.7459162397189,0
49.53984709724524,149.81879533480316,149.74952546416083,1
50.066628614898924,149.82374138227743,149.75459429947736,1
51.09553544277484,149.8255210628893,149.75872021841434,1
41.95957683852046,149.82276583468263,149.76297721970047,0
35.51255142703778,149.81814469405555,149.76705272926515,0
40.71246603084977,149.81597604616363,149.77233280285756,0
53.75587205073271,149.81742539324836,149.77778653116056,0
39.02288188606467,149.81524233575766,149.7808538057464,1
33.35705108776396,149.81257984726486,149.78264042588384,1
33.61952695974108,149.80867177122622,149.78521426840445,1
42.473181240057436,149.802858888558,149.78746706151682,1
41.74637266401551,149.79641942948007,149.78940756549724,1
50.53706976350568,149.79731510940618,149.792540816146,1
50.86662937111164,149.79542809356528,149.7957667379147,1
58.18957520839968,149.79644918529036,149.79996521067574,1
55.9753458528471,149.79483925592018,149.8049184489315,1
69.08915657650454,149.80144784654354,149.81170335725167,1
73.98899985024234,149.81335306168413,149.8196210102184,1
72.35737420336584,149.82468617894355,149.82601128339113,1
73.28430984070047,149.83810056458955,149.83241447160967,1
73.1567730806074,149.8539792211316,149.83746350407918,1
81.74579524429568,149.87154054264303,149.8444352893828,0
85.22668904816685,149.8893274965325,149.8497535531525,0
84.541511266195,149.90897935730533,149.8555249819905,0
85.3798977024249,149.9307452751014,149.86028041252362,0
79.38579443182161,149.947393938211,149.8641784656271,0
70.43581350680842,149.9597794773367,149.8677661928258,0
61.24004137773725,149.97010302176562,149.8700573242377,1
57.11956129251392,149.98326623227805,149.87401519936594,1
58.89091927024979,149.9951740908404,149.8790912000737,1
57.38242678332545,150.00971643662768,149.88620159604565,0
52.073603561053766,150.0261069573211,149.89324361101615,0
58.19540412275562,150.04267956429894,149.90144540259718,0
50.279577456797234,150.05588467888023,149.9067181530322,0
43.073745070858706,150.06260544769128,149.90960296270723,0
37.726266937235415,150.06904944538647,149.9129564622943,0
41.90362665017145,150.07172346475377,149.91746321469466,0
38.912294381798056,150.07037426215314,149.9214983872572,0
29.105033998490043,150.0649345273659,149.92485973685575,0
32.8102701337222,150.0571075368029,149.92649483076363,0
32.514358767448826,150.04489463590306,149.92589621076374,0
41.897864348346445,150.031105029351,149.92632172541292,0
44.61748082626241,150.02031291192873,149.9286170554251,0
37.9248384899807,150.00586259911566,149.92885007238746,0
27.865976580723284,149.987872908054,149.92872404136983,0
25.00954412860777,149.97146432900473,149.9265327435801,0
13.359989736177269,149.95757896947998,149.92571884585027,0
23.273638207621957,149.95042903933276,149.92630230102014,0
25.039887438173963,149.94167003814798,149.9259949927444,0
28.981188624253818,149.93242936625538,149.9260985011221,0
24.74928357061397,149.9186161514456,149.92612992270261,0
23.01504607346601,149.90285489164074,149.92488901476145,0
28.10054824446385,149.8831862271864,149.924511468316,0
25.39715095236781,149.86430006216577,149.92333184402545,0
27.50140343706188,149.8480044528417,149.92154686622172,1
19.016038626356462,149.8291448659324,149.9182239902018,1
30.558154238690392,149.81383193866967,149.91602583286317,0
33.58757227159633,149.7986717750478,149.91487016297324,0
32.99398786285781,149.78659123894758,149.91446429352885,1
38.109271068101606,149.77519157193245,149.91310275104618,1
37.91418960055644,149.76647261671994,149.91134170202855,1
30.351494268972615,149.75575200511003,149.9100547556649,0
38.823859176436116,149.74558612786535,149.90792546280875,0
40.5771340725795,149.7392346273768,149.90637268591206,0
40.57723195539514,149.73284674987207,149.9032830672025,0
41.60094182893509,149.727546211113,149.89961552565725,0
40.80571999357559,149.72176894697338,149.8938472860222,0
35.66887660045353,149.7086788846403,149.88443263020258,1
32.55937080649329,149.69440522670854,149.87388261185038,1
44.28371084379667,149.68206492017165,149.86368424335495,1
42.63978131475888,149.67460752681617,149.85438124497645,1
41.498491984315066,149.6683724204422,149.84362176588112,1
47.2297876122105,149.66367189793954,149.8342492288788,1
47.69416845877352,149.66199516079877,149.82453816542284,1
59.57110716896961,149.66847698576302,149.81663955048631,0
63.491394168919,149.68016401443907,149.81133202069302,0
61.37382048676479,149.6871526391589,149.80697509759207,0
55.35992276151953,149.69191452765523,149.8035947653291,0
51.56426762682545,149.69463858914725,149.79901323627652,0
54.14407386117554,149.69733920383652,149.7939687962446,0
52.4953752645855,149.69859331327604,149.78689245268788,0
55.58430730545961,149.69715029421795,149.77847209042366,1
59.011517503607635,149.69287700206038,149.76800443791333,1
50.322719065842385,149.6844755549606,149.7578090363442,1
50.4743803182846,149.6810517391116,149.7506615837706,1
54.36328146601444,149.68090022536043,149.74435583764682,1
52.43817402315801,149.68134837044525,149.7376972482988,1
56.13073718405071,149.6902865500743,149.73239754537107,1
45.20467040886045,149.70279724437734,149.72902769865496,0
36.69748033307642,149.7103074868802,149.72496422338588,0
44.36558752256348,149.71754767484305,149.72344246055246,0
50.03589282578805,149.72655774580966,149.72180285246458,0
52.37026727797054,149.7319431679902,149.7189013313034,1
50.75718836989757,149.73620227788206,149.7166740369294,0
50.26521453097943,149.73157930565762,149.71412210952778,1
50.42665911969639,149.72133533753797,149.71128042410635,1
56.68081035941215,149.71345828003263,149.70932682181314,0
67.44270285144756,149.71201744757585,149.70823012862633,0
56.04354350185487,149.71104414248174,149.70676287800998,0
54.948100136672345,149.7108782374317,149.70534834471513,0
52.315685191343015,149.71094975618792,149.70382589458478,0
44.58384610600932,149.71312067028887,149.7025784018829,0
42.21151849613253,149.715412793192,149.70089506431557,0
42.204393249704545,149.7181924422899,149.69936598839388,0
34.769013684426625,149.71729482024995,149.6983777307339,0
29.32142722371738,149.7125531367487,149.69771914597334,0
33.82856209182357,149.70843624995615,149.69553897281338,0
34.26571626589072,149.70088298296292,149.69328202853708,0
36.40310402691143,149.69261973677564,149.6914390977862,0
38.182255510346096,149.68425480824664,149.68858951791154,0
29.740527712444703,149.6711747953267,149.68532333199516,1
19.87971789831245,149.65857829943144,149.68293337019315,0
29.140489455028657,149.6494361164136,149.6804413267227,0
20.316192126080836,149.63852848042143,149.67639157814722,0
23.25256811397287,149.62981031799313,149.6729075367762,0
32.49536728499102,149.6258825495811,149.67061495949355,0
28.400961152651448,149.61613082943921,149.66707157479948,0
36.11855041682589,149.60330901332355,149.6660821800996,0
33.0594281043349,149.59214268823527,149.6658578626207,0
40.71803683701615,149.58099158839372,149.66491901200396,0
35.52247001547728,149.5695901416662,149.6618189405248,0
29.766175428892666,149.5552365842595,149.6573240674098,0
26.38506041331904,149.53856650339594,149.65085290649816,0
28.807199882194112,149.5239435259915,149.64414533447095,0
31.98755294277271,149.50979345058357,149.63490431666213,0
24.80721796447935,149.49548259007653,149.62384657622835,0
25.715251126698305,149.48199515045312,149.61347597733106,0
24.255095166935135,149.4648995525281,149.60247603848623,0
23.492404661813566,149.44819219602664,149.59286054053794,0
16.577081830726513,149.43081021906343,149.58197792400233,0
18.058903915707617,149.41326328272152,149.57119131977333,0
14.33188334150887,149.39412797542008,149.561724442674,1
14.07918454779184,149.3719438016588,149.55206804656208,0
9.092987791229703,149.35109243362803,149.5430383296142,1
17.894968242763753,149.33226946545386,149.53339462731313,1
20.10963288128586,149.310470191064,149.522442945775,0
30.98039808043849,149.29428524211704,149.5122463234682,0
27.23753083870261,149.27435425524945,149.49970926216972,0
29.105046822963317,149.2570945021072,149.48757676571265,0
40.74602968643725,149.24178095249223,149.47750839824877,0
29.983089954538528,149.22264904006343,149.46385948661296,0
32.14645030313352,149.20578101761834,149.44901337613325,1
35.441928628273786,149.19385000508322,149.43561564133535,0
38.54722220819737,149.18135720493467,149.422207305292,1
42.81479497127555,149.1691126272817,149.40991764531176,1
40.39202704476481,149.1575429150347,149.39832960722703,1
44.01593760631342,149.14473651295035,149.38598727049816,1
44.950115262143214,149.1353028930946,149.37179021669374,1
45.76043618422469,149.12862891024855,149.35989444764468,0
49.54408972959138,149.12523484046477,149.34772056521555,0
47.061824609598325,149.12405472252857,149.3364333063096,0
50.652882677321706,149.12184713197206,149.3252150273473,0
45.22492166577442,149.120473900333,149.31409248941847,1
33.432973936789224,149.11899347558148,149.3033587429308,1
50.77558405776199,149.11614402588395,149.29293430956673,1
54.007380699485054,149.11364372199228,149.28287917987242,1
51.65577548264415,149.10992173222243,149.2728405163747,1
66.4546306226336,149.11337033235537,149.26470420192666,0
68.55626916264791,149.11758348937784,149.25756226675352,0
71.02376537529639,149.11784104209733,149.25094289178907,0
74.68557284930819,149.12631774715405,149.2459166673439,0
72.6061745100321,149.13566287255372,149.23984720538218,0
54.515655596024914,149.1391559465452,149.231503573388,0
48.30115187876861,149.1408478956402,149.22313507137955,0
39.494188880331926,149.137526452634,149.2130040991681,1
39.690837224191064,149.13476993581983,149.20188456172255,1
41.43844554006269,149.13186096258633,149.192279323757,1
50.39838506994664,149.13304837729532,149.18368596228248,0
50.13851140636445,149.13235528202011,149.1759794851586,0
50.93642595237092,149.13060303161717,149.16756514250494,0
52.938844156889544,149.12995070983786,149.16057753357825,0
36.864555790407444,149.12527502276174,149.1532304027482,1
33.70730140528663,149.1222167660179,149.14755259446727,1
38.422563487795756,149.12184956478276,149.14252115844732,1
28.69056705310325,149.11729443636276,149.1359347038784,1
35.26750130758755,149.11623784270125,149.1311812809223,1
42.78849374285618,149.11529010962371,149.12615850004295,1
44.92413873926985,149.1087706133024,149.1222526262364,1
56.090280543332426,149.10171636658484,149.1189719349768,1
65.5952763793579,149.10047177244866,149.11880751314314,0
66.03737861601294,149.09694504491904,149.1193893722229,0
61.74762908810152,149.09488752734876,149.12015102615365,0
58.17174477936036,149.09636353564875,149.12127146698398,0
55.12887069102988,149.09819312755627,149.12197534895085,1
55.13347710329307,149.1060640450549,149.1225219310085,0
62.10406688203052,149.1128051690493,149.12281855291664,1
61.51516076838936,149.1196652399008,149.1224313228705,1
55.75739726484425,149.12170842310135,149.1226276294232,1
66.95010542286356,149.12409199419537,149.12277848199386,0
63.78305261060981,149.1277121558906,149.12193762386428,0
66.5536000578591,149.1317990658984,149.12423754391227,0
65.8683165777515,149.13968928416256,149.12679370936587,0
61.43338717659541,149.14644881450982,149.1285921182379,0
41.96081649734745,149.14929479555195,149.12969619469422,1
38.2399764244353,149.15445265838613,149.13007071632018,1
39.23824996604437,149.15789749959023,149.13132311474453,1
46.976825826432815,149.16227903230322,149.13317550778407,1
46.57052835835741,149.16552607924694,149.13434190069734,1
46.8198732287264,149.16930362294926,149.1352418200571,1
59.448307652522516,149.17103517075594,149.1371276452596,0
60.95181967881735,149.17328521012612,149.13908156726194,0
70.59301656551327,149.1791824873897,149.1430851683207,0
64.29762713734651,149.18437477199745,149.14683181564976,0
56.52403844703332,149.1886818522769,149.149850699629,1
44.93982226311107,149.18715016403237,149.15092438626786,1
52.70525179682763,149.190882074919,149.15371389408733,1
55.94543232898211,149.19591876092005,149.15683013434958,1
59.9108379352706,149.20189961348999,149.15803934187707,1
62.853565603604906,149.2074357230879,149.15871937547792,1
56.62296388230244,149.20970571293327,149.15868349219866,1
61.416181747619746,149.21513000081325,149.15976244537595,1
65.66404910253392,149.22198520683898,149.16132264308,1
63.76574031811943,149.2296893975431,149.16480549863707,1
62.02751411068741,149.2412094365034,149.1698408110395,1
62.22354336470006,149.25480113851728,149.1769805906735,1
56.804554432496055,149.26805056110197,149.18463536485737,1
56.720578658241784,149.27783510780037,149.19156516586972,1
65.17366207689261,149.2907391634695,149.197418215167,1
81.8645371575125,149.30591616019768,149.2046661713281,1
81.61466007029144,149.32107641214358,149.21331699747014,1
83.09919591512839,149.33888550140756,149.22265548388984,0
79.96877682597838,149.35134469861674,149.23351303866272,0
73.35472280401028,149.36331690458206,149.24327187107542,1
79.54741600183489,149.37779379346642,149.25222839110248,1
74.37307428644513,149.39637647978958,149.26255720363858,1
76.75278985861678,149.41406580380462,149.27284507852866,0
65.69572435065669,149.42649376222258,149.2813115953891,0
67.85519065487179,149.44247711225236,149.29152194145706,0
65.75500589543485,149.45747913288028,149.30102448199608,0
62.93337385860109,149.4740430622553,149.30811200812133,0
61.847414169631215,149.48286071815286,149.31412871466947,0
53.29924559225011,149.48767875159416,149.31843913277814,0
49.50190690008402,149.4940970487748,149.32389890388745,0
44.03119456461031,149.49905378598885,149.33018507441253,0
31.268187913270722,149.5000411386739,149.33457142812114,0
29.265984220344734,149.49762485059497,149.33856323747565,0
30.92221390687672,149.4962276046225,149.34219011175838,0
40.00731697986045,149.49751363001764,149.3477402979335,0
38.97642039753494,149.49399943304647,149.35262914686857,0
29.840614918689923,149.48410027806193,149.3558722463387,0
33.360561545406554,149.4700763353743,149.35796639168018,0
23.278335327388476,149.45658866601826,149.36027279140498,0
18.923882921598576,149.43928337903947,149.36040569688728,1
19.459439777581977,149.42213872933775,149.3613659646168,1
20.68704060266049,149.404352319151,149.36251706794457,1
28.500044169068474,149.38566927494048,149.36395378866877,1
34.37187071071956,149.3749220506424,149.36636880272476,1
39.482202378326434,149.363267101334,149.37061835029186,1
42.70983068470176,149.35136433345656,149.373848766199,1
43.36609632043212,149.33794107272846,149.37487436891035,1
54.3837160853234,149.33255234557947,149.37783556885083,1
48.70713483152736,149.3310064980472,149.37916873704114,0
49.75999495303268,149.32764655479318,149.38120761700574,0
56.32397528080087,149.324068168061,149.38433960072618,0
58.33849755523795,149.32382527661375,149.38924147315367,0
59.01636280980834,149.32616079450258,149.3926747253091,0
73.0570067486464,149.32796306676215,149.39500783409522,0
69.23163554081782,149.32480047179106,149.39690064125395,0
70.71925251968614,149.32214627414692,149.39851336729217,1
64.22941469458156,149.32164259784977,149.40064700030527,0
50.1117228032529,149.3200928645192,149.39995153716254,0
42.74171328281083,149.31939230654325,149.39923563128667,1
42.8284768189813,149.32415843418195,149.39819331154283,0
61.12627920680796,149.33241468753354,149.39784806502885,0
25.54765593166772,149.335251127208,149.39469706342084,0
34.69562490766198,149.33897328103617,149.39232287664245,0
43.05105947948897,149.34134689827434,149.39177351891433,0
35.4982064738399,149.33655417654333,149.3889443555214,0
33.38855585127955,149.3315966438394,149.3841209596557,0
32.76022727528891,149.32828584875537,149.37775814355507,0
30.64359313474671,149.31606091742233,149.36870573525673,1
30.106447141404516,149.3019633025163,149.35941617860098,1
27.822935461942322,149.28535081494903,149.35002118115253,1
37.00916672143366,149.27271149167115,149.34230668000805,1
42.46882585550331,149.2617218219426,149.33537961001485,1
46.460465741325166,149.2539017001386,149.32860908384268,0
49.38661884429777,149.24898279343032,149.32400344657833,0
41.571196245252416,149.24276141071533,149.31701436063912,0
47.56615248192499,149.23543941945522,149.30969748192214,0
45.33414553640229,149.23043003725562,149.3032017903054,0
36.58837840446817,149.22428210206624,149.2965200907279,1
46.074660420478665,149.21949135586854,149.29196067299642,1
46.44739063543723,149.2147337646728,149.28644799790203,1
46.43536824722568,149.20576880361315,149.28053407207858,1
55.07474291806252,149.2043314422305,149.27641318484348,1
60.46874171524187,149.20144469390306,149.27385081396568,1
64.62635088848799,149.19495920058392,149.2712661572989,1
62.594433357474244,149.19571201345792,149.26822370889752,1
52.76358346834048,149.194811942247,149.26444596333585,0
49.5997233138343,149.19612198647314,149.26256682691954,1
48.92851797381363,149.20190950584595,149.2614390034454,0
53.465685396597095,149.20874396092265,149.26027829656275,0
58.46787959871024,149.21879225316667,149.26182473080343,1
48.52576323127875,149.22212071332518,149.26229947360304,1
60.26257930928674,149.22542402288485,149.26380829150838,0
55.66064566691375,149.2254673574161,149.26452831683295,0
53.88592947776043,149.22272483179327,149.26312455903866,0
61.07857847229265,149.2248583655144,149.26165086631127,0
53.658538257009944,149.2265890093916,149.25978735229614,0
44.49363856761004,149.22407209713793,149.2576542000692,0
39.94464820807845,149.22080793853848,149.2518223279115,1
36.956883767662475,149.21730374846237,149.2464795731625,1
36.3103220231687,149.211473666754,149.23997884268636,1
42.121101631151205,149.2104072686355,149.2350697123084,0
33.38183382867207,149.20309344598382,149.2281204525915,1
41.4163457109765,149.19857930770678,149.2228182192474,0
40.97264314501478,149.19534517029024,149.21821899871017,1
44.33468335109746,149.18929948450645,149.2140233139837,1
38.81418343547265,149.18445487503527,149.20936940369123,1
41.085516528403936,149.17912437353922,149.20555953719534,1
42.57078600882123,149.17238184809065,149.20235459687396,1
42.799456160016604,149.1688008344653,149.20004170773154,1
45.646798750777094,149.16474525473703,149.19805945902542,0
51.87895887308518,149.16382675846847,149.19486430197702,0
57.807306626956915,149.16002616356835,149.19371830605252,0
54.88942710463829,149.15651209113432,149.1915438408722,0
64.32593916451502,149.15485690281554,149.18852856085516,0
44.87453746409585,149.1470272640513,149.18584010131445,0
48.919908809709916,149.1377596602345,149.1822525588542,1
42.14600595881917,149.13330624882195,149.17966236009585,0
41.82048501500778,149.13271725096473,149.17848486132846,0
41.31633060877447,149.13036130858623,149.1778387755905,0
44.8339167703041,149.13091031344936,149.17820264208652,0
44.406028493908245,149.12831170858516,149.17730979907398,0
41.291995726392024,149.12916243683756,149.1750966985495,0
27.108930121075517,149.1244789223182,149.1710491081192,0
27.967781894352214,149.11976118995102,149.16653035731846,0
23.03646210027084,149.11307274188442,149.16214784645135,1
28.145392223076087,149.1085157718214,149.1585999446377,1
23.23841532507157,149.09926105863684,149.15309194574783,1
28.68490295852594,149.09239025513705,149.14959785810228,1
37.96926749346588,149.0841072725696,149.145888074412,1
46.54299033710419,149.07614098442576,149.14262234692663,1
48.12971233990235,149.07003537990855,149.14057093249517,0
56.24380534211959,149.06846849429888,149.13937312687986,0
61.51555111920717,149.06929870688433,149.1386854460647,0
52.1790828014111,149.0653216613452,149.13667354515965,0
45.83408349691177,149.06230929607108,149.13247901435972,0
45.54007214897194,149.06091495081563,149.12869376228167,0
48.49463699174322,149.05791697756644,149.12438035653315,0
49.78943001271435,149.05569414145225,149.119998715571,0
50.7917032700965,149.0522603720026,149.11524534002245,0
49.907680306676575,149.04920285722352,149.11036688370925,0
54.05984167755012,149.04367966000405,149.10593337774554,0
46.73454475782534,149.03799701643408,149.10012589596917,0
39.09643755775346,149.03091213772456,149.09322702024258,0
34.984947567334615,149.0213276614448,149.08597148917906,1
26.390513241668344,149.0109127307481,149.07656959254481,1
14.266329921454286,148.99740746077765,149.06692732519213,1
14.521627273540545,148.990058498205,149.05948650617466,1
15.663179980992538,148.97829103762336,149.05259109773624,1
34.65580928481715,148.97134346603207,149.04750396143987,0
38.93169044342585,148.96492532006195,149.0440030082498,0
39.690998867413605,148.95672297749974,149.03909721604086,1
34.70743951989007,148.94287861412352,149.03528719413575,1
40.1303885091635,148.92832855159716,149.03058514362084,1
37.58450517623473,148.91661139985064,149.0251800369838,1
40.39139499107043,148.90802810101724,149.01997046096403,1
52.3881673990168,148.9065609796362,149.01753620412202,1
57.48534724519859,148.90482085339895,149.01465894847703,1
64.92814034453036,148.9044923696115,149.01284292417932,1
68.14790766402831,148.9042143985156,149.0094107656426,1
73.43691734354043,148.90344074573395,149.00584508010803,1
74.92689160459554,148.9083144520801,149.00372845519018,1
76.84892991167206,148.91315272152983,149.00137651915378,1
75.23352017016278,148.92518695411576,149.00069696543514,1
75.68201466048643,148.94086641840263,149.00037529541387,1
71.84638642990018,148.9583049555958,149.0010806691626,0
78.43592861939145,148.97933625032334,149.00355796122764,0
78.91523410452737,149.00019269568784,149.00624108492102,0
83.64316242758662,149.02455983132913,149.009328129882,0
73.98800404599285,149.0395363598599,149.01117398194933,0
63.95091095280524,149.0517842599059,149.01235258683244,0
63.15243921334879,149.06306560430792,149.01299877432996,0
58.903293701206174,149.07609742750418,149.0140611904024,1
64.99461331014511,149.0889538088539,149.01637509823513,1
65.75807456057963,149.1034933551549,149.01867290306535,1
51.87613276273639,149.11477323620002,149.02065065869027,1
56.740525450428386,149.1211841485337,149.02260355480695,1
51.11745388348208,149.12917564579178,149.026624783339,1
50.32220932172232,149.13585074492815,149.03022712009576,1
58.85419352824624,149.1465164762076,149.03437444709778,0
59.70095698967755,149.1591272489197,149.03903958590558,0
57.47698057165114,149.1688071486883,149.04323716270207,0
53.99189461852225,149.17973189368337,149.04588187890758,0
53.4355207705003,149.18288486773747,149.0461314297764,0
60.32659062037342,149.18541592818633,149.04841300215034,0
63.05194597002668,149.18967033555236,149.05202508495512,0
64.74523746298237,149.19311773339206,149.05643907425824,0
53.568965945422065,149.19153094336164,149.05968667123906,1
47.1203902035406,149.18613344140016,149.06150384986114,1
59.00661966359253,149.1866067228149,149.06491252227426,1
57.14774276520867,149.18861838372027,149.0681187974311,1
57.46196807687608,149.1927089500035,149.07261049032974,1
54.998548815764025,149.19702940392855,149.0776741454002,1
49.17656451562761,149.20002792549104,149.08402141334173,0
49.82121353669841,149.20472926898702,149.09203354608226,0
43.9346940257452,149.21126253662868,149.10079058104253,0
44.954398390040126,149.21716058702216,149.11050480530474,0
52.53351379588106,149.22065795610382,149.11886456649853,1
46.46039036315493,149.22193036772742,149.12768285213735,0
42.92973924525497,149.22009211831704,149.13387390801176,0
42.53545217769922,149.2168841370551,149.13982311270286,0
47.8648053634111,149.2115766909871,149.14517864809702,1
65.77041748051765,149.20923679291653,149.1524251504248,1
50.915570647447396,149.20861285701363,149.15824515194296,1
49.767830735927404,149.20660917123504,149.1644121107041,1
40.850716463667865,149.20315665846908,149.17007650793585,1
51.73198299591997,149.20233442885146,149.17474845394435,1
52.754155649800815,149.20480984090824,149.1796822662428,1
53.30966621028154,149.21201423915323,149.18451259767784,1
47.52761663588859,149.2135364997834,149.18864136278137,1
48.51193617760952,149.21574502231832,149.19304050806485,1
55.665841596267256,149.2184199886975,149.19665270497669,1
58.69561557093243,149.22121580972805,149.2008993806795,1
64.94827483604811,149.22633109808828,149.20447907093074,1
60.90488302006544,149.2281874473161,149.20696195764765,1
68.45028761410788,149.23435588816747,149.2112109540712,1
71.15205544360923,149.2454613550945,149.21695484721323,1
74.38599138459806,149.2567881849029,149.22150276218454,1
72.77117789982103,149.26808886893497,149.2250944671797,1
78.29729230037299,149.28333975897044,149.23139526765598,0
78.52277766502664,149.30163636320506,149.2397639540225,0
75.1433401660966,149.31983139380708,149.2478849638967,0
70.67208002866413,149.33427353822935,149.25569559471487,0
77.99777895931466,149.35008600050023,149.2626980286015,0
69.25712316956631,149.36330217957047,149.26833564047033,0
62.09801472953881,149.37544323640833,149.27434450801917,0
57.29394210556718,149.38209603779643,149.27911320964944,0
50.583739481970184,149.38658887328484,149.28264755724,1
52.48271134582001,149.38869383098705,149.2856498321014,1
47.70130859830268,149.3946491993811,149.28789445205078,1
44.11601044671478,149.40348079165187,149.29078192515775,1
41.69147989578188,149.40808370610762,149.29236332794443,1
47.97082637130712,149.41470798242082,149.2948898161745,0
40.05818936423804,149.41846664358437,149.2987117812695,1
29.684915517905523,149.42327298814843,149.3021047816325,1
36.330907791121156,149.42643485989706,149.30591676380908,1
33.825006445245364,149.42192855892594,149.30847917742676,1
37.214153874601195,149.4190925427544,149.31252740194165,1
43.86232657426359,149.41762813981688,149.3176923465464,1
51.69472689740239,149.41400906609996,149.32235620497002,1
59.96988613406083,149.40749530888678,149.32731472408912,1
74.93111931572362,149.40765998268304,149.3338653769685,0
70.51986317850219,149.40733671367997,149.3398185186154,0
66.31412057255002,149.40645463203205,149.34526871121793,1
56.59200705406942,149.40718985180555,149.34931987359775,1
59.32000502704545,149.40873889857625,149.3533350527982,1
50.50760734588624,149.41110937239932,149.3566927238003,1
57.60960041060925,149.4178650322079,149.36153038768165,0
63.25299515863886,149.42788371665455,149.36803117167227,0
57.75315662973407,149.43609776929821,149.37429671244323,0
59.30508579725627,149.43897153469607,149.37961688421413,0
59.639119962093815,149.4451393011912,149.38578837202604,1
56.11732604226433,149.44786334978022,149.39034043891996,1
56.65897233304628,149.45248603452234,149.396261052273,1
56.32899374829281,149.4576745910735,149.40253094956788,1
37.759981031682486,149.45795261250586,149.4078351454238,1
48.431796929117176,149.46421602114214,149.41323181434302,1
57.86564949511508,149.47365082994054,149.4200637975546,1
57.91174871943416,149.4813378684525,149.42542179826611,1
58.69595290264831,149.48705160325548,149.43176224635886,1
62.79049380249731,149.4927584239289,149.43812008473336,1
59.94408835908633,149.49371000845542,149.4439813848717,1
57.011270643434145,149.4975695208632,149.45036000306948,0
67.06286509287506,149.50713177460355,149.45758898182402,0
70.98980739162332,149.51769391824905,149.46512246197096,0
64.87589527611132,149.52770925944884,149.47067640131075,0
60.523041221925915,149.53605788352752,149.4729313351735,1
54.95816129020603,149.54010155116023,149.47485573418462,1
54.06502370933167,149.54088557635654,149.47714985464088,1
67.16277707679728,149.54697607924942,149.4797512405548,1
59.73482268689322,149.55377130473676,149.4804708608268,1
53.37219178760541,149.56001176453532,149.48186052031733,1
56.77635715978952,149.56745348800035,149.48361241882836,1
64.00688769691084,149.5761434813965,149.4866840446315,1
70.52221738054452,149.59005333131,149.4932314102637,1
66.76227209167666,149.60616881103334,149.5001253752738,1
62.36704791298511,149.61771555252687,149.50747962023522,1
59.19527637088721,149.62757949823933,149.51646004753638,1
62.4006926017423,149.64035032562995,149.52608439612328,1
71.57542999414156,149.65814167926848,149.5371592383138,1
81.01745018239336,149.67660479056582,149.54736968429893,1
83.55250238408881,149.69350970863186,149.5581517858814,1
84.56023712160233,149.7102652898632,149.5685829260464,1
83.66064348494406,149.72500266004684,149.58020338840902,1
88.37869010732126,149.74198331263247,149.59260659176456,1
88.64760831429776,149.76189754739906,149.60486147631156,1
89.66527332243464,149.78730806134135,149.61908313613966,1
89.65336394343538,149.8169911635028,149.63401518248392,1
88.68600376083828,149.8498618926065,149.6500433557567,1
93.10646716156134,149.88016781401615,149.66621473972128,1
95.60394495930328,149.91125875354712,149.68197623869094,1
95.24864023654281,149.94217809962683,149.69566776709485,1
95.464612937368,149.9758535352269,149.71101914744713,1
87.2902343125376,150.0050202906573,149.72611030808162,1
87.02755320354724,150.02934307097402,149.74209269793107,1
86.735305190101,150.05397191494572,149.75821858182155,1
85.97835846473592,150.07976486441345,149.77494181704088,1
86.21984831676296,150.1060940914706,149.79175167124149,1
85.29618787013283,150.13132205564102,149.80745973171787,1
84.53679279593639,150.15250385614405,149.82372167305218,1
70.25226051874179,150.16930725154162,149.83950397103715,1
68.82307703338424,150.18860062364945,149.8555363148647,1
65.9720426656823,150.20802103798832,149.87264600132966,1
71.36847798333118,150.22982678601898,149.89113968900767,1
70.3312734713252,150.24909215595318,149.90917361771642,1
70.5518832454498,150.26771039031502,149.9287645874352,1
67.35640881124066,150.28449031884674,149.94719285522152,1
78.48219469409318,150.30219743277232,149.96543382361665,1
76.82505219374744,150.31657611532583,149.98413865450607,1
80.81640256205318,150.33012298830948,150.00344329374286,1
81.95520462921118,150.3454188730489,150.02304041833892,0
79.68628162763271,150.36080551487632,150.0425059696632,0
75.26454218956579,150.37246493705882,150.06097731392538,0
75.66738842587692,150.38640389127457,150.07781915475,1
90.33403613163011,150.40193641581297,150.09578969695661,0
79.31179177134612,150.4160373396798,150.11354981391395,0
78.07488560310254,150.43037371733692,150.13266815056465,0
63.693646573561516,150.44024766278147,150.15181011588996,1
71.5827516826553,150.45238904609582,150.1720611196136,0
59.17245125692792,150.4609867054868,150.1893259235471,1
54.66705685134021,150.47138826015453,150.20655075320425,1
48.190283961832606,150.48095911752097,150.22391525605897,1
56.87530133676334,150.49260917936576,150.2427082778758,0
55.24169755586337,150.49923167232373,150.26037496537856,0
49.21340035949137,150.50529490942617,150.2752702489629,0
56.83409018578174,150.51511217874082,150.29234193451822,0
52.20331296633762,150.52109635249042,150.30854517520692,0
43.53095150368945,150.51855706989735,150.32182485227986,0
40.911649052730304,150.5172258962966,150.33488888277273,0
42.5454477618297,150.51413187160293,150.34583937067663,0
38.9065718948354,150.50736130567114,150.35534302438109,0
43.92698335239044,150.50176750475472,150.36580908811237,0
39.85056732587389,150.4977318047657,150.37596391988637,0
43.00319526750043,150.49198515801126,150.3846121539358,1
40.59217968375972,150.48092606885442,150.3913667994454,1
42.793900317862516,150.47415294541133,150.39845197311885,0
38.5785056854094,150.46854648094705,150.4051635184069,0
38.475264069224615,150.46429693215072,150.41073242334912,0
48.28740308561007,150.46151665780553,150.41672302569322,0
36.775013628331344,150.45976011773882,150.42116284503618,0
36.56040287118999,150.45582318198004,150.42437652457744,0
41.34854047497371,150.44947429299447,150.426833733406,0
38.858112734812224,150.43948815480857,150.4281621257085,1
42.02357104175965,150.43019929379793,150.4304465666348,1
45.27493090449045,150.42161999988275,150.4321810205264,1
43.26961300062327,150.40958626279584,150.43458767365829,1
36.93814324469023,150.39800071059236,150.43583951367847,1
46.56922843502347,150.3946344120699,150.43724098051956,1
51.9257211787497,150.3900898207097,150.43839598880018,1
53.03043130950733,150.3891987309845,150.44051732061283,1
51.63564181009165,150.39138507038302,150.44417415191762,1
54.176940211107016,150.3930040299122,150.44757045061746,1
47.9722973569614,150.39535884537847,150.45089904284242,1
56.44694621970285,150.39999703404968,150.45268025314806,1
70.84297310835196,150.4089742768147,150.45531964779,1
81.09172755759059,150.418985402322,150.45896197792166,1
81.94237103087887,150.42797355805808,150.46255681409147,1
82.86001025445137,150.43878727307265,150.46536835946924,1
84.24768610091222,150.44523067414045,150.46818484921906,1
85.94461912575638,150.45734386566826,150.4720511959797,0
91.10407501293221,150.47137023853745,150.47475707077285,0
91.42839317511829,150.49102826350347,150.47892283285688,0
91.81637544320397,150.51069829307107,150.4834554681134,0
77.99651115975712,150.5265850770415,150.48651904094157,0
77.52335562836777,150.54330545788736,150.48872863735613,0
71.3298319131188,150.5576926649075,150.49124980374935,0
72.07501415169018,150.5768020193911,150.49441083450014,0
66.4891376029867,150.5911805518819,150.49761413615977,0
61.596688088788575,150.60473612184785,150.499334819101,0
46.41318384005774,150.61150280842764,150.50072376178915,0
43.61970455449047,150.61647479359422,150.5022087652935,0
32.41350149954435,150.61494490486308,150.5011647655543,0
29.075359629934596,150.6085560372148,150.49727778598205,1
25.574497010830697,150.60287168175802,150.49413625692176,1
31.016417396094354,150.59750905379008,150.49220530553558,0
23.438103514645846,150.59010471162546,150.4889589910755,0
21.82650675872476,150.58007466134816,150.48614813763456,1
24.327949474581388,150.568335182547,150.48527960452913,1
23.509197839928248,150.5567903279696,150.48401062188825,1
22.61023478713429,150.53937823325577,150.48214974064084,1
26.513561161031177,150.52688603625108,150.48256696300484,0
32.65201153439534,150.5123025038975,150.48313683251396,0
33.21489644614758,150.4973111267254,150.4832871968973,0
38.966472537306686,150.4856148651567,150.48397092379975,0
41.728285564682366,150.47409932184533,150.48599793855252,0
43.235814863815605,150.4595166345402,150.4853952794009,0
49.4673546194645,150.44247659119907,150.48398287860095,1
41.62241010639524,150.42537368308737,150.4820448365344,1
32.320729151522485,150.40702095961643,150.47753653982537,1
28.23287177327093,150.39230301482795,150.4737409206248,1
43.708585528692545,150.38265933379043,150.47294322601766,1
47.27776459591121,150.3799320970051,150.47334788715855,1
44.89444854387837,150.37948965915925,150.4732783877223,1
52.72358069105068,150.37862344548356,150.47350591759604,1
52.259126243427446,150.37914138183905,150.47521385831809,1
52.47242533400457,150.38078599862382,150.4774388854067,1
53.85332921616408,150.38474699357937,150.48084665082936,1
50.59345354414046,150.38735552696056,150.48236805048538,1
52.68750172133182,150.39154804621165,150.48459391208905,1
65.41681030820519,150.3992415299605,150.48616686023124,1
69.88011050480532,150.40556499283045,150.4882389319838,1
76.23015417254379,150.41134311448658,150.49047246634373,1
85.81425984702278,150.41999066555152,150.4931399249665,1
83.79149197575279,150.42736843594656,150.4949194845585,1
83.04387944865564,150.43725232359628,150.49730915726516,1
82.28582057910023,150.45218906465072,150.49867674433239,1
89.63151343619185,150.47237454648936,150.50174327397346,1
83.74689792513665,150.4925396129751,150.5035457724954,1
84.21346940771127,150.51888845997794,150.50699965416035,0
83.18425067818967,150.54631858874214,150.5093308098544,0
78.46991170024847,150.5682223885628,150.51168408602777,0
79.56908194187366,150.5875865635306,150.5119712071694,1
76.01291154947978,150.60751456346856,150.51200489588132,1
76.08007696593693,150.62711034623743,150.5137160252744,1
75.26104217413324,150.64473160392765,150.51578431673423,1
69.79507634938233,150.65896867531865,150.51794928957116,1
66.37180325819375,150.6730160778389,150.5193322742085,1
75.84341972177444,150.6933696018891,150.52324367048826,1
76.69103135863766,150.71605740808678,150.52912242658462,1
77.15574981685953,150.73884489050036,150.53710369306032,0
72.49003159572032,150.7596972918896,150.54552793130196,0
78.15456943751437,150.77938709200416,150.55624934120019,0
75.19561705834757,150.7980954885865,150.5689557055152,0
66.19945535110014,150.8156969105001,150.5800495760553,0
69.19221087995254,150.8297392477572,150.590201234852,1
60.90120919204259,150.83955840508145,150.59845822171476,1
64.42175015452534,150.8455897046553,150.6079492912963,0
65.20155204912703,150.85464409091506,150.61806933584262,0
60.30826050686365,150.8586791446088,150.62775518081605,1
69.00931211153708,150.86582959853223,150.63991135596495,1
62.297854803774854,150.87167854478074,150.64960108943964,1
47.576590605644654,150.87530801754136,150.65717341262697,1
39.832563126533955,150.8801696994308,150.66514832496347,1
43.237580906465205,150.88644175343185,150.67404678058446,1
50.75380397060273,150.89534356568862,150.68428201427153,1
48.466460655043385,150.9045037999304,150.69594415572726,1
50.278188160999846,150.91616178416473,150.70880635139474,0
54.31920071449088,150.92288652687824,150.7222488080046,1
54.69739933148386,150.92531016517063,150.73643810880628,1
66.23438138341011,150.92874741500378,150.75168145313066,1
66.9707968213292,150.93357648155617,150.76589479040828,1
56.8626894265006,150.9345628579935,150.77810164559554,1
63.58879689869815,150.9375045135673,150.79216164727842,1
63.06470412319353,150.94588977511427,150.80695610790758,0
66.02589651847545,150.95343995453632,150.8199206639309,0
75.43708342147548,150.96566380641923,150.83240934483294,0
75.99178591639928,150.97810402979846,150.84529210578395,1
74.30533306163692,150.98967037366342,150.85899527452375,1
65.92731986765091,151.00108290680322,150.87156912505267,1
64.55672535811999,151.00741019168788,150.88317882065587,1
60.22584285533872,151.01645451777432,150.8939568994172,0
64.96336594946035,151.0314706779199,150.9052244380003,0
67.7894599271435,151.04721142443643,150.91603662851742,0
62.533816729777115,151.05974238882203,150.92699636173467,0
62.96947617698383,151.0702108426347,150.9374654218869,0
56.050446795218264,151.07526178238692,150.94517324282174,0
54.77348570259526,151.08047319782116,150.95204581192746,0
41.20377809687236,151.08182991523634,150.9579649289091,0
42.15920924577255,151.08275662166665,150.96198537348175,0
36.359237952000285,151.07914618611133,150.9648124920783,0
30.266660622293415,151.07112697882263,150.96705662651223,1
34.815607687789196,151.0693064974891,150.97078961917893,1
35.02713390957133,151.06308248594007,150.974388816267,0
38.469077822850785,151.0545154205883,150.97791813764795,1
38.407823852882494,151.047259916494,150.98093198895742,0
35.02960116411751,151.04018749916645,150.98489687437205,0
32.54793163244365,151.0321692423418,150.98895337158513,0
30.29125793676198,151.02065539628725,150.98990959228303,1
31.455506873882854,151.01264441591292,150.99020392818312,0
38.188344400625084,151.00503770839697,150.98965594781455,1
26.76437911114178,150.9939658132028,150.98766430794248,1
30.241045712852213,150.97926718483518,150.98517647513268,1
40.52018263437275,150.9667324313936,150.98349140564028,1
49.260670053544466,150.95696269962428,150.98350267738434,1
53.90560766886737,150.9446539224572,150.9834312917669,1
46.061178395099525,150.93801106565382,150.9845543070507,1
46.802949487572654,150.9280370214689,150.9850247386529,1
55.32273251272436,150.92670694992987,150.98679007251502,1
57.08824014575604,150.9270629290785,150.98933888726964,1
56.90718741614315,150.93092869253033,150.99085212967756,1
60.320566400173036,150.9400597265118,150.99440909920463,0
68.21600682279035,150.94710407048322,150.9995080403557,1
63.40880940756651,150.95462025125147,151.0041690369953,1
65.29946472039475,150.9609070309802,151.0077042486673,1
76.72454765816914,150.96713779789388,151.00964968183953,1
80.42731248879042,150.97220410766442,151.01197699746567,1
78.36415767268653,150.9787453649858,151.01398680391355,0
75.71711785870542,150.98830901801125,151.0160785887362,0
82.11638058281383,150.99727788827735,151.0189910174258,0
85.43556184551548,151.00718167369382,151.02102965129058,1
89.90926106394022,151.02078681295538,151.02254844050213,0
58.14233045326556,151.03083226066448,151.02368423620106,1
61.408651379602254,151.03955769212106,151.02431267706177,1
60.93316809349109,151.04714359809427,151.02400420657634,1
60.748512471459335,151.057781093952,151.02516774753317,0
41.01644650223988,151.06264602126905,151.0233471929906,1
52.93995340878638,151.07297088176512,151.02297147943955,0
53.20896611990759,151.0782773052911,151.0222328451661,0
57.772473924231775,151.08523070255455,151.02299800557017,0
53.38383426390633,151.0888526426691,151.02342911007005,1
52.975328755868084,151.09152918851777,151.02443896750202,1
48.84081505920357,151.09127697815364,151.02343056044919,1
43.980632473785256,151.09019835689512,151.02136380997877,1
50.9857691855306,151.09390265944336,151.02136835691581,1
50.133058914990336,151.09733692817977,151.02050011605758,1
57.981443844967494,151.10134846121053,151.0224116689951,1
57.84535056176364,151.1056838668388,151.0240710715206,1
58.287723343449706,151.11102567239732,151.02775689160063,1
55.64936726664052,151.11504799162816,151.03190756541042,1
71.96454699237648,151.12008110505712,151.0374036188689,1
72.76264083016294,151.13038975020999,151.04625354905707,1
73.29907363486112,151.14509598144028,151.05400002978152,1
70.92489486302657,151.1581824424588,151.06235265966927,1
81.14491525712822,151.1728691247317,151.0713456882337,1
82.016584793623,151.18780443037681,151.0813855530863,1
91.9578021508681,151.21199984528496,151.09207213143802,1
97.71248463682461,151.23291493815273,151.1032697577639,0
86.183389194243,151.25154901986312,151.11459029459647,0
89.56885084528913,151.27138317062187,151.12649350745374,0
81.13130335075891,151.29096926152133,151.1378017313198,1
80.23264873118995,151.30985410893703,151.15079428579568,1
74.43911424507027,151.32941262110188,151.16348873495585,1
73.72432862466587,151.35023885488565,151.17476637937557,1
73.64651767962647,151.3674740872167,151.1855729119528,1
68.1315290886397,151.38587183183205,151.1969872798075,1
69.81824077901469,151.40473551087263,151.20910144708262,1
73.46108796518024,151.4252948553825,151.22297420508608,1
72.0382578274871,151.4457614066921,151.2353786743055,1
67.30876909462887,151.46533156877732,151.24721502128995,1
66.58567067967375,151.48626655051385,151.2595387620623,1
68.32852510517054,151.5044538497033,151.27201119833367,1
67.77771508578354,151.51997908827045,151.28315003689642,1
64.3145727847288,151.53640680527513,151.29506728127873,1
75.06390790438708,151.55204441203912,151.30780064065726,1
71.80750892724419,151.5644940816905,151.32032806660493,1
81.28860517850816,151.57737764668084,151.3341415470446,0
80.58067710624186,151.58846808217274,151.3471588446387,0
80.17408511712777,151.60244174211124,151.36024338423644,0
78.05036477945487,151.61230934294127,151.37250608931933,0
77.07431608583744,151.62481776601143,151.3848561682468,0
62.96704792942759,151.6341436196116,151.3961370084582,0
51.771641487296336,151.64190748570206,151.4079188249709,0
59.94900828210312,151.65344446358117,151.42032108795962,0
51.697668081252,151.66230745842876,151.43163845608657,0
41.47575583635171,151.66818523922163,151.44114893791536,0
38.15886381863162,151.66820846277034,151.45132642368313,1
32.874254000875794,151.6631111845681,151.45903032620726,1
25.467168877353473,151.65397668946494,151.46565842797506,1
35.03856305681968,151.64912803769954,151.47277395534798,1
33.23014728125578,151.6443819368829,151.48175047974783,0
31.929617328546314,151.63536557382812,151.48954575245784,1
41.053300833155895,151.63426302261945,151.50034445468276,0
44.95190987013553,151.63403463859493,151.51260179395868,0
44.04119634965057,151.63147195836626,151.52282836022644,0
40.68214548469979,151.62390299707158,151.53095449416168,1
50.79380576102031,151.6184124154593,151.54096712874406,1
42.959471128061004,151.61010333420091,151.54892663158356,1
41.2317887110881,151.5977682867953,151.5549404299956,1
46.315870306592196,151.5881513519261,151.56174743343848,1
57.76841780513511,151.58404708480748,151.57044256014697,1
62.334402633880835,151.58558737435897,151.5782160581178,1
67.48307441172105,151.59168707305295,151.58655526161598,1
65.70254258330934,151.59551329448996,151.59525342877205,1
65.42209506967723,151.60320966296484,151.60377467137982,1
69.17286256877202,151.61488944315113,151.61198294302505,0
65.6072249342939,151.63210542679695,151.61936865628792,0
63.73897487815396,151.65101083707677,151.62626868577686,0
64.790629617815,151.67277954273035,151.63415063712193,0
72.77630339784729,151.68910033956337,151.63986082292456,0
65.9547235445705,151.70248675596903,151.6463574775269,0
64.33691462906518,151.71358304371137,151.65103732636754,0
73.46416256311426,151.71933454817275,151.65631322551113,1
64.28032151494514,151.7206031930079,151.66074752920755,0
47.69086469104221,151.72010015578866,151.66387878765522,0
40.119421991915246,151.7256896723831,151.66688163038208,1
45.53757603912132,151.72923707502486,151.67076775440498,0
47.39774043864213,151.73803459510947,151.67402252747434,0
35.68213906058034,151.74699818096462,151.67543513970463,0
27.60439045181498,151.75138631364015,151.67616933138362,0
31.911416410331,151.752366440515,151.67688251614743,0
28.695600404501022,151.7479618447773,151.67561925614737,0
28.312271367663726,151.7417628658157,151.67526877263404,0
33.41475560552047,151.73546109441858,151.67487514442945,0
31.592817216480043,151.72501376612536,151.67296241301432,0
37.10709990737925,151.71307764033986,151.67141636648483,0
33.365899324688925,151.69746785410442,151.66740473925736,0
34.457571000337225,151.68025377761884,151.6629829639553,0
39.78141230783139,151.6639091285572,151.65873759170032,0
33.84474294282086,151.6456617000486,151.65320176576748,1
28.38376593501333,151.62905426683758,151.6480520778574,1
22.145424170958577,151.61625649676205,151.64388247722772,1
30.230805742844183,151.60493804691242,151.64152544999527,1
35.37396899329801,151.5963781986331,151.63792102322833,1
38.31746310106725,151.59342998710724,151.6363277991266,1
43.7075809726493,151.59035730834208,151.6357504580303,1
42.67038358381358,151.58314125564164,151.6367408715535,1
39.67741879786888,151.57411318786956,151.63842332879491,0
48.83909508637397,151.56989451620015,151.64180227039873,0
48.46427129974034,151.56803823134413,151.64373340884146,0
58.856793897425945,151.5641341301776,151.6447833934653,0
57.947093455966304,151.56086886805852,151.64582057383953,0
50.3957457070055,151.55660754381782,151.6442065811134,0
51.83170124286828,151.54790754202685,151.6404243058022,0
59.726247199995434,151.54538623799039,151.63852812486397,0
51.78873264017578,151.53979813430414,151.63777442137783,1
45.1052077838871,151.53566874783175,151.63430727220634,1
40.567620620727176,151.5312742456196,151.6314513285228,1
37.589484313624034,151.52818599832577,151.63090467631253,0
35.609490191612636,151.52804769566953,151.62916030326488,1
44.835691288398856,151.52974388044225,151.62633079611126,0
41.45133019029893,151.5299541567809,151.6216291901965,1
39.99688388539037,151.52954292474206,151.61666779067093,1
36.81984538877707,151.52672472040945,151.6104055935961,1
46.638336917604704,151.52568069018287,151.60531621001383,0
45.02440194705722,151.52165254064542,151.59845569702802,1
48.453279015356564,151.5193048291738,151.59162063250426,1
56.25082992759527,151.51811964823833,151.58526685325955,0
51.20024008314688,151.5166398521054,151.57934639414873,1
56.356786193033706,151.5146277094634,151.57394435680146,1
59.54562131655694,151.51222813585,151.5686799454177,1
64.3475211142539,151.51152432606352,151.5649970867804,1
59.49730245482127,151.51199331636076,151.5612700883886,1
65.65198623494885,151.51784129118272,151.55931954507213,1
68.91365372212482,151.52474109357675,151.56038449997922,0
69.70489809649933,151.53319965855425,151.5607784158463,1
60.366028615460614,151.54011699686222,151.5586592409413,1
64.7049251338633,151.54846561932658,151.55562373820962,1
66.1297090606215,151.56064969663902,151.55636528258228,1
68.55521183622989,151.57167514616452,151.5572758362746,1
72.11068515606813,151.58359557311113,151.55882244914972,1
74.38774429017997,151.6008665087806,151.56279105579782,1
70.38698661652488,151.61624277357396,151.56645975377424,1
72.62914043142372,151.63481286852567,151.57014630323897,0
76.2724803298867,151.65221734974392,151.57619764346126,0
74.29513298323974,151.6714573870262,151.58180759570254,0
74.01713266502196,151.68952948670318,151.58844528554374,0
69.42798670996123,151.7048359319974,151.59509971501095,0
59.31366107954511,151.71689058730436,151.6005389776476,0
58.915474772144385,151.72788814415182,151.60683493444276,0
59.54316229161562,151.7363948221253,151.61161616753276,0
60.03285227897801,151.7448794722608,151.6164462769799,0
47.310027377332574,151.75194614543506,151.62007332779763,0
51.81869533157839,151.75735335479908,151.62370960753856,0
37.41689983933951,151.7541928312613,151.62468963764084,1
28.74950450662122,151.75305331293674,151.62585681768417,0
36.27033994577397,151.7569256948096,151.62817301660849,1
26.776393322903772,151.75646398127682,151.62856405557253,1
17.738812838319987,151.75098431936055,151.62880120384642,1
27.503908154011754,151.75012580236572,151.63011086468322,1
25.205967398305944,151.74278562633577,151.630283047613,1
35.85461848604211,151.7354300863779,151.63261554312555,1
40.90770193960311,151.73028867620116,151.63593220672755,1
40.72795013096583,151.72224738900377,151.63988224202973,1
44.898427807602914,151.71036965024203,151.64219100836192,1
47.31815897099427,151.70062607200472,151.64613877078278,0
50.91521228642386,151.6915192536068,151.65078548785377,0
52.211757797991446,151.68496353829872,151.6565754320826,0
55.24921552676444,151.67862387506278,151.66071412834242,0
54.57740923050073,151.6741478933489,151.6652750135145,0
44.429538374353825,151.66924192593405,151.6674153857295,1
53.2771650040543,151.66400542469995,151.67006678414754,1
46.70418029630894,151.65846560328984,151.67164239921675,1
36.192161658865686,151.6507216486007,151.67330837881505,1
49.07706158304826,151.64932768192836,151.67414843433903,1
45.76320184844697,151.64966317696377,151.6770610722115,1
46.892926268568374,151.64948820956738,151.68024636876592,1
44.98421771938953,151.651363295333,151.6818615144104,1
43.78470562386707,151.65166816167604,151.68281252767468,1
47.31393237898026,151.65193998990816,151.68503577686113,1
47.64388541382657,151.65528562678125,151.6875060439855,1
55.2434204103375,151.66010528816497,151.69204792796614,1
61.07478599594231,151.66486703381878,151.69708169371074,1
61.150338741258025,151.6716702174521,151.70141381253748,1
67.48237398380121,151.67789641520653,151.7034531370138,1
68.59124312427377,151.68315635446126,151.70612144914557,0
73.77524799938215,151.68789618040125,151.70989716126937,0
81.12334882390886,151.6930224438687,151.71439816189945,0
80.57951586710959,151.7024228216274,151.7174233783378,0
71.5097166267162,151.7096475538169,151.72046397657547,0
60.30320441679186,151.71705699702247,151.720799955294,0
56.14306017655522,151.72054026624664,151.71793628713394,1
59.78745834857673,151.72723494768314,151.7160392688604,0
49.23873200847834,151.73309130259875,151.71261975244428,1
40.45865480194016,151.73124118299884,151.705757967641,1
29.959900944951002,151.72779246891554,151.69959510496724,1
41.22008112186507,151.72862850637424,151.69588597663434,1
40.32266512214334,151.7319355289706,151.6927013531997,1
44.98953944359223,151.7378703299149,151.6912044247189,1
44.77608357034571,151.74123202719804,151.6903733300796,1
44.956851251678714,151.7440462305422,151.69056660735228,1
45.816186973147644,151.74367388828495,151.69156569437578,1
40.736394912615516,151.74174520251617,151.69300131654325,1
44.626407844724504,151.73998792983372,151.69446764255133,0
51.46197674457074,151.73966693312022,151.69764277775738,0
57.392856141984986,151.73752090165587,151.69990848463323,0
59.336809736716546,151.73798061951987,151.70231913115344,0
65.01916732093699,151.7364294932484,151.7063843666881,0
75.95516317321406,151.7309786996547,151.70942113045544,1
76.37798639436163,151.7285396199342,151.71182950360287,1
57.76867208806125,151.72708649068448,151.71452030103353,1
57.99285917670674,151.72987664527056,151.71571491069102,1
52.07812355752928,151.73149010339245,151.71651983973695,1
58.90683236583825,151.73808614490366,151.71895525480423,1
62.32023751751289,151.75065920642777,151.7218737901153,1
56.77718610916324,151.76229180540028,151.72426139832547,1
64.12416495340935,151.77011634196887,151.7273248119792,0
69.05316476843839,151.7811219347995,151.7311647118,0
69.923362210304,151.79149056839412,151.73635110205143,0
75.98443352910829,151.80169655107585,151.74139279317038,0
60.68751315669956,151.8091383711484,151.74652518543803,0
54.66160924043929,151.812061924187,151.7507882941706,0
57.551453944313,151.8149511768422,151.75559554596416,0
50.818235821103954,151.81584380501872,151.76051650511855,1
55.4052297670547,151.81557832481073,151.76414303491035,1
55.565778479449776,151.81696279026607,151.76682832995414,0
58.41801343591979,151.81729476083635,151.76944175166105,0
51.77358146820918,151.81786457731766,151.77298487948195,0
51.85049280837335,151.82126285831927,151.77725900911275,0
52.440246204160296,151.8235865653133,151.7804881337649,0
35.91603286262995,151.82345787497542,151.78178920031115,0
20.879602740299944,151.82112730341981,151.78012371679296,1
14.797190666570188,151.81848962759472,151.7779688772473,1
12.701416031339392,151.8106278546242,151.77453830967306,1
21.073448352677133,151.80304985117124,151.77193516450117,1
37.52185483021143,151.79901203845756,151.770603671924,1
46.62724805290321,151.79588618227507,151.7705208127287,1
48.6299125032747,151.78910712433202,151.76959858398533,1
56.76917491783306,151.78445154741567,151.7691625923667,0
57.14403163126722,151.78011100481518,151.7695781735697,0
53.11866180647818,151.77799191966787,151.7708991544962,0
50.48911234457151,151.77690206160207,151.77333301231278,0
46.83941119399542,151.77581857638117,151.7750289974434,1
44.89417853270401,151.7752391849514,151.77737565805958,1
55.43504039598924,151.77547348519406,151.78183595578844,1
62.37901085860252,151.77594441225602,151.78608910729034,1
63.46392544471836,151.775216187043,151.78807682392855,0
75.63657041394302,151.77564343398046,151.7904680414859,0
77.393458918003,151.7776746377605,151.793180732251,0
75.67498942840282,151.78172242732643,151.79668429381624,0
57.67373428251805,151.7868850879284,151.79892474326564,0
44.48294861365501,151.7883707332426,151.79800245477603,0
41.28778112743763,151.79231097613288,151.798195186694,0
35.307423178571725,151.79589208896334,151.7968999733249,0
35.676093709431754,151.7975970451277,151.79510720930418,0
33.92749257688584,151.79315670947094,151.79285799505004,0
29.96939566142288,151.781844146301,151.78806622344118,0
33.78089223801017,151.77224862818588,151.7839262379603,0
36.64840123436814,151.76098479987635,151.78116503245536,0
34.41278502639564,151.74807127974796,151.77739083749523,0
29.029694747440814,151.73003595732754,151.7720789411534,0
26.22203162019592,151.71215652194485,151.7662449629825,0
22.505152864964515,151.6958559807079,151.76077534836955,0
15.99317747516227,151.6770798095303,151.75297312391024,0
18.583694499562412,151.65833207585678,151.74490510356003,1
22.338198230044668,151.6391839658445,151.736845971468,1
20.072591192539136,151.62134470600677,151.7285681695437,1
23.444560851048934,151.60278214760152,151.71913212660672,0
21.95061000513394,151.57929759443508,151.70830354266735,0
32.07906890361417,151.5563675040752,151.698552675016,0
37.297701993837364,151.5364601295656,151.68985344663253,0
33.65175393998935,151.52230547928568,151.6820998768155,0
25.278910672251996,151.50390430719347,151.6737764388345,0
25.630369380129864,151.48760763355284,151.66560550473858,0
31.151586870264865,151.46981353685695,151.65680129412266,1
32.69127679128057,151.45428893263926,151.6477884519993,0
42.694225164545195,151.44674874397313,151.63984781669586,0
43.2177457850508,151.43486227249096,151.6307253160296,1
35.364223223781835,151.41758712820325,151.61969474040896,1
43.564526231144676,151.40496208892526,151.60994104694,1
39.85929213839276,151.39775145037797,151.60179637131444,1
36.999065019399616,151.3902632228999,151.59389933077455,1
45.52756364470047,151.38424533003837,151.58707762934702,1
37.325803989903186,151.38021209689128,151.58080682081712,1
46.59968477198244,151.37990833260505,151.57564849613357,1
49.35015612254454,151.38117912872227,151.5697128075739,1
51.017811065215746,151.38002590286257,151.5622240577787,1
59.63272905094211,151.3835023490772,151.55689021650477,1
60.7687590444521,151.38781246560814,151.54964790994435,1
63.37872707206662,151.39109113247363,151.5429447260794,1
59.625360699607775,151.3954101969113,151.53682075752988,1
69.4309276647633,151.40275071078287,151.53243933648784,1
81.12895180292291,151.41576252630063,151.52975401880227,1
78.90788962004848,151.4298537942365,151.5274513484526,1
75.53646505331976,151.44424014470601,151.52430795792745,1
80.45655008643845,151.4600653518837,151.52143682785038,1
74.31344497888452,151.4704624681205,151.5179463291269,1
81.42641589745354,151.48855521523686,151.51589002853217,0
78.79487245924345,151.51062097735593,151.51287327624715,0
75.07123741932378,151.5285163551865,151.50865861808404,0
78.72000618398675,151.54730716985642,151.50596520408567,0
64.2221364360654,151.56455166993686,151.50437170545226,0
62.05266429323288,151.5772258488234,151.5010435784232,1
63.5931917289122,151.59400511738548,151.50005203218595,1
59.07756578881873,151.6051442743387,151.49866738781796,1
48.99011917773867,151.61236288587864,151.49739527813696,1
43.95506416085369,151.6219100300693,151.49825041128602,1
49.55936850826631,151.62925273546136,151.49969185941498,1
55.959206500825374,151.63960763940395,151.5010970457554,0
57.9220626737752,151.65054283911184,151.50393334982493,0
57.542074737827896,151.6590754604101,151.5084365587629,1
43.02561323004843,151.66141394921414,151.51214230739552,1
49.05831410428509,151.66361659227425,151.51685826342882,1
49.22127636068153,151.66501217151418,151.52262429324614,1
47.538634746883126,151.66755083629604,151.52799546210315,1
57.91090916835326,151.6720657705433,151.5345895497299,1
64.29543445980343,151.67938834212006,151.5411637835722,1
62.03216124835089,151.68316837888997,151.54804452104756,1
71.32035720064704,151.69156859940568,151.55778167823541,1
73.5530934948988,151.69933418271185,151.56584528953871,1
74.33776334505824,151.70879328506362,151.57489846628488,1
71.94644940667408,151.72144725511768,151.58402841578504,1
70.86369640073772,151.73692307750878,151.59425108654935,1
72.14192633772589,151.75315232006224,151.60626990678972,1
77.90090294157723,151.7720336002139,151.61955541316073,0
88.99052665323117,151.79452310409044,151.63348894671745,0
88.54947194166465,151.8182385226517,151.64684632275745,0
88.19148876644725,151.8384245832255,151.6611167837088,0
83.57143758175533,151.85506096865706,151.67608658193691,0
73.62209531898375,151.8670484371009,151.6887678890952,0
60.745492686562,151.87627691862355,151.69984674606113,1
65.239918332092,151.8934262491226,151.7134075178846,0
53.84847468745582,151.90464531451863,151.72501825722094,1
55.66655940205649,151.91609442229137,151.73697722340617,1
50.89578700166931,151.92748346889897,151.74702551662074,1
51.911930540978126,151.93655048804354,151.7567380934584,1
53.99283078816874,151.94621051716052,151.7676376292914,1
51.427547409463045,151.95679426100082,151.777361285817,1
46.891647473565904,151.96111781288135,151.78710381714467,1
43.77211456038305,151.96652638514075,151.79601939060552,1
39.68992225753647,151.9704653434295,151.80492052489214,1
40.119173362772464,151.97370748573144,151.81241112576447,1
51.3801638647582,151.98000242999314,151.81994704802636,1
58.44132407849464,151.98393344238661,151.8279017660498,1
73.35013941392586,151.988383017394,151.83721256223592,1
68.91400553098795,151.99311759507071,151.84670984399224,0
82.25540719438088,151.99808416821008,151.85789500279327,0
84.80562689798357,152.00429645371463,151.8674132790999,0
75.60476150303835,152.00946284315359,151.87562332825595,1
75.84289109831603,152.0179235313249,151.88453075955056,1
68.44394173058808,152.02937914469936,151.89267553599834,1
61.41499328097927,152.03494254158022,151.90156386654198,1
67.89671913578694,152.04435837683832,151.91187126842692,1
72.96493816583977,152.0571044574296,151.92221695942385,1
72.24636771035948,152.07052987452113,151.93317975669368,1
74.93071736623997,152.0839597858763,151.94537685345747,1
75.1752614146877,152.0994174603042,151.95864060138535,1
74.53796411872358,152.1134634294223,151.9710455634014,1
78.64446815988207,152.13478377193144,151.98517427015568,1
78.46578828834546,152.15777792810616,151.99891342620327,1
64.93145192828231,152.17610323112496,152.01173163317807,1
66.51904883688792,152.19671714846393,152.0265324054644,1
74.94947492871788,152.21453750130215,152.04031541163752,1
76.71792287939459,152.2341869257478,152.05557166774324,0
81.90319987671003,152.25369956386518,152.0716720532636,0
84.50339141951714,152.27138304994892,152.0864367557545,0
75.77398170904785,152.28358863806847,152.09957512117265,1
71.9155287836391,152.2949031128606,152.11210717268813,1
67.0512281328713,152.30723321941502,152.1218891762597,1
63.26697399768399,152.3173244687613,152.13172687397034,1
59.82225353744881,152.33024725437951,152.14125712372467,1
64.14509786010142,152.34819386020988,152.15226250857887,1
57.00728736817603,152.36570520086315,152.16338411776863,0
49.10807900951496,152.37765595889724,152.17201841495782,1
59.60237263402092,152.39057469184664,152.1805961933468,0
61.25707914829291,152.40552505991488,152.18977763578724,0
56.54638338172972,152.41519384246686,152.1974227293114,0
50.12648415490192,152.42400623436671,152.20527822385787,1
46.57570090881338,152.4269071342058,152.21391273637516,0
43.533820799802896,152.42672044363462,152.22278222881675,0
53.17930178142033,152.43204076280273,152.23403717084975,0
53.686376090558426,152.43536280479466,152.2433070277332,0
61.07973403492107,152.4387729862583,152.2539664803334,1
59.019393125946344,152.4372049063472,152.26401586136555,1
53.44702157762749,152.43309710330476,152.27391750702589,1
47.942330499554586,152.4309575648196,152.28419958646492,1
43.13337851995429,152.43076526359613,152.2933970197469,1
60.71399640666192,152.43500021966497,152.3033895561538,0
55.78997956723537,152.44026529047355,152.3135481672966,0
50.06308476211572,152.44737102258316,152.3240647289473,0
59.91696666132931,152.45526506916522,152.33517701401897,0
51.46799971638229,152.45609684353886,152.3452182517018,0
43.05658492736436,152.4520000863208,152.3521831802997,1
40.309770595383654,152.44715130449148,152.35730555979978,1
43.30884337412418,152.44417125599924,152.36291148878888,1
41.833617959633685,152.43719333649477,152.36740793235685,1
50.247993539508855,152.43745847179446,152.37317245074516,1
51.37138346340371,152.43673975638177,152.3782555449247,1
53.58508807747926,152.4364094629965,152.38469138431236,1
56.119184901588866,152.44140114667636,152.39217327495734,1
62.663461120721955,152.44950145781146,152.40208609609456,1
63.404396628137015,152.46259897442016,152.41436960086918,1
67.31582942721674,152.47750548774619,152.4272253246965,1
68.72377142505276,152.49678832756504,152.43988940941972,0
68.14342116851901,152.5184295621717,152.45307738208612,0
75.03746087079864,152.5402038523061,152.46669721303684,0
80.55645657156938,152.56156678660497,152.4782567502672,0
84.16681373979782,152.57710469209545,152.48884606122306,1
82.76556806643556,152.59354896768338,152.49705424559735,1
85.0051222736789,152.6090892490457,152.50458925732312,1
78.57856395020676,152.6214573235582,152.5133186509923,1
83.47481599092649,152.63866601274583,152.52199779741457,1
84.46660152558819,152.66209070817948,152.53120446305064,0
82.490631642924,152.6892046850462,152.53931266351915,0
81.64624675503579,152.71682198763733,152.54816045829776,0
68.48683340351394,152.7430820350581,152.55608752640055,0
62.74925351574755,152.76304961398677,152.5649568411125,0
53.126526838463775,152.78266402590657,152.57335991014313,1
40.322434474900206,152.79757856745647,152.5808295235289,1
34.91975455120537,152.80877642956597,152.5887540592792,1
36.62720802362182,152.81510440791854,152.59602895751019,1
49.900637901346094,152.82017998820402,152.60316405206683,1
53.04360958858775,152.82393321454916,152.61051653017094,1
48.911690346732094,152.82299185587175,152.61802376820953,1
58.366056156067636,152.82494271981747,152.62682459327448,1
60.0631988642048,152.8279094508968,152.6356509694296,1
58.87363851507616,152.83347542489585,152.6455693832388,1
57.531684962798764,152.8403974348172,152.65540254140328,1
47.80792476874635,152.84512633385725,152.66434192545793,1
51.046098486896604,152.8493916797738,152.67365775177876,1
56.201584284823255,152.85719299992485,152.68337954584112,1
65.35298625502648,152.86772279363868,152.69494179295216,0
78.73907694443119,152.87960563432176,152.70753752227603,0
76.36822858399174,152.89016325222306,152.7204960018695,0
71.11024295261106,152.894761987866,152.73282641212222,0
68.09537623739183,152.90230260568768,152.74462554274777,0
58.24790204962984,152.90622909951188,152.75514237547878,0
63.63312007180935,152.91254053502698,152.76437603628793,0
57.16486276531992,152.92279117662787,152.77383987799064,0
50.06322276330818,152.93216210186614,152.78267049099242,0
41.084576652756674,152.93815462038663,152.78918477799877,0
44.27068096887247,152.94185662262225,152.7974679637002,0
45.84732559327497,152.94289107437064,152.80687292539085,0
42.989020266350124,152.94359117799237,152.8165997176099,1
30.260588470670527,152.93346020011305,152.82254017091998,1
19.848572577785646,152.9204657056227,152.8289599170808,1
21.244253751488557,152.91019544549516,152.83466417271907,1
31.250331901316812,152.9042521860878,152.84240751328568,0
32.79369899328992,152.89946198085883,152.84956293260288,0
30.692505977900865,152.89414518776283,152.85475536821338,1
37.57874395126256,152.88740552671698,152.85854117340332,1
33.23481340662498,152.87405332207908,152.85952353201574,1
35.099272181010065,152.85784955652213,152.85967514978637,1
39.90996805702935,152.84452402037653,152.85959027899406,0
50.18932292522071,152.83658151913983,152.86008719490948,0
47.82561029062887,152.82808599261747,152.85977839887232,0
49.072551725512746,152.82318168565854,152.85978833510018,0
50.234351291087684,152.81552324170661,152.85974345613238,0
60.214258003247096,152.80630838689643,152.85894364567585,1
59.072236389331934,152.79764371887,152.85809227892213,1
52.74750762618209,152.79347821835933,152.8579931359192,1
48.5105055800847,152.79022889101356,152.85809311500728,0
46.57743470036426,152.78636019993994,152.85658072209503,0
57.836914416915,152.78859508561698,152.85635587783818,0
54.05629799414543,152.79678896465583,152.85452696172737,0
60.34299625568323,152.80499686966996,152.85372585092554,0
53.89211811424763,152.8074322890717,152.85241724275303,0
38.09411270458382,152.8005059347672,152.84954427682993,1
35.99987687674712,152.79665241970773,152.84919247350336,0
40.700868999546955,152.7958673920192,152.84959175319466,0
40.41073181143051,152.79336336927153,152.8498447579445,0
44.33421872592565,152.79330082760316,152.8487718677754,0
51.0383603455724,152.7937290212123,152.84759347245165,0
44.88988763967165,152.78882148928315,152.84592213235865,0
40.98027211422734,152.77988946115101,152.8420658914429,0
40.34479782194708,152.77300634874248,152.8378171580106,0
38.775982383861326,152.76371744719296,152.83188514401903,0
31.699824882099747,152.757113496097,152.8264298806443,0
28.702008901675967,152.74929849710992,152.82061251097693,0
31.54323361647873,152.7430702892231,152.81556372270185,0
33.54847301212128,152.73591865857338,152.80948339937862,0
36.16650326755203,152.7229762052167,152.8001944796385,1
37.83992786841638,152.714540461346,152.79055465290475,0
30.941632762167117,152.70100171210956,152.7806912617928,0
29.482304376390246,152.6862303727121,152.7711143156658,1
30.312294596179342,152.6719669590105,152.76159159225466,1
33.991691661009,152.66204519496276,152.75474368093342,1
35.62362695230733,152.65535291626492,152.74666922932508,1
37.707764255189865,152.64677673608227,152.73878669728515,1
35.55396918467615,152.63749364940696,152.731724372211,0
44.460250520539844,152.6304416552474,152.72675957188883,0
43.80311022487664,152.6236400791767,152.72148525039717,0
48.66530413692607,152.61481604374404,152.71636346020102,0
41.744570406996495,152.60767787679325,152.71155681187898,0
42.441857895949276,152.60194860347136,152.70946125278624,0
45.066475885958006,152.59194683740643,152.7064096107241,0
26.517883685128368,152.57813734364123,152.69906190327745,0
31.547942748749918,152.56465354050516,152.69059042241125,1
40.00133425445052,152.5563425971838,152.68336475750692,0
31.483257260152925,152.54156242500352,152.67453061759812,1
22.54460412874859,152.52455688747608,152.66434394368227,1
28.463569246578928,152.51266280286762,152.6556382719539,1
38.68373877830502,152.50280532827375,152.64853696160543,0
36.836278213141725,152.49467682056996,152.64075238187016,0
31.638154124932782,152.48673828699614,152.63117702280834,0
30.324389318116644,152.47792277120857,152.62152630369107,0
37.64663366044391,152.46962150791907,152.61331960983765,0
38.12306394362615,152.46216826349007,152.60532723803848,0
35.757695410861714,152.4527470484732,152.59736216191584,1
37.20944914565579,152.44124120856014,152.58916336808707,1
43.03679744536777,152.4259706353261,152.57975653867553,1
41.578314456635255,152.4105764035234,152.56962425540115,0
44.81866735763352,152.39973510611335,152.56171342267035,0
56.125987740091496,152.39152647650351,152.55272936823357,0
60.29650261577923,152.3825438490267,152.54376320653458,0
56.01981420242538,152.37534743955422,152.5345498386778,1
37.00982715325659,152.3712594930385,152.5245927848642,1
42.318990864905,152.3681913811336,152.5176646009578,1
45.192536921717874,152.36287865233945,152.5098552505596,1
45.20417838059067,152.3625549240564,152.501205630413,1
53.95077020690336,152.37183785614897,152.49573373843324,1
58.35314871593261,152.3803895983212,152.49047378024113,0
58.602414278193436,152.38251946056113,152.48405313734494,1
58.9030345315164,152.38362682472172,152.4786745160456,1
68.18237069001874,152.3890248490262,152.47483117795844,1
68.15590290172533,152.395100009697,152.4703637680729,1
54.467486554652375,152.39474282779662,152.4657297620791,1
56.82114087997862,152.3979645959843,152.4616676779934,1
54.84370914187063,152.40148524288318,152.45823686022516,1
62.277800009611695,152.4103938778341,152.45609280353145,1
72.85482880097263,152.4239522297082,152.45496996712947,1
68.37152294508894,152.43620663252165,152.4549164263231,1
71.6902969896987,152.44768025075115,152.45496933843245,0
72.77366647526011,152.4585706833647,152.45575695673563,1
67.17470982114338,152.47199045072182,152.45806723773845,0
67.70470213668384,152.48718726647846,152.460637961665,0
67.14921483501683,152.50401804745655,152.4613819258617,0
65.91641816099745,152.51735771577145,152.46246652076044,0
65.57613219858669,152.53323336443225,152.4644379018996,1
63.41485470652681,152.54875486441878,152.46571011641774,1
69.40938966326189,152.55605251695587,152.46597808311662,1
60.80310450846846,152.5604805304302,152.46520996074253,1
66.13629830788511,152.56759753625295,152.4651657343485,1
66.72977492282502,152.58041207655145,152.4677681959489,1
56.89841659043458,152.5881554615544,152.46931392119163,1
59.426143956814876,152.59569520720729,152.47186311599322,1
59.93104739850525,152.60975845476958,152.47837820653046,0
59.22550321973818,152.62153721267197,152.48442114686011,1
57.62915329790113,152.63588019524283,152.49005189944876,1
50.05500067597178,152.6435049764669,152.4968698241168,1
56.19786603476972,152.64963927760238,152.50500292317997,1
58.78151821560973,152.65636863270453,152.5123987582579,1
58.59913834157018,152.66242403243152,152.51881682009554,1
65.01001300153285,152.67104492446356,152.5263041982931,1
74.06090391791196,152.68365054613844,152.53683214139537,1
80.89630756515353,152.69647570254347,152.54805913419895,1
80.74747344649981,152.71198635111574,152.55832786314036,1
77.35013532203355,152.729416312697,152.56936574044323,1
82.9439390881641,152.74367790355157,152.58081024393096,1
83.471314978419,152.75948261944922,152.59300668077333,1
78.17263835586402,152.77553375557542,152.60580333121638,1
79.2550253184219,152.794157689678,152.61864247520435,1
81.05083722460503,152.81483562172977,152.63120594059507,0
81.48960324742114,152.82848110940296,152.64255004910868,0
82.72645501532375,152.8471872061751,152.65517126405103,0
85.96668545763568,152.8688616100598,152.66926878419545,0
83.77364457956293,152.88703066663902,152.68468667597062,0
67.16568466821727,152.9005116727663,152.69734926351322,0
54.442049902152164,152.91156178364926,152.70952515197268,1
57.52534010646571,152.92802156422354,152.72305648018363,0
56.05439456531974,152.94344789037558,152.73364693687063,0
50.24087675662293,152.95700968523602,152.74304679302384,1
49.564340272081395,152.96715538779088,152.75267119098743,1
51.717913870412204,152.97650895372053,152.7634570498926,0
55.187879554167644,152.98117998377575,152.7736941952952,0
53.471450035948045,152.98397309348002,152.78360836771216,0
46.200565776458966,152.98517701050213,152.79450153622258,1
48.902320062599976,152.98503606404873,152.804194327669,1
38.86579051900484,152.9835893381512,152.81365188203816,1
40.58169380824805,152.9850721490081,152.82287798924295,1
39.814366727202646,152.98649305962556,152.8308196631833,1
55.76171222769905,152.99032088814516,152.84028817745374,1
65.12793243896594,152.99461805330154,152.8499810616152,1
64.14000392343281,153.0035180417465,152.8605289924614,0
61.73640137370131,153.00881067786162,152.86989935490695,0
69.21021801715924,153.0120069278186,152.8791966487315,0
72.58834222741224,153.01541870097293,152.88924693737718,0
63.63567038414804,153.021625304103,152.8990562988458,1
62.80164457078408,153.02997145700763,152.90822038900285,1
57.2407683949175,153.03263394284244,152.9166081115531,1
63.514211284125025,153.03807622915355,152.9264564217497,1
63.11024302856476,153.04474465157296,152.93675244148093,1
69.18621180803595,153.05303311892126,152.94684542405477,1
64.85309022198956,153.06004351011546,152.95530962331821,0
65.28882492561769,153.06520461090378,152.96451385503494,0
62.79650369737533,153.07226156006476,152.97423490885515,1
51.60724089957952,153.07906950723685,152.9822259572095,1
50.79822259612478,153.0887776734673,152.99109051198712,0
45.339859220628995,153.09751043468563,152.99830397781528,1
43.49777513432404,153.10282730281446,153.006606919782,1
54.399940227353476,153.11333769761606,153.01629903118877,0
53.88542008148469,153.11875651142495,153.0252433289419,1
49.02762605818493,153.11912576699203,153.03266175543945,1
57.48397304538297,153.11838240028376,153.03946398278947,1
52.68247679564067,153.11904298049427,153.04405632864925,1
57.34392336212648,153.11958165205155,153.04843902853474,1
58.69508012299836,153.121299806623,153.0529723195801,1
60.23248951094547,153.1265521229473,153.05791062294588,1
66.03297414916477,153.1336101260091,153.06419327798585,1
65.4409518800937,153.14431777532766,153.0705421739045,1
66.98511342814882,153.1517434434333,153.07694029689284,1
66.3105066091922,153.1617825336554,153.08380237907187,1
81.27074582142939,153.1757295718569,153.09120300410564,0
79.98732103804183,153.18872084150482,153.09940551615895,0
67.41156784488223,153.20006499847915,153.10566497195654,0
78.42890376826693,153.2126083396776,153.11173360070225,0
83.36938410531388,153.2259654892467,153.11779988625258,0
65.29256394216402,153.23232433917923,153.12381557855227,1
67.36966328697288,153.24372324592326,153.1311685627249,1
63.18405622587413,153.25360091321457,153.1368386593784,1
61.01822393815239,153.25881651952133,153.14244648284708,1
59.91139213588853,153.26709366740474,153.1492769218094,1
56.125546617530404,153.27736555955084,153.15674582414343,1
57.43746428597859,153.28808880703303,153.1640959241145,1
56.34531831084374,153.29739792398271,153.17054350473205,1
55.65443372204171,153.30708174185358,153.17768248788417,1
43.93301306071519,153.3150446649919,153.184919381376,1
49.16823067119992,153.32324856344462,153.19319562270425,1
58.30716371185598,153.33031765975934,153.2028846066291,1
46.45197513600463,153.33429245752276,153.21023029731037,1
53.19089682976405,153.34132045120464,153.2188712535245,1
64.31369936631897,153.34556885937144,153.2259015675624,1
64.13580700017269,153.3473066928882,153.2322784599403,1
70.37118241328835,153.35019495251515,153.2380762804664,1
76.86995070456354,153.35955674001133,153.24596339681645,0
74.18375722819607,153.36585725367814,153.25327373104608,0
70.90767157164723,153.37163042023974,153.2602845739593,0
68.3855029239741,153.38235583860433,153.26810779235282,0
69.43552039407743,153.39043463799615,153.27535383512028,0
70.42511384273446,153.40158629082515,153.2844195985715,0
61.08682463686576,153.40922508689124,153.29090602594215,1
52.26442030363734,153.4136757285764,153.29684935261076,1
44.52642793404834,153.41523179436734,153.30162529432187,1
53.087162739187086,153.41734233357664,153.30701545349896,1
55.60497960129008,153.42439129911983,153.31421818001846,1
57.744150524428896,153.43001965951308,153.3207857276635,1
53.59341458902384,153.43585640930988,153.3276341422052,1
52.25124486496933,153.44015491990623,153.33374652127983,1
48.886594833065836,153.4457125432171,153.3421654500417,1
45.545996841942824,153.45128722012015,153.34961426423263,1
48.38136693947136,153.45491211377262,153.35550101998712,0
52.9826868600068,153.46201560731166,153.36320520591707,0
56.476448535555875,153.46841379424816,153.37199367084273,0
54.001451182103466,153.47440336163214,153.38048466500578,0
67.1807225363761,153.47846721302966,153.3897330898306,0
57.756882937239936,153.47681988044332,153.3961690224028,1
65.68835568277926,153.47753758469162,153.40277968518674,0
58.87290144652084,153.4767940633889,153.40820456852947,1
42.98122165760455,153.47253528769664,153.4109238997953,1
45.87678336867992,153.46761099895645,153.413736888023,1
52.2807096285524,153.46956952192608,153.41803645733927,1
51.46355671694115,153.47363640393232,153.42159090072155,1
50.66349277777063,153.48235371768718,153.42427495265397,1
60.13679224328191,153.49259846567216,153.42856650316588,1
63.1124542300226,153.50193641634462,153.43496674716468,1
64.74101048745337,153.51529550380937,153.4418605933162,0
65.29729718370501,153.53075467303216,153.4495498157194,0
65.03737755529289,153.5462265794393,153.45930741738388,0
56.236101637776066,153.5553295285409,153.46680796308874,1
66.56788503479123,153.5660003024009,153.47457401990718,1
60.745330087331176,153.57417871551064,153.48164589838282,1
69.0478668695622,153.58511656767604,153.4904143660256,1
77.56358504877835,153.59449478594905,153.498845361402,1
76.8959111286287,153.60372046513038,153.5067373282447,1
75.34153902984261,153.61191194593985,153.51553869861343,1
76.28573465444185,153.62642975855243,153.52390822908234,0
77.66144182388805,153.64329747766632,153.5340808102565,0
70.53962320846799,153.66023439515374,153.5429989012131,0
67.4655037388809,153.68183359261226,153.55153027293647,0
56.940401045678975,153.7005435031719,153.56023730628263,0
46.64649275654401,153.71304711496438,153.56672712284316,0
43.671365972318725,153.72445657344107,153.5731459863494,0
50.958040309381346,153.73358671085438,153.57878695984044,0
49.98176162085282,153.73801355895634,153.58369394574237,0
50.78231098320184,153.7378143984854,153.58626981055428,0
30.174318290078034,153.73059404268932,153.5877553089207,0
30.501932676501525,153.72147075584783,153.58948594996264,0
25.024917442310127,153.70870784476892,153.58984821984973,0
26.559005616375828,153.70138930897312,153.59118983147954,0
26.8384223330672,153.69482789583978,153.59187066191302,0
10.424698382155412,153.68685373855084,153.59269735904667,0
10.765186955806087,153.67316290206577,153.59420923542135,0
8.264560482183015,153.65814638607642,153.59601119808565,0
11.889189245098478,153.6435803694073,153.59723254257696,1
25.558655547189858,153.6308284357182,153.5981135532528,0
22.63967982597306,153.61365928756342,153.59736408030247,1
23.514296786696008,153.59284422537775,153.59687593668366,0
24.098462071270845,153.57309737615202,153.59617588371142,0
30.33976981917087,153.55444663126752,153.5950239081566,0
36.30746267560916,153.53799960546107,153.59492226041903,0
33.95348243580521,153.52286630473046,153.59390879922628,1
38.367370615566465,153.50840934540122,153.59170348158523,1
29.921077488954765,153.4922061853021,153.58830391626202,1
36.773683468640485,153.4794686267733,153.58572005179883,0
43.077626774375496,153.46837612240876,153.58223337430596,0
54.86543205166377,153.4649007619496,153.5829876615232,0
58.808843048025416,153.4614771708618,153.5830617844307,0
53.33243909823759,153.45988816469557,153.5830858603724,0
39.26056353521698,153.4530647548626,153.58340161834593,0
39.54484436858123,153.44190332000258,153.58158759033148,0
33.53896607318444,153.43045576680623,153.57705185699874,0
35.51614164088777,153.42033414738162,153.57288833280106,0
34.60307903999046,153.4131134516565,153.56831509167336,1
29.280831519740403,153.40152331603295,153.56080248272127,1
35.82225879418114,153.38890450952277,153.55290079052406,1
35.37848044192441,153.3794919390547,153.5430426544006,1
38.378170745213694,153.37015206383305,153.532634893004,0
40.897954714056766,153.36488750857455,153.5236402553655,0
44.60383593215096,153.36014060487435,153.51694833869,0
35.08212688348816,153.35428526044242,153.5102362436356,0
32.868285328980136,153.34811107867245,153.503481744491,0
29.62316141484112,153.33772450435225,153.4927466562557,0
31.332017477928176,153.32751702892855,153.48151281345383,0
35.418270090534136,153.31434857268295,153.46997129481986,0
37.24117419597331,153.29886342509988,153.45701396596996,0
35.35605976378609,153.27870016993614,153.44389582607667,0
32.82915494276638,153.25885310295087,153.42928403454448,0
37.42237905888794,153.24012067734975,153.4150403732508,1
28.92477881208164,153.2233796806754,153.40002005357118,1
31.764865122871726,153.21117409299885,153.38583982626227,1
33.89726530185679,153.20362584657167,153.37328334964164,1
17.78482629525911,153.19295977480235,153.36028961334557,1
22.254454243513933,153.18436394471044,153.34862598521576,1
22.664006511818457,153.17917650942863,153.3372676629102,1
25.250478317971613,153.17197507320094,153.32656506041027,1
40.720284854818374,153.16751077641308,153.31780934789012,1
47.40484580963756,153.16324482457296,153.30934452049405,0
55.767833691862855,153.15746207978026,153.3031419493701,0
66.20363791162762,153.1502764005836,153.2965031753342,0
61.63356661006489,153.14230103664494,153.2892254999577,0
63.13877344481781,153.13720599827536,153.2836226483808,0
56.0424198261632,153.13442972387094,153.27725338497777,0
61.435587283071676,153.13355533239528,153.27167639198137,0
60.29676500183195,153.13308967477616,153.2657750169674,0
56.156665842432666,153.13441357109448,153.25844802012045,0
64.71746735168651,153.13574366204148,153.25272957586787,0
39.41086867921678,153.13257574184712,153.24517664113225,0
36.958138402080834,153.12866459411578,153.23726726043628,0
37.59648808910021,153.12645919029748,153.22882507718316,1
32.52845625341021,153.1242334778597,153.22033337522168,1
26.017031428003236,153.11863417127876,153.21159049626098,1
28.948343202981306,153.11844376260228,153.20430338022598,1
23.558877425200095,153.11302523000057,153.19695360309518,1
33.62330133325126,153.1100584811075,153.18950360464387,1
34.11301868476848,153.10802925516012,153.1824263135108,1
36.14572727870802,153.10288964606036,153.17300490153443,1
46.75743852071504,153.10129084940323,153.16526999191063,1
41.90813674631793,153.09476091368703,153.15709104896666,1
47.12831594565213,153.08968184911635,153.1511500130357,1
51.74590247739317,153.088308524889,153.14778758191224,1
57.166273649922864,153.0845639911249,153.14526593810828,1
64.5038486925889,153.08664635866035,153.14377826948927,1
62.95701929490746,153.08790478175746,153.14159292402175,1
63.33373414231505,153.08990290313915,153.14112685180987,0
69.58960999814519,153.09297733095508,153.1400771486934,1
65.15921523793072,153.09603837802834,153.1393481514573,0
73.0441250879611,153.10528438026412,153.1392295677047,0
72.59831997833481,153.1176141062645,153.1383578995123,1
60.92681639392289,153.12571173991924,153.13505353120112,1
68.12880028255026,153.13644022848985,153.1331953624407,0
54.465140210167206,153.14570669354302,153.1306287422092,0
63.593535433505124,153.15444077276612,153.13098988759157,0
64.20214123334624,153.16775309150717,153.1330480281266,0
55.778106262444496,153.17633219938494,153.13429705532465,0
56.954190637294765,153.18298634676682,153.13607548217757,1
46.73157047300343,153.18858356210868,153.13695825840344,1
46.868696702622735,153.18961047694867,153.1375729415098,1
44.3891098238168,153.19267095271363,153.1381111591122,1
46.693904191531914,153.1954117787239,153.1399628522551,1
52.249712128012845,153.19886527173372,153.14286405340619,0
54.206144998502666,153.20706779314128,153.14664271673612,0
49.450506829127,153.21077875862824,153.1509058630196,0
55.53393737612087,153.21458329436996,153.15368066388558,0
43.78389054219614,153.21385549842813,153.15499844740967,0
46.90110235615603,153.2106780822593,153.15555835231672,1
46.5997874011667,153.21002601291121,153.1563542460566,1
48.69482635832497,153.21122365767178,153.15842110094422,0
48.141140257168175,153.20776010031244,153.15847710772516,0
47.45733386064789,153.20695412646995,153.15772462155567,0
51.833270926590565,153.20308967542755,153.15751081795372,0
53.92601570961972,153.20368970865644,153.15722222636165,0
51.72188717171701,153.20005686658823,153.15724074467846,1
50.281641312611725,153.1948082666868,153.15754920184324,0
42.2512054674085,153.1909789315219,153.15745275802294,0
33.87294690671949,153.18806054206854,153.15753427056723,0
39.571826497737625,153.1889377723341,153.1582359025205,0
40.48669584350606,153.19032348615355,153.16067203923234,0
46.6228532007665,153.1914142049955,153.16321100346408,1
50.93047050276677,153.19046205908336,153.16556399976946,1
43.14512698257594,153.1862958966911,153.16768902093875,1
23.220766132980174,153.17807128784568,153.1704175633629,1
28.329711007315126,153.17054479572127,153.1717462762672,1
52.463278995610516,153.16717181647465,153.1753392984752,1
57.156978202818166,153.1689568133228,153.1785577802958,1
52.33487369689751,153.1719141686432,153.18111231770996,1
65.1918853499458,153.17425659664372,153.1849010262899,1
58.88276755389861,153.1721186196483,153.18675220904225,1
70.61759385712068,153.17551437976266,153.1907784941554,0
72.35441639237365,153.18112141002464,153.19430044591897,0
68.78444725490246,153.18654239272823,153.1968043650894,0
70.79761968857898,153.19234912546065,153.20033628009594,0
60.72811875745044,153.19640448303474,153.2011439944282,1
53.86375381118285,153.19689619360008,153.20114576658025,1
47.97221722999718,153.1957337095177,153.19978508057437,1
50.52104635123929,153.19493275478084,153.19831644009753,1
59.222823737727964,153.19685733983465,153.19856348724304,1
61.38010925867838,153.2038967856347,153.20011700138056,0
61.62874820008132,153.21340627349488,153.20152787035624,0
64.68109928152856,153.22431966496643,153.20500716978833,0
54.12288954730062,153.23129384379223,153.2056304670597,0
53.2899196523947,153.23787030817323,153.20728300921496,0
45.955006197446565,153.24323037653164,153.20726211777344,0
42.347237805617276,153.24349113347483,153.20563451526226,0
42.156746683521334,153.24207651871026,153.20485550802593,0
38.77170974248994,153.2402562632319,153.204020284296,1
37.64062617836272,153.2322882172401,153.2023828883425,1
44.20508438291281,153.2268048811572,153.20162997072563,0
44.605158708375356,153.2161616473855,153.20017477202416,0
44.99869463327175,153.20521783464875,153.1982228682889,0
46.34940414986054,153.1992843971902,153.19697201527202,0
33.42599799053582,153.1902095124957,153.19359296783773,0
24.63747445469336,153.1789366492775,153.18840715068794,1
21.489264576822208,153.16959681602432,153.183151175242,1
30.730499612764092,153.16552677339254,153.18045359056015,1
40.915198863062336,153.1656254086692,153.1802953706615,1
39.74320756996488,153.15891971283222,153.1781209672114,1
43.319141200946355,153.14822498390453,153.17491753187366,1
42.492783727449385,153.134994275217,153.17242154031806,1
43.51673741929728,153.1203681923442,153.17037279613803,1
58.35832790765827,153.1159584038723,153.17077795843758,1
51.2075348239428,153.10934331998175,153.1695444537451,1
55.46575012258813,153.10512187242156,153.16928812010676,1
56.10076006861876,153.10340160240642,153.16907184955008,1
53.21863804802055,153.10456257881194,153.17028896694194,0
56.98139273240115,153.1070334240679,153.17160943709575,1
70.0935692920994,153.11475828101374,153.17271109181434,0
69.47929159988485,153.11986555161099,153.17344679690862,1
67.23067512556565,153.12805461969987,153.1748309379059,1
58.202362715033296,153.13490565842588,153.17600030802592,1
68.97415857565933,153.13842160427083,153.1778222983039,1
64.39181041185877,153.14320000501868,153.1796444547069,0
69.2995824411975,153.15465457968543,153.1820510642736,1
69.90546631398945,153.16669827105412,153.1829617570738,0
63.604244814038616,153.17880363121677,153.1843923177177,0
79.53817603893961,153.18629381624947,153.18604722970397,0
59.53800852197203,153.1925321990198,153.18543120816187,1
63.50394771936707,153.20053047650967,153.1862822746182,0
51.248501080061395,153.20751536144516,153.18522193299106,1
46.73581485238575,153.21324113302745,153.18322068533914,1
41.691284982738566,153.2115242081034,153.18077068458766,1
51.5819635885854,153.21641851922166,153.1791722112495,1
40.98124142556739,153.21582302354506,153.1770555363109,1
54.80447642544927,153.2213635755275,153.1788588023211,1
56.12861879882924,153.226837560973,153.18273050752407,1
58.20651171394353,153.23259978163495,153.1866762478374,1
56.88800906554228,153.23752775541448,153.1889792580463,1
57.84355917479504,153.24401261974216,153.18949313055163,1
56.02643989111273,153.25107768894162,153.1898995040846,1
58.16540921346252,153.26041591732246,153.19043880896834,1
67.59384750437957,153.2696040761943,153.19314639126475,1
64.48897145339726,153.27984789882163,153.19643549096628,1
68.45121978570813,153.2887708649305,153.20026725963314,0
71.56940651638874,153.29741298918742,153.20453049935884,0
74.26615015759262,153.30301795014432,153.20876889029134,0
73.67418327368675,153.31135028934705,153.21448484015002,0
93.2266410895664,153.32512452828996,153.2225657325818,0
59.04854264670492,153.3292320321671,153.2272531350222,1
57.06309632781993,153.33693024300564,153.23352937123911,1
56.914528070467924,153.34657885906535,153.23976509510578,1
57.166202183255685,153.35755303270741,153.24407813879455,1
53.00812925452972,153.36447509276096,153.24887844335558,1
56.198122971694794,153.37889050960112,153.25703708044034,0
57.64106399204075,153.38827624997435,153.2663305759011,0
50.39972855404737,153.3934548250571,153.27390172818988,0
52.01988118169209,153.39905680245965,153.28004880535357,0
48.18171661398456,153.4025489799272,153.28643096488426,1
43.13493159777444,153.4022106210577,153.29108738541288,1
41.60379257201156,153.39923223188808,153.29559468675302,1
40.267241005659194,153.39675279206455,153.3009926488565,1
42.019377465555145,153.39518750370368,153.3048380311973,1
57.63937190061779,153.39459666528828,153.31053682908887,1
57.937259084832654,153.39612870242195,153.3166699916333,1
59.262925021166815,153.3991970038855,153.32284865995047,1
55.853542652179364,153.40123723366418,153.32743875223224,1
59.60327639267066,153.401662421029,153.33233643893445,1
58.365606260841155,153.40256393328826,153.3376879934916,1
57.59012419136,153.41196860145106,153.3440943549582,1
66.40744376019671,153.42260296162928,153.3513487080109,1
67.32369436968645,153.4344212461032,153.35957133017672,1
74.68066127672327,153.44709244525774,153.36754647518933,0
87.50484635188428,153.4631240198424,153.3768480492851,0
93.00149746984911,153.47650807240868,153.38577847752964,0
83.78668984533047,153.48567870528984,153.3939227495954,0
80.46873262533586,153.49625239447803,153.4008812334944,0
72.697394393427,153.50417282524455,153.40720040895158,0
65.00652901349821,153.51277386184424,153.41452763001405,0
61.80909274009618,153.52421576782177,153.42056150193773,0
60.73849932560204,153.53527392073445,153.42669811046872,0
56.59905062760413,153.5436395299887,153.43315200764098,0
41.98278158048025,153.5454533771803,153.43840969882808,1
38.55757554954862,153.54657750152293,153.4426004220094,0
29.407231875300923,153.5460356543524,153.44875504395623,0
20.24958835182325,153.54242534498783,153.4512733677346,0
23.16786663891753,153.54180863127934,153.4534271803548,0
21.92128693952263,153.5423557706774,153.45623883455144,0
18.400546149911534,153.537360469059,153.45762107894942,0
18.629037493010017,153.52887349238242,153.4580387040143,0
17.537088414768377,153.5158788846469,153.457269186293,0
17.214880272315582,153.49909097949168,153.45504135504441,0
24.732077994997766,153.48340058977692,153.45306508062237,0
24.61898910496714,153.4647978902714,153.450828045865,0
25.895688227089792,153.44564805748598,153.44852935455182,0
22.20711604688293,153.42392441729785,153.44452732083957,1
30.80857647501979,153.40403696755374,153.44128884045816,0
26.270587620353012,153.3830180045763,153.43586749504328,0
26.63967631690369,153.36369219454343,153.42995469651544,0
30.4064025319704,153.3453366414618,153.4270033456556,0
34.508108305157066,153.331933465659,153.42469939953008,0
25.806507547139645,153.31623125795144,153.42101296719542,1
23.14778775745887,153.2979526164333,153.4145695323184,1
25.577019691925884,153.27960520124984,153.40865246540494,1
36.45818179950346,153.2653900968999,153.40335487887572,1
44.29736406699378,153.25590197661998,153.39832365839285,1
41.79245826853665,153.24537865455298,153.39419671215313,1
40.90967317851641,153.23156749866314,153.38924311303285,1
44.90865958811265,153.22331102808258,153.38592589821158,1
48.31195701194858,153.2145720094051,153.38298325935327,1
47.70008147140001,153.2086967697506,153.381055001438,1
54.43077258339196,153.20614459821766,153.37879807750565,1
57.7563372228982,153.2041222770607,153.3766389899652,1
64.23730722077394,153.20889331555037,153.37654670596984,0
61.964284158924045,153.21517566460744,153.37614813942602,0
65.3970641002806,153.22489325054016,153.37480581950143,0
82.50820509007752,153.2330915969814,153.37403058578505,0
71.04275844425436,153.24006833762047,153.3712298616799,0
62.52811383598101,153.24530985276618,153.36705306430662,0
56.03403821686604,153.2489730016933,153.3618051057525,0
52.649980699247436,153.24830404191624,153.35497983164484,1
55.64127324962439,153.25099349704863,153.3476418675736,0
48.27978003319928,153.2587281907377,153.3392238305104,1
57.63043516428242,153.2686175538201,153.33084987899602,1
55.75431850197508,153.27437230770005,153.3225005729923,0
53.52296686304426,153.2772589972606,153.31495577518115,0
46.50403753147184,153.2789100761037,153.3072597848034,0
26.342140374977504,153.2820477177488,153.30039307003454,0
30.67693988141798,153.28522745250206,153.2949073344747,0
29.25254987799555,153.2886508848855,153.28875730617875,0
27.033510679420715,153.28946693731572,153.2827322080705,0
32.804160529930385,153.28842323648448,153.276711560104,0
29.967845955429652,153.28184991453764,153.2711976049081,1
28.421326930280657,153.26704719764967,153.26473458442052,1
28.59568566648602,153.25024780471188,153.2578329995698,1
34.58163830399552,153.23662777985976,153.2524867934502,1
40.25100317718817,153.22366970998755,153.24677501726833,1
32.46323981533999,153.21522590826447,153.24037791671472,1
39.67161384423803,153.21033459335314,153.23624271402426,0
39.04418509088231,153.20606863201152,153.23268316160411,0
43.530772147363756,153.2039046998742,153.2301901577358,0
41.895209149855724,153.20115334845062,153.22846681515716,0
37.58269360189187,153.2009021173118,153.22622444152438,0
39.05662479394169,153.19673498071182,153.22362471517218,1
31.370439301597628,153.18696571364586,153.21902763545623,1
31.970122420464506,153.17690952443309,153.21614981803523,1
47.58752172683801,153.17087435698846,153.21399474057728,1
57.2503583318412,153.16661017872934,153.21382993969578,1
64.42876521780185,153.1626673771968,153.21449740753604,1
65.73072060656229,153.16355963538155,153.21604650374664,0
65.11898510671142,153.16616846209078,153.21642620664323,1
65.13295143791335,153.16992899702137,153.21819065573192,1
57.777434365164794,153.17536189628342,153.22216131684817,1
56.710492224452885,153.18195000955015,153.22567250774065,1
57.69588763841103,153.19104732044087,153.22809588898622,1
62.86534755603906,153.20090478199896,153.2304879156018,0
61.15395753101046,153.20983843142614,153.23255892801762,0
61.906008482787094,153.21729210010557,153.23466775729167,0
80.05641866402783,153.2227920140775,153.23603510842224,0
82.6455597662065,153.22999016560493,153.23885042408406,0
66.28383490086131,153.23297108597063,153.2398998842238,0
48.258558543734004,153.23091233842266,153.23837391123917,0
40.420522222292774,153.22697912968349,153.23536718257347,0
27.80005539652734,153.22158166614605,153.22870005541048,1
25.78126808757152,153.2206192080103,153.2212050528174,1
23.956164293253963,153.2196257947493,153.21404283571889,1
24.353935305691607,153.21432471301173,153.2064879869894,1
34.952723618197865,153.2102305118202,153.2018948093757,1
33.208261773405724,153.20466828233458,153.19824077936337,1
27.10041997639253,153.19695470703877,153.19523918588484,1
31.83635788704379,153.19046649423527,153.19329118757085,0
29.856649529026996,153.18090894044718,153.19015683309132,0
35.87523310560347,153.17515800218223,153.18873324142595,0
32.30639755123801,153.16995959516072,153.1862093242769,0
40.83148495787352,153.1648859235234,153.18430133531552,0
46.05598858735751,153.1545817236256,153.1814170061478,0
41.69086576728523,153.14103039461162,153.1774070554208,1
51.37521924882455,153.13039221559666,153.17400555643084,0
55.79459808368227,153.1206172158292,153.1701910137531,0
51.898605522891316,153.10738830561235,153.1663453923748,0
49.9726341588344,153.0954829683128,153.16230629662266,1
48.47052584248476,153.09143817560332,153.1595798868867,0
42.13432587950629,153.08592751170312,153.15699822143966,1
48.06348119884357,153.086991559777,153.1566778002614,0
42.41001031508273,153.08715433837367,153.15596766628212,1
49.018336830703355,153.08912213165468,153.15504057643685,0
43.33735913439812,153.091375803207,153.1535704242772,0
46.2894950930132,153.09167990274733,153.15247640716882,0
41.4169423660782,153.0899842378069,153.1501006371449,0
44.649311229129566,153.0872247144046,153.14770161884206,0
51.71371732757503,153.0831299435046,153.144981285023,0
42.870955399936584,153.07935020405966,153.14143557533495,0
44.81721482699868,153.07488445212766,153.1383261753523,0
46.5096988419045,153.0694146015753,153.13528117262229,0
49.595744203219645,153.06187973739202,153.13426694481402,0
38.470383042764716,153.0545251422481,153.1324632532738,1
33.63300513840427,153.04486113898196,153.12700176821818,1
21.415303670146173,153.03288127568686,153.12051399521386,1
40.460590723586584,153.02557040905648,153.11535222649698,1
41.24212936060341,153.02213123722157,153.10977403311082,0
42.42431520674106,153.0206442860878,153.10409662622143,1
38.035132673873804,153.01597037937026,153.09799643982626,1
40.259348302935095,153.01407854860784,153.09248488236943,1
44.06186627071011,153.00967097574517,153.0877661867394,1
39.322372934104536,153.00462172786087,153.0813974292501,1
48.57160672958354,153.00066371548178,153.07494414982997,1
48.45791911540338,152.99910225958226,153.06927595553964,1
53.72617645762194,152.9978045564254,153.06468138969677,1
56.45044249799707,152.99876308779852,153.0604890666333,1
61.63745962296081,153.00014043683615,153.05576172733456,1
81.82524017712316,153.00296911739667,153.0529804975934,1
84.60222621535495,153.00945784449098,153.0528537777623,0
75.58664394735983,153.01343272205557,153.05290761230114,0
66.93965548641053,153.01726830003074,153.05355582617614,0
67.57652470741564,153.0218625199129,153.05476426957503,0
75.48484849792284,153.03229708764036,153.05753177043024,0
65.89538451102987,153.04576230633947,153.05957680554928,0
55.15101932011684,153.05629554095322,153.05894000686703,1
62.605578126532656,153.06167366172204,153.05815437825194,1
58.01610207004641,153.06536824837926,153.05713944964702,1
55.21386424501322,153.06950503858863,153.05571204396279,0
52.43566725815251,153.07480527466828,153.0555549735147,0
48.05204754666969,153.0795414382798,153.05423825680845,0
56.6372094696225,153.08644370974153,153.05435983257175,0
44.438409725216495,153.09237892158205,153.05239462847356,0
37.51137011757473,153.0938550997403,153.05065350027584,0
38.47081923499199,153.09345225240813,153.05024469865825,1
34.692810399541926,153.08762972976064,153.04757639536234,1
33.52895766531644,153.0803969364378,153.04440095487675,1
34.19415105277919,153.07693173370046,153.0435790985698,0
38.639090898475324,153.07196919217705,153.0435749871391,0
46.87001549536935,153.06617679560296,153.04274922576215,0
39.88429940807459,153.05830552611337,153.04185881806524,1
37.194289779297016,153.05033751162844,153.03889420691675,1
34.82294615716698,153.0412748488945,153.03641247378337,1
32.2666541157795,153.0279250187329,153.03305292526153,1
40.36385048548836,153.02036206750793,153.03117131126965,1
35.149326405910145,153.01744886352247,153.02924759117707,1
36.84334766798888,153.01160703541822,153.02680349729647,1
41.64500384513267,153.00621392566524,153.02473513415129,1
44.98343726123865,153.00156601023124,153.02308647065345,0
59.378109394332434,152.99897470645868,153.0234047744743,0
66.23005121811727,153.00052493302445,153.02449444916718,0
54.19695895111732,152.9963225551748,153.02512301401154,0
50.12953907173083,152.9939354079155,153.02521689668293,0
43.953023011084,152.9905642743218,153.02506915310533,1
48.03756348860403,152.98689322278534,153.0270575321796,1
52.979046245586225,152.98806309449026,153.02964912288368,0
58.74104475002501,152.9919023259594,153.0309337216379,1
60.00094526067579,152.99175459060518,153.03142843992325,0
53.16398864267822,152.99082481465834,153.03164719856733,0
51.24318546562957,152.98971378647065,153.0322465886023,1
52.714193738316396,152.9895783601574,153.03205874268505,1
60.317684999784454,152.9956532192138,153.03328710430418,1
51.03193903417227,152.99889848143795,153.03412317521418,1
47.00487401335812,153.00329649975188,153.03410603896955,1
48.951260395159814,153.00939988202106,153.03529036024514,1
53.481003495672105,153.01423909715518,153.035821407469,0
56.664415285669335,153.0211922611674,153.03577516664404,1
62.01424012051735,153.02675911141148,153.03538260398142,0
62.36421135964763,153.0307685863215,153.03420625822338,0
65.65263800398297,153.0353138959003,153.03374719503802,0
50.219438960428924,153.0311515083752,153.03158196369503,1
56.35440941107167,153.03284061193125,153.03135193877176,0
51.96235754773488,153.03312184947953,153.0297206285096,0
50.48229385044954,153.03567705861008,153.02642114149322,1
51.9580051003728,153.03778404496617,153.02386622763026,1
46.13319418943289,153.04017180146815,153.02319962708967,0
46.17046572205179,153.0366262667572,153.02091476365197,1
47.35061661474765,153.03431547641225,153.01900733113644,1
47.3518514744038,153.03738511929058,153.0187992308481,0
42.71663288223269,153.0369773025345,153.0171153997488,0
44.07252775916507,153.03892141610152,153.01581073381377,0
43.135225088493996,153.03455022312593,153.01252970965794,1
45.33380278088811,153.03484669687063,153.01111028532964,1
39.724467216152085,153.0347631408319,153.01046925540624,1
45.09259162374762,153.02856185613177,153.00933420173462,1
39.66462564017455,153.02346449325466,153.01015531286663,1
54.75080845982911,153.02294545264124,153.01279457312543,0
55.131472621465655,153.02280883990488,153.01373344646316,1
60.13913811051737,153.02473915715126,153.01531424421307,1
51.61707615872866,153.02054742454615,153.01549544661532,1
54.56208629973321,153.01923908080215,153.01595538557052,1
54.60398855466766,153.01549438726897,153.01741468902796,1
52.31606817076265,153.0184262097403,153.02058117284793,0
61.41421161770481,153.0227867297802,153.02436582591213,0
58.71206713173308,153.02741348671225,153.026686795312,0
62.94699971505854,153.03068779791198,153.02849520084547,0
53.4879131077693,153.03475867268463,153.0301754185585,1
56.06259058185865,153.0391569081713,153.03218452413884,0
62.971262652419895,153.0409348185115,153.03454675416017,0
58.65479198505845,153.04480373476162,153.03544701106998,1
47.839253532031876,153.04715802922988,153.0344639722959,1
50.25526915242707,153.0516419704662,153.03465747577448,1
44.002823796988565,153.05414590209307,153.03519448300065,1
50.74437992194099,153.0564540673795,153.03682517262928,1
67.34500952306993,153.0650561589012,153.04059937618095,0
63.753930555539874,153.07197127996054,153.04371858705474,0
53.93213774854852,153.07392142319583,153.04560221202001,1
47.593123488296165,153.074822812558,153.0469607352443,1
53.915967021679485,153.07578051635784,153.04929652489287,1
52.79783030837932,153.07929143332962,153.05132650535887,0
56.71132006569924,153.08350639679878,153.0535266002271,1
60.230236254533814,153.08967174162757,153.0550220979935,0
62.516563316862346,153.09569157244405,153.05929840925037,0
61.538675927016214,153.09951504538736,153.06285324416635,0
53.655277591703445,153.0997698921387,153.06283479935908,1
56.60695376870634,153.102340383042,153.06373571520018,0
55.42614948482427,153.10620918507306,153.06418218812078,0
58.50946141218876,153.11050620565544,153.06568336183645,0
42.306384469000974,153.108252871706,153.065540468314,0
47.02186468249107,153.1090872118469,153.06495633744862,0
44.156124755410275,153.1082199052238,153.06529133103535,1
49.0873996996303,153.10841988255257,153.06488918402303,0
46.30189818352493,153.10965529562725,153.06580786145975,1
43.76797380581231,153.10885248827068,153.0660953444935,1
44.53322463096405,153.10229355220275,153.0664031790756,1
41.87046133958066,153.09787743540363,153.06680084062893,1
35.461240222200544,153.09452747395744,153.06876269490013,1
40.418195535884,153.09400636548094,153.0708370908718,1
56.5014565544434,153.09631569515489,153.0728687552386,0
45.98338433348991,153.0954482636139,153.07471488979067,0
54.7849850543739,153.09978676938744,153.07787274154146,0
52.36388790101742,153.10133042786597,153.0817341798895,0
57.138041399518244,153.09754760730078,153.08437877342243,1
47.76053652784277,153.09208941205904,153.08578375265716,1
52.132401249838786,153.0904845435466,153.08760387432503,1
52.9375947780993,153.08868199595256,153.08982271627934,0
52.29020916221864,153.088159035409,153.09026762122787,0
62.43378439036695,153.08929120220677,153.09227630675719,0
57.443453306028324,153.09161433593604,153.0922905398279,0
55.03235348082765,153.09186018757924,153.09348144266184,0
49.59238603198742,153.092011319208,153.0944002263977,0
48.75708705550992,153.0913195389891,153.09521924471107,0
44.19094568930757,153.09263146106395,153.09548996198922,0
48.74965406401085,153.09516720304526,153.09504753379954,0
31.37315110801491,153.09265971029225,153.09250166850762,1
31.905415522806322,153.08903331715254,153.09013904832517,1
36.89500924058012,153.08616601350752,153.0893256312293,1
43.81420360112343,153.0828847988828,153.08832824715637,1
50.38429551120115,153.07790090204293,153.08765518865118,0
42.060555401194044,153.07405125242315,153.08641389685528,0
45.63377571104995,153.0680483463235,153.08622886837892,0
44.21231628301158,153.0645438347665,153.0868949256096,0
43.06008236821129,153.05902056986662,153.08632864053186,0
44.51735994967696,153.05728613530323,153.08611657982667,0
47.27182609411204,153.05482864241566,153.08351286773078,0
45.32284378176529,153.05006770356312,153.08106128572038,0
42.706822355868965,153.04639769119999,153.07925812842953,0
42.45739469188635,153.03813826588905,153.0776024880896,0
51.15485685453615,153.03166159846475,153.07464297267066,0
50.28498076812833,153.02529105923722,153.0718812930249,0
42.572797569071646,153.01930172761112,153.06871835872263,0
36.013508728277145,153.0099872630805,153.06334545329224,0
32.45712450667659,153.0001943565636,153.057291075637,0
32.21121384969699,152.98873328471515,153.05073482953065,0
32.112919826166916,152.98477758779887,153.0465047467717,0
26.81022848606942,152.9814263118388,153.04177341984388,0
26.968861441398246,152.97311563159994,153.03608820984002,0
22.661769556751167,152.9623240214989,153.02905537349375,1
32.681291269219116,152.95143286492527,153.02492718593888,0
30.0699932855062,152.94075123280794,153.0190795052397,0
26.702308082399483,152.92744380660884,153.01391842893293,1
30.83387376585779,152.91245721503407,153.0085098586022,1
37.384435800688244,152.90334992379476,153.00380649179885,1
36.39541104070342,152.89293224028634,152.99974848063295,1
37.99238815485751,152.88230221571595,152.99551633313607,1
49.233268680252436,152.87512007375614,152.99195834106138,1
53.512081998429785,152.87112823273964,152.9898984319424,0
62.138368756315685,152.87050068947886,152.98820021768879,0
60.27828681281905,152.87161956250247,152.98476451960968,1
54.76234126083401,152.87080539570525,152.98202414586143,1
59.10873337296833,152.87058051907655,152.97703585859827,1
64.630576951058,152.87404458741506,152.97243111711185,1
61.980758980962534,152.87691054888552,152.96903625227094,1
72.57963612012557,152.8856274471562,152.96815004356952,0
77.28484886903647,152.8943096703391,152.96803479748868,0
66.71845679916314,152.89848092569557,152.96569299174107,1
67.4503743138091,152.90902379588528,152.96443411403052,1
63.57634153153529,152.91882899868332,152.96087049208438,1
64.63434539510983,152.92501582090657,152.9582877799271,1
61.07153930380459,152.93402598294892,152.95594582338757,1
61.91780339202483,152.94868144828064,152.95658648056198,1
67.7179988866265,152.96942202695715,152.95975085378942,1
68.87807575861167,152.9897613660077,152.96265845377636,1
71.97105273011908,153.01025625776754,152.96578410252187,1
77.46101418531296,153.03334946281478,152.97179223414506,1
78.05261356410308,153.05522282540338,152.9784341443617,1
75.58554010774304,153.07237052569567,152.98438023681766,1
76.26504178569695,153.0914011043156,152.9916067398619,1
75.54599000014758,153.11076519826867,152.9979102381,1
85.32673494869402,153.1331292200484,153.00565533291154,1
84.87473604692083,153.158930827666,153.0133888511353,0
92.53159976615908,153.18450416007667,153.02041524723595,0
95.91509538366391,153.21104889615657,153.0298475827869,0
91.16806036557986,153.23295605416226,153.03841801111315,1
85.08490627824189,153.2520849396222,153.04693731637127,1
69.96789358976423,153.2721322073008,153.05451879323616,1
69.4175598277803,153.29077635593688,153.0621855799253,1
73.18916286856253,153.313503885457,153.07101673991156,1
72.97699060779902,153.33816623175383,153.08088963324272,1
75.02657039567619,153.36611007010038,153.09227342773283,0
77.36926621010369,153.38946008124293,153.10464982201472,1
74.52736004468943,153.40720634192564,153.11863848532752,0
65.63828995139096,153.42104363460172,153.1309981649916,1
61.258581356188685,153.43441065041438,153.14405504880153,0
61.37820389653458,153.44815066666933,153.15714146569326,0
63.00472766188813,153.461805528792,153.170585831143,0
57.85159993707298,153.4755205805017,153.1853422163784,0
61.33041999557498,153.4849418250818,153.20065386129508,1
55.46163525281955,153.4903383012273,153.2134724126208,1
59.89487873665945,153.49376756486666,153.22686186573503,1
61.75231909372989,153.49771435979315,153.24149707240903,1
60.937209509003985,153.50201544528895,153.25623853933791,1
61.113333976360614,153.50553837409157,153.27072296290564,1
53.171984818191,153.5105969843594,153.28548390874238,1
53.250971677202024,153.5169569502717,153.3007992101936,1
44.89147007397498,153.52432770173795,153.31420184442888,0
56.478050954022336,153.5322967667498,153.32665299352936,0
61.77388353269805,153.53944297022514,153.33859365221008,0
60.72182041720043,153.54666906261355,153.35090943328717,0
51.473706445315216,153.54882756926654,153.36348229715733,0
40.745956864060254,153.5460397260238,153.3748335047936,1
47.57418744046032,153.544237914542,153.38671581617828,1
53.122987857823375,153.5438478191937,153.39777307311488,1
50.26946240803248,153.54236262337972,153.40674911929096,1
49.207247708801304,153.54087237691468,153.4157665483235,1
43.838243954626144,153.5365237541576,153.42580296252783,1
47.11148157615977,153.53529301501675,153.43584990403096,1
50.06464382211633,153.53564833760998,153.44738159686574,1
53.183019511351176,153.54107387862126,153.4598956357067,0
49.930707305192804,153.5441749046921,153.47092143443228,0
52.06238991553652,153.54801755512977,153.48123151514866,0
51.41869373468531,153.55113747025044,153.4889247166552,0
47.77408305319968,153.55225342939212,153.4957197882594,0
50.63904213455997,153.55358507996252,153.50281543762037,0
52.372184479206936,153.55080930703363,153.50778314788113,0
49.19676523145368,153.5504954732684,153.5123109035749,0
46.707049558082225,153.54620182834506,153.51618551458913,0
44.695771184991784,153.5378248770012,153.51716316128434,0
35.975613211972444,153.52481172534388,153.51652804411722,0
42.57923167707639,153.51557042410002,153.51645877877797,0
35.55865391982432,153.50984055445727,153.51519739551009,0
39.96205012814519,153.505113570172,153.5149595802164,0
35.248038189552176,153.50025617432763,153.51345598438328,0
34.36759959829645,153.49345717503397,153.51094956763964,0
25.629598505878988,153.48249385599556,153.50793011487286,1
30.631476153138692,153.4752751871576,153.50706015447054,1
31.09091879593433,153.46525721520544,153.50564224773836,1
29.254580939778407,153.45255711207932,153.50300288751464,1
34.10819378298025,153.43865024894237,153.5000892425821,1
34.57246097739842,153.42904394433694,153.49609498412693,1
42.79070006972292,153.4192166030649,153.49313412387747,0
53.35759941643085,153.41212094878244,153.4908905593979,0
58.45748134386069,153.40504796587192,153.48932152076748,0
48.457739337712255,153.39459312865193,153.48688842891536,0
49.31785669631319,153.3872782241819,153.48343417088617,0
43.387940902635975,153.37962106343747,153.47943711743306,0
41.74807603580759,153.37211717301346,153.47482415159385,0
44.71465923926934,153.36552569812562,153.46939671050185,0
51.75168165413988,153.36322734102288,153.46568366003547,0
44.53232132629,153.3582572226285,153.4622546418827,0
45.56507172033924,153.35481032870916,153.4580357830765,1
44.464435676745666,153.3460901658949,153.4525894684588,0
42.28217004803197,153.33807344686358,153.4464700134921,0
34.87792851694596,153.33186041888263,153.43945494144893,0
33.22024603797102,153.33026121644204,153.43325182134097,0
29.9803018815267,153.32820020346801,153.42860915516255,0
25.540175045439696,153.32225354282465,153.4216249581683,0
26.5958084323009,153.31543189595678,153.41339845780732,0
23.911627974095964,153.30480453613035,153.40334343198884,0
20.72906345066916,153.2915303869374,153.3931761111953,0
22.5151847569785,153.27549404608715,153.38491585190278,0
21.48532320515274,153.25279629911012,153.37431391322517,0
17.3431690669631,153.22881119194136,153.36330686986656,0
15.99302881510863,153.20557439268242,153.35217313663645,0
17.170133007286026,153.18376425441795,153.34059092188747,0
18.769342562920855,153.16151439886366,153.3294333753155,1
18.01709332003533,153.13982602460564,153.3166373554294,1
20.729319726415767,153.12074430572568,153.30343509774815,1
13.371916806103656,153.09961830887687,153.2891014321377,1
4.366149400059371,153.07798125102897,153.27577718041746,1
20.834137307545134,153.0601070163104,153.26287156754879,1
32.65955515015972,153.04705265780817,153.2509555434819,1
33.282181857017974,153.03154588285565,153.2381869948775,1
40.55065945850735,153.02006731628657,153.22604783597856,1
45.110760209916194,153.0084048046228,153.21629002037665,0
46.34627573263826,152.9917268504012,153.20510170601565,1
54.2841135607364,152.98117208490353,153.19561306079171,1
65.1835954374512,152.97628384055804,153.18878204323005,0
58.681348275006926,152.9722561859299,153.18232121622327,1
54.3901742337431,152.9676154900696,153.17399413758312,1
60.729557980615624,152.96550203207917,153.16718044295158,1
61.00333432646733,152.96733961887585,153.1592043327067,1
65.03235023575505,152.97255878178458,153.15222791284933,1
67.19363287544053,152.98086319232988,153.1471355435548,1
63.80293557698139,152.9895893586071,153.14342912293208,1
53.04989362501281,152.99511076368915,153.1373676059281,1
62.784736609923684,153.00469225999524,153.13241137334532,0
63.80178286119208,153.0165544672467,153.12903403981508,0
60.10050849595673,153.0291435064241,153.12529873513037,0
66.25459448705139,153.0422556189082,153.12106185024598,1
55.02747420698704,153.04801339827094,153.11439028563117,1
50.63301348896474,153.05187607057294,153.10685759219808,1
59.20666154043662,153.06003454488544,153.1001816264829,1
64.7884143013834,153.0661463711645,153.0946691329836,1
65.20121526400344,153.07297863547512,153.09057018489392,0
61.819787731167075,153.08167863375124,153.0859247341412,0
61.87549585741406,153.08979677506036,153.08268490161046,0
54.21219565101383,153.0920420031013,153.0793885652203,0
52.20798916626132,153.09681025844924,153.0757543831938,1
59.357927133964495,153.1032838079384,153.07200477170707,1
54.957129621630756,153.1079391885208,153.06843198687622,0
44.20449390472507,153.11112262829147,153.06521731766534,1
44.85176500623861,153.112738028382,153.0620937454567,1
51.209083127573265,153.1154686525388,153.0605788370173,0
59.992794149088276,153.11629886014703,153.05784418041407,1
44.34109009631023,153.11648567863682,153.05268179599562,1
51.91791944870505,153.11828541183337,153.0508241209488,1
58.907529801008515,153.12057259067916,153.05109031770405,0
46.83609855341462,153.120417861069,153.05154406510587,1
51.823502388945066,153.1219473841241,153.05322864912063,0
46.71508967203395,153.12583754050453,153.05452768339813,0
53.09188352177395,153.12915219757122,153.0573999515825,0
54.60589959778752,153.13182908567416,153.061388783976,0
54.277769559079815,153.13411028005484,153.0660834879326,0
49.27457178381442,153.1320084988143,153.06986788265246,0
47.82153472283513,153.12908834233866,153.0729543115312,0
44.606638171030525,153.1227675383794,153.07586150711998,1
37.51010868305022,153.11687976821403,153.07784275021564,1
38.73681350901492,153.11089191553486,153.080263825857,1
42.05171558814286,153.10366199754264,153.08227707031253,1
35.430492862210855,153.0974797516332,153.0833810810053,1
36.145426104681555,153.09556021929492,153.08462034226005,1
39.09440087398367,153.09261091586123,153.08651975865894,1
35.78282501520407,153.08831394865794,153.08787748996582,1
41.82909469272189,153.08616746521122,153.0889492446494,1
43.256647844983505,153.0887939220041,153.09150862463682,1
41.75892324374743,153.08757726814127,153.0933861942439,1
47.80003157188955,153.08489268947514,153.0945338572709,1
55.18816357878505,153.08628476881043,153.09715549825805,0
51.84208080854999,153.08324962562455,153.0994823033426,1
61.79076032467982,153.08336622973033,153.1016733624586,1
71.22839844056902,153.08491603711371,153.10443051887765,1
66.13182142390225,153.08403628625632,153.10597978576473,1
71.4964852532884,153.0837822104843,153.10725109519433,1
71.50301248787926,153.086898387942,153.10879149438645,1
64.1343064718218,153.09111948380308,153.11135779957675,1
73.28200562023855,153.09990974490637,153.11394850108442,1
78.74575758243729,153.1160441336578,153.11763861678008,0
71.95458552888394,153.13052520830556,153.12081650660957,1
62.238195176263666,153.14347391403527,153.12276438836335,1
62.96649937889394,153.1555557995027,153.12639804149802,1
62.902328165981146,153.1658824662819,153.13022290054363,0
60.0958164954189,153.17701006550615,153.1333099669072,1
71.34601045455261,153.19092979570064,153.13779085978027,1
61.502184474259415,153.20062411972313,153.14000743834862,1
60.88281239533942,153.21082780362198,153.1431682925851,1
61.686453668379976,153.21946398775327,153.14525307932104,1
66.43779210452101,153.23034845862168,153.14985643947904,1
69.39669413045695,153.2447098581917,153.15631533815503,0
66.88631657050668,153.26014970248815,153.16222866116252,0
62.03716386299885,153.27232875200804,153.1674291878535,0
57.77947826073859,153.2844472891698,153.173760383229,0
59.55044535268875,153.29742857102698,153.1798560028227,0
66.36402401935699,153.31021820703103,153.1851509169912,0
65.54233945527308,153.32149634325293,153.19087048762879,0
53.57112938309338,153.32883935789815,153.19629927128128,0
54.51053396662216,153.3336849315327,153.20010830896416,0
45.57836458663618,153.33150968134456,153.20201345304625,1
49.15859351400919,153.33000818574305,153.20465263647918,1
52.47311898784168,153.33500110018386,153.20798587478728,0
49.66666500941404,153.33640635333884,153.21062556663176,1
45.6149357793769,153.33802265094477,153.21377108189304,1
32.9214185843292,153.33952824138126,153.21638962919008,1
34.69357116734382,153.33704883514946,153.21896628181813,1
42.296946919744705,153.33946503593646,153.2229900531975,1
38.878162833442666,153.34107009698857,153.22796099444508,0
44.45224164418588,153.34538075596348,153.23429836635466,0
50.100504669425526,153.34796489294445,153.24229048937121,1
48.34622133860539,153.3452019518749,153.25003935269106,1
55.46486877092326,153.3427948689209,153.2578818097138,1
49.49404352241497,153.339156393623,153.26409984464942,1
48.828674121424505,153.33164201294954,153.26819310069084,1
62.77855284935868,153.3318017840122,153.2755323500831,0
62.182395519126516,153.33493076604356,153.28379764394546,0
61.703873241294914,153.33489178591202,153.29036021590912,1
52.99802692973803,153.33622639176065,153.2952722591839,1
55.84362255971097,153.33870126693228,153.30055790848056,1
58.808083271863104,153.344021253312,153.30566487858098,1
58.05475352681598,153.3517379880699,153.31083392418302,0
55.834949120593826,153.35554850594946,153.31690542691723,0
53.28887649909627,153.3619596756942,153.3220629450173,0
50.79808601417702,153.3672554939168,153.32670686461427,0
52.588525297751495,153.37339045343063,153.3321312960598,0
46.267503175756325,153.37506317364563,153.33547866708267,1
49.42931927992941,153.37438997011915,153.33798668606835,1
49.32706152015072,153.37097706112115,153.3399040253723,1
34.937717041145206,153.36665444259432,153.34099624542984,1
44.773623090016024,153.36697079310085,153.34266115314844,1
52.454407616442325,153.36889515485365,153.3453873313103,1
58.016960340128016,153.3715065189004,153.34909485165986,1
59.87436127133004,153.37873533031228,153.35337165697325,1
59.61346953519706,153.38897323389065,153.35742940773434,1
59.081436535685576,153.39339505298295,153.36208634507383,1
63.02885282792031,153.39634953592176,153.3659655400339,1
70.00498918252269,153.40715100587335,153.3729709703692,0
63.0704410497014,153.41838946382288,153.37829692326426,0
64.15366505601176,153.42961057661086,153.3846165440236,0
71.08893925394214,153.4374386623083,153.38850096005564,0
73.72931018686714,153.44528330721198,153.39106330379113,1
73.31813308905288,153.45159865385506,153.393485007464,0
70.51331010658056,153.4572415542714,153.39602806592265,1
59.516498222708606,153.46145050790318,153.39750815210763,0
61.8638223415386,153.46770891811454,153.40024343489483,0
66.76594268543985,153.48118845170183,153.403866764951,0
56.80540979394765,153.49232712520126,153.40631899884767,0
55.126142941320246,153.50554993174288,153.4105882549102,0
49.99129343631889,153.5167359621758,153.4142166576871,1
42.18181944558017,153.51815836618312,153.41732062708383,1
29.49770373378145,153.5182356169349,153.42067830378704,1
32.11538689217139,153.51832447449894,153.42242420138587,1
43.918112871446986,153.52187825637026,153.4275604181858,1
49.971809506408235,153.52531801796835,153.43234755454375,0
41.609284045789394,153.52461830318794,153.4361223697965,0
42.925272958795,153.52122106392446,153.4396344315439,1
49.37950227250014,153.5154378272291,153.4433600868863,1
58.22622758267694,153.5170703580672,153.44869702769572,0
48.85708383508553,153.51395852834182,153.45204765297495,1
39.70714102581906,153.5086525548466,153.45277602481647,0
49.97947985470348,153.50637447149418,153.45553231163882,0
51.01746586561803,153.5071096789161,153.45921093146208,0
50.52018602220752,153.50680643021002,153.46308808055744,0
56.30299026830321,153.5084137729317,153.46821685610047,0
48.732684309447095,153.50170639976187,153.46820528119468,1
49.59229463563306,153.49289117057026,153.46705092676166,0
42.80332507415992,153.48769965856803,153.46744214791008,0
44.55013170342378,153.48450900969183,153.46990130208266,0
45.58310471479019,153.48061868604378,153.47098362533168,0
47.57917708079552,153.47982267291803,153.47164119492626,0
41.13392388061744,153.4773966923304,153.47094178549122,0
33.01636714487637,153.4762682238388,153.47071208854163,0
34.82871779416344,153.46749346177572,153.46977393261838,0
39.43298619448537,153.4567828807177,153.46815850926413,1
24.56550197268001,153.44695455553602,153.46554801063863,0
26.434144130889877,153.4399236835299,153.4655786354976,0
34.621778256789796,153.43251584674792,153.46661043753778,0
30.402512624703718,153.4197580238596,153.46820941279108,1
41.27770692032493,153.41074141576388,153.4696824422428,0
34.660274715729486,153.4027215541951,153.46707632925418,1
31.139569562409363,153.38970524252767,153.46385634670844,1
23.144188262329067,153.37567621110946,153.4608788083457,1
46.168812413051285,153.36967425708775,153.45946365126764,1
40.98423540923295,153.3598832108495,153.45658084688404,1
51.95904638322331,153.35952813157536,153.45465851263165,1
54.91112776608575,153.36145942420745,153.45309488207596,1
60.307363535271534,153.36328229109347,153.44989466199814,1
67.68255053015821,153.36702703300253,153.44935632975452,1
74.1990408969073,153.3739624580751,153.4487243779174,1
73.63394468243021,153.3815971221316,153.4493045788556,1
71.24676381536956,153.39123885262188,153.44932400365516,1
75.53615782216067,153.4031121381598,153.45131748226353,0
77.5054850029463,153.41957242535537,153.45470628105198,0
82.65895886823553,153.43552921483405,153.45778999203648,0
76.34194515771803,153.450736057112,153.45875886623764,0
75.47779564837487,153.46397796382385,153.45869444034642,0
64.82437784104837,153.4734025360935,153.45904060189466,1
71.20046417378133,153.48322049170665,153.45927763677662,1
70.57907479396133,153.49580100564174,153.46130845962915,0
64.34658632694862,153.51065932035308,153.4640767109222,0
63.02399153617958,153.52610797456094,153.46700528975884,0
55.11129074546897,153.5418057134862,153.47027130394065,0
57.65186029215697,153.553430714561,153.47208463454393,0
43.444548857341836,153.56243798949518,153.47142883549478,0
41.225114681880996,153.56667996530783,153.4714831774796,0
35.16296665815621,153.56911425495565,153.4722521584884,0
35.83375628722598,153.5736661838195,153.4731860046343,0
36.32537439436647,153.57303596324115,153.4717425718241,0
34.3731156735378,153.56722833348005,153.47003229997267,0
38.79915868936781,153.5619507533301,153.47062385824898,0
39.403898775008095,153.55533303796489,153.46890743024346,0
35.6211665032785,153.5431585007938,153.4657370110146,0
26.446761322253565,153.52702042076584,153.46279187727433,0
27.11356601910184,153.51190006029918,153.4591845069835,1
25.77840201629985,153.4984287400084,153.45744780233625,0
21.26791282805786,153.48035430073935,153.45367969241406,1
21.537793400675795,153.46618472389372,153.45043462802494,1
33.29550542537184,153.45509285761517,153.44751117594595,0
38.32115017415995,153.44264899806674,153.44612058443835,0
34.155713581939835,153.4286421633992,153.44360450711463,1
27.329203669741617,153.41427066942111,153.4417548805951,1
28.425957898826923,153.39975051600933,153.43966422080885,1
37.3114810272669,153.384652545948,153.43894826821287,1
37.58875494967681,153.3762674313238,153.4392226557372,1
37.25222922595542,153.3675906870812,153.43973763009768,1
42.266072368547796,153.35861605661714,153.43972910772334,1
47.70742153817077,153.34792951838062,153.43935147328736,1
55.44849876262486,153.34172510053332,153.44052940249358,1
61.31228340439254,153.34146233079417,153.4423206659848,1
78.46920536986485,153.34158935233023,153.44617097750304,1
76.49147738746798,153.34337185923567,153.45037407692666,1
76.85141865485026,153.35113983407098,153.45592246019922,1
76.21284964555322,153.36128796748173,153.4594373614319,1
78.69120956961626,153.36987737753404,153.46318217365732,1
83.42653886230934,153.38309011505598,153.4668725957285,1
84.59698562742247,153.40298159073967,153.47028855902695,1
80.01606334370481,153.41979022803747,153.47303780280254,1
74.84847895314779,153.43256280451166,153.47372548454962,1
81.36141435569016,153.4445200936626,153.47434363867333,1
82.07582435858171,153.46016108185566,153.47503009100427,1
81.59644014854985,153.47671998655863,153.47594733416986,1
79.13700150302864,153.49401126751064,153.47602387254918,1
81.3164612014807,153.51384417527566,153.47665696818098,1
81.8566709049056,153.53461096269214,153.47885535488044,1
82.05220906649683,153.55750601145166,153.48244561183353,1
81.16675842314064,153.58238399147822,153.48709151878506,1
72.08861393609754,153.60382838388236,153.49152181240296,1
79.68632636251019,153.62284143072674,153.49637777810165,0
80.51393688944515,153.6444079819036,153.50176345648953,0
77.25190013120394,153.66365501961485,153.50736925720778,0
74.10566508887993,153.68075309197323,153.51223212389158,0
72.8375908112054,153.6930989640085,153.5164397604081,0
64.8343172109691,153.70198784307465,153.51886021283738,0
58.8634509269822,153.71105039693882,153.52262713663475,0
56.2439282066564,153.71602638421948,153.52661116329315,1
48.84169113036204,153.7161548295015,153.5291047888453,1
40.88799607326035,153.71734009165286,153.53050736593588,1
39.94623756052448,153.72170943130772,153.5331948717762,1
35.754090332016474,153.72330349245698,153.5367737022641,1
38.854569102563666,153.72733208943936,153.54118262544796,1
45.09728797147482,153.73208373493986,153.54664761295982,1
47.976262322347445,153.7384946005773,153.55415831246256,1
36.451361299837345,153.73946978781132,153.56163671499917,1
41.84353994114115,153.73994470458786,153.5700732125959,0
40.978322188142904,153.73746170819837,153.5780587991095,0
47.569087304449,153.73486023602828,153.58889389290064,0
53.04604343458826,153.73503699470862,153.5990627207289,0
59.260390058211144,153.73557208894874,153.60856947063505,0
55.175642571426565,153.72922084560952,153.61639219550665,0
57.69283326510746,153.72130897869096,153.62443598332447,0
59.78551423900408,153.71673013183718,153.633215908858,0
51.91061868850605,153.71146919605826,153.6411272324277,0
58.01699765712636,153.70978934152214,153.64891493106703,0
45.25406088799918,153.7067676014379,153.6548272046804,1
46.8525973329457,153.70655501607484,153.66219689489063,0
37.275361938678934,153.70674126653722,153.66835487281335,1
42.35660257278855,153.70816433569854,153.67460129286303,1
41.19834116539545,153.7089500433027,153.68008484888395,0
42.67788078054886,153.71022177759244,153.6842774809834,0
41.0259167186509,153.7093333120716,153.6882802093445,0
41.509272037124916,153.70786756121146,153.69244589375015,0
36.432418148666315,153.70278312536217,153.69481562897906,0
37.008965767613205,153.69689151595875,153.69587813438997,0
33.632063547651356,153.6845081551207,153.69592552363056,0
32.19224491869876,153.67544824377552,153.6950020505973,0
30.550313978488404,153.66073225904384,153.6919941602223,0
28.361975865970336,153.64583941535562,153.68948239565614,1
31.322579498440973,153.6290639067262,153.6871699115209,1
30.20174171652164,153.61656342037242,153.68520952619056,1
33.16799641367331,153.6054314074996,153.68254411358205,1
28.000379658615444,153.5921639549935,153.67939349623194,1
28.81092365955655,153.58276790617703,153.67662988789422,1
33.690701504780336,153.57307546243163,153.67260744592943,1
31.669238855407187,153.56726245633544,153.66788780213773,0
33.26235480577465,153.56057521787005,153.663424577458,0
29.93021145563246,153.55319275477052,153.65667837813027,1
38.51859131963812,153.54627992545548,153.65158190949228,0
52.101047281320284,153.53933548476897,153.64668247050085,0
44.360641048244,153.53165589709167,153.63917664705863,1
51.98225629315058,153.52207284491388,153.63164733946414,1
51.11474415103516,153.51179892888973,153.62486422851674,1
51.99303522563702,153.5024574635855,153.61855902880987,1
49.67752840488797,153.4962088966443,153.61356655581784,1
60.18136351983171,153.49777750922578,153.61061636854535,1
67.14166184775482,153.5010329537816,153.60900467842214,1
55.48033254869201,153.504868591184,153.60747966489527,1
56.770984342431625,153.50991760757833,153.60651340202637,1
60.783025264692085,153.51863502020873,153.6059401470813,1
60.48559249043193,153.52668041189867,153.60656029396728,1
73.57191020293874,153.53793608023202,153.6067857098991,1
76.42625141357071,153.5545909237211,153.60839637174445,1
77.23351837096514,153.5719228540404,153.61000118927947,1
84.68574242185872,153.5890586303906,153.61244298296114,1
87.71863620448357,153.60787861568434,153.6150613665763,1
88.14708323156222,153.62595233903758,153.61882082979366,1
89.15018354166756,153.6476171843898,153.62178115747486,1
86.25941924580331,153.66672833661352,153.62425844625423,1
86.41215149606397,153.68803888754027,153.62766918993748,1
79.27205063182768,153.70980068097478,153.63140858120474,0
90.39791488303177,153.73566336177814,153.63738909269898,0
90.30204251697037,153.76277130315822,153.64328069704516,0
78.82702144955046,153.7869566902634,153.64875402649193,0
78.79495601001824,153.8112225399423,153.6541398351859,0
64.43283130711112,153.82734345458812,153.65884670980543,1
60.239907560399466,153.8424162117282,153.6633491566835,1
59.76801143144271,153.8625557420068,153.6698054550831,0
55.96640356233038,153.87989465251684,153.67520552875368,1
52.288477888299006,153.89445687521498,153.68014287984622,1
59.01413017437497,153.91264088959377,153.68752793876777,1
56.69894517309266,153.9271417089438,153.693909068648,1
53.83818168532183,153.93455618660914,153.69907182190352,1
53.56913665005291,153.94303082623122,153.7061002696271,1
62.516803743449735,153.9554654001969,153.7158725366564,1
58.2915170540596,153.9654962697958,153.72745661244636,1
59.81040729506753,153.97753105142812,153.73965395285472,1
69.63367232821612,153.99261309814602,153.75453349311573,1
65.26055647417394,154.0067890887006,153.76863831559223,1
73.50032271149517,154.01623296592447,153.78253681361676,1
74.70268779565642,154.03041347596428,153.79694860344148,1
76.13445350283732,154.04495377591115,153.8131980400636,1
80.26890290340728,154.0596421225162,153.83027196405422,1
75.36212986734128,154.07552638234486,153.84585741695906,1
75.42377945881609,154.0951612477475,153.86297414931224,1
75.29069170450235,154.11841547735048,153.87930791821142,1
79.10763963766725,154.13944994355313,153.89489904695674,1
77.29483484837425,154.15923301609578,153.91222155961322,1
76.57098521972307,154.18398278963878,153.93028667442698,1
78.0435132358009,154.21042556549884,153.94857891213817,0
77.03432158273031,154.23331631904946,153.96819210755092,0
75.36626454551477,154.25844894450404,153.98845950848406,0
80.37864656093882,154.28612798437365,154.0088034440971,0
84.74237326870647,154.3116784456343,154.02978866244663,0
66.43543943299957,154.32683272449455,154.0481220677965,0
59.72220569897164,154.3412915216881,154.06486221743128,1
58.54932427104763,154.353970814455,154.0808290971241,1
57.142235821426425,154.36088231089244,154.0969389809991,1
50.07541612804335,154.37040560211537,154.11283351340705,1
51.81862283317534,154.38057771785824,154.12731389267657,1
61.26058820724655,154.39196878481033,154.14306395260613,1
65.22727439697951,154.4031060382888,154.15926602328634,0
57.50912444031547,154.41186096030086,154.17317997868614,0
53.11585496789222,154.422302617401,154.1860093223033,0
50.752400819425546,154.42797323174017,154.19853998985207,0
46.12265746386032,154.4338266970979,154.2096871507769,0
46.9363314459527,154.4409078807907,154.22088126365796,0
40.56254939319144,154.44543977847061,154.23135059724555,1
46.989244389550194,154.44375409586152,154.2410969781262,1
52.113340968229785,154.44153231825007,154.24997628442208,1
54.060402275353724,154.43980753681603,154.2601948498874,1
56.09514264190251,154.4351461460707,154.26825262220106,1
58.39711024273276,154.43245786225893,154.27667806773738,1
55.93650213497062,154.4270129959562,154.28581118472374,1
48.27336026339842,154.42801544886464,154.29483923136544,1
43.33212435716309,154.43160531170443,154.3065669602778,0
45.846818470123516,154.43455840216797,154.3176859733,0
49.91525610939576,154.44123051829357,154.32840889151382,0
47.22026793559557,154.44581154115104,154.3392002688607,0
48.7380120621735,154.45041082779605,154.349695473709,0
46.21901437722337,154.45046754219445,154.35819461364642,0
46.287917127263746,154.4451500017612,154.3664693404133,0
52.6056208550507,154.44050256433047,154.37555852977465,0
38.58588190379085,154.43261893990447,154.3818445677726,0
31.176973538837757,154.42376978268732,154.38586174284825,0
33.41015412741304,154.4153078127232,154.38961176794786,1
23.1050874493894,154.40580110766047,154.3921892861509,1
24.553862867005847,154.39749231867927,154.39330228545884,0
21.137203525295078,154.39165924064966,154.39504503890583,0
16.406197589019513,154.385493496174,154.3976804965219,0
27.673199474499015,154.37989369036382,154.39998693564723,0
20.111139738739155,154.37465292819363,154.40013228311406,0
18.251460701055834,154.3645539595712,154.39864280255938,0
16.38539798676861,154.35350747712044,154.397003622634,0
15.846918864721289,154.3407478177415,154.39307385936303,0
16.61623560028103,154.32527389024557,154.38931032543584,0
15.490253524952223,154.3080975708077,154.38514502420182,0
15.955567528976204,154.28687181342144,154.3794644104441,0
16.023214439269054,154.2657886907163,154.37192262929173,0
18.39257273185268,154.2455799571641,154.3637572303751,0
24.518191104229416,154.22722318985936,154.35575736197038,0
23.65968200533193,154.20930760629898,154.34681280513126,0
22.772604062430446,154.19084717404942,154.33744620564497,0
16.842803054507456,154.1738316885998,154.3267058649588,0
8.659816914700585,154.15788047233883,154.31828084198594,0
8.473563167892792,154.14062916177656,154.30934682398322,0
15.815201614980069,154.12529429117097,154.30071867683728,1
14.550868410006501,154.10639477169158,154.29150726977852,1
14.755158300438907,154.08680807010822,154.28160602610296,1
18.146326089560915,154.06680689083538,154.27217216571273,1
21.557056584576785,154.04520590590695,154.26128178408587,1
45.70261572693038,154.03132811435324,154.25142111353983,0
49.76967528432363,154.02104276340086,154.24231552379936,0
44.20588955486122,154.01084837726927,154.2324219265813,0
40.5074126176641,154.00156025656034,154.2225086692911,0
36.15632141441683,153.98898429435937,154.21137336434046,0
37.24877933835403,153.9780025367412,154.19998288658203,0
37.57080460844591,153.96809367777973,154.18852597016772,1
42.51216945076935,153.96135172109314,154.1789616793844,1
43.61818256269045,153.95292201922945,154.16831311076686,1
40.230956223490814,153.94284775241576,154.15697344821024,1
44.90948910983602,153.93259486064463,154.14579229096083,1
54.83679858181224,153.9273099319184,154.13538703350878,1
52.07329524459677,153.92342411638703,154.1252703131311,1
58.1798068190171,153.92384277249874,154.1166117714396,1
51.077300055956066,153.92810169125792,154.10794537580463,0
51.655835462720184,153.93215091596875,154.0997556823576,0
58.25938003226456,153.94117575192183,154.0914853632298,0
60.28694797405755,153.95194083110718,154.08405774208543,0
59.450997622384,153.9575567074394,154.0750305175701,0
58.398733530396406,153.96210403615112,154.06593638166856,1
65.86667096748671,153.96238456164153,154.05831493749199,1
62.53947702003313,153.96174393295857,154.05081207125062,1
57.76325006708827,153.96017707082862,154.04344517895098,1
58.09645755183998,153.95870969246843,154.03648463320357,1
66.9639700321531,153.96528031109443,154.03136236368894,1
65.58270022591407,153.97491849899356,154.02762984311528,0
67.06460090009489,153.98633623453412,154.0240635365097,0
64.32661871477475,153.99784047390648,154.02143417268712,0
59.133243797659546,154.0097659312357,154.01802208479154,0
48.52362867877224,154.01802299060057,154.01222516830495,0
43.164418027552614,154.02561109158114,154.00617555631584,1
48.24347151918902,154.03279649078607,154.00268404599473,1
55.22545125809163,154.04009038206513,153.999903475109,1
55.39707473581714,154.0425900244458,153.9973486541213,1
50.39080364071479,154.04251604177475,153.99484223641628,1
58.02342877742924,154.04572882991963,153.9948081860024,1
69.61505103304125,154.05184924610455,153.99747633630307,1
74.32922223060885,154.06219301891102,154.00261947336332,0
70.22754980537084,154.07662288934148,154.007447690441,0
67.98018344060793,154.09238114893265,154.01199956529786,0
60.93380425818984,154.10267751636525,154.01566290151845,0
62.34620982326891,154.11650445292466,154.0210749828007,0
59.09280701511923,154.13087483457895,154.02626243734264,0
66.97825467053786,154.1458678030099,154.031679565472,0
66.14848590356499,154.15438585515176,154.036865041039,0
59.13303810315621,154.15866043271694,154.04097629973367,0
56.69254511056198,154.16114226054933,154.04596253205276,0
55.21814435581933,154.16001932339898,154.0507186740034,0
54.29121202618758,154.15849753491457,154.05469834242322,1
45.242431770462474,154.15964655224394,154.05800142683975,1
41.65605487517275,154.1648573081739,154.0595872338441,0
25.688002304143524,154.16390361587437,154.05982838698412,0
27.53963714940211,154.16409272314348,154.06120121345865,1
33.11570014733019,154.1676592872621,154.063788266402,0
36.1485797362514,154.17073236712295,154.06754146552169,0
24.36496353224024,154.16774560851337,154.07070541471126,1
26.83072169899343,154.16046641561576,154.07442543143748,1
33.71017420931169,154.15078020392113,154.0783908664945,0
39.05543805612794,154.14191077888722,154.08304319430414,0
39.29968843270734,154.13112926822743,154.08731217162256,1
46.28129115265355,154.1249757203328,154.09261524539374,0
43.85219673370941,154.11285691115714,154.0952937744962,0
50.32758191147166,154.1050151338685,154.09889884433522,0
55.41172318056053,154.09761627482453,154.10118896640228,0
49.31610358841956,154.0920444721203,154.10244215338398,0
50.83803486742662,154.0858965765892,154.10247456398184,1
44.82283466676281,154.07963605740414,154.10134665424567,0
40.443615413696506,154.0760165047746,154.10034894347038,0
50.51713955415185,154.07648329621182,154.10226897793217,0
50.95743965726251,154.07674424039,154.1038575085353,0
54.570185573050104,154.076138584294,154.10508884290505,0
38.43823631448505,154.07326413595916,154.10443646818436,0
35.243472779878175,154.06852979665908,154.10454230379085,0
36.96015289449098,154.060908666622,154.10466785606343,0
30.96677281736389,154.0523732460801,154.10237863951596,0
31.457715086556632,154.04333511410297,154.09807206075502,0
25.020574976164426,154.03328849254072,154.09320633464012,0
24.17754597210994,154.021189713394,154.0877305622895,0
24.461757170880745,154.008209914436,154.08242078758425,0
21.536763033750873,153.9912944316489,154.07662074804188,0
19.484940071529977,153.9683712597581,154.06971931266455,0
15.257299183435492,153.94659720758136,154.06081406121433,0
9.890590183370321,153.9243032006944,154.05258397178693,0
8.43721350364467,153.89473530111079,154.0420470770683,1
5.217308363919955,153.8647282387748,154.031327032184,1
5.8552422735524345,153.83544770379532,154.0183621135321,0
15.698817612803026,153.8114125239045,154.00517196536566,0
15.301401842758864,153.78525505552892,153.98957375811756,0
18.75099478257158,153.75713938162409,153.97447557484523,0
21.049510564923594,153.73082197864096,153.95923384041865,1
18.870652521001617,153.69853985833637,153.94343377969352,1
21.51264733674985,153.67284830494327,153.9269740089918,1
22.945347465102756,153.64900290730472,153.91179353288112,1
29.979169811747553,153.62639951357,153.89688054028747,1
53.04117180379728,153.6149427580061,153.8866014006577,0
48.1901614025345,153.60084476953332,153.87494579548155,1
51.95836404469038,153.5922625578117,153.86565445354506,0
60.49804383227497,153.58234345571177,153.85666021521465,0
63.3157317160563,153.57351897392365,153.84842936318788,0
65.44645973963182,153.56975315242016,153.84066338811235,0
59.75752348192804,153.5698987232272,153.83173587868586,0
58.93764633092041,153.57012960401113,153.82330445646903,0
58.77507067062205,153.57006510915136,153.81497292619008,0
52.36395765503891,153.57283430407415,153.80411708379313,1
63.31993627936084,153.57848337315812,153.79442743459805,0
59.155342196321115,153.58438508805665,153.78501790534943,0
53.754508007901386,153.58448711587477,153.77478024546926,0
50.336003606621595,153.58443947466208,153.76303746641392,1
38.576640724682896,153.58640526421144,153.7522733689749,1
44.72310175519906,153.5868126431438,153.74150719038514,1
35.68430902679172,153.59295098076245,153.7306238838654,1
33.88768762327223,153.59563745026205,153.72008622463377,1
37.240561227401244,153.5995736873819,153.7096169542865,1
41.75172626771766,153.60391886439476,153.69940157611555,1
52.81591218897433,153.60347825550602,153.69117491401198,1
54.719308711462034,153.60743607698797,153.68356159564107,1
56.08183341638998,153.60896078075444,153.67738434288515,1
65.14667387999836,153.61137416045787,153.67080327748795,1
66.97668081468439,153.6161136369578,153.6642814994863,0
65.07993905281386,153.61930018952148,153.65768576776495,1
74.72043644048041,153.6251827829478,153.6513535581474,0
76.6111079681166,153.63192954231178,153.64677061901006,1
72.74712412674091,153.63776890223897,153.64266856842204,1
77.65823265917007,153.64731559905886,153.63867985676788,1
77.37443206260912,153.65571488507743,153.635764090197,1
83.53398373808731,153.664804971244,153.63360584820586,1
82.28843162577499,153.67699333530993,153.63226218257697,1
84.25265762309789,153.6938590975145,153.63210522006213,1
82.36960214728173,153.71010398977197,153.63303099910928,1
86.14338704707563,153.72958863832935,153.63682487305735,1
79.82428777826686,153.74719585227214,153.64215372087102,1
71.20723354157255,153.76443385613828,153.64722088405654,1
70.0054276830198,153.78213147211596,153.65274826285514,0
79.24535722797836,153.80027274540396,153.66161655383283,0
80.92435908346376,153.81755545994656,153.6723058024807,0
77.40477782266586,153.83384755939198,153.6829215378797,0
76.06850748781743,153.84806794331377,153.69204651064888,0
64.67132098309315,153.85827621056052,153.70001173950058,1
61.6315184571226,153.8645900380341,153.7072617620503,1
65.36510047827812,153.87486255717872,153.71530199918007,0
62.3091765352201,153.88233975442566,153.7248735165831,0
59.23274367211068,153.8917448986361,153.7343292564872,0
54.415022068982964,153.90085818125456,153.743410678002,0
51.963363980552906,153.91050816473117,153.7523233172323,0
48.64092366746769,153.91692640308457,153.7565575482284,0
53.39262950687818,153.92380944403013,153.76279171800456,0
36.461066000883925,153.9232949937889,153.76467515696785,1
30.964713781615487,153.91870839728793,153.76665119669258,1
17.76078326247854,153.90808766961743,153.7668584773868,1
26.81694626834185,153.8982409209172,153.76821998045617,1
31.78905877496213,153.8912389588166,153.77068981510675,1
39.09041237196193,153.88736626916204,153.7741155501169,1
47.64065556235223,153.88479801741772,153.77864142616167,1
39.89803091975597,153.8780170888609,153.78368966774752,1
48.818464114590164,153.87186728479244,153.78965936713442,0
49.873744767103695,153.86926513163016,153.79687355530913,0
49.71190809245236,153.86664697896018,153.80491045588303,0
52.43268415969508,153.87043749115034,153.81441094609588,0
52.57687718580262,153.87257911265354,153.82173130142712,0
49.55895250708953,153.87051624884177,153.82878344145925,0
58.41677235358331,153.86812570155982,153.83494340490202,0
56.9543740038401,153.86303544793364,153.8412884555558,0
59.4449512684424,153.85594725281416,153.84596010417488,0
59.500561635092815,153.85093288746023,153.8511289264585,0
55.780138064182836,153.84797109963557,153.8543546858802,0
55.37641979019627,153.84562610113477,153.8580677276633,0
46.75342845217433,153.8488671368928,153.8606376994232,0
43.470360324979055,153.84833934779323,153.8614372716267,0
35.82550116434733,153.85219400097225,153.86129062299256,0
25.04776653746508,153.84885879830784,153.86004342397072,1
25.40662372117896,153.84357239742096,153.858045660896,1
15.421048891810528,153.83405608286134,153.85496616633674,1
29.820241656213184,153.8256103273324,153.85377799619906,1
36.66534683940912,153.82145579574444,153.85334574642175,1
39.000104994851284,153.8135122940572,153.85277833072635,1
46.42232271732703,153.8063313585198,153.85348411021943,1
47.17661036745934,153.79774440527612,153.8532108838695,1
44.25063339657411,153.78778842332923,153.85198267642176,1
46.10054244857333,153.78084832462764,153.8500290353694,1
45.70676974139984,153.77642096973733,153.84751637402243,0
53.12564710615575,153.77633451766457,153.846598871059,0
64.28887003848926,153.7791597090981,153.84717879673974,0
64.3464211013285,153.78508931228757,153.84714324024353,0
65.77539956840394,153.78437697405548,153.84477061791912,1
61.0445782920162,153.78204690557442,153.84015126413132,1
67.85498818892567,153.7786202576478,153.83597680696562,1
61.28715035736026,153.7767252082968,153.8321006054164,1
50.26126233076566,153.77642319294154,153.82869606457913,1
59.99343672435306,153.78106203300928,153.82787942098264,1
60.836761192160466,153.79361044058953,153.82754257733504,0
67.20234773488008,153.8077073923802,153.82819271607784,0
65.83735157435513,153.82512409509658,153.82831784492092,0
64.0016402516417,153.8374704842069,153.82842291737998,0
58.1408230848543,153.845517609056,153.8273495241517,0
53.52145400108646,153.8534997177607,153.82740765659682,0
51.38958791776876,153.859161995211,153.8276251306918,0
44.50149436124725,153.86391013415655,153.82945694001657,0
53.736965230989334,153.86817593323852,153.83176969080202,0
58.44695039207482,153.87162243523488,153.8354429416164,0
48.932660426063784,153.87005781402064,153.8362431312638,0
44.939519110046355,153.86357269462079,153.8355323653807,1
47.86214331790077,153.8544429976706,153.83400948814315,1
45.25666523158665,153.84900064122846,153.8328242897678,0
39.740180441068354,153.84866222399842,153.83302867197412,0
31.032751588050644,153.84745788028152,153.83038750232697,0
33.705456056427494,153.8476577829472,153.82733386749243,1
29.961639178429508,153.84407359733402,153.82307125276594,1
38.55431030928896,153.8455932061887,153.8187583505945,0
36.72589541936036,153.84046249597787,153.81503277431239,0
35.128987366461146,153.83161548026467,153.81198226990418,0
45.53671080311404,153.82443630601793,153.8107169578611,0
39.808136802385704,153.8141216942541,153.80875234344913,0
36.435874222896274,153.80107571298336,153.80647430144768,0
40.05897709880013,153.78888233783073,153.8025293042999,0
47.21708907973511,153.77890379629116,153.79978073525905,0
43.6462980535112,153.76482799988602,153.7953058901923,0
28.867016595593626,153.74709455930395,153.78874790898104,1
25.461039278546636,153.7275510745821,153.78345438151757,1
30.581583255190253,153.709636300914,153.7784198615931,0
33.7986435509188,153.6988878151737,153.77625473801015,0
36.36468266177141,153.68905691835636,153.77372617375485,0
30.20786535708976,153.6792322590913,153.77207995863515,0
36.828417656049865,153.66771144357006,153.76966473626288,0
32.76445048123442,153.65060041611545,153.76468652012255,0
26.033394889578176,153.6356759433366,153.75925296203872,0
29.422895331201403,153.62006869220477,153.75282880096643,0
34.981493154739965,153.60906440954744,153.7475992544745,0
35.181354214106236,153.5943894244244,153.74139875103256,0
29.76518206576185,153.5808803513888,153.73504558501685,0
27.55249967296055,153.56186067244442,153.72615815098703,0
33.0932931188312,153.53826865857434,153.715490614225,0
37.27402530222054,153.51868889213006,153.70456401666192,0
30.94733647223798,153.50007123766196,153.6924670715974,0
23.1493874784816,153.48293446842982,153.68195230204964,0
27.611003316596225,153.46443175229942,153.67273467394907,0
27.802052616088858,153.4486433894312,153.66331514290567,0
19.942467720696285,153.43977110777635,153.65396626877285,0
22.171205337582904,153.4297236982274,153.64477458363191,1
22.679335266234176,153.41793089040544,153.63316740455156,1
26.55100308495824,153.40477688587336,153.62072131612368,0
23.8911252220159,153.39305066303308,153.607863482016,0
23.66844352722154,153.38092326974095,153.59439962849288,0
25.40248132842443,153.36665367097686,153.58133801097085,0
43.130640948027896,153.35833348116216,153.569812868965,1
35.598995205079106,153.34619458273588,153.55633090802877,1
40.835448247462104,153.33628185569273,153.5436767451591,0
44.124029322264086,153.32456174637463,153.53185989936168,0
46.5639002205768,153.31499368492285,153.5201258517063,0
50.95005155572941,153.3080996951434,153.50963648898025,0
45.794858169691615,153.30377784261097,153.49964616242315,0
41.89930996061089,153.29933916500835,153.48979720238,0
44.71456799132165,153.2931940574969,153.48006444059243,0
42.28457587153212,153.2875069896943,153.46786961098377,0
47.812164213862516,153.28567216735925,153.45675627939397,0
43.86041475454853,153.28083997087904,153.44608751018805,0
43.97085306959729,153.27551874317837,153.43445952699813,0
43.88074631823592,153.27027521494082,153.42444691581557,0
36.66962375746141,153.26448311654423,153.41233054777413,0
42.07755622323943,153.25825702609328,153.40028521659772,0
37.37944729594543,153.2513571541465,153.3886179856764,0
37.39261967504915,153.2433316127109,153.3754216046932,0
34.39231378091192,153.2364402359051,153.36332704515328,1
24.069390443203176,153.2278174459646,153.35203470416337,1
23.713699237440665,153.21407365928414,153.3398893975464,1
28.24178459981502,153.20578138882078,153.32708194504062,1
40.88955477352403,153.19885491478436,153.31728751111842,1
44.26079181704497,153.19274381443793,153.3101196014153,1
34.14284691469226,153.18617192935346,153.30357419361485,1
43.32452769524201,153.17843828103886,153.29715728103017,1
39.83957438324016,153.1709428893955,153.2884681921119,1
48.53195153657441,153.1689900906611,153.2817704713019,1
55.8726153643564,153.16816554973713,153.27563775685076,1
64.75080643291228,153.1728936479587,153.2699424927392,1
59.426045132688955,153.17194850254873,153.26529551396726,1
66.90977063021779,153.17715365098917,153.2626785932491,1
69.33033647132076,153.18541884736186,153.26059958906097,1
73.39188690275202,153.1944867778373,153.25861586313152,0
83.22110937338712,153.20685569053165,153.25731705421703,0
81.02055675531628,153.21956173287143,153.25575776919075,0
80.09507012629993,153.23430146132623,153.25759430122912,0
80.30784271848563,153.25012898533555,153.2601657353977,0
67.96568009037753,153.26164421403345,153.26050917391464,1
60.747150457417334,153.27180551628112,153.26072841561106,0
66.00205689654041,153.2850170652253,153.26072243626456,0
61.74935696381143,153.29820322279096,153.26059053323723,0
60.726128290432825,153.3072288738507,153.26072170488624,0
59.194337956656554,153.31901627618967,153.26181766878062,0
53.071375208103134,153.3257985164455,153.26200412090208,0
45.29642661695015,153.3313193301471,153.26251265692687,0
34.1075030622722,153.33557701165353,153.26078824242396,1
35.3029708344547,153.33766928174606,153.25961791878711,1
33.65476878882521,153.33907942337368,153.25890021830386,1
36.83420233616476,153.33770280732384,153.25836214727798,1
27.085314948701892,153.33602574349834,153.25637241890175,1
33.897631254493646,153.333109282165,153.25744447302074,1
45.94002614653282,153.33080522538376,153.25840893693737,1
53.66850386061522,153.32857095776367,153.26021954768714,1
53.95171106299892,153.32550023022435,153.2615196723376,1
55.08849018643067,153.32433536806474,153.26225203835926,1
51.99627410712209,153.3187813370239,153.2635956989943,1
50.442149165046295,153.3148724249299,153.2663790393663,1
66.93956954843655,153.319286417249,153.2709461178155,0
69.52856458550296,153.3287350912579,153.27721965623647,0
76.54721037442842,153.33693130839458,153.2812260926787,0
75.64817397629918,153.34524667419745,153.2863532145646,0
67.80157346977202,153.35071539392476,153.2908003651848,0
68.2230377372004,153.35469758278435,153.29558661591804,0
74.69903425060403,153.3642047686356,153.3018927817386,0
60.23586054009996,153.3690782101625,153.30684113055452,0
50.96790499694248,153.37545819639521,153.31042865932343,0
47.29534970127075,153.3794407469703,153.31406157249089,0
46.61408209062353,153.38294849898796,153.317503523537,0
39.640040884250105,153.38271064197508,153.3203194256822,1
43.859888727078456,153.38535286626797,153.32488410169526,1
40.934749824316846,153.38563201976484,153.32938472539837,1
30.539512661668226,153.3830689062764,153.3320945335342,1
20.61614209630504,153.3774259897997,153.33409241783184,1
30.30373612006524,153.37449205430673,153.33684772231894,1
38.1863426691364,153.37403158566696,153.3404893602105,0
41.099051320654446,153.37408491146493,153.34485250782208,1
35.577228779580494,153.37076202062826,153.34708781135316,0
35.81905442890675,153.36477281803914,153.3495890251363,0
41.714037370906745,153.35549525168804,153.3502602977282,1
46.93485702827601,153.3475769546963,153.35147747353773,0
53.024617765501425,153.34052781276176,153.35170287927363,0
44.69353512559569,153.33206459580728,153.34945866456297,1
56.963879304965644,153.3253152647423,153.34791801068002,0
55.60721699012447,153.3176957640083,153.34622881112927,0
52.26622446706213,153.3134334753113,153.3443898275305,0
52.81040782832406,153.31163872719839,153.3413635656723,1
56.85831880581032,153.31040881695728,153.33817350513957,1
42.565393993075936,153.30589082136592,153.33520216646997,1
41.62909150691537,153.30759054738192,153.3346334381225,1
44.016246955384936,153.30849101732755,153.33427368253618,1
49.594805192468534,153.3098320123545,153.33403624122377,1
51.978398972103626,153.31380833806458,153.33472631921975,0
48.663588107619844,153.3171734610027,153.33335529175707,0
51.56014611635425,153.319216464891,153.33421490169712,0
46.72337373557842,153.31683647587187,153.33469621850043,0
61.325116873019326,153.3175165699067,153.33762833112334,0
43.197785175713925,153.3147126663572,153.33790516519758,0
42.35992358562105,153.3105511823303,153.33817772871893,0
41.56856807882838,153.30582747490857,153.3375101647621,0
44.308205334584606,153.3024179764668,153.33803436672508,0
46.83822669622402,153.29838783571262,153.33781430069268,0
51.64172279795865,153.29712182808004,153.3359853056415,0
39.7852888895874,153.2911875984724,153.3329646669635,0
39.041828498002666,153.28483188904744,153.3299614746585,0
32.66364787288663,153.2773622839289,153.32560059387617,0
31.88950456017203,153.27203253407737,153.3226640444937,0
34.212862947780835,153.2659407844465,153.3186008489462,0
22.751625535182555,153.25715239803728,153.31034855878528,0
22.54078181119273,153.2440668285899,153.3007661330553,0
14.9241427992866,153.22850262617538,153.29090220964852,0
15.591338656008205,153.20817717943845,153.2792084433202,0
14.154584010444907,153.18282537015884,153.2675703097134,1
15.668124410325518,153.16007315821258,153.25550552192837,1
21.59030596497871,153.13927905026776,153.24424461435,0
20.60690025058598,153.11981891939598,153.23499250219382,0
20.776353571440552,153.09701988886778,153.2262530081124,0
24.942019203949272,153.0801585876062,153.21819230145195,0
24.251503921880513,153.06247205714405,153.20998715198138,0
24.65076904963135,153.0445782601984,153.20225721205142,0
17.39817591941498,153.02304421474201,153.19311090611475,0
15.69063120919266,152.99641485570726,153.18212743506965,0
19.117767447788125,152.9705189234804,153.17096531252307,0
20.878220612712,152.9466219206201,153.16064303929167,0
22.773624679051792,152.92275787910972,153.1492678045797,0
25.794849919550245,152.90000121593192,153.13598844598218,0
26.645990802401343,152.87314387703083,153.12228763072005,0
30.543017628264636,152.84852792171245,153.10970720937988,0
16.393271306600454,152.82757248901842,153.095468427177,0
20.321913467517064,152.80925441059443,153.08226979661785,0
19.538219135962493,152.79102520163997,153.06828150842597,0
14.6517630617426,152.77481613718982,153.0529237730914,1
13.373858533870731,152.75808834580346,153.03797980971186,1
13.603567239822624,152.73996267890575,153.02136448759373,1
22.558401495747532,152.72102128565774,153.00557482300982,1
30.568606177018737,152.70254138532746,152.9906356662003,0
38.1661392413789,152.68769210848123,152.97667436062548,0
40.23597765878509,152.67299245195616,152.9632257554515,0
36.82589556158581,152.6568193988109,152.95035858295938,0
37.092961405998125,152.64148225845997,152.93581389648264,1
37.62346190076028,152.62700646021364,152.92051708326915,1
41.26799982288946,152.61959030852236,152.9060307535368,1
41.676758754769175,152.61032863376843,152.8895734308046,1
42.230229822553156,152.60274999413863,152.87487365254606,1
49.90463996174041,152.5974366789976,152.86055589022232,1
59.61038452123536,152.59726594248974,152.8481602326293,1
64.74684897672708,152.59832288016077,152.8346101548217,0
69.36320814949175,152.59961842068805,152.82366951111223,0
72.27417808214918,152.60915861436868,152.81491139999235,0
68.02521596963584,152.6155061963439,152.80614128519198,0
58.62137303731043,152.62063115194255,152.7955667786163,0
50.275348157130566,152.62317286054412,152.782837783024,0
56.176766770173984,152.6307029828942,152.7714122716375,0
51.03448992938993,152.63506882845473,152.75891697958667,1
52.29124584059527,152.63635126854066,152.74618257480708,1
49.57108251138323,152.63745465746615,152.73467261561515,1
54.25681658526148,152.6367424675654,152.7225583340207,1
52.74742169373802,152.6358088003115,152.71117296179753,0
50.40221803053747,152.63791045852832,152.7026618071558,0
48.29359304574052,152.64369753768995,152.69566618012269,0
46.352549345292935,152.64908917263142,152.68875170185154,1
41.183007838081025,152.649885976838,152.6827142724966,1
27.285598623554975,152.65165309730864,152.67710452166455,1
33.63314617219356,152.65327531419285,152.67215451493814,1
43.297342924248795,152.65491501255036,152.66681027513536,1
53.89230456051498,152.653398292017,152.66159198167776,1
55.94742440842375,152.6555307284786,152.658014490666,1
59.94199941514549,152.65333325960685,152.65293937991248,1
67.9262024279538,152.64972634720496,152.64981311601673,1
70.77365233904521,152.6510260670106,152.64872040791687,0
72.03262478125389,152.65752960310587,152.6493609339618,0
74.71740262562528,152.672425165654,152.6532419070027,0
66.40837026082494,152.68188935267955,152.65596044331718,0
61.164778894975754,152.69446242656065,152.6580531819629,1
62.069147519779754,152.70620208134258,152.65956025570023,1
66.79972980867144,152.71859470565,152.6621100115024,1
65.55374280504391,152.72815639650918,152.66456334181206,1
65.38794435361706,152.738480435566,152.66715396733898,1
66.45224442042851,152.75143794047315,152.67220798773766,1
66.97938445885984,152.76306152858666,152.67718902731957,1
64.95818870416423,152.77751673109051,152.68334831363177,1
65.80394091596312,152.79125604121518,152.68929023410675,1
57.56059664496799,152.80482206807173,152.69579801057185,0
56.69653747209507,152.81935338388013,152.70391079692791,0
56.83875942113002,152.83361092410397,152.71184613051383,0
50.07343795420435,152.8467456687664,152.71927369505332,0
56.00490871230249,152.85621096712626,152.72542203412402,0
48.97403322333178,152.86372928461893,152.7292341129776,1
47.63845485378151,152.8649741382721,152.7330750118012,1
52.25749428715924,152.86710958379388,152.73897133805042,0
51.379564536562775,152.8646231324854,152.74440760287055,1
49.279906016759895,152.85848458170307,152.74879961627497,1
47.839089642342984,152.8584550350053,152.75521100381192,1
40.62294683970876,152.85675104728475,152.75965360322135,1
40.17813775659625,152.85715595156992,152.76344796472915,1
47.43866827916449,152.8580571706156,152.76642650275275,1
50.742116486112224,152.86139413925235,152.7697918454487,1
56.449316349480036,152.86957439037502,152.77513635521373,1
47.82796187885193,152.87078418683507,152.77685821672424,1
51.42323506175677,152.8728282468773,152.78011784753295,1
52.22912969347884,152.87382496954532,152.78462584067287,0
62.145728941642446,152.87885864721255,152.79156454877412,0
68.19413384411851,152.8868468892329,152.79825557310733,0
59.3890993131909,152.89028716445802,152.8059981313292,0
66.78762345686556,152.8924652326357,152.81429171615184,1
56.908807660376105,152.8904706310663,152.8204800844934,1
55.54930166248802,152.890818312331,152.82705237203027,1
62.55347964580262,152.89649525512908,152.8335086949046,1
63.93707845365436,152.90609185398904,152.84034756998545,0
64.2892663771566,152.91373518218975,152.84698639585034,1
65.28306174144433,152.9251577748444,152.8548350437557,1
55.88619253001298,152.93648600089904,152.86343962589942,1
60.63613379604777,152.94348232166516,152.87194269355453,1
51.116071505992366,152.95172113257465,152.8790319305741,1
57.85023598633544,152.96226000905096,152.88638596332942,1
60.49722845869298,152.97394628624915,152.8946457004456,1
57.431544193524154,152.98505715208228,152.90160241489016,1
61.973824849421604,152.9896941403343,152.90968070750472,1
55.72989871632008,152.9960823667945,152.91540062456005,1
71.76687035970203,153.00273446707126,152.9208012075572,1
71.9491430193505,153.01131120817527,152.92613848270065,1
75.99726033651578,153.02257668110192,152.9316251549533,0
68.94010166071484,153.03081114050195,152.9378242882363,0
63.56243990961436,153.03985962082538,152.9441570090351,1
63.104724671001044,153.04891435043774,152.95137662378988,1
64.73074227610414,153.06371667789773,152.95852887339248,0
68.77032697576414,153.07663980153526,152.9664457340407,1
67.74243945959708,153.08687338822352,152.9728658759676,1
66.80901135481707,153.09766668657096,152.97883906842458,1
64.38887480276578,153.10768890471928,152.9848373463034,1
60.21658205905413,153.11476177445977,152.9897330611034,1
64.6399761769205,153.12460960950986,152.99678105321726,1
72.92710460347482,153.13916997189375,153.00568185508334,0
70.37573533838068,153.15567349431095,153.0135599747464,0
68.7118561571091,153.169636612242,153.0207962385846,0
63.91137597283681,153.18157634709783,153.0285779717782,0
64.02451485831143,153.19208127755746,153.03595053906267,0
66.93933407793531,153.20254963007326,153.04520884568646,0
52.61287982305979,153.2101474540695,153.05346995087905,1
53.62034320623204,153.2170668949729,153.0607841320288,0
47.690555401939214,153.21887001694253,153.06783723648348,1
57.08608458005052,153.21966789528958,153.0760984803879,0
52.460051766927506,153.22172531715387,153.0831324010957,0
48.59378311793547,153.22416474968844,153.09112248999656,0
49.81838253130172,153.22463006295544,153.0983662683441,1
41.885646011063756,153.22294819741387,153.10448528411177,0
43.24009125889521,153.22502149632953,153.11189667687157,0
34.36928543444148,153.22338462317066,153.1143899690859,1
39.90834177941865,153.22265606704548,153.11958782050874,0
38.97670577032147,153.22104700452925,153.1241248493642,0
38.03860974005718,153.21877052966266,153.12771128515035,0
35.25484090686014,153.21090963050443,153.12960144653402,1
47.649589629684556,153.2042087832597,153.13262661269403,0
41.56572832242473,153.1950272926255,153.1354560260134,0
42.73509955556556,153.18301434077424,153.13701588184003,0
41.25232922797481,153.17233882731472,153.14132525027753,0
43.61526009836107,153.16442245736437,153.145392197076,1
41.49140779879849,153.1542830081765,153.14832394690544,1
44.16258602561972,153.1495883944008,153.15086856704374,1
42.025483612276865,153.1405243870221,153.15149981396178,1
40.78684134481517,153.1375760965704,153.1528045651739,1
52.96971890694797,153.1336109356166,153.15494845427492,1
50.22069538841367,153.13162670083642,153.1583901527642,1
50.31290914814684,153.1309598790952,153.1628179886048,1
61.44423182868282,153.13578341125088,153.16777562922408,1
66.83610767068346,153.1412679859722,153.171413964001,0
55.38196398820182,153.14077628134896,153.17418432857824,1
61.81528775714542,153.147033377142,153.17732566380894,1
74.19908454916906,153.1551535004373,153.18321627396588,0
65.5254658272796,153.16016341565833,153.187096428799,1
62.60074943188181,153.16711521978212,153.1900328897931,1
69.01915133231928,153.17749401191935,153.191568378861,1
68.10493860269331,153.1838985856338,153.1938615907468,1
68.35774881092301,153.19021676217392,153.19559888255282,1
68.420065150348,153.201762485155,153.19815513572695,1
71.56925102467788,153.2160330690653,153.20225180674456,0
70.79468649134664,153.22997737042172,153.20672722463058,0
64.98926441754955,153.24399563598223,153.21117284600894,1
52.14548669697847,153.25395394821732,153.2133834717023,1
53.104092761257455,153.2668606635047,153.21516851747592,0
62.03803351664248,153.27977867160334,153.21881132403135,0
62.11524177388819,153.2913520157094,153.22164541675474,1
54.757992628553154,153.30169760905682,153.22340120762945,0
57.01119641488703,153.30985662024867,153.22449123897988,1
53.24560041708299,153.31145583310882,153.22450331757082,1
54.94918473955521,153.3149755236867,153.22477363463656,1
58.52499909863299,153.3233139310001,153.22667738995528,1
55.967482582226985,153.32706382604178,153.22713134219634,1
57.510233120313465,153.3296743360264,153.23102702674862,0
51.131238153757316,153.3359393019387,153.23464539158533,0
55.71731775055426,153.3462566591108,153.2409875466604,0
53.87559932309124,153.35252744362998,153.24471219819716,1
54.627461513543665,153.35577980768412,153.2474833869589,1
53.09896504590648,153.36094775438943,153.2503120844332,1
50.8220185587471,153.3646931417678,153.25418036725188,1
55.56677359867326,153.36723567712698,153.25996679862982,0
57.755724774129746,153.37095227776655,153.2650995372054,1
59.17907766956971,153.3761902595766,153.27229510057128,1
59.45388963209186,153.38262836998032,153.27737239287623,1
60.57037224970877,153.39130442968764,153.28327148753925,1
54.025991631960494,153.39522101009055,153.2893915162025,1
64.93384741024114,153.4017933263069,153.29799889507575,1
59.318491335078186,153.40771636536417,153.30480424047124,1
62.22787486106161,153.4186581020483,153.31394356274902,1
60.21467321662342,153.43367579422812,153.32476789895236,0
66.1117061671671,153.4464580970751,153.3344213425407,0
70.9892518501465,153.45594180861815,153.34328513045682,0
69.81758874762812,153.46819571559638,153.3526964251643,0
69.62509561713753,153.47777929781,153.3623033881123,0
64.3296167663085,153.48621971679214,153.3729235234933,0
57.82281849728445,153.49007097159645,153.3819854966708,0
58.28319408127985,153.4966298421901,153.38991976082653,0
65.518002889024,153.5065120521757,153.39743752749462,0
46.60846125817264,153.5118355808334,153.4026623651285,0
54.226025812624314,153.51705720297053,153.40668988393975,0
39.14366023063967,153.51589018402896,153.40981567785252,0
35.50155562230361,153.51044400960603,153.4129666285082,0
18.266116878168006,153.50167563815327,153.4141520049758,0
9.892128529810151,153.4911458614158,153.41176933726763,0
8.869009300940021,153.47467050198364,153.4090743220694,1
8.729626001705412,153.4587871309424,153.4060602806666,1
22.07896468469434,153.44364236216623,153.4044582351745,1
18.782636089347363,153.4279439739209,153.40242239578606,0
19.3746713395103,153.40899091938348,153.40145322563282,1
22.602308158399453,153.38939406249943,153.39982052989012,1
23.628533443910257,153.37041404950764,153.39617373471768,1
23.049195849325002,153.35245260925555,153.39227522599032,0
24.764141844049973,153.33252993438353,153.38811014452483,1
30.253406844974066,153.31495465257584,153.38670366985573,0
41.05583454019673,153.3013563190757,153.3867217857217,0
39.604258597489746,153.28525735760365,153.38417697107093,0
41.44718159594037,153.2671865805716,153.3802535867714,1
46.3633345963483,153.24829192642895,153.37607525444346,1
47.82796921879745,153.23208287371952,153.37155286651682,1
52.77868500181261,153.21598139321992,153.3685001079842,1
40.85063467986513,153.20046212952738,153.36401032018878,1
52.72584760426165,153.19257078487072,153.36066937005646,1
56.246635223955685,153.1912969361921,153.3598452490359,1
55.634138166760394,153.19463560250912,153.3577538438607,1
58.41343851269126,153.20345027402428,153.35607871090363,1
61.709004814498854,153.21643742715563,153.35413258788455,0
64.35425365857756,153.2236397824701,153.35290317071053,0
56.946010416393115,153.23017328486918,153.35217978666012,0
50.91461718324417,153.2364780611336,153.3516653483305,0
62.02296845441494,153.24384433551415,153.35148100738866,0
68.4882965278626,153.2512292920133,153.34977118067218,0
61.04001382680056,153.25516530303747,153.3459604360987,0
61.87433086077049,153.26000205706222,153.34163486351906,1
59.77158922449234,153.26133475637056,153.3381862244118,1
63.41680195818092,153.25833883214327,153.33353554670398,1
62.752216977233104,153.26374697297712,153.33158735622555,1
50.473237955378316,153.26832122733975,153.32686474718457,1
51.79408344378828,153.27470086971772,153.32286905618489,1
53.74108409320087,153.28672115066053,153.31877808596172,1
58.019872269421036,153.3028064000693,153.31615235032066,1
58.76214662048324,153.3196335824177,153.31328051432584,1
64.38854553898335,153.33261787003747,153.31133979462416,0
65.77726561946584,153.3441773003056,153.3102378829196,0
63.870986002450834,153.35569811040386,153.30892136889827,0
62.91882730371314,153.3646297348421,153.3074427181236,0
73.62909873000436,153.37202142160035,153.3069127678861,1
63.433133398687914,153.3748812381095,153.30420372907832,1
65.69347822203235,153.38118801582374,153.30205017211932,1
66.39981582200838,153.38760550111067,153.3019733164414,1
59.301301859042105,153.39152913664648,153.30126978085903,1
73.00678941186138,153.399845219585,153.30335319489458,0
67.86599529475498,153.41023405744323,153.3058764552336,1
61.12744791590768,153.42154063475326,153.30958086215907,1
60.13242513401273,153.43760356061554,153.31676930409168,0
57.8550187709803,153.4519239525804,153.32443692694267,0
53.23069191897869,153.46044192696093,153.33224927463297,0
50.07927055097586,153.4718085516562,153.33813122298054,0
52.86046839850155,153.48394873106963,153.34527095904437,0
54.1453457978332,153.49314261145082,153.35243876278867,0
46.97441754424959,153.49413265917153,153.35804778898952,0
55.877785917215775,153.49482845555016,153.36304627674284,0
49.767620324830276,153.49299502862903,153.36755676237357,1
48.79151240265249,153.4896721164755,153.3730947557564,1
51.86303111992705,153.48687923669578,153.37769120254626,1
43.15398689615839,153.48527664124884,153.38101084699287,1
38.45375159748663,153.47858268321608,153.38424289813108,1
45.975213506612576,153.48016629534217,153.38939561498654,1
35.55985327255115,153.48076155833155,153.39503802488036,1
47.96877450691455,153.4842539357232,153.4028417412429,1
53.19748439645444,153.4892812936463,153.41058974102958,1
58.89504147508917,153.49213310763867,153.42002158613911,1
57.36521968281671,153.49761398970415,153.42789373716695,1
61.707588723058805,153.50712536573639,153.43591223397678,1
71.28607575924293,153.51325434404293,153.44421680070525,1
74.38497861272262,153.52107405943664,153.45148644110762,1
83.26321260163796,153.53540109134386,153.45983474030828,0
84.97465480964277,153.55211785826995,153.4695224533005,0
85.15252948818807,153.5682226255256,153.48049069530694,0
76.61071078411419,153.58090374491942,153.49020903630299,0
79.46817908207696,153.59358990499214,153.4979460167807,1
78.17447170654461,153.60817627417947,153.5058250696093,1
77.98224640982787,153.62449625881953,153.51528914468636,1
71.06850838754391,153.63957765798273,153.52492499612464,1
70.27455650545849,153.65400403195468,153.53475891277992,1
71.53678374911078,153.6711321618934,153.54612817889293,0
72.0934410589269,153.6939523422996,153.55632504586004,0
61.709530789604734,153.7116914998855,153.56674372400482,0
59.29527584859276,153.72859208860706,153.5765945124361,0
55.75285180541399,153.74044844735607,153.5843326599211,0
43.47922660729933,153.7503877812279,153.58962229349302,0
36.27748588614398,153.75683657574422,153.5949027834697,0
30.530771848069648,153.76110923318123,153.59929028242448,0
30.60434792406889,153.75938637377513,153.60199586336458,0
34.938903126042305,153.7561654324172,153.60440372951055,0
30.37687452757251,153.7518784454307,153.60638592534303,0
21.57264995355726,153.73560431704612,153.60526789848657,1
35.296146467172065,153.72200643832574,153.608372533387,1
39.79120627806,153.70959284651275,153.61185262758255,1
30.879474750054953,153.69925727812182,153.61486974710743,1
26.892587832371348,153.69193666676884,153.61810902882965,1
26.826876328363895,153.68124202342014,153.61838379114337,1
36.33700462484099,153.67411823033578,153.6208428138434,1
46.72387039157138,153.6727839377291,153.62542231731496,0
48.5862293559428,153.67148581402228,153.62831181414262,0
53.49337395143463,153.66888360033016,153.63291203799284,0
55.81476332117483,153.66508107136644,153.63818070362225,0
55.500450224206034,153.6608285784479,153.64235173472153,0
54.44080637695956,153.65588386596104,153.64536856639268,0
56.96624862713262,153.6531000005873,153.64831561557568,0
68.71365973451975,153.65016236466198,153.65203417568918,0
60.91672812487401,153.64767446398017,153.6560411868417,0
55.66577329584121,153.64607713213064,153.6605231238251,0
57.5199445729161,153.64718642059898,153.665001585014,0
57.679613715072875,153.64871033625386,153.66913616933377,0
58.405083208510256,153.64908183458925,153.6719080026792,0
44.018483502707376,153.654548020131,153.67565403325256,1
21.406292895188074,153.6523280733448,153.67723724458804,1
29.448673978051247,153.64985181945883,153.67948873203346,0
14.69517722317687,153.64339385913632,153.67852571647268,0
22.96847232429222,153.63954856408947,153.6782159370069,0
36.547830772441486,153.64159537034817,153.67816869622717,0
36.94909629890179,153.63903957840802,153.67741304932497,0
28.582724177584936,153.62611649555257,153.67301876924142,0
28.799248552384725,153.6120005271716,153.66781028739405,1
29.163214510303163,153.5953764909159,153.66263301058456,0
27.12818253162561,153.5760226640177,153.6544293326918,0
26.262587200777773,153.55856615838894,153.6449310547691,0
33.48723352870812,153.54557997756362,153.63631150720786,0
38.92174178475077,153.53382010349395,153.6294821590055,0
38.38106864484799,153.52098011895998,153.62299026127633,0
37.594522093689875,153.50496850516848,153.61475807923728,0
32.55304003658884,153.48841540260293,153.60609078133848,1
37.423342211973726,153.4715577919472,153.59779363859977,1
33.99051259778051,153.4557209762416,153.58982294704853,1
24.141808457997016,153.44109714801806,153.57989399712906,1
28.200073024499773,153.42930168651623,153.56979377093919,1
48.0751300996008,153.42491729951524,153.56252756443993,1
53.43681818951631,153.4201579648725,153.55611508253963,0
53.51409528127077,153.42013665832366,153.55040100085972,1
57.81413992712982,153.41703772905194,153.54487591613653,1
58.717001443393904,153.40992468648543,153.53940394052364,1
57.245397157937205,153.4062256297444,153.53545960795023,0
50.64531224954485,153.40707646255933,153.53209480475508,0
56.175631443801684,153.4088629991278,153.52888931407833,0
68.72973568752752,153.41091511410556,153.52624767805452,0
67.12555060078276,153.41413766604026,153.52584267228946,0
58.14096116125766,153.4153871339653,153.52228333302492,1
57.287712053705214,153.41385886090785,153.5180179129659,1
60.67660149357691,153.41065976602263,153.51404315416582,1
60.62256177640241,153.4107397612791,153.51051149908045,0
44.180454675790486,153.41326751677042,153.50756827657742,1
47.40879754359881,153.41935697356774,153.50418627863127,0
42.393994977717405,153.4239194835501,153.49824785692817,1
53.75790896604313,153.43128145638113,153.49374120399207,0
46.804007803755226,153.43585201583826,153.4866813633323,1
42.837795853645105,153.44024668589674,153.47986001675133,0
48.32272493542909,153.44128321955804,153.474709420884,0
44.47773092232208,153.43861170477072,153.4692062180635,0
46.36477968202087,153.43702757797487,153.46397203181476,0
54.18204506248696,153.43881045021857,153.46033515035919,0
50.55054399964748,153.43631198342996,153.45485894830358,0
51.2459813689312,153.43225248668833,153.4499297497733,0
43.05672214549065,153.42390178994887,153.44278095249504,0
38.59058366407128,153.41322676838368,153.43469588693023,1
45.77798513571724,153.40617997947967,153.4290869360107,0
40.02522150499766,153.39895028980283,153.4236035801582,0
39.304246083695034,153.39218005995298,153.4182241276682,1
31.814639271452236,153.38421170810213,153.4117618684232,1
44.71378664006118,153.38113850331473,153.4091410118372,1
38.34687753204366,153.37270240840795,153.40377303680782,1
34.30220513711116,153.36307785156177,153.39616126906284,1
41.3152282858673,153.35408569141492,153.39020472383402,1
45.66167575038129,153.35138359378345,153.38835469622052,1
41.571664168987866,153.3445028637318,153.38674213861614,1
43.94037002817297,153.3387951053216,153.38404880909457,1
48.69507933061921,153.3369075793308,153.38421398287656,1
60.06184328363471,153.33759529422574,153.38632107521872,0
64.89872546719462,153.34167706434368,153.38764505277553,1
58.347657495717506,153.34291185975252,153.38760873431818,1
60.26020566454859,153.34108839634686,153.38837846131392,1
64.26630895099305,153.34399812523304,153.3904707963294,1
65.863247691071,153.34651258884207,153.39316862426895,1
64.4410755398918,153.35810335625808,153.39739917821942,1
75.25743321120888,153.3739398866856,153.40198345110787,1
75.10348676372558,153.38354890168068,153.40606763747573,1
74.88926079581556,153.39766637375016,153.41094945505176,1
71.70426747850209,153.41520419380657,153.41433888538472,1
73.81256916722563,153.43478017435882,153.41761075221774,0
83.81785424025992,153.4529817336467,153.4222790419664,0
73.2145774188302,153.47283275169886,153.4260910458666,1
68.87186238682196,153.49501754043405,153.4301984106423,0
63.25664520375195,153.51253564514545,153.43272872999444,0
58.923860388202435,153.5221695375322,153.4343919262097,1
60.434666137050066,153.53283995621092,153.4363329214494,1
68.40395235626353,153.5521475454631,153.44054178163756,0
59.4315787102261,153.56239374521954,153.44351641454824,0
55.02288531437212,153.5688960757001,153.44772465191264,0
54.23043489809287,153.57531123295115,153.45222600159286,0
59.31875926974667,153.58388030046802,153.45689694809636,0
53.78194747631764,153.59230153272043,153.46100316989046,0
46.92969720630908,153.5980985764341,153.46440322019487,0
44.89546609970628,153.60367028648844,153.46689394943724,0
34.59267007074075,153.60415798908818,153.46949458043463,1
31.546042029843235,153.5975781535747,153.46850212998527,1
37.73794296410304,153.59622971591426,153.47021871750613,1
43.51150516073765,153.59391771254872,153.47241786571257,1
49.30007959429506,153.59100326619267,153.47422690403857,1
48.810103318188816,153.5870332608642,153.47697937465514,1
41.952571986974824,153.58215776169538,153.48033111545462,1
51.85091341984717,153.5803614795194,153.48271145758693,1
56.377205871215544,153.58073107223962,153.48796604616618,1
51.740780818338294,153.5816398010739,153.49248365574869,1
57.03878998810746,153.5891847503779,153.5005051103813,0
58.87210087594746,153.5966707098185,153.50971049802334,0
67.37218509024228,153.59881659202685,153.51759642665647,0
58.87963836681147,153.60227506059326,153.52484632286442,0
64.24312239517664,153.60646936077876,153.53344037224295,0
73.7639373767171,153.6072701787887,153.5414493898675,1
64.64203716274915,153.60631651920554,153.54696815445268,1
54.39991666882833,153.60374501788425,153.553420213681,1
48.026274986915965,153.60171102632572,153.55985649010043,1
56.696287352998645,153.60403543242063,153.56687384583952,1
57.65643245557254,153.61117142594304,153.57340971329847,0
63.0540524332826,153.62777763965028,153.58181204035264,0
54.94490310023133,153.63881367871028,153.59022614686162,0
56.40360975467436,153.6478070764066,153.59677766454288,0
46.68012444761302,153.6536995112705,153.6006685908565,1
43.07744581942766,153.65746100067022,153.60329294918577,1
39.585317364073305,153.6566321706528,153.6058192398147,1
48.24356233801811,153.6581427006229,153.60953317929736,1
45.91143565363976,153.6566568111359,153.6130295205273,1
52.39633335122619,153.6583188622945,153.61720616512966,1
56.60855701971194,153.65834940116346,153.62060352834342,1
65.59919666077887,153.6629532540981,153.62531584498834,1
63.96598371824174,153.66369716996726,153.62965573397108,1
61.99777293013477,153.67027357859206,153.6338892048012,1
61.551176781004855,153.67883378019775,153.63889220679943,0
52.432157842465756,153.68706556189528,153.64236354488207,0
60.18424142587405,153.69909208921337,153.64541229667932,1
60.901471411955164,153.71377294058385,153.64979628923498,1
65.65341183907542,153.73038458706338,153.65400330875215,1
65.03801833492894,153.74020030794517,153.6579397109594,1
65.98553769515271,153.7452885460457,153.66265731670384,1
67.90493388257603,153.75067849541944,153.66894745603608,1
69.82659253464803,153.7588902202768,153.67292321678713,0
69.20015303989204,153.7687431802023,153.679317438536,0
63.92282340080167,153.77975235071432,153.68501110086217,0
53.18152840397228,153.79056501302378,153.68939446121482,0
63.977219829831256,153.80599039077939,153.69466327593926,0
53.065564449482125,153.81544476088845,153.69879047056457,0
46.377201932828896,153.82485420724055,153.7037317728499,1
50.89344988600346,153.83187983069132,153.70848998281082,1
46.26494666023643,153.83776973088158,153.7140482250608,1
43.44559368612132,153.83793349700048,153.72145798235866,1
46.83702445358993,153.84242303060654,153.728133059848,1
54.87544699133885,153.84560699638374,153.7345649183352,1
62.60073247876729,153.84784138067704,153.74162745259318,0
45.998733785140224,153.85004643888175,153.74756881608909,1
44.4778824976804,153.84927187623458,153.752257942495,0
47.01395784838926,153.8504789924725,153.7578432944162,0
56.27741646848327,153.85427656749874,153.76342150685582,0
52.844524160700004,153.85680615894867,153.7680062541093,0
49.01558258734131,153.86180603586223,153.77170583089756,0
45.81566644940729,153.85751102004065,153.7732835801249,1
48.144784353440585,153.85332270386112,153.77472566152082,0
56.834361206582855,153.8517081589109,153.77909067786305,0
51.926827687015376,153.84973170940523,153.78231604031274,0
49.22976407557054,153.84763005704662,153.78553841251798,0
50.6695749860611,153.8447939873358,153.79005426319137,0
42.547994377865486,153.84151338021147,153.79389781549548,0
37.51314275287671,153.83773150351394,153.7981399637252,1
43.078447656810596,153.83524666710366,153.80097447668402,1
41.97778869999809,153.83104204645517,153.80199647326566,1
35.75363084593137,153.82670650063386,153.8010295267521,1
34.980539146140586,153.82317386186625,153.8018771331104,1
41.46911527761309,153.81901464117522,153.80304794424262,1
41.03884021643868,153.81377523684836,153.8056577428243,0
47.832452287575,153.81002888615154,153.8085959702816,1
49.480358277633684,153.8077919029459,153.81272183541222,0
37.41163135699358,153.8025120222563,153.81559102306954,0
45.46513242637085,153.7962228175222,153.81924790941036,0
47.47754182689278,153.791956495031,153.82146130720395,0
40.54937542162247,153.78645776665172,153.8229491770929,0
44.00518393590002,153.78324086099636,153.8213986228842,0
48.46735341655171,153.77983495413721,153.8211807751888,0
37.00406400179532,153.7701798637244,153.819053191916,0
34.31293611360695,153.76014459152742,153.81484036484463,1
38.105825721615155,153.7526305017704,153.81176438846805,1
32.69438951825022,153.74384390328086,153.80795498881838,1
36.46617197405871,153.74042126272107,153.80455714435035,1
31.51940493394241,153.73746404722704,153.80097174779064,1
37.30726629934907,153.7340719707304,153.7985231417981,1
38.95844804569983,153.73341265446797,153.7972461166346,1
43.41416039536804,153.73432311329435,153.79448737390206,0
35.22664669727912,153.7316135543154,153.79096646672582,0
39.00490952922283,153.72827606389836,153.78686109772107,1
42.981205084162,153.7251627196976,153.7838218904176,0
49.70086714266907,153.72284819477403,153.7815092429817,0
37.63108885108907,153.71487027338975,153.7762737884564,1
42.82957136060401,153.70754763735104,153.7724321736546,1
62.41353002940395,153.70426954614885,153.77101404497364,1
58.834694303124955,153.70130759478533,153.76923241284152,0
53.41028279386525,153.6970881036087,153.76667652618374,1
51.31459566806731,153.69601250294735,153.76463022526295,1
55.47022628452979,153.69573789013776,153.76250671900127,1
59.04920012056437,153.70008391599012,153.76084395975852,1
49.80343826664979,153.70409685816674,153.75734255584052,1
51.140563403331726,153.70920026991627,153.75542592088183,1
57.893533497869974,153.7151751636988,153.75431630380407,1
56.513050139447984,153.71901749702445,153.75197254617112,1
56.40814084062096,153.72463497257735,153.7491151098221,1
60.28002567019803,153.7316869333361,153.74847545155308,1
75.84929168976421,153.73948214085715,153.74831655863255,0
67.81851002410934,153.74361387871187,153.74892851737056,1
63.29405141129277,153.75154209847247,153.75025422457034,1
65.24102689796723,153.75897664684345,153.74976849289408,1
70.83401473041138,153.76573975012744,153.75022510670652,0
69.82183542892705,153.77265523728948,153.75151931507887,0
67.47295232786158,153.78403372972056,153.75196968541027,0
67.47307512545069,153.7977931974363,153.75494410054455,0
78.31309712561111,153.80625870674217,153.75842492626495,1
64.85179600053587,153.81297024447457,153.7603218437899,1
58.67975818547882,153.82045228442863,153.76244062137314,1
60.76692433814825,153.82748593882332,153.76494200053875,1
64.9166082590123,153.83663656240594,153.76789179921715,1
63.04841919185801,153.8444288551538,153.77100964534998,1
52.28035521186335,153.85315844589553,153.7730958394594,1
71.42620791563513,153.86594043555806,153.77779054064445,1
69.6165745343763,153.87797230277903,153.78238846373733,1
73.95717495740021,153.89327918590772,153.7882794116317,1
72.6509737199895,153.9074541714501,153.79360765139324,1
73.84973861048063,153.92048673188998,153.79988754629667,1
76.80195565466902,153.9334467591289,153.80711215562343,1
76.86119781407706,153.95186166438867,153.8163768387275,1
79.39651183647004,153.97082989929055,153.8266522026317,1
88.33162205509129,153.99196564014434,153.83848280346206,1
88.90793804761611,154.0122040409845,153.8510488864893,1
84.59757953457603,154.03095058555667,153.86284734859336,1
83.38578136907374,154.050813450735,153.87475750439194,1
83.85691461722207,154.07008491215072,153.8868095603164,1
88.60070440811583,154.08903418199165,153.8990529801708,1
86.9293604258957,154.11303324764776,153.91190635455683,0
88.36367868694582,154.14130415245103,153.92559722056632,0
79.21838539173336,154.16704069009515,153.93802903125908,1
74.35314820648976,154.1880023819825,153.950447330284,1
72.11601359960979,154.20724670411286,153.96259790143577,1
70.67078178792161,154.22916675873643,153.97469745507493,0
63.04956565871915,154.2441335369096,153.98630467749865,0
64.1596158279691,154.26161910853205,154.00108799779423,0
62.45208403505163,154.27713956828106,154.01611618400372,0
64.77155233792413,154.2931020184805,154.02914064032592,0
59.16184422380881,154.30450702462406,154.04116731823217,0
50.82761339408057,154.31092600165977,154.05264731484385,1
47.72003749713742,154.31517820700884,154.0640431203521,1
40.26952785696813,154.31205081039968,154.07317737073646,1
40.008143187098845,154.30924748331867,154.0821482303935,1
31.411757475582988,154.30680744392393,154.09213312079223,1
50.438431391670754,154.3131961887688,154.10444571613436,1
61.115280464117525,154.32416129279738,154.11835195603138,1
60.943965567487055,154.33254653828132,154.13222117681914,0
59.669314666264206,154.341200873476,154.14567934053025,0
64.43991606009793,154.34969668749662,154.15911025622103,0
65.2589402705346,154.35877717728323,154.17331523513678,0
57.90265683421856,154.36618229960962,154.18705639961817,0
52.15571263707607,154.37138589369675,154.1983848483737,1
54.58249825658246,154.37547365984207,154.20919670663523,0
60.44762151166069,154.38019908006717,154.22048118705084,0
60.95168918630993,154.38728982592127,154.2321585129514,0
71.74203516419621,154.39372888594966,154.2449660602859,0
64.61646308531255,154.3964061246415,154.25556135488577,0
56.97702743964679,154.39362813440147,154.26408841138965,0
50.51660459184617,154.3961614504325,154.27444380061533,0
39.672402428488446,154.3998225624721,154.28439542606122,0
35.18436066066609,154.39816184987825,154.29231348477407,1
35.99204649116581,154.4017704009363,154.2992309061486,0
35.180496687555774,154.4048721248093,154.30632553825566,0
27.251221978847212,154.4080572377189,154.31409263752158,0
29.674259380502605,154.40267698502322,154.31914033592045,0
33.8147925607292,154.3915820618524,154.32379585966072,0
34.56091591973649,154.38005015810876,154.32692956569957,0
27.608924947292365,154.36564647839754,154.32895626330924,0
23.11708706404481,154.34728313550357,154.32982881766645,0
19.54841101818033,154.3261768076761,154.33040725455567,0
24.044271540105143,154.309611758858,154.3301564374059,0
31.804537250236365,154.2975745364101,154.32908270322153,0
21.742572720457446,154.28467682087765,154.32628117892855,0
23.435304175092583,154.27000971279568,154.32360345577533,0
23.004617993582485,154.249159793506,154.31944219613112,0
23.304908352617844,154.22624345588773,154.31513806234696,1
28.625399377248726,154.2094091862569,154.31129106452823,0
24.940089160439115,154.1945319133008,154.30628750391332,0
24.641347311026834,154.17631430731285,154.29975622448137,0
27.301571610766118,154.16077461720883,154.29218361196436,0
35.96633909701045,154.1528016086772,154.2866178522069,0
38.97281552325141,154.14345705588488,154.28141277570955,0
39.05591805507066,154.13067744318067,154.27569783388276,1
30.152172000284338,154.113632459533,154.2678789178402,1
28.87836356565242,154.0978858326333,154.2606412542099,1
38.49150129441168,154.08722496357532,154.25403820167804,0
42.70725301303748,154.07806240382735,154.24729869991808,1
43.231469464140645,154.07196651866485,154.240502063383,1
53.3371634345814,154.0682675465129,154.23533302642198,1
52.52317264936058,154.06333758021557,154.23137188597798,0
41.83305008185671,154.0557850434698,154.22639917199027,1
53.13968890069381,154.04974620272301,154.22416086015087,1
57.61032768782155,154.0465303842295,154.22119433929288,1
56.146575697211354,154.04377492234852,154.2183904471451,1
43.59585295044754,154.04379729762982,154.21168263967553,1
53.29446023575013,154.04641964888916,154.20404140478365,0
60.39528007888463,154.0472762908721,154.19718296556456,0
70.87533402440597,154.05026163241598,154.1899118074893,0
73.76721253918453,154.0569167554986,154.18264425168218,0
61.74634097145686,154.0616611509005,154.17333720141127,0
54.39577448853839,154.0617027553906,154.16482603451925,0
49.81205606396846,154.06102456464453,154.15726824408867,0
39.5810786097255,154.0578545319841,154.14865018273957,0
42.29342594420954,154.06032147109437,154.13992787425107,0
38.61042510339375,154.05832100552158,154.12905372605002,0
30.50576593496386,154.04876805883106,154.11605387083057,0
24.840489645453033,154.0337857628145,154.10225055518728,0
24.593432283530277,154.01865644776646,154.09051338872897,0
26.13460981139245,154.00243616065674,154.0778429105117,0
17.538747204633665,153.98548813290017,154.0656381141492,0
11.724504222879958,153.96801502946545,154.05434044382514,0
11.176668673045313,153.9459377814136,154.0418278123418,0
7.389519855264879,153.9244089428514,154.02900906650973,1
7.359706698255437,153.90157063576675,154.01579580636425,1
10.220261144179872,153.88171528243066,154.0032979586385,1
10.11853020626738,153.85680773834855,153.99013167538212,1
13.290760563385078,153.8307808069453,153.97747522509917,1
19.48782245615908,153.80903548113977,153.96726740858617,1
27.485052133281272,153.78632530962733,153.9582611213317,0
29.837280789500568,153.76381481980212,153.94839240626166,0
40.1851046923031,153.74370487548157,153.9384632811687,0
39.39774397284717,153.7247958551224,153.92815677157358,0
40.22433680145987,153.7099964492035,153.91877803406993,0
40.23074326998267,153.69335738663946,153.90926694378857,0
45.37795672846589,153.68056810913077,153.90161705229994,0
56.3445382481661,153.67110313997983,153.89399774446744,0
44.49921255619909,153.66413735930638,153.8841418244071,0
41.50081803510913,153.65502962173468,153.87471247210252,0
31.95673837545033,153.64307067839854,153.86454545894597,0
29.33222913260269,153.6281812655818,153.8526007734984,0
24.34867434159338,153.61289456878086,153.8383776278666,0
14.257261901598056,153.60067650799542,153.824715593186,0
7.1662169588485085,153.58533449343375,153.81087188661095,1
12.79427527362202,153.57244270255725,153.79931990357397,0
10.577872188000455,153.55890173966992,153.78770432145313,0
8.838497764520483,153.54287341840205,153.7723910573128,1
14.127300940311102,153.52793395211523,153.75742384441435,0
20.50743034618681,153.511855785935,153.74322311549423,0
19.143275379031053,153.4921407198669,153.72781039067328,0
20.467843525909487,153.4743426372063,153.71279442905796,0
20.69491867481706,153.45398218724188,153.69774213867754,0
23.17518441166567,153.43440107753867,153.68201872149984,0
23.430520351524805,153.4118949874172,153.66492387534498,0
23.04989168571224,153.38601934402985,153.64616471246111,0
24.826503334267755,153.35964313867865,153.62795538871947,0
23.432740879788966,153.33249391006714,153.60842744893864,0
24.55991610165718,153.30672062228052,153.58791955697043,0
18.384757120072564,153.2805691559341,153.5668354815098,0
17.48787350095573,153.25669758031637,153.54445778887307,1
23.358243698878994,153.23712801371147,153.52278751862278,0
17.685712298201068,153.2202564076344,153.5017990887641,0
11.527964570546544,153.20343688340355,153.4816805206896,1
11.991755622056942,153.1871329288395,153.46258324535313,1
19.463048141953337,153.1723373375127,153.4441262501413,1
18.787011876522072,153.15476183591753,153.42628065361154,1
22.10022022502487,153.14283266498762,153.41001689977546,1
34.78181057583548,153.13211104666493,153.3967539579545,0
46.28531000307231,153.12062912285586,153.38401218553,0
47.33266524009363,153.11096776315182,153.37122303167132,0
45.04649013327516,153.0991269590557,153.35824995952015,0
53.350942057803294,153.09163506399696,153.34719015249016,0
51.97225007232184,153.08065085718633,153.33590395180892,0
48.956313665858495,153.0703464524802,153.32329887919653,0
45.62081645263922,153.06324968725633,153.31083633305693,0
51.841548830852545,153.0598731762123,153.29921854623214,0
52.67919853591967,153.05765278290406,153.28876546676085,0
51.330661074211115,153.0541233038453,153.27725655573045,0
44.56399172079247,153.05260020338633,153.26426137040838,0
47.01482599449463,153.0505852096375,153.25016174887713,1
41.34631495364597,153.046323401096,153.23579095114033,1
40.1798842144141,153.0444108541497,153.22208148023137,1
32.64281199403952,153.03893187273655,153.20733492773527,1
41.812857942484115,153.0386826077731,153.19405770878097,0
47.28989964354443,153.0376446624924,153.18184116048246,0
47.513126637221966,153.0418114896404,153.17077800581538,0
51.33903807680854,153.0437961246309,153.15909409363587,0
55.13000281011687,153.04272290391373,153.14818817579743,0
50.427903395907705,153.03725538432604,153.13690249056654,0
42.74621119764383,153.03104895107185,153.12641434074064,1
43.310006547990525,153.0271885611042,153.11785287772912,0
53.03112167566921,153.02392383344397,153.1116018583554,0
49.6952394567439,153.02138532071552,153.10418747689698,0
50.69060891775212,153.02023496982324,153.09725906975234,0
53.07628635826757,153.01964985256183,153.08971919305876,0
43.305795409751724,153.0130214020272,153.08086641117504,0
51.38420739719429,153.0068776039222,153.0743671409689,0
40.514795783587424,153.00129537413184,153.06660112453707,0
34.78585347792257,152.99597723693293,153.05790995080756,0
25.486067350769645,152.99103244499634,153.0497184389289,0
24.628116645156666,152.98590631475338,153.04041642215915,0
24.997790653625017,152.97851782563424,153.0318957355883,1
28.663357949096152,152.97378249109525,153.0230874931579,1
29.201847224807295,152.96450317699873,153.01510098461358,1
22.502372705128494,152.9516530008709,153.00809462321888,1
12.282667325152659,152.93703044610965,153.00173292878776,1
32.20776480125552,152.92726211140237,152.99700137416997,0
34.95684854976821,152.91815885429935,152.99276346860498,0
43.12634272049241,152.91463022924785,152.990526919892,0
43.15682678011368,152.90911713493958,152.98738216258994,0
40.12755522090976,152.90283293014576,152.98413484430284,0
38.36979619520422,152.89105761220648,152.97992234018423,1
33.352594322243334,152.87843887731773,152.97418827446265,1
32.40402331351889,152.86496499892286,152.96839189778566,1
42.52361074297669,152.85456931245793,152.96261198303685,0
47.32676866448127,152.8495534868303,152.95878307154015,0
49.334903501189956,152.8437381446438,152.95472933283136,0
44.79680204767966,152.8360707128066,152.94818499099375,0
46.76956029125402,152.82840169043067,152.9410189778375,0
46.69062816733163,152.8224605251868,152.9343155437429,0
39.24763059948484,152.8187316056426,152.92825828079393,0
32.671881124502406,152.81079467019595,152.91955957806792,0
24.77920893321408,152.8013131616133,152.9113524149287,0
27.80766053410001,152.79253741184567,152.90397736835976,0
30.235968386956856,152.78665943932145,152.89745852404496,0
27.54927072160777,152.77502143035397,152.8877922304444,1
30.837338343964632,152.75922122741142,152.8776287519729,1
33.972272999891175,152.7434275968017,152.86848518578753,0
31.724614242002787,152.72729386202045,152.8604043833457,0
29.931204855616997,152.71593486118869,152.85352202321042,0
32.269095737660166,152.7055480912949,152.8478247203824,0
34.780346914814515,152.69584566729023,152.84049626544046,1
29.441778711235983,152.68516109615723,152.8326799638309,1
26.516839834901063,152.6752711987877,152.82302733419152,1
31.54467294969669,152.66494230663767,152.81353104069498,1
44.770578058692685,152.65562567896163,152.80430874726864,1
51.69163214865748,152.6473789926197,152.7961624800269,1
53.731112289544136,152.64362850834783,152.7885472327674,1
53.10869437086596,152.64119733198316,152.78259575690032,1
61.81598670798764,152.63680109389864,152.7766164008736,1
62.01415319828364,152.63170473797084,152.7700647515406,1
67.05974460761922,152.63465588550147,152.7638523988909,1
59.188268293840814,152.63748658139122,152.75779291919898,1
62.19920879275064,152.64416374701239,152.7535488792354,0
58.76529151701575,152.6488748846584,152.74914853688358,0
66.72568421604167,152.66165156545298,152.74724429581474,0
69.43781054327937,152.67157493652172,152.74350768501273,0
73.06134928964823,152.68251362851709,152.74097248754163,0
66.43999197358609,152.6898192822586,152.73794120147596,0
54.926630221033776,152.69229651977588,152.7340276531222,0
53.037780720776496,152.69394030622377,152.73103831697054,0
55.250713712622506,152.6997283427957,152.72898047230504,0
50.268491549859064,152.70794777224108,152.72634607628925,0
46.81571017068561,152.71363358381612,152.72267949691846,1
46.94649528581423,152.71681712339927,152.7195966897063,1
39.29126728073759,152.71661075737254,152.71614087177383,1
45.29636564604827,152.71603285434387,152.7116707772035,1
41.998492761493196,152.7166464353533,152.707942265189,1
43.02213863980062,152.71625437419812,152.70324541488043,0
45.690599464008464,152.72138722471323,152.70152443678305,0
53.244705947296644,152.72733184358404,152.6998643169159,0
48.60631901412296,152.7286591908652,152.69889303035438,0
44.65523773915301,152.72845360131276,152.697798808797,0
50.01223690291231,152.72394664992598,152.6971415396367,1
47.16002137613474,152.71940725005848,152.6950837119238,1
46.890637768797646,152.7140295614268,152.69303472565335,1
53.79635745615733,152.71293574496968,152.69118672514307,1
55.70984714088655,152.70779762789874,152.6896632535785,1
57.116865095284226,152.70474242549605,152.68847749550213,1
60.62176045059748,152.70646766610432,152.68763050948922,1
64.25689079624618,152.71119373068592,152.6880231669879,1
64.04946711746766,152.71564160322262,152.6909192455157,1
66.81845234655859,152.72376966557198,152.6953286778727,1
60.52391418234053,152.73546845073653,152.6998519124748,0
61.197811029017736,152.74826802126495,152.7042401224837,0
67.81958378536106,152.76413391669914,152.71178586631189,0
69.65287047119705,152.77568722233167,152.71825717517157,0
69.06581827481841,152.7842644338285,152.72427699999972,0
66.2667417179685,152.7912063691446,152.7288104177301,0
64.3463705814863,152.7947664114609,152.73305705689197,0
66.84582892746599,152.8006337469185,152.73789857916535,0
70.58875871738567,152.8059258803633,152.74292511558363,0
56.79458040794883,152.80943068274647,152.74750664343267,1
52.54870431022007,152.81259250706955,152.75207006294943,1
50.06317158675545,152.81861810428532,152.75655403098287,0
48.52732047538851,152.82367646661677,152.7602550407154,0
46.97619177500954,152.82865689946874,152.76369788788267,1
45.52537034778041,152.8356970486967,152.76649066971805,1
38.993957058785895,152.83941114412067,152.76776302035714,1
35.066244843442234,152.84276789944272,152.77001723170687,1
36.67071505898615,152.8407114328632,152.77162584494482,1
48.5202985157629,152.84162671166126,152.7737075759796,0
53.84820196782862,152.8421056956119,152.777176323561,0
50.0233596663339,152.84111545451353,152.77863259547527,1
42.433350346263104,152.83783304253618,152.7798233856348,1
44.2735419142175,152.83147142777347,152.77971381124007,1
54.320500959966225,152.82761792632263,152.78067437109195,1
61.528923798284204,152.8271261735639,152.78212201801844,1
58.572441480358904,152.82883324145953,152.78441600141048,1
51.823362268402015,152.82799352677426,152.78733585969132,1
58.16514156469974,152.82866780817474,152.7917895799457,1
59.85138884230522,152.8308243359375,152.79536351284037,0
70.20774761152046,152.8402243315314,152.80041726714882,1
64.65848434582682,152.84917351128527,152.8062860339371,1
71.33775224117853,152.8568623720976,152.81257213046217,1
64.73157366040995,152.8640327102037,152.81922382184788,0
49.640265913097075,152.86588690913499,152.8236395097991,1
61.62444684459151,152.87300578408983,152.82903440921262,1
69.17306065367231,152.88601822746085,152.8356685616622,0
67.39635236366452,152.89693806700032,152.84023756862172,0
62.82211028004107,152.9072402716543,152.84358921617294,1
60.43160317787271,152.91333384143337,152.84757743620688,1
60.09904965706787,152.91831816577763,152.85312214934694,1
65.1653546554042,152.9254501363887,152.85923399006035,1
59.1160181444066,152.93442345489035,152.86582986756758,1
60.94223686999571,152.94477179709972,152.87201070550924,1
63.37412149303898,152.95899207392995,152.87909690267605,1
68.83397257704304,152.97195666888837,152.88778563441429,1
61.60025987465113,152.98208330414965,152.8953523528719,1
64.80499045637016,152.99701667659,152.9035554638856,1
79.3789131020811,153.01138435341673,152.91186582903802,1
81.12471068534371,153.03288634609194,152.9222614099881,0
72.4538157047421,153.0500404902062,152.9309255970025,1
75.14425105242046,153.06914858960016,152.93975808948252,0
69.92952703556148,153.08263684404653,152.9463196595748,0
70.36135087665474,153.09668271102856,152.95224333957967,0
67.58547487970205,153.1138030700146,152.9588858488723,0
70.68828303351154,153.13072260536333,152.96761767782655,0
67.13042580338589,153.14289896858992,152.97634560144033,0
59.96940068332887,153.1521043918878,152.98317276079243,0
54.956647986488186,153.16275644500766,152.98843829540863,0
47.74426840626625,153.16807343241294,152.99243645702674,0
52.62614125184064,153.17491638669537,152.9993164309265,0
43.513409713695516,153.17620157633215,153.0046776177654,0
38.27544708201526,153.17711241016542,153.00922758991962,0
21.464852716008195,153.17209342013683,153.01137748691727,1
22.579331828652982,153.16301678718048,153.01284085776075,1
28.983338982734963,153.15640580545852,153.016069137119,0
34.647704380746575,153.15303300749696,153.0208010982224,0
30.382801348326325,153.1445494263908,153.0242680746648,0
31.43271323122147,153.13222474722477,153.02847115478266,0
21.424172005369016,153.11269398395976,153.03068831890747,0
25.632900020539722,153.09683174621716,153.03281601724458,0
26.302774535356306,153.07727490844027,153.0342218710532,0
30.763465991234966,153.0638642768937,153.0367321533178,0
29.085016070354285,153.04298009216367,153.03684680533573,0
23.649123080179166,153.02191211958885,153.03660352617877,0
26.869123138487367,152.99530314756316,153.03488846742627,0
30.49067497589445,152.97192681254552,153.03358302987473,0
36.891407290130104,152.95248497914332,153.03296934174006,0
33.33096980467907,152.93090498014723,153.02933316419762,0
19.862777058490764,152.91160612476918,153.02474917255938,0
18.612171209113114,152.89103744159783,153.01964167495308,0
20.130184039144396,152.87502920872367,153.0150198967407,0
19.04747321783023,152.8576292584785,153.00953434447197,1
18.050332950698646,152.84389606864275,153.0033228302929,1
19.72801819534935,152.83249185410907,152.9994828357504,0
21.40475211111999,152.8161316816107,152.99331949612736,0
16.303580415568263,152.79874210971064,152.9858906511223,0
41.456536471854044,152.78830460338676,152.9808146892194,0
38.08907931440557,152.77467720043563,152.9754459262952,0
33.42662664770394,152.7567681835107,152.96806205573841,0
34.30884368164563,152.7395685855287,152.96131618514502,0
32.234671349217564,152.72395133571496,152.95362235078372,1
35.46792357495555,152.70624621325564,152.94546125666392,1
36.149581266291314,152.69295538978008,152.9361202424079,1
34.088130382497596,152.68051388077646,152.92521224891738,1
42.92175223999025,152.67285016265595,152.91524586493333,0
48.59580206628636,152.6655715192196,152.90697831590273,0
53.87160230878711,152.66021567396666,152.89824894069073,0
45.87139388960169,152.65483767103586,152.88671449124527,0
43.82422590690052,152.64908094917416,152.87122701379226,0
36.71114121234073,152.63637399782777,152.85417507800173,1
25.98263478813503,152.62199749594498,152.83615945927866,1
33.11556157869194,152.6111349542547,152.82093358855525,0
40.078722712163,152.60255580788655,152.8056720690361,1
35.85182784564009,152.59187575637856,152.79071191029598,0
37.72687127664931,152.58233028091746,152.773962566349,0
36.64669610205546,152.57141115337717,152.75729552503725,1
40.01479248020511,152.5559897250401,152.7423688224803,0
44.39520562061798,152.54558136109432,152.72857589272985,0
31.918163200689648,152.5357181929597,152.7151199599571,1
29.14811989357041,152.52474615517633,152.7012480925374,1
29.540279162440044,152.51746001161683,152.6901257248976,1
32.13007359374875,152.50995306193155,152.6785975173704,1
39.826363343693195,152.50583642973794,152.6696174462483,1
65.59498103010745,152.50875472396814,152.66350742363247,1
70.10049863026717,152.50777541515288,152.65579370881105,1
68.36520488641749,152.50585988357972,152.64810906633585,0
61.62524156586326,152.50028020779843,152.6405412532538,1
63.71170604827975,152.4983585800475,152.63316802437436,1
65.46970851548163,152.50012571194347,152.6261997049858,1
70.74584911384913,152.50883404954195,152.61897599933164,1
63.39679321854766,152.5170589101667,152.61207305996925,1
61.36571432640119,152.52356852307506,152.6048152870278,1
77.04744113665149,152.5322433176236,152.60137735922004,1
77.38831337443173,152.54245212839623,152.59892791381895,1
77.45797785806361,152.55491536215496,152.59780745218572,1
78.84369361581498,152.5684110371355,152.5958892148732,0
78.95070988114011,152.58315645120896,152.59463741130656,0
71.7806347102336,152.59679017099072,152.59492996906724,0
64.44031703501605,152.61194039832586,152.5952536693798,0
64.1174323918712,152.62713522493888,152.59568720587384,0
62.1915961505083,152.63792629393066,152.5952845589804,0
57.007946175337615,152.64821732762363,152.59483274502844,1
55.66117487377166,152.65733942191915,152.59499478755887,1
56.18061470306993,152.66070180641844,152.5947914045562,0
55.11055193815814,152.66158001139604,152.5939730407252,0
59.007454247797,152.66397115975596,152.59420068635396,0
54.89749516621645,152.66936181934852,152.5929641396385,0
48.443458948073406,152.67272364242882,152.59238660117163,0
35.658959914284665,152.6715116527989,152.59209709270107,0
36.001184855551685,152.66952193761233,152.5909573401651,0
29.119502801187878,152.66884574894644,152.59003082526183,0
27.829708829291576,152.66795617115193,152.5894992701863,0
29.744356004852932,152.6628881433425,152.58935046064502,0
21.7333365419058,152.65220039912674,152.58760252115906,1
23.09592581064132,152.6384211557965,152.58403584944193,0
23.909077578088144,152.62448602203793,152.57945501600054,1
27.36903131204427,152.61028191968262,152.57466390959294,1
23.36274336843411,152.593841387493,152.5705314556501,1
38.050166189264026,152.58341856684865,152.56898871644955,1
26.050712324861152,152.5678942899512,152.5682953227232,1
30.50777914503672,152.5576398554683,152.56954150278978,1
31.755932200956778,152.5483216970549,152.56970744214854,1
41.456633120116585,152.54053613859557,152.57018691984248,1
42.426124809765994,152.53225243413877,152.57094207566027,1
49.64505195195343,152.52929912338038,152.57276057771037,1
47.564713578927545,152.52304610575783,152.57485466730623,1
44.81498110822349,152.51296962616198,152.57575610008726,1
58.689208315576444,152.50775710637964,152.57725689928577,1
60.048479611798356,152.50580510150948,152.58013185612097,1
62.357996913812386,152.50469177614772,152.58293558855365,1
64.18872389676443,152.5074252812155,152.5860169331013,0
62.4990779160486,152.50753774900576,152.588533145016,0
59.00906362591588,152.50984416187936,152.59095355350158,0
66.56896842740377,152.51539275164802,152.590257732231,0
60.80670481813331,152.52152694134566,152.58953645991906,1
62.64096803377729,152.52852536765172,152.58852120962933,0
49.533498362855156,152.53064220849132,152.58680870987007,1
45.40541031871601,152.53257418523626,152.58421769772562,1
46.50041340345821,152.53375756584995,152.58244145801214,1
52.433618364304124,152.54134054857084,152.58129792233476,1
57.86939436765866,152.5457819049018,152.58103070068378,1
52.24260894585796,152.55129270883452,152.58079711645232,1
51.192498220793986,152.55416397993815,152.57895518476832,1
56.66305221782213,152.55995782396332,152.57794435388712,1
49.52936984412791,152.56268563178617,152.57586868556282,1
57.104365021624815,152.5668306098599,152.57422249639598,1
59.77703581115387,152.5761132092515,152.57293880330428,1
58.53370601201141,152.5803656859097,152.57068710525334,1
65.45682016839174,152.58844780146583,152.57073481737697,0
56.83692945677284,152.59251781061414,152.56908862282376,0
69.75230949025989,152.59749389395753,152.56984397311203,0
72.18038052021072,152.6039784056149,152.5708375762125,0
66.95155572659519,152.60854405267114,152.5714354058024,0
53.4464855144614,152.6101322270563,152.57002990048616,0
51.690043161420974,152.610981884229,152.56929720905225,0
46.54621941331906,152.60928661004155,152.56664738974357,1
45.428620790127276,152.60963372495343,152.56291747211205,1
38.6400225539143,152.6114481437089,152.55970749823766,0
43.924898289294184,152.61236333387563,152.55878213044286,1
43.81620113215732,152.61172575954237,152.55817945110675,0
39.79390427159051,152.61193564328184,152.55826665841795,1
38.74422554462189,152.60908236137197,152.55724759254034,1
27.327385643041737,152.60488773834578,152.5557550227696,1
42.170366774360126,152.6017031572126,152.55774545712146,1
30.48961564782327,152.5972949683928,152.55941821060136,1
41.02110442150731,152.59614625965636,152.56288659144337,1
41.02040270476564,152.59181698872584,152.56555283092158,1
48.69671226272377,152.58927308983684,152.56885978619087,1
55.874797308584725,152.58560960082954,152.57161123096932,1
66.28873064832135,152.5883639440329,152.57727648445643,1
69.43111278494617,152.5871321791866,152.58164090259936,1
67.80451398243476,152.58586489969912,152.58585485727016,1
64.28051931548401,152.5850254487334,152.58923112985752,1
64.74922071952344,152.5892876413458,152.592843983369,1
66.70401084726602,152.59663251918084,152.59623056737243,1
74.4517181971939,152.60636660489283,152.59997558939756,1
83.30837782907761,152.61890889073797,152.60529317794249,0
83.01754791829364,152.63552036910355,152.61081280332724,0
90.79777209647376,152.65081474864414,152.61678598929672,0
89.11137598552149,152.66634866411766,152.6228422062947,0
75.88298071050126,152.6776963817952,152.62637509864982,0
58.10320355292303,152.68552367912972,152.62844196458988,0
55.397542954014206,152.6962552071168,152.63031944086458,1
48.78746070257554,152.70265437861008,152.63265010790627,1
46.77245581330824,152.70955688247176,152.6346301870518,1
50.00226854294912,152.71322684754733,152.63676718340162,1
49.979015268172155,152.7173148440231,152.64022188513428,1
53.76753390190848,152.723980810814,152.64542243642197,1
49.89910163204861,152.72839368824935,152.64946567992908,1
46.28297997081728,152.72818283888472,152.65201340058195,1
48.14007361436627,152.73049407369268,152.6555257701157,0
37.890905483677244,152.73319704477504,152.6586165916464,0
38.84298094571228,152.7372344671084,152.6624593247256,0
34.93383988263311,152.73940404381793,152.66462247131082,0
38.40628661790579,152.73804330888092,152.66637363821033,0
55.51935130322002,152.7368656795065,152.66798961725624,0
52.655797423534935,152.73429944414198,152.66856767189864,0
57.112655006899715,152.7290773201713,152.6702974570319,0
59.46545927798216,152.72236554424663,152.67035308640902,0
43.72727329071103,152.71073362625367,152.6701285325505,1
41.676837736490775,152.70159301769678,152.66801474814554,1
39.11206413807728,152.70029703408198,152.66696941597672,0
36.95289147144865,152.69743066173834,152.6658740844915,0
39.48308600786102,152.69421738348578,152.66628417047806,0
39.44792813027299,152.69444159834967,152.66801407270006,0
36.947648909245665,152.6924778064097,152.67004366194888,0
26.72168889628982,152.68712078142477,152.6712167077228,0
27.718302586735618,152.67881294913224,152.6723683585913,0
28.271043035932493,152.66919992970506,152.67220031826085,0
24.655413277672864,152.65908736300224,152.67095804196595,1
24.091906982122822,152.64630537212628,152.66927366165348,1
24.180549697843944,152.63514514730457,152.66904170601944,1
24.867609514772568,152.62275728904135,152.66960714500385,1
33.906030014206266,152.61216556009148,152.66880743246236,1
48.87497125414532,152.60721237705252,152.6703406016742,0
42.15499556087218,152.60128155791307,152.6700437365589,0
45.5184011485773,152.5959584789676,152.67022426799534,0
44.155916101959335,152.58837068564756,152.66993649535618,1
33.451013821124164,152.579461513649,152.6678938515368,1
33.952599892668516,152.5734196742523,152.66415082463828,1
38.80638911170165,152.56727343384898,152.66007125001047,1
42.49751116677468,152.56013204906222,152.656676275722,1
58.86311782590959,152.55904727040007,152.65548281315813,0
60.450432410295996,152.556887560823,152.6533241382689,1
58.915020029261086,152.55151581433614,152.64996739076219,0
56.2808040042319,152.54762991411445,152.64654898563754,0
58.16513618976285,152.54818138978044,152.64292570733977,0
57.972804582395355,152.549703676672,152.63804168161866,0
55.472376432813505,152.555273577234,152.6339838496968,0
44.937017183755785,152.5575001850769,152.62741865034963,0
35.5687644823073,152.55466838901862,152.62006246454285,0
35.606598567445744,152.54957856989648,152.61466366232614,0
43.171420845253465,152.54701896495345,152.6099126481385,0
40.21362186500285,152.54017748115012,152.60381667347838,0
34.178574447128995,152.5223143527615,152.5954435897901,0
34.99300178249513,152.5065405959301,152.587369235912,0
25.820518993770634,152.49068627624976,152.57957284088602,0
25.192860410904515,152.47350753626228,152.56974718553548,0
24.292974021805733,152.45601542178628,152.55894254495158,0
22.98305458760281,152.4376480518168,152.54793690981114,0
21.648553924045842,152.4206281335375,152.53612487394838,0
19.61955065197658,152.40135662008277,152.52394010584504,0
15.65374145568515,152.37783685708263,152.51172376914784,0
15.255774882680896,152.34944411059251,152.49734016497877,0
16.820473170885663,152.32005128468865,152.48277058108528,0
16.143777134869694,152.2882363389995,152.4670972494347,0
9.619169629028832,152.25493143776376,152.4511785047885,0
10.341622502721776,152.2197973733551,152.4343297028922,1
19.246726375846052,152.1835415806095,152.41845426424194,1
12.850286209258314,152.14860359030848,152.40256663597157,1
11.4778557897627,152.11922877063085,152.38711676571648,1
16.602732563814513,152.09225946522224,152.37144863478227,0
29.818224755366842,152.0670118569708,152.35774512623146,0
30.989011015484436,152.04424582923096,152.34382805177643,0
32.152538573631375,152.02909098756587,152.3293033454766,0
29.42278420110749,152.0085213913839,152.3137866699017,0
22.741596887965088,151.98194842775277,152.2975038994172,1
32.21770102909461,151.95978862560182,152.2821374561233,1
34.347011537511975,151.9398663514605,152.26720911365376,1
43.31294429361821,151.92484136922792,152.2542385123014,1
39.87335881506198,151.90643657000612,152.24017735310034,1
43.62691498336263,151.8906448454233,152.22613998509257,1
47.62056226093454,151.87798235852893,152.21381379694287,1
55.70584592434188,151.87278818991436,152.2015892169079,0
56.442401925206944,151.87017785892203,152.1879567738331,0
54.649208184372604,151.87015359939488,152.1746460660274,0
41.63314510039285,151.86713449393966,152.15964891077732,0
48.748617504846855,151.86842968871,152.14635330411716,0
45.485760293566095,151.86651506214886,152.13327568364193,0
53.96197659290789,151.86998591471593,152.12119313215703,0
57.65435612123747,151.86979237999003,152.1081243441729,1
49.31249186521978,151.8656412071419,152.0936522980141,1
54.57748065959968,151.86052744924484,152.07833719776937,1
49.01713584237541,151.85572066794893,152.06336129462682,0
59.79953675499084,151.85348500754293,152.05009102275932,0
57.78166820825761,151.8551813225862,152.03680723329038,0
43.126629232347,151.85812891116518,152.02148290797112,0
45.17348001645246,151.86118497109868,152.006729973894,0
42.06014021692959,151.86291014709315,151.99026374159743,1
44.89156774899739,151.86354287085246,151.97665558661163,1
50.61118388347437,151.86736057109403,151.9652542259305,1
39.24570908653697,151.86648022925456,151.9529006488358,1
42.00314135902693,151.86171727004665,151.93969311898013,1
49.0069882202991,151.86100035838194,151.92991836780064,1
56.872805796495115,151.86077651437319,151.92334163847775,1
62.271652653744106,151.86040210198217,151.91619066844828,1
61.09010615033924,151.86605752553592,151.90979741049176,1
63.68894131882274,151.86910483356414,151.9045922230379,0
59.20709174910179,151.87402166702432,151.90047818173713,1
53.7929986739233,151.87530078711353,151.89625422627572,1
65.38222341292699,151.88067364842476,151.89214255012783,1
65.901076310187,151.8910926951594,151.88954672804476,1
64.2532443024811,151.89633776311996,151.8857375601843,1
66.70515456104685,151.9056214515217,151.88583223099852,1
66.05238230707032,151.91138543931754,151.88662468461087,1
70.36805572011293,151.91530361440545,151.88763414345277,1
72.64726012912897,151.9256918979191,151.8897870920333,1
63.59338513052525,151.9333945383906,151.89216883990818,1
64.65015167467006,151.94417270649325,151.8945161919509,0
63.04374270440142,151.95269414101182,151.89829180689298,0
57.87527231111017,151.96102171906333,151.90197140530347,0
59.24595362609918,151.97398915435537,151.905592524489,0
59.624211387392755,151.9872459952067,151.9077867742745,0
54.05630644181033,151.9909501550705,151.90860009813645,0
47.309417051227605,151.9909754553345,151.9080954255852,0
46.77482199693256,151.99325006566664,151.91008213816136,0
50.14717761563622,151.99277264111532,151.91412709583682,0
39.17082848801109,151.99062131044082,151.91692529697352,0
34.27415376039433,151.98489675346573,151.9184903425392,0
33.64003333491577,151.97920114564624,151.91799813684304,0
21.812536067148145,151.96836967273276,151.91691579121846,0
22.17574660732636,151.95494735032145,151.915267730004,1
15.59192133636327,151.9420690817655,151.91137224947894,0
14.692679997515967,151.9237441014906,151.906214595629,1
14.682445499605393,151.9054732699543,151.9007428490238,1
13.717541811095757,151.89005449011754,151.89559449974183,1
25.348850912789658,151.8771246736141,151.89378316390304,1
26.30846563150604,151.86140788141185,151.8893601169889,1
35.21230902876188,151.8465976276047,151.88654921813324,1
35.42556711168535,151.83466803653573,151.88416465562088,1
33.74057399176955,151.82110119445431,151.8824949310892,1
36.087163782152544,151.80687140039714,151.88208460179115,1
38.71794759151163,151.7909364008485,151.879950354916,1
43.35216398530164,151.77997438995365,151.87830158693833,1
59.13895165227759,151.7750038930546,151.87670297978985,0
61.818721477727436,151.76929443733795,151.8757273840621,0
66.77428551333492,151.76504473318386,151.87689342464427,0
70.07002634593043,151.7610084885821,151.87685470396684,0
61.97742788257227,151.75668818847967,151.87600155909382,0
59.76835770296791,151.75435257945168,151.87432202028273,0
56.59398964673753,151.75936736101582,151.8737185071872,0
56.51365406266377,151.76113539722215,151.87312979719104,0
46.63401063009351,151.76186384877354,151.8714308809697,0
42.241370096383974,151.7650787719223,151.86784596104516,0
41.41590035710348,151.7662081421276,151.86291550012555,0
37.3821144081351,151.76470666504184,151.8573163249657,0
37.49845782620823,151.75747820816233,151.8503514369536,0
32.36599787812686,151.7505855340005,151.84195239716348,0
20.940532400434478,151.73884015267745,151.8324766123945,0
21.587440860379658,151.7264783074957,151.82463566377376,0
16.17665223539406,151.71291887197557,151.8153930205095,0
14.806951532687464,151.69526687510992,151.80375427377135,0
15.790300205886084,151.6772258338368,151.7923055832027,0
20.620310308698976,151.66042439085447,151.78022276267143,0
12.568680877743972,151.63973971595442,151.7680446904446,0
13.748211563019211,151.6166207192951,151.75625422601794,0
15.52211002904771,151.59244389294753,151.74359422265564,0
12.366318167650618,151.56528412643422,151.72961053918434,1
17.20407951578551,151.5426268484799,151.7153832158885,1
21.305285075404612,151.52131462567627,151.7017702141485,1
21.33437349425806,151.4963257428889,151.6878401167174,1
31.462148834437457,151.4770978571969,151.67437327832766,0
31.020701011117453,151.45771170102103,151.65961716329542,1
33.61361965365474,151.44059883384293,151.64770543255415,1
38.97638709457363,151.4260772930895,151.63695623522756,0
44.533178206711185,151.4125944220841,151.6250540675327,0
47.830342186548656,151.40002986666937,151.6132543271752,1
42.14311893243577,151.39032691724097,151.60183463988352,0
51.27521356832089,151.38560922439603,151.5927616007666,0
47.88297734203686,151.37684767794718,151.58369427669413,1
43.98992698151218,151.36932628023902,151.57577566351202,1
58.54603192664201,151.36778757728916,151.56889036455846,1
52.632818325375744,151.36632746770135,151.56200893757705,1
55.11230964931478,151.36524985393385,151.55682506364874,1
63.96259983914992,151.36847975107332,151.55324728289222,1
58.09911122901517,151.3718518343412,151.5489731637074,1
67.39240320469354,151.37667126722323,151.5434128600993,0
56.103214255639934,151.3828328092134,151.53818051030493,0
58.55600541065053,151.38958602457794,151.53257857467779,0
61.19243705667058,151.39592190780417,151.52627176265588,0
62.96255831557004,151.40426184095145,151.52110437531627,0
60.03924304181964,151.40885113684288,151.51516517290597,0
47.70802794672671,151.41222706935406,151.50813343069765,0
54.48048778400415,151.41418527450384,151.5013897863742,1
48.931666770305036,151.41110766800148,151.4913977452063,1
43.2539768220366,151.4080739532526,151.48056587389854,1
49.63739157370508,151.4072217736746,151.47012514337152,1
46.58453440238822,151.40704880235677,151.4602507653934,1
47.69679368762095,151.40852952280454,151.45349813449656,0
53.493645776532404,151.41478436750407,151.4478669919151,0
48.17191219755193,151.4212845593375,151.44054254284072,0
53.170156312502534,151.42549402651903,151.4346338162772,0
49.63009400039532,151.43094803697585,151.42964261285798,0
42.29792666089281,151.4307635234129,151.423098964245,0
36.9524546924721,151.4245835257529,151.41659743634233,0
37.20565620039881,151.41804343693747,151.41030787246564,0
36.12412326983212,151.40533478075116,151.40255548913484,0
33.772411349156286,151.39535490715653,151.39608825956736,0
39.57078510712846,151.38309548081423,151.3902807059325,0
35.07813125762941,151.36658924585169,151.38231613799826,1
32.01432652658825,151.34992460811543,151.37590666977223,1
35.00077563645897,151.336350245685,151.371598521136,1
24.012588265785055,151.32706386795002,151.36806864434294,1
14.97429321077891,151.3158995950826,151.36357986806547,1
21.346745294780874,151.31076176327207,151.35980656413335,1
26.44005965670857,151.30788731273358,151.35707251127394,1
28.748189421391942,151.30357390177622,151.35457714690298,1
31.0268583402665,151.29695404989823,151.35291873477897,1
36.44100066004282,151.28653689934487,151.35106215484257,1
46.537849572727474,151.27650317449846,151.34994241144398,1
54.798634899446775,151.26660135994516,151.34865278966322,1
63.92242813153514,151.26139918304656,151.34835434661707,0
62.226713261463225,151.25511132456492,151.34860246227555,0
74.19011865121819,151.25249079400612,151.34785574831028,0
67.53632757722261,151.25047903974223,151.34635813500344,0
65.67337607575988,151.2502469882279,151.34536889892314,0
53.56208213535822,151.25068201070735,151.34281634675006,1
52.409238188613564,151.24977065404977,151.33986575429088,0
44.51687200700203,151.2469475331263,151.3348160294246,1
41.573100977109725,151.24822499877808,151.3308670663306,1
45.2348196460399,151.25084129459808,151.32851267551584,0
51.97777392969087,151.25329964583244,151.32580334855328,0
41.37274328595398,151.24986445576883,151.32148343956993,1
44.98664351008841,151.25179517401912,151.31819799609957,0
48.19836010637283,151.25305431463912,151.3136363895597,0
36.114081524677324,151.2510089634813,151.30873536292998,0
38.59012342601766,151.2486225554868,151.3033576622084,0
39.33380726845479,151.24850657148858,151.29918823968907,0
39.35418494705319,151.2462506246934,151.29372799488877,0
39.22345619133853,151.24173101905933,151.28826605594602,0
43.38470730860556,151.23718763391895,151.2818231068502,0
43.96738614835704,151.22696567124237,151.27560016037688,0
45.72500551262598,151.21638114121998,151.27026409102191,1
39.36826743987058,151.2024760477742,151.26317205761842,1
34.51589248982732,151.19042785438745,151.2580862095578,1
34.13515780871343,151.17919931242653,151.25381904259274,1
47.356183010971975,151.1730912082272,151.24916412057107,1
38.73562299658229,151.17008054296647,151.24507845053478,0
38.97195521609041,151.17028205349675,151.2395170417015,0
40.284064214360946,151.1689688062099,151.23254084181292,0
45.42133466542027,151.16730415001098,151.22692051178524,0
37.601274531664714,151.1610961830421,151.22004421116253,1
36.663019281342784,151.15822545669207,151.21239440745643,1
31.93019126611476,151.14853904510068,151.20530820477467,1
40.70387280496054,151.14063009163536,151.20005501591268,1
47.20767089418826,151.13661947170115,151.19616577683544,1
52.52752546329296,151.1333572223112,151.19456663883244,1
64.46515110034957,151.13212605319364,151.1938966981039,1
58.9890341830968,151.13041344464682,151.19265518042178,1
58.11265807236487,151.12904240886755,151.19324732115237,1
55.410842917990394,151.12876517327555,151.19335933291424,1
55.52440345961823,151.13132540512592,151.19359022415324,1
53.53923068328596,151.13518017281152,151.19351061296652,1
54.30373364791455,151.1414089233966,151.19337578894402,0
52.94502192986003,151.14853397347343,151.19319509363837,0
64.77353095731212,151.1563201536595,151.1931921789631,0
66.38148110805525,151.16142316028328,151.1923038239739,0
73.48864892817846,151.16452883375007,151.19210836407552,0
60.8327088743245,151.1644986713822,151.1907017505164,0
41.8799165517168,151.16001409547343,151.18594521020293,0
40.15657612238678,151.1540798391789,151.18191190347875,0
37.146065293385114,151.15260333597558,151.17652587233414,0
42.86211583683081,151.1537621796989,151.17185474951003,0
32.71732604922718,151.1526882898757,151.1653872031225,0
32.00990102389689,151.14837237077577,151.1592123483261,1
21.109380953913018,151.13689666070871,151.15082564582778,1
29.56935616983921,151.1274171167996,151.14526068126932,0
28.06419052769155,151.11304796695066,151.13920762326427,1
31.610691530395428,151.10351511588735,151.1352822135262,0
31.932050956332276,151.09533407519604,151.1320909517196,0
31.43222219931789,151.0853971627648,151.12718168018094,0
29.306396608554948,151.0709748457985,151.12066030413965,0
32.995662654858535,151.05760707214196,151.11660765951575,0
37.05133296720553,151.04320098258734,151.1099381123713,0
36.589525678734084,151.02780010726138,151.10309341068728,0
32.34107970681134,151.00931888109844,151.09651614600998,0
27.242233693881374,150.98832377162086,151.08818431042752,0
26.741592946234704,150.96242359737866,151.07767517443153,1
28.48165260991118,150.93943627397735,151.06797601022998,1
32.041179368116744,150.92084187416356,151.05758955224465,1
23.142571630756464,150.90054323892747,151.04725414548216,1
29.655476082353076,150.8804374488,151.0379145833572,0
29.163681691366918,150.86239054265528,151.03025851008414,0
22.52906256277143,150.84814489306046,151.023654741237,0
23.705653487734324,150.83392391681957,151.01661077329896,1
30.134364621964693,150.8258565724829,151.00948854985032,0
24.25583948375875,150.81162080547944,151.0006725201702,0
27.817235628224566,150.80034828808283,150.9913147213108,0
30.777846957923686,150.78748093711675,150.9821617669742,0
36.335916936799116,150.77400926544993,150.97410713541555,0
35.84115470050419,150.75819933333696,150.96353975351133,1
41.19921522717387,150.74323389718626,150.95351538979733,1
36.47926376091031,150.7254912568556,150.94351397958116,1
39.15546207694921,150.70988556530898,150.93447672045465,1
44.26887744598289,150.69513387160993,150.9248949226771,1
48.417791359604344,150.68485696440547,150.91581114309167,1
40.029142877210155,150.67749149529143,150.9058380196196,1
39.155396750352516,150.67404530788252,150.89444287630707,1
46.65309605345874,150.67268475162024,150.88488453301935,0
45.65646461602883,150.67326391961038,150.87527815654175,0
57.75799598787661,150.6779590726607,150.8669317052362,0
58.013164554769226,150.68173442198872,150.8580781901023,0
50.14880044018446,150.68024058556344,150.8482826751849,1
41.84661751661204,150.67634979714157,150.837631090735,1
43.22145681828866,150.66972377643165,150.82508669448222,1
49.26858427152206,150.6634625343183,150.81234550211386,1
57.92247327758423,150.6629545209932,150.8012850644542,1
63.291734488117505,150.66612283190997,150.79195232057475,1
64.23868352714376,150.6699503231964,150.7843424276999,1
63.37368249127304,150.6748704686616,150.78004968469085,0
62.98109022299807,150.68285635597047,150.77505036022794,1
60.11315317781311,150.68994696609695,150.76845284184586,1
59.273197236004535,150.70094421160596,150.762386792344,1
59.618790076075065,150.71266069311338,150.7584656817497,1
56.05565193560673,150.72353427788616,150.75495968552127,1
56.38359814713084,150.73190231302215,150.75381340401705,1
62.776677182457796,150.74212022490298,150.75171926286095,1
73.41168234426937,150.7563680898796,150.7517709254787,1
85.65596488967512,150.77094993877836,150.75185846217576,1
85.5168566839418,150.7860939674901,150.75158211345936,1
85.09375428015315,150.8002879819446,150.75288803290815,1
83.16710724746501,150.81499379135576,150.7556857683252,0
77.87193643185857,150.8312710512357,150.7577482668224,0
76.93128638544313,150.85227574704913,150.7612609965197,0
70.85932174490388,150.87362632599223,150.76341718197457,0
81.85879572232443,150.8958689463364,150.76696552820903,0
71.15709009168944,150.91271969641866,150.77104343437333,0
70.79447753734027,150.92603713278814,150.77739773473854,0
65.1646959155841,150.9355336283931,150.78278136946616,0
65.6754091570937,150.9436528831065,150.789174088268,0
64.47215070060173,150.95300752983078,150.79603607658927,0
51.42670786294807,150.96136649324418,150.80082445962356,1
47.38343489121115,150.96875531593372,150.8049327016554,0
42.06633553788857,150.97389085780512,150.80876406764756,0
42.257719082715944,150.9807783536024,150.8137014602344,0
39.31228614076981,150.9867924267583,150.81818774572722,0
43.529771096163415,150.9929706726884,150.82425920974455,1
35.24561702726636,150.99407499366413,150.8292616077112,1
38.27245428662135,150.9909131116989,150.8332313320086,1
28.871846987749763,150.98548056778782,150.83617063439456,1
40.16216772605081,150.98007132098988,150.8416368279693,0
48.62173353178492,150.97729575117367,150.84931050992017,0
48.82039247330704,150.9737415299525,150.85704837606113,0
51.41531045654936,150.9709119857768,150.86567156470682,0
42.6035356086762,150.96632859013,150.8718950693826,0
44.02058432770288,150.95665472449932,150.8756846322466,0
38.804084349125105,150.94751763168355,150.87905388893017,0
36.56040978620394,150.9346739892509,150.88164920728593,0
28.480476095066706,150.92016432591663,150.88177319918475,1
30.509876381219158,150.90533488220063,150.88200247330414,1
28.13242451745691,150.89009837595367,150.88089179790646,1
32.079275629383005,150.87933083063913,150.8798630230837,1
36.83434954875585,150.8691719049518,150.88050522941072,1
39.30269339604627,150.86092203534716,150.8825929629298,0
38.40117978673409,150.8521647190889,150.8866778372973,0
29.435024976110782,150.84324713450525,150.89010158580197,0
28.518122557519632,150.8307498886372,150.89137735680214,0
28.396621028944168,150.8228129740802,150.89193766457927,0
32.633278790308154,150.8148779603442,150.89120238686775,0
33.45216014527253,150.8058657365292,150.88856874154158,0
36.18302129298913,150.79451206452507,150.88629911139114,0
37.928171343423095,150.7772968627109,150.88425046856574,0
43.48020006575153,150.7609619109496,150.8810554557986,1
42.98616130911038,150.74296550127102,150.87779348796988,1
46.602872326878824,150.73066956872168,150.87474918571678,1
39.343155559529514,150.7190476251061,150.87054275708016,1
32.028969572762705,150.70849316744054,150.8656030659452,1
38.02751792501909,150.70342533131344,150.86047210385942,1
36.91299271809901,150.7030596301241,150.85461707572304,1
49.04786327083771,150.7064518912478,150.8501456428072,1
59.81751311106032,150.7129975181853,150.84597561240273,0
60.13392650453508,150.7212747755663,150.8423754167679,0
56.085886604510144,150.72485056441226,150.83793703468135,1
63.434485116719515,150.72955396085666,150.8335042484528,1
64.11757569878299,150.73264960894238,150.83028715047735,1
66.1808500868816,150.73465590478958,150.82561636918325,1
69.21515471187888,150.73972652657233,150.8221800888636,1
70.81644397960414,150.74454392135632,150.81934038000657,0
71.19753261366465,150.75182709381596,150.81771977303688,0
71.30716940461765,150.7592374810255,150.81480258070917,0
75.9931442379865,150.76873032628825,150.8125882299741,0
69.55197353920437,150.77884335622858,150.8112412137595,0
68.7961199159736,150.79039002725335,150.80970934032644,1
59.763106929367794,150.8004727599362,150.80842624882231,0
52.64968058774043,150.80927300621414,150.80614704676148,0
50.44924918763433,150.82183613386445,150.80456023992264,0
52.701349087118594,150.83314729811016,150.8016737161139,1
58.93418482428688,150.84643335327664,150.80141544770441,0
49.22743121313909,150.8544759852237,150.80004222513296,1
49.01447613950351,150.85647492014908,150.79854338375168,1
49.952715685787645,150.856641936679,150.7966038586784,1
48.25249372415403,150.85554175186712,150.79367381704532,1
45.24278281141644,150.8573545607773,150.79138224701128,1
49.19430336574731,150.85730927043525,150.7880631623162,1
47.33475306441903,150.85831317666634,150.78708098509188,1
49.5561734357142,150.86004080281114,150.786970800508,1
55.58854103189811,150.8645415587595,150.788989659694,1
60.80788353740999,150.868803873751,150.7929923338066,0
65.11766440000056,150.8739093386772,150.79921777814113,0
57.132311806226724,150.87881491307786,150.80419459306006,0
62.47631043718808,150.8818604661115,150.80929306603727,0
51.836659261365455,150.88566866375407,150.81377634700547,0
57.24779086206289,150.8867101030782,150.81672461957703,1
63.7979464453365,150.8892532476625,150.81975873374847,0
57.635292786351485,150.89107470890062,150.82171104268616,1
58.02203200415965,150.89264567725203,150.82431965702136,1
51.61431021360639,150.89414827057982,150.82703306889096,1
59.86364941662548,150.895139676301,150.83034612859277,1
53.44541278731284,150.89822346655512,150.83338042761733,1
55.5117120690906,150.90315584331714,150.83745942646686,1
52.91942748534776,150.90904341290815,150.84241639803165,1
45.978497948808936,150.9123169301701,150.84768184402898,1
45.86763359893612,150.917747904904,150.85409664459306,0
44.69603852498925,150.92052586898552,150.85908730940199,1
51.88852054866067,150.92566250917014,150.8650781612713,0
53.31935173611168,150.9313540901444,150.8718933865233,0
55.30821756083231,150.93254192155584,150.8786091613401,0
52.31452155466942,150.93115201105525,150.88408300570336,0
58.28320441111116,150.92961702081578,150.8898407344178,0
52.75325887337467,150.92894664507338,150.89319249459032,0
54.32151226815033,150.92675958078576,150.89479789107745,1
44.57147602157175,150.92475136525968,150.89516698288284,1
43.26594232403182,150.9223560135852,150.89572679924618,1
51.398319275072225,150.9232658341409,150.89724348306217,0
45.22064353805573,150.9241104342234,150.8982953727986,1
51.590403974198495,150.92535415028294,150.90059895521867,0
48.64240360013857,150.92949435094573,150.90294019864032,1
49.79636486360936,150.9275145154586,150.90353436623366,1
41.54231610432929,150.92755035881615,150.9036697336174,1
46.2112197856806,150.9288646250328,150.90531028406977,1
48.25517136314372,150.92795992786694,150.90610823866314,1
55.78027284701077,150.93104881735084,150.90856402847788,0
56.69148274114034,150.93452145582697,150.91174921602249,0
63.52853431552622,150.94285901869478,150.91604181290543,0
65.29842478481366,150.9468673267418,150.92011588948233,0
60.30883377609638,150.9483973120483,150.92251785779683,0
63.48634628810673,150.94988812594542,150.92530549247422,0
56.939471581271924,150.95250073357553,150.9265099578229,0
63.110557875217424,150.95451792350138,150.92985750972886,0
46.9432119937463,150.95294122838627,150.9317790178852,1
45.81337369257543,150.95304261539886,150.93335816256538,1
51.55452145114428,150.95400332553209,150.9345516123488,1
50.099184757017554,150.95699931149943,150.93558469953504,1
52.59913045658995,150.95879833834016,150.9378391102241,1
55.48514590130203,150.96283467397672,150.94010397172275,1
55.98462081276595,150.9679562071546,150.94376511695606,1
50.08277272497486,150.97211420003822,150.94596925515177,1
50.17850146308213,150.98062519548176,150.94826289492596,1
59.80727791971778,150.9928558158291,150.95124832447817,1
70.3855375160411,151.00628608013218,150.9562987508915,0
67.46745579821763,151.01766587770953,150.96043040330233,0
65.44612546766707,151.02576888191734,150.9646041157432,1
61.81911233570294,151.03077552265404,150.9693753838528,0
77.49841100853531,151.03480931441203,150.97426423960525,0
79.04088056817027,151.0414409815239,150.98026239853164,0
72.7697287029824,151.04861676005038,150.98490629091617,0
74.79055039220586,151.05733601450447,150.9905805900441,0
58.99958951015837,151.0610325775004,150.99286711830268,1
62.30778233561567,151.06676092384055,150.99727249264302,0
55.448373125300925,151.07624516688563,151.00101474731258,0
56.68522075480796,151.08587439179638,151.00409055412064,0
51.428960022210504,151.094443951474,151.0074024208704,0
49.18236350928086,151.10623949168377,151.01098133424694,0
32.13599985279414,151.10868140468054,151.01310132450214,1
35.27369652296791,151.11013053604682,151.01389118247343,1
35.75382980028566,151.10837216397348,151.0145723464877,1
35.401980402926526,151.10607560262503,151.01538272757946,1
41.936857918508935,151.1055654537629,151.01802827200902,1
35.73076106322584,151.09933877770976,151.01913702723576,1
42.17355135999844,151.09188621129596,151.02147457738053,1
43.49269429495882,151.087717606869,151.02481361373563,1
56.888126876440104,151.08698345130196,151.0294969501601,0
47.87285060920888,151.0855194609016,151.0346407627794,0
46.940919335758544,151.081285159594,151.03747196978648,0
51.40384539083526,151.07797866186414,151.04180968958792,0
54.33521695984136,151.0775385003589,151.0457800309466,0
43.75487433364702,151.07344288192843,151.04816000243716,0
53.25551582122408,151.07270355958434,151.050942735953,0
54.984744099095366,151.06957173513084,151.0540810431689,0
58.7095013537591,151.06949982619287,151.05726882777662,0
57.59631676650977,151.06776199900315,151.06001138257514,0
39.20301754312112,151.06012511679697,151.05903294064882,0
44.42968874270905,151.05107520633962,151.05760283445198,0
37.06802537567571,151.0456927032074,151.05423479830716,0
30.52596052970783,151.0357828422453,151.04945738867482,0
19.923799162072825,151.01970813866063,151.04309667713264,1
24.655940591187445,151.00650093178965,151.03802784991717,1
26.395727106699113,150.98967397228014,151.03289756749086,1
20.648964620328172,150.97434722304038,151.02706874705135,1
25.4024520295077,150.96041277805054,151.02446319724623,0
31.13489276808609,150.94711263770813,151.02244162265933,0
39.03146494689702,150.93461036921116,151.02173976763174,0
34.50748498682522,150.92046903486596,151.02002865212597,0
31.089515352123897,150.90791064580168,151.0171168927711,0
29.41395372102366,150.88921159288424,151.01236045715095,1
34.80217048994831,150.8690297207011,151.00620943636517,1
31.830962117528316,150.85178740043776,151.00002928259698,1
37.73878479619664,150.83718385471693,150.99356619964703,1
44.41339692684142,150.82180788606667,150.98566187126391,1
61.07374451769867,150.80594322235441,150.97713168466552,1
60.6237142278571,150.79320900920112,150.97022863517176,1
67.53825861141243,150.791952088451,150.9655062232623,0
67.01597136730217,150.78879679161142,150.96081134203496,0
57.28239350327811,150.78627461925507,150.95482092024437,1
55.73486924298304,150.78887428897372,150.94843071165477,0
44.0844923364008,150.79606317779056,150.94207524422873,1
58.41370422194487,150.80476559689987,150.93699968287532,0
57.0053126337846,150.81253621242422,150.93349902146036,0
63.466542995530006,150.81953707333497,150.92817920684914,1
61.85069063845546,150.82233059424405,150.92289736818964,1
66.13702152073333,150.82530816173616,150.91821513063528,1
62.810434922122646,150.824271587548,150.91367082206133,1
58.65508899631248,150.82493453220096,150.90750666833284,0
62.52112404125581,150.82944440520993,150.90542209298286,0
55.45193867587464,150.83567302680618,150.90257745345468,0
45.169413141250175,150.84250078817615,150.89986088604624,0
50.42393783484438,150.85136699777357,150.8981458406564,0
47.01477698454602,150.85512478723624,150.8933899330364,0
48.20251936791042,150.8598661581114,150.88987282342458,1
47.06395165596079,150.86081066254172,150.88470146516383,1
43.58596969961803,150.8620253809532,150.87995174480545,1
40.82377163632113,150.8561859231184,150.87318721198886,1
46.733040640123136,150.85262729361816,150.86765447512158,1
53.783969312271154,150.85370053485843,150.86378707035016,1
54.35371360287192,150.85616670658754,150.85970592954413,1
56.06538444598433,150.86101712383436,150.85546669361887,0
58.09999775296746,150.86199035216697,150.85241867097074,0
47.98913984892324,150.8622998564941,150.84933754022427,0
58.850895791155274,150.86721945944834,150.84723829657614,0
55.140339575786825,150.87162178387794,150.84374615126364,0
47.86170384193803,150.8720510871303,150.83993076588612,0
58.19542343887828,150.87434334730574,150.83935811426485,0
52.281272055554,150.87628558302373,150.8375908190065,0
52.77405111543112,150.8723093070102,150.83606873450398,0
42.983067231884384,150.86700548893043,150.83506651212872,1
44.813736548415626,150.8605291921005,150.83618930742216,1
40.879448995503324,150.85238952218333,150.83650127681386,1
35.670235394262505,150.84849113221895,150.8369167970119,1
36.250278885642,150.8456575466907,150.8383969528847,1
37.97804578798107,150.84640285604834,150.83909749636297,1
38.13039818716395,150.84485501978614,150.83904869763668,1
39.61229294958371,150.84503659773256,150.83735770339743,1
32.99546985883461,150.84480507927503,150.83738889288523,0
44.58531320723847,150.8449508285601,150.83860314345353,0
50.89611690842074,150.84343266394546,150.84139435796862,0
44.03369674731954,150.84028388288252,150.84396835849145,0
43.00856943674968,150.8354122645924,150.8458686166326,1
40.627726409442936,150.82857666463093,150.8458946641899,1
52.66359506911479,150.819917664558,150.84648220797268,1
59.05835786558636,150.81414973243352,150.8470287552953,1
62.31878392722577,150.81203538361814,150.8474613156529,1
60.32952779317465,150.80812396582357,150.84582686521387,1
62.3211031867098,150.809198232062,150.84575139518674,1
56.79072579859047,150.81132657787458,150.8460895179518,1
62.10417808835293,150.8188823885301,150.8470697519513,1
63.129784991602186,150.82744248852194,150.84874103171472,1
57.26037032592432,150.8348126294512,150.8485200898344,1
54.05656197375457,150.84297427904522,150.84909202366032,1
55.44912957212008,150.84991184705615,150.85054686237316,1
59.98658476659138,150.85646575948454,150.85275156245913,1
67.52731445942976,150.86363548666122,150.85437962760668,1
81.24869486065008,150.87116773871938,150.85611616386598,1
84.98892062174556,150.88295567880465,150.8605973515267,1
85.97548640006079,150.8945479419712,150.86464455815803,1
86.19458709334187,150.90749289935644,150.87012230698872,1
87.54071054130137,150.92175301227007,150.87566924812901,1
86.98938535785254,150.94054336652744,150.88153916413413,0
92.40613090604346,150.96377729419328,150.8893556669727,0
91.53429325402406,150.98556388795058,150.89676129990835,0
88.62683195330875,151.0053546016421,150.90484633093544,0
94.59518277508143,151.0236556107093,150.91211340755535,0
65.44081620047976,151.0350605798679,150.91737672791368,1
64.76791524848865,151.04375899218047,150.92220407461164,0
60.49061276434922,151.052446268445,150.92558781138644,0
65.5323746984134,151.0625807212101,150.9296353578003,0
65.79856610378093,151.07284672411149,150.9334728718256,0
50.7550230065076,151.08179510017533,150.93644198903775,1
44.34523267513738,151.08928927902497,150.93988779267266,0
35.52125060000199,151.09348607117303,150.94105350706303,1
37.81075129657401,151.09794709393103,150.9432816864804,0
33.0983754145211,151.10288326244503,150.9467124977326,0
36.06737669891674,151.1100757415311,150.9504091215561,0
33.235543849461635,151.11006626764777,150.9541096253763,1
34.425363561883756,151.10745003798246,150.95870085054693,1
30.641741758542196,151.1001029227985,150.96336128053596,1
46.476672930872006,151.09409134506555,150.96909410931505,1
48.20985078334882,151.08697152967926,150.9753719671325,1
53.37804241019796,151.0798003234458,150.98187934346345,1
44.02705138160049,151.0725733469214,150.9875276200006,1
46.684747661977354,151.06697487982257,150.99307514044511,0
62.81871202517668,151.06519685683537,151.00025014237505,0
61.17208017962378,151.06995954627263,151.00734590732972,0
69.7647640314688,151.07455938450556,151.01410579670383,0
59.39006554491214,151.0778037723491,151.01872898890204,0
52.54750860583754,151.07547107216138,151.02245072108667,1
47.691127509439916,151.07331617632568,151.02668578920284,0
58.644326692916636,151.07635794227104,151.0328202601092,0
56.80514542465305,151.07893180239165,151.04002984777694,0
65.01386685336531,151.08334098229636,151.0464228341584,0
58.229749648893765,151.0857555613611,151.0519240180514,0
51.21870880999445,151.0862991674742,151.056418011275,1
49.8825132285055,151.085340663207,151.0612958005095,0
41.41352360591519,151.08278222618577,151.06354322302582,1
46.647037618443846,151.0830487070462,151.06738970221556,1
33.318200492237864,151.08489984681665,151.06976826385053,1
39.59018670419761,151.086797621745,151.07283616260426,0
33.90737546603309,151.08464260779124,151.0753039584685,1
42.09073173569692,151.08287928627763,151.0778413463564,0
49.86517698181945,151.08263478697225,151.0806167959671,0
51.302174374277804,151.08232097464114,151.08341722650775,0
40.699265900579135,151.0761169161034,151.08524271415192,1
43.254012313644466,151.07112467410326,151.08732868148326,1
39.470203391229354,151.06313800675278,151.0861787278831,1
40.04113219585696,151.05704111100525,151.08372625651563,1
47.48674597699876,151.05524377062247,151.08155106959308,1
49.74522497223682,151.05502992599727,151.0799965546937,0
57.1334854918389,151.05234843626377,151.07754228800374,0
45.93670402499462,151.04803923276557,151.07373462320587,0
52.57793744873557,151.04572741205283,151.07048824379928,0
48.93904355547607,151.04438166627696,151.06753484390535,0
43.90495777603877,151.03899206576187,151.06255259329603,0
44.52193832842508,151.03470635702465,151.0611541113722,0
40.555570752355514,151.03375792076298,151.05954279445882,0
45.19097720404996,151.03263129452552,151.05946371264776,0
44.76206025429578,151.03053128517976,151.0569484894384,0
33.22864043905986,151.01960427894323,151.05153918453695,1
37.82170944614652,151.01218602409608,151.0474603280368,1
40.008891878972335,151.00391242245007,151.04369060372642,1
30.2933233092933,150.99029116106828,151.03933883192516,1
23.981754381686372,150.9735862543385,151.03367289067074,1
36.80116452607891,150.96536755806142,151.03023643239848,0
38.385426191820464,150.9558918513397,151.0256551254067,0
38.71869428646876,150.9507505130194,151.02245242603175,0
37.0988385999729,150.94470907343765,151.01862987069774,0
37.63673265946496,150.93160699385334,151.014152698015,0
34.05925834365172,150.91631472402864,151.00888590627895,0
33.535534878858826,150.9003874188773,151.00290864368296,0
27.258584801534127,150.8857645762761,150.99612032433797,0
29.18430868830032,150.86941988164102,150.98922685768713,0
39.33016939402777,150.85362878800703,150.98219640717915,0
37.22697887127704,150.84275392124815,150.97357541906115,0
31.704554369889152,150.827249375454,150.96407004304473,0
39.87276521987897,150.81289864289573,150.9548784978149,0
36.540005348342284,150.7914188975254,150.94490976271828,0
13.606780435087813,150.7677895339365,150.93387587414847,0
19.60639081740962,150.75302061044826,150.923420958186,0
17.974986391007917,150.73876525304215,150.91242325234526,0
18.991350396314076,150.72372045738325,150.9016060657231,0
20.34274034554805,150.70934976539337,150.88974234516397,0
19.287601638112704,150.69559402555356,150.8776082763477,0
19.29386727770475,150.67501236522668,150.86572171149945,0
17.298393964376444,150.65152128889304,150.8521273756811,1
16.412306447153682,150.62470893179926,150.83922310827714,1
18.988263767567048,150.6008405617253,150.82574661256936,1
27.546415091466983,150.58492150269035,150.8141613603645,0
29.341254673065748,150.56844096515366,150.8015432436424,0
30.7770465809041,150.55426827878142,150.79075891207904,0
30.866114065841032,150.5366809286616,150.77764098129157,1
40.069279104765236,150.5208404701442,150.76450913095587,0
33.63738461748872,150.50258886382454,150.7503035628525,1
32.50166746934259,150.48536997187108,150.73727664136823,1
31.981655844435764,150.47044959612185,150.7238000118522,1
43.36384580754785,150.45740930336754,150.71258701646082,0
42.762365908599506,150.44680127365032,150.7008138277763,0
46.582582127091534,150.44223990010832,150.6886743259428,0
52.14318774553084,150.43537878806336,150.67556050301243,0
55.040408422538576,150.42701543808087,150.66229005307207,0
51.088588779662416,150.4183669387704,150.64973714812498,0
39.063986304613636,150.41096192474237,150.6358361502398,1
40.82512685907604,150.40512314265726,150.62190486689985,1
35.12146348497001,150.39973610063097,150.61001932544707,1
47.629777913009185,150.39849418679574,150.59764250758954,1
42.653952298558174,150.39910986215145,150.58536388483256,1
55.89538444938945,150.40005428623266,150.57271580925223,1
59.97616289488865,150.3998620898505,150.5618936822328,0
53.52380124051883,150.39824580228387,150.55299985297867,0
50.53114753905088,150.39688252606462,150.54463751286644,0
48.37948734448303,150.39716146344477,150.53494059768946,0
48.09748820022804,150.39727891989554,150.52730423448682,0
54.079622500573095,150.40060840120782,150.52111242160024,0
43.971408068506,150.39893268737157,150.51070269309227,0
45.40260284661489,150.39802554571685,150.50065348960305,0
47.3246919577534,150.3930828173281,150.4895199381843,0
43.67647684185032,150.3884021680818,150.47829106563395,1
50.87668186455536,150.38535173161858,150.4701722210489,0
46.90530287386866,150.38145773017632,150.4616177054715,1
43.40346823733292,150.37610269582734,150.4525761638521,1
39.80297829362566,150.37133309966669,150.44396455748122,1
38.51153492548519,150.37001693797856,150.43607497277483,0
41.94235093270644,150.36841316253074,150.42781861670932,0
43.58468990086239,150.36958121157375,150.42075024157734,0
51.87740218701936,150.37140297885736,150.4153039489509,0
39.52715206987512,150.3681215583123,150.40745305099918,0
34.38046360633054,150.36184634760588,150.4008867892844,1
39.02315758201337,150.35222088866834,150.39566622412553,1
41.290015106927854,150.34604652857368,150.39021022022885,1
34.19761491011036,150.33199746007423,150.3819303956793,1
47.70411914719649,150.32636861838301,150.37599986208934,1
44.52994577881705,150.32061066086254,150.37180859267448,1
47.403306134517564,150.31378995863992,150.36839079483482,1
54.9044118287616,150.31394557929204,150.36627597871845,1
61.443328100987024,150.31917920019998,150.36771665412584,1
61.896442705850255,150.3274349016442,150.3706103261223,0
64.59812374545692,150.33954379773314,150.37377236003712,0
62.24911969027001,150.34890161354852,150.37576426539218,0
60.35179356464866,150.35941404893842,150.3780069389854,0
67.9515464467153,150.37067031616166,150.3791369788042,0
66.48704118804245,150.37989090095556,150.3812485463988,0
65.88589369507466,150.38601498327816,150.38214477802842,0
58.77155613062985,150.3894110931276,150.38254750843055,0
70.97505132652009,150.39000551466341,150.3826044586943,0
54.005716190821346,150.38560266018538,150.3813651745763,1
52.59242723154602,150.38654286851357,150.3791064770576,1
51.77361476423408,150.38859479345447,150.37760419720607,1
46.742013932696686,150.39224445936355,150.37566804782762,1
28.297534552783787,150.39363635033067,150.37351324513577,1
43.65522315215512,150.40788299555865,150.3742774186704,0
45.819202284704716,150.4194560156503,150.3764354928413,0
40.393100366041615,150.427022787275,150.37823293768753,0
42.03914230899076,150.43477945554022,150.380253319988,0
41.57850655130623,150.43849961275507,150.38178138356807,0
40.939960922109066,150.43464323990662,150.38217627537014,1
38.867133803597376,150.4257990119035,150.38128598602307,1
45.46209037689904,150.41578714708626,150.38006550437854,1
43.27340077836698,150.4039436593527,150.37739689319307,1
54.05091048224356,150.3946022843675,150.37654953181885,1
56.965520253855836,150.38857697800916,150.375814759582,1
61.33912769034207,150.38751698024348,150.3773907531183,0
57.395165357916184,150.38608404142718,150.37766682664105,1
60.82142982341005,150.3887711887956,150.37781262346564,1
52.98088758000363,150.39305691682728,150.38025415047656,1
45.111304282851265,150.40007187554295,150.38218370650677,1
47.07862583579692,150.40491478253747,150.38383926314137,1
53.038818434777106,150.41347209155043,150.38763216659353,0
56.66387742083924,150.4222116467773,150.3904120138911,0
64.08091728133392,150.43356436880427,150.39435590058693,0
67.10568431169264,150.43612079255985,150.3982846573634,0
58.92286342324829,150.4328552831279,150.4010443662258,0
59.48788597239968,150.43111400528417,150.40267176460978,0
55.169982028618264,150.4285673666511,150.40431500163612,0
45.6587770167827,150.42499216392497,150.40394576450856,0
37.74364204480905,150.42368358410513,150.40308851746929,0
34.69174978867841,150.4215900232203,150.40267337198625,0
28.322292008884546,150.4159973131093,150.40172589057994,0
28.56660787133808,150.41345316152513,150.40188980233575,0
33.65326945678706,150.41008755011518,150.40216594043545,0
34.843446714397786,150.40359684412434,150.40445451320204,0
21.034307306393586,150.3917120431763,150.4035281230356,0
17.42529163901844,150.3794360037494,150.40119696379577,0
11.905175363495346,150.36524643492905,150.3983952139813,1
18.226566575554088,150.3510813533846,150.39510846011356,0
27.814931856188934,150.3400780518743,150.39054324717645,0
28.01659160299222,150.32969744681787,150.3847442812108,0
25.440830004622157,150.31308574619737,150.3770489459792,1
29.96852973798798,150.29656379919516,150.36947688814976,1
27.793977941788157,150.27675109582918,150.36129071934326,1
31.03866725113889,150.2576273683019,150.3530674782195,1
43.35345581543142,150.24424033188114,150.34678413859604,1
44.20292213755193,150.23400161064026,150.3418664155546,0
41.70185228448788,150.2243986555382,150.3383100266004,1
38.31508126339028,150.2143309281749,150.33367592991314,1
43.506440095246546,150.20476157168918,150.33075208207077,1
53.91637526102345,150.2013936160419,150.3286136709976,1
53.90322895425622,150.19970378088448,150.3261694855519,1
56.92907822428768,150.19954657849212,150.3248106499872,1
58.34160744643868,150.20094264500662,150.32508845830586,1
66.33520346723725,150.20697442839406,150.32409108633624,1
73.91181748636821,150.2159886630856,150.32214118200974,1
74.62173173574361,150.22864307744877,150.3218450798653,1
82.49453369065556,150.24533015856937,150.32261549519296,0
86.60649915260366,150.2615753866695,150.32433876967934,0
81.27089733761774,150.27459746105276,150.32652493563495,0
76.58519140879295,150.28772591323747,150.3295150417444,0
76.75484000186609,150.30399145331927,150.33233066847242,0
76.61127411833999,150.31674103249958,150.3345958374085,1
75.18014885520017,150.33102224092255,150.3358587019653,1
75.25955928128798,150.34894508564122,150.33721472127232,1
64.72107872871727,150.3589389836127,150.3353529399437,1
65.21704267532766,150.37053146403449,150.3356453845975,1
64.7646355973462,150.38430121492755,150.33652203705316,1
57.26345781848735,150.39989859345278,150.33641260056334,1
58.11103651885703,150.41624638637074,150.33722188640186,1
55.971211837045246,150.4302072128603,150.33873064312672,1
55.252158869058036,150.4477915601747,150.3398972730016,1
57.28671856118235,150.4645507206715,150.34174627954488,0
53.22409974744135,150.4752335232125,150.34175612006914,1
57.22902933959384,150.48349015858307,150.34303883274552,1
55.51078171273231,150.49059377843483,150.3452365801325,1
62.01315546178476,150.49655910624185,150.34802312024837,0
59.030544372808855,150.4976883275348,150.35026387954645,1
61.11648170381659,150.50175552480866,150.35504411403284,0
76.05450858695136,150.50930420191227,150.36077318275778,0
67.50123169272658,150.51619388627344,150.36735658696566,1
56.085132848696745,150.51953052392597,150.3737439527991,1
56.46148534166577,150.52490887898668,150.37917812439312,1
56.027603820316266,150.53159167578684,150.38446035223393,1
56.96332760452221,150.53634236798007,150.39031293081462,1
57.05478566917779,150.54886802404008,150.39821533228923,1
56.301561357610765,150.55971662739358,150.4077576340552,1
67.80170028440428,150.5702234522717,150.4185128439902,0
66.98739236555332,150.58250698777812,150.42898285432074,0
60.06556474870567,150.59042370720192,150.43736014853295,1
58.764173791527604,150.59789108809213,150.44600809963643,1
66.0280482794831,150.60497716881827,150.45665384204997,0
59.8813739984189,150.60972727497398,150.4670116698564,0
57.65578346252457,150.61877667953505,150.47856635355149,0
60.278064785378454,150.6257793562259,150.4902996279151,0
62.32611341435939,150.6309188721396,150.49990799623586,0
64.20647919875688,150.6355925987569,150.50865951549503,0
63.683245588933424,150.64260898819492,150.51754801260913,0
58.06042842097478,150.6441956799934,150.52699001476023,1
49.7409161300286,150.6428999219333,150.53602852285545,1
39.08438166208177,150.6411533945814,150.54326049838147,1
40.18449797443547,150.6449498964435,150.55184239902272,1
36.368378497668964,150.64895203824892,150.55894030829583,0
53.61858898569718,150.65525584408599,150.56618563186566,0
62.081228902202604,150.66447328860409,150.57331247489864,0
56.84732994525597,150.67067672368688,150.5800905565297,0
51.178261138731855,150.67281525595288,150.58542650545684,0
39.43514095310007,150.66804857433334,150.58760021029582,0
35.75101899209406,150.6592182063438,150.58803998219048,0
34.785031894162216,150.65042642294202,150.58769173328864,0
41.53950363791684,150.64518898864418,150.5889933297991,0
40.71692344520898,150.6378172413236,150.5901841572517,0
44.41182865669964,150.63144181504464,150.59289198287445,0
38.71425679320206,150.61891604245668,150.59372387416514,1
38.08073312293921,150.60440755372605,150.59248461514903,1
37.14820580351387,150.59422825843632,150.59402370616533,1
39.018624474091745,150.58497489888907,150.59443688943685,1
32.359687948582106,150.5746909170224,150.59370389344707,1
27.413520962102425,150.56716347348885,150.59389596677465,1
35.605238513181035,150.56386188026968,150.59507472041503,1
37.61439707263516,150.56218337363362,150.59605096269078,1
44.54287397933,150.55813306249792,150.595978999952,1
51.685331130045284,150.55518297297323,150.59519320921652,1
67.6393853247881,150.55435422852185,150.5978339139894,0
52.60906751495857,150.54532632883723,150.5980469430003,1
54.68026669461731,150.53802495680182,150.59906302787655,1
52.79720429447326,150.5327442268883,150.59990055371543,1
65.8156268172529,150.53345768745538,150.60190795426402,1
69.1907376638184,150.53601084582596,150.6017421105974,1
66.02015986445872,150.54155504884483,150.6005920720617,1
67.44928092090896,150.54559428167983,150.6007534879617,1
75.96476053595754,150.55640836814058,150.60493529493752,0
76.40636215823336,150.56817015095544,150.61019649166195,0
68.15043321926433,150.5830269387051,150.61429797933246,0
67.06280506518401,150.5996287710455,150.61779917637523,0
64.56867044939557,150.6132037867297,150.6197580112412,0
56.22561492984989,150.6220730486928,150.61937945795654,1
46.48738038162259,150.6305286999358,150.6178259925127,1
58.6035919957233,150.63936540496235,150.61663933364835,0
49.93947194389717,150.64162976257867,150.61555714256573,1
54.48208363098702,150.64676220815937,150.61559941071772,1
54.20039532640778,150.6528403220619,150.61512426124946,1
53.87438365942882,150.65682426447293,150.6140320050161,1
53.48793902996488,150.65508421571073,150.6123569284597,1
56.480184846263775,150.6616994176332,150.61241496756324,1
47.404728761068064,150.66842976154186,150.61406738363746,0
43.440180581491944,150.67543930293036,150.61583923538484,0
46.09392859129715,150.68063102983905,150.61711677092168,0
48.546541084752256,150.68748104248965,150.6190562555959,0
48.25496687897772,150.6932846804312,150.62074597546084,1
46.76773770439816,150.69272468130276,150.62138200265022,1
57.348614344845274,150.68974332026113,150.6228526644646,0
55.14110561518352,150.68528553322741,150.62472988965337,0
63.712957589802635,150.68364595487273,150.62565402364717,0
59.22089127537538,150.68283369115954,150.6251433373974,0
52.568942653416094,150.68138475217376,150.62404122263595,0
55.77524766217343,150.68357410934507,150.62368299931344,0
47.992052214771874,150.6828951125582,150.62376460780263,1
51.16501523369428,150.68570630186673,150.62723457185754,0
42.64866920104248,150.68860617929994,150.63082904510887,0
39.129938888211996,150.68680537244396,150.6322459642376,1
38.513992063242874,150.6829076818753,150.6331604374701,1
43.80933461077256,150.6835794064111,150.63488704156268,1
45.52284023261314,150.6846037063156,150.63863199400328,1
48.63830972681387,150.6792229141094,150.64234111171655,1
45.23907837990089,150.67501772137902,150.6463831688145,1
47.764295399968255,150.6724447551402,150.65082717788528,1
48.34468110159597,150.67162629808013,150.65589092334477,1
51.340314191619704,150.67225283076624,150.66109199850686,1
61.67053539263495,150.67945225989067,150.66698212730924,1
67.29755604352113,150.69635414150005,150.6750503097968,1
71.12232266536859,150.7070862508332,150.68243393979873,1
69.90209435862096,150.72114423744804,150.6911143954433,0
76.63596898179719,150.73516997354784,150.69798032165755,0
83.11787671185095,150.75045723984186,150.70719570179926,0
76.27635242255722,150.76357351319785,150.71426064519437,0
73.19517540890327,150.77672423785262,150.72127500369916,0
69.18005654156457,150.79164897391232,150.7270411223854,1
76.82119481052817,150.8033022743693,150.73415114327486,0
76.52933896004063,150.8201715067255,150.74227562826115,0
65.30598068170337,150.8346753611693,150.74787839603337,1
63.98055449780186,150.85012390248366,150.75064665120738,1
64.92258687764803,150.86520204834318,150.75369980051778,1
57.733960119161864,150.87982472407663,150.75735110815185,0
52.566202938527766,150.8988911684234,150.7620460706677,0
57.12709478699128,150.91591891972274,150.76746922201173,0
51.78224072402535,150.93206844852313,150.7748253378174,0
48.583919601645256,150.946386325922,150.78223397373924,0
40.798284676607004,150.9563310232296,150.78787824581374,0
43.057824088640345,150.95832095680834,150.7936586050011,0
47.452667941717145,150.95697061604304,150.79913367295023,1
51.38616723411187,150.95721905506835,150.8041854330013,0
46.3336812277738,150.95347692342722,150.809775459025,0
37.49653388786953,150.94790739006066,150.81510959139752,0
47.03203735327235,150.94051649726555,150.8187225336522,0
54.10670198113458,150.93932824004457,150.82262003659545,0
44.43267304009158,150.93776683732284,150.82620601745614,1
38.29272233112415,150.93501039895625,150.8287928700323,1
38.39715163478307,150.93206223165936,150.83198361894273,1
34.80710869421257,150.9262248189999,150.83545168368863,1
32.247952002569306,150.92515560855986,150.84085076693623,1
44.97618094273017,150.9277754563178,150.84585950563005,0
51.6620163692426,150.9278089583828,150.85070917057993,0
61.62877370443606,150.92891997005864,150.8554607142262,0
48.633353863558526,150.92571088954503,150.8591969500219,0
47.15201787325449,150.92120924991622,150.86339902110873,0
51.78792799130231,150.9173135616217,150.86832111872806,0
45.6134189331277,150.91051193085087,150.87328070105633,1
48.26019407538878,150.90691979007167,150.87636364109574,1
42.459074544133294,150.9060945946716,150.88065397114977,1
44.498568914448526,150.90375715047657,150.8859143841633,1
59.449450827194696,150.90372325201446,150.89251166105697,1
57.21787278747724,150.90476007110013,150.8982477249006,0
65.8309138953976,150.91010360821582,150.9053095521576,0
58.95139994657259,150.91388768351027,150.91258844141257,1
51.5811310943338,150.9156097457173,150.91885684633075,1
52.20484737291737,150.91828202930026,150.92454092712018,1
44.499750038720464,150.92156854211976,150.92876976764816,1
56.47044817306047,150.92533729683143,150.93321740536882,1
66.87516441982697,150.9348357288063,150.93760507125486,0
64.81075680517955,150.9442245688576,150.93999893787924,0
77.58596531336418,150.95111871057924,150.94347248952846,0
77.30191800786253,150.95825096112588,150.94555186005107,0
71.42148940090173,150.96311126295305,150.9466372299883,0
60.062652595320074,150.96651612851844,150.94562050549254,0
52.59818178550895,150.9688200352475,150.94549762992858,1
45.348992913508695,150.96659306217367,150.94426864845647,1
46.3342938444007,150.97174443379419,150.94531888500907,0
49.834716562045145,150.9761806434417,150.9455149887247,0
47.80294196984749,150.97960550690033,150.9444275712197,1
51.124679867622646,150.98495036445996,150.94602438547957,0
50.91297880206201,150.98540758001212,150.94662513206833,1
44.039866178644274,150.98337167972787,150.94551557745447,1
31.71534952696193,150.9781426640739,150.94463672815652,1
37.999563061395605,150.9774928440491,150.94402911166281,1
37.97893426802135,150.9776712319475,150.94355777122067,0
38.86813718981413,150.97822070697396,150.94300183050052,0
41.88448971508136,150.98136808535247,150.94276247142034,0
52.51575747861037,150.9832567680665,150.9439877033036,0
57.77995396826687,150.98033622924748,150.94641118023054,0
60.23687914021484,150.97512152247754,150.94725930045306,1
50.60276818071486,150.96886667835628,150.9481315388436,1
44.38475935265341,150.95998930008764,150.94815681071523,1
47.02050517693469,150.95291259889785,150.9486393135232,1
37.23999807220483,150.94887250122346,150.94896290707572,1
60.78166684917996,150.95218069916174,150.95063861357545,1
66.43208863819598,150.9585495919315,150.95258175029994,1
55.99005268036093,150.95788040514475,150.95446688748447,0
49.600114287649404,150.95716806271713,150.9555573211478,1
49.707675294149475,150.9584149697709,150.9573036315281,0
57.09666669290068,150.96143874296874,150.9605376392431,0
53.471974683869114,150.96566718964013,150.96178182539728,0
44.411895266715476,150.96804786214688,150.9616111389601,0
47.25866288490516,150.97212413914252,150.96191839579006,0
45.919323982442684,150.9707454067103,150.96204291852894,0
44.15383996882505,150.96724337449436,150.9619714210519,0
47.1726469541734,150.9625958795388,150.96111475766736,0
46.53819765157138,150.95761386758477,150.9616032461139,0
51.41675655277713,150.95328528738648,150.9625339022295,0
35.99313839916326,150.94695253293943,150.9627543555377,1
35.19292690359411,150.94233298444152,150.96268963403907,1
40.55725982500128,150.93757679510585,150.96167295608018,1
42.12572969521919,150.93559014578145,150.9604888405878,1
39.3259108824777,150.9336413452426,150.95805440833388,1
29.27812870473548,150.93376742384459,150.95691480320943,1
39.23017896371913,150.93005372094223,150.9564162036654,0
52.371949471023626,150.9273194082457,150.9561967018781,1
49.57100983299511,150.92879247117344,150.95735645910594,0
48.00466582267006,150.92698695186377,150.95621718316073,0
51.93316279790954,150.92411912869545,150.95301699148376,0
57.79313700106535,150.91854652137835,150.9502664202514,0
62.85400697929234,150.91595977090842,150.94771824952895,0
52.805503368977675,150.9153891130291,150.9444663997214,0
52.994352142334826,150.91147685372562,150.94126463209912,1
50.76977715350606,150.90939122906084,150.9391929587459,1
54.30343669305412,150.90950699198632,150.93824620374744,1
59.02393608414359,150.91254643350692,150.93949610620064,1
55.86067028338875,150.9148209496979,150.9388338524754,1
58.09159531646823,150.91759140255905,150.93909820587646,1
54.590610558681796,150.92218889847908,150.9397877121692,1
51.643600442216716,150.92712443411966,150.9395592619029,1
47.59268677844282,150.93161358606622,150.9401553585018,1
63.32258300864972,150.93745501264536,150.94212217375477,1
64.66075952072494,150.94381248294044,150.94432233588049,1
71.45790737189202,150.95433995228677,150.9476536465045,0
62.82656567873657,150.96102562420668,150.9497579605691,0
69.5773683128267,150.9679964471258,150.95210699793887,1
70.55788502409641,150.9727407855592,150.95390553918864,1
68.35136375660397,150.97909787208832,150.95455362476946,1
66.37009576125439,150.9853166419254,150.95500915655492,1
62.62300395346934,150.99076107753916,150.95652224227607,0
75.38135711390139,151.00116935936506,150.96063932193246,0
71.6948406480339,151.01272772945035,150.96556177146647,0
63.88979952804591,151.02321580826828,150.96938591584725,0
65.51028890851302,151.0356221397432,150.9738928141538,0
56.0070835120967,151.04211287812564,150.974219075333,1
52.892352380645356,151.04605471431898,150.97449815515563,1
51.66570278630874,151.05095538064865,150.97606384267695,1
44.78251379551144,151.05560050390162,150.97847118235023,0
53.51962115020297,151.06217250636448,150.9812907268066,0
48.66245786451711,151.0678846510785,150.98213762514683,0
50.48141292150697,151.07373414847962,150.98338214203758,0
51.00061297797854,151.07615684471872,150.98536576678353,0
45.88915222184582,151.0752867221667,150.98558736909018,0
46.713694085940666,151.06996165870675,150.98734014730306,0
24.479608028036665,151.0636838354257,150.98833414494163,0
23.91085709014233,151.05529308526644,150.9891858802299,0
24.245379460741347,151.045848966527,150.9891995787655,0
26.327767540708805,151.03961868207267,150.98908698264395,0
45.503392862685,151.03749193102175,150.99122491578785,0
40.49094380149008,151.03210663952666,150.9924317043101,0
34.56523156566122,151.0159129643552,150.9919737896322,0
29.9271651686434,150.9998542647206,150.99126741904212,0
23.922330367203898,150.9863932918133,150.99048669447558,1
26.552945950543403,150.97280822855447,150.98950913603775,0
25.85284839186943,150.96291479933433,150.98736350668986,0
27.229602875987126,150.95277575909262,150.9846806954944,0
33.05009257803219,150.94343190486268,150.98191961615265,0
37.65948011205501,150.93464219671202,150.98153328028954,0
35.389840344664876,150.91922236307272,150.97933202055754,1
35.53489074228516,150.9041093520299,150.97636275740743,1
40.23407733822288,150.88982126392474,150.97292673924412,1
33.78981480598593,150.8751930658468,150.9692873479106,1
33.34567641684805,150.8670358969576,150.96781098638297,0
35.55130972664881,150.8567393750822,150.96627940571162,0
43.336012812803986,150.84923369918596,150.96422482782148,0
47.57508957587145,150.84392459680697,150.96173714554993,0
44.456780004576636,150.839530605435,150.95908344106033,0
35.82325256941047,150.8297167055124,150.95393710382527,1
35.88266097592171,150.81485489135414,150.94829131293787,1
42.1241646035951,150.80526776211667,150.94368903550892,0
39.09141106698877,150.79911296547064,150.93897354139398,0
30.70107581161443,150.79132729972903,150.9328163338756,1
42.56228189648766,150.78559871497185,150.92720118728815,1
42.71865882908058,150.77862753699912,150.91922416992267,1
39.54596337938374,150.77151298825785,150.91155845231032,1
44.09840869861175,150.7651902070138,150.9035581994496,1
38.12786497697132,150.7597783965528,150.8967346605501,1
54.10146556629155,150.75739908679654,150.89285376617283,1
57.59029229118794,150.7613153353759,150.88973149793773,0
59.70367500273673,150.7686914524457,150.88753490737005,0
60.124723605942506,150.7744385722371,150.88223442439295,0
64.51365562499669,150.77993995462475,150.87617223798037,0
67.26180037718117,150.78166673144202,150.87119135565248,0
64.22622184522001,150.7850734759898,150.86605994021028,1
59.76440838208493,150.78613330732827,150.86183299950252,1
63.767605993472884,150.78553876128282,150.85753076433545,1
61.759462464674236,150.78718518094288,150.85357536117806,1
65.35388099138814,150.79382273794482,150.84922599744255,0
70.69526066960722,150.80257043367808,150.8444504838633,0
71.12566113053204,150.80964929864723,150.84039489453642,0
64.91401442790308,150.8163424892826,150.83601687771517,0
49.36824931625571,150.82378631585763,150.83186812233114,0
36.56004131053065,150.8264253474425,150.82765663739843,1
41.210758930352384,150.83384996938932,150.8247794941957,1
43.909859841425266,150.8424582696085,150.82306822598346,1
48.78236958008774,150.85021992132084,150.82152893387138,1
42.7854972827806,150.85413773388154,150.82005016749193,1
57.61345650467463,150.8593124630611,150.8207312785682,1
57.63800174976508,150.86018544789056,150.81880890468526,1
56.328328138233815,150.8574624514787,150.81767723215088,1
56.39352684013495,150.85682601238238,150.81859964360382,1
57.31011737268486,150.85987004752678,150.82017855110283,1
58.942855942876285,150.86494194042245,150.82261081509614,1
63.59733192152041,150.87386571813227,150.8264829360414,1
67.38254740242243,150.88637670765664,150.83121776283144,0
64.75491063374452,150.89689161000203,150.83517710469923,1
69.44548681603695,150.905921083177,150.83857103250378,1
65.52997220497325,150.91483246139643,150.8413021033163,1
70.75413602228211,150.9272894585671,150.84767732206106,1
65.11828259381844,150.93592010981865,150.85311919765192,1
71.93767661809733,150.94842347963169,150.85945776399794,1
65.63600726542148,150.96249747629912,150.8667898865121,1
73.88692831065069,150.98118307489818,150.87331550857468,1
75.94834877570416,150.99559965555378,150.88032360638434,1
69.84399231001562,151.00807601867552,150.88660515377927,1
70.21646969440208,151.02276338865866,150.89306445061203,0
69.46436680398709,151.0410360131537,150.90065233057942,0
67.17786144284928,151.05486936316652,150.91079234162987,0
65.533203085545,151.0711023328459,150.92130788128196,0
68.46287034780522,151.08694545278627,150.9303483084187,0
60.70121152660574,151.09831307527645,150.93827968752615,0
62.377518864014476,151.1101796510631,150.9477194916365,0
56.40691127779105,151.12083850211565,150.95670672995365,0
58.85917663905914,151.1252131728993,150.96511719040146,0
50.09539762624561,151.1272200880166,150.97350060273493,0
46.70646569713791,151.13056174056928,150.9813257181214,0
35.53235357247971,151.1311252376534,150.987109768944,0
33.20304329631145,151.12913931623177,150.9899981950904,0
32.342765495973495,151.1198992012286,150.99111086840213,1
26.436969380611956,151.11289314047025,150.99079987286174,1
20.253648481496313,151.1014897318241,150.99027822783276,1
10.726327159273495,151.08599712994277,150.9892127566393,1
23.991363367145027,151.07318185322117,150.98992155728632,1
31.674506277894835,151.0634334804028,150.9916676081495,1
33.51143471345442,151.05383112540767,150.99368428101104,1
30.694590827745344,151.04314331526717,150.9961062722058,1
30.656746490051503,151.031916829351,150.99854498994264,0
39.191667059665306,151.0211831736646,151.00173651591777,0
38.37582399056168,151.00862570800194,151.0037299910115,1
44.4401357250792,150.9999022201337,151.0064494770133,1
47.6098582833726,150.9934720163273,151.00913149834403,1
45.8017311826728,150.98215920203177,151.01106864610614,1
52.69378518828327,150.97152482524479,151.01474652107458,1
58.5632640526876,150.966003695507,151.01797868084853,1
67.99752406608457,150.96756826976141,151.02354460279608,0
69.85699103765697,150.96747131180194,151.02822627431385,0
67.0541635813657,150.97231869050617,151.03438215159386,0
61.91140398951949,150.97808928975053,151.0375089257662,0
67.7495181619012,150.98820302311842,151.04231789849328,0
60.3054192201267,150.99591762907593,151.04618194390062,0
54.29041096972083,151.0024433127108,151.0485251479641,1
47.854339113505695,151.01089308249632,151.04962197062707,1
50.8893040307004,151.01494494900643,151.0499227607199,1
44.64475753886887,151.01470944147397,151.0480050974862,1
49.02145963582603,151.01773012321146,151.04622564723297,1
57.67573895870331,151.02246005665708,151.0463336508678,1
57.286217539639665,151.02760320653192,151.0472178392846,1
58.30329497692867,151.0337177012629,151.04929061186436,1
50.52274503330587,151.04262889262154,151.04986576463327,1
50.44812638996726,151.0463081053478,151.05060467522495,1
53.12135941870881,151.05431893954886,151.05148968231092,1
52.29162412396054,151.0639828190712,151.05166278321497,1
52.77180323399134,151.07407118399078,151.05190176471163,1
64.69422098172322,151.08480538451417,151.0536609724327,0
72.8838978929181,151.0907108502226,151.05659853541493,0
68.72826449612992,151.0959418849038,151.0574976728119,1
63.870084703317744,151.09750667439138,151.05697041608894,1
70.12418387487696,151.10299993495155,151.0567611544802,1
67.82156186826141,151.1063339108539,151.05641052969648,1
65.43266748951478,151.1131812899477,151.0566762787652,1
65.86130849224995,151.12461089748933,151.05904427684925,1
63.236982180405434,151.13937765013878,151.06130117025737,1
62.81266744899395,151.154598221427,151.06342664844445,1
68.65194784714244,151.17079700464515,151.06623863018453,1
62.09327581805269,151.18479390765782,151.06925517508947,1
69.0746311938261,151.19841157687506,151.0734735853901,1
67.9374740632702,151.21192726231104,151.07953864914765,0
59.81733119571838,151.22119014641572,151.08611094393794,0
62.615075192617226,151.23196679882602,151.09469280367225,0
73.8389692647207,151.24520894951556,151.10353099884307,0
74.47952595335101,151.25342720626708,151.1122646720881,0
61.57470012582872,151.26129491829343,151.12178189855524,0
55.18753745740408,151.2648778321116,151.1285801562678,0
52.86266446247896,151.2642734712997,151.13399696879148,0
55.505263698876156,151.26543210926528,151.14123892895796,0
46.688315316231645,151.2681578800283,151.1475034987164,0
46.12098566816302,151.2733933668289,151.15356103108013,0
43.81023648057936,151.2741394897668,151.15794368092105,0
44.0687691386074,151.27467874285296,151.1628317436369,0
32.06502065241115,151.2716132133642,151.16536067605742,0
27.210658788740673,151.26632641941606,151.16818603808474,1
27.400751205612735,151.2590206518919,151.17204575020142,1
22.817661618483598,151.2523071119994,151.1757395631463,1
25.13775265830465,151.24657333647968,151.17846648657363,1
24.17736908850705,151.23883225222139,151.17776076807343,1
34.91134655829312,151.23160225471307,151.17912596255456,1
40.47942677016244,151.22359266687198,151.18004823969397,1
43.158802219022114,151.21661696349148,151.18152201343432,0
33.491658258930926,151.20716396217335,151.1822771792942,0
34.866758181590896,151.19682994037413,151.18389592336234,0
35.13693579481338,151.1889230770658,151.1868565778301,0
42.99992901963426,151.1838171384689,151.19095152094428,0
35.34223577874873,151.17697144547498,151.19339075485522,0
39.99944449811436,151.16952269089444,151.19592226855966,0
39.81430560732104,151.15869709772093,151.19762571876174,0
42.908986320813,151.15027874830525,151.1986309753756,0
47.495899618114905,151.14413752572258,151.2001747587564,0
41.918376469604276,151.13773674883902,151.1995512999515,0
45.601935246403144,151.13079790248958,151.19809934758413,0
34.476108069209516,151.1261219852884,151.19728622803362,0
29.295820511201285,151.12013018925737,151.19451053796814,0
26.323613323220798,151.11379109986507,151.19196906251898,0
32.726140432780426,151.1079731986548,151.1893003690119,0
30.870210010035677,151.09926194036456,151.18424910891378,0
32.37236027501625,151.09423642018197,151.1791709960572,0
24.349739123865774,151.0828990795006,151.1739088403933,0
27.333200250184973,151.06981417075707,151.16897123824026,0
27.938027676933444,151.05553361583287,151.16253548578683,0
39.658006859693046,151.0450655947433,151.15776985284998,0
37.24395997735665,151.03514929800323,151.15268312658455,0
24.089547602172388,151.0197565846593,151.1449148526981,0
21.847153644461727,150.99876374246693,151.13470595787555,1
22.914602932243355,150.98180830067616,151.12427478655488,1
27.52875746618308,150.96746202375533,151.11458827620373,1
31.513397739869674,150.9545427581882,151.1055252589739,1
33.352996551053266,150.9414220617206,151.09583516931383,0
35.42184706068748,150.9282263968179,151.08669441255913,0
36.93475029567801,150.9155590438965,151.07729885894383,0
39.28356151215126,150.9060453671593,151.0677307749174,0
39.508139108504935,150.89400028383872,151.0568027617629,0
38.44979112309044,150.88172420330955,151.04582933678515,0
34.47566751565286,150.86614893987922,151.0339106711533,0
25.215401335414143,150.8482064008659,151.02263179651362,0
25.67144136911068,150.832546409973,151.01155828438309,0
31.82535887686457,150.81617532829415,150.99946828366876,0
39.68677830739032,150.80379809428058,150.98816492609419,0
35.60864477673066,150.79059540157698,150.97585205213946,0
30.52139904205599,150.77770863408176,150.96396314351284,1
23.50135751915711,150.75764748855184,150.95095735112952,1
31.50406169116502,150.7412880104594,150.94055304542266,0
23.05213335965709,150.7292251461834,150.93007434340504,0
23.165311207904253,150.7205795887381,150.91932953261403,0
27.91446549631854,150.71544708563744,150.9095307760101,0
28.926708972521624,150.70611959602908,150.8984067800235,0
28.35170663646835,150.69340047558043,150.88735254831755,1
30.309884189370692,150.6778270856431,150.87432510168586,1
30.930702919393866,150.65947070798254,150.86104562900334,1
33.904798279060344,150.64330982021363,150.84797600163267,1
37.61935596607718,150.62679401559063,150.8355827962843,0
49.10403373197998,150.61978160345072,150.82598342699356,0
44.764487778162454,150.6097339220458,150.81415367477712,0
47.505137305647004,150.60514681301424,150.8024425409714,0
50.59983083112376,150.59992249526573,150.79181221642995,1
43.49732417745804,150.59347839246692,150.7811405650121,1
42.51422811581209,150.58537698430644,150.77014023830296,1
41.27582137567055,150.57508421330203,150.75808711209294,1
41.6582881881417,150.5706907846913,150.74647335572695,0
48.82042408037495,150.56862958943088,150.73632027974955,0
53.14329081436412,150.57000345667728,150.7266395728046,0
62.32308601592068,150.57135028670257,150.71864436598833,0
56.191065031735974,150.56996588774453,150.71000862279988,0
50.18177887509168,150.56668075085472,150.7004853930099,0
41.60185734029361,150.55488968578797,150.68829737086335,0
29.76645734120335,150.54432749002893,150.67643299988922,0
35.762973880209785,150.53667243029594,150.66432695236313,0
33.17392511658926,150.53172461994626,150.6538553178641,1
35.5162430578946,150.52726696705437,150.64402674752228,0
33.262892281006145,150.51865190739292,150.63322331825668,1
38.89955167160419,150.5101781291194,150.62162781003477,0
42.90131241490529,150.49643430425007,150.61049742949228,0
38.18967233935733,150.48942650994337,150.60202164489075,0
28.312485725321025,150.47677407121984,150.59364667247257,0
29.916000129125194,150.46608254460654,150.58552191400207,0
19.66663492915707,150.45403699953005,150.57577055532198,0
21.561654383954078,150.4424951406257,150.56532119127797,0
28.09866794818221,150.4342094838502,150.55520208094475,0
35.87697972620566,150.4223260556097,150.54411321924366,0
35.263886724052654,150.4066205185649,150.53274486961695,1
34.10859290713425,150.39087672575934,150.52057211624464,1
28.29178992666951,150.36862905932097,150.50849587618123,1
34.72878930205228,150.3523907123054,150.49827522639825,0
38.945784637062914,150.33869482620167,150.48950374753886,1
40.82089491531508,150.3324362030241,150.48198929172665,0
37.43505242053814,150.326568585211,150.47404186998443,0
31.093862125172166,150.31915606094458,150.46551924542328,0
34.91369072478311,150.30978936588932,150.45625182650758,0
38.67532908460327,150.30206025244263,150.44861268786855,0
40.67021587996274,150.29591527546557,150.4405059748102,0
46.3767845364095,150.28941144517552,150.4343333926842,0
41.430991856537865,150.28150512166832,150.42658427397583,0
33.69318101826485,150.26749326168363,150.41732889109085,0
34.5579575761017,150.25646670650283,150.40800151957848,0
31.175416752493263,150.24208296723413,150.39617626664077,0
35.87371854373201,150.23045390416507,150.38550427857638,1
24.99172167829363,150.2170413664955,150.374777547644,1
31.516683952597134,150.20450809733973,150.36587448562344,1
23.865537106054347,150.19156444264098,150.35695071310704,1
24.69594341920387,150.18014079081863,150.34747725785894,0
30.817784248708804,150.17017936430736,150.33792625573133,0
39.51342710706064,150.16583964848388,150.32691909419447,0
33.85954319964665,150.15886255713983,150.31792668043587,0
33.643642786050435,150.15061175931862,150.30768972606063,0
24.07724086320583,150.135847001813,150.29635909434555,0
23.415513507684423,150.12072571512036,150.28494079904578,0
26.715492038040452,150.10539619482995,150.27352692963268,0
29.226515306684774,150.09202958791215,150.26302997635162,1
32.14452033987857,150.0759121792883,150.25070124570735,1
37.06524528970914,150.06294090130456,150.2382304995597,1
39.604195629902,150.04713818796674,150.22518728520004,1
31.91466390808432,150.03206911479467,150.2108718052127,1
41.55558994376125,150.02411498324608,150.19898852929148,0
44.655822187966145,150.0182143086315,150.18861494268916,0
39.91699827386781,150.0148332399126,150.18015368829063,0
29.495638536645046,150.0100215840507,150.17178191618507,0
27.36346906687656,150.0064647400349,150.16269447153957,0
27.112539235672585,149.99891096800178,150.15274902484563,1
31.680187390946244,149.9903457736737,150.14218223575477,1
41.59826505269291,149.98387942982257,150.1335682668308,0
43.94803657176049,149.97543776181993,150.12403010881152,0
36.02639447510922,149.96179137371294,150.11306192197964,1
49.01229241235639,149.95216562360082,150.10302232589882,1
46.993926055795626,149.94499585518884,150.09497843964823,0
43.29792416489107,149.93865499180927,150.08538807322665,1
41.70826650867132,149.93286434441973,150.07647173700167,1
35.053645673037224,149.92871131433222,150.0680133991153,1
43.27252305420514,149.92815029308656,150.06060630004617,1
39.4337671573829,149.92587372383682,150.05212031299823,1
46.23255448681694,149.9242446119821,150.04528013692658,0
54.303728989435974,149.92714238480033,150.0396935488164,0
55.2494614511117,149.9287541406024,150.03492183772522,0
56.41627162278508,149.92707834096782,150.02886358075642,1
49.24745168299934,149.92230280463218,150.02205813406138,1
49.3187719428766,149.9172048594433,150.0140611508583,0
54.989075236333484,149.91337891240823,150.00650604706397,0
50.15125341119973,149.91246071524287,150.00001633325888,0
53.61716870004788,149.91590760598956,149.99519632088573,0
57.0050905607559,149.91888814801982,149.98891339398563,0
49.72716006790264,149.91574606124095,149.98150058114095,1
49.16817921977415,149.91305517838884,149.9734876020969,1
42.3028657056161,149.9140586489819,149.96608333290504,1
48.69204836921708,149.9116474536208,149.96068400267367,1
41.311062943442565,149.9077822714491,149.95550466562673,1
31.545387731998602,149.90736124134668,149.95149938287165,1
45.99776777855808,149.91134104937856,149.94882659508707,1
49.85564381820003,149.91593018821783,149.9475689278042,1
53.991743083845584,149.91584674416896,149.94514175877785,1
52.05838187964005,149.9171302390602,149.94234663156593,1
51.23460829750956,149.91583699412075,149.93955861824742,1
56.30585161224243,149.91507694107116,149.93765257952194,1
49.47910286983026,149.91531883011038,149.93471351037584,1
54.122276589881665,149.91614043741598,149.9317747328669,1
66.92001402365557,149.91820776455148,149.92909653615453,1
72.05672221965372,149.92320489173608,149.92900430682755,1
77.22150837183682,149.93269521924756,149.93129384871486,0
77.71974049445699,149.94171673713464,149.93454455018076,0
80.75078533006574,149.94847249453514,149.93777348353493,0
80.56061228444987,149.9569938454047,149.94134606043218,0
57.858057924433496,149.9645718603625,149.94215296476412,1
59.37176765210616,149.9738744790123,149.9441821185151,0
62.164933822703645,149.98281921321004,149.94638337227119,0
66.98368565241535,149.9921673611006,149.9479049538155,0
63.47836433959031,150.00064857549546,149.9484783723723,1
54.23422384627484,150.00798417728362,149.94875975782003,1
52.91053724776856,150.01098737694878,149.94921291224628,1
57.66768600385923,150.01543094964285,149.95115541164742,1
58.25018192360454,150.01986189181326,149.95352212830247,1
61.91631447600694,150.03010600454346,149.9582507239138,0
55.904208978870315,150.04170233969361,149.96268778219584,0
47.22371083604703,150.0467449645912,149.96617546063044,0
46.23439176552279,150.05191057135886,149.97076118943423,0
43.35953660858624,150.05565383500488,149.97317001742852,1
44.11329244579232,150.05554474069405,149.9733160903566,1
48.14573594528997,150.05656177507313,149.97616702013306,0
50.524582124757295,150.0547503325966,149.9800482439856,0
50.939567981601265,150.05312457408502,149.98430985408189,0
54.648359520768594,150.05168479542965,149.98718728447216,0
50.440881901172496,150.04705157018202,149.98981719897026,0
50.15991360204764,150.04669697317803,149.99113390924248,0
49.462498125995,150.0465597650723,149.9919490706239,0
47.00363134713381,150.04375513608704,149.99238377046507,0
30.589451306649977,150.03429244232268,149.99079059435743,1
27.911640805398292,150.0259205159113,149.98992545688395,1
30.41893989540101,150.01809509718174,149.9891158529154,1
31.473877800366765,150.01149926444697,149.9884610530618,1
37.009619878769584,150.0042423430097,149.98786806275416,1
47.88275547475418,149.99927160794874,149.98686772908613,1
40.76761406730125,149.9901945679523,149.98677329188683,0
43.59336450714255,149.98283657594078,149.98952398807577,0
35.07012570720282,149.97493426024076,149.9909270933712,0
36.96107266413884,149.96845614723514,149.9925201887355,0
45.28698815612071,149.96485425046384,149.99445273616573,0
42.34652814693429,149.96340160541632,149.9955638239435,0
33.22665632310097,149.95497165126602,149.9952111841008,0
34.07525468935194,149.9432827232611,149.9928249135386,0
40.37227402413367,149.92890705148292,149.9895005993879,0
45.447865624459226,149.9158520177094,149.98718939388834,0
43.51768716417325,149.90452666020744,149.98477576742917,0
39.727609995038705,149.89236561655807,149.9817453582174,1
33.91376160357839,149.8769365218448,149.97669290293334,1
36.51182487896293,149.86638567894005,149.97281050999692,1
35.207150071164634,149.86155807772147,149.96895765047964,1
27.54976728377551,149.85683831430734,149.9653776767863,1
31.62304659973374,149.85219008219914,149.9607099291006,1
36.83352227863202,149.85014028558743,149.95543907959774,1
30.4012207954663,149.84476913561426,149.949089022146,1
42.68605648512364,149.84092055911066,149.94384695491632,1
50.94673335700064,149.8369631693717,149.9387610214736,0
54.397733472518226,149.8299558546749,149.93567758580073,1
68.71247659782816,149.8319888667117,149.93417284845097,0
59.79893895028263,149.83051280284212,149.93159762458836,1
61.279114964696795,149.826832083001,149.9283186249259,1
59.16181389325906,149.8231687600133,149.92457189775064,1
65.83745487318589,149.82502545851054,149.9220276965916,1
67.49161693837172,149.8323574995224,149.92137296256809,1
71.49303301723282,149.8449334417142,149.92130159621647,1
74.78135219548011,149.8585715135552,149.92267324258512,1
74.33094317146885,149.8731456174433,149.9219916125891,0
69.92095188662076,149.88882140153808,149.9205929829552,1
65.49700138339303,149.90211006249322,149.91883894209414,1
67.12462187197892,149.91746787704741,149.91903343227233,1
67.67130313545749,149.9338522678785,149.92023702362908,1
66.25884621460494,149.94953175737265,149.92297248345776,1
63.57924651979571,149.96844879645434,149.92546473765313,0
63.93354077749995,149.9822721473249,149.92644780548906,0
66.46786041413412,149.99869454621992,149.92731701099993,0
71.62302058001012,150.011771878964,149.92788178833007,1
70.95831805454186,150.02581428407584,149.93026610703112,0
66.38634970084578,150.04007411313523,149.93302844178362,1
53.11694609287958,150.04544347765633,149.93372633348457,1
47.910447036233485,150.05335722798964,149.93543846134938,1
53.63908802246053,150.0644277951465,149.94037276605545,0
55.29942492887958,150.07820320700213,149.94548497418697,0
68.05512254264735,150.09158309849605,149.95142289711734,0
52.8724615674442,150.09880964508568,149.95629711482354,1
50.11759597179979,150.10221967697157,149.9604925298012,1
49.350475705869535,150.10146855566762,149.96355202167268,1
45.7061623174938,150.10284414068636,149.9670514416827,1
52.1767882806711,150.1051128547618,149.96950349448363,1
54.00437832915495,150.112696522441,149.97394384697427,1
61.12760207607479,150.11814837710614,149.97891032422075,0
61.37476871055743,150.12410267901396,149.98393639504914,0
63.056556319632094,150.13178006229109,149.99032386620766,0
66.55496315405934,150.13421781353068,149.997163202559,0
66.21897851983539,150.13883980245564,150.00467063716687,0
56.85857242507549,150.14134531476583,150.01229231631314,0
54.58392499358043,150.14346456304992,150.01892680646628,0
47.135465264537956,150.1433020612075,150.02577626743113,0
47.5537664533607,150.141076208603,150.0325126786016,0
37.722701295915336,150.13771177694213,150.0380364355235,1
37.54911427945333,150.1326739945765,150.04195378760397,1
33.63140279107242,150.12570975073115,150.04603343525932,1
28.95921799381958,150.11577884556996,150.04906118669203,1
23.89779463356159,150.10413758290846,150.05220189740103,1
29.897863832682248,150.0991254889609,150.05589119617292,1
32.08158568985749,150.09647489431626,150.061174833282,1
39.84991851152095,150.09893056866218,150.06675602549328,0
45.42040044313412,150.10058529817553,150.07250029320426,0
50.516007917318845,150.1047990450432,150.07944077063092,0
49.75796345402678,150.10582786608947,150.08347944672536,0
48.61076489054608,150.1029553179026,150.08788733024497,0
41.14447886057037,150.09235825282383,150.09014686297826,1
48.203795501673724,150.08381527681655,150.09458247292895,1
59.67230253428816,150.08098961024,150.09954886325076,0
60.12533040603396,150.07692453728035,150.10249745227003,0
58.606602088155576,150.07348857207373,150.10371436845693,0
60.99807259734588,150.0691304481524,150.10315038030515,0
61.958456599818284,150.0664772473231,150.10310891938306,0
59.87545071899777,150.0685635141995,150.10440952366613,0
50.08425227523223,150.0711314967292,150.1056450092179,1
45.55926188096717,150.0761243380866,150.10541637201968,1
43.04789596286143,150.08005934056368,150.10451626433337,1
38.22095468830631,150.0872820423504,150.1041613006831,1
42.82219518308974,150.09550274832057,150.10302347814752,1
44.4893574079745,150.09902511852587,150.10259238465332,1
57.39028051978922,150.10001192869157,150.10170178627067,1
49.652827232808505,150.09681705575375,150.10077409620916,0
45.84868558864582,150.09492581455433,150.10014490539564,0
52.33177772918466,150.0913475992254,150.099950165067,0
55.55876437511487,150.08989704425363,150.1012608733643,0
51.918715588157774,150.0870360049202,150.10135884101717,1
47.096986710458424,150.08948894156012,150.1001713215437,1
45.53404574287114,150.09129545361264,150.09981937157315,1
59.194383390189934,150.0897187464177,150.09880312241944,1
60.83904849020167,150.09087285974067,150.09932273813206,0
72.0127591673745,150.09657806079457,150.10145772198612,0
75.01761934891164,150.10632097504913,150.10509134805775,0
73.91178448574112,150.1154124606554,150.10813624737068,0
71.12783485220476,150.12081932693934,150.11069211253715,0
55.327715031223164,150.12439734108716,150.11032533667637,0
55.55637398348992,150.1266745372336,150.10882683607062,0
49.637763707162016,150.12884044881713,150.10641137225466,0
49.4991009125019,150.13163010622225,150.10410131825557,0
47.66890207729585,150.13303992948948,150.10255232453108,0
52.54133979786839,150.1341520546041,150.1007172855127,0
45.66511647201328,150.131492075623,150.09776049061352,1
37.12638215114609,150.12719860577687,150.09426771329998,1
39.59295702195403,150.12179305114785,150.0915413013718,1
44.80435989739798,150.11930634992345,150.0912422215952,1
35.15804913306633,150.11610335348206,150.09261750398028,1
30.474281861422213,150.11650005139927,150.0948892637463,1
36.050710327161006,150.11989360762124,150.09784486429973,0
35.07045137673376,150.11943814423972,150.10128309104104,1
47.92345567147428,150.11972370288493,150.10503757041002,0
45.0059587584118,150.11685697044936,150.10641533072743,1
51.26972484331948,150.11195806609658,150.10765099069823,1
50.06871099048166,150.10505951597946,150.10754292698468,1
52.36643394340605,150.09862309151242,150.10735136470544,1
50.01682226954893,150.09157609231727,150.1054029314468,1
63.48388415802723,150.09187375055785,150.10474369046372,1
76.56926021969308,150.0972468431654,150.10654344617575,0
68.46781902944457,150.10108311569473,150.10990131740303,0
60.35470834891191,150.10327504721405,150.11188522641456,0
61.91344119274018,150.10633525667777,150.11269058310614,0
63.639967198885046,150.11188857167468,150.11470289927044,0
56.422463373680245,150.12018652151687,150.11643967039078,0
46.717336708294496,150.12421982671873,150.11630346472649,1
50.8639468864321,150.1302407618738,150.1170467071921,1
56.73992194085185,150.13411260732727,150.1174618588463,1
46.752656863498395,150.1342793253305,150.1178766354208,1
44.16767458089363,150.13234046330345,150.117375713833,1
48.77786439298433,150.13178736420284,150.11853607375542,1
55.782996522465,150.13632101260043,150.12089867914108,1
56.41392733027365,150.14214361136476,150.12369391562768,1
49.3918613453693,150.14923651977608,150.12649989122752,0
53.41207716521917,150.1545693070073,150.12947394202456,1
54.25553866171389,150.15926614785718,150.13252256382606,1
57.16224801066496,150.16583354145564,150.13571445546597,1
51.26569960497112,150.17218927150455,150.13773960035846,1
50.39199605925016,150.1751373310437,150.1388398051797,1
65.65653612187276,150.1756655187188,150.14199525169522,0
61.27762671097708,150.17836463543512,150.14545159495302,0
63.285334910904666,150.18493617856603,150.14934151639594,0
69.51750371192793,150.1894722512071,150.15259198502193,0
73.23942377541627,150.19211313779215,150.15519901049106,0
61.914501846985786,150.19393586693894,150.1553827928485,0
55.25070822033173,150.2021547662006,150.15463698118708,0
41.14626778440795,150.2039826731024,150.1524747921709,0
39.73566435405611,150.20299961411962,150.15033397371843,0
33.78973935749205,150.20270742527188,150.14920066909468,1
38.36738449912987,150.20534507344976,150.14884392831948,1
35.96598530188916,150.20606591332108,150.14942625955698,1
33.28360537745688,150.19963031721053,150.14809876353638,1
42.95870814106385,150.19408285122176,150.1481110843206,1
49.263332072848534,150.1945578960914,150.15066222782244,1
49.599397482813096,150.19494961664918,150.15485695843503,1
41.63089282960971,150.19419176015998,150.1593198255793,1
54.60542192311221,150.1972572695418,150.16590014282355,1
50.3234713937123,150.19932307651112,150.16974629099352,1
53.43789032185172,150.2032498027235,150.17369838487627,1
53.95891337941509,150.2053050375902,150.17751724617156,0
63.2421105294675,150.21049307411255,150.18169138154954,0
66.1520846048266,150.2133853230235,150.18692038790945,0
70.5116021916803,150.21666682087738,150.1913692322189,0
64.45780532863199,150.21792716876706,150.19562708981812,0
61.08672095723046,150.22049578283284,150.19879787954304,0
64.38478074453162,150.2207784021487,150.20092453565476,0
60.59729417524129,150.22449976275757,150.20282546066895,0
47.53657403566612,150.22804807334677,150.2049227661302,0
41.206382178135854,150.2314647195299,150.2050370566835,0
49.411046686269714,150.2361463714788,150.20440373964485,0
32.462328170544254,150.2380932807589,150.20423032558264,0
32.63458624708724,150.24107969825994,150.20322062395473,0
31.948946157017232,150.24068426928542,150.20185068936368,0
31.18092702324745,150.23481712286957,150.1998336483004,0
16.859654650251727,150.22491484968674,150.19674828970298,1
16.62582216883679,150.21720358010242,150.19651332693277,1
15.78293474640526,150.20076979881043,150.1941117575982,1
29.554419483432795,150.19116046588638,150.19256543441716,0
33.562294638159685,150.18268542987076,150.19306082669237,0
35.396819149863674,150.17290517067823,150.19374312912146,0
32.904525254489926,150.15841470494624,150.1923423178469,1
34.23586685953852,150.14287669539274,150.18954266102637,0
42.9634178967159,150.12984251633293,150.18644879420617,0
35.10183068721295,150.11889556832568,150.18349070923796,0
36.20098784449282,150.10823034554954,150.1802622949599,0
42.59963847091221,150.09996591543117,150.17720444268437,0
40.336101647927705,150.0902345664641,150.17258587067232,0
38.22045420337051,150.0810021494175,150.16844791729537,1
36.75392972873752,150.07044293999658,150.16315930026465,1
41.04653567145803,150.059246650918,150.1578361925245,1
48.00784370021386,150.04984370461437,150.15282195325435,1
31.77223683539944,150.0415569189365,150.14586892010288,1
42.02967325931487,150.0379209678509,150.1412301760212,1
44.5061323754964,150.03432690433812,150.13671915491878,1
43.087114831170055,150.03233271053233,150.13210702714034,1
48.485425669044915,150.0315199293427,150.12825939218962,1
47.33910380402594,150.03395949384878,150.12610248589675,1
49.53295435231025,150.03343637907713,150.12474014040015,0
48.523029253409874,150.03077532494476,150.1242879865615,0
50.42330353180167,150.0300286139544,150.12361654532333,0
52.1010765882326,150.0303700758026,150.1220639828395,0
56.34280390959386,150.03219923846558,150.12257022952838,0
57.32582437044336,150.0283618327448,150.1201603868154,0
50.533886849422395,150.02360568879163,150.11510982631805,0
56.820604544620494,150.02321362075224,150.11156789660112,0
56.85123347191503,150.0209638361966,150.10791327309903,0
45.108780316744046,150.01871450559338,150.10116876509295,0
42.67415838369657,150.0162297465081,150.09521058529418,0
41.9461100750638,150.0157049309807,150.08814135156757,0
29.876398225047552,150.00802569501423,150.07892445549416,0
26.881766576477062,149.99915608530083,150.06828715772966,1
25.21471617527041,149.99233168044907,150.05744746307317,1
26.07172206848891,149.98111731927224,150.04701037537913,1
22.59971513163626,149.969381560359,150.03730091155555,1
23.483271286556032,149.96007410210268,150.02793835484826,1
26.74221255889269,149.95113761058542,150.02040307556433,1
31.720310052377002,149.9408771933716,150.01265345814235,1
31.246875385012956,149.9284383855251,150.0048962652715,1
15.171381510580915,149.91632615680612,149.998232561472,1
23.03404302797803,149.90450187617824,149.99095874720308,1
37.39337697341245,149.8964409800083,149.98540306253926,0
36.62172930068334,149.88571642705554,149.98042492104662,0
43.30247141651147,149.87950152636193,149.97568728964595,0
63.334579465553546,149.87502344666842,149.9711923558376,0
55.901658259478104,149.86443882747534,149.96737748771656,0
55.10380032924868,149.85562642665488,149.96328241172,0
45.11209118754059,149.84487911623458,149.95881249206263,0
37.33549857858056,149.83116619297235,149.95121287612855,0
39.41643025088781,149.8210091476399,149.9434708386752,0
30.94523319173406,149.81495434087526,149.93574412357296,0
33.12389041436744,149.80987193439506,149.9288700495092,0
35.27741326496229,149.80444404417358,149.9220744025855,0
32.62917520688842,149.7969418746101,149.91385011869002,0
27.981885975564765,149.78966367398715,149.90560815382014,0
12.02637153217627,149.7795210827665,149.89645464973506,0
25.98674827860077,149.7702017882782,149.88849742470313,0
21.957032082937033,149.7582670272919,149.87986644247346,0
19.0065636409894,149.7471831569237,149.871368668274,0
18.91988622101968,149.73439257995676,149.86381241745607,1
22.96483177762309,149.7215797539044,149.85589198839764,1
25.60489266290942,149.70484917053557,149.84740524890776,0
29.318937759621647,149.68836730009602,149.83914907351044,0
33.08566735794189,149.67357705665364,149.82994972516707,0
34.76057912180468,149.6580921519864,149.82069845489687,0
37.01848377069055,149.64599780234505,149.81284352444166,0
33.467267023126965,149.63165578037797,149.8033367521341,0
32.10164011276295,149.6174565278374,149.79221130565804,1
32.93043202044851,149.60747109117014,149.78082676096577,0
36.06315267010116,149.59594711874226,149.76953955619422,1
30.53449694917464,149.58668993473685,149.75840865188593,1
35.68050652896693,149.5767993169046,149.74744174594997,1
38.340173627317,149.5674088061728,149.73615822966838,0
35.61601493228224,149.55657057973502,149.7251336174861,1
44.55885775516428,149.55006840869623,149.71619324178198,0
45.3588775694777,149.54596553441195,149.70555541519894,0
51.85097904951332,149.54030531068418,149.69623401449815,0
42.94233325177155,149.53581325225662,149.68670594113877,0
44.57125877803617,149.53245135968746,149.67785731354573,0
36.347142036063566,149.5285062710928,149.6689329535009,0
42.78324913663402,149.52429510974656,149.6623997542906,0
47.78928669177443,149.5200293387358,149.65575455028176,0
47.33098348482246,149.51699251284992,149.64901340647077,1
52.9260153199522,149.51360678397796,149.64294551104936,1
43.3329812139629,149.5073914054065,149.63590239291588,1
40.83372511250347,149.49848242617716,149.62820685407144,1
42.223484489455835,149.49280031731237,149.62000183482488,1
59.15939207556563,149.49497399013939,149.61385002436515,1
50.13810471969564,149.49659753530997,149.6080904208797,1
53.955445375110536,149.50026206656227,149.6031139200967,0
49.87578477721298,149.50228186296226,149.59752064659952,0
63.25630182314683,149.50883915613673,149.59240101640137,0
52.95761438871341,149.5110157455028,149.5862779570473,0
59.867304167089586,149.5170445969615,149.58015084572594,0
50.08423791914714,149.51519299066928,149.57226105938233,0
42.36851080072249,149.50809116046224,149.56301634839372,1
43.4547805747143,149.5000911479449,149.55401990301417,1
41.14319430160057,149.4942791171032,149.54646594148622,1
44.209908341860285,149.487137975275,149.5402460264668,1
46.31567115446062,149.48268052142845,149.5336015030163,1
55.90728194323973,149.4841551290629,149.53008006956566,0
47.640800841788874,149.4858489044596,149.52614533830757,0
50.14230447399068,149.48862134649545,149.5226843273995,1
45.50073716162515,149.48837228008654,149.5195176732399,1
47.04695852361456,149.49154893525622,149.51665649742353,1
37.41669694985971,149.49572564548487,149.51468867915878,1
42.17855066534708,149.49795669874737,149.51110379901252,1
50.327331473116494,149.49956245873028,149.51036819694053,1
62.231124708105874,149.5041194653018,149.51086494423095,0
79.3308702479538,149.50765736827998,149.51241983542596,1
62.79078756986712,149.50626540333974,149.51139490637368,1
60.399656345883734,149.49970549513824,149.51034354624244,1
69.232769790101,149.50313071603574,149.5121833234232,1
68.62436118018013,149.50582596869955,149.5130504105443,0
63.49950484817745,149.51464356934994,149.51488162632774,0
68.66092698073467,149.5323176841584,149.51754430111905,0
67.96486580267154,149.5498170551733,149.5212844129323,0
66.97458829413635,149.5651131949666,149.5255286083379,0
55.76335795817913,149.57558091580634,149.5274899563213,0
58.50742563780236,149.58782197763605,149.53035144657386,0
57.05285917311803,149.59128891795677,149.53191966285362,0
52.23342177473479,149.59573014364292,149.5337176690029,0
43.97029876039269,149.59622320875948,149.53421008843418,1
42.667656336418446,149.597577709928,149.53592052531712,0
50.64675063167264,149.5983457380225,149.53596742915403,0
53.174854160653766,149.60025052066112,149.53640267365847,0
36.100369223652876,149.60057556254998,149.53521189975885,0
43.2558674632306,149.59950539812976,149.53584505528977,0
35.457981768835964,149.59445486219792,149.53566634523514,0
22.281350647251287,149.58534283139346,149.53515445954622,1
20.58325860618676,149.58115624770002,149.53413936155505,1
22.46736082463842,149.57785637440114,149.53347436050856,1
30.486906215903687,149.56885214579614,149.53292717660167,1
35.683971345142524,149.56341978837906,149.53297561230474,0
38.11995509422074,149.55498082085583,149.53391739250748,0
36.28376300415117,149.543035697254,149.53536560954979,0
36.93020188943485,149.5281253648813,149.53541443195988,1
43.898550647924694,149.51694530236418,149.53431713322786,0
44.83903303136525,149.51164522635736,149.53350903274023,0
41.154431983795405,149.5038679729078,149.53179380911203,0
37.88251652633083,149.49364993683733,149.52846689240366,0
39.38867310849003,149.48627396590354,149.5246915929096,0
37.09055084834917,149.4789503751393,149.5213839402888,0
41.22719843640422,149.47089682370282,149.51746141601365,0
43.790139677234194,149.46357057084666,149.51531846122498,0
38.911041854501526,149.452961096774,149.51435064818318,0
33.46441309348792,149.44150724974992,149.51177834048087,0
21.237778072867215,149.42261499959406,149.5071794082861,1
25.74172507920659,149.4066750357109,149.5034811694095,0
24.9680162855542,149.39326961004667,149.49939009499354,1
40.45055898734568,149.38666171272132,149.4951419950184,0
34.92609903627957,149.37775009950286,149.49023483852588,0
32.30749683342121,149.36641568165933,149.48404491066722,0
32.03310679812293,149.3507616445949,149.4779313581081,0
37.08634532716751,149.33618201124344,149.47177062290234,0
29.548390461694694,149.32081831831857,149.4654026786833,0
35.319978611418534,149.30929843547955,149.45995112665275,0
34.355523948559096,149.29374892544075,149.45199171991203,0
29.677876304677184,149.27469537346084,149.44173939600387,0
28.551459737912765,149.2525627368363,149.42975595653456,0
27.295762424491485,149.22973030528365,149.41785285318122,1
30.240747914204434,149.20250329342667,149.40581071222496,1
26.138843625400753,149.17735570728627,149.39107393678898,0
25.986375132210682,149.15212290696746,149.3759801913208,0
16.28507677877485,149.12886418682936,149.3610067082167,0
25.353771193459934,149.1110299000123,149.34583553452475,0
26.543729475395324,149.09579217226735,149.33016838731848,0
24.17719743898533,149.08130113018458,149.31365458237332,0
21.894267679267855,149.06393118708849,149.29882127792237,0
21.696516160034918,149.0464421150462,149.28283814995757,0
17.32918016567369,149.02093304984896,149.2669996477753,0
17.68039727578531,148.9960935113618,149.25038018561344,0
18.655880221046047,148.97185871647898,149.23429911375501,0
20.885040862211014,148.94802700601446,149.21811107654267,1
24.126411226850593,148.9222335068965,149.20132573045197,0
26.97345622578277,148.897956965617,149.18448525666562,0
30.415691711345332,148.8731138696641,149.1689664494984,0
29.592342183089812,148.84842958914618,149.15156139631858,0
29.77054463852589,148.82967129960352,149.1358259709661,0
18.284997891056918,148.81274767615406,149.12071789443883,0
16.218722419663166,148.79718565218687,149.10426461497593,0
22.36551975919251,148.783629784012,149.0881200760693,0
21.81699072881912,148.76892394107546,149.07110265490073,0
25.67653308804789,148.7563444017718,149.0531500366779,0
21.830624579553756,148.73563152812162,149.03326699112307,1
31.880951743474796,148.71527743975594,149.01473223152553,0
37.27246578903487,148.69716984685647,148.99778618010856,0
34.19304931728942,148.67972575316293,148.9787667626928,0
32.18255270436822,148.66025317970144,148.95826445925996,0
38.46927646737753,148.64584481994785,148.9396288887736,0
35.340750060625666,148.6312605441247,148.92204389069025,0
35.51151555734221,148.61637539819307,148.90242075852927,0
25.99707765118265,148.59790342795299,148.8818803348805,0
26.99435236419714,148.57951318356638,148.8615576204881,0
29.489880814994592,148.56203385318082,148.84071104338562,0
31.018690786616048,148.54568211682135,148.82157366468454,0
29.893058366104995,148.525413350308,148.80252888972163,0
25.936701766461965,148.5037943493982,148.78403313624023,1
32.2283527073474,148.4803429875841,148.76529315171538,1
30.45687734194989,148.4613171222363,148.74793689931465,1
24.44213737804816,148.44240421513257,148.72656161594045,0
32.1727444704636,148.42504764758397,148.70703909530172,0
35.789142559020405,148.40959679910276,148.68837510187808,0
32.975105446711,148.39585871645502,148.67118886542193,0
34.72030402266297,148.38732071443022,148.65372247239776,0
30.628821604859596,148.37007021664,148.6344329908541,0
35.942376179762036,148.35098347771577,148.61446019700304,0
42.17947882909713,148.33759784319955,148.5963063297963,0
40.11080207388309,148.32551876486409,148.57859381582128,0
35.69958832175922,148.30885211271269,148.56214463912417,0
39.33330895972113,148.29343668228765,148.54752644149184,0
35.29258649018037,148.27343649182856,148.53079403789002,1
40.68691456764499,148.2621942692398,148.5158157596619,1
34.0467046015398,148.24972994241224,148.500600434666,1
40.503614304250895,148.23889595059148,148.4847237488905,1
35.05381613912107,148.22627707059183,148.46767253291637,1
40.84581919689943,148.21956611993716,148.45203846878954,0
37.71887065254494,148.2171391564213,148.43836834673493,0
37.24680546820473,148.21318712276656,148.4249955259866,0
42.51635975133959,148.2050099710829,148.41136404172934,0
46.81525601654765,148.2021004553522,148.39902857814172,0
35.71721944390215,148.19262270848247,148.38565077415,1
41.48387873789694,148.18449642807434,148.37343018651623,1
39.291944402658046,148.1714996162971,148.36057790953498,1
45.00159032433234,148.16144111707754,148.34940551647017,0
56.82439697507034,148.15735105989197,148.33819062856406,0
52.70419192524762,148.15503033056385,148.32722678136292,0
57.87298046745441,148.1505344917905,148.31714829085405,0
46.90375538246981,148.14413221788283,148.304378183133,1
43.86982505125889,148.1366806699668,148.29171783664927,1
40.98006079789467,148.1311141093276,148.28109782434814,0
39.71021767322647,148.13236051507718,148.27028633031608,0
46.375427796793645,148.13251778825963,148.26125329853556,0
51.81692674925202,148.13557400862905,148.2522922774089,0
44.28767280110178,148.13535845872016,148.2446145211299,0
48.75523041773552,148.13356703624987,148.23498837151394,1
46.01141040235872,148.12920947144173,148.22485431862364,0
41.0924680069818,148.1188107501427,148.21400234552686,1
43.19472636706397,148.11264992529567,148.2059542242243,1
44.51548748044602,148.10945609406048,148.1968085513744,1
47.07365189954234,148.1072151081091,148.18941040373548,1
41.503741695531254,148.1056257456791,148.18135091314443,1
52.18239476077406,148.10536611131243,148.17641525986002,1
62.29221470758226,148.11250773293546,148.17377572928262,0
55.41212789861921,148.11393113098944,148.17016442759365,1
57.0719956664654,148.11671070353435,148.1666020632493,0
53.71194047656907,148.11806128424183,148.16428595493645,1
47.44334743766655,148.1157972259207,148.16194944146307,1
52.003088608131314,148.11852221870066,148.15964987557965,0
57.16268900400987,148.12501173015474,148.15719567981662,0
54.78021473024209,148.1286717364201,148.15560483286316,0
66.63877994624043,148.13455313597083,148.15408852567083,0
55.60505515554974,148.1341059930781,148.15105697612572,0
49.25685596582467,148.12944191902028,148.14572555843503,1
45.59004578551407,148.12722940744544,148.140577998336,1
51.01562237945953,148.12684179230624,148.13769700178042,1
43.51957025188926,148.12463409010246,148.13431456357833,1
36.58110264299568,148.12936304946825,148.13070842803435,1
44.17940511907734,148.13155566137794,148.12836898282984,1
44.623030758038254,148.13467380271615,148.12713722737578,1
44.11789756611424,148.13479227893612,148.1259526423949,1
54.24196017568749,148.13976122553944,148.12788080662875,1
49.57394145683055,148.140975082731,148.1279275852565,1
55.054998074311,148.14179465838305,148.13060161567094,1
54.03636330493118,148.14374385929995,148.132103591077,1
57.52741348206963,148.14866007474723,148.13555526491143,1
66.58596927232813,148.1536514290272,148.1379200785725,1
67.323126075776,148.15901606782396,148.1387002060241,1
70.7177137097722,148.16632807095,148.140906254853,1
70.96402764508585,148.17206743043513,148.14401866355755,1
77.20783937356873,148.18103645419254,148.1471792323993,1
77.96618233005567,148.19013758281966,148.1530944754057,1
77.62267781657783,148.2036956108463,148.15873664923447,0
72.21316707646044,148.2192560596023,148.16482813575712,0
75.00432133377828,148.23668511786832,148.17067559865234,0
73.78268619159903,148.25405947295627,148.17638036700615,0
77.83661491452413,148.27455245142463,148.18212341192265,0
60.973497524805644,148.28845283500567,148.1858757653204,1
66.42660342152254,148.30216866454822,148.191583561496,1
55.96957912901851,148.3125566287129,148.19748761087422,1
61.70383610607202,148.32689822674212,148.2042662893607,1
71.01118124123073,148.3412880828574,148.21145183374085,1
67.91429588607738,148.35720246539051,148.21780145610884,1
68.9752991749819,148.36963452848076,148.22422582361162,1
60.357567198906196,148.3816496304007,148.2306200597492,1
61.74332067467442,148.39259839664075,148.2391678090678,1
66.57313649352525,148.40790708638548,148.24939912455,1
70.64439418999416,148.4271507778613,148.26203621711153,1
71.9837454958672,148.44689821824687,148.2746055720335,0
69.07147067844495,148.46509628830103,148.28627474125378,0
63.698679650963136,148.47962341994335,148.29614255713298,1
75.15935167144318,148.49151809029303,148.3074514132513,0
75.1362477481138,148.50363021947308,148.31804229249875,0
76.68268614963723,148.5161821939401,148.32629792015896,1
74.26103125288486,148.5277612169163,148.33620763302304,1
73.47931022965123,148.54002179876983,148.34570480510033,1
66.33472774530244,148.54852926172967,148.35431060291776,1
66.43405838304457,148.5629879192629,148.36475204265724,1
75.04819001167594,148.57837749583166,148.37552567234837,0
71.28213779716496,148.59557069183697,148.38571119554712,0
68.54124153930988,148.61165524736856,148.39745969374007,0
58.55194469848015,148.62363663382934,148.40708523288424,0
53.06094229067767,148.63612767575847,148.418610129181,0
49.54433462880861,148.6449255306814,148.43041926827607,0
47.87238113066033,148.653462961521,148.44111348137943,0
44.63318635607713,148.65697878841485,148.4512226075112,0
38.32956876059684,148.65395774772657,148.46112858759966,0
37.77629019760241,148.64883992269398,148.46982696640183,0
33.7493033516069,148.6396986888931,148.47786278303957,0
36.98687854647619,148.6336918635515,148.4858819655879,0
39.45069646670349,148.62874681341393,148.4937243709241,0
31.092291739761635,148.62017862885904,148.49961837457911,1
32.739770163280696,148.61317995481033,148.50692424133047,1
29.543320600221207,148.60519519886103,148.51165813635015,1
22.05341784236306,148.5958806088942,148.51706233286077,1
28.032302145309743,148.58687731637224,148.52099170175035,1
26.105878383786532,148.58054461304494,148.52506787652487,1
37.28341952046984,148.5754929134525,148.5313427809087,1
44.95607261768316,148.5695829177088,148.53682761105193,1
43.873940282676344,148.56137124469876,148.5414327212526,1
59.02603911268321,148.55544359607876,148.54722255049458,1
62.884812253137945,148.55266501598118,148.55209620614886,1
63.288761164774044,148.5485141447468,148.5565375427412,1
63.73448334472511,148.54912274016513,148.5623659405012,1
66.56346803902649,148.55277157673584,148.56754806492643,1
79.41407426317843,148.55871719169892,148.57308569500827,1
82.04621402226816,148.57232317092627,148.5802368754003,0
86.62978575766535,148.5865359542798,148.5890602141115,0
84.44738182424209,148.60051658037872,148.59720194937177,0
83.93353873699235,148.61289228924602,148.60601622980116,0
85.22773249688387,148.62837546985932,148.61431526817097,0
72.37428113262554,148.64402778681256,148.62071425616116,0
60.168334171400545,148.6527557724165,148.62514556414087,0
61.488049808685396,148.6620389651345,148.6286199110117,0
46.03473327309229,148.66781033792935,148.63152661587222,0
43.56430373592348,148.67164036443867,148.6326084888695,0
46.34268432917185,148.67614568793516,148.63236331714472,0
38.86747723008916,148.67622822466882,148.63097375963173,0
33.67737766525164,148.67206468111618,148.62689419619963,1
32.02942944592087,148.6699748081783,148.6233841292035,1
22.507871013115064,148.66495098557212,148.6213535767461,1
20.06635667158551,148.6557185638655,148.61777639557783,1
25.36201332664868,148.64864136105942,148.61454199937572,1
29.022203326485624,148.64123545169957,148.61238724360499,1
28.42388450490452,148.63539912378607,148.61060322767437,1
37.80588529446678,148.63138827144658,148.609632284079,1
52.79615442835983,148.62672707309991,148.6115159999484,1
53.67554536256885,148.62188564546318,148.61261930459162,0
61.19146712434912,148.61799785069562,148.61305009131735,0
61.23137014016554,148.61292099508918,148.612956351102,1
59.59242143693855,148.60545664553274,148.61183582743666,1
68.8111017435874,148.60477473030477,148.61316949475136,0
69.25418737554247,148.60547720959354,148.61288537767493,1
64.57067552181935,148.60556868553638,148.61287717295366,1
65.90417372262752,148.61237440904415,148.61509119488147,1
77.13635514341797,148.62240283857255,148.6187781089326,1
73.41827340804835,148.63050105365613,148.62298063951656,1
73.49955324249487,148.64249102343084,148.62843419992646,1
72.14873750024654,148.65842124821398,148.634383219928,1
72.79277838324586,148.67754653992907,148.6409259997545,1
67.09510759938205,148.69491677815176,148.64782156264124,1
72.42292211302306,148.71835308660124,148.65704617867476,1
77.65857282646803,148.74586682905434,148.66761674907335,1
81.03426446802766,148.77289715408665,148.67946802569523,1
81.10048941901415,148.79791187053368,148.69141573233014,1
79.90501028999778,148.82182625997592,148.70361186152047,1
86.53033548835943,148.84001305448754,148.71530337652544,1
94.53203675758515,148.86433625936428,148.72815664295632,1
93.99338890487746,148.8888180400676,148.74074414026086,1
91.19767736308532,148.9136178939679,148.75385501080967,1
87.54909316439768,148.9365434524475,148.76427576998415,1
87.80172135150485,148.95850450281742,148.77550528948586,0
88.31166724703328,148.9854072346585,148.7876426136396,0
83.01973855274818,149.01311701202988,148.79847488169958,1
83.72397453946296,149.03904548758965,148.809600759223,1
72.37212615744889,149.05932173047432,148.81901992444276,1
65.68879167086254,149.08082217471699,148.82638024103284,0
65.1918598272638,149.1014291753893,148.83439148837024,0
70.14514602454176,149.1250966500923,148.84421524781342,0
63.682143792368144,149.14368880910666,148.85324460769874,0
59.071762390913044,149.1592533129282,148.86017269986877,1
45.53766234836632,149.17052354407502,148.86764448157973,1
39.78617414664827,149.17290002953524,148.87567445192082,1
46.62784987652398,149.17692907168907,148.88542406831706,1
55.278208615809355,149.1843132585173,148.89801690056535,1
52.662510541741874,149.19079861114884,148.91127516020453,1
53.89314769427692,149.20083521056023,148.92517918557547,0
56.378785407059695,149.2058297130339,148.93999723830237,0
53.992948080202055,149.21020823895986,148.95600156339836,0
59.45695174992809,149.2144518261158,148.9716458179847,0
57.245716326497764,149.21987033793351,148.9862435109287,0
48.8337188058408,149.219369137996,149.00096551913805,1
42.35031512937738,149.21751830930504,149.01519339293785,0
45.25325406790427,149.21669049592975,149.02865689939162,0
54.99471179339389,149.21624063260865,149.04193736275204,0
60.72476229690705,149.21937645866257,149.05421519932915,0
69.46133621212773,149.2217341671574,149.06438307865585,0
56.28474630279233,149.22112878930264,149.07408874590604,0
45.89691841413889,149.21686282223345,149.08376123642856,0
49.30771619017918,149.21597495974038,149.09446619355924,0
31.251531752097918,149.2153895434927,149.10414585905278,0
30.759334547643704,149.21700339823954,149.11253594875362,0
33.62851426478153,149.2221283423796,149.12233490503525,0
31.78772758880048,149.22265674451347,149.13225929190793,0
30.58195182538614,149.2184045650892,149.14042896298338,0
41.16061704801655,149.21395151449036,149.14789463057167,1
32.09262325952251,149.2042289486259,149.15467034356337,1
35.58709851740339,149.19498900610807,149.16099643137326,1
24.670569411340978,149.183959764093,149.16621696974994,1
33.47820990082144,149.17605318844343,149.17104847739046,1
48.86622313290312,149.1740724748239,149.17790578959756,0
48.91531935394304,149.1736299301918,149.18307625657425,1
51.0787861799715,149.17379149996572,149.1863632613024,0
44.35868740590554,149.17241701533274,149.18846484389005,0
54.421603169424955,149.17170381520592,149.19145414062095,0
48.338166379665566,149.16794979373614,149.19266461283323,0
49.384349032555356,149.16563534255312,149.19463199388207,0
48.76647967851071,149.16331747837708,149.19368123351114,0
50.31440357043356,149.16037509837662,149.19238405975216,0
45.36725339999356,149.15347434829798,149.19040877529125,1
53.08045752788044,149.15097169827428,149.1899171573835,0
48.3924357410502,149.14640131354219,149.18769467304352,0
54.07539774844485,149.14254390581053,149.18518957349602,0
48.41845160667932,149.1395236464024,149.1828219456569,1
35.400244173807124,149.13756251568307,149.17983577422072,1
39.8589109189121,149.13541594277305,149.17833231549116,1
33.06924849389766,149.13410093472515,149.17598184756665,1
37.456513638463605,149.13247371685011,149.1734142479576,1
40.787273286506654,149.13627158316078,149.1706869429773,0
43.076590199955376,149.1359520134767,149.16795375913847,1
47.27066072276985,149.13302290307377,149.16741362565577,0
59.29421436470471,149.1353727795932,149.16901595078153,0
55.88919225489292,149.13470048619968,149.17108344396817,1
53.7404804040116,149.13239900470512,149.17065281709648,1
51.45262540500279,149.12844342340154,149.16910620657464,0
52.908461957695316,149.12609480687206,149.1667830911225,1
58.27982214066379,149.1268515598678,149.1650385336051,0
60.19331159123038,149.12963949085892,149.16320514464115,0
56.72060661210844,149.13109535685064,149.16073890690845,1
51.19159316860154,149.13229101107157,149.15754444927356,1
58.147021060182006,149.13408557009188,149.15560325024683,0
55.06082279069905,149.13647425313792,149.1545367191003,1
49.55373863905193,149.13772650862887,149.15327285322556,1
56.605574927066044,149.14188687556393,149.1529004975106,1
49.86909861590617,149.14521969820515,149.1514274004593,1
42.25320030114297,149.14811931363295,149.1498294574793,1
45.86231343313631,149.15268547785055,149.14836237184392,1
57.93416270883054,149.1583102425188,149.14828682924406,0
59.302948008527544,149.1618342994792,149.14867553387566,0
61.57055275389468,149.16660622213277,149.14820626409542,1
51.2941557652443,149.16889923663,149.1488175029107,0
48.36317284988104,149.16700760659953,149.14901763412553,0
44.15571355384033,149.16363670711894,149.1476867898639,0
53.61801391554584,149.16409755634282,149.1472291418282,1
58.468719048657015,149.16811701250435,149.14899118554067,0
56.17902322375497,149.17138320384302,149.1497557668636,0
50.976713866646776,149.16873905477735,149.15084257606568,0
40.40736880908124,149.16406927935031,149.15083725393805,1
47.478896067740656,149.1628154147028,149.15228116715238,0
50.25358199382443,149.16513120874328,149.15317565739352,0
49.49594729778062,149.1646541155455,149.15183590653547,0
41.21251881072326,149.16340130863182,149.15044527047633,0
38.01020435251986,149.16225707322675,149.14865908252997,0
33.14448903155606,149.15547551330494,149.1461238966995,0
33.648014976457986,149.15009816990147,149.14278514233754,0
39.99629255994012,149.14677237542938,149.1413584901566,0
40.83399591025249,149.14068604169213,149.1383826514995,1
34.41946127652545,149.1296455249097,149.1348180478571,1
32.67163904917766,149.12081300121298,149.1328506950102,1
33.44429880049529,149.11110562448266,149.13125877456932,1
41.96809286339523,149.10379523544339,149.12994691777834,0
44.6585414530477,149.09697256180078,149.12924613342898,0
40.201465738327975,149.09309373855928,149.12790672296344,0
40.143130570924654,149.08961889761216,149.12726724231212,0
37.575292638893906,149.0799336169268,149.1259396260382,0
41.629467057192855,149.07252229210616,149.12459830659682,0
39.66739736782505,149.06598781614113,149.1235973286321,0
40.58456408341961,149.05845004858293,149.12122778663118,1
41.65198348797999,149.05004556888858,149.1177907614435,1
35.58069468303094,149.04004936328354,149.11481459731624,1
39.86534698745652,149.0300570132711,149.1106495506144,1
41.33377540777821,149.01941489440614,149.1040621164015,1
41.408883149083195,149.01212135926434,149.09962743175586,1
49.889570581376134,149.01028595351764,149.09727867622448,1
48.91888759318313,149.01028521045933,149.09552185716063,0
48.09768990048455,149.00765280358854,149.09398168884317,0
40.980514036339024,149.00395329518182,149.08922334562513,1
48.36398936892879,149.00804387973477,149.08617980340742,1
51.89267686924093,149.00846778648375,149.08379966686343,1
48.0905277586089,149.00858529988852,149.08177649009608,1
51.44132959394208,149.00709505839356,149.079150713099,1
62.01905927085523,149.00855863985993,149.0780798881178,1
60.776757015610094,149.01033276502648,149.07694922552247,1
66.07887312409524,149.01398640041492,149.0761070522525,0
69.59483599708346,149.02203953922677,149.07666756244683,0
70.2866563061807,149.027388140399,149.07630583730324,0
62.62900870263277,149.03208233058368,149.0753560697253,0
62.87445012282682,149.04186950935178,149.07465149336437,0
48.32832584297027,149.04483619833638,149.07099152098635,0
48.86559003844369,149.04805714891353,149.06739496802854,0
49.92699171311887,149.04843121212025,149.06246234081047,0
40.012478339719536,149.05044389598294,149.05743663215486,0
39.252027706390244,149.0482338190521,149.05346627652912,1
40.519135303977954,149.04326419774068,149.0489453327836,1
36.66774596049475,149.0349058005691,149.04223737238658,1
27.29129906908939,149.02478046429076,149.03534059302228,1
38.86658689669755,149.02363836823406,149.03118307100783,1
41.25735817186954,149.0223045801339,149.02947392372087,1
33.86723040586183,149.01851024945483,149.02607760076427,1
42.90809113461195,149.0199259547778,149.02369438850985,0
43.67699453703505,149.01951698284478,149.02109586001873,1
40.45754953506782,149.01678728716783,149.0194342795322,0
49.50459657466616,149.0139676952386,149.0176334743272,0
47.46155308373381,149.00681372933923,149.01664233866623,0
57.49654394086739,148.99943578135674,149.01640260702894,0
60.32701820514461,148.9947476186121,149.01549593457634,0
59.412925278919204,148.99050129024027,149.01528216914457,0
54.982412317080026,148.98119733310136,149.01527221664102,0
53.54228321607214,148.97596331795444,149.01305164768294,0
51.396931051612746,148.96739763995163,149.00991177421614,1
41.59906503901489,148.96205698873962,149.00576704212898,1
26.660405597005735,148.95510964115655,149.00069146389717,1
29.11745291748896,148.94823714528601,148.9955236392198,1
27.525626688513142,148.94522332709755,148.99118710457776,1
37.010088174071065,148.94612115923383,148.98871238930934,1
36.09684619006383,148.94939671402136,148.98609036178837,1
36.01318363684724,148.9473592361095,148.98373163899515,1
48.57603011904423,148.94534835489776,148.98423324624682,0
46.410252849129854,148.94709844633553,148.98489875174303,0
44.44957830369778,148.94457975761185,148.9855065462412,0
40.977902898390624,148.93976780980137,148.98498017863088,1
47.801827526062354,148.93554700126987,148.98588712227766,0
55.49567924082366,148.93332070463333,148.9861132124748,0
61.00170017225115,148.93115762539304,148.9849910074164,0
62.04304794062884,148.92744603256787,148.9832669358724,0
67.41135024778575,148.92264064854706,148.98149107255978,0
67.98579591551723,148.91848944443382,148.98109662884536,0
48.00238753040878,148.9116978883165,148.97673382007372,0
40.46146051309498,148.90640769192686,148.97222760986017,0
46.018911463973694,148.90694749198178,148.96925665105346,0
43.775302939056786,148.9060502421899,148.96534911564748,0
32.762879278171226,148.90794169151246,148.96044468455818,0
26.513127151379393,148.90873833096154,148.95488586559384,1
30.176945770289393,148.90728109417157,148.94850498208044,1
34.530293208307086,148.90266232871062,148.9409615051029,1
28.01528939354486,148.89601941913327,148.93354287328208,1
31.844936413444103,148.89254522740717,148.92791679772455,1
40.415966299125714,148.88694528151242,148.92226355511104,0
36.255014688102875,148.87883084374823,148.91849660990778,1
40.66669313856509,148.87256050138535,148.91530788722991,0
44.40439362548771,148.87067653097998,148.91387830617475,0
61.22998834879267,148.86934724515203,148.9134484619453,1
52.35646953358792,148.8623812953603,148.91177220299807,1
52.53108654587336,148.85907448249074,148.91131512131645,1
52.850296904037194,148.85384481225609,148.91084254054715,0
50.80244953025956,148.84862853991544,148.91103030280962,1
64.4487608855867,148.84971529276953,148.91152739865956,0
64.28002092803177,148.85703260604964,148.91062503044,0
63.40073048519472,148.86398177513743,148.91041622013324,0
57.53858875885005,148.86384085572234,148.90682261143127,1
57.71771460183424,148.8682135564164,148.90482774507618,0
49.47146634994691,148.86946461339969,148.90151561505093,1
48.119475547343924,148.87016290667424,148.8973639501681,1
45.22167023959652,148.86931700048575,148.89350629053905,1
48.369546346929546,148.87211658841616,148.89003382792666,1
48.80770695863512,148.8787392514486,148.88713952641666,0
54.20902469179782,148.8820351758503,148.88453035196858,1
51.784345139536775,148.88394562115684,148.88336287033326,1
51.663787538423435,148.8858658162942,148.88245760924366,1
53.605194215476395,148.8869864321146,148.8831434040951,1
42.198731087115306,148.88707071299345,148.8838837958763,1
45.6717022570686,148.88788430581963,148.88655832781052,1
51.68378725277452,148.89464248409132,148.8903343385202,0
65.51461425387606,148.90025689908535,148.89332855011153,0
57.49786666666214,148.90633371622872,148.8949275633451,0
70.5574991234165,148.91486745263575,148.8972185982554,0
79.21194236474247,148.9173037567263,148.8995052069063,0
71.9343973951772,148.9166476374962,148.89914474347938,0
62.339899250689456,148.9159536906722,148.89795831786793,0
58.3364287703669,148.92037444400052,148.89714048598674,0
64.85725205925681,148.92372524765617,148.89841072021807,0
61.65641406984349,148.9296702818504,148.89916492728315,1
56.78719956431074,148.93515386335133,148.89809721365526,1
56.31790210103431,148.94150383155062,148.89764477300207,1
56.54649495840309,148.94494509357136,148.89703345232806,1
51.60805885658707,148.94707469347173,148.89691314438653,0
51.27373384058813,148.95161223116958,148.89777946666288,0
54.748523177452284,148.95773859943154,148.90177915477926,0
53.07636669236385,148.9638776653647,148.9054455986188,1
44.03743107838763,148.9683278639373,148.9076955528773,1
39.07786370531139,148.97029017254175,148.90957976801704,1
49.63798156625202,148.97164983889988,148.9120415867655,1
59.878658956009815,148.97408647520376,148.9164735962171,1
57.48765768899167,148.9747148685954,148.9203020598811,1
51.404158272546326,148.97561343915837,148.9241080075242,1
59.53839009272886,148.9781330381759,148.93006404587243,0
69.56252292676194,148.98198871412208,148.93528260159223,0
70.76656502765411,148.98923789503368,148.94006178888787,0
62.560354112698974,148.9947249916722,148.9443159770375,0
64.21333531052244,149.00154090863205,148.94873264888543,0
55.932692600877836,149.0042453935155,148.95183826523228,0
46.343287443516694,149.00482517616715,148.95335609968922,0
47.38142889793025,149.00733173336513,148.95607738885724,0
47.512342385049486,149.008402599219,148.95737601969338,0
51.32368780620234,149.00872490853763,148.9589854908407,0
41.46224929609107,149.00541340741702,148.95962709138718,1
38.71477802180003,149.00218798664108,148.9587685442115,1
45.93069836626584,148.99920461279817,148.9586479574787,0
39.892784673513,148.99319927673724,148.95713259925873,1
37.53635866055775,148.9907563867767,148.95846176529903,0
32.686667341653504,148.98882717780356,148.95782521657185,1
34.827391266561506,148.98725087503018,148.9591560914177,0
38.06516394771997,148.98228370807425,148.96132191677708,1
34.54182904135209,148.97808511759953,148.96380930672657,1
36.948384639094776,148.9740126658117,148.96486643848243,1
47.93910831699264,148.96936935196365,148.96631608607845,1
44.268966464713664,148.96082606342236,148.9667989566211,1
49.388380896229954,148.95266504159943,148.96754955706493,1
54.69732132578378,148.94962814571647,148.9698209088064,1
64.0958579277387,148.94667470856626,148.97260795946605,1
67.8156163990181,148.95099721913752,148.97740886768992,1
62.088898805231935,148.95667144253545,148.98087095437555,1
75.61983513431997,148.96526203732927,148.9843252101524,1
72.65354834652342,148.97492422003933,148.98724294807496,1
80.94618131826752,148.98784134848492,148.99158854374318,0
79.30454429737479,149.00395990191458,148.9952640710987,0
76.91978416381093,149.01706894830008,148.99867462084097,0
79.3967179573065,149.03058175582413,149.00422160480986,0
77.40107779244313,149.04734440207096,149.00968888381823,1
66.38959525094681,149.05876018358703,149.01381606113364,1
70.48258338185609,149.07083012174746,149.01666716620838,1
70.51300628524565,149.0823707719964,149.02023628747608,1
71.231542592526,149.0971795216613,149.02613218010111,0
69.70554795728165,149.1121727382947,149.03207686942423,0
66.7772789514603,149.13053068088104,149.0391006734063,0
61.836389898729635,149.14313976203056,149.044742113502,0
55.86418454940946,149.15752618277648,149.04916453726383,0
54.92762025888963,149.1699088786718,149.05241766876102,1
48.59346682303095,149.17957423714822,149.05609953751983,1
49.07050546992401,149.18782665570978,149.0604074761751,0
54.413652584978806,149.19242697386824,149.06626358822052,0
45.39529276500771,149.19721486774444,149.07109696591334,0
48.74332110903315,149.20017250564564,149.07475962232914,0
57.552696710571524,149.2032664999131,149.07866360060206,0
54.60022047712422,149.20152870170918,149.08195464876349,0
50.0089661605453,149.1995537893141,149.08383237155397,0
37.67100326292494,149.19812547245056,149.08512932417239,1
35.5765906257658,149.19340461792916,149.08588829396805,0
18.95802775549879,149.18985514933624,149.08774094688386,0
27.562738959106724,149.18963638405197,149.0890542513016,1
27.64617383057353,149.18960679026566,149.09081172490846,1
49.02861688800497,149.1910398752619,149.09472216711399,0
40.009695292134936,149.1867411263946,149.09789593731287,1
34.69156753526909,149.1805809617649,149.10094821444255,0
50.8169175098997,149.17768969905518,149.10668658961333,0
47.486580000586045,149.17551606372768,149.11278317602628,0
40.51515815110802,149.1713058341646,149.11681167627322,0
44.66869065871447,149.1693845051775,149.12048962571274,0
40.424817392882964,149.16307382331186,149.12404935614964,0
40.0233850313849,149.15604891666663,149.12652448813108,0
49.467544587826445,149.1522767789462,149.1316434286776,0
45.096357575846135,149.1460446688111,149.1346144834257,0
39.91100371908667,149.13507071970312,149.1358744269807,1
36.52329195836445,149.1208480907688,149.13576878986976,1
40.263551693001695,149.1107044592291,149.13663136613047,1
39.801520965943276,149.1033288116925,149.1374161554455,1
41.205518076751574,149.09512893738994,149.13885047375942,1
44.959717771103676,149.08882541815893,149.14035244459185,0
40.511329371946104,149.08555913406292,149.14211334222242,0
48.77321071565583,149.08612154612064,149.14483298632337,0
51.978453845283184,149.08709991571146,149.14525280353803,0
43.57049546185821,149.08008348053227,149.14408698231273,0
46.760128265265514,149.07384865098172,149.14133058277383,1
46.24475087190697,149.06827256834302,149.13828755376403,1
38.01571490918413,149.05589766136274,149.1339091147644,1
41.671742437141454,149.045426059131,149.1293696389128,1
52.82361454792411,149.0404838649544,149.12617764293498,1
63.510323886778366,149.03674791968282,149.12295609125624,1
59.96218805163757,149.0372738088049,149.12002111884325,1
59.8791236752831,149.04078243453927,149.11933338851196,1
63.59363067943175,149.0402920277917,149.1194281910953,1
61.636936385891325,149.04340145757482,149.1190267576571,1
59.955945228579594,149.05296987230187,149.11819056723692,1
52.574105074169104,149.06604963754816,149.11731954957114,1
62.524813328414325,149.08172864712984,149.11711055263,0
67.7776327290874,149.09167389094327,149.1168298070106,1
69.85475343197913,149.10161182723473,149.11648473154273,1
72.02554347054841,149.10973961284876,149.11628473826264,1
75.17191578968483,149.11574255644274,149.11658066994022,1
79.35175039796492,149.12058578322004,149.11793663732743,0
76.80340933062082,149.1259255229171,149.1186522231576,0
62.873508637556306,149.13322898625046,149.11849262971512,0
66.82937711566956,149.1442531943578,149.11896285825873,0
65.72542029402227,149.15792147431029,149.12014954352293,0
53.94547130251787,149.16782189995217,149.1204263940616,0
53.6767788328386,149.17813361321222,149.12080156847207,0
43.49147752508849,149.18238725786532,149.1198823571009,0
40.97303503127062,149.1823051607289,149.11851630837614,0
27.69667647100151,149.18058839024513,149.1163144152068,0
36.393230141429186,149.17822429919548,149.1147685545694,0
38.79324340463001,149.17532139232577,149.11371403191933,0
35.07005269651815,149.1693999178968,149.11037077471107,0
37.35344190693498,149.1634176296979,149.10886116855826,0
26.85807578316772,149.15406848771545,149.10671455995137,1
28.767442138010807,149.14085087218427,149.10237502188164,1
30.185937200779676,149.12903412959508,149.09823703335755,1
24.309296323084226,149.1175532316837,149.09498369055038,1
22.671593060333834,149.1074822732579,149.0915238454948,1
30.926318970537196,149.09759325298154,149.09038844180813,1
38.927519650000804,149.08785476947293,149.09065897844997,1
44.77396656638002,149.07798699729526,149.0889363104972,1
49.59359778847914,149.07198796049065,149.08886994638695,0
52.09434572917755,149.0631244446085,149.09018434822087,0
48.598362805734766,149.05297768497695,149.0930013812062,0
50.45824149496976,149.048160186752,149.09540868507077,0
58.206906561022926,149.04313135998305,149.0967225877883,0
41.82763310609346,149.03762750899236,149.09688178574186,1
52.31941518923795,149.03435093932202,149.09672651684136,1
52.53608433771487,149.03390783521294,149.0956538956668,0
53.47843693432564,149.03013502547327,149.09237394631043,0
47.61281031130169,149.0232309491572,149.08816644529762,0
53.058138479314,149.02249914513325,149.08733704055143,0
52.90737424077542,149.0208983630153,149.08768105337168,0
43.75782928820253,149.02199067684398,149.08820180335178,0
38.775274539774685,149.019804015944,149.08793756371415,1
33.597439432211075,149.01760045473577,149.08710679159947,1
43.10574939557371,149.01912450893747,149.0864399481436,1
42.86734127347982,149.01982940376024,149.08475643912575,1
38.317484790475106,149.0181384932231,149.08273431557535,1
41.483478231163254,149.01459778531392,149.08018511875983,1
45.53760627989634,149.0094211134726,149.07658794476956,0
51.173704349488204,149.0069133869119,149.07427471812179,0
55.10240014367495,149.00840904035383,149.07236001544163,0
56.07642404086791,149.00845447330613,149.06996331550937,0
59.29425355556847,149.00611162855094,149.0651618776392,0
42.155155926232474,148.9981379936642,149.05930822887666,0
35.45107499062101,148.9908879740687,149.05259224447545,0
32.76960258756603,148.97990694217816,149.04479344857313,0
36.16244692976899,148.9684127396319,149.0367219689425,0
37.52465352067948,148.95771074982744,149.02722393295338,0
27.544314545082955,148.94687691405576,149.0165470017531,0
26.217672208101476,148.93211785709843,149.00689258889065,0
30.1014701441529,148.917387616342,148.99693482216537,0
30.19234115962658,148.9043471619738,148.98677207841715,0
27.92382426028125,148.88961020744074,148.9766528867096,0
19.344737277550877,148.8764233500494,148.96642268633434,0
8.936395196713974,148.85724176248806,148.9563817499927,0
15.320135872979392,148.83976281643513,148.94773950140825,0
20.884537887280942,148.82526289806876,148.9406041187048,0
23.902160295811143,148.80762144113345,148.931943975535,0
25.4309493620773,148.79009207655776,148.92249621846236,0
27.593824706643517,148.76818040079726,148.91378691128196,0
21.823118108740417,148.73822480679843,148.90228288628182,0
24.49841821090969,148.71006085933297,148.89236026415637,0
26.80639240826393,148.68269472044523,148.88189941694358,0
33.30065254740937,148.66334042279283,148.87303074615576,0
27.75792380884721,148.6448480915754,148.86351018843212,0
23.424803907055534,148.62796710363656,148.8529873807246,0
24.1752096229486,148.60743036779803,148.84065681486905,0
22.579783285592043,148.58538671053,148.82623670937622,0
22.932789284690884,148.5637152964502,148.81083832141508,0
23.47344382058263,148.54488682957924,148.7960521365261,0
17.619577274490524,148.52337754744605,148.7810360633004,0
19.740761974004798,148.50096679747455,148.76596772341617,0
20.381944185789365,148.48194668424645,148.75016748570735,0
19.088934728262373,148.46038935954496,148.73332588615912,0
22.837948016583226,148.4415420425999,148.7179475634357,0
24.69684333655512,148.42201660899778,148.70280576927854,0
22.746826655211407,148.39805720639913,148.6862638671793,0
21.66824061295344,148.3778992182991,148.67104965266535,0
22.144097719326112,148.35755984915068,148.65622777845974,0
22.41349890443658,148.33717502468892,148.63965726310423,0
29.688643329171015,148.32298913437953,148.62311919482752,0
30.707623946746196,148.30658022003325,148.6061960814321,0
35.121169417764676,148.2908625579442,148.5903228337437,0
25.817011768892883,148.2722842837317,148.57490427775414,0
29.468495504662087,148.25644034636835,148.55843652340445,0
21.438774329474626,148.2366859446191,148.53972999706815,0
18.6872402654716,148.21622312974895,148.51989066947942,1
25.634826774654,148.1993627246987,148.5001426851301,1
32.71997293934926,148.18743493554334,148.48204385024334,0
26.77770475707044,148.1712696943821,148.4617946595141,0
29.16224778787482,148.1561161747503,148.440118917059,0
25.62587066704735,148.1413407233459,148.41912222343208,0
32.8406707728015,148.12895153412546,148.39930344793717,0
28.511835581112734,148.11488415527302,148.38002435080264,1
23.271877158265454,148.09922484367988,148.36128231128015,1
23.9299948451672,148.08149548149578,148.3434411850056,1
28.009785026520234,148.06801157014553,148.32610339938475,1
40.9459795839324,148.0582748037432,148.31127527423163,1
39.78912971841172,148.04992090240563,148.29744537379966,0
42.62087134879044,148.03951707504572,148.28261695028314,1
50.85140262831027,148.02882652739598,148.2676947592491,1
53.52060723897484,148.02254362419376,148.2534746663201,0
49.937728278002126,148.01641707806544,148.24104558199355,1
49.953649839501665,148.00897674789965,148.22792563689424,1
54.66491744550558,148.00337611800552,148.21689026561145,1
55.938883847824904,148.00453851268767,148.20564027556918,1
49.407263421188155,148.00748450248227,148.19277931124483,1
59.51394867967286,148.00991014443173,148.18105816644945,1
67.31525797259664,148.01224786834257,148.1709061669573,1
72.08929055036116,148.0192333234686,148.16221582858267,1
70.08011090719245,148.026612878389,148.15547414569525,0
60.102665168941385,148.03254243271292,148.14811485278406,1
65.7999975244947,148.03966022886124,148.14208965130356,0
66.98967719755609,148.04858999580648,148.13412418000811,1
67.1016055755191,148.06046049608614,148.12752727308444,1
54.6740470029112,148.07002489000845,148.12026429955432,1
58.33620057881376,148.08039617872396,148.11528972375515,1
61.71115254275791,148.084648050143,148.11097981007686,1
62.74700565620051,148.09222544621042,148.10884943370377,1
62.18316662303204,148.10401873615942,148.1062697129152,1
61.11596721814681,148.11220028685426,148.1032238550124,1
64.34209375930425,148.12061547404787,148.10133413694942,1
65.85002890351294,148.13224035985166,148.10116305223565,0
65.05600283405929,148.14784112565474,148.10290634333813,1
61.710612091279586,148.159620454098,148.10412163021067,1
61.94757397549815,148.1692453816442,148.10453178462774,0
58.62781404700213,148.18147259591802,148.1061454670524,0
61.12187273505392,148.19128773072737,148.10641357142075,0
64.83354959169199,148.20265212195204,148.10894307607785,0
72.7073688654258,148.21171161633828,148.1120304652424,0
56.06215428437717,148.2149062953015,148.11224101006403,1
58.21533654865836,148.21965115461774,148.11334322661784,1
52.45639971761439,148.22089446700863,148.11410241492933,1
50.238333195497056,148.2246606705067,148.11507473471812,1
53.98702888004525,148.22663284355852,148.11560427196054,1
51.36484215931121,148.2334431778234,148.11896719283607,1
49.34644044342653,148.24037648608842,148.12495106629092,0
46.247406477408894,148.2485127570344,148.13063982301114,0
48.33133191446459,148.25307509388705,148.13510549704125,1
49.73563360830247,148.25645311746558,148.14034308214863,1
49.03162053333229,148.26259356304143,148.14581481032886,1
48.49901476959398,148.26378293429426,148.15031102132878,1
41.30176674601777,148.26281014293346,148.15470649575886,1
43.538289899005754,148.26089784752835,148.1613118202403,1
72.27908243096651,148.26410693251245,148.17007446574374,1
75.44114534398159,148.27079072496696,148.18024988201623,0
72.39558683494003,148.2756248083245,148.18919076232396,0
75.47382934845116,148.28384989136964,148.19664360647133,0
70.9386028194495,148.28619390043198,148.2034522752884,0
70.60479759386908,148.28976581700758,148.21212996202715,0
62.887195145287876,148.2982002897313,148.21999051499816,0
55.19410070877648,148.30360315191012,148.2257670377044,0
58.427179430983664,148.3104032070915,148.23169686653978,0
45.92704271969208,148.3114207236013,148.23605232499875,0
40.12693781126536,148.3093655257383,148.23800003505363,0
41.99647382398565,148.30512171647598,148.23920047435138,0
39.767282957447286,148.2985711507845,148.2413857256118,0
36.46309941180183,148.29057034420538,148.2429039029206,0
24.380568368148076,148.27981563955805,148.24213260552742,1
15.131833259800842,148.2673366364676,148.23958440734825,1
18.721011691840616,148.25568271823263,148.2374427462663,1
17.07975903811021,148.24710531282713,148.23613617337443,1
18.538605451247875,148.2372044689675,148.23372419180134,0
21.814719987084004,148.2288502060598,148.23341590434157,0
25.5624531317262,148.2179517635812,148.23307097274176,0
26.20568152513384,148.20259857632362,148.23327935654228,1
23.662046656373036,148.1881485222497,148.23229169973422,1
26.75686727420637,148.16875692060646,148.2302871546567,1
32.181956057668046,148.15124194954188,148.227058876621,1
41.15180350747692,148.13464760819645,148.22438151084197,1
44.829519857675585,148.12072543451845,148.22340057406385,1
53.625971530434,148.1121956556925,148.22239911036226,1
60.90640234024121,148.10236961678658,148.2197485693137,1
71.22259880525456,148.10148469345242,148.21750975211785,1
68.65094838074387,148.10406219221684,148.21577673030114,1
71.2809228001724,148.1103062301715,148.21562481376228,1
71.24295623337551,148.1163184582579,148.21532407054775,1
69.97572542221911,148.12472439716035,148.21627856949377,1
72.85497756233917,148.13992102838702,148.21704016810142,0
76.62291032364578,148.15650344313002,148.21750113806493,1
79.12212392719853,148.17270318585292,148.22056150248687,1
92.21465500253362,148.19047979439068,148.2244676292836,1
91.99454778307907,148.20799632998785,148.22856493699305,1
79.8657185596377,148.2200030375508,148.23155285115922,1
82.27213621560355,148.2358972862549,148.23677674982028,0
76.64526752562122,148.2524062215859,148.24086457404727,0
79.05951781873131,148.2698917527021,148.24409780637973,0
78.70070780681857,148.29306728613324,148.24810896629623,0
75.82147633210161,148.31512771389706,148.25187992462494,0
65.55039412637632,148.33247434468342,148.2547900017291,0
66.46413782837884,148.34886364664467,148.25790860750513,0
54.773653781601425,148.35814654311474,148.26014455389046,0
47.30166213988164,148.36746192569254,148.26160928241734,1
49.29117910708805,148.37433055200444,148.26288283390826,1
47.1028021017614,148.38102823317075,148.2625452505645,1
34.73956375857561,148.38102033893847,148.2597166593509,1
43.18953409939321,148.38460738550768,148.25891710142102,1
48.59828570452678,148.38685176198618,148.25747931774038,1
45.24645099818163,148.38899927098427,148.2581623163223,0
46.13291750425037,148.39099838745375,148.2579941662434,0
41.834304499910054,148.39055290881942,148.2575025501221,0
36.93957488776115,148.3878375801045,148.25816140056136,0
38.36981486564757,148.38493813144987,148.25837890673637,0
37.74126545998889,148.38235823302122,148.2599278549272,0
44.300278185774424,148.37827821453277,148.26434182533808,0
49.30419167039592,148.3738594131876,148.26835965273193,0
42.88618687373719,148.3649933739787,148.2706666956574,1
47.641159803816755,148.35650727328976,148.27448373793,0
46.79822777693853,148.34825450002342,148.27925546881113,0
50.35641656186952,148.34089389749147,148.28421290613863,0
36.89167339224637,148.32904306106133,148.28725274463662,1
44.20952248405338,148.32505430719655,148.29132415163824,1
34.41261063502154,148.3188388611185,148.29426303927775,0
35.341220325880414,148.31220811384225,148.29622599702125,0
41.869878567960995,148.3082072996795,148.29864746500382,0
42.50448720563698,148.30857783990524,148.30210836478355,0
42.98581017011372,148.3052693712511,148.3057654410216,0
41.416142059076755,148.2979468240897,148.30915527913368,0
32.657073288791324,148.28563929722858,148.311921255397,1
35.14994164840536,148.27432799885884,148.31386632250835,0
38.19396385630957,148.26322597080818,148.314502764638,1
31.898817843333177,148.25197677945366,148.31407385006582,1
37.46583223650081,148.24272290495762,148.3145202220048,1
44.628885831830765,148.23822911145703,148.31462562212903,1
46.80979861133337,148.22773932015758,148.3138126765144,1
48.916672725804276,148.22351781280213,148.3136442857842,1
58.23778025063523,148.22509705702447,148.314178135164,1
58.0050897061485,148.22371814600615,148.31408123746832,0
58.67697031986686,148.22588509120845,148.3136410939397,0
64.843434688554,148.23466922445462,148.3154792186685,0
58.635347562951324,148.24417575208238,148.3158417711284,0
65.32116833622213,148.24930996707795,148.31485622071312,0
58.254852791789254,148.25201995749785,148.31187249028173,0
58.2691904717076,148.25502847401475,148.31023617160682,0
62.602072779222034,148.2568204718034,148.30701673922323,0
61.880734046075126,148.25758746410185,148.30418086178994,0
57.100734659336574,148.25703135824307,148.30062128323797,0
46.54553703887514,148.2557023823176,148.29420931760743,1
51.990484517427056,148.2570034168994,148.28867153659797,1
49.336260750938365,148.26112292456574,148.28532575446127,0
44.191063863548884,148.26567757570209,148.28122833626097,0
45.993853671967656,148.27075883126207,148.27911876532474,0
36.73202088953355,148.2708387691242,148.27587095937747,0
26.848076013004643,148.2697954183214,148.27281156865584,0
29.361867205617173,148.27060325560794,148.26964268548923,0
28.01777389663566,148.26483317833703,148.26716942154363,0
32.511170194145265,148.25566664996458,148.2626018409468,0
30.007675342313263,148.24562951592526,148.25759233904395,0
30.120095965497114,148.2340179976939,148.25164858462355,0
26.815384378224934,148.21422666831896,148.24477053101455,0
27.426181735830923,148.1967564133849,148.23832317295458,0
33.33217039221479,148.1796954324281,148.23159936164257,0
27.214452613051222,148.1654860094491,148.22409164148144,1
29.58873172548428,148.1548373401817,148.219227814471,0
28.862459127934173,148.14148061027691,148.2122976975209,0
24.21048062287386,148.12672473645313,148.20532699109614,1
25.602345974370834,148.11125317802677,148.19912520485718,1
34.16928793786765,148.10433059627746,148.1933386468025,1
38.3948883490265,148.09780558510062,148.18849197062883,1
37.83837381492054,148.0859649815788,148.1833541880962,1
45.75851657360529,148.07789504523782,148.18076912993155,0
48.14278314362662,148.06929238018952,148.17681399452192,0
47.601373993693095,148.06474734692884,148.17423435370162,1
51.77844309107942,148.05842089197455,148.17129667990875,0
50.17568211943323,148.0513045549834,148.16688158761082,1
51.79477677933537,148.04663269053418,148.1623913617952,1
54.3725581675277,148.04243987597326,148.15747004283566,1
54.45698254238966,148.043156503809,148.1556762109317,1
52.497198701522606,148.04020421356594,148.1534745511585,1
61.19651069767172,148.04357874654568,148.1524708300893,1
65.78226983101766,148.04758780841303,148.15206790799652,0
60.68716624191303,148.05235347110377,148.15175003830262,0
61.7543347794133,148.0614105663028,148.15156670601948,0
63.63560716360911,148.06507785846355,148.1499673132736,0
62.74005903396876,148.07256112866781,148.15022642092498,0
48.321917595871255,148.07551524265492,148.14612596303724,0
44.55590487206523,148.07904202244396,148.14070319102498,0
42.622370664588246,148.07652493956,148.13446136422402,0
41.07370192059267,148.069998123672,148.12613718361428,1
38.98132532945252,148.06507409889176,148.11551613787105,1
42.28056674263948,148.0585495150646,148.10651863512447,1
37.113733411334884,148.05313854368885,148.09834542516631,1
42.56312078289657,148.04769080443262,148.09250269247553,1
31.51737562993617,148.0415307540728,148.08589759193197,1
34.17813708777784,148.03785396027325,148.07929498299873,1
33.095019544056115,148.0337029551445,148.07283755821223,1
33.73037503799091,148.03284024579682,148.0677935978572,0
40.414775909291016,148.0296676229307,148.06526230717694,0
35.46752122346618,148.029382011767,148.06242598910555,0
43.267350840733386,148.0236919287995,148.05749843178282,0
43.623445484619126,148.01679970811426,148.0525167609614,1
45.71776422356567,148.00802273717437,148.04665560066752,1
51.967843322237044,147.99669469898868,148.04190907796527,1
55.44407040140095,147.98736208464442,148.03699397980282,1
57.470583915501805,147.97769613957058,148.03306357451004,0
52.493385317158555,147.9739321372411,148.0297655465989,0
50.81691250902149,147.97180272181254,148.02715761976415,0
57.8083227149454,147.9720428604513,148.02502670203444,0
50.234645577693776,147.97391979838437,148.02209790389045,0
42.483655197960886,147.97422010192102,148.01951351131189,0
25.619667370535907,147.96977046765736,148.01572425683344,0
15.579197633297795,147.9622200125586,148.0113552572185,1
20.26178029570572,147.95518405478686,148.00838191061064,0
20.77086970031823,147.94806698728453,148.0031894507731,1
21.943311723018496,147.93960374477516,147.998544236798,1
28.598368069121705,147.93189875515245,147.99490716569196,1
34.767129731726,147.92327044664916,147.99260050530611,0
28.137758799658926,147.91052349449754,147.98773946646497,1
30.491690263120432,147.8999195106715,147.98327155933393,1
38.76829612677156,147.89380808885528,147.98063567469342,0
34.60942374426878,147.88664026513055,147.97601484891848,0
31.30087745249122,147.87886604943495,147.97048506836572,0
39.381063430429194,147.87443252325966,147.96578314849762,0
42.085326706543526,147.86907847451744,147.96125701282,0
40.434955364080274,147.85721606951387,147.95542818032223,0
38.162077847865476,147.84236585698085,147.94805881317757,0
35.008031290723736,147.82692746037125,147.94095265352337,0
33.74837135858252,147.8085951876665,147.93120217557743,1
33.291251845734095,147.79049264506804,147.92221327649128,1
30.973257906749595,147.77451540910118,147.9118881763341,1
35.80298441023703,147.7656703866629,147.9029572881334,1
38.03858746724934,147.75772348299733,147.89350326197592,1
38.40169479315877,147.75110331591515,147.88425901045557,1
39.82280989515081,147.7492078537728,147.8768414488968,1
49.68058016765513,147.75101941481194,147.86992755125567,0
54.00401177599389,147.75242832686925,147.8656723993777,1
42.13957555378658,147.748330107613,147.86031573937373,1
44.508078766466554,147.74764682923933,147.85618822233673,1
56.870750059548094,147.74707718432236,147.85410318359405,1
63.45663479892452,147.74382747011592,147.85213702318308,1
69.6380333778558,147.74695284955766,147.85137618271568,1
78.15024698381009,147.75381258827113,147.85075468619863,0
81.66135284500604,147.75929237839884,147.8504237780841,0
83.06530376813774,147.76750933377613,147.85164844470134,0
81.5579182385322,147.78138747911729,147.85284158785984,0
69.45690677625929,147.7928341078348,147.8517112742537,0
64.73928679612166,147.80372578672635,147.84930686989514,1
64.16251262713533,147.81984943777763,147.84727490151624,1
56.47700495535199,147.83509653841242,147.84449908714942,1
54.605857314389496,147.84977613388048,147.8423218583665,1
58.62963279831953,147.85889996998202,147.8397973928805,1
62.605103552018974,147.87262449702172,147.83934396591488,1
64.25227036385124,147.8877052243434,147.84066322059746,0
60.85857826283709,147.8976578219982,147.8409597438383,1
56.26756187623224,147.90475753970406,147.8407521113091,1
50.61685460342477,147.90971555465265,147.8399857663423,1
50.7880062822075,147.92039089431896,147.8397510083763,1
48.58729194628285,147.93117616777835,147.83984154526755,1
50.42630458853253,147.9414392578407,147.84111096737658,1
63.10216838620423,147.95261912836793,147.84349663376184,0
73.3473938861201,147.96645108093892,147.85004842802834,0
65.38533995926545,147.97609100956475,147.8563030850011,0
61.2752905983841,147.98067001731096,147.86061816309373,0
60.560289377516035,147.98196462883692,147.8652075013223,0
58.4561712342641,147.97903819294245,147.86861536712678,0
47.554160952602,147.97833284282234,147.87028490932164,0
37.93441977275932,147.97651379306137,147.87060420846007,0
37.834226995504125,147.96999360264118,147.87106294477366,0
34.81028333506592,147.9631490932736,147.86979092019027,0
38.691819700268596,147.95794910707565,147.86797826565464,0
34.792806021884516,147.95394459366048,147.86671912429247,1
32.04288064874669,147.94558482871534,147.86603147762702,0
32.425021471602065,147.93547526342152,147.86508031666222,0
29.246901466047746,147.92562891742753,147.86357992100235,0
11.567247849006918,147.91486929315357,147.86381340076497,0
15.400705763736013,147.90643061211384,147.8656116683955,0
15.104112733737253,147.89232477483472,147.8659099341617,1
12.921350689781164,147.8718062187282,147.86512595769221,1
16.94071820742292,147.8502518092798,147.86501463306126,1
22.673767842315414,147.8290497397403,147.8653103660175,1
37.140576120472986,147.80589850572298,147.86613967565236,1
40.87631391483645,147.78538185509342,147.8673664338395,1
48.355770997287976,147.77048157173024,147.86836946541976,1
45.17150245150221,147.7560209841814,147.86793275348572,1
48.67923170790576,147.74570002188642,147.86648760995658,1
56.133754537664025,147.7423869251067,147.86626834861661,1
44.71853758360941,147.7365864911286,147.8659067618663,1
48.94148345193223,147.73374764965922,147.86550327294162,1
56.863771081981554,147.73775973928664,147.866063942176,1
56.62848846706233,147.74124859173563,147.86694671430251,0
68.71019978697392,147.74952129394626,147.8677465020479,0
77.78242215164079,147.75679577764217,147.86722475337544,0
76.99739148315885,147.76201688819498,147.86617012058068,0
76.15499908293177,147.76901113937706,147.86418064324272,0
58.92237628329848,147.7716733915173,147.85992776572496,0
53.41195267938768,147.77093538975026,147.85685218116168,1
46.47502680015815,147.77206911071625,147.85324726375768,1
50.11658803338169,147.78030583160083,147.84930851522148,1
52.00978742056577,147.7897094111925,147.8468597821733,1
47.33969578859941,147.79874196665187,147.84489669912602,1
58.8522084031829,147.80502961565293,147.84459153392075,1
56.675249876066985,147.81060297897622,147.84255782662132,1
53.10358860709655,147.81702544833234,147.84009755501535,1
51.94318936395859,147.82390062335546,147.83842987402863,1
43.841048672083474,147.83024542283067,147.8366827632072,0
45.59673763976334,147.832304933927,147.83530410032637,0
49.57130842391607,147.84059114708919,147.8339868629744,0
47.34185744818261,147.847026321701,147.8318433345107,0
64.94630854340457,147.85089311471899,147.8298454849273,0
65.20390779744007,147.85162269294202,147.82654814013213,0
65.1823561043865,147.84625333717287,147.8196674045415,1
64.64733626351449,147.84380456554527,147.81431017576764,0
60.04329012458682,147.84123051677037,147.81039432036445,1
55.060324451135564,147.83757550843012,147.80642499508002,1
55.42595631852336,147.8408128302155,147.8046376206342,1
52.561648720724556,147.84529286151567,147.80363618863902,1
43.643998233556054,147.85175959220598,147.8033455834155,1
52.386182746474915,147.85950824374765,147.8051143716641,1
59.141481425276694,147.86873917743318,147.80909581583714,1
65.94901002414534,147.8807425731269,147.81401408554655,0
62.25472929283861,147.89029227094187,147.81913060483328,0
68.23518625602183,147.9029391091067,147.82549953877785,0
60.336406517479006,147.91081276252913,147.8302325546584,0
61.47402202309628,147.91665334761308,147.83483964610286,0
55.62333479666606,147.91714946744406,147.8375948329234,1
58.71629566727925,147.92194675270534,147.84151055656295,0
55.664087672895086,147.9233083410467,147.8463802894592,0
56.91177414334233,147.92532355221996,147.85325026790738,0
50.74425777355322,147.92315286131523,147.85900590574147,0
55.16782632257424,147.92503609356731,147.86494268166294,0
54.51707410254531,147.92852311097175,147.86871724664098,0
45.4038152879717,147.9275915261235,147.8711940441797,0
41.0243285765995,147.92783581523202,147.87333601776515,0
29.834956089308548,147.92590750758504,147.87437960444146,0
28.662157566739552,147.92014897045811,147.87441720006285,0
18.765138983065683,147.91106908444738,147.87110905237532,0
18.19239467921399,147.89927980281874,147.86842290809156,0
20.304928607138834,147.88478225883975,147.8655282153363,0
20.85926148544975,147.86252082314203,147.8590002493793,1
9.306211555369487,147.833491751832,147.8509113495851,1
9.9108070376206,147.80508389634002,147.8413556457908,1
9.609922130243675,147.77274060880353,147.8318774712424,1
22.368570358962316,147.7469115619527,147.8241904241615,1
27.91051322570958,147.7271553032824,147.81809731166499,0
27.075033488358656,147.71069378344797,147.81320298969567,0
31.92717582907848,147.69175353823056,147.8098378159551,0
33.23509591178616,147.67638964427968,147.80810850288452,0
35.07622991174448,147.65998361289124,147.80512138042354,0
33.61744874053309,147.64228689284374,147.80003689840197,0
38.76290474811333,147.62302074152728,147.79465419161312,0
42.66145278308152,147.60420548174108,147.78838759307624,0
40.392594075022835,147.58732014395514,147.78188091017125,0
49.84665187275291,147.57043401659695,147.77469944507098,0
53.32816000545936,147.55506601851965,147.76684576250716,0
48.0467907183119,147.53900610733504,147.75792147386463,0
50.891105776971905,147.5278556440004,147.74932933640466,0
42.646175038922685,147.52071222643704,147.7404713398307,0
25.200339598761815,147.51057137291286,147.73094623582105,0
35.38031241247258,147.50683142684517,147.7213755742298,0
25.690291325724857,147.50245352260495,147.71124368145027,0
18.63850653375046,147.49680301726806,147.70157551782887,0
19.29453617121399,147.49178457887612,147.69106947657474,1
21.18077470064914,147.48095350187356,147.68007961820277,1
19.931264846920527,147.46481477048138,147.6689930164855,1
33.78149473470542,147.45473215540048,147.65877071976965,1
32.56127683466762,147.44153563784715,147.64833492648765,1
42.56360532514577,147.43207692696618,147.64023543678863,1
46.90226977167304,147.42490788630715,147.63128123744735,1
51.77440387913647,147.4212527521869,147.62104232830345,1
53.19555200751871,147.41867828166784,147.60982847502947,0
60.070041825909165,147.42208504469593,147.60110470257786,0
60.82849611450934,147.4242566805042,147.59040793873024,0
53.677163016727974,147.42297033255142,147.5795624730799,0
57.68234958031996,147.42167512437464,147.56885447321176,1
60.33887789030045,147.42299917416912,147.56026135655463,0
54.241824492078926,147.4202656216658,147.54865688398885,1
56.79377269062355,147.41672778165108,147.53783911607243,1
63.789539816156235,147.41953719806952,147.52863169416088,0
59.11985924729179,147.42062912901673,147.52036608131039,1
61.70222242855691,147.4249884370714,147.5112246188519,1
49.676960611065375,147.4292584265824,147.5018696440731,1
51.71301271679158,147.43608592117468,147.49446723459522,1
47.82831905708262,147.44249278020578,147.48594240419226,1
53.121085448075995,147.45423251653193,147.48032302006425,1
50.9550250309069,147.46611674339874,147.4771578289459,1
56.152405909079405,147.48045003325453,147.47608730601053,1
61.78255884756044,147.48936104219064,147.47626793253738,0
69.37262421529167,147.49958769391617,147.47720341147794,0
72.00024991279415,147.51203595732008,147.48084838197465,0
77.75499239643692,147.52164524540154,147.4850898724573,0
74.29489730132535,147.52448953337364,147.4888669573913,0
62.0885644039749,147.52660513420636,147.4919537488914,0
62.911936133571714,147.53210566450153,147.4936401140994,0
66.43402604308133,147.5407522277135,147.4942932429842,0
62.6840307458363,147.54633883839102,147.49451937853186,0
57.7356621877733,147.55473422591382,147.49384915906217,0
55.429064638013536,147.56009890101558,147.49132281876683,0
44.527447432590286,147.55973019997396,147.48853032899396,0
37.378800442713825,147.56024545036945,147.48754950432067,0
33.49834803671598,147.55978567021364,147.48593059032643,0
32.655923812838026,147.56002773518196,147.48419854544946,0
22.52034993587594,147.55468455337453,147.481412998363,0
16.22104815405548,147.55158127111903,147.47840130600107,0
17.408303968579006,147.54429568281608,147.4760148857828,0
17.078723675764692,147.53111963990972,147.47400324197577,0
19.12100834081606,147.51695740569352,147.4717280106878,0
17.11850319677677,147.503219118103,147.46927068920377,0
9.7581433954455,147.48539773819985,147.4671339575927,1
9.632132111027758,147.46189004070902,147.4628718275202,1
25.014888446326992,147.44415662146918,147.461771112003,1
26.77528940180089,147.42619022734743,147.46062184142306,1
29.06985407853118,147.41093808491902,147.45961515130855,1
32.38320001237719,147.3970138221749,147.46006424221997,1
53.17586985320148,147.3894164800502,147.4641339268117,0
49.474755359562415,147.3820553818396,147.46544866910753,0
57.81007721986293,147.37669668984142,147.46791357985987,0
54.029194023235796,147.37275457407347,147.46759387760972,0
52.03541270930779,147.36960942403485,147.46641094408503,0
52.06892568600204,147.36365326185398,147.4645097081875,0
48.66684660343411,147.35683178314778,147.46119199091842,0
47.87340350636063,147.350584378618,147.45559827901832,0
45.749256220384765,147.34467752088938,147.44958133451706,1
54.044958866434584,147.3404488059894,147.4453926953763,0
47.65096230329778,147.33643947877277,147.44192062754206,0
51.87856330563509,147.3349747300769,147.4387934643389,0
50.37399089873225,147.3328976753259,147.4367808321518,0
44.69695592808346,147.32961094819214,147.4344239558202,0
24.42589386727454,147.3287601763647,147.43082314891078,0
24.65456563827378,147.32859926416305,147.4260598815787,0
19.727573306799727,147.32365902727975,147.42123934808635,0
19.390481876034016,147.31822002425687,147.41620648049286,0
18.64982946529284,147.3110289645589,147.4095923686622,1
16.20236164539307,147.29694924699396,147.40184682893525,1
28.29573244225095,147.2780212203117,147.39364940832365,0
26.69928937554964,147.26033105768235,147.38313439482096,1
37.910868343155634,147.24421306567268,147.37341879282712,1
38.580629436411975,147.23201891110793,147.36465702517663,1
34.33091193231948,147.21817763818072,147.35384692179085,1
29.373213949571294,147.20352705228242,147.34110614617242,1
42.14629604714009,147.1970149374251,147.33133986772785,1
49.17914135029744,147.1944606407812,147.32358672198134,0
48.19005564582454,147.19509413969593,147.31697693671288,0
52.68745685042886,147.19420467655922,147.31023230019937,0
51.77218484358579,147.1918002647525,147.30233984235764,0
56.04700988446953,147.1894174555096,147.29602491118632,0
56.688124846661395,147.1864806580806,147.2894794050185,0
56.97521198747291,147.17986814438527,147.2823316531681,0
48.13399839474532,147.16970415237813,147.27481272987245,0
50.50989848295739,147.16215793235344,147.26682487437233,0
42.50959500544278,147.15290732553976,147.25848801021678,0
37.68536490661898,147.14540633626126,147.25035792092459,0
38.29547647995429,147.13750146831077,147.24271913463673,1
39.212113007206035,147.13252705982782,147.23422514441876,1
29.860424436098455,147.1264787033198,147.22652261652513,1
18.86515260056018,147.12249074864707,147.21968283831592,1
18.90827303890454,147.11591448514702,147.21300162460852,1
23.84377347377908,147.10891743389453,147.20693635149325,0
28.98324295284162,147.10581886995985,147.20201537449483,0
35.49046578806647,147.1083133169573,147.19967545667177,0
36.337953308831665,147.10414231121723,147.19533414362706,1
42.67272791532018,147.0951568102053,147.19117335512448,1
42.77021164960604,147.0833709965991,147.1859501013849,1
40.73167645233376,147.07007067647083,147.17945504191775,1
51.68713278944196,147.06029145429684,147.17068983205633,0
57.9079001800273,147.05242518773042,147.16417283354266,0
67.64436387883734,147.04826219595432,147.15810560746368,0
61.71490734252204,147.0446271058754,147.15108066588886,1
62.46445120040969,147.0462980162277,147.14548816674963,0
53.18489050913908,147.04386643620384,147.1389101441123,1
56.16802313832524,147.04591087370505,147.13411964643967,0
51.866099486633864,147.04729236889892,147.12904111703693,0
52.63073018612462,147.05259341033945,147.12588549041678,0
42.62819278279018,147.05667991540363,147.12071758818445,0
48.584016595873486,147.06146900994364,147.11653442899348,0
45.3620762172248,147.06248113031714,147.110685398412,0
47.27893387448622,147.06204061029166,147.10465879859484,1
45.54954027065413,147.05746153012674,147.0980765842671,1
37.44662943251197,147.04795673769254,147.089693999026,1
32.460706598223425,147.03546863807748,147.08242320623754,1
36.027932487597816,147.02797522517784,147.0770606227863,1
49.993838656390565,147.02731054220052,147.07480956230194,1
46.883444343369966,147.02973012005037,147.0734305635815,1
56.49994978829251,147.03555955225326,147.07489916402147,1
54.49786379686644,147.03977351881719,147.07539075145849,1
57.42659569130441,147.0422206576294,147.07692867352148,0
53.94517957630928,147.04179335829818,147.07713772451388,1
60.11750427454796,147.04575565299052,147.07657536264188,1
58.09180016296994,147.0485145584865,147.0776229348719,0
62.53566764501908,147.05405255950717,147.07912034700217,0
65.89609077296049,147.05743846394847,147.07828905704906,1
72.05119843098457,147.0615067277176,147.0758595518115,1
88.41721495277682,147.06584930057468,147.07418755476826,1
78.97047631008856,147.07077806934308,147.07134694529796,1
73.9369066944999,147.0730097136163,147.069018208539,1
71.35418469341278,147.08269343342585,147.06799578957848,1
74.88684891385545,147.09642195511597,147.06863531740896,1
75.54833423508978,147.1153315500725,147.07226194654197,1
74.96379678225681,147.1381607871481,147.07707665293398,0
74.44147536225555,147.16149116026247,147.08215649740112,1
80.01755117688651,147.1830568896302,147.08912044842248,0
82.61209607439739,147.20219186306917,147.0975237730251,0
68.31888394148034,147.21679735282942,147.10514891738893,0
64.34313872143187,147.2260318458472,147.1123010784292,0
68.05823330171506,147.23764800452037,147.11985847193873,0
67.00519244513009,147.24755105248045,147.12695279505482,0
61.83502000640081,147.25672475856692,147.13346183388185,0
61.00935470881114,147.26269698027323,147.13808718119338,1
58.91583101906864,147.26625688016082,147.14179813895228,1
47.5420430430552,147.2679970132011,147.1429938254997,1
50.76354170776975,147.27452609032758,147.14644256869317,1
45.8533719599935,147.28113456509982,147.15025065376932,1
45.56484535613745,147.28579087556741,147.15515550635558,1
46.598311258093894,147.29409937297538,147.16095842389979,1
46.44523545739123,147.30464812729915,147.1667608777399,1
43.98735132773096,147.3130668659981,147.17225246088555,1
55.64968219636484,147.32128854977822,147.17784585893853,0
58.86605082699244,147.3251345153759,147.1844649103422,1
52.2715057570459,147.32826795044807,147.18986462662212,1
56.794175545569736,147.33239234414182,147.19756686057633,0
57.526350839374565,147.33313532587022,147.20401022928854,1
64.76226514619813,147.33041696039552,147.21077360962374,0
69.87736292001267,147.3328954362305,147.21726972774536,1
83.1558015889768,147.3400174263241,147.2256360827974,1
62.455617474406246,147.34031489896395,147.23139682754686,1
65.41698128009025,147.34280452086364,147.23908215127344,1
64.23239289922964,147.34626191819072,147.24715035704148,1
64.66864342740993,147.3540544844344,147.25672436291646,1
63.992177334727025,147.36479120117994,147.26853192434726,1
66.30925521553041,147.38218182873004,147.28167910176072,1
67.20412403228235,147.39795020673975,147.29443256131796,1
74.86559147698915,147.4167497770965,147.3060263477277,1
79.57469998828533,147.43887532934335,147.31881359007278,1
78.76125633406613,147.46034732205842,147.33087353182188,1
82.43841061591147,147.479764122976,147.34275711940347,1
83.71624533108411,147.49902447509638,147.35497398787234,0
84.14643149847781,147.51753382157625,147.3681420442498,1
80.99179706565332,147.53675292601463,147.38086381955182,1
94.98554174449853,147.55752800637305,147.39347000577675,1
94.30388839146508,147.5765249396905,147.40655581264963,1
88.86076663607219,147.59479508064592,147.4189528759675,1
89.43525211576146,147.61593724178567,147.43254581525096,0
88.71912766443813,147.6363201094409,147.44545805129184,1
89.17289839376552,147.65951057265326,147.46112908412147,0
75.09349032543703,147.6830261538242,147.47540340363,1
67.95564569032268,147.7037270093958,147.48749558166142,1
63.01370650985453,147.72501697693446,147.49858836576885,0
66.14825440311117,147.74726496503678,147.50949772890215,0
67.34959694963587,147.76868078628667,147.52073992400267,0
65.47660160313521,147.78722806142204,147.53197386222456,0
55.74944830467789,147.80027931933822,147.54132153320114,0
51.465995448868185,147.8077836366619,147.5482630571648,0
51.101455347707876,147.81280499326257,147.55721664624605,0
45.57363513849835,147.81415691931676,147.5661235612097,1
46.801006514871844,147.81425885137244,147.5734014581443,1
43.040936534039524,147.8135365512853,147.5813681873943,0
39.288265802614234,147.80901473052194,147.58905803303176,0
36.9705573637614,147.8087356905831,147.59927930367576,0
49.17053470538894,147.81027273681894,147.61107634844,0
45.10383545210469,147.8084038647509,147.62271855326958,0
41.77483396213625,147.80636166673887,147.631687106532,0
30.48017151414919,147.79639568061427,147.63865026145675,0
26.96798603992751,147.7845746392464,147.64497155676344,1
29.160122053192765,147.7699063987142,147.651451894417,0
30.603519215465383,147.7579272765011,147.6567150633108,0
35.5062464007822,147.74820301751362,147.6615500422676,0
30.49944363631508,147.73503627418262,147.66408745553062,0
37.24895357818011,147.72111362016156,147.6678893708164,0
37.190427309707566,147.70507609420196,147.6714631815042,0
34.983020777785,147.68837676702893,147.67436763137937,0
37.37337467843585,147.67397223243557,147.67765629582732,0
25.703739677642872,147.65931911927652,147.67982392071718,1
16.142025105059616,147.6414001946722,147.68061854962272,1
25.0056835813768,147.6286459347582,147.68157496458335,1
29.643503263143145,147.61795314161338,147.68445675520405,0
43.47222402227354,147.60847407823118,147.6876360103413,0
48.82468945222473,147.60189037078592,147.69130941406982,1
45.34200009480692,147.59206555809806,147.69448373314125,1
39.663882728624344,147.57570736071318,147.69544281225328,1
35.91725493656439,147.56223471578522,147.69473970809165,1
42.02766837106345,147.55076771160162,147.69281410847677,1
48.75975501254059,147.54868598154675,147.69142474323687,1
54.940693728504954,147.5498577482999,147.68936452434605,1
60.86319361413938,147.55273450497677,147.68840676758435,0
63.26363113757702,147.5578514107562,147.68794997842286,0
66.32862895881502,147.56037231299473,147.68608917742694,0
73.97648777350621,147.56652277210347,147.6836830357415,1
72.03191519812088,147.5714301623067,147.68176026533325,0
64.39207027519204,147.57548615617634,147.67864644142554,1
57.95576330291231,147.57866397680203,147.67522324622402,0
55.2734848614683,147.58159173098952,147.67237495596476,0
61.22430810533945,147.5908894953402,147.669804822139,0
59.30449270227982,147.59812997611212,147.6653424962912,1
64.6018432453556,147.60589970372507,147.66013061701204,1
60.149816370099764,147.61071216704133,147.65553116049094,1
47.44539544164128,147.6101635082782,147.65021060989426,1
49.420725473671574,147.611508150372,147.64590588344484,1
46.114393811578644,147.61415686141171,147.6412404916912,1
48.8457680587305,147.6234040710814,147.63733212617117,1
54.64889827457414,147.63502347738742,147.63385787447777,1
60.52995660126157,147.65126918651464,147.63321005534735,1
61.362610847283044,147.66443159734905,147.63408392751168,0
64.66657350632369,147.6757261798728,147.63453299899015,0
67.21857162274998,147.68437946075593,147.63649578416002,0
70.73713535893276,147.6944671809747,147.64003331026376,0
63.78816785436175,147.7044017616613,147.64243526157736,0
70.64655241686295,147.7126311389001,147.64512959909277,0
66.02418800078672,147.71965211820685,147.64612683638276,0
60.325877839713854,147.72408809791625,147.64417258586445,0
67.48583166757857,147.72968130011324,147.64373422036894,1
54.76890935913799,147.7315515133269,147.64245089459996,1
52.28313437565827,147.72998312358575,147.64323979932763,1
50.7304858321241,147.7349395657786,147.6454884669041,1
45.25921187487977,147.73616949361968,147.64663585497428,1
43.39259858489723,147.7431898389501,147.6496361854705,1
35.57049930056944,147.75001141533588,147.65093396902316,1
41.814847264865925,147.75686048933818,147.6546355695071,1
43.244533192691705,147.7635852553802,147.65822914577868,0
32.88708202821125,147.76372877387914,147.6607931980421,1
45.931210801007346,147.76810610097613,147.66574960805667,0
47.69519917997155,147.76777637672757,147.67073171306413,0
45.988993040140535,147.76426250251106,147.67606128080553,0
48.10147545044511,147.75797741953892,147.68116388893685,1
46.93998951776214,147.7504444060853,147.68521517269085,0
53.043957359518345,147.7398709580868,147.68880043685314,0
53.21552824719275,147.73125378733283,147.691547145218,0
48.885286995198925,147.7234226602488,147.69374251487793,0
53.11503661094977,147.717679528617,147.69637242459032,0
44.757963463277875,147.7157427882925,147.7001867568962,0
43.04096719789132,147.70921457700103,147.70252616485527,0
36.47020730109933,147.7065342942504,147.70475752765947,0
26.53071498032304,147.69849671175803,147.7031640914121,0
32.67718302288007,147.68932512610886,147.70127541802768,1
11.004017352436989,147.67904339082787,147.69715940931468,1
12.526256867481976,147.665407079623,147.69265845301726,1
24.58534135251591,147.65791436105863,147.68995078824872,1
25.71924859539459,147.64568292223186,147.68629962955845,1
33.5249852559417,147.63430347215197,147.68337846971679,1
32.603735940670134,147.62576756739958,147.68090576253135,1
41.30887599734542,147.6151043221098,147.68032574617976,0
41.09286703112829,147.6037740184995,147.67960462806815,0
35.585960495502604,147.5925285639217,147.67671690823812,0
39.93582278344007,147.58592244111085,147.67628087493634,0
44.99188159767889,147.57883916467802,147.67439095707203,0
42.50990940277393,147.570175975945,147.6725859604146,0
50.05035078344008,147.5602281107449,147.6715729862047,1
48.1269323361042,147.5508412761499,147.66947576518908,1
59.02780880582664,147.5430216327736,147.6679183331351,1
49.344738251001196,147.53178128956992,147.66353764429158,1
43.50099203524455,147.52487748654931,147.65846776852004,1
50.547711444262376,147.5196868266038,147.65212458369513,1
46.25532513215002,147.52016395860866,147.64545703591597,1
54.57329123452433,147.52275711554296,147.64008779229576,1
45.46836848397837,147.52735227637606,147.63434853556274,1
46.37994866562967,147.53117759291996,147.62734261779534,1
54.452296884096604,147.53340652977903,147.6215526954958,0
51.17708980103848,147.5379546140604,147.6164290196226,0
51.46258715477293,147.53929020244354,147.61123370341144,1
60.219482717079444,147.5427274253784,147.6083614935162,0
58.89953495844777,147.5408397111717,147.60478911060315,0
54.99537083337921,147.53840773318439,147.60234711601115,0
43.43187660790398,147.53666778426833,147.59939077251113,0
65.87257449678478,147.53640117255182,147.59686551764563,0
45.30284410628107,147.529972764759,147.59191226552775,0
44.06338182116869,147.52628140833082,147.5858225881669,0
43.169747890798064,147.5237231250717,147.58105767009903,0
28.947503348358424,147.5175469078214,147.57375033258234,1
31.2316424653813,147.50908532443154,147.5661183607556,0
34.77301534452771,147.5059551049288,147.56042817671144,0
34.7533282913095,147.50407769294415,147.55285640530724,0
27.401616284021543,147.49495568931584,147.54299630873044,1
35.03628631284313,147.48842564083694,147.5351222912463,1
30.97032040622615,147.47736614275567,147.52784328158245,1
35.587133667183,147.4679887724447,147.5213662821065,0
40.29148618512551,147.4606582775805,147.5156575455928,0
39.36378324735208,147.4500784688134,147.50908256808805,0
36.44733101366429,147.4407389043726,147.5033555172721,0
45.37056269867075,147.4314113003779,147.49672641211578,0
36.6596822199082,147.41636337722443,147.488609729089,0
41.64295880079209,147.40534026486,147.48323938574674,0
44.440370786657276,147.39395708589115,147.47731623266742,0
40.51116692650006,147.38185443359822,147.4727338612472,0
37.31599805344553,147.36586699269773,147.46748226428116,0
35.85632373326288,147.3576072836572,147.4633378226595,0
44.27324567543907,147.34834618954287,147.45899823213483,1
39.81690619825062,147.3402200144763,147.4539799314661,0
37.60937579503301,147.332851790587,147.44861787992443,1
31.11559059193462,147.32315958589498,147.44166080625283,1
25.79088852799697,147.31215942202118,147.4349849185601,1
40.26350076276918,147.30404673175394,147.42843336916494,1
36.162496648310324,147.30154477338698,147.4221046106854,1
43.435579218877045,147.2984204694132,147.41747905344292,0
53.23174187270947,147.29701204509828,147.41227912317743,1
44.020767852942406,147.29301737882275,147.4070375677644,1
46.858960692457124,147.28683922134067,147.40232284375108,1
51.13915075658737,147.28222719534236,147.39788220192702,1
57.63615203159676,147.27748872195562,147.39401449559438,1
62.9365601545869,147.27664036809165,147.39017390624304,0
64.79483041099206,147.2811648602588,147.38836315736455,0
67.10407508197108,147.28573369789578,147.38758187028532,0
69.77571039976735,147.28988196946625,147.38539428981244,0
72.29581044872735,147.29500145138735,147.3826688583587,0
67.74268100186598,147.29941032559864,147.37814354830343,0
61.42683935228416,147.3039128503135,147.37396205223448,1
59.61753104944218,147.3077485258259,147.36962660529724,0
57.81874178476462,147.31198648609436,147.36541191399223,0
51.56113437901916,147.31712540683404,147.36028619703384,1
54.76893626934602,147.3239986979437,147.35554420445288,0
59.79884212625525,147.33264615705198,147.3509524112295,0
49.257402983909984,147.33253857354958,147.34511291411607,1
55.531006938065275,147.33737061854563,147.3416897648299,0
48.66041381507257,147.33917918434216,147.33848361347245,0
39.55657698191237,147.33642809478636,147.33228989207123,1
34.291851585673996,147.33509489917296,147.32908642152998,1
37.53342188604769,147.33438067326603,147.32556254972513,1
38.71707220797323,147.33385761263204,147.32193599695117,1
46.91928501542233,147.33419073731346,147.3206720273912,1
48.96095441910599,147.33313775608372,147.3197948789039,1
51.889240387036736,147.33194805203217,147.3187603362059,1
50.656764928712825,147.32912869229776,147.31760227002675,1
54.807937038521494,147.32821192683994,147.31869678482207,1
61.43431084033767,147.3321376301313,147.32015365407645,0
52.1265590254882,147.33439341561999,147.32095445744915,0
62.822211599508925,147.33626296528246,147.32127172936956,0
53.9668884219419,147.33906962928398,147.3209911459786,0
59.72228389252053,147.3420615754922,147.32220515666376,0
68.55240180397928,147.3452453552204,147.32208877737298,0
55.54004414040177,147.3444800338513,147.32077169784228,1
56.10597814663637,147.34254318694158,147.32142433511638,1
57.81813079986954,147.34579153743024,147.32129342314417,1
59.84402260497714,147.34764441308818,147.32316469570875,1
50.12685688505346,147.3473149369762,147.32466781482367,1
53.75808689009673,147.3540123958722,147.327548053341,1
60.23984223930933,147.36559661942607,147.3322821558375,0
59.05877401896773,147.376271217941,147.3367325610844,0
48.002727637468695,147.3842714198018,147.33955655908133,1
52.15353402679756,147.38918187183953,147.3432040598922,1
51.663855689184054,147.3924715322525,147.34751965744692,0
53.55138704093054,147.39634952186597,147.35243637614383,0
48.01845967461952,147.39792471504728,147.3551534633441,0
57.16987189855587,147.4031700854584,147.35934690965064,0
60.01203585492816,147.4020245365776,147.3615952809422,1
52.23116437062501,147.400304794151,147.36227155707024,1
54.85212269897161,147.40072279926875,147.36435389754794,0
42.724544962003485,147.39596966002574,147.36464332145263,1
45.81011083348377,147.38896723522322,147.3649011726161,1
52.16830936947602,147.39072185986944,147.36738203253853,0
44.24113972438504,147.39630385779566,147.36863709372383,0
42.0665171530708,147.39906129167161,147.3685829076815,0
45.8072486637315,147.4010703505939,147.3674280842234,1
47.014094380029945,147.39967437009534,147.36708165596036,1
47.582489982440165,147.4014417360883,147.36724392870403,1
47.95704687988653,147.40212081632203,147.36863224963037,1
46.44706115415869,147.395266681805,147.3688236884341,1
46.939487221032444,147.39297942779586,147.3708249218724,1
51.78843816008324,147.39408957424212,147.37239779434046,1
61.826973967258375,147.3977072620164,147.37543680196518,0
55.061176780546276,147.39990453279074,147.37788199138572,0
71.70264649344767,147.40370082847502,147.38085824471304,0
71.35717811204256,147.4082361290535,147.38543248554564,0
61.45627231668977,147.4099460417291,147.388377078924,0
55.25586202744301,147.41205668928882,147.39074628292087,0
56.01333825947691,147.4158074818118,147.3940233118804,0
59.4870440186995,147.41863380816625,147.3977694611453,0
57.15770359979572,147.42550641017763,147.40109361621728,0
51.96692630019707,147.43094201272265,147.40373493265236,0
45.87606188047427,147.4280645357308,147.4049315519055,0
54.12075997981909,147.42675890487376,147.40608555323988,0
42.149194171645895,147.4265406351533,147.40641994092996,0
40.06471163426473,147.4261891694277,147.40625227507536,0
35.026520635718086,147.42598322163693,147.40619017387917,0
30.403902940573133,147.42118505671942,147.40286289933928,1
16.899146405090235,147.4116733637299,147.39954422887433,1
20.118521343536557,147.40520152434868,147.39639911206064,1
16.587858025131823,147.39337101982312,147.39254547808804,1
26.354087761531545,147.3833320226799,147.38890597321554,1
35.571471670922136,147.37382108533492,147.38686709401097,1
35.755753497179924,147.3672886507843,147.3870054381589,1
46.84103962016337,147.3619329320414,147.38861414275297,1
50.063641112651,147.35696224135367,147.38990076711502,1
55.82655784827326,147.35281224466064,147.39044421155302,1
50.10352084266536,147.34943435650456,147.3915940507322,1
62.01733469744312,147.35368555292615,147.39389257470202,1
67.61090920959352,147.3608050774387,147.39585284435034,1
67.60405655235624,147.3689320131264,147.39815793429145,1
78.32382766843318,147.37980288312573,147.40194751798194,1
89.3237297111807,147.39510604540095,147.40730122133004,1
88.03094042570679,147.40853807097943,147.41251216873061,0
88.5664527973794,147.4219064699271,147.4166427201544,0
88.40446983378723,147.43747072171712,147.42207067774333,0
87.53347560001109,147.4531755122396,147.4261923445916,0
86.94169776590638,147.47352276724752,147.43146219160724,0
77.57518547049305,147.49527140278337,147.4375308723273,1
66.93138503922475,147.51247412928032,147.44109964406525,1
65.74718363382758,147.53182714082695,147.44688847040854,1
71.61394555208096,147.55085021783714,147.4536591662611,0
62.685600406379216,147.56723760015075,147.45747339012348,0
60.43509686269567,147.58521722406374,147.46257078466616,0
56.020359293551905,147.59761525532386,147.46803572821386,0
48.71392090142437,147.60786147696535,147.4726172176636,1
40.71090668881181,147.61652405960348,147.47718408735625,1
41.00133353778709,147.6262960099748,147.48153576028682,1
48.89156301791778,147.63234862878514,147.48598369968724,1
39.788965507806296,147.632294985328,147.49066416575954,1
47.28412599863234,147.6352445246481,147.49506397303233,1
55.03138438359951,147.6416958186278,147.5009900157362,1
58.88788243936502,147.64504998018845,147.50623830859885,1
72.9072012324597,147.6515000918675,147.51315039236135,1
65.77316852272904,147.65706266226533,147.51798745367057,1
66.2673161306842,147.66307280127208,147.52400534663076,0
70.23130517393146,147.67123132038907,147.53070645605564,0
68.8276055311274,147.68089951476009,147.53899932179576,0
72.97057362862775,147.69238114463653,147.5481603374572,0
62.56040968809014,147.70111577727204,147.55409243170757,0
59.97562485232263,147.70790556118794,147.55984813081264,0
57.72062280400472,147.71130487825093,147.5658043124724,0
51.651068217190755,147.71303728043685,147.57146248800592,0
54.92834013388798,147.71185913339906,147.57661087607627,0
48.44816159592542,147.71131225586979,147.58194437650047,0
36.58987612632373,147.71127496324286,147.5866515351897,0
33.708424339774055,147.70904268582206,147.5904078730303,0
25.08212956284339,147.70540977745083,147.59522564857937,0
33.94295777411965,147.70255413219223,147.60233600707218,0
26.184992035831314,147.69995130764153,147.60856407907667,0
18.296736911224613,147.69317944989646,147.61498734506168,0
11.186967329053033,147.68103938980886,147.6200729625878,1
13.832810837335032,147.66973614049152,147.6246043306615,0
22.810643890985304,147.65667248978932,147.62890392796336,0
17.981584552894944,147.63921582566743,147.62890061112094,0
26.077463137664196,147.6216350124828,147.6298744550824,0
36.87854530760825,147.60490954499318,147.63154537618865,0
33.33851224404425,147.5839456990079,147.63280385879705,0
31.991375222190598,147.5608660190885,147.63103252392213,0
32.894212554680706,147.54334104287463,147.62710681788195,0
33.66363295659191,147.52556682688981,147.622502056318,0
36.77774842522573,147.50967441227417,147.6177529241318,0
26.08855091223016,147.4916470948479,147.61007890778467,1
25.22738389223987,147.47087954512148,147.6015474657331,1
33.86876213575319,147.45444015871146,147.5949578520142,0
32.826081795605845,147.43777596285975,147.58677363164674,1
36.575008278366056,147.42620287265515,147.57961881719655,0
36.17489555323002,147.41699855452475,147.57261596349028,0
39.19157196716087,147.40131457368597,147.56475327543322,1
37.56395683806132,147.38849718547573,147.55897330155483,1
30.398937373273995,147.3765593868497,147.55288024347075,1
31.84264475847921,147.36462594191033,147.54558325221706,1
35.87531008092439,147.35248354586318,147.5387027089465,1
39.808238722936984,147.3403801052089,147.53096908042141,1
45.970195990768126,147.33657502786656,147.52448452013803,1
50.014329390252506,147.3331150028507,147.51997586543655,1
60.51695979579196,147.32737979564408,147.51588767060488,1
59.15318143611656,147.3209271179307,147.51065630197942,1
50.42163319575953,147.31557811027986,147.50432431652004,1
65.93772104231797,147.31773079152225,147.50128114035965,1
64.45553372817501,147.3231573013996,147.49766716701862,1
69.605634062076,147.33333183328827,147.49440732999597,1
82.06993408220077,147.3508979113015,147.4924180802299,0
81.53310003706264,147.37146899794556,147.4895350281643,0
82.67343444961617,147.38930738585492,147.48785574145003,0
85.35966306741646,147.4091154933236,147.48519070846737,0
74.7742931541082,147.42232815696389,147.48005755182646,1
73.94743616246762,147.4347954894242,147.47417435335595,1
74.86016895801171,147.45394106998475,147.4693772455725,0
69.47423210200998,147.47035529075475,147.4666691069479,0
69.48411386870063,147.48794168367274,147.4648946924647,0
78.60757222820806,147.5084203273444,147.46442943185446,0
76.10732870064234,147.52634313158222,147.46402504940463,0
66.8205619389829,147.5422180295291,147.46311263887344,0
58.85522893178857,147.55427593044197,147.46166998996688,0
44.28500546789857,147.56190995815436,147.46022986340114,0
30.67318185635449,147.56579284078754,147.45858773259107,0
26.470801384904846,147.5707249140366,147.45678235661376,1
33.50465036775056,147.57984345221956,147.45524004453097,1
31.16052994754348,147.5804307282011,147.45347290858345,1
36.90667258046921,147.57969522239546,147.4522734760182,1
35.18398951116451,147.57260447269346,147.4510333631498,1
34.99612104784633,147.56503161266482,147.45053626909922,1
43.77001208053468,147.55982455948282,147.45079585604168,1
45.794088896989095,147.5558625533312,147.45451443251557,1
43.330214571717164,147.55265932281262,147.4576004325993,1
45.92716540086119,147.55279271503014,147.45921081984125,1
43.110226822046975,147.55024799430365,147.46069527147424,1
54.99517221492893,147.54932496593793,147.46476082431226,1
55.259554995024075,147.54804780690637,147.4685518125606,1
63.448745921316224,147.54732778981105,147.4735990776332,1
71.13304095611332,147.5470682356723,147.4793869612137,1
64.2013661364428,147.54759357186987,147.4864036402134,1
72.37704155948165,147.55141739505038,147.495327778845,1
73.80284366826893,147.5591878589036,147.50356907004377,0
79.86289784167383,147.57260779654098,147.51416259687363,0
75.1105880446141,147.58783612587953,147.52324103388085,0
65.0602459575212,147.60220628903636,147.5308654504184,0
60.01535126708299,147.61231669450677,147.53964089285927,0
59.70241544573422,147.62491497316404,147.5480400236588,1
61.021539205688114,147.63736251849383,147.5565947286759,1
65.27782704143259,147.6500506130411,147.5652032316021,1
48.431206817288306,147.65590271186926,147.57190393550167,1
53.92388660639603,147.6598952581134,147.5786019172035,1
58.78008124092124,147.66634407316914,147.5864220506366,1
56.70625025111994,147.67314386557663,147.59361197768965,1
61.577730855574856,147.6818052006268,147.60098098183434,1
60.012077571343376,147.6943735995401,147.610073864118,1
58.68364318334387,147.70351983873167,147.619937515693,0
55.47394012386147,147.71641394588733,147.6280250743066,0
59.7663044461565,147.728715574273,147.63582238678254,0
66.08781167293014,147.7379771716921,147.64124509657523,0
64.0606207861673,147.74670349929477,147.64472587541073,1
61.5989739822185,147.7525786522978,147.64777164058592,1
62.60378219194767,147.75745712283612,147.65082896483625,1
63.10086970501319,147.75780493615127,147.6536383740047,1
79.36515233272796,147.75989014579142,147.65826582941182,1
79.28685134944811,147.76579890516595,147.66326681671507,1
75.89540094168515,147.77467551022232,147.6679346689543,0
78.4399890469988,147.78593534265426,147.6742720444186,0
76.85782362025991,147.79723929665835,147.68031377387013,0
62.575797801480455,147.80651348708346,147.68444049549774,0
57.97081640758451,147.81925060660495,147.68906692551073,1
52.66385484203543,147.83104367938336,147.6941321771452,1
39.03930290115085,147.8343973096733,147.69847060232914,1
49.18605594153781,147.83980116104004,147.70476845884392,1
54.403093922392415,147.84417077169354,147.71233215419673,1
57.83112598781839,147.8481172751571,147.72103080856618,1
62.23399920958281,147.85421291714755,147.72968530166418,0
60.35058337196822,147.85684457531346,147.7385906131516,1
61.318722050434786,147.8598729791565,147.74789348948696,1
59.0198663146753,147.86335108905968,147.75754374312172,1
54.36526288649977,147.86818586387972,147.7659875758967,0
43.38798321490149,147.87185959604727,147.7725856552117,1
51.75341603751749,147.8785323693696,147.7798968912516,1
56.6700869499101,147.88507266033236,147.78660370901258,1
61.57513021290158,147.89246830445842,147.79413606518312,1
51.81017326876845,147.8947297590123,147.80105952259856,1
65.20325740083845,147.89776132078484,147.80730921089307,1
64.14367324153608,147.9002821963844,147.81516580020983,1
63.99703563490461,147.9028462542547,147.82252115964758,1
61.382912348059236,147.90780799137144,147.8287363977774,1
57.5963665811394,147.9144230991173,147.8357987364097,1
69.19511223647292,147.92602314815326,147.84397447838634,0
58.182242057008075,147.93777784921843,147.84990659845505,0
61.10882325726714,147.94819011334158,147.85500138556418,0
57.951708264362196,147.9562623925229,147.85970266085405,0
61.218309815023254,147.96344465238207,147.86552615390445,0
54.52892642529217,147.96704722197666,147.87157751265212,0
54.28783618862803,147.97109709046043,147.87706346007013,0
51.40474302639923,147.9738501065186,147.88248852469687,0
55.01377556547382,147.9743297915348,147.88725541451922,0
54.36270628032962,147.97750197675367,147.89462728185043,0
41.29511017736945,147.97840593655195,147.89998992658712,0
43.53656866034513,147.97681190976127,147.90408402588847,0
43.165816447274715,147.9753266930697,147.90747684000982,0
37.28155507856165,147.96969183590278,147.90929071929355,0
24.643407244294224,147.96866624644667,147.91077658136118,0
25.150297575536143,147.96157026068653,147.91052937967504,0
19.242045608535264,147.9522270541758,147.90949104352524,0
18.25472876244237,147.939513815745,147.90684045623638,0
21.924387802881142,147.9283265713758,147.90487615765085,0
20.58325081825734,147.91420304966482,147.90279855655774,0
20.542664347458455,147.8939976674912,147.9005420844637,0
22.617806618881545,147.87835941529187,147.89826751543734,1
23.365854184528985,147.85927322291633,147.8955887002702,1
15.347831448987279,147.84208286961038,147.89257975038166,1
15.795178586803544,147.8215843298365,147.88784032377268,1
16.566135484487674,147.80303300689914,147.88292051132285,1
30.114740240436802,147.7893418152986,147.87842604912785,1
48.00307736882781,147.78186288987825,147.87633796198486,1
47.5498896117271,147.7771032322966,147.87549131260445,1
57.16806415167972,147.77180758779699,147.87565007432727,1
49.6339302559619,147.7665447600611,147.8741903588582,1
60.22026969215558,147.76341651005524,147.87569170604124,1
61.10820927172815,147.762734515581,147.87665018182622,1
63.07020214626371,147.76357639254167,147.87705296763278,0
68.18952540864157,147.76671406009743,147.87821529533733,0
66.3402776586141,147.7727395187371,147.87794002031086,0
67.81260315267642,147.77766077747054,147.87781752438804,0
69.1349395168979,147.78679034989437,147.87760740453155,0
71.33214033863968,147.79253876182398,147.8765512267566,0
72.10789212669505,147.8026018678623,147.87656495815077,0
63.01334121459489,147.81132161246222,147.8763268910297,0
48.94545638769355,147.8170614682626,147.87367915499453,0
45.12201508877822,147.8224959734759,147.8705580255276,0
44.99799565622612,147.82974264114915,147.86748948505794,0
49.48719257748835,147.83897433133816,147.86553815270304,0
37.10187314502051,147.84382150383607,147.86134458454336,0
30.81548070873835,147.84341735247583,147.85568011156442,0
32.09491731942856,147.83675317536523,147.84990073042908,0
20.838626032563454,147.82727089098455,147.8432764724497,0
19.247358881804885,147.81349036882435,147.83527698221008,1
32.6363119991303,147.808334027158,147.8271147104601,0
28.269320256915833,147.79793939091047,147.81975632271804,1
29.87864672987361,147.78510756021123,147.81141716057402,1
23.19593193111399,147.77253598749036,147.8035624056198,0
24.453185150937387,147.75628681601808,147.7953521607917,1
30.87453133234392,147.74197807186204,147.787912360265,1
39.12621196233814,147.73078537280568,147.78169283732615,1
33.77986958704686,147.71786043677307,147.77521153663332,0
31.96419557516525,147.70455631242552,147.76864183511287,1
43.31183580787122,147.69180804313038,147.76228738470144,1
45.33528863895537,147.68119116050067,147.75744098060918,1
52.9428486860505,147.6767362588051,147.75364889461207,0
48.825412913257985,147.66932367991168,147.7481568202644,1
54.02441307418828,147.6606600582666,147.74387677400347,1
53.3202144277903,147.65761398838922,147.74111724948006,0
55.567107510926704,147.65677278710774,147.73942559511187,0
56.02062920284843,147.656773989702,147.73749888577493,0
58.84923857279396,147.65750091329602,147.73709556944948,0
58.174080852855795,147.6596057672802,147.73578815081146,1
54.40045196215428,147.66356948356133,147.73502355576866,1
48.84302810954997,147.66210922544758,147.73435933364263,1
47.46691513765417,147.66116561693678,147.732878803376,1
58.276904438957004,147.663659192728,147.73317154849872,1
55.07293947623639,147.66798747064874,147.73392424603514,0
56.610252880249405,147.67380400533412,147.73624003099076,0
52.5379208561925,147.6800365563608,147.73871378004966,0
65.81691405388874,147.68358335328818,147.739389452522,0
58.96816146504585,147.68609229767267,147.73690329975108,0
42.87777834233825,147.69000429215416,147.7338022590559,1
45.13751746902253,147.69109805113578,147.73000357003696,0
40.176275741677635,147.69005698009192,147.72684586862152,0
35.32609060250135,147.68407483441263,147.721912224355,1
35.522386912487605,147.6819244639085,147.7158327995954,1
51.012182937898075,147.68404625803691,147.71206472020157,0
40.65401244572748,147.67577579086608,147.70474194178752,1
42.23105514170568,147.6678905126326,147.69748599267004,1
44.61078619703645,147.66432524978705,147.6921646747015,0
43.00444419450097,147.66037507474505,147.68652945938976,0
45.35182097838055,147.65933154315525,147.68250526334398,0
41.9806119387749,147.6592004351095,147.67766298266756,0
40.55939807095196,147.65833954530282,147.6731665067789,0
36.109294709373934,147.65390485687786,147.6676161588221,0
38.79931171953274,147.64720312205722,147.66305440793127,1
36.603112790791634,147.6377634710176,147.6571325779825,1
37.30832410258675,147.62599777574457,147.65104940875332,1
37.31326632361711,147.61133647885129,147.64571977005573,1
46.05194834623799,147.60112150679137,147.6424711142482,1
47.05815269109635,147.59794601172044,147.64138043429315,1
58.482164734704476,147.59658662642772,147.64152855323317,1
57.170275605414496,147.59419399973135,147.64228502239976,0
45.568561851608685,147.59154087910625,147.6401286094008,1
47.07581705902753,147.59103278415276,147.63914958165194,1
51.098360262721236,147.59561580228194,147.64003609642367,0
49.81845211820222,147.59494604111572,147.6410287416517,0
44.283845871889916,147.59515069864818,147.64028749483953,1
54.15727636770825,147.59723618736277,147.63958923887031,0
56.60418799431633,147.5976831533186,147.6389237869067,0
53.62977174974755,147.59434919531583,147.63712496280687,1
57.08011612308517,147.5897372637466,147.6365776438724,1
60.32109525825875,147.58590312274404,147.63530101451303,0
54.69654646535616,147.58338517023782,147.63404411067376,0
41.429351948595865,147.58408009341687,147.6305536926668,0
45.24126149630083,147.5865692618185,147.629952640694,0
45.46933609134805,147.58988182225158,147.6288212835765,0
44.35246558099056,147.5916780188339,147.62467502093122,0
36.05891869303155,147.59004439588188,147.6190284135654,1
33.590974969186036,147.58733908923983,147.61469715406332,0
37.12313487602518,147.5806741672076,147.61064973585778,0
45.18064736857955,147.57372284734933,147.6071753852608,0
40.22310459689607,147.5668266842331,147.60358790266847,0
32.908942761823184,147.56136673902645,147.59983161483237,0
34.51895887772072,147.55249029724501,147.59567945377523,0
32.04998364272927,147.5387113838867,147.59005697288717,0
24.087430209072522,147.52079419868238,147.58215143286515,1
22.864801686589047,147.50651842057886,147.57337326093742,1
23.739959004986602,147.49007248739642,147.5636036112846,1
21.18252778066531,147.47279198347925,147.55460723898312,1
21.836192127550888,147.45893437211004,147.5462617925818,1
30.35215351904789,147.4464425696198,147.53915295485865,1
45.3658235350607,147.43593387392573,147.53323534362903,1
44.27787827044663,147.42792676581698,147.52919202496378,1
43.466226061756274,147.422710702682,147.52600803997458,1
43.03456482332251,147.41527191688328,147.5232916218839,1
40.82320597338844,147.40655719276893,147.5178256574693,1
46.919948502146916,147.4027658650872,147.51547105061965,1
59.24770295497993,147.40722405606525,147.51476183093845,1
62.762665086839625,147.40965050336072,147.51282725549282,1
81.28138408064073,147.4149566695479,147.5124823737789,0
75.84250223094074,147.41669096734296,147.51011915493586,1
70.79129650422198,147.41684541516162,147.50664589468934,1
71.34832079744987,147.42006247816943,147.504520787979,1
72.14115583668902,147.4262436615524,147.50461497564504,0
73.20267612648676,147.43628712569756,147.5056905743433,0
70.18147686479374,147.4509824940433,147.50743904207545,0
62.56383596318211,147.46538262643978,147.50912720121553,0
59.95735472586403,147.4799968693576,147.51106776748713,0
53.065666202032475,147.4898722004349,147.5101075164405,0
52.48624652825219,147.49733934901138,147.50601912749818,1
53.28796185187196,147.5052009847648,147.50259869819348,0
50.38459020400084,147.51201166208722,147.50036240857136,0
50.46440825585694,147.51728590582644,147.49949003565186,0
36.25882818919199,147.51771171490037,147.49667961227362,0
39.8992371930116,147.51731857390865,147.49197273053463,0
39.660718971121135,147.5163856116066,147.48640148566565,0
41.26924270430003,147.51641795535974,147.48397795330428,0
38.0609308914062,147.5114435215117,147.48044476459802,0
27.931969922797634,147.5033115893954,147.47507862992353,0
28.14450825431713,147.4910014688749,147.47114328320254,0
28.685982942681136,147.48065360301393,147.46648569064283,0
37.179519083873664,147.47613970982468,147.46274052952157,0
39.57989794102567,147.4681089058859,147.45841028223825,0
38.73620319826102,147.45640068305423,147.45354321149998,0
28.399531656924523,147.4370284760636,147.44587426004134,0
23.515903064507924,147.41762253993423,147.4385353291485,0
20.406663670021715,147.3988973345953,147.43201492752007,1
20.874861742628354,147.3774907364144,147.4260463037001,1
28.27021889583952,147.36210072764203,147.4200121718014,1
34.535850237251466,147.35068034748844,147.41402159961052,1
28.03966017542453,147.33704670398083,147.40792824084608,1
36.98984871633441,147.3244952400525,147.40342983089914,1
43.61242399267285,147.31260418916514,147.39998501570733,0
40.758984523876464,147.3027031228042,147.39676474249728,0
39.561694946351544,147.29129955614596,147.3930079994383,1
36.43622720725864,147.28441131203914,147.39184833100836,0
40.57574029044523,147.2757970068116,147.39168938779738,0
46.480112875032354,147.26884856060843,147.39195519388284,1
52.53864547414803,147.2624307664865,147.3909341431264,1
55.41304412724741,147.25728994424546,147.39048551205676,0
54.418490109480395,147.2518953659748,147.38866680918483,0
62.0395166152407,147.24299556522942,147.38556520604305,0
63.0486712921291,147.2389165116304,147.3828061805636,0
56.22666010445136,147.23647007129523,147.37904695894528,0
48.51799432449016,147.2353055236161,147.37388770273444,0
37.44653006425508,147.23188539076847,147.3686666083483,1
39.281704921372324,147.23190099629693,147.36366898000398,0
43.7413526597347,147.2356332030288,147.35740996248555,0
47.801932377485734,147.23645584354506,147.35073430787514,0
40.74523316235767,147.23468127603505,147.3419114422054,0
41.29384563884486,147.23404058808677,147.33486808914364,0
36.908675766255236,147.22851212427594,147.32809651454485,0
42.1041401372383,147.22219469716453,147.32083790330535,0
35.404499066026645,147.21608100002805,147.31269967788754,0
34.90338356829568,147.21028155689504,147.30260577191729,0
33.12944392859555,147.201269100552,147.29196297361187,0
21.575932891482964,147.1905529669196,147.28175752398928,0
23.070416946240968,147.17935413227175,147.2716980990485,0
30.31965784222014,147.17054450068548,147.26320306322665,0
22.449161480412656,147.15226014369398,147.25245382992978,0
12.878636566499765,147.13386504001627,147.24013243128542,1
10.178336050623088,147.11483259807864,147.22669358043962,1
22.069429211719637,147.09591996730418,147.2142598051547,0
21.025558599002323,147.07608759577568,147.2023973112954,0
18.846192885817445,147.06008772426037,147.19099536287516,0
29.952223907396686,147.04970588741656,147.1819947186723,0
25.40813414523585,147.03423573662195,147.17079609250885,0
29.089827596136644,147.01907122115375,147.16046104234235,0
29.307508482365492,147.00242367622693,147.15037914260773,1
29.61376693723591,146.9857884975332,147.1398262536687,1
28.65848974304187,146.9663130025867,147.12913184897272,1
27.25304822646025,146.94710059798533,147.11648086980912,1
38.27559029722214,146.9332085040365,147.1068777425656,1
52.54247285357526,146.92279146537825,147.09925599081717,1
59.38307481143705,146.9167839910636,147.0945079779173,0
62.48281370865938,146.9132677834986,147.0902210710376,0
51.3195764195272,146.9070387182187,147.08501407743864,1
56.904392111710926,146.90178788917558,147.08141696015298,1
59.653160913678306,146.89838303591074,147.07771598653412,1
51.49449538809858,146.90122861771582,147.07267313802072,1
60.1076774597079,146.90798190842355,147.06850651306254,1
61.01972322842358,146.91715100662074,147.06375588706692,1
69.29315616132567,146.9270898839148,147.06005408305458,0
69.70278249240685,146.93848653634066,147.05671067671,0
68.31370385820271,146.94710313651126,147.05331679502126,0
70.05459991878855,146.95162767118035,147.0488812623288,0
67.14490570593873,146.96221233633204,147.04536222431705,0
56.532803077378766,146.9678958180692,147.04007994532668,0
45.65786732415753,146.97078711853845,147.03372168342855,1
44.174521043755995,146.9749870414987,147.02690509257,0
47.95774023301127,146.9799803553821,147.02036584473564,1
46.431561056082636,146.9866021468186,147.01392350244478,0
45.90748725152795,146.98931226585526,147.00703604425553,0
46.98931186829435,146.9889435700996,147.0002453903389,0
36.818160316069736,146.9820195746083,146.99319359831418,1
42.45039166316492,146.97851541184818,146.9888730794695,0
31.930841327999033,146.9763546993344,146.98279555865363,1
30.549968691887628,146.9709904334455,146.97555985231966,1
37.98962313304169,146.96569228233224,146.969410562049,1
37.93208279508376,146.96142846904604,146.96337201522508,1
31.12737408206071,146.95489675354347,146.9568489792452,1
38.57463906262927,146.94787549294495,146.9515012345345,1
51.72875716597162,146.93915638745563,146.94683875917102,0
49.83222641594762,146.93062420765693,146.94252795976155,1
57.73049532253707,146.92786396706893,146.9403497590908,0
49.2484538811997,146.9211936665284,146.93685108871935,1
48.59393999597943,146.91303093884488,146.93435341308717,1
47.64432342082089,146.90705126722702,146.93115879930875,1
59.00394032186273,146.90865566506233,146.92896614917927,1
52.652717734950706,146.91037616542434,146.93015150126215,1
54.080585006812896,146.91158881135811,146.93145535327238,1
61.66864900163151,146.91424545183358,146.9336886439468,1
60.96006818386916,146.91678791308823,146.93538322256916,0
65.13996278220272,146.92196377294962,146.93859586120846,0
60.12997158764738,146.92899576636424,146.94075681515574,0
56.28394810989517,146.9304560932681,146.9411731618101,0
52.14285438852501,146.93410498364395,146.94274325746244,0
53.503084397631646,146.93999594820392,146.94392974313973,0
50.06950390172476,146.94510834971697,146.94648443144501,0
50.65647949723512,146.94662658680855,146.94770725093522,0
48.532764615348086,146.9490212200698,146.94993226623845,0
51.389525672955074,146.9497131388893,146.9525462508961,0
38.91581622891221,146.9461696613626,146.95202322210147,0
34.920794268027024,146.9417255886549,146.95010160907222,0
36.711589556749956,146.9334584662338,146.94701954915888,0
22.061111214783438,146.9219722803037,146.94033288744137,0
14.77853063084413,146.90726905612863,146.93444554825112,1
9.100486840436588,146.89248973939542,146.9274395393967,1
14.154899962197149,146.87585779622606,146.91995605330544,1
13.769423219224564,146.8571413334797,146.9125165875677,1
13.526754949197155,146.83943510429486,146.90403663162087,1
23.467182368438927,146.82365956710447,146.89629206814027,1
24.823750316946445,146.80810239085272,146.8877882253443,1
34.18994946823784,146.79311526631406,146.88044735319784,1
31.122829062669453,146.77929860433272,146.8736350022843,0
34.6929592193751,146.7677440856295,146.86761972758978,1
36.3868924946646,146.7556837656232,146.8601318291789,1
38.066023666194354,146.74328284987047,146.85408455586023,1
40.84994757026435,146.7301306552476,146.85022184612868,1
54.42006756720937,146.72010591214374,146.84575479919326,1
65.21608606704976,146.71263057946507,146.84299235587162,1
70.32780331337162,146.7054417490191,146.84008209177628,1
70.605589015368,146.7014617892732,146.83688303146866,1
80.71132304471882,146.702323052464,146.83545340201795,1
84.20126262718588,146.70592969928788,146.8365835990307,0
70.63389738778172,146.7143592073403,146.83467040563824,1
69.0223272874745,146.72531136934955,146.83402821625717,1
68.86481312835713,146.7400639155911,146.83506893225493,0
74.88226036269222,146.7556101857623,146.83592321467745,0
65.98341054773054,146.77047457671955,146.8361350306371,1
63.51677211085921,146.78436447053994,146.83582371841948,1
67.5359878781637,146.79705380824117,146.83596339425875,0
62.347254482587545,146.80587724400408,146.8344765679637,0
63.86602087367152,146.8120549262107,146.83301964061934,1
64.11473019596659,146.8228048281407,146.831611346713,0
64.70670882977944,146.83225429993078,146.83204398095071,0
59.091495441936665,146.84061707130962,146.8311662821648,0
49.55784883363429,146.8474779867484,146.83025524366877,1
46.34789592222137,146.854170191613,146.82842765674894,1
46.67112939926886,146.85923995960587,146.82530031686588,1
43.37911771187128,146.86047894406377,146.82254840895388,1
40.503518779734726,146.8628042285536,146.81950560246432,1
42.78649790002194,146.86662955608713,146.81681968866823,0
51.2406626577285,146.8687199381511,146.81415586809854,0
50.954233802256724,146.86696423076273,146.81177098479012,1
51.82226021855341,146.87090884241005,146.810851505295,0
54.233881142356196,146.8732134657909,146.80967160911598,1
49.5629556707144,146.87092144904676,146.80743913259207,1
40.263408679671485,146.86628508991214,146.8043939107555,1
48.35530238799421,146.86727040593118,146.80439255828617,0
52.599521977716996,146.87006731866347,146.80424215785695,0
57.55857168649247,146.87070066573682,146.80435840499777,0
62.720136723418015,146.87662109874572,146.80665714291695,0
62.14502027173319,146.8800466225544,146.80834805417916,0
56.70830858961982,146.8771673631574,146.80909490548248,1
48.64794181834585,146.8708346715976,146.8115889374683,1
44.757389792730415,146.86692403467356,146.81502827358278,1
42.396402259921295,146.8653134512846,146.81938472842447,1
51.885310899326505,146.86636820744064,146.82463182123476,0
48.01339368895722,146.87089568732063,146.8308020584022,1
47.585004868844024,146.87507732167154,146.83680529590458,1
53.19940424682597,146.8785291330963,146.84145342886103,1
54.60415219068546,146.87937883417882,146.84533026599865,1
39.93055716105761,146.87507543472216,146.8469399354618,1
51.4996359938007,146.8783161816829,146.85137801573018,1
53.293724473500795,146.88010631632204,146.85579639757202,1
47.86881575868671,146.88301939939333,146.86060586262403,1
56.6379496454245,146.89001108100913,146.86613042504752,1
66.14232039830364,146.89894599381074,146.87192004618075,0
76.48912050826354,146.90440255944773,146.87811121720773,1
70.59603190568586,146.90810312855336,146.88243117749226,1
71.855722615624,146.9130978729641,146.88742085457577,1
68.22468032577882,146.91533446692426,146.89220621397735,1
61.609710549462015,146.9189402313596,146.89499492573742,1
69.14145806030552,146.9285081339037,146.89812627932884,1
69.97261634628241,146.94228192011497,146.90275802257815,1
71.58034779557454,146.95684530264958,146.90764184690278,1
85.83305815290785,146.97411395259013,146.9130047432241,1
81.34527493096903,146.98803265514712,146.91760080898868,1
80.88922695261842,147.00211458374676,146.92345806121313,0
82.18328415463593,147.0188754590153,146.93060969129473,1
74.32792439309765,147.03403192748289,146.93624467655772,1
72.30916036545577,147.0490483945086,146.94259872620046,0
73.94951705545597,147.06802440383535,146.94932772651163,0
71.16148410895855,147.07891897919654,146.9538236761525,1
75.950330795768,147.09378495263226,146.96040865865263,0
65.73727681708729,147.10508033004996,146.96639116612016,1
63.028133179946586,147.11215412683694,146.97200088108295,1
62.702768837714494,147.12056462176002,146.97847781823958,1
63.98955994424822,147.1308599897205,146.98675922925358,1
56.6227380674533,147.14028196626074,146.99435238637105,1
53.71400558878049,147.1497229443508,147.00218834089463,1
58.80921808023136,147.16155504152195,147.01017640815127,1
57.65503516514312,147.1751062204109,147.01754943864134,1
62.83426142583648,147.19127083227733,147.02784891993466,1
58.81419651706381,147.20297798060943,147.03558567785794,1
60.433741706934555,147.21460814141741,147.04419971715336,1
62.813829783846145,147.22574485318205,147.0549341048782,1
68.21452908995792,147.2388040612103,147.06660839750796,1
62.43059686398813,147.25071169509164,147.07683457687733,1
67.3980631298931,147.2601886554566,147.08665822601196,1
75.13416566283519,147.27224815054004,147.096863670479,1
74.16027036465415,147.285992430728,147.10634725899337,0
73.93484126198476,147.30079223606907,147.1176259719175,0
82.11720740291082,147.32000378637557,147.13095824543976,0
74.8348022859569,147.3318437279841,147.1448122812072,0
70.24247202899356,147.34628746193883,147.15813653702625,1
65.19203889626647,147.3615174417462,147.17048247726757,1
54.12790119260833,147.37299260060894,147.18112757550688,1
68.48902159869739,147.38513808415988,147.1924561879893,1
66.47381042683298,147.39978768751416,147.20423653270808,1
71.03880313179492,147.41886512368194,147.21832273712891,0
68.99747771427445,147.43512899542966,147.23247647265163,1
70.63316556497918,147.45159186711498,147.24815601159844,1
73.1031873401112,147.4625469101567,147.26154121132416,0
67.09870398306607,147.47590035750736,147.27390329433206,0
63.68650651521384,147.48759259903312,147.2860289970093,0
65.6920495943927,147.4992031519646,147.29861093326042,0
61.997958233379606,147.50909525410995,147.31066810162764,0
63.662760996705536,147.517682478706,147.32214654458062,0
58.76693340667737,147.52486424104524,147.33336267100873,0
62.11756702557472,147.53006760994413,147.34365156527102,0
65.35395460883595,147.53363031562918,147.35366559847535,0
66.08874166991987,147.53850211054407,147.3654507235913,0
56.55932979424075,147.5381057901333,147.37479730793157,0
38.800862342225535,147.5392561478438,147.38360197229872,0
38.391079532339404,147.54122969111484,147.39189029241237,0
30.270854041398508,147.54122601740733,147.39732730319446,0
26.957681092302863,147.5402329107304,147.40200767774022,0
26.845441967487602,147.53549151494553,147.4058069604688,0
24.982828931046626,147.52875198382864,147.40818714263344,1
17.730011203745164,147.51666793119486,147.4113771386137,1
16.47409722221549,147.5038008747313,147.4143774647407,1
16.889412166386407,147.48957459391735,147.41677608763123,1
22.57431414582362,147.47605892824802,147.42039719094475,1
36.54302069152637,147.46776402649982,147.42349492387908,1
44.93313308439448,147.46322251304383,147.42928587020685,0
32.82470973473879,147.45193201569163,147.43452208880228,1
39.83916766799116,147.4416650909563,147.43910828930615,0
40.32431172973813,147.4327612908141,147.44290706501806,0
40.37925428893071,147.42624823056929,147.44774917673215,0
46.044013078504875,147.41985083971431,147.45170272341642,0
50.74150804018969,147.41354998467298,147.45446357573576,0
55.40609524744553,147.40494210706652,147.45738507825354,0
56.77438035074967,147.39802107157382,147.4574974036502,1
50.53385539812939,147.38982633959262,147.458341315892,1
49.04410640213267,147.38032067327447,147.4581753051552,1
53.1875696157996,147.37538906356244,147.45718498734658,1
54.020010615243365,147.37362463987006,147.4559359092041,1
49.45139162601282,147.3752497603767,147.45562218658281,1
35.33896832488618,147.37754159533046,147.45512831858298,1
49.808583939234566,147.38003685768678,147.45449262147238,1
52.85516507385262,147.38501521461865,147.45398657829696,0
61.62820015969324,147.39379879004082,147.45397870921997,0
60.30519764938034,147.40150651711693,147.4529982832413,0
61.81814364649018,147.4049166952212,147.45272411077391,1
62.21196770363087,147.40512429984236,147.45282060536823,0
52.71610286626722,147.4070411678577,147.45273157924686,1
55.33614001722132,147.40725395734998,147.4528128320026,1
66.23662437365431,147.4095070815993,147.45265466399383,1
72.82972261388426,147.4128371257495,147.45296895202628,0
69.50247303274715,147.41644994274992,147.45073665104363,0
67.94297482573734,147.42028438966477,147.4485257334298,0
56.70509859746408,147.42196000211175,147.44553233225227,0
64.36959371314813,147.4264716863504,147.4430673141277,0
62.33278324806207,147.4327926079149,147.441098216055,0
54.398879980017696,147.4394947576692,147.43893616860962,0
42.12236433642079,147.44487916271228,147.43545539164566,1
42.093669656516425,147.44880055723473,147.431818030454,1
40.544449536554986,147.44984499491017,147.42848719306448,1
44.73127855071498,147.45343749164354,147.4265576188223,1
50.47481369828917,147.4555282685654,147.42467688492087,1
62.66236993212648,147.4590144317258,147.4241402247356,0
66.03110943163693,147.46316498399966,147.4238438586022,1
56.24390126768901,147.46547251931784,147.42394497491512,1
58.51257282157793,147.46842303834546,147.42439086697462,1
52.95553924907921,147.469511030903,147.4241331412835,1
56.259292739282635,147.47241928495592,147.4252088862663,1
62.38553536008483,147.48018699724724,147.4287944666093,0
60.87712026257333,147.48562719697347,147.432708936805,0
64.09763724182503,147.49044478013334,147.43764607054814,0
68.45900083540077,147.49705863712464,147.44289293341552,0
62.46214507960442,147.50097578330013,147.44739569685734,0
60.17212322276972,147.50482459124356,147.45163233118274,0
51.70686816057411,147.50444915822385,147.454423406118,0
49.62065812342138,147.50228636733672,147.45490715238978,0
33.104495170071814,147.4944340788635,147.4514207949375,1
28.168534751668346,147.48858519976915,147.45011666527668,0
40.80801931282062,147.48741634215438,147.45011853093322,0
41.144395535934116,147.48756481676173,147.45040860344355,0
38.97420018729138,147.48312660800312,147.44930896979585,0
38.14397693039813,147.47814195186717,147.447993329782,0
27.486519116555996,147.4686196212946,147.44616807938422,1
26.093024596911903,147.45360657173586,147.44330964446993,1
28.639002444792368,147.4424670781171,147.44172337753244,1
29.93473638123247,147.43296387585184,147.44164588147828,1
29.6275383494948,147.42234718022314,147.440943744063,1
34.796462417167106,147.414055288972,147.44067537643016,1
44.174062397534584,147.40470683551007,147.4412273448653,1
53.19992538141683,147.4002466395752,147.4427076884844,1
70.92293249346869,147.40132990887673,147.44716139596665,1
66.07753003872733,147.39921803468306,147.45056540421405,1
67.60014111957759,147.40557502447533,147.45561962079998,0
65.9524526018078,147.41303978893183,147.45932873073912,0
69.21243023542948,147.4218605386214,147.46256501471981,0
72.55365668255332,147.43336517848678,147.466286545696,0
72.0051196207276,147.4498806386918,147.46932333047727,1
77.33503028207394,147.46607646081762,147.47373078246065,0
69.8668733858635,147.4748083090081,147.47714027159648,1
67.25339225590926,147.48268473548143,147.47967966499638,1
74.80804931873595,147.4965388002345,147.48278963958984,1
73.32514425500939,147.5116871581413,147.48608821593857,1
70.6505814501535,147.52816312678945,147.48931957423412,1
67.26830830166148,147.54793987103568,147.49370159203949,0
62.077096841001136,147.56840961843804,147.4984985503675,0
57.97962470700905,147.58342223798192,147.5018977335051,1
47.73407658542416,147.60228269054645,147.50605891721386,0
48.18591209013982,147.61894711536934,147.51030255749296,0
52.47399535590812,147.63260586857047,147.51474946939962,0
56.17883270084346,147.64440527276773,147.52053179962743,0
52.744259069153756,147.6472184256845,147.52467376958305,0
45.94679594631065,147.64978581176186,147.52826842149264,0
43.43579704889128,147.64181530305942,147.52873996933346,0
42.27050002798747,147.63341429260723,147.52742845418214,0
42.49015140085279,147.62926969243037,147.5280838839648,0
42.2589672998691,147.62413380458275,147.5285708521909,0
37.22328979389884,147.61732145895473,147.52844750169797,0
33.501945799413676,147.60855093428847,147.52818344219367,0
23.820929559322266,147.59941288087452,147.52483062504737,0
24.82324269986904,147.58831587019435,147.52075513428474,1
23.63750227771999,147.57523189692935,147.5167044863082,0
22.03918626593645,147.55967974110223,147.51113665752962,1
27.18304137580263,147.54627318304313,147.5074385341313,1
21.239547053447282,147.5316568187344,147.50443448303585,1
23.869526316857872,147.51463627795889,147.5025733982615,1
25.398437085918985,147.5006669764771,147.50124997716125,1
35.748453298876214,147.48711158423302,147.50312991936167,1
42.37549859295968,147.47588181118434,147.50522120205903,1
36.37023597066273,147.4650239493594,147.50579251228163,1
40.40195763523203,147.45306723332905,147.50673276625437,0
45.540726033476645,147.44328678680364,147.50873784110325,0
51.32492349412383,147.43694824557454,147.5117909389756,0
58.909740528425914,147.43414638958168,147.51495067664828,0
68.87426359156501,147.43256459422213,147.51901166317666,1
64.13532091179815,147.4274311067929,147.52206949543515,1
72.01258816843632,147.42155328773975,147.52400661694608,1
57.077288412391866,147.41711714633,147.5263554881407,1
61.235681104212475,147.41478964016278,147.52847718266995,1
67.99383408278365,147.4186515704852,147.53040851903742,1
75.1164656342722,147.42759226627768,147.5316933849657,0
61.595145979195095,147.43289314802692,147.5293297819683,1
63.7790005492615,147.44364113434204,147.5289058973932,0
60.1323183686776,147.45122587285306,147.52569887348238,0
60.29423458858574,147.46029729068394,147.52333748373667,0
55.943506265842146,147.46717407085958,147.5206988111568,1
54.03220954210027,147.47498035815465,147.5178960490284,1
57.58456620412726,147.4817723573203,147.5158866068131,1
49.571854144847975,147.48354798911274,147.5122098133771,1
53.59201897914539,147.4859282269744,147.51024047946817,1
60.897808339818,147.49003756023475,147.5096738961557,0
63.646266734649224,147.49422949625276,147.50781411951056,1
66.29050146264714,147.50023292186938,147.50720924446682,1
61.20658756254374,147.50656380300595,147.5063109471349,1
60.05819815831316,147.5147709177388,147.50574408185793,0
55.15789460326829,147.51867413018218,147.5021753001328,1
59.07830172730055,147.52894335312547,147.5022150630035,0
64.75101569981157,147.5440490719626,147.5030620407072,0
61.87866043533361,147.55749000969996,147.50389434040224,0
57.43457311409709,147.56366432990976,147.50283190357314,0
57.84925379818436,147.56788514933254,147.50108533559165,0
51.85282810626654,147.57168966968374,147.499118279568,1
58.36798540467274,147.57362632164362,147.49844210134592,1
57.8195994162982,147.57717817325812,147.4998440215619,1
50.14995033192672,147.5773166516281,147.50089842734505,1
54.33560604242506,147.58194201771525,147.50176774127073,1
52.6354191639712,147.58803702392385,147.50345733676482,1
56.22277635462693,147.59559916683432,147.5071976899649,0
53.74106142695241,147.60646558343348,147.51137567303508,0
56.81442172120808,147.6128513369659,147.51561586190473,1
51.87307543058808,147.61842438317862,147.5217173013494,1
44.301371532586074,147.62378512870583,147.52723541222113,1
40.374666280929624,147.6230575797635,147.5325603799313,1
53.90266051478415,147.62574383125997,147.53809920642163,1
60.01965591098295,147.6312000342205,147.54556136805238,1
66.88697872442859,147.64147622721208,147.5529112798341,1
70.95558074905482,147.65118405540846,147.56242189457603,0
70.27479966519886,147.65778173870427,147.5713301024957,1
73.28109072885896,147.66416636523715,147.57920816202335,1
67.23504344263864,147.6735209307131,147.58623069611463,1
69.26823494381796,147.6858679393203,147.59420561798814,0
62.91606382648821,147.69968139615304,147.60167612330773,1
64.84733021582862,147.71414081030488,147.60931912723805,0
69.07884101517308,147.72644898077013,147.61676505803726,1
64.15056198061443,147.73982034349766,147.62380072705525,1
68.21815624646592,147.75299498934285,147.63199329429068,1
73.79243398290126,147.7635429584302,147.64025320504103,1
68.06165024458292,147.77103188243478,147.64876358440685,1
65.1060855583402,147.78101358718908,147.65786525184564,1
69.98574683255671,147.79767461111115,147.66722507815513,0
65.64628858484477,147.81360091142585,147.6761207594087,0
61.46147708786112,147.82867277784223,147.6855472641473,0
60.7426614729336,147.84568894571734,147.69337950448144,1
64.64725014333705,147.8598886257853,147.70156430759454,0
59.64200473418616,147.87014936472605,147.7095021976692,0
58.3349736920035,147.87830954710375,147.71736547033174,0
58.282774037412366,147.883287597762,147.725744790419,0
62.29337947515509,147.88825291088912,147.7339223239232,0
54.67625504076204,147.8902555283159,147.74189117770464,1
45.091909951538916,147.8915959318378,147.74849777805997,1
44.54904932989686,147.88818839066568,147.75346595016052,1
46.03332032941579,147.8863495041408,147.75852412646296,1
49.84089098528987,147.88706960957114,147.76405380231876,0
42.55273683662885,147.8895581695093,147.76996280463862,0
34.9286200952744,147.89120253692138,147.77437337472827,1
39.01248957329595,147.89105149189717,147.78094423897667,1
39.70390113414779,147.8909624472806,147.78506084270307,1
41.30728195287145,147.89249134420157,147.78814049330242,1
42.916566708998644,147.89279561617292,147.79198749443478,1
54.42404731462144,147.89223859024395,147.79865478228876,1
50.60885484932227,147.8901967707223,147.80504540796457,1
57.89277632822799,147.89324616040628,147.8141698604363,1
72.03074739781314,147.89944492800777,147.82370694702712,1
73.70027099561106,147.90389544057155,147.83225121451989,1
82.19521198127484,147.91254203552208,147.8435923512268,1
83.22485947767704,147.92410715507512,147.8542315252757,1
73.5075476262208,147.9322125537486,147.8634150023489,1
76.67887226567126,147.94380100948143,147.87320306098206,1
85.31795889652875,147.96381527847058,147.88483105571947,1
84.84776656779937,147.98581613508765,147.89768369730868,1
83.85369835201428,148.00781472837997,147.90922208824105,1
82.32378644947997,148.02959156181777,147.92084669970777,1
82.50818243341544,148.04876812665572,147.93433802107563,1
82.6041547472933,148.07025881410746,147.9477687977776,1
83.48025422729512,148.09488375250848,147.95984686204346,1
81.38311697113662,148.11924571476172,147.97205203399656,1
82.25344311223749,148.14772278078468,147.98367633285355,1
84.88657865794872,148.17478316132923,147.99494106235238,1
83.28801306665115,148.20285100771434,148.00746135142566,0
80.62487994626807,148.2275944807768,148.02028420231426,1
87.71444964235623,148.2533516076374,148.03203887529145,1
84.39958312897583,148.27521791270385,148.04438446705663,0
79.17696347517025,148.29494357452703,148.05602805271596,1
75.51392706588815,148.31539987018934,148.06783157028758,1
84.07253920087064,148.33394279668283,148.08124133250084,0
78.74191167622064,148.3501268427032,148.09308426661985,0
70.46323748678401,148.36651809900496,148.10460505857876,0
73.0310002724966,148.3839602068225,148.11837439073713,0
74.11871079707615,148.3989616311412,148.1320102733003,0
59.656685990733365,148.40872326272068,148.1421031579525,0
51.45639782903604,148.41834624738513,148.15112022262477,0
45.51451593019401,148.42431923150974,148.15910528117476,0
37.80716856739075,148.42658759200944,148.16669747959247,0
30.972120142357298,148.4190346913267,148.17142722399416,0
28.772066970812347,148.40990798969335,148.1757503120304,0
26.98018673905871,148.39801744113703,148.17993519160984,0
27.336497169354303,148.38292575707453,148.18353159657858,1
25.41802633829809,148.3649207787778,148.18560820950788,1
19.69833878803351,148.34480467813347,148.18928101135268,1
20.088012694445496,148.32440864021697,148.19340928566592,1
28.052250762081826,148.30638858771536,148.1993189541113,1
24.882542860919003,148.2917573232525,148.2065475947013,0
23.968565332599113,148.27899596897265,148.21279859647657,0
27.513108446880835,148.26634891034342,148.2185478666212,1
37.88913636856135,148.25512114788498,148.2268087768863,0
38.54341567410903,148.24207254861412,148.23349268930662,1
37.42477438315775,148.2275527639493,148.23924118524624,1
46.56703402027561,148.20812314354114,148.24462711047298,1
55.237170665365404,148.19152486958245,148.25150197466414,1
59.02733033632086,148.17978995117616,148.2571237023254,1
58.06633557567846,148.16890627683773,148.26260402507094,1
58.84208307314505,148.1588508855196,148.2653471712201,1
61.293090648915936,148.15301315352966,148.2681247698012,0
65.438458477296,148.15627334153618,148.27237838438,0
63.721728995082486,148.16159273211042,148.27537059066574,0
56.9781572159472,148.16805031978757,148.27751245749482,0
51.475624256950326,148.17280352040297,148.2797679832403,0
48.02704402535499,148.1782921706909,148.27940467399165,0
40.13402731022257,148.18378309241072,148.27726813692874,0
41.710990626592206,148.18779470077544,148.274200711941,0
42.510993082216146,148.1858552296497,148.27053515461918,0
41.32430401199463,148.17983895582805,148.26664655230542,0
26.663353344351975,148.17099101272856,148.2616877509057,0
25.831324644933247,148.16167471514387,148.2551142270358,0
29.397840201239987,148.1489797560145,148.2484471782887,0
34.36668295653223,148.1399134613755,148.24175978795213,0
26.365289226114157,148.13332683161258,148.2334828055774,0
19.466018919991697,148.1273326798204,148.22564691786945,0
9.631862023548052,148.11412735834125,148.2160125149149,0
11.601795807887257,148.1016055927053,148.2067281470968,0
14.528745867662991,148.08982551796174,148.19719358920068,0
14.129480384777253,148.07791489349347,148.18642596353592,1
23.36587157227804,148.06611133212917,148.17659187284207,1
23.93171584923057,148.05023269910836,148.16631151594763,1
28.811822289885953,148.03279970334466,148.15491335333047,1
40.809599515859084,148.01935008121697,148.14520175290036,1
49.75081057928598,148.009526674704,148.13697141351994,1
53.37698803931541,148.00265376639476,148.12688209782056,0
48.076202616095834,147.99478967309938,148.115599353712,0
53.30724370321583,147.99143002369934,148.10728341633248,0
58.51093335333122,147.99218411111428,148.10007030011084,0
53.87429004116427,147.9925057825201,148.09392117270954,0
55.01859214719418,147.99214859520444,148.0879121521837,0
44.43165737797339,147.98838626608057,148.08285485693736,1
44.44835700270538,147.98393017654615,148.07805605302983,1
50.8895986367161,147.97911509016348,148.07419884756268,1
51.58397902615021,147.97746117683502,148.0712969734816,1
58.25651827106165,147.97619794156338,148.07015778298367,1
63.12819597749482,147.9800980715757,148.07012987229177,0
54.59842610523306,147.9822160595683,148.06985111483732,1
55.52690991470987,147.98652714913345,148.06924901376792,0
52.69179433662109,147.99299916685558,148.0669227009772,0
57.63162119989592,147.9989886740193,148.06458895486074,0
47.127563475042656,148.00369472144536,148.0612498403884,0
45.085791501813425,148.00872245085276,148.05635387451758,0
40.25783094115688,148.00676073328995,148.05107702677068,0
41.99648161656741,148.0021513358301,148.04681084227227,0
52.618852123626056,147.998442848947,148.04300997998288,0
49.45374030413685,147.9943831472455,148.03674266477725,0
45.444525184065235,147.98588934083742,148.02972317219698,1
44.08380619219085,147.9777741336842,148.02361744284943,1
41.919772832103064,147.97080269508052,148.01870189653394,1
32.61874458657546,147.96451017155545,148.01251095939404,1
35.206599803966014,147.96291007581777,148.00550955065,1
43.73187979877908,147.96681940030987,148.00014672030963,1
51.06772540413524,147.9734734794735,147.99636811143708,0
52.58949575938871,147.98018843725586,147.99425094022277,0
61.15956215217004,147.9870740700103,147.99367054271144,0
60.92393865138616,147.99136729991477,147.9931635552934,0
58.77542408990598,147.99188686324683,147.99148797982588,0
56.77768548457842,147.98837159728566,147.9902555608223,0
52.97025837691126,147.98496418870528,147.98897279412805,0
47.66641123474701,147.9756694588934,147.98646033332668,0
47.29317685811518,147.96704702115704,147.98339876279363,1
37.93268125458138,147.9535111360381,147.978166426527,1
38.100885085333495,147.94429568029304,147.97282991433767,0
42.71139994367107,147.9374877969242,147.96847522839693,0
46.49996467630111,147.93215667505413,147.96493957807638,0
37.92578112226939,147.9289014152483,147.96265228754007,0
30.016389376184136,147.9258401636449,147.9594170005728,0
20.365522565029366,147.91661944160288,147.95433501230588,0
15.895279564435754,147.90373627552157,147.94903044934517,0
13.869693110332847,147.88912928189626,147.9417181393009,0
15.235930308957634,147.87246179314468,147.93440118826453,0
15.770276673425613,147.84958955648023,147.92686266156386,1
15.225409571990255,147.8219118763174,147.91739282947725,1
19.364123040964245,147.7924019191864,147.9074010380157,1
20.753546252360096,147.7614103579944,147.8971731793513,1
24.58852642884655,147.73007221209681,147.88727657089237,1
31.7976336539825,147.70657952953144,147.87754778215873,0
24.271900262652522,147.6819825030726,147.86617491760563,1
19.81529745063422,147.65937870667364,147.8557219637895,1
16.848263696773685,147.6409043531504,147.84596263650508,1
17.84376060456127,147.62425921477205,147.83774794227023,1
28.964409147394562,147.6139644411496,147.83018013236835,0
41.90117275042298,147.6057002834842,147.823463991666,0
43.50449677567551,147.59352629475416,147.81490127556455,1
47.48033383999295,147.57849526938946,147.80585850920681,1
50.32572503234733,147.56316674310378,147.7958797561513,1
55.56692017676496,147.54937033958976,147.7862787125814,1
57.05265468466124,147.54115118761294,147.77618462769766,0
60.47045504054162,147.53744644488992,147.76680936055888,0
68.27464099014573,147.54060927963863,147.7583663815486,0
53.65466709503712,147.54235115772025,147.74986376277448,0
60.2790231736637,147.5441755513995,147.74104390178255,0
52.3954297110337,147.54623322833444,147.73318182749506,0
55.452679242986676,147.54887796528328,147.72609168979702,0
48.940485279068064,147.5484578675492,147.71717918679215,0
46.29237563363591,147.54878067482576,147.70903558192447,0
38.76199618893865,147.5451861936994,147.7012665233035,0
39.59286826274316,147.54257952349684,147.6920970735307,0
35.12459645626764,147.5358477600551,147.6817399897793,1
32.08650814258496,147.52811879339018,147.67140608523897,1
38.843007563687586,147.52352541735883,147.66199407888666,1
35.68147810941858,147.51691736511322,147.65021931828971,1
37.540028657511044,147.50975169385464,147.63797527741846,1
36.64286360312982,147.5083635179389,147.6261713078378,0
43.55403185968161,147.50796212065185,147.61421372946344,0
41.822359557334124,147.50570190433152,147.601613597918,0
48.012071814364056,147.50507976677355,147.59155587399212,0
42.51684463538374,147.5019585044979,147.58161939058257,0
47.573164075479895,147.4970988803744,147.57166323722655,0
38.9873558666845,147.48482012089244,147.56202664634822,1
46.472019109538635,147.47797824333693,147.55423625164644,0
48.0157474493124,147.47055371783256,147.54786093450036,0
56.57375834153743,147.465542811046,147.54168067979623,0
53.275061760623686,147.4569040274428,147.53385818200442,1
49.96210477780994,147.45280793057435,147.52543968900025,1
46.23747075972849,147.44626096999949,147.51597940382496,0
41.948277335613255,147.4407947004823,147.50724833803847,1
36.63629509664583,147.4388932018011,147.50100657760999,1
40.29115939744044,147.4419390669993,147.4970211063704,1
42.80837593315155,147.4459643314421,147.49414010505728,1
32.46013620905953,147.44368235671158,147.49048230431342,1
50.26584524111772,147.44807477137712,147.48961340424847,1
58.52748252597855,147.4549428904771,147.49118768308233,1
67.8280754462267,147.4597284775456,147.49310193118149,1
61.413676974205664,147.46226289524716,147.49455474436454,1
62.76824730182292,147.46578232757903,147.49589764411087,0
59.548409089952585,147.46706506714764,147.49575008903858,1
68.27166315527374,147.4723498785256,147.49776634076377,1
67.84153086202059,147.47933185194773,147.49964449533618,1
67.71799499370792,147.48793915985001,147.50084056902807,1
66.01676450673216,147.4934560553985,147.501914987897,1
66.63922830113992,147.50230870542254,147.5031986402095,1
68.54961304464382,147.5143023435894,147.5051215038383,0
71.7166489027717,147.53197313334286,147.50923691743992,0
81.81909343827606,147.5503579585823,147.5141847646774,0
75.52375087016708,147.56986742859382,147.51865967802095,0
54.085265801556176,147.58250863459602,147.52050365604097,0
52.582017932916244,147.59386711033284,147.52209294669794,0
55.809050411891796,147.603472801127,147.52343164886526,1
56.830007818926426,147.61343722807268,147.52327128443093,1
59.6485751013371,147.6274305797828,147.52451407313845,1
48.66180322913405,147.63186850359654,147.52469058512727,1
49.90915138850985,147.63367678656596,147.52616510637492,1
55.81719064092412,147.63528512540586,147.5276647952305,1
60.443597868603106,147.6400722843377,147.53120051107996,1
59.871501384819794,147.64720795265924,147.53526855524427,1
56.247087456728394,147.65688496641403,147.54042959812443,1
47.163466733215245,147.66285562873003,147.54587678285705,1
42.45842053805142,147.66808810698421,147.55254063410786,1
44.22300769599901,147.6752586258711,147.55969650202042,1
69.45292068337946,147.6837098424549,147.56598875793546,1
72.68940331712665,147.69189132007583,147.57318822219452,1
75.12928509763331,147.69795598652192,147.5804032209052,1
80.37064548919157,147.70524127040127,147.58798801842485,0
84.09668691871359,147.71574509200474,147.59729795321854,0
95.24433969354062,147.7269857093214,147.60717320001692,0
67.73490668428673,147.73689562553835,147.6132299995469,0
69.13150147048471,147.74889051919106,147.6208657525752,0
64.91499972973466,147.759690893561,147.62846845413986,0
58.69851952715124,147.76840390095197,147.63670479645472,0
55.12008743489251,147.77611411546314,147.6437684219889,0
54.97037825769954,147.78577090290764,147.6507774591573,0
57.20437535685095,147.79555094044412,147.6581683581342,0
51.21835751673928,147.80047426747797,147.66509289124457,0
47.56115470600522,147.80149832696665,147.6706766696369,0
45.39639890269123,147.8011856020045,147.6772384080463,0
45.32403624408165,147.80091468667817,147.6844775926028,0
39.87202962492487,147.802974217388,147.69150918909182,0
27.230218718144613,147.803446470887,147.69714359566294,0
24.89476868958289,147.8015493354895,147.70193050363937,0
32.759820314653254,147.79829128495038,147.70783232923097,0
25.738066751569505,147.79335223979967,147.71129920956358,0
37.566161796371105,147.7902775465945,147.71453708335218,0
33.58507739049445,147.77805992342437,147.71532059677634,0
34.102009810990836,147.7604569720355,147.7165755839339,0
31.679232752540386,147.73972644117902,147.7167508454569,1
24.702426469946218,147.723851452479,147.71594455367944,1
33.328057136856714,147.70737324186015,147.71487509790902,1
39.16672021883068,147.69329909653965,147.7140553519766,1
39.683372132543056,147.6819972506467,147.7143280327734,1
41.088439721916124,147.67361819258355,147.71583327686295,1
36.52682230839421,147.6651670197234,147.71592078487768,1
37.58497313562169,147.65440058100347,147.7142076530998,1
50.44965423014235,147.65193149039354,147.71307623406483,0
51.44347306726443,147.65130414573443,147.71105514449772,0
53.19971981477998,147.65154518361447,147.70990951005456,0
47.53231588789313,147.6504200163344,147.71164214529813,0
48.321344063094415,147.64377895493402,147.7114739269323,1
41.95744704463439,147.6343557274509,147.70949676619247,1
44.373921006359964,147.62581871807686,147.70688309964103,1
54.937358095856624,147.62074121949505,147.70515658511584,1
54.28509341027011,147.61687743560475,147.70530278236686,1
55.617079222746426,147.61174641429088,147.70576493444213,0
49.958019608385314,147.6089657868918,147.70479286137072,1
52.4565886799946,147.61025227556186,147.70464758042354,1
50.68923813492703,147.612352609506,147.70280870819562,1
52.97496464908315,147.6185809193911,147.70062293487027,0
44.369160451183525,147.6226464850499,147.69879144043696,0
44.639762211680726,147.62512152411404,147.69686871882854,0
47.30355748458181,147.62956634893231,147.69605112199793,1
44.757879842555546,147.630409975683,147.6945133301542,1
46.512059547804164,147.6293273955055,147.69089521504952,1
55.48502170979681,147.62924697426658,147.68672404819768,1
56.42708943686669,147.62344078813092,147.68035604115667,1
64.29715222772086,147.62566092767645,147.6750214787664,0
63.98622379091449,147.62775162402983,147.67021587593794,0
59.15646257708793,147.62892100132,147.6684522956108,0
58.82130291124463,147.63184441187192,147.66465548400464,0
44.735851476895455,147.63512988893484,147.65967236434204,1
44.523748374546464,147.63742702010342,147.65449234730164,1
44.09047866505499,147.63764132361342,147.64976746837596,1
49.840109947975144,147.63927065973286,147.64670268509695,1
54.1973266483975,147.6413603301509,147.64408869032485,1
50.51287075021512,147.6461430694544,147.6430603821613,1
51.95159276419383,147.64663164050904,147.6427009058405,1
58.684829021203285,147.64985261073033,147.64227551168594,0
56.24751398247069,147.6514534415373,147.64083843681394,0
63.15232639591191,147.65688430333608,147.6403554748162,0
50.706513594083226,147.66228094093128,147.64040250684627,0
47.06613999337496,147.66452152743858,147.64123999877754,0
40.082512674746354,147.66341547609574,147.64056300661233,0
43.13318225446106,147.66486514034517,147.63950037526772,0
55.660486536373185,147.66812301814724,147.6378622368188,0
55.42923652072557,147.66990152007364,147.63709267981642,0
51.16265088573989,147.66253788747926,147.63585384494394,0
48.15895507294187,147.6554300537702,147.6364973209744,0
36.046281246893415,147.64596050782455,147.63729591774901,0
40.65253373363752,147.6411725170533,147.6381751940819,1
39.92788646149304,147.6393708342843,147.63810105943992,1
37.250844102095755,147.63897867754457,147.63728491806077,1
35.440007664375514,147.63584502753318,147.6346582023558,1
27.63062499502655,147.63038780095894,147.63279099759114,1
41.34258803509533,147.62789148150023,147.63348505052355,1
44.858698238616725,147.62661844324936,147.63293516330364,1
49.63393782823899,147.62414718322478,147.63183812083662,1
54.53796990851773,147.62359558383935,147.63109567177588,0
50.32351519270778,147.62349138232713,147.630066983211,0
59.41053258845543,147.62262510267678,147.6318939339133,0
65.14617470525782,147.6239657698502,147.63624652380597,0
51.11459452862971,147.6189774915917,147.6385035081835,0
52.70613504607777,147.61667455513728,147.63893634086924,0
52.350639125107804,147.61689533163764,147.63950753368087,0
54.741072888903524,147.6155994630316,147.63940345631508,0
52.46959117593258,147.614401342727,147.6392669021505,1
54.2037237248676,147.61346274418813,147.63713803239443,1
46.82901078493797,147.60655108861243,147.63417671261698,1
37.177602769635385,147.60271283432303,147.6309486837218,1
42.99975968605176,147.60142488158746,147.6296865526969,1
48.41177118297316,147.60309692469588,147.62929121967264,1
51.73075870712675,147.6104803727022,147.6296505275687,1
55.2090219663815,147.62230612689942,147.63141666284235,1
54.27461840645377,147.63557274285722,147.63528913653184,1
57.28102180980901,147.64777153152164,147.64089487342557,1
69.42286387799336,147.65907638949972,147.64718940385114,1
73.35751065012204,147.67188003829625,147.65032576508455,1
73.52359691000416,147.6844595792034,147.65377885384532,1
75.71117808680546,147.7009672425045,147.65888547968484,1
78.40327455800141,147.7133644854317,147.66450196333722,0
77.94445215686065,147.7223726354918,147.67114362242876,1
89.1020394209275,147.73820919262138,147.67881637719066,1
90.28501933874966,147.7581143602143,147.6871255555096,1
89.22538361881581,147.7777003485525,147.6948794092087,0
79.17783321833998,147.79378914117768,147.70037498072577,1
78.74713814292875,147.81638836947758,147.70736502215976,1
73.42010393116152,147.838966483898,147.71407196975002,1
69.60014469186044,147.86517417761846,147.72030533937223,1
58.6036172928609,147.8895737496117,147.72619680695155,1
65.73076464966474,147.9150725668596,147.7329618581063,1
67.25196595426749,147.9393271231673,147.74010969256702,1
60.436441632043085,147.95684027722325,147.7465780274826,1
58.611350669165155,147.97431703153927,147.7557772850198,1
63.20423562135148,147.99122514611074,147.76583313883808,0
65.89586798174375,148.0033387416785,147.7749811628381,0
67.70702514026966,148.0164833266585,147.78582212648507,0
61.44771842994224,148.02820941525414,147.7965943761945,0
56.7200318748615,148.03654940916397,147.80622659600283,1
54.255463732952826,148.03719854035154,147.8153806926956,1
41.926998426797276,148.0359743626786,147.82242270158733,1
51.28844325693966,148.04036417560232,147.83154095895597,1
57.34123770821121,148.04809138667486,147.8424614608428,1
61.07187909090361,148.0541192700603,147.85443525252046,1
58.10969198368528,148.06207058853266,147.86755252423825,0
56.66922889346253,148.07282748463373,147.87834938197918,1
59.338607989580055,148.0787997267953,147.88823753557813,1
56.622660309317176,148.08632118810056,147.89894157170033,1
53.08791996720271,148.09415349098512,147.90852850223052,1
52.960539605997525,148.10351118214254,147.91820472687772,1
54.17191524092736,148.1094190988486,147.92767945657505,1
58.822373082446376,148.1151230648757,147.93657261057723,0
63.97923816633347,148.12430115870959,147.9487074943297,0
80.01099578394448,148.1338540836993,147.9626490964446,0
92.0905125332489,148.1425617488356,147.97609970571727,0
79.98546387936447,148.1495284711349,147.98855276607938,0
62.946039181067434,148.15161940759864,148.00070935243374,1
63.314031297925325,148.15587490292296,148.01355923968842,1
52.85912426400284,148.16084476206402,148.02794406538345,0
54.70979404417607,148.17047308701666,148.04248479377304,0
56.602564239630404,148.1830044257237,148.05505451924185,0
68.66129620205301,148.1972685911456,148.06920962553585,0
60.62455439960391,148.20492847086024,148.08024070010597,0
51.716128812314565,148.20801827843437,148.08872011313443,1
48.24158150626254,148.2081516216739,148.0965840757649,1
45.985998810525615,148.2078041216419,148.1023624180273,1
44.05584200463064,148.20870006892375,148.10808700734776,1
41.70276974550745,148.2107683102156,148.1144968804681,1
46.22663658662069,148.2159693449912,148.12113240854566,1
44.17320082589893,148.21829744221105,148.12513680676034,1
47.29048465714745,148.21684682720758,148.1290723932854,1
48.56614827947654,148.2160154524988,148.13402973738005,1
52.50740240241804,148.2153128112806,148.13954894179344,1
59.51899180730673,148.21719485737518,148.14628129530894,0
62.12730816625806,148.22033998392033,148.15315555986442,0
54.13254526888704,148.22551676867334,148.16124381707766,0
56.07627585280088,148.2317201923362,148.1668420815772,0
63.46338660841293,148.23633755820646,148.1725076694118,0
58.97120309093127,148.24001732212952,148.17788132318788,1
63.29266526416207,148.24496021560543,148.18463938017055,0
63.10158811562147,148.25051049856546,148.18922969192417,1
54.37265426549198,148.24737132077547,148.19242730457916,1
47.01920601762067,148.24622161940252,148.1959932369777,1
58.13172048594308,148.2514472832317,148.1995722138114,1
62.67752992869753,148.25671636432867,148.20278056305204,1
63.1763425018939,148.2640870001307,148.20666172140815,1
61.766116795441555,148.27160707712747,148.21013650753537,1
59.49804307634001,148.28144881533677,148.21579264050115,0
56.19273230689082,148.28896083289865,148.22209697803953,0
54.16911991683355,148.29896471567062,148.22984327688798,0
54.018371982493484,148.30816792509808,148.2379498182532,0
58.75488257210878,148.31697361417088,148.24467351280745,0
48.613842653283974,148.31863683333057,148.2477671204557,0
44.45042889924267,148.31501188643327,148.2506383418581,0
42.150959091542745,148.30880268576783,148.25184839875845,0
41.98545468229349,148.2996864986441,148.25198742268182,1
40.05952799144816,148.29048868624395,148.25151766535666,1
39.67457737345051,148.2843454991959,148.25171739384993,1
38.98076357685246,148.28003340359598,148.25223328823222,1
36.14900273547165,148.27449016315248,148.2530309725745,1
35.657590627274885,148.2690561996735,148.25308453225415,1
23.972710134009162,148.2667721942932,148.25308695634612,1
32.06162585418849,148.26822093301772,148.25356114670095,1
34.320733992520374,148.2679927255685,148.25322767055908,0
32.412135761169566,148.2637400502623,148.25125188362273,1
40.80247339541744,148.26184710866102,148.25158917641863,0
54.238697394326145,148.2599259642155,148.2534591301821,1
51.914248452989625,148.25307469409853,148.25467255697137,1
46.73509551851642,148.24291100792885,148.25492347638547,1
55.63590170472483,148.23448682879064,148.25544877359755,1
60.80699981231386,148.22784023280423,148.2558841410854,1
63.968134883795074,148.22413877558776,148.25542158658433,1
60.797542833311375,148.22509762130076,148.25583478063191,1
55.486210065586654,148.22460408893326,148.2572726660577,1
57.88829023083665,148.22656038441534,148.25921190385506,1
60.87133379520534,148.23360829397924,148.26230909161674,1
56.938489595739135,148.24309434714172,148.26527537664384,1
59.05862474961824,148.2522860612243,148.26832449425342,1
67.60218737580495,148.26088111816512,148.27019799750178,1
62.23244198667254,148.26977036344263,148.27362014106714,1
65.4924610114272,148.28057172477534,148.27857449128126,1
71.99758840387017,148.29255941085188,148.28370453968736,0
81.54731519207968,148.30140671689617,148.28799870894719,0
83.48469932656968,148.31299122997203,148.29154621959782,0
66.97292906918182,148.32255233650895,148.2921368246582,0
68.31083156689546,148.3330578287322,148.29460560044217,0
61.273470257419895,148.33894100161217,148.29634745389248,0
62.260929250130324,148.34473891639857,148.2980331002482,1
59.27055560352113,148.3532327290207,148.30020963914194,0
55.19408204210947,148.3605203229034,148.30167281651674,0
58.26958590073779,148.3703085895773,148.3038033774901,0
51.13147429546888,148.37424163432325,148.30616971200345,1
52.276444025433975,148.37952441918944,148.30915590054667,0
49.13094221476085,148.3853825849317,148.31084678673767,0
45.52904730620079,148.38990544331213,148.31248753544844,0
42.37171111060144,148.39222590210724,148.31356465240736,1
43.44736624414567,148.39437796924432,148.3143837334906,0
34.1892333642361,148.39380130138858,148.31326548867412,0
41.24757810782755,148.39217361379502,148.31148310986032,1
26.88786769402398,148.39066464298475,148.3103001119928,1
44.667259494170516,148.3886626493974,148.310772381001,0
44.86820775108237,148.38393698329372,148.31048988733647,0
39.753565104879655,148.3776552602441,148.3116060797126,0
45.28876928283095,148.36972669750878,148.31343214402804,0
36.915822003668254,148.36699153368605,148.31541236382546,0
50.92919065444747,148.3615354481056,148.31934518022678,0
42.71158891382197,148.35786229788388,148.32329689854845,0
36.58687589502527,148.35162679794024,148.32494561974593,0
32.14931263927369,148.34429716222866,148.325915142595,0
29.72909684448777,148.33558978088874,148.32611266361127,0
28.774772828201577,148.32446709869765,148.32596773709975,1
28.510512908203722,148.31428352538836,148.32517424444148,1
35.5281808778404,148.3051666549774,148.32393418933054,1
32.53792635864694,148.29669607773658,148.32232812760492,1
26.46866454022907,148.2879031690664,148.32215278297008,1
29.740850543673133,148.27960481902338,148.3206677365523,1
34.870020519684175,148.2715330338254,148.31902656133454,1
29.137579157290716,148.26463137737613,148.31788816198517,0
34.02327284427713,148.25999980292485,148.31831862785873,0
23.19400393174996,148.25296020224067,148.31768946137282,0
39.14500579770402,148.24693194363346,148.31840906533267,0
48.42315481518386,148.24170911871963,148.31751802458922,1
43.25361104155658,148.23550337576378,148.31576838149778,1
49.78045886582024,148.22835082827984,148.31493083976665,1
44.64538363775284,148.21937873697803,148.31253970485054,1
53.328223563421915,148.2100372754664,148.30991677282162,1
60.960715962245764,148.2076246202089,148.3091090077753,0
57.75419901676931,148.20742080930688,148.30699951897898,0
58.54989782981454,148.20914135206877,148.30521923615646,0
48.842432501704664,148.20866248510424,148.3016695122759,0
49.99210484963331,148.2093677667903,148.29748615390577,0
46.514221916234774,148.20951977998365,148.29195839209422,1
42.003919763402315,148.20663615423126,148.28602596426458,0
41.00342527493438,148.2019462889883,148.27791015121142,1
37.75590614740963,148.19854849662184,148.27255124701523,1
43.30494762106014,148.19703871074066,148.26626008935568,0
48.308864416864175,148.19514750664024,148.26150916334575,0
44.12207978439982,148.19138897410278,148.25654818506686,0
53.81829591711973,148.1900279422895,148.25303671316627,0
48.39721250662634,148.18876779248575,148.24898844920574,0
31.66525999663388,148.1795926300032,148.24212268150305,1
36.078732775833984,148.17196165517686,148.23660603293067,1
31.55749410405376,148.16479284105537,148.22987575024416,1
41.21228851248304,148.15940164256511,148.22453846282002,0
37.86693763602433,148.15505573612884,148.21859982197722,1
43.60091226088263,148.1505720720471,148.21325524079757,1
51.67289081551756,148.14428929387114,148.20907353762607,0
51.253676818637175,148.13706979393592,148.2043069159979,0
46.3195041603215,148.12785397582712,148.19949138096933,1
41.59092483703664,148.12237324191273,148.1943529518471,1
48.049653555688806,148.11929942610462,148.18974086458863,0
48.78421449724025,148.11673148036664,148.18507619092338,0
39.94293344368462,148.11423139105716,148.18065641658984,1
44.74722280276524,148.115240250812,148.17611557253272,0
51.41692223970262,148.11334026380024,148.1710907390609,0
49.97843778307232,148.10954067144604,148.16546217869185,0
47.90717597120862,148.10224335295123,148.15926158537272,1
53.226984468695655,148.10178521633733,148.15661155242572,0
49.259587899094626,148.09480061842862,148.15323809564626,1
45.59600351598232,148.08876945494026,148.15026031882635,1
38.72591616534168,148.08746975938,148.147323745776,1
52.371581348257045,148.08940057764806,148.14665285383455,1
49.26107272606114,148.0908419446266,148.14414586610386,1
56.368818523456646,148.0944949101934,148.14365799580273,1
53.92130084116213,148.10067739238792,148.14370951130584,1
57.92708823383155,148.1064460967876,148.14399175190326,0
56.316884503447504,148.1069120796596,148.14322515595975,1
56.60496668453712,148.11133361468143,148.14298781092003,0
56.02432751707534,148.11540424869878,148.1416531592789,0
59.20576438135621,148.12245855770624,148.14215229403334,0
61.518640386467716,148.12393832057484,148.1405434153652,0
54.27963251643687,148.12662947895828,148.13904433501884,1
57.881110701220045,148.1294073342757,148.1382179999946,0
54.82273446135904,148.12892887233153,148.1363467901534,1
57.472243732770366,148.1313797463699,148.13589114281768,1
52.566671917454016,148.13468170232696,148.13531994943608,1
63.311651501362036,148.14411676590748,148.13385844365214,1
47.34328019245383,148.14467769694664,148.13151430748158,1
48.6988531582622,148.1505973460323,148.12982049323165,1
56.35002690438967,148.16280250161896,148.13191632543223,0
58.577814173327035,148.17407523869315,148.13320673453714,1
62.28789128426266,148.18531541459396,148.1369711076787,0
64.28585391418052,148.19891316391846,148.14105666997872,0
55.04267665868595,148.20505043785442,148.1448996553492,0
57.69976174007513,148.20882500048657,148.14782011285172,1
61.15808558131365,148.21400395390077,148.15077784916733,0
60.001760113408615,148.2195071175555,148.15296900032587,1
61.588280661403275,148.2224056550736,148.15539448330836,1
61.19768259839287,148.22823228013402,148.1569348944167,1
59.71570548835511,148.2312501154892,148.15914522323473,1
57.82747951725517,148.23772698867145,148.16379715883252,0
67.42409927475549,148.24498445272022,148.16825345403618,1
65.7237743110066,148.25454304611884,148.17411808202,0
53.17593211811317,148.26533393855567,148.1787197085496,1
57.099615430450655,148.27499335443395,148.1838661901397,1
40.14275863411111,148.2813998426189,148.1876510576648,1
49.948630412820656,148.28798538198117,148.19133687889615,0
54.44195826109367,148.29711561820176,148.19553263718797,0
61.98212977740279,148.30639270537796,148.201235985052,0
55.36762117640706,148.30957896970637,148.2067986165497,0
62.68147552024848,148.31421931048664,148.21117468828993,0
63.5626340613143,148.31354206850668,148.2156953429347,0
52.644387563634055,148.3111900468454,148.21984013229402,0
43.10102159649922,148.30801110412588,148.22200799667473,0
35.312847827371144,148.30316601195526,148.22375041211373,0
32.682265885692246,148.29526942728458,148.22506935150273,0
30.864322620535333,148.28970821990578,148.22795494710766,0
38.781428166532756,148.28772807144588,148.22977162535176,0
35.845200953513014,148.2834369708888,148.23238943540076,1
36.000449087292516,148.2771788245431,148.23450897107585,1
23.586584971680182,148.26641481033136,148.23537517921304,1
28.423644542858312,148.25618816956586,148.23496849080328,1
30.079128356088248,148.24796803901933,148.2369685197771,1
38.070912466234944,148.24352478956249,148.23833166029726,1
40.59393614758119,148.24014462656908,148.23965308381216,1
45.19838761137242,148.24024768989233,148.24117169490668,1
55.6602782766736,148.2412613719984,148.24507659583168,0
65.07888380394704,148.24442534724534,148.24876933021352,0
73.03500868735301,148.2465157336377,148.25368057902756,0
73.05166432316906,148.24841192434468,148.25717996320506,0
64.70693846939405,148.24682744107116,148.26033033648847,1
58.20490854390761,148.24482300233845,148.26297275228674,1
60.347901814125755,148.24505856738512,148.26610062553777,1
65.38777747055569,148.249309473638,148.27016023719733,1
79.36132029068841,148.26019268337433,148.27527558691548,0
78.62231758186923,148.2719766860571,148.2799873449948,0
78.22687907331239,148.28591425665982,148.2846739434086,0
72.11734719711117,148.2966371889317,148.29055542214581,0
67.75292524797854,148.30765717277484,148.29521336609778,0
57.08924808375781,148.31767935874447,148.29645971392608,1
44.85993027606904,148.3292552715785,148.29744719236717,1
45.97694423728499,148.34093725057667,148.2972172251964,1
42.13286722011836,148.34956243080356,148.29722822653113,1
49.22643845148994,148.35747104954308,148.2992999049727,1
58.28544578292564,148.3642044642784,148.3018048693289,1
60.672207347099494,148.36873319696375,148.30306339213186,1
68.99187558907643,148.37426787038387,148.30698089696298,1
68.17629769841605,148.37885434293239,148.31134880535706,1
65.62290837138765,148.38459311730395,148.31622491389552,0
62.65383597751163,148.39015218474484,148.32074079090734,0
60.780528686500304,148.40032324462675,148.3253688388706,1
67.17109868641131,148.41408364397824,148.33061242878998,0
70.02519100294609,148.42832908961293,148.33561504293542,0
63.33985239212441,148.43719350380127,148.33890406329556,1
68.08706805932674,148.44181218584953,148.34200311948177,0
70.17964017328093,148.4489909851123,148.34702380199215,0
71.55718948973644,148.45472067856505,148.35136806204216,0
70.24632835940005,148.46241267004538,148.35667424288326,0
59.9731742010959,148.4669611273249,148.35944073487656,1
58.230621981301134,148.4728629405166,148.36177330225016,1
51.60078974362493,148.48133265745267,148.36429253115358,1
53.79631118595113,148.4895439720959,148.3676179866321,1
54.008771701368104,148.5004447792011,148.37293011947338,0
55.26170546320343,148.50892427456697,148.37966517314916,0
53.997260691959454,148.5179046937228,148.3877003420359,0
49.7307160100389,148.52770609613688,148.39603805967278,0
44.11576356597717,148.53052533511638,148.40330774304726,0
44.533428300184866,148.5285295870343,148.40766941159242,0
46.62814290666843,148.52490300694623,148.4128113283185,0
40.913359979229384,148.52255754530643,148.41889227921266,0
35.24395558704393,148.5172547765876,148.4257048253731,1
27.525595117187947,148.50627993986174,148.43064913690833,1
36.793309046425016,148.49624196416926,148.43492461299536,0
38.539188696820155,148.49085794272276,148.43783732455967,0
39.45624551780651,148.48667275729153,148.44061437177072,1
47.32404492372453,148.4838970367365,148.4444835407298,0
33.669957165287926,148.47517804845586,148.44493473262514,1
32.19638192691258,148.4639084773339,148.44446749491865,1
29.447254926406828,148.45601040874163,148.44323860491815,1
36.74215882241263,148.4529549897515,148.44359052841287,1
35.10629435127426,148.44534138990136,148.4436981106857,1
49.494967708414016,148.44112233712082,148.44613772054504,1
48.42538284171269,148.4344994394432,148.44870646829662,0
47.44262557123866,148.42798562357294,148.45113563312313,0
48.925822645133465,148.42012649424305,148.4516738663834,0
53.64601765628229,148.41125970441715,148.45175126701682,0
55.17658763365042,148.40692554672776,148.45171225907444,1
51.89101206652481,148.40523665381986,148.45110919754768,1
51.124619194244374,148.4033569891203,148.4510912548567,1
41.72905171227554,148.4002347705727,148.45191444394393,1
47.26048927500672,148.39679275704594,148.4527198195601,1
61.041086543683484,148.40271196801808,148.45535902388488,1
63.368738819877066,148.4081629899253,148.45836483664408,0
60.72828394406746,148.415571995519,148.46107770295004,0
73.62916182518254,148.424276719502,148.46464327386016,0
59.00832128507607,148.42566401542734,148.46725586811527,0
64.41256973962282,148.43572373229273,148.46951707738867,0
53.821918077889634,148.4417505620465,148.4696259825643,0
51.808076950303,148.4465313568245,148.46801390072636,1
51.73063667104746,148.4470521638214,148.46635052004348,0
50.211169431091335,148.4525101832452,148.46457288613306,0
54.83308637029202,148.45414656866754,148.46216289042073,0
53.03791354585783,148.4551090217452,148.4594184411495,0
54.509314036013784,148.45625849751352,148.45876163060805,1
53.64489164950924,148.45567144319546,148.45721756932176,1
37.68409463957332,148.4527233505828,148.453244213205,1
39.17291024628764,148.44905854387474,148.44944740519833,1
39.54893168069781,148.44931663790692,148.4458707846923,1
41.56454811998526,148.45233378205822,148.44524031675002,1
43.62722182828361,148.45444690789847,148.4445480308967,1
38.50743243834526,148.45979904261546,148.44410637362517,1
47.57891117878643,148.45876228598274,148.4430463494396,1
57.60548004158594,148.4594436444159,148.44196438273,1
64.2920331207448,148.46103577588585,148.4419223034776,1
62.97856269352463,148.4605633551342,148.44170673842473,0
60.083398618799954,148.46250128004218,148.44117394167736,0
64.49128943453616,148.4626761804712,148.4423774155306,0
66.5370546137422,148.46988297525664,148.4461673378532,1
68.25673840600857,148.47727605493503,148.44896311992187,0
69.28238534525033,148.4827322928408,148.45042041905722,1
65.3364902014543,148.4862505082573,148.45217117880094,1
67.8079155160599,148.4926584319133,148.45671428724137,0
66.54241118433808,148.50199351629192,148.4617190619986,0
64.65921228619622,148.50887575155673,148.4659687541416,0
56.256344772918695,148.51533322477377,148.46868175631465,1
61.82013212939565,148.527963462327,148.47087078344123,0
52.81037523406178,148.53644622868654,148.47395467729058,1
50.84767239810718,148.5445197993524,148.4781153134997,1
47.57075564166846,148.54769264997017,148.4819132132414,1
54.77831206693898,148.5562284356744,148.48585740926586,0
48.57675271034285,148.56150429986715,148.4905715376115,0
50.36106276275915,148.5699604927162,148.49458161167777,0
53.52231105500298,148.5761773559461,148.49863554933117,0
60.023376237629456,148.5806796072229,148.50299989693755,0
53.01943864303081,148.58031938549647,148.5057838949261,0
40.57652610449763,148.5758085293715,148.5069934716591,0
35.13897975862946,148.5686650384233,148.5070732122088,0
39.27822595690313,148.56062935617067,148.50832441879356,0
39.40704236845986,148.5516140731365,148.50826595352837,1
30.226858367955842,148.54313446832722,148.50758029815907,1
36.10015724959248,148.53654728444593,148.5080729897609,0
36.36967520373954,148.5278362534122,148.506764001399,1
37.80996890740032,148.51626289659578,148.50495902466676,1
33.17644155560342,148.50890608856415,148.50330239135968,1
32.029926567823935,148.5015375123172,148.49958607344078,1
23.82176036053751,148.4905361794992,148.49681964906995,1
32.85788259018162,148.48573396464724,148.49395877023238,1
31.83948845349822,148.47994903048343,148.49339470087446,1
38.773613917979844,148.47581811919343,148.493627918189,1
60.56834020146653,148.47322015059007,148.49632460397333,1
54.3993682881029,148.46922179795322,148.4972561834947,1
56.466387865405544,148.4644490933079,148.49870262153394,1
67.2020302691193,148.46297243822545,148.5017809159233,0
71.50841197580117,148.46020940740786,148.5045802608953,1
72.2071516764662,148.46375441314404,148.50901708290553,1
65.34725475195336,148.4700176438047,148.51391118894787,1
62.62173984703722,148.475241633695,148.5175464481369,1
61.467224743199964,148.48077367811172,148.5209072348755,1
69.76528454438643,148.49059084435547,148.52356877844727,1
74.22506477577289,148.50533027182917,148.52793364373133,1
74.07701238462548,148.52232091769173,148.53308173979144,1
73.55963546823071,148.53790820194524,148.538422367784,1
75.55598215861102,148.55646534157546,148.54376770353062,1
68.81169618260266,148.57252163640106,148.54789673556576,1
79.44874099830955,148.59320513960446,148.55264278722885,0
78.36051710511629,148.6151439732402,148.55787672634918,0
75.69726804388208,148.6344093246521,148.56265202790476,0
79.1907044025305,148.65446806264845,148.5672287358312,0
65.67243510484025,148.67066352250686,148.5709829052177,0
64.80799774638912,148.6792141009478,148.57491732721616,1
69.48025162031244,148.69111099583566,148.57920037852602,0
58.35501863922911,148.69747038809015,148.58062740400467,1
58.47361660691673,148.70197530282275,148.58177363053562,1
57.56551946489336,148.70914847764644,148.5846893513312,1
52.36384386302515,148.71513538181168,148.5889379457207,1
47.4315314240944,148.72081022789672,148.59104989517576,1
48.29295116313356,148.73109443947183,148.59540573245104,1
57.623027274143574,148.7450679543029,148.60112649685564,1
55.023858909796516,148.7575900042428,148.6075277201563,1
56.105508154138285,148.76875300588014,148.61294347181362,1
55.23983607413244,148.77686571013953,148.6192263039004,1
55.62417081310966,148.7863134534597,148.6249635520814,1
63.142423895903036,148.79283091861342,148.63042912859754,1
70.0897808370054,148.80003504187738,148.63563890942754,1
72.33653928448578,148.8072492167922,148.64341471974714,1
88.78406224166598,148.81924263587598,148.655250368951,0
77.57546658020213,148.82711162275163,148.66603066163609,0
75.10497879100284,148.83380309356806,148.67649823079014,0
67.04731157305585,148.84143902303944,148.68691288517888,1
77.26071985774766,148.85514053021865,148.6997197519727,1
70.69772291583863,148.86729978728454,148.71150137966148,1
56.13795704134222,148.87999805715268,148.72149212550087,1
57.99578752638227,148.8922682501256,148.73217577194754,1
62.03741204993702,148.90649222178982,148.74372380462145,1
63.3578849225749,148.92146970033255,148.75691082092683,1
62.43870766444631,148.93940611328838,148.77059786869142,1
64.16192927035257,148.9551783832354,148.7831834998863,0
67.78104564197406,148.9695678893739,148.79697404041187,0
61.722588404801364,148.98167362825066,148.80986992377916,0
53.905174312850555,148.99238919906563,148.82061109120386,0
58.37615356387322,149.00164191294243,148.83219434989607,1
53.39950433011438,149.0070990567249,148.8420235374482,1
57.308790695703955,149.01208926717115,148.85007586017582,1
55.45682883941026,149.01963294364973,148.8594083239243,1
60.65392764754107,149.02642029831753,148.86848107381655,1
71.57859588163387,149.02940623011418,148.87900580347477,0
70.15965999224068,149.035849329198,148.89027373983728,0
65.93537695611579,149.04369505680944,148.90166678226925,0
57.32105921094887,149.05238755818687,148.91163157071148,1
54.331290184551946,149.05683050830214,148.9203198465619,1
53.18395695825068,149.06301634536123,148.92777955072927,1
46.086270103718796,149.07304717233902,148.93554771365837,1
54.370423778726824,149.08236856125356,148.9425370598188,1
54.16374558253605,149.0874825673268,148.94970817699175,1
54.754019990958305,149.0902689523598,148.95573634602897,1
78.0208338666782,149.09966325536203,148.96440558154018,1
82.83117522669689,149.1101729874678,148.97348896501256,0
81.47459908811834,149.1184435156501,148.9825642216125,0
77.97873266474784,149.12814715900848,148.99286337837984,0
71.99011655730226,149.13709055870646,149.00376167430733,0
70.34735161276318,149.14675341629822,149.01445131808111,0
69.49453170444333,149.15968293798795,149.02690855740732,0
61.224249277316034,149.16913698599956,149.0369405334465,0
53.76630908640389,149.1726034236522,149.0447903023266,0
49.770891547189116,149.1733784410927,149.05177829752895,0
49.44118010374409,149.17317577568002,149.05995202258808,1
46.808073516806296,149.17211035497377,149.06668010603806,1
53.911907989852516,149.17318073681656,149.07291189527473,1
49.35886427770681,149.17272590163725,149.07768592966923,1
30.904254643947553,149.1712831369839,149.0813318990034,1
34.651005931491824,149.17281054097364,149.08615748306292,1
32.973796916621524,149.17401057273887,149.09062656137004,1
38.72241831921816,149.17647409291584,149.09599432953976,0
49.52766226051795,149.1838383599974,149.10322950423978,0
47.50870029183946,149.19049353227422,149.10903407222176,0
46.03329353636509,149.18986059254695,149.11265276420855,0
52.196509202219914,149.18658760545333,149.11727935809324,0
50.57447818760569,149.17801577816687,149.12024929545206,1
51.94126564486454,149.16927189709617,149.12399652800252,1
54.48137258590729,149.1635093804163,149.1271092143864,1
57.36536566223709,149.15924931566707,149.13123112943413,1
54.36309019078393,149.1557190394307,149.13719695031853,1
59.78895047777355,149.15555783087365,149.14225636574577,1
60.30441267106376,149.15743984975904,149.1451693535143,1
59.380837726095194,149.16358677202192,149.14862512620468,1
56.241967589925856,149.1681573694354,149.1514525250469,1
53.784491009466116,149.17392127206102,149.15417726156832,1
43.668257369314446,149.17674431732797,149.15578246645634,1
55.662479931538904,149.18615577769032,149.1594787894451,0
60.398981733228794,149.19942291454225,149.16414538519405,0
54.92307130359756,149.206389804196,149.16805663956433,0
58.92259039403893,149.21040489686212,149.1719488974249,1
62.819994091170585,149.21373615843362,149.17665308604475,1
59.13270914414278,149.21233207978509,149.18030915869392,1
54.17808620563738,149.2114623975367,149.18305091190945,1
55.94554208409909,149.21308862146446,149.1861257207487,1
58.84349120150612,149.21574436085942,149.1892373707578,1
63.13557669017149,149.2228911957464,149.1919277510268,1
61.13490664513112,149.23247867088372,149.19603297308126,1
61.97413687523468,149.2392551044158,149.20007905283185,1
66.74814675272481,149.2483352911358,149.20535870774395,0
61.36366417964225,149.25426465912224,149.20968394503186,1
58.24933581549093,149.26250602044507,149.21431134942236,1
60.102051817981646,149.27542847458528,149.22034771641768,1
59.6285817304603,149.282424202396,149.22548722621917,1
64.82625149343534,149.28976382194662,149.22749275168073,1
66.76345727076932,149.29900443001128,149.2297098385857,1
70.53783874255636,149.31047320656072,149.2325943428206,1
72.3457453222743,149.31828513194333,149.23553397861903,0
64.80201350070838,149.32227486775608,149.2382191088139,0
67.14805735376048,149.33130792789729,149.24187844420396,0
70.08335204868222,149.34565314684562,149.24633698096798,0
62.040555644136084,149.3560911863625,149.25143476618993,1
58.3344831935066,149.36397487012485,149.25685773728298,1
53.873588682442964,149.37338222198878,149.26305242426787,0
59.646482594305446,149.3819265680083,149.26962603767998,0
55.95857733638906,149.3893808537344,149.27614557026203,0
53.01076551856498,149.3982403459093,149.28195159466392,0
56.345264314568176,149.4037617210611,149.28844730085078,0
48.280124885082095,149.405385018009,149.2937198052419,0
41.45749213102572,149.40254555457656,149.29725271318515,0
35.391786450638676,149.40161306699275,149.30072494273338,0
35.046275319807364,149.39859122268655,149.30315820133063,0
33.70982278143531,149.3897622322919,149.30271726533547,1
23.286372997754015,149.37995603371047,149.30127222679369,1
14.16866764931325,149.36976884272877,149.29945605175345,1
22.6589021486797,149.35903090700765,149.29868715920745,1
33.903701410650626,149.3485107498305,149.30079233148604,1
39.19158833336314,149.3410342468918,149.3042389185373,0
33.43659750118158,149.33337751327326,149.30616636195668,0
31.251362330070677,149.32099566996476,149.30657698592304,0
30.27160265566596,149.30707171435301,149.30687805093692,0
35.408896519142544,149.29718080770445,149.30808395692225,0
44.494789931277325,149.29088422770695,149.31023548846215,0
38.91781034900421,149.27957462294552,149.3094475646373,1
36.13109526803417,149.26491486102262,149.30832903431485,1
36.80317752548261,149.25085901887968,149.3069206689895,1
42.64489226478356,149.23637054570708,149.30580208601558,1
53.18291810914793,149.22519085064462,149.30406133003254,1
56.238906596503725,149.21907213011426,149.3015794914707,1
53.896840101752986,149.21464317331294,149.3005540608319,1
48.16117803904981,149.21026255442936,149.30066800576031,1
45.2390689191163,149.20803447584555,149.30087752829542,1
51.66819325890285,149.20910103706817,149.30142484824873,1
60.245323041758546,149.2143783030274,149.30243858898993,1
55.18156614908109,149.22020486413152,149.30230254882025,1
51.385212826268784,149.2242050120509,149.30207141968404,1
52.005283729344384,149.22647866730938,149.3022273201112,1
76.11777581134645,149.22669206204756,149.30192427500282,1
93.21095446741964,149.22958520712237,149.30229840303932,1
95.29481108190244,149.23806866419272,149.3024703351458,0
95.10471718728695,149.24603470113826,149.3035860677433,0
82.89158988506259,149.25112492812227,149.30353151999313,0
84.965591549488,149.25729902204398,149.3029837074456,0
68.00379270632124,149.26492045118124,149.3024460641514,0
58.63105535852051,149.272059498341,149.30124730487262,0
56.77423845435006,149.28001704799362,149.29932571618244,0
57.87595889387071,149.28804111531713,149.2968292495181,0
49.715921003671895,149.2915600163093,149.2933712837789,1
49.10326794705624,149.2938990044434,149.29022914614563,1
45.64871561631486,149.2941409137311,149.28568725516544,1
40.70133696675866,149.2931036088086,149.2796481905455,0
44.522108025448134,149.29264358737086,149.27549848869876,1
46.19223478796635,149.2930648729608,149.2730608493831,1
38.48197003976345,149.29329615514183,149.27040416225117,0
34.660864983054594,149.2929059370549,149.2666942964389,1
32.344283901107616,149.2893128295965,149.26204421002888,1
35.636231801989425,149.28781349052426,149.2580565779572,1
44.12330690073917,149.28704091786543,149.25523595372456,1
45.80246866131608,149.2838332842028,149.25367770951684,1
47.83333079923588,149.27922894293795,149.25314369049036,0
44.738651006756406,149.27387321943408,149.25249012871984,0
49.59075658577373,149.26932874337226,149.2518265282674,0
54.19544852439389,149.2637789325841,149.25259038756252,0
53.381336512176446,149.2596298041167,149.2543155723139,1
54.23975320521926,149.2571330882077,149.2561930030642,1
49.572460676063265,149.2541561829897,149.25737582657527,0
41.88186801971758,149.24890474625818,149.2569868480892,0
46.549470627701744,149.2479392208392,149.25613327335785,0
59.306949282884176,149.25201622671386,149.25768463152187,0
63.12827131522779,149.25576056539646,149.2595932133381,0
46.50932730269971,149.25686613104583,149.2595659572226,0
35.049762747270734,149.25138041158687,149.25717833025175,0
36.937939405369654,149.24397632950883,149.25429769010384,0
30.13652340641751,149.23513178706497,149.25262702789894,0
31.733715542031234,149.22797448800125,149.25191814723038,0
33.504369947798594,149.2241346485399,149.25135446189296,0
26.2715848167433,149.21353100390212,149.2489207612352,0
24.020383678937804,149.19754538966154,149.24417776933132,0
26.487813480976968,149.18380321899159,149.23957014506774,0
26.56884370785768,149.1687525397423,149.23478743706212,0
26.728423446720768,149.15290760148088,149.22954814754044,0
19.754128902182046,149.13400374095255,149.2222142343102,1
10.37045391602254,149.1151782222696,149.21502126164307,0
20.11221876629311,149.10085434863268,149.20890599055602,0
25.129549637858972,149.08792117667898,149.20327952808316,0
28.050020226724044,149.07282256182788,149.19682284648607,0
28.804288390175813,149.05894146129873,149.18997196568495,0
26.888726220925022,149.04051123526074,149.18166094264316,0
32.33551868390809,149.02025853749674,149.1739539636716,0
32.032095304397416,149.00187807692993,149.165116978433,0
31.579034079270926,148.98327674824,149.1544627760633,0
36.363207630438374,148.96848333269546,149.144121692081,0
37.40856925567489,148.95506092079478,149.13340244960418,0
35.38934370202817,148.9423781740277,149.12361011703754,0
35.90967994136719,148.9286145951177,149.11454018594102,0
37.50175097929851,148.9118215267441,149.10407625339317,0
38.10111510375931,148.89987788326064,149.0936554684126,0
26.9244614419906,148.89054323071622,149.0837710550941,0
19.888287880429246,148.8757366023012,149.07230518421085,1
20.779000122178758,148.85979943376176,149.06105084507436,1
27.17183260374435,148.8470019404952,149.05110748021508,1
29.681384534613983,148.83704320629954,149.0399740818817,1
33.905269551445954,148.8299088636245,149.02975885790855,1
35.87528040830833,148.82089036097426,149.019943672889,0
44.218764338561286,148.81200675400675,149.0109198548639,0
44.978047912844374,148.8047301192349,149.00298976234143,0
42.01521795723041,148.79720154694525,148.99372718825333,0
42.32140528412688,148.79213647496908,148.9836991654846,0
42.20569750143516,148.78403388938779,148.9740342057456,0
51.45271901056535,148.77693316923694,148.96419866895255,0
43.29733640948054,148.77169305087534,148.9535907086398,1
41.39213459220813,148.76472410842294,148.94227983810129,1
46.32500999074322,148.75421593110883,148.92957724901405,1
58.59562095905456,148.7490139779335,148.91936378656422,1
56.711239986321544,148.74561130431124,148.90993147238245,0
60.2899299256784,148.74562103335987,148.90066219354125,0
45.753211454069515,148.7420067303081,148.8908962620326,0
46.88312900097841,148.74123043932553,148.88108754248867,0
44.306052554408716,148.74500476168396,148.86950059819893,0
46.22310699554791,148.75008487534734,148.85878056905472,0
42.066023040899736,148.7507978930919,148.84868018503352,0
44.10359726727071,148.75273145287267,148.84051449839598,0
43.57427328354901,148.74984234713384,148.83210526495859,0
37.45849075300856,148.74428839942908,148.82360631783465,0
45.43460498967205,148.7396156825004,148.81557633266357,0
43.459752868202145,148.73180038260097,148.80605605596588,0
51.48773296158099,148.72539678002528,148.7984734987026,0
43.892740464473015,148.72110756886948,148.7931240371678,0
36.33264186850221,148.71553121880672,148.78672540567163,0
31.18689741122138,148.7069412454316,148.7794741512283,1
34.17197096952961,148.69994241401565,148.77240463365374,1
31.488825093212967,148.69597241543144,148.76706730789283,0
31.353590090560758,148.6941664889205,148.76117255567442,1
33.094784769046186,148.68876449570627,148.75452784539365,1
49.04061973192614,148.68611069822268,148.74920728099994,1
45.65625945849174,148.6816449711744,148.74419115727983,1
40.3287106453406,148.67571448229393,148.73760547043068,1
47.534263074176344,148.6702345662739,148.7329768748939,0
51.65968957113463,148.6687689928114,148.72890478032477,0
60.66707633569283,148.6677017859341,148.7251100526564,0
52.96298652998266,148.66638703105275,148.72192429815863,0
49.40397705823238,148.6644384270237,148.7188965361273,0
48.343943383224016,148.66094107646953,148.71445732722847,0
54.99573404350041,148.66058469157068,148.71088892485182,0
49.8603016672579,148.6555783048593,148.7063618165602,0
47.45557317345442,148.65333210137072,148.70266028581648,0
44.3373755367325,148.64758841743517,148.69755771237243,0
42.987023043673496,148.64060082972247,148.6931470767703,0
32.64971191025947,148.63475864742836,148.69033422372252,0
35.25864662829805,148.63113923107727,148.68801007015452,0
41.97244081759718,148.62806677383315,148.6848305669889,1
32.45546703409944,148.62216750167204,148.68111702604182,1
23.87674221685606,148.6180054757163,148.67641120051113,1
19.982776561263577,148.6127682590052,148.67127900460605,1
20.238045585177005,148.6013975141067,148.66496358503994,1
38.35642209276129,148.59615193876016,148.66075988508993,1
46.08230164582556,148.5957926448847,148.65704190960645,1
41.375313336189095,148.59325040023265,148.65342244499934,1
56.929092829520684,148.59010899283098,148.65133482170205,1
66.13974986895686,148.59019950715836,148.65041658782496,0
72.04623843693106,148.5923922064552,148.65020396039054,0
72.67418608921525,148.59563631664022,148.6512614194142,0
68.34747004634477,148.59917047099813,148.6524391431842,1
66.84590952550899,148.60094290116194,148.65166049414321,1
65.52063425824096,148.60528405139263,148.65023091539277,1
72.7609538585578,148.6107064179797,148.64869443966444,0
71.92035878645362,148.61910922617773,148.64839871072024,0
73.83985294060464,148.62847835769156,148.6480462441167,0
82.37758516817068,148.63919397136016,148.64800990759298,0
65.4825883448407,148.6468147776216,148.64670203106422,0
56.53265249213359,148.65229289339518,148.6454285671102,0
54.08944272974323,148.65875083548696,148.64352477908753,1
44.01653058184526,148.6631830676473,148.6417474887165,1
37.83711188130908,148.67006674995142,148.64159034481497,0
33.136924263803294,148.67655959106474,148.63974114846567,1
28.858542352380226,148.67726301051476,148.63894493625546,1
40.655237455425834,148.6790290218732,148.63849480634562,1
39.909304117819104,148.68046808146107,148.63716665003597,1
44.06068627591835,148.67977857538466,148.63703376433324,0
42.128097015524794,148.67466977021962,148.63750799774016,0
41.60722837947233,148.67045779169672,148.63841011146297,0
36.41180202412826,148.66496130132197,148.6388569737704,0
39.602985854197726,148.6631564086339,148.64003511106955,1
38.11661800754089,148.65823508107167,148.63944872828938,1
40.75535671105091,148.6529479635353,148.6369658215178,1
45.69569282375647,148.64790962654982,148.6352003018146,1
50.73177335449171,148.64331872273317,148.63544040689595,1
53.22048644544309,148.64080792903303,148.63627558922036,1
58.36457037485586,148.63689485457448,148.63526025229822,1
67.42072133940448,148.63898282075507,148.6352144449926,1
58.85502086619885,148.6416935033683,148.63555115603643,1
66.20488566284567,148.64858675585415,148.63718411061973,1
67.39037984494095,148.6579336240385,148.6405445077441,0
62.63353991063341,148.66289907994505,148.64251610016473,1
62.804717127925,148.67114255072735,148.6459668468129,1
63.830434885545834,148.6800683792073,148.6496394473901,1
63.69348658774365,148.68826590187874,148.65476580012302,1
72.56534502820415,148.6966336603237,148.65957978227644,1
72.99350629794858,148.70328920572905,148.6644459876535,1
75.75476778257755,148.71331187982568,148.67037705723953,1
73.72666514900077,148.72254161166285,148.67620004659483,1
71.86771078951021,148.73412600177605,148.683640373812,1
73.15439731159961,148.74371974076183,148.69032081708775,1
73.69374166773774,148.76048070392352,148.6985337062567,1
73.5359913021964,148.77653617565755,148.70702128613814,1
64.32971638126178,148.79055900603117,148.712963128723,1
67.0076192501476,148.8067974474514,148.71984232792263,1
70.50501750554201,148.8187128281595,148.72646056039108,1
74.22939918190733,148.83507777313304,148.73324776441905,0
76.64464094406767,148.85013615240922,148.73918910309297,0
74.15430691581683,148.86631898258534,148.7451218664885,1
64.49622951761918,148.87548506339772,148.74912360932274,1
66.05150159723196,148.88278357737738,148.7539897502958,1
62.01916687595672,148.89234776804923,148.75907804691965,1
66.32131401863975,148.9038351694509,148.7653872940362,1
68.37977973518312,148.9189880812402,148.77295211269427,1
65.94987018859574,148.93121321899895,148.77960739725154,1
63.51532624933805,148.94572810429548,148.786479680918,1
69.34880476152415,148.9626405104039,148.793824603271,0
75.32462527271822,148.97889825599532,148.80321044858903,0
73.14725113320404,148.99649228838706,148.8138798045916,0
64.77898372007853,149.00789542111303,148.82329820806245,0
59.0813059907086,149.0194541703409,148.8328292581652,1
50.293964571487905,149.0247062784942,148.8403895176738,1
50.092498397713975,149.03102072656606,148.84880574033866,1
62.635036067535545,149.04089789964542,148.85841708437528,0
63.73911608161514,149.04805216654242,148.86745158579032,0
66.7833320057472,149.05876843775968,148.87778070291054,0
64.43134492283538,149.06667178931332,148.8880050499905,0
52.08785726282996,149.0696773933168,148.89719215233185,0
44.840503070585825,149.06739303983187,148.90389596574255,0
41.970478977286554,149.0694937095018,148.91093657259466,0
37.51590592989067,149.0711594555178,148.91719096904936,0
28.791724066415114,149.07041523151818,148.92395010709825,0
22.340291469339917,149.06326424739456,148.9295138075799,1
24.615442330645124,149.05092163086005,148.9341569144184,1
24.53546509598985,149.03967641515143,148.93815047421884,1
31.407300464838997,149.0281263875796,148.94140706433663,1
33.09675706556962,149.01528572616547,148.9451809519074,1
36.57704058522188,149.00363523751182,148.9490714152917,1
32.09784964083353,148.98855570931616,148.95262468697075,1
30.640129107390763,148.9797897542747,148.95577940743064,1
28.965574793201355,148.97147705339202,148.95824662990663,1
36.458456469444926,148.96730050827438,148.96215008900555,1
44.443069113882764,148.96260162825007,148.96538937134775,1
49.35100222509437,148.95810624094264,148.96963222906942,0
51.77461075489271,148.9535882573561,148.9735805279813,0
53.27967134877998,148.94498390366647,148.97712080024766,0
63.80718753089095,148.93558809921169,148.98092460738357,0
67.7287361752438,148.9285612589806,148.98329190399377,0
71.19854358036645,148.9282631831704,148.9861845943456,1
59.55194927941836,148.92499656980067,148.9872847998045,1
58.47447787670085,148.92214247335647,148.98856006208723,1
51.75064364700177,148.92235440053963,148.9886995857447,1
60.259270012279956,148.9264384853374,148.98947473145182,1
62.925820904884674,148.93517293740308,148.99200248696718,1
66.43690141610489,148.9460717695979,148.99386020307745,0
63.03066723490093,148.9554672743019,148.99610884279363,0
68.27808159743991,148.96492604069982,148.9971202589341,0
64.17248152309601,148.97145435230294,148.9975986952492,0
64.80833306127916,148.98119762195444,148.9985761427184,0
54.55442993375196,148.9848915568585,148.99954200481497,0
52.459181690479014,148.98780595750114,149.0002555819561,1
45.025334768410765,148.98585172327734,148.99955167109678,1
49.55598709062911,148.9877287072948,148.9989467864853,0
56.11431357640848,148.98707511679552,148.99686704329153,0
55.046462573328355,148.98532970417034,148.99522712204987,0
57.51940100746147,148.98710682448063,148.99367228832173,0
59.25916851014408,148.98985479764403,148.99181032227963,0
46.15242180967413,148.99061557739833,148.987978832555,0
40.91609918407206,148.9901248298683,148.98363761093805,0
39.41226231414138,148.9915211480323,148.9807350905722,0
31.57229061157652,148.98908620455325,148.97641287577216,0
27.694413244420616,148.98422680443016,148.9725077961191,0
24.46724794239205,148.97888384728398,148.968619979739,0
29.17058029537965,148.9702743528079,148.96375306823217,1
25.75984885228118,148.95662632515206,148.9572898665213,1
38.44104635453596,148.94556540631567,148.950827630216,1
28.80649513663822,148.93379212592748,148.94396839357978,0
29.32389256017835,148.9214416132451,148.9383043832205,0
33.201769136994,148.90908367228644,148.93525239570022,0
23.25061101596296,148.89904798635754,148.93136371555727,1
23.546009480569822,148.89070481617938,148.92807372622073,1
25.812393746010287,148.88485893072036,148.92532915077766,1
23.378013183221114,148.87415616336878,148.92330355287498,1
29.136773062609464,148.86486908779636,148.92244602606604,1
47.05994602793069,148.8593439180468,148.923094123208,1
55.14180550582675,148.85343319641953,148.92379501185766,1
60.56232874437598,148.8486400571422,148.92515205467032,1
58.082665325297945,148.84520643301093,148.92460731075465,1
57.41041369119153,148.838363719195,148.92356081488958,1
58.803121095312875,148.83559738246828,148.92305814184965,1
66.16305678485902,148.84131803536516,148.9243492685614,0
69.85032008251056,148.85202879274487,148.9263991099073,0
67.26681995398742,148.8623985801894,148.92853876051473,0
65.51513735240496,148.8704440536426,148.92868819331213,0
59.70892509394712,148.87941654155375,148.92762118020036,0
54.81141292628265,148.88205781453084,148.92565719456172,1
57.64222486003798,148.8846872263196,148.92360804442293,1
60.32586520770721,148.89081913931415,148.92320753535392,1
55.79797782252493,148.89574019841385,148.92224320179758,1
54.51324174252753,148.90309583758437,148.92260342267073,1
55.88941254261249,148.91250679292153,148.92421945404675,1
56.326753120172384,148.9218339767687,148.9251209812693,1
68.01817433613427,148.93771254200934,148.92781317554378,1
69.04024085234022,148.95676742527138,148.93108382121335,0
63.80566027977444,148.97219906986248,148.9335450433138,0
56.62401731270848,148.9847200461526,148.93549612059797,1
60.337307531980166,148.9967393761371,148.93787738884524,1
64.24204140632712,149.00914410590426,148.93968321219518,1
63.77113224535787,149.0225292718204,148.940093474836,1
76.41631659795912,149.03545302402966,148.9432827287181,0
79.19855291944027,149.0465087567623,148.9478303882659,0
76.64912270403022,149.05446379070818,148.95384393687965,0
70.00021307607257,149.06034344838233,148.95758465694976,0
63.13722763857182,149.06605356324454,148.96027957189176,1
59.42885296214691,149.07438483221713,148.96324323141906,1
58.97909250639226,149.0853589584356,148.9649580481437,1
49.562207029806174,149.09581009814752,148.96599016462434,1
44.681373983670525,149.10496049895545,148.96894550397678,1
49.0488012682404,149.1160675412968,148.972620286369,1
57.67321700504932,149.12958313355955,148.97782821688165,1
50.28008482786265,149.13780785597044,148.98370811461365,1
50.29865070044214,149.14616784211438,148.98989739634297,1
58.7694972895077,149.1516756698232,148.99692990455944,1
55.49527315758724,149.15373025953957,149.00446618390603,1
56.79947651030693,149.1595086849695,149.01469798724077,1
57.83503768014998,149.167520910298,149.0242783221909,1
70.79608987736529,149.17811312053726,149.03560578668913,1
80.17176947422195,149.19069299877376,149.04738376640663,1
81.76291998832376,149.20824073451436,149.05975629972716,1
82.98458113053898,149.2221972033621,149.07254241551993,1
85.48275164865862,149.23346355797833,149.0849338849855,1
85.34317516956415,149.246424062236,149.0984699894859,1
86.4051462724876,149.2658281520988,149.11425345244177,0
85.64342976256201,149.28961878067346,149.13017944904257,0
92.94584709879747,149.31298295959863,149.1446988480398,0
96.51103524357451,149.34055607595153,149.15980719995653,0
80.13827742460782,149.36397340136165,149.17212350231213,0
71.4029534921426,149.38191553129883,149.18362914329194,1
69.56789787287985,149.39974600945885,149.19717320247457,1
68.60389535533996,149.4145241664784,149.20939893048572,1
65.23797600063048,149.4328773217697,149.22033182917545,1
63.7492043742864,149.45214282257558,149.22994300827523,1
62.07256370663787,149.4709908403404,149.24036680861985,1
59.32445046155329,149.4870091742256,149.25109223213923,1
61.266510549408665,149.50087671277976,149.2632820557312,1
61.54451868854343,149.51603367348653,149.27786866577318,1
60.21738519736737,149.52979014874387,149.29364695565886,1
64.26952809549346,149.546857950861,149.3097992910254,0
65.37045262598542,149.56209330144856,149.32629754094103,0
62.100036083532494,149.57866918868186,149.34277175595892,0
65.86247514286407,149.59179197931826,149.35664795954418,1
71.64984280162517,149.6016793570203,149.37040814158652,1
68.20971022038522,149.6075157881438,149.38217475089556,1
71.29788583858928,149.61407452416339,149.39310228859938,1
65.58963515506548,149.6194478613474,149.40359836463375,1
67.7983126886563,149.6235184790309,149.41532657310785,0
66.09312267521157,149.63250401135824,149.42642935640058,0
70.21688934953386,149.6442812684381,149.43768400830547,0
69.2492319744568,149.6550889817175,149.45019708643338,0
63.03501939717717,149.66498661007796,149.46121236490504,0
54.53326895787465,149.67256275470186,149.47075342835126,0
31.96876419904312,149.67616757741072,149.47862452295624,0
28.96937194204878,149.67793515778413,149.48740349238057,1
24.991117542901065,149.6804526413436,149.49685186337888,1
28.405812592690324,149.68053282463853,149.50574125269978,1
34.59019463976499,149.67931712565695,149.51545193266173,1
41.025314444564394,149.6768398840221,149.52605887000868,1
34.04144307974552,149.67036228244996,149.5359600044232,1
45.89194911331876,149.66557065334501,149.5460987857603,1
44.201851470823904,149.6614558951241,149.55552086058478,1
42.44118652508943,149.66009974879546,149.56556471667417,1
40.85725519993263,149.65889770856995,149.57550008816875,1
41.3464047613589,149.65883140482606,149.5850370448967,1
47.65513802320569,149.65769496130437,149.5946881693053,1
58.21467764208314,149.66106988439506,149.604222844404,1
76.0514702438216,149.66533280123093,149.61445132948103,1
73.46588465507568,149.6683827004503,149.62253718836578,1
76.81961607013878,149.67160130124742,149.63004732929494,1
83.36640882449919,149.67576865599014,149.63720825502372,0
84.5617575610893,149.68321478632862,149.64561939809164,0
85.02673798008429,149.69373528878273,149.65486212067302,0
84.05716432140193,149.70793901332385,149.66323050339142,0
71.2159644792293,149.7198800905066,149.66902426774368,0
62.33113534043825,149.73065326892635,149.67326565868004,1
65.23975249762681,149.74319668195903,149.67782674164394,0
69.5637030381168,149.7555739028116,149.68145906340575,0
61.39045061063306,149.76400453460883,149.68607132330754,1
59.34614060910483,149.77201421613773,149.69199947835875,1
55.9688624756728,149.7792078843637,149.69788353572224,1
43.23851132873141,149.78252292189606,149.70272036275182,1
52.07763621693057,149.78898297416464,149.70800697763215,0
50.645504504670555,149.79563383386105,149.71289649268294,0
53.375910799499465,149.8044085554363,149.71840413093506,0
45.60265712901497,149.81069615459032,149.72416296145119,0
35.9631748334218,149.8115376528811,149.72848722044452,0
34.6200461150933,149.80867374330572,149.7315073574087,0
38.893681587521904,149.80681276836663,149.73334623621489,0
41.598500152144986,149.80430841961822,149.73302751679785,0
38.74436384964123,149.79981123708814,149.73229542927956,0
38.68492363912612,149.79366377894627,149.73161723419742,0
43.291633547913534,149.7850208837033,149.73215368242703,1
42.60185253802312,149.77637313556926,149.733108014811,0
30.338680433960548,149.7667067699229,149.73270066045532,0
37.989177079128474,149.76016458750485,149.73170168401663,0
27.88002914379115,149.7528095334156,149.7311714104712,0
43.05060602449003,149.74830126012148,149.73137217584198,0
29.087827028891468,149.74415173356857,149.7307304121917,0
25.10558438029811,149.73584289275215,149.72862412808436,0
33.20669313768758,149.7275029491288,149.7268491226868,1
37.57397452277021,149.72252728363415,149.7257366321743,0
34.03657143799927,149.7128056770305,149.72410414656363,0
30.45594493578163,149.70050019793092,149.722629540891,1
39.78559267273695,149.68881791794007,149.72275723499743,0
44.69700727403098,149.68150865636727,149.72458536746066,0
38.04313280831625,149.67092369703136,149.72464356940165,0
37.10851410979022,149.6603399994095,149.72391650690972,0
47.67761050515713,149.65370389583754,149.72409184094104,0
44.975915721058925,149.6468720370003,149.72363141861797,0
43.8747669361737,149.6394244890768,149.72183696357226,0
37.04734308778337,149.63059252468082,149.71927188602007,0
36.60955399708161,149.61963085706475,149.71596612573475,0
36.86498510473561,149.60499548775528,149.7115471264851,0
38.62215484281609,149.59655744676562,149.70779107723115,0
33.20892670268205,149.58310905375612,149.7018673209973,0
36.27515600846707,149.5704150580432,149.69490947993046,1
43.42195422112593,149.5560924025626,149.68767601637464,0
33.79516514748107,149.54062720320292,149.67962821329272,1
25.51713520123407,149.5271504416841,149.67084378425903,1
36.65202389325576,149.51500465765292,149.6625435233519,1
40.291206173080695,149.50327529443834,149.65376083541818,1
30.61164525756668,149.4924259355029,149.64358040525167,1
37.833695244312665,149.48770328853672,149.63453525097617,1
44.38606050358714,149.48223647573343,149.6276997890882,0
46.31515397042643,149.47419892189475,149.62200362864803,0
47.044085477235946,149.46972532889623,149.61525502817653,0
51.80657789731555,149.46535272437845,149.60782803553647,0
48.72732919050056,149.4578882948191,149.60164534502516,0
56.52464074722551,149.45106936201182,149.5952534769676,0
59.252137080245625,149.4474565236871,149.5891364193016,0
48.391651585870065,149.44104834857652,149.58268205669225,0
48.21466228538711,149.4338057739935,149.5738952456663,0
53.12669852010709,149.43079062457676,149.56560984277138,0
45.03679196079852,149.42431459187392,149.5557534918062,0
39.478717354481496,149.4205650063013,149.5458148616817,0
35.532406999071384,149.41230221074807,149.53521530307725,1
28.13973008578131,149.40209598859684,149.52504491449108,1
18.508780641055054,149.39502417624854,149.51491277644547,1
21.784046643156486,149.39148613350523,149.50571486981383,1
24.65417687334542,149.3853842329993,149.49677272171635,0
25.476231200882253,149.37779116264716,149.48741178889853,0
32.58927602384047,149.3742172439209,149.4792589493387,0
29.085563878802347,149.36500968903647,149.46998987236304,0
26.235573391131993,149.35429801098337,149.46273628551236,0
25.877306612220565,149.3392417506205,149.45363449389427,0
27.6628413691636,149.32432783338174,149.443862348163,0
23.2495638634323,149.3076279054123,149.43155869365276,0
29.82940221199307,149.29203516499285,149.4207987175949,0
31.45867202612591,149.2767188966199,149.41160387851474,0
37.92699189644191,149.25926712367072,149.40184208911836,0
33.44187352993433,149.24276942942896,149.39077891501017,0
32.606075668583046,149.22895006615477,149.380353001316,0
25.69967801154951,149.21301831903273,149.37061709121213,0
27.967101070343844,149.199045201527,149.35984440524098,0
25.816868124439324,149.18426089478493,149.34691575704875,1
26.806398130986977,149.1764088448792,149.3374093622164,0
25.977600168699183,149.16476692829113,149.32681568604374,0
20.894969298832322,149.15144063784246,149.31400747324747,0
34.92345721649308,149.14040014942324,149.30312611478303,0
36.14586311979271,149.12823258577043,149.2922959603938,0
35.83233009921838,149.1134231766618,149.28054404969092,1
32.56963910557015,149.0964675412136,149.26999362299827,1
31.408424630129943,149.08138869453757,149.26054715507598,0
29.312199395740777,149.06324140158742,149.2494098674411,1
29.342084691192653,149.0463877382821,149.23894596770467,1
43.174356378183504,149.03759481604936,149.23073425136548,0
44.72548469579942,149.03095263949734,149.22150278842668,0
37.934921544845565,149.01825925817926,149.21185153958544,1
45.926289714885534,149.00904914732695,149.20436336077185,0
43.430222546223284,149.0012348027712,149.19633414716571,0
46.12306045513581,148.9941832998329,149.187142117168,0
45.729567706768066,148.98571737619778,149.17766957759397,0
41.77910367743906,148.98046312168773,149.1677210244725,1
42.357686802179565,148.97379984712327,149.1564697537969,1
40.54099843897871,148.96505088818316,149.1432565435641,1
46.443879768688554,148.95732027965823,149.1324473425212,1
46.56643012785247,148.95236633107388,149.1216211287219,1
53.80938239977913,148.95255620518185,149.11187463739256,0
60.92340198646093,148.95185467283247,149.10344023911128,0
49.51042266427911,148.94988848858995,149.09326874635497,0
53.65294390456099,148.95317043815507,149.08539288552237,0
58.421316560293995,148.95450665841457,149.0782739767667,0
46.781315577078544,148.95273405939255,149.0693245290023,1
43.17307482365447,148.9518804530193,149.06043621189926,1
47.10881363042161,148.95436263279345,149.05246501830155,0
48.72893170703475,148.94962660707,149.04566400989424,1
45.01190526589361,148.94476699637846,149.03857119153932,1
50.21863686028209,148.94676374644965,149.03254736766587,0
58.449863971027426,148.94566148723032,149.0260335022619,0
47.65948890384096,148.94130984842155,149.0187043933346,0
52.560858034453354,148.9402392023355,149.01212133304335,0
46.65027437171894,148.94169484415056,149.00466061768583,0
30.711857348093204,148.93601432939718,148.99612288061678,1
36.161949968768845,148.931841823779,148.98748727891515,1
32.237201164279014,148.9328457204074,148.98069813147887,0
34.51757943306485,148.92990301060655,148.9746774134111,0
48.41656111512496,148.9299212470424,148.97053846537395,1
47.0965122405176,148.92509638174172,148.9650991240921,1
46.73777837792439,148.9181656111524,148.96001892492427,0
41.64470370502639,148.90997339249756,148.95355125388568,0
45.21614638846714,148.90038063279275,148.94843736686786,0
49.23246649597924,148.8966058631358,148.9453362955591,0
44.672035568304025,148.89478004755526,148.94202922041134,0
44.988100687961435,148.89220598433116,148.93770052502092,0
39.034310835612665,148.88715856520457,148.93362408646942,1
38.68350235773702,148.88343495573326,148.92847445423584,0
44.15091941159089,148.87802436179254,148.9238741649399,1
44.111637951226285,148.87099953638847,148.92037092708426,1
46.4707145260868,148.86562715966807,148.91612430635982,1
48.90905775633979,148.8633316568625,148.91274402177143,1
38.05438389719587,148.85552028395932,148.90896017596233,1
45.03941270950284,148.84948854530265,148.90586901932144,1
47.562223495744576,148.85118129565473,148.90403992106366,1
57.122178396165886,148.85377167692764,148.90369938905124,1
57.00364493273705,148.85631995025727,148.90467101626894,1
49.96235189648597,148.85931517143462,148.90336555556522,1
59.51073445245014,148.86262557897822,148.9032076411663,1
69.96193775540465,148.87173737686146,148.90649037156498,0
68.54130555044664,148.87796701414297,148.90758607165068,0
70.8424484925339,148.89010587597087,148.90909968316555,0
76.60404273432806,148.90114311518545,148.9112212930089,0
74.9138009805215,148.90752860933844,148.91406078881536,0
63.91202476061004,148.91270153419902,148.91492458541583,0
60.82707085793957,148.91893469989844,148.91575446613098,0
64.94111248856362,148.92452479527984,148.91741364930806,0
58.95171843447358,148.92878850890065,148.9170617459328,0
49.580875331510136,148.9329723740581,148.91611658213355,0
43.551329460159714,148.93521375970334,148.91343394889287,0
39.91990295433543,148.93465812836854,148.90924568857426,0
39.215873893101524,148.9331254433515,148.90603880367607,0
27.881840030947643,148.93193644703132,148.90046657951285,0
11.050992237944754,148.9253014068513,148.89418691869614,1
15.299703810619263,148.917380762124,148.88989860215622,1
4.691575015924528,148.90582754143392,148.88527822441708,1
14.241288025690224,148.89583820466484,148.8812612450175,1
16.19066570889143,148.88585954226042,148.8778587296414,1
23.825032544015173,148.87492799191597,148.87527203938131,1
34.16634830776708,148.86284526015274,148.87292297704622,1
36.43740681189221,148.85220183127558,148.87020220926877,1
36.05375778127566,148.83786585631861,148.86772208632436,1
45.36437626545138,148.82566832483275,148.8653929420078,1
50.044299430063155,148.81489821596855,148.86334213754256,1
51.130289139254195,148.80714459440668,148.86337669141963,1
56.69323606232843,148.8031345329201,148.86427154978742,0
64.6618415571553,148.80087866858833,148.86462682858044,1
75.70493321227913,148.7997321769207,148.8649934124585,1
74.69926512962002,148.80108568470814,148.8645823571999,1
73.46499732275646,148.80135452551434,148.86393720640194,1
69.87657231875302,148.80270324345543,148.86306074149547,1
74.0125775295353,148.80695528216194,148.8648315595418,1
73.51253705232946,148.81580528818637,148.8666364416703,1
68.29111839303745,148.82794946757502,148.86672436047186,1
69.764870829042,148.8389250054155,148.86755658530032,1
77.34642601080941,148.85241829692836,148.86936314945598,1
76.92331298473091,148.8651901698551,148.8724738868777,1
77.27507679485205,148.87882105183905,148.87601316808372,0
75.61130611823961,148.89035643782216,148.88020486979315,0
71.01763191229747,148.89946923711005,148.88431085733487,0
75.90806645227579,148.9103461501432,148.88808980545883,0
64.71151579316151,148.92025415053612,148.8904910837938,0
65.44776641085099,148.92859244444173,148.89462180620075,0
55.743285249679474,148.93096470067343,148.89593259969087,1
57.80740830219093,148.9348329436504,148.8968373506179,1
53.89907240622437,148.93706921294898,148.89759056419595,1
55.591156153993865,148.9414498137275,148.89867877396856,1
52.88035316285819,148.94487448629854,148.89921713840405,1
55.519750200440484,148.94894231870387,148.89910905309017,1
60.457301786795306,148.95827975831804,148.89855415898455,1
62.957837083495264,148.97060516826406,148.9001160031439,0
60.501122059872,148.97974601667386,148.900687615823,1
63.12755759694034,148.9882044537105,148.90146097708032,1
65.88415971755187,148.99907852296573,148.90334432592275,1
55.89876673568672,149.0069569873939,148.90525876657827,1
59.41725839568751,149.01337382375357,148.90713879899803,1
63.35688009916772,149.02110241614218,148.91110493522265,0
79.26876052021703,149.02965126248426,148.91635826951716,0
79.05156345110157,149.03976813169896,148.9229231728495,0
67.57220401006252,149.04579002521103,148.9285413635379,0
65.03635430561276,149.05062750637245,148.9344775566604,0
63.88982188143143,149.05639668673572,148.9397995811475,0
63.962311209800546,149.0625302960134,148.94685934579357,0
54.13357443067719,149.07168244846588,148.9544850163367,0
42.21450794291983,149.0774635642185,148.9608704714557,0
35.13581608763781,149.0771551040098,148.9661215892263,0
40.44488674283014,149.07790640153948,148.97150605271838,0
33.858590372027294,149.0786470545682,148.97633214332714,0
39.34503107586096,149.07904831539204,148.98075718248057,0
40.50989934341243,149.0762619580028,148.98392083812456,0
28.901618652545352,149.06792939071346,148.98640702691907,0
19.157722119265046,149.05684987002752,148.98828122130658,0
14.881810135293762,149.04321409038886,148.98847928330275,1
15.973352551103972,149.0254790088083,148.98757664305865,1
18.83725820395631,149.01191922079545,148.98716861713382,1
18.494434903004006,148.99730588031161,148.98480733795463,1
27.60766947374421,148.98360415543067,148.98419512995957,1
35.126800698641645,148.97001445456834,148.98447118057618,1
42.12680735709757,148.9574041643088,148.98545056468973,1
49.7905347536836,148.94789565488148,148.98715781528477,1
51.1273678846043,148.94188247801708,148.99014925048505,1
51.987454198896245,148.9367014931806,148.99169806555494,1
51.12865681518782,148.9307102590461,148.99282133413746,1
51.905203865079535,148.92690891605113,148.99406879572715,1
60.41239681719716,148.92696957756854,148.99608830031693,1
70.68198940254598,148.93306857463483,148.99838170030887,0
74.6905015130818,148.9353752636914,148.99958009025292,0
76.23658231833835,148.9373838901435,148.99975727864893,0
76.92799427955636,148.94047179737535,149.00080332630188,0
85.2454966027474,148.9451638788085,149.00219869480395,1
77.81973475645395,148.95136144778175,149.00281314597447,0
60.69816664626762,148.9568233580723,149.00290890432106,1
55.117107120473094,148.96406664686594,149.00266896427246,1
59.21004535448629,148.9743176935827,149.00491784022236,1
60.57283804893347,148.98778673807163,149.0083501349023,0
54.46319404107051,149.00035331994917,149.01012098075472,0
52.33446597915333,149.00806772546846,149.01084229465596,1
49.57865674738306,149.01261795482054,149.01156856798497,1
52.580045973091515,149.01839318051128,149.0132309094127,0
49.49455867242405,149.02435760782186,149.0135889550863,0
47.51714699164971,149.02491001769437,149.01187119025718,0
52.55704810099527,149.02719855703177,149.01067908169816,0
47.69023596489879,149.0286524194933,149.00900052045057,1
39.072437067553864,149.02699003642664,149.0052334011115,1
37.39442631324543,149.02176431816443,149.00201123262514,1
51.66680733782933,149.01898933585088,149.0006279051478,1
54.11907452067751,149.018135369797,148.99839327171486,1
52.04805149512194,149.01871372428883,148.99538226337077,1
41.95494554228211,149.01730304875483,148.9918172931242,1
49.45722259374282,149.01494624090637,148.98986118108212,1
53.45745825152355,149.01409542092404,148.9882003117951,1
57.405046689962,149.01744565415126,148.98732849128726,0
50.335407446828704,149.02151595123402,148.9862632263607,0
55.74070597999693,149.02613552738183,148.98669907178873,0
62.688831793907184,149.02677047437933,148.9880728989666,0
52.21591892151364,149.02789709606358,148.99041777757623,0
50.86847964157659,149.0286081109833,148.99112297843348,0
46.51221313104364,149.0257668941618,148.99041650382244,1
61.5874339117795,149.0244243654662,148.99138132944236,1
57.90172724428468,149.02508883028295,148.9931197039984,0
51.15198347097929,149.02592581391144,148.99506975953636,0
49.12137422460231,149.02488387887087,148.99789268523546,0
47.23574361717675,149.02332304020308,149.0010441003763,1
53.059250781220136,149.02794669435292,149.00622047532937,0
45.96211127599421,149.03139098703497,149.00979993912094,0
45.180610476653634,149.03121648276388,149.01419214612872,0
44.268957556307505,149.02994065160965,149.01692787018646,0
44.07626446227905,149.03027208389622,149.01948531510195,0
43.599350015340235,149.0309295943603,149.0212274651448,0
41.005591370579445,149.0270048015331,149.02150483974276,0
42.16902988273451,149.02189251190714,149.02020432535113,0
45.78784114995918,149.01395548038988,149.018230086171,0
35.00511016092281,149.00593941101263,149.01635488714732,0
38.58410960041296,148.99918443582584,149.0156092796986,0
35.474267340892524,148.98849220418774,149.0126819496143,0
33.91625618650967,148.97819988758962,149.00847030275816,1
34.16208221775425,148.9680427983373,149.00418999229186,0
23.288692754908553,148.96145639307014,149.0000455049931,1
32.39600123384477,148.95199278097348,148.99598972288163,1
31.049348336113965,148.94021285571134,148.9911392947595,1
34.18014601470776,148.9312170620726,148.98701200525272,1
26.617552188951578,148.92145422929903,148.98374503372614,1
28.55118351672131,148.9136281262376,148.98086869212494,1
40.08339492877235,148.90409051763746,148.97812960495128,1
38.086761563540385,148.89609183728655,148.97312197880692,1
47.110929771534494,148.88958190400544,148.9698835797512,1
46.958378517777234,148.88343147628194,148.96707337051183,1
44.67731964345854,148.87776785716568,148.96554527604,1
53.8308787407948,148.87188683168011,148.96262492561232,1
62.38900212024784,148.8707866793005,148.96007646833422,0
67.24399100331641,148.87015684913212,148.95830305792623,1
70.29172812442732,148.87148364169488,148.9559441200362,0
67.83404312873552,148.87321112009843,148.95417836738935,0
72.5367727553417,148.87293405017112,148.9539868851964,0
57.97413675751854,148.87375114495327,148.95347668032983,0
70.32145043430687,148.87955782451192,148.95269769822255,0
55.755499740299086,148.88244423111786,148.9499135368202,0
47.997461762689255,148.88465334887042,148.9464213548257,0
51.50943467623319,148.88499978125336,148.94306841588102,0
49.366808960365326,148.88665437496917,148.93982254838463,0
57.18244220238802,148.89090101316052,148.93773424214731,0
43.048253502852745,148.89239440924086,148.933724535762,0
41.84951355476989,148.89224104101135,148.92915872803584,0
33.12458475762786,148.88560454934733,148.9219172137375,1
33.39629614193019,148.88067365355235,148.91468325047614,1
35.04655159335637,148.87460432197398,148.90856647011537,1
41.119451392094064,148.8719682918021,148.90441744283936,0
39.34473948040075,148.86726660520085,148.90214516045563,1
47.609719217734856,148.86534583540396,148.89899351358744,0
44.118705310946645,148.86387731224235,148.89559186111796,0
49.66467319390589,148.86152745672842,148.89254371505302,0
46.68341082506067,148.8562467553524,148.88848927062884,1
48.240297964610825,148.85100152249973,148.88524976030803,1
41.236896562363036,148.84122675835204,148.87929891079605,1
39.96595994220741,148.83713410073634,148.87577392581036,1
45.94464104822281,148.82947698398615,148.8720018987115,1
53.25332903194786,148.82864234686838,148.86939421492366,0
61.69237018343243,148.8282646596079,148.86561838511037,1
62.54802022351066,148.8286977192335,148.86217566583034,0
62.32768486495829,148.82867751233405,148.860491632705,0
55.37121995377721,148.8250363560985,148.85899177982384,0
52.22540000304555,148.82457946838193,148.85797413095878,1
48.63727395019177,148.82613232469762,148.85723589350988,0
40.31575825276326,148.8303639403508,148.85438901554747,1
37.130283099270386,148.8318256977843,148.85201664791478,1
50.68140091361364,148.8354551443771,148.85146857283036,1
52.89444806914517,148.83715777453824,148.8520634333197,1
62.37310532244621,148.83873823295397,148.85305789640913,1
63.92020676506041,148.8417066017651,148.8548790419041,1
63.178765215174884,148.8427729631347,148.85661590408733,1
63.68992510242513,148.84776656731134,148.85916351714852,1
67.81948820793244,148.8562982974294,148.862426897881,1
59.76429240231478,148.86192640334843,148.86456907115237,1
65.57987392937349,148.87501455885894,148.86766852728465,1
68.59715469243879,148.8874269190573,148.87230795851866,0
70.38002761849964,148.89993043935948,148.8761413128531,0
71.18742126180238,148.91139172239824,148.88057831337022,0
74.33560590661024,148.9230224407142,148.8837202185298,0
84.07173738690122,148.93590720134347,148.88778381369568,0
66.48528504978071,148.94297834263818,148.88936829804007,0
59.31636247456307,148.94787107689348,148.89007747092842,1
62.015592967908574,148.95591822066115,148.8917479625453,1
55.64497073477027,148.9625311285469,148.89296389688926,1
57.605503541459896,148.97167562717124,148.89388564634748,1
46.755623675475206,148.98050994493641,148.89472016790802,1
53.12048741115093,148.99069991666215,148.89592540969045,1
60.90984044765153,149.00192818951024,148.89985701667666,1
54.156873542720895,149.01256058841986,148.90422079222893,1
48.50664257311123,149.01856921777232,148.9083068165117,1
53.09872682357417,149.0274782933887,148.91294547145512,1
57.28314559556213,149.03786716829453,148.91794997920212,1
61.650993163892814,149.0499982896557,148.9254684500469,0
64.88068360193535,149.0692821224755,148.93538550373802,0
71.44093858807264,149.08237046367447,148.94637489301547,0
72.43308335447685,149.0914093248909,148.95660222705408,1
64.63921190333764,149.09805757232334,148.96552261299286,1
66.79789240400775,149.10406843665928,148.97341837131307,1
66.72629401029354,149.1113751339994,148.98136363004917,0
72.63147151546386,149.11648741122042,148.98824044402227,1
70.35315221838809,149.1287573712869,148.99532032165789,0
70.45676916273656,149.14606571741223,149.00389277520193,0
63.69300835409628,149.15776961547823,149.01235710659563,0
62.816333246933375,149.1686952458655,149.02004138623556,0
62.25456638268746,149.18099286896555,149.0297920905929,0
53.79292417388582,149.19525292267144,149.03796769668205,0
46.61745335158542,149.20359698417013,149.04557340976405,0
41.00154191057521,149.21155900380424,149.05302367945103,0
39.67599700128796,149.21708372587395,149.05974841873535,0
41.576187548858684,149.22283849361017,149.06596312626235,1
48.46732890671531,149.22702633589878,149.07228500088104,1
43.45626587246826,149.22549525197016,149.0781335375508,1
46.66618326813834,149.2235819343834,149.08506943644753,1
44.9163463496128,149.2155326931857,149.09114565113322,1
47.73343885607164,149.2127015082689,149.09930992018275,0
41.09254800768445,149.21142344650704,149.1084413265432,0
51.57910728687727,149.21430926356467,149.1170642606679,0
58.33870827150306,149.21787675998456,149.12570596549165,0
51.0469433184521,149.2196461102248,149.13372678095752,0
43.88054677806587,149.21715953638247,149.1384216178692,1
48.97071248599246,149.21366867064512,149.14367860466206,1
44.09855088841148,149.20758016913246,149.14781821593036,1
53.680032750675245,149.2061516505048,149.15229844782579,1
54.12224461906934,149.20555239001766,149.15749178090329,1
49.95391329493495,149.20215406190226,149.16064789181024,1
62.09601025647255,149.20429849410212,149.16471632669996,0
51.4046800417989,149.20493348111148,149.16757462646484,0
57.05150981462169,149.20493157394924,149.1704396200714,0
48.301558807851414,149.20652955278536,149.17315126356382,1
47.36841287879063,149.20805085194962,149.17482058650478,1
42.5800044251776,149.20812715917492,149.1783445274957,1
35.292184373670665,149.207689746293,149.18206100531057,1
40.91273900564085,149.2067780049291,149.1854133501547,1
57.77833999225649,149.21025151658063,149.19023380634673,1
58.24221012402745,149.21162483524603,149.19528960341265,1
58.372322590596305,149.21351107635695,149.2016417791114,1
50.62842497749341,149.2116864494274,149.20545887377398,1
54.080384104102194,149.2093483192523,149.20867401738843,1
63.9134931374185,149.21324398916238,149.2140001412545,0
54.95906834072441,149.2208829762675,149.21934712126728,0
61.15955946660551,149.2268726729282,149.22343635647786,0
54.57595625130732,149.2314441484773,149.2252490080035,0
55.06666830876126,149.23367593133693,149.2257695044983,0
43.889524965203535,149.2302710385041,149.22188734731472,0
46.953057513341996,149.22873547647384,149.21919389693,0
46.789044921049175,149.22081275618262,149.21647769921665,0
38.68445478452436,149.21258522082252,149.21338568586452,0
35.52858399484721,149.20439889475307,149.21057180330894,0
30.24705673667941,149.1950796338047,149.20663306348595,0
28.929973360007608,149.18575485104668,149.2025275624353,0
38.596232090839095,149.1804181114523,149.19900882356188,0
32.70651668942273,149.1737285067481,149.1931261210449,0
18.74758935356968,149.16233602045568,149.18723991214569,1
20.836850609085758,149.14843292227212,149.1821288769094,0
27.57596079964034,149.1360464001337,149.1773110158799,0
25.796181998995976,149.11991044160033,149.17150478668296,1
28.54629870773313,149.1068935356393,149.16677749436164,0
37.48151021569518,149.09401802059264,149.1616576241038,1
30.684938423688664,149.07171360625424,149.15585209340662,1
36.0922797963203,149.052045434138,149.1510298974784,1
44.0763734377418,149.03517780233895,149.1466969430539,1
40.04356006293895,149.01886999283005,149.14259890434744,1
48.486858879835076,149.00645653486217,149.1389193446898,0
53.545059365386074,149.00272723646918,149.13676516462812,0
48.83821693192765,148.99832239366418,149.1334422510881,0
52.58091904965035,148.9947996844755,149.12982819440404,0
55.04408470983319,148.9927031801895,149.12474325251446,0
53.8339892133524,148.9888387131046,149.11895658455694,0
51.430204106506125,148.98866682352735,149.11424134880698,0
57.9357026937109,148.98852734277972,149.1110746849942,0
45.56045249883345,148.98019943437254,149.10562112905282,1
48.58830595605953,148.97785640440634,149.10123661515448,0
59.054655573094806,148.97936327435934,149.0965245616875,0
53.58464191948651,148.97942018925045,149.0916759966025,0
53.49571879766961,148.97882376307285,149.08797889634815,0
61.271268792557194,148.9851535420833,149.08384680587545,0
44.08996098704396,148.98431018609634,149.07852817635558,1
40.8467934943805,148.98313881574686,149.07294052082287,0
36.05721621066408,148.98338068504344,149.06659254630986,0
39.630687665768306,148.98295382283212,149.0609910858314,0
43.292775206393564,148.9808542474651,149.05578777837002,0
46.138376244655156,148.98087154236794,149.0518716227774,0
42.0579516441821,148.97697491046895,149.04699810690573,0
37.63364663191024,148.96635430033137,149.03920627812843,1
42.704850849427004,148.95449768192512,149.0305913897597,1
38.62514631540165,148.94455867052562,149.02224723207152,1
42.53865493585477,148.93906154155394,149.01569328936503,0
40.085240991864396,148.93103176581096,149.00762996318042,1
40.81463081938362,148.9240217976948,148.99855247221996,1
31.846526224348878,148.9162897368073,148.98923738921013,0
42.62335333575528,148.91427699555612,148.98058285810401,0
38.24389951102278,148.90829137118328,148.97197550423687,0
45.23997168275322,148.90228742537127,148.96396915930123,1
47.43363918713605,148.8991233904879,148.959216937396,0
41.477676499376585,148.8913040159995,148.9530063121584,1
35.501111464120754,148.87855862994863,148.94694515538185,1
38.29100002836528,148.87248839637294,148.94248944657573,1
58.0012410631774,148.8708107773835,148.93950527387503,1
55.93046737388089,148.8703921292239,148.93671754447752,1
61.38408876247332,148.8734162565824,148.93605564804568,1
64.0799136761181,148.88063513671779,148.93587458847617,0
69.32604271316231,148.88621619997537,148.93686670006832,0
65.11461341601981,148.892246006133,148.93896210117668,0
64.87923537052146,148.9009121850148,148.9401979832255,0
63.46646802701432,148.91043136465314,148.94034537556752,0
59.09710868923722,148.9158986107223,148.9406424997203,0
58.17276658308442,148.9189281829722,148.9405071482982,0
60.04468795255296,148.9279194590181,148.9411905385506,0
62.90280329411519,148.93325166275818,148.94316769482154,0
65.11283546629821,148.93949260720865,148.9442162584384,0
56.74015121215975,148.94112375746835,148.94296124015574,1
49.41822151953989,148.94472894102887,148.94231908351637,1
54.34363709921346,148.94851819698957,148.9407938241522,1
44.742624759983784,148.95045811114576,148.93830928726663,1
28.904249959267204,148.95465355898565,148.935538778287,1
28.180897989865898,148.95971284908518,148.93291042122573,1
33.73150089732684,148.96548041659707,148.93160034113876,1
36.77964405593714,148.96582075812114,148.93029809188164,1
39.7333374666868,148.96879275421543,148.92876791675275,1
50.495356463083546,148.96768750089774,148.92771971129292,1
58.48289021570051,148.96461224126003,148.9296397112312,1
53.345781726431895,148.96326784260728,148.93103127534872,1
60.04911480475184,148.9630212176404,148.9324252784891,1
70.08981521477071,148.96771712338807,148.9355167568805,1
91.32689529856529,148.9735055366715,148.93821808500695,1
92.46013276727098,148.98535730334447,148.94072400422476,1
92.80628349851867,148.9987377598814,148.94627817781225,0
74.2765574346043,149.004651611975,148.94979565704182,1
79.07821951371967,149.01485072641213,148.95575571136902,1
81.62598154485262,149.02589030733665,148.96139085224019,0
80.24418798886292,149.0406140972526,148.96686518007076,1
81.0321803009562,149.05513203272136,148.97202327965778,1
77.64491445841496,149.06828708470775,148.9773186938477,1
77.67257037588828,149.08180790956587,148.9844907309604,0
70.19414086491693,149.09448858394416,148.99153513909462,1
71.96030608939688,149.11067510666118,148.99935699567993,0
70.60461019377718,149.12548622003436,149.00617021253095,0
62.54054685973551,149.13950537565353,149.01368753581866,0
54.701116868713896,149.15075102047012,149.0194596058629,0
49.08116673438097,149.16211776320625,149.0260509218525,0
46.38510739764378,149.17139270364163,149.0324859944654,0
62.790308486059736,149.180023650975,149.0397241872654,0
44.55629864537363,149.1859246957111,149.04588018662503,1
34.27471902195174,149.18484866452803,149.0498068664966,1
39.4790828887962,149.18423174160466,149.05538917524902,1
47.1900789946571,149.1840166447823,149.06290721015824,1
44.01452435692883,149.18014681701106,149.0693415460675,1
50.65528015618538,149.1839550267784,149.07505335679977,0
54.591535805350176,149.18547921682983,149.08179054641138,0
48.712711409598434,149.18668508490137,149.08669838356778,0
47.35552760480772,149.18711743587278,149.08945809973275,0
43.11820947401425,149.18382213966237,149.09106565553256,0
51.65079434229484,149.18350891536028,149.0938238575386,0
47.14145099704921,149.1809521686735,149.0965067244239,0
43.367169103387106,149.17797551129868,149.09855279775286,0
46.00282427727566,149.17436596528577,149.10274393750532,0
43.156092221391056,149.1667988642684,149.10531848504942,0
43.402395271605805,149.15668188641592,149.1051925067778,1
40.647251091229286,149.14859422117388,149.10559662922915,1
34.72423756641298,149.14056068796734,149.10647815415595,1
40.62465120405072,149.13319206052256,149.1093133156871,1
30.07753266715092,149.12427946772627,149.11154439794436,1
42.78329494524622,149.12332423629755,149.11580260234823,0
42.032165675087064,149.12544084564402,149.1197999602959,1
42.59767759671293,149.12564204235179,149.12378456859548,0
44.71637844143537,149.12073920551833,149.1273177527315,1
40.357599460236976,149.11840984250972,149.13051331643254,1
46.653088209153154,149.11389934958243,149.1342847933843,1
55.616960438955374,149.11144602690018,149.1388518554853,0
44.792286248070745,149.10567684904078,149.14189412282497,1
52.0640875974108,149.10024728938262,149.1437121189818,1
63.243249194346966,149.09891480031908,149.14532443861728,1
65.61634850189628,149.096685513495,149.14728957588045,1
64.55584647860846,149.0962063179731,149.14790240225793,1
64.77614260296299,149.09868512341086,149.1486246324486,0
61.44059317675307,149.0971350852546,149.14745505026937,0
57.22433317342265,149.10328262776915,149.14713643220452,0
62.97931221680854,149.11505820373299,149.14935514348102,0
56.45586224143901,149.12386408639804,149.1492019732235,0
55.032098138794495,149.12960898766954,149.14796562628914,0
49.75188622359164,149.13192864756726,149.14583913581296,0
50.015044022163615,149.13643930711254,149.14406730770082,0
39.74092919005394,149.13241824307826,149.14145506569642,0
43.945510171287815,149.12816687852984,149.13834354788148,1
47.197150418951885,149.12544841193719,149.1361684997927,0
44.71948063346146,149.12436450347906,149.13279351145866,0
42.98293239842776,149.12358238376754,149.12975178192582,0
38.97195776046464,149.11904195774477,149.12609942622078,0
39.246413478861584,149.11313877131494,149.12380695582323,0
39.924032447809424,149.10919634399815,149.12072555514175,0
29.404815482479535,149.10507846515463,149.11718642358701,0
23.714281451862618,149.1004928944555,149.11351213600946,0
28.604729672037465,149.09482454084443,149.1108495139338,0
33.19038310397035,149.08919514267703,149.1096409935175,0
34.64227164838371,149.08067438714423,149.1072016906644,0
26.10732726178344,149.07329401671362,149.1031659990419,0
32.68385128360316,149.06243276224427,149.1000508102978,0
27.15731222876471,149.04627737000982,149.09428408077358,1
19.762701033510737,149.03209906372538,149.08784991198175,1
24.746766003844172,149.02119211999147,149.08176844032513,1
17.951753850934168,149.00977386578185,149.07490170777658,1
32.93340159365235,148.99942227747812,149.07030736282712,1
38.39278413136246,148.99478024534181,149.06596359768903,0
35.67330889853821,148.98809651382933,149.0612012859438,1
45.61635402240916,148.9834292572285,149.0583499981646,1
43.638908658862974,148.97858910521558,149.05448276743056,1
45.38729062251451,148.9741053017271,149.0526743569093,0
43.145616207681655,148.97089456831003,149.05178449897844,0
50.99555145637674,148.96841675648452,149.0517359699475,0
54.21769545091881,148.96821755623003,149.05178830244685,0
50.44566367301335,148.96692428402994,149.05067931298993,0
51.364156837384925,148.9624960755346,149.0487987791328,0
47.2724080750824,148.9545758147104,149.04335014529894,1
46.41768133197869,148.94702164223742,149.0382733121549,0
54.159641038845585,148.9424237938728,149.0339143912728,0
52.07512384974361,148.93994949612957,149.0308501152864,0
45.34939527267027,148.93720675485224,149.02756957523482,0
45.75577172953039,148.93495215045544,149.02270520112276,0
34.35526285174902,148.93220767659236,149.01615457185864,1
42.24866116517985,148.9311705368364,149.0119659154434,0
37.901644931848885,148.9319040233809,149.00756440137587,0
40.69807382751012,148.9303748013411,149.00289136323593,1
30.914042143168928,148.92360735184062,148.99673233302727,1
30.430789003627865,148.9203731697803,148.99086802666667,1
31.5580431486503,148.91308404618331,148.98410956727358,1
42.93959027810991,148.90845283269124,148.97900986640522,0
55.02920634730107,148.90461403362403,148.97320691925128,0
51.12248601923328,148.90077791718758,148.96607238436027,0
47.16207131751956,148.89459613644468,148.96002878996612,0
40.14003477405813,148.88627598618353,148.95445510185243,0
34.866355573342034,148.8766068196546,148.9485505818249,0
35.956983990424604,148.86762771333431,148.9412741416215,1
40.03782010497607,148.8623525408796,148.9353238644195,1
34.054262106104005,148.85738351367337,148.9299599662123,1
37.360069757634044,148.85146746973552,148.92432201439215,0
34.8639291714189,148.84342394699684,148.9184738926935,0
47.19121785019088,148.8377264884226,148.91322721709682,0
45.31807430093531,148.83475504675158,148.9089904367255,0
52.76986562271358,148.83487661324756,148.90484970863167,0
36.27413335571056,148.8284656325276,148.89967363085518,0
20.070268686938192,148.81438917485463,148.8912886852559,0
22.880060168930655,148.80062500344002,148.88294420682973,1
20.58182840158551,148.7860873549944,148.87323745868727,1
21.13774729796036,148.77032488989224,148.8633199255528,1
23.203073081925695,148.75491119797337,148.85380429160526,1
34.83707924796629,148.74069768315948,148.8459713329836,1
35.89725230586137,148.72564810868812,148.83849305782883,1
35.05982092797744,148.71207540947808,148.8323916001476,1
38.52082662036437,148.70065166867082,148.82744983194428,1
41.162573665080124,148.6912803103358,148.82249037799016,0
35.2609298863555,148.68405709394276,148.81826387308925,0
40.090731968249486,148.68113685039393,148.81395997078783,0
33.862582349201745,148.67529947352807,148.807531555694,1
40.40146774875273,148.66945703973107,148.802504176573,0
49.91551018708113,148.65983292272267,148.79488348058982,0
49.5161074536987,148.65133675885286,148.78757295414843,1
58.6583209723417,148.64118828619092,148.78006041088236,1
66.64071881810595,148.6346359935725,148.7744870068305,0
59.32460415086237,148.62302419497416,148.7666926840275,0
49.803299480185366,148.61403228034914,148.7579995205028,0
51.741834675106915,148.61562200209192,148.75076777248069,1
52.47779422014504,148.61732674803048,148.7448764758281,0
49.493345367938154,148.62260876837598,148.74045064015345,1
43.523100377629426,148.62623253276814,148.73500428176507,1
43.00558793974053,148.6292124708007,148.72851976237644,1
43.874615755661836,148.63143049086597,148.7225637308781,0
48.38736019243016,148.6326420825356,148.71666718890216,1
48.647259219834396,148.6343208515254,148.71213908057555,1
56.46638221470672,148.6338767009426,148.70811744168438,1
48.815047359601984,148.6299734188542,148.70201153079728,1
52.381399349898096,148.62917233910014,148.69717119937695,1
46.47367042523328,148.6271038065251,148.69265157286142,1
65.7114796667874,148.6326530660029,148.6911498413589,0
63.13918038719254,148.63521574628248,148.68844120717387,0
63.141190661797054,148.64306372654272,148.68687535273358,0
54.9271398428387,148.64753132401444,148.6832043506777,0
54.83789850171969,148.65191967882913,148.67898266896438,0
63.168641801306435,148.65474840420683,148.67607520163818,0
56.00584039937474,148.65644487835385,148.6714321807912,1
50.50067996674911,148.65902381586847,148.6670986523768,1
48.44081889055403,148.65851328105447,148.66353035704063,1
44.29585845889556,148.65569050283585,148.66010159162872,1
46.3166334691137,148.65332429979418,148.6568393437193,1
55.10580406306845,148.65558815367746,148.6542861377667,0
51.093666237051075,148.65887170071645,148.65148145476877,1
49.8781548011268,148.6598381018477,148.64912939281848,1
38.65116940789971,148.66117423434594,148.6460462872715,1
43.140940473976585,148.66167748161251,148.64290805451992,0
32.76484847956124,148.6600088474711,148.63817033537381,1
46.06571676338964,148.66344893765987,148.6360048528502,0
46.89422747389851,148.66546567998242,148.63760180142808,0
43.21070414352529,148.6672410609371,148.6392979958603,0
50.88980138880842,148.66207488972265,148.6415448552502,0
49.13612360555487,148.6581506051394,148.64357149327273,0
51.8559009078759,148.6519985013992,148.64571027410392,0
46.34259960621385,148.64535280823515,148.64506640070792,0
35.51309682913019,148.6345955473342,148.6425616444228,0
24.639239162249368,148.62032200369475,148.63937383932486,0
29.377556246709375,148.61183388155774,148.63590506594596,0
25.810281889324784,148.60234817081692,148.63152579656926,0
22.45179294115445,148.59184980310224,148.62664744070443,1
20.802364024259262,148.58110276114022,148.62008795592723,1
22.057616984692075,148.56848381434781,148.61411308004716,1
12.413008467896134,148.5525790482896,148.60753494119012,1
26.4677729207136,148.54179128984862,148.60426480161917,1
30.406427192856015,148.53289376843057,148.60175219664956,0
38.064341865511615,148.52602402454028,148.59998058261124,0
44.86020180383505,148.5217541107367,148.59775530138563,0
42.233037484569394,148.51768726652975,148.59603556399605,0
43.194296283222414,148.50842625335994,148.5937624420545,0
45.104292747025745,148.49604222610884,148.58976989103482,0
52.327233449787165,148.48574924024132,148.58666699274463,0
48.48007262532839,148.47603619964144,148.5829158277564,0
46.483068356442196,148.46456093416623,148.57890285383198,0
48.444597015892924,148.45251898485833,148.57503287972696,1
50.53363331209882,148.4433653592614,148.56984034806612,0
53.288025951053235,148.4385697644956,148.56493271720683,0
55.62725885007765,148.435670651727,148.5599137594055,0
43.511109461955016,148.42976459584818,148.5542602239082,0
41.67433232861909,148.42683909186948,148.55027206577535,0
33.79836272529322,148.4247592414707,148.54488220165263,0
25.495040029701528,148.42414494449977,148.5389044111171,0
33.43878870689505,148.42607242634068,148.5314808241823,0
35.58322779229296,148.42735885060944,148.5243921829209,0
37.82809437188954,148.4225585273977,148.51606272196113,1
31.890678612364255,148.41672636225525,148.5094302119459,1
30.66981861464994,148.40670298043858,148.50189390325505,1
34.34858594763418,148.39321970320336,148.49314382098424,1
41.3208713621712,148.3831984600433,148.48673699667185,1
55.54044649646101,148.38047170310728,148.48234159695002,1
57.11744268211144,148.38155761233114,148.4789876235455,1
58.0956102175964,148.38072430934835,148.47668051534959,0
65.556800249496,148.38229185660276,148.47450285047984,0
55.98310637446366,148.384255520463,148.47036980054617,1
60.37989370532956,148.3874359515342,148.46645858005405,1
61.21268188602966,148.39108116668277,148.46233757400014,1
59.60482920583363,148.3948450834285,148.45840105683982,0
64.79379897901501,148.3983098711775,148.45456671523152,0
71.0059189982479,148.40446358314222,148.45204211817662,0
65.97660410231876,148.40839757548238,148.44825152090436,1
74.32991606314668,148.4138847256447,148.44424981991756,1
66.34608001922757,148.41698566162083,148.43880225139057,1
61.10662850906131,148.4178459603886,148.4337892524487,1
57.40207753930976,148.4232314232949,148.4304245101831,0
55.571773986558824,148.43059381824213,148.42750084869832,1
52.00621194756702,148.4365930408276,148.42592630498288,1
60.653943846215256,148.44872504439604,148.42754570207978,0
58.432206199433466,148.45868114437036,148.4284874772545,0
50.57527129372973,148.4649299006049,148.4279754042907,1
58.74580076878719,148.47042188866112,148.4295710840877,0
57.63890461204773,148.474668338205,148.43211503758658,0
55.81884437537508,148.47732182977404,148.43516814280315,0
48.35433874228313,148.47612198484347,148.4375581186781,0
51.71779019040554,148.4783092543374,148.4406618829653,0
53.69970213201224,148.48145190965442,148.4423228279764,0
54.30985188737031,148.48222305988108,148.44206929058038,0
55.1557012321684,148.48196571601468,148.4407777334296,1
47.43357631141302,148.4807018029024,148.43814579209777,1
47.11602269543979,148.47916223467692,148.43663210543548,1
42.61985271247473,148.47582442050737,148.43521078776334,1
39.21142595175042,148.47514351069898,148.4358903337536,0
49.682128934977925,148.47923631532865,148.43619708142552,0
53.51666506309878,148.48323235669628,148.4366677152706,0
42.35678005979766,148.4836496608437,148.43806000085408,0
41.336729275474966,148.4830531247648,148.4397145046609,1
38.820776576895845,148.4807700716516,148.44088818993896,1
42.47043679559993,148.47327555194755,148.44142801706056,1
37.73673616323311,148.4682113249167,148.44150374653034,1
45.18036450435742,148.46920921866675,148.44375325341812,1
56.717718180007004,148.46850077212918,148.4462357561916,1
61.77282426495528,148.46977238661356,148.45012029564376,0
65.39991453753389,148.47240882792298,148.45447369617244,0
57.57607970905654,148.47522673037435,148.45721984029157,1
64.17602796049341,148.47695510092703,148.46050038309232,1
63.07343775266366,148.47963309237846,148.4651526539687,1
51.10710166006599,148.48194537349917,148.46815689507793,1
56.21213115552456,148.48598818576934,148.47249181556188,1
65.83376977342768,148.49595484961898,148.47923985066402,1
69.38173761967374,148.50771935360535,148.48644046286032,1
76.64313376957254,148.5251302194299,148.49307419429238,1
79.60779142189645,148.5402408453231,148.49936362695038,1
82.58159835304646,148.5554719318394,148.50609613042195,1
75.84607708617105,148.56990982005212,148.51171490065036,1
75.56544445178956,148.58660597169745,148.51900018134788,1
75.02249999771387,148.60506676672736,148.52676683073818,1
74.86337392506415,148.6259079480779,148.534818902497,0
84.07666890295111,148.6506752717905,148.54376009240536,0
80.89529993199895,148.6748408950625,148.55211615608434,0
78.17552162945142,148.69499761420974,148.55996686584513,0
87.11956541340062,148.71325899697865,148.5681803247901,0
78.68284401105129,148.72713892705556,148.57542197620808,0
73.99467053340608,148.740701131382,148.5839598840769,0
58.777867804782126,148.75291617284685,148.5912479252749,0
57.23765638651594,148.76756032845105,148.5982319451548,0
56.47583139056466,148.7801461839399,148.6049736002478,0
48.688526242383354,148.79437285775572,148.6112688218492,0
48.07917307187103,148.80531936372876,148.61512954329498,0
42.06308054898072,148.81056571608121,148.61999367934834,1
42.28486260140631,148.81498004141093,148.62646051918273,0
43.931325955087914,148.81746240634675,148.63189040136663,0
31.485909337831302,148.81788296781218,148.63664947879326,0
30.379884851208004,148.81425560251793,148.6408696395195,1
35.96813261591609,148.81369604428818,148.64674452442824,1
32.70218617752124,148.80974853763834,148.65157589466827,1
36.96128104344536,148.80447386624664,148.65597561337506,0
36.21724716233864,148.79882802059115,148.66146088678104,0
47.403137637043976,148.79093952986554,148.66734961794572,0
46.01541667378868,148.78616967834134,148.67430330625993,1
38.774486947427945,148.77899935736707,148.6799017149212,1
33.257189880283406,148.76735326905174,148.68479186420785,1
34.19402767946529,148.7567410288348,148.6880609834624,1
45.62967330324272,148.74963945479644,148.692121139864,0
51.48002863600697,148.75088664728474,148.6983096415103,0
56.03515190213062,148.7538852975759,148.7063261998477,0
58.21637612473643,148.75634890148154,148.7142919109345,0
54.34902733772444,148.75599678152759,148.72135950579957,0
44.3864327207513,148.75227930166736,148.7267310431829,1
44.69387718961134,148.74771590610152,148.7317955118223,1
43.92525334027964,148.7411750506839,148.7352468519896,1
47.80590009954143,148.73631229443163,148.73901501028763,0
49.458087272532374,148.7349601008552,148.74272456448992,0
47.573364559348285,148.73600304222265,148.74630732523937,0
48.64662525459849,148.73359506079083,148.75009185659482,0
51.60950757923191,148.7306558636964,148.753056199776,1
54.32821172363791,148.7281497521032,148.75538227726497,1
50.77368625136686,148.72692228855993,148.75945165280532,0
44.37911388165306,148.7258727812844,148.76330345615173,0
31.802366217163296,148.72060020097746,148.7641614468033,0
35.93839675454063,148.71959713522554,148.76465282756925,0
44.35639957592364,148.72380679394487,148.76426249401385,1
50.247655984130745,148.72689333584827,148.7627219796725,1
49.37066070526221,148.7242135186913,148.75961777460478,1
53.72686422550887,148.71855710072867,148.7577685537809,1
45.79817908085359,148.7082895647162,148.75499963705516,1
49.74723729850342,148.701997693382,148.75306428159635,0
51.09984514874481,148.70080238576685,148.75131728087516,0
53.208897881358446,148.70374864139185,148.7479603910234,0
58.94344188608711,148.70804145358431,148.745075735231,0
58.03615023497865,148.71291734019582,148.74241474238403,1
49.776525592153206,148.71326768289455,148.73901848465397,1
42.6849654157727,148.7096466687653,148.73572766117383,1
52.219783563851145,148.70708257020553,148.73285990076877,1
53.24873845750648,148.70838936467294,148.73228113332524,1
54.1513790088492,148.71318628241488,148.73130658136154,1
67.34233110998514,148.72079866031441,148.73164326781477,0
69.07110960513337,148.72564687165612,148.7319612583655,0
72.00486718311144,148.73335902936407,148.73451932240584,0
67.6669991563553,148.74136724410621,148.7364820580133,0
56.24544102738784,148.74566350419374,148.7369262126824,0
45.96181568482105,148.74508244464667,148.7353105093338,0
46.12247908880437,148.74589522594573,148.7339268829259,0
44.25920078457583,148.74733357480855,148.732848963521,0
46.29269320496579,148.74840961978998,148.73165398398163,0
50.13294223366227,148.75055267306857,148.73132129122726,0
49.00625304312058,148.7464903196242,148.72987086294737,0
44.4847613934725,148.74043411840853,148.7279597200021,0
39.0574286519918,148.7346355531959,148.72543880035556,0
30.806218156302762,148.72490146509375,148.720568449932,1
19.844121716008345,148.71284053882843,148.71595121496856,1
19.484487661295688,148.70068776934505,148.7123522847713,1
17.886791088983188,148.69376381380067,148.7105367751602,1
20.631890563453666,148.6857021124748,148.70728496384012,0
27.160361346024885,148.67723029682665,148.702818593142,0
27.812506161364098,148.66407222335357,148.69538135167258,1
36.21145168504435,148.65019260073302,148.68918074751534,0
44.288913486288145,148.6404222756131,148.68573145599973,0
35.87738759189047,148.6224603654497,148.6825917479188,0
33.04732026703246,148.60493898851402,148.67937129097834,0
38.3218816038433,148.59078261871736,148.67676923989578,0
42.229518459175864,148.58198909897982,148.67358123115307,0
41.32563320652648,148.57267834734807,148.66901418152304,0
46.05288321165796,148.5638105346017,148.66397196047265,1
47.46906700650416,148.55243913703507,148.6591916144793,1
51.055089872792415,148.54076963156655,148.6553667983753,0
50.05618878596153,148.5344276349885,148.6523820161015,0
46.09631629422528,148.52724364743054,148.64808826355033,1
47.55604672637674,148.52311747786362,148.64433667898726,1
50.450349041085396,148.52120812525965,148.6408116196449,1
41.537035132090914,148.51959623880194,148.63595085639912,1
38.95750108464814,148.5215244545979,148.63143934903255,1
52.54226798954892,148.522313256953,148.62870474360204,0
60.27281591946807,148.524572869701,148.62742870424398,0
51.14013639640442,148.52242489177542,148.6243657095607,0
45.95296540514094,148.5225779302937,148.62109669790357,0
52.95334365450482,148.52190383088143,148.61714320251514,1
54.67279702180116,148.51842241478104,148.6127794676054,1
52.30920564252702,148.51700242465859,148.60789326122548,1
53.76858217756102,148.51817458799832,148.60342454474392,1
45.154949367275236,148.51665014158093,148.59826236044984,1
56.3421993096383,148.51768802285886,148.5953493671388,1
58.2520564770984,148.52368101376982,148.59462791952484,1
64.01673630551502,148.53170151121577,148.59381953687674,1
72.09007571052796,148.54408812878228,148.59347112012307,1
70.34319468797958,148.55637336834758,148.59264163274838,1
69.95538892208944,148.56769957554627,148.59114238219425,0
71.46510114753045,148.58404156342218,148.59144614025675,0
80.29848582910275,148.5987019777728,148.59047385835075,0
81.8013215876646,148.61453417298384,148.59007839119593,1
69.03675516949403,148.62844994232185,148.58906543165037,1
68.45819882999946,148.6403569422801,148.58954914808592,0
76.81420465632452,148.65204737802338,148.59116560443312,0
77.72891472483906,148.6639511380646,148.5940757295464,0
83.20985686082487,148.6799129661135,148.5969670480901,0
76.32820725747027,148.69570435882486,148.5991573722061,0
59.8195397690593,148.70525061345558,148.60064732004767,1
55.02898527732896,148.7135995567446,148.60204564293983,1
47.381626912157294,148.72366162699137,148.60350369074368,1
45.635100064997005,148.73200479397565,148.60626587629667,1
44.85821634980887,148.74331988825534,148.6104541002206,1
47.450386159505285,148.75506771605586,148.61710134582313,0
46.84960424713732,148.76364780987154,148.6225815179532,0
47.01924372119131,148.77039718391268,148.62769756545188,0
54.41458549324902,148.77353244846307,148.63199198077763,1
55.5187573764964,148.7768007768782,148.63773305415825,1
46.575168905135676,148.77651290573132,148.64167050419357,1
41.330990147114875,148.77319513629016,148.64455528452757,0
40.95348117164318,148.77033530416531,148.64962383383698,0
45.25964507035521,148.7685131353881,148.65550804994555,0
62.86165502128648,148.77151657202376,148.66135901297292,0
70.19017787787865,148.77567374220206,148.6670230053748,0
