RSI,MA_FAST,MA_SLOW,RESULT
34.16049514077655,82.21046608809644,82.23209588936656,1
35.06831316699409,82.19552239101934,82.22778944744941,1
28.644598955744215,82.18074013021445,82.22454589041537,1
34.68318149964932,82.16606488031763,82.22004506686788,1
35.1827816807515,82.15635320449462,82.214711742189,1
47.5574487437745,82.14758046055547,82.21246661717531,1
45.649003398149055,82.13700803332873,82.2100772346706,1
50.18145213396635,82.12891333170641,82.20914928477472,1
43.875162734102474,82.11672748809876,82.20929724450917,1
40.12631646889835,82.11205846015676,82.20928838716777,1
41.30535396296553,82.11293734453737,82.21071366372064,1
47.99091301114444,82.11989858675949,82.2137192278648,1
52.93372136426236,82.12717631899145,82.21408702984986,1
67.71407079304375,82.1376543185066,82.21568129374755,0
80.7518388465033,82.14457535482254,82.21643258184714,0
79.95401526670256,82.14930604715856,82.21689132829586,0
80.35470837262238,82.15155669691359,82.21793291374942,0
76.13525940937706,82.1513865676355,82.21822513520047,0
76.64847717688514,82.15481339050874,82.21819176694694,0
64.68626294086798,82.16316319085783,82.21702577612872,0
75.69322037038552,82.17949759562929,82.21830916062194,0
71.37908026072479,82.19433870917847,82.22139421608102,0
60.05273267334873,82.20480584321528,82.22191119120849,0
55.55798259182813,82.21358393848921,82.22029537578906,0
34.425107025903145,82.2130693305681,82.21349753378699,1
23.019524948756867,82.20433299824947,82.20584733098165,1
23.886505263449124,82.19842147670798,82.19723581445317,1
16.78618507271031,82.18901786258483,82.1875055092325,1
29.377801707615006,82.1861013989554,82.17933380163826,0
32.946971709495,82.18527225885259,82.1730505550387,0
34.837462083873106,82.1823192259459,82.16890967910454,0
32.18268648047467,82.16916167321514,82.16312287565033,0
32.03566467949645,82.1555963818988,82.15688055847495,0
32.28217148829506,82.13780491027647,82.15031849216295,0
25.27528564106919,82.11623904500463,82.14519484580296,0
23.914723378726123,82.09202899719462,82.1367584996371,0
23.030032450695543,82.0612305879914,82.12631661617347,0
22.138949532728546,82.0285287837335,82.11397980643264,1
33.91173431632012,81.99969035360277,82.10114633639986,1
34.95553759283604,81.97229549066357,82.09121282260946,1
33.267382158207596,81.94027966423167,82.08129028827175,1
33.63676685182253,81.90855956900855,82.07186949602206,1
28.686563913353496,81.8849243753805,82.06441666140525,0
24.760875920388713,81.86368129638663,82.05719724542764,1
24.816468488753017,81.85470672483822,82.04878261808828,1
26.889681766110442,81.84458454931888,82.0383747213537,1
26.201398264236317,81.83231732271148,82.02589703088779,1
30.198171946205576,81.82165286906354,82.01381995945688,1
44.58831709727685,81.81068510160513,82.00606075670846,1
54.62349691281002,81.80251258712741,82.0029079724538,1
66.86046613374711,81.79450830799252,82.00252656706296,0
76.76071935611398,81.79239470607517,82.00187180167268,0
78.04247703763083,81.7960734500148,82.0030138863951,0
80.82420467193126,81.80395719067778,82.00547541630702,0
68.83065321798469,81.80689039816573,82.0054097232714,0
63.331383278921614,81.80898944458602,82.00132209324931,0
60.86807122118054,81.81811190677368,81.99875816555145,0
53.13739772432111,81.82555238680314,81.99263542847133,0
48.08915150662988,81.82720129294161,81.98533585833701,0
48.58299365239948,81.82702978983929,81.97720135448247,0
49.84403813969662,81.8276758191968,81.96718567813551,0
47.53652326961779,81.82740057306953,81.95487029054608,0
38.336340175651294,81.82236594132064,81.94249251033692,0
35.12901864546075,81.8200135419873,81.93014093481993,0
30.973597212912196,81.815027351957,81.91696341694207,0
29.042947171517355,81.81155308708533,81.90327353732441,0
17.00404639787135,81.80569643838957,81.8875529274782,0
18.588476526910924,81.80202642844543,81.87407590378086,0
21.58304160118469,81.78997432009905,81.86012512854458,0
21.5232033809838,81.76969385296833,81.84552023729799,0
20.53500826553821,81.74819797715168,81.83000671967191,1
22.871938819836956,81.7237052688537,81.81361842554277,1
23.862318150463807,81.69290242539661,81.79825251926762,1
28.29543619010029,81.6603323730328,81.78417479012445,1
28.05789091587185,81.63422529041074,81.77387210720846,1
44.979994304918456,81.61910934373009,81.76723263144156,0
45.93706655937758,81.60264138438306,81.76044612862148,0
44.79742868912061,81.59404122925642,81.75464477513995,0
38.29795112469384,81.58204205484775,81.74371212069394,0
36.786712128195106,81.56952560585383,81.73090269328297,0
37.61568623794403,81.55430681075836,81.71598071206049,1
29.083492099262983,81.53692172983057,81.70197431319225,1
33.36318510601701,81.52183263711666,81.68898701242406,1
42.60117626728275,81.50741816315434,81.67798623597109,1
43.254672922796615,81.49499262255105,81.66846484796064,1
45.384732634516396,81.48308535433416,81.65969608018023,1
44.95749531266159,81.47352828915608,81.65247200794406,1
48.89607160837896,81.46425414633953,81.64836604882326,1
57.80058462145871,81.46392525515694,81.64581908916624,1
49.81515173024251,81.46758301234314,81.64363524596982,1
53.93351290300559,81.47361269633487,81.64333993251319,0
52.887647076591605,81.48326432435053,81.64350032767956,1
65.57898058171108,81.49709864293489,81.64312222628936,0
63.785036411866514,81.50628590654715,81.64121663418865,0
67.36966898015149,81.51494301284853,81.63796662241259,0
75.03123647232081,81.51735406108182,81.63634043614674,0
76.87119005633943,81.52397070708633,81.63710748237143,0
68.70609497491377,81.52589718465074,81.63634250137483,0
56.499180024228934,81.52752191054898,81.63044684427148,0
55.281016741149095,81.53032671701155,81.62202834523663,0
61.43948390397285,81.53996521768406,81.6141634759371,0
51.025640017564996,81.54754457265275,81.60403425982328,0
38.18085068467764,81.54993901496117,81.59053323840261,0
38.28158435584962,81.54947045242355,81.5761915406694,1
32.96966903895154,81.54750198144343,81.56470948127172,0
34.36300784616144,81.54820741272961,81.55538326743766,0
27.003964517296083,81.54696662068213,81.54401389350744,1
28.959037019038192,81.54104228614831,81.53456200856132,1
36.97184445791999,81.53225451603963,81.52784037840546,0
31.721359904259856,81.51914362182681,81.52048077876482,0
33.04350160359526,81.50777323067831,81.5153788971058,0
32.44810019584163,81.49180627430867,81.50926260817522,0
42.349029336326375,81.47613534521906,81.50462998784874,0
42.78129504869598,81.46305508627644,81.4984332519043,1
34.22033878179916,81.44784331088941,81.49109300598556,1
37.494711607071395,81.42972453182401,81.4836090140422,1
44.76042313910724,81.40941635140129,81.47859544757611,1
43.9197084839489,81.39175926866511,81.4722356374627,0
49.75759998209732,81.38437817558363,81.4682083864653,0
53.154150686067084,81.38329831257931,81.46747012908101,0
53.34661941705935,81.3750702832192,81.46491239836412,0
49.623174823387295,81.36791822730713,81.46171944320464,0
40.33895826505848,81.36035737037778,81.45751521639508,1
41.24489934999268,81.34936812345971,81.45180584084017,1
39.52129952084317,81.34234345574683,81.44795674740615,1
45.71743436296509,81.33520455861283,81.44182135339076,1
39.78473383743109,81.33029405628699,81.43507496226901,1
41.02569938079197,81.32640477474772,81.42750742675786,1
51.95802429866468,81.32319210365256,81.4243003979274,1
60.80811237799779,81.33007441844055,81.42470030379951,0
59.94919009827879,81.33299474386111,81.4268540703469,0
49.782147495724395,81.33073206731356,81.4267867431684,1
47.000552925115976,81.3266714550753,81.4265655150322,1
45.141940773381165,81.32686706930036,81.42621281436273,0
50.064665719531675,81.33151940541066,81.4257037191294,0
57.794179079712734,81.34015380060718,81.42643639255141,0
65.40005830350552,81.34817968334764,81.42845600525274,0
63.59070453568934,81.35220624596312,81.42741647731215,0
55.55707372283308,81.3497090921193,81.42252192125025,1
51.92898766396628,81.34149067062262,81.41703319239281,1
58.39441264788247,81.34059286199428,81.41170446462789,1
55.01641087066878,81.34129102661102,81.40493012410884,1
51.49467261715469,81.34771464436479,81.39776161696705,1
44.07567054831891,81.35804753159971,81.39251049086118,1
50.356854196949236,81.3699602419558,81.38996363904904,1
64.68347931487244,81.37991556738253,81.38684595591104,1
53.04646953255555,81.38592726392295,81.37985758500366,1
51.74496535428551,81.39408099595789,81.37478095128071,1
59.26846081214784,81.40463669667756,81.37514631237882,0
59.225843001340955,81.41130427186087,81.37709132573924,0
54.399690249557956,81.4145565217527,81.37669059197437,0
55.057181852416726,81.42293915494477,81.37694457608522,0
54.76210763759831,81.42725026542823,81.37749001521902,1
62.33136424562573,81.43504848908434,81.38044402902705,1
57.86940749395468,81.44104783881505,81.38312206207803,0
58.30784456391368,81.44252067320758,81.38416169674261,1
56.16338795964388,81.44231369229978,81.38659483389979,1
53.80284145403897,81.44509573563735,81.38903785710777,1
53.742110237675,81.45587255865337,81.39196913829575,1
50.03944779008047,81.46438618892657,81.39513021923271,1
60.867686491127024,81.47328298743463,81.39790836733042,1
59.29417662026652,81.48507056045807,81.4022358385686,1
56.168641229007264,81.49931480089188,81.40703339923617,1
59.120155503797804,81.51774251630914,81.41438546287426,0
63.20267859562168,81.53128069668468,81.42333859336715,0
67.41215276092387,81.54392451395145,81.43252594876203,1
73.66309490751998,81.56250003278754,81.44109105755815,0
66.80204609812884,81.57865974648745,81.44954114240966,0
57.93301517611409,81.58243739304507,81.4543699993634,0
67.4292869897358,81.58896263077244,81.4593570530165,0
69.126525951019,81.59886146518818,81.46620706476195,0
64.18146585021779,81.60848662313245,81.47317193441533,0
48.90737246116336,81.6144679260129,81.47913423747308,0
44.22014070406946,81.60633623799416,81.48323127484082,0
42.49156039223497,81.60178093527206,81.48689705388814,0
40.07346187192107,81.5973702040097,81.48902795490136,1
33.11070803562234,81.59199509150532,81.49127524798713,1
26.94190259028474,81.58924154878774,81.49417256672378,0
25.314333369579586,81.57969776480452,81.49457140275653,0
29.190811189532937,81.57524085414647,81.49319679351508,0
29.352427747356955,81.56724415520105,81.49160813186637,0
29.37811434826891,81.55857519816654,81.49337309090978,0
29.591635572928936,81.54084872239842,81.49270430616542,1
18.225376659370426,81.51528560734201,81.48975287809093,1
20.615615010379955,81.49140366064823,81.4872922954622,1
21.47689590046157,81.46633516648309,81.48299849511238,1
34.3736454685162,81.444968905911,81.4798067465835,1
56.05104925791576,81.43155139893251,81.48127920359741,1
55.58431870414657,81.4256870271086,81.48476117335912,1
64.30837622238917,81.41962065534423,81.49060904690515,1
68.96219446607427,81.41510401831526,81.49601152729034,1
64.5750406969268,81.41264405099199,81.50171314416772,0
68.07197742935632,81.41758597528116,81.50708276983963,0
71.68337979338393,81.43669114531903,81.51468872032855,0
68.6838917500597,81.45157551342206,81.51954316247465,0
64.11739893494929,81.46507923797309,81.52309342313758,0
66.10823565110744,81.47636059186745,81.52744857916494,1
69.07263648991517,81.48534312548728,81.53067741853552,1
62.68990949027126,81.49273250130645,81.5298097246081,1
69.80749732036554,81.50380432896455,81.53019681635655,0
67.64945110660773,81.51527237462344,81.53189447301467,0
64.08099804223653,81.53018847255844,81.53627281795526,0
60.535535805191905,81.54924610032538,81.54150264012428,0
49.59418831402229,81.56724510050375,81.54263152265868,0
41.349841895600456,81.57901400885835,81.54247876347951,0
40.13343981685399,81.59004017290002,81.54200629498936,0
40.819795196980095,81.5982801989901,81.54219334925963,0
32.98450828278398,81.60057603664112,81.54347132399892,0
38.05328930773462,81.60269957063207,81.5434919781506,0
36.6172075571568,81.59509981075664,81.54289449563719,0
40.50066771869215,81.58514540840466,81.54075649567835,0
37.66091309367448,81.57359389459339,81.53712247782185,1
43.417144003892,81.56269606575152,81.53243527578348,1
36.44724892967253,81.54677936361284,81.52630345925004,1
31.156539755690645,81.52875769673417,81.51853396249444,1
31.112500156573248,81.5172842314852,81.51243731015109,1
44.53174049101635,81.51713912663409,81.50930421670355,0
52.37587103198956,81.52042913508559,81.50738517397478,0
57.71777955912862,81.5264603553937,81.50741890954755,0
60.91755991180157,81.52599671576158,81.5050104503522,0
58.41471904939779,81.52414429926262,81.50200760664444,0
52.27261364142394,81.51663567167438,81.49953243737204,0
50.66393571738357,81.51092623662457,81.50008596436894,0
52.42628882590544,81.50522766094659,81.50218809183966,0
44.143652006846786,81.49764600522553,81.50082479146089,0
49.30416336884485,81.49373861474159,81.5005536592821,0
47.51516785831142,81.48876787077245,81.50090246096649,0
42.70423745090776,81.48024359889527,81.49987214404193,0
42.28072223190938,81.46558083443995,81.49784520600475,1
38.475934501822074,81.45671317167964,81.49548342265047,0
18.113079759930017,81.44462898650667,81.4917104282006,0
9.495528893470507,81.4354351730525,81.48786646777624,0
25.853087992509273,81.43067109948055,81.48836422661633,0
31.400344934780804,81.4264652883542,81.49077533165492,0
28.192029233771763,81.42162308105698,81.49062173065794,0
26.978454871542908,81.4094867270193,81.48969793436557,0
26.347718493526145,81.3902181710516,81.48740392275981,0
25.83948901403366,81.36375983933615,81.48026855013623,0
25.61972892678159,81.33134407721377,81.46968172958962,1
27.48242541126737,81.30168655439908,81.45783680997415,1
29.18726179005951,81.27375156213482,81.44546662417228,1
33.04241329419452,81.2497594764301,81.43437860754727,1
38.22881124341113,81.22579704389679,81.42337039181518,1
36.43060243668322,81.20533523856201,81.40964572913684,0
37.520770155972535,81.18888117995533,81.3957470580742,0
40.803298995410294,81.17338568214393,81.38387623695044,0
39.54057914258756,81.16278504454672,81.37547224203817,0
34.157106968546884,81.15241622708896,81.3667013846826,0
35.284397509774394,81.14290740424859,81.3579151671816,0
35.76298810122333,81.12877751802986,81.3454726982766,0
32.140212090677906,81.11505845581561,81.33162486067748,0
37.8993472266111,81.1024466993313,81.31676975848538,0
37.40305388986129,81.07717573512426,81.29953608053589,0
36.82060437519375,81.05120594904007,81.28435967106944,0
38.76852552532754,81.0317721804587,81.27172499929809,0
30.520267996255598,81.01066749976059,81.2579488651098,0
26.671741422509726,80.9859075885969,81.24245487860252,1
27.276633577756442,80.9658694075858,81.22638589851411,1
28.45919432903092,80.95185722041509,81.20934478950282,1
28.467298928998247,80.93779794023752,81.19491606176649,0
17.747469815737674,80.92224276762244,81.18030556785938,0
27.66644217633457,80.90931270437588,81.16866613146027,0
29.48844764129025,80.89449169038825,81.15608864166988,0
29.925263885864325,80.87670718238118,81.14161685664418,1
29.385185339532356,80.85763740357649,81.12729894081113,0
32.720694043042386,80.83926769456755,81.11266962218339,0
40.60819615369373,80.81602962730923,81.09502844230823,0
41.84163515826479,80.79646475393761,81.07711563222341,0
41.64421040526718,80.78219189095958,81.06020778140797,0
40.685439151303235,80.76507676535536,81.0411047181141,0
40.01666251931602,80.74709235510608,81.02080408301487,0
35.73175687221412,80.725163704904,81.00018097177724,1
33.61166524447634,80.70753006305985,80.97817761111,1
29.272801524923793,80.6871239041517,80.95711816835149,1
35.4613304833418,80.66785089198001,80.93980695399988,1
35.08578215103324,80.65825187674712,80.923754169912,0
35.1713221263408,80.65087115156454,80.90729619091935,1
37.46826119946519,80.64242359503798,80.8912578969712,1
38.70807334283537,80.6321672113148,80.87597934025277,0
34.83066884188929,80.62052027993406,80.86043890506826,0
35.912246604858794,80.60998126543684,80.84644647943145,1
36.949916672611465,80.59795441707482,80.8336738290692,0
38.02835085947554,80.58953938680483,80.8196359565996,0
37.07136609831163,80.57688296920324,80.8017839289838,1
40.717172584317254,80.56716780826284,80.78551683169347,1
52.580504363775844,80.55953620664974,80.77268941403557,0
54.55738449580378,80.55039767633073,80.75910024441988,0
61.499394239996235,80.54288384498062,80.74876523448121,0
55.80871527809601,80.53240153413905,80.74063076417808,0
50.80787911641477,80.52900448135112,80.73203188889491,0
46.47093165513558,80.52562080478585,80.72155178007527,0
42.80399373308074,80.521986903106,80.7090719424476,1
49.46571174211929,80.5233152990577,80.69718491317435,1
52.93366994126349,80.52883632500104,80.6865186029271,1
52.20513760562773,80.53122662946667,80.67674513380442,1
43.50374275463614,80.52580319560975,80.66472117529834,1
39.63783550146476,80.52146462664301,80.65076802375788,1
56.36481890149235,80.52198442815141,80.63908517739617,1
63.67775423576398,80.53039562215132,80.63097462741385,0
56.97902308576248,80.53749791718592,80.62392706473068,1
51.04386275769323,80.5385974065531,80.61586205972644,1
49.76489391153881,80.53980684414252,80.60861788699368,1
49.8979821631624,80.53755293303287,80.60378683576305,1
53.060640419647676,80.5457561386801,80.59960400483982,1
59.55543091443235,80.55535695182176,80.59495074023869,0
60.70284472095732,80.55765182708451,80.59148314496514,0
58.19456814116377,80.56154578123645,80.58935552147572,0
59.842076116441724,80.56598896619775,80.58881305792598,0
58.93226335792618,80.57093860916765,80.58826331967911,0
59.973853704277914,80.57198665377726,80.5857073743108,0
52.11461827727443,80.57157879060682,80.58128618926904,1
43.651950715083885,80.57222374113641,80.57423635715179,0
32.61774576031861,80.56921402615069,80.56707384747934,1
38.55955956147751,80.56600317603855,80.56223700039003,1
40.54977677656295,80.55910059265385,80.55733040943537,1
44.32670816437109,80.56115132526297,80.5534746275765,1
40.49497497359638,80.55875735725121,80.54785911573467,1
46.54056882547729,80.55982163908143,80.5444279314537,0
51.66234008890149,80.56083141859143,80.5424304384666,0
55.32262088746104,80.56331853501868,80.54322377259601,0
49.433992812734594,80.56584159363935,80.54336175513976,0
44.73712453955993,80.56547795060212,80.54474358527294,0
44.024955410533195,80.56475709352347,80.54667764794848,0
43.33436079411845,80.55689180780105,80.54751116629954,0
49.48952083616331,80.54905674900193,80.54743308304747,0
49.30696882569677,80.54141963769038,80.54475024934243,1
48.25214375935836,80.53129512333712,80.54152511018475,1
44.41512113633251,80.51629554871661,80.53836183939744,1
46.27184676009622,80.49992925094244,80.53536813553018,1
48.33975172275458,80.49358503034577,80.53493327447549,1
51.36848375498324,80.49063549663958,80.53354788175012,1
42.929081901978684,80.49159053544352,80.53169080449929,1
33.229194621774454,80.49433366890196,80.52899156031818,1
34.71009822613638,80.49557370472101,80.52971329459714,1
44.98572760019129,80.50180229662503,80.53118420478023,1
50.574560798386024,80.50587057633692,80.53200837545138,0
54.21184834011175,80.51510155360575,80.53374066664468,0
64.18872626354906,80.5175506930017,80.53429467066213,0
63.11167722581685,80.51462349305538,80.53531922203314,0
69.24788778022038,80.5107943149988,80.53593970605507,0
67.34856538605081,80.50934072147443,80.53684972181517,1
68.70049613878464,80.50786965028159,80.53909668414317,1
75.6453337479822,80.50842273869497,80.5407206238034,0
67.64265500265563,80.51437610254105,80.54172707731556,0
76.52096504234325,80.51997383598658,80.54293196565544,0
70.2972119527244,80.5274715829888,80.54541760429406,0
68.41995843378737,80.53708496543047,80.54777324569973,1
57.85546035154864,80.54556901343307,80.5477956735101,1
56.77822030328372,80.5569104599386,80.54597407064509,1
43.66922519453031,80.56085502664104,80.54427611825753,1
42.38684067217133,80.56710561363882,80.54495116458442,1
52.207435937898374,80.57516393106772,80.54583363926938,1
44.55104168341383,80.58046653911012,80.54615700274908,1
51.48567031971377,80.58655729819623,80.5460337584036,1
61.6366120111283,80.5913731919331,80.54559070082477,1
73.7011878725619,80.59987284707753,80.54889678344858,0
70.38115427851979,80.60681484889892,80.55184829370965,0
71.6246789896,80.615277523129,80.55401009343463,0
70.9416732513167,80.62360123192255,80.55638427113509,0
60.68479668109732,80.6278873319443,80.5582999773219,0
57.360232584068235,80.63343209362276,80.56159104302156,0
65.23840199100839,80.64201498615597,80.56701318215102,0
60.84981756952165,80.64842350803119,80.57240441655559,0
49.70645026178594,80.6463754895879,80.57387600273529,1
48.71896100135188,80.64364505343187,80.57674974996664,1
39.09968468473829,80.63814764064573,80.57621613044715,1
42.576433305256266,80.63325859941071,80.57757374256353,1
47.44745859595913,80.6351509285758,80.57792738930785,1
50.67935135387156,80.63851506153566,80.57704752782278,0
48.59639496890286,80.64755138411886,80.5779692578976,0
47.177055520731685,80.65419284809197,80.58029166636547,0
43.31576663595149,80.65714556764576,80.58250068608682,0
39.56735703582696,80.65901584623197,80.5838605038325,0
41.97721850552385,80.65675679180337,80.58597975200453,0
40.56125276776156,80.65140418025351,80.5865296733254,1
32.08989153255517,80.63532116413663,80.58645739402708,1
40.06139797104232,80.6243338172388,80.58906377127033,0
40.46312289293754,80.60436807202873,80.58923910275946,1
46.13901204826282,80.58876094898719,80.59191695035298,0
54.114181400193324,80.58165102666435,80.59352637584932,0
55.23338433851771,80.57783237739866,80.59646979532519,0
46.298538701244645,80.56758056891465,80.59740919553946,0
38.89569037080502,80.55363309436953,80.59612418674263,1
30.929321141616583,80.54508223740729,80.5936794158098,1
35.09020201389342,80.53864299749921,80.59148603031632,1
35.45348940715516,80.5357316166555,80.58816054657458,1
35.46440801239633,80.52904044425551,80.58314929882344,1
42.075962631781486,80.52104442606112,80.57932488253161,0
50.81751798523692,80.51598983518547,80.5775940646748,0
54.59019305503728,80.50524573227084,80.57574982480642,0
50.29720781717097,80.49666680839861,80.57522210113514,0
52.60269205853271,80.48369264707463,80.57282988480404,0
45.22693953317938,80.47275520165248,80.56959348901547,0
41.5646270525935,80.46566521896266,80.56649539857317,0
40.781647016412826,80.46270362015335,80.5636215869921,0
43.19814141740203,80.46231498284392,80.56039475396913,0
49.50767123169306,80.45664715038964,80.556888645254,0
50.073043798840594,80.45627368805454,80.55352097260806,0
44.77091147773197,80.4505967383512,80.54939146171802,0
47.36721556235146,80.44226731940881,80.54609129295643,0
42.93491632622092,80.42600509016782,80.5400295859368,0
35.11365807774422,80.41309531664933,80.53258174977209,0
23.46741584931509,80.40640184796898,80.52649831028617,0
22.435444252703732,80.39964043762416,80.51891267158098,0
20.079025323525812,80.3893302951099,80.51066887158703,0
23.080811861744067,80.37756540791335,80.49923757090892,0
22.8770993600384,80.36761969356368,80.48747123668934,0
17.029098765976883,80.3540005854985,80.47481410747942,1
14.106788717557194,80.33537253766572,80.46230258697207,0
11.31749012140429,80.31074457475069,80.44889272192898,1
18.5584588801306,80.28785498405428,80.43699125730774,0
18.915600688920335,80.26889402910334,80.42358150198298,1
35.25703409288464,80.25746046506433,80.41320827182874,0
28.74902798298224,80.24056496113589,80.40417118719238,0
32.069218019229496,80.21974958077814,80.39406339793061,0
31.645464511859473,80.19991815679151,80.38510296042745,0
32.08084164701408,80.18229199683103,80.37650200422212,0
28.118300500778986,80.15986183750262,80.36340533617879,0
27.269286190818036,80.13567687474813,80.348256187003,0
32.015085425911025,80.11202101294597,80.33187914448729,0
30.781412555347544,80.09165736950604,80.31501539450241,1
37.78036041975187,80.07591113989729,80.30008797867272,1
35.955855638281975,80.05759000207605,80.28592797262381,1
39.396087963943934,80.03822649372907,80.27150055235126,1
39.18371422143882,80.02235110572231,80.25904764177454,1
47.050359848066144,80.01306174633791,80.25033380378943,1
40.5349100372553,80.00664134171345,80.2403942464792,1
50.475011324808726,80.00423888018324,80.23476243074123,1
60.07852484797379,80.00679889411458,80.22951776502303,0
56.97285087290334,80.01313192252691,80.22148508027401,1
58.53976676177274,80.02038426904517,80.21401201396635,1
60.306315887383235,80.02367998389163,80.20602126797377,1
65.20340107772962,80.02214324422421,80.20061233177061,1
63.28332213662268,80.024197782678,80.19581740530067,1
71.15178122187132,80.03301674907702,80.19181289856174,1
70.73265825637233,80.04624870718027,80.18930979663735,1
74.38832351369996,80.0599880833336,80.18888105985336,1
80.22763716379526,80.0809287010734,80.1873590461837,1
80.0736022054989,80.10615365777564,80.18432171603907,1
77.30405988745972,80.12968738183892,80.18165580431452,1
75.98353593796493,80.15605409888566,80.17877031069723,1
76.39789953619477,80.1826832774617,80.17968423082753,1
76.16531988371769,80.21579793469606,80.18314506584125,0
82.08178623130703,80.25132999273056,80.18576646185842,0
80.73898599123372,80.28567815490081,80.18823745567354,0
96.51682969213657,80.31514839458251,80.19146716848486,1
79.16328493758253,80.33809377076976,80.19297289463125,1
76.90920626772525,80.35591934174379,80.19462069221692,1
77.77267068688225,80.37352090307688,80.19868743091331,1
68.66847927827385,80.39166369253886,80.20124362952602,1
73.15615505955085,80.41361287397942,80.20905512749098,1
75.17070711747657,80.44423074796603,80.21847544050046,1
74.94599804278018,80.4747834273875,80.22796496353801,1
75.98493001117302,80.50737683774076,80.2389119653473,1
70.94123193378311,80.53302066363793,80.24928904597294,1
65.77841885874915,80.55404468715636,80.25990150833455,0
65.43379611837736,80.57789474703894,80.27299108124346,0
62.87062901200417,80.59879980849044,80.28527873538047,1
65.24216187788107,80.62150038242592,80.29877285394315,0
58.716231821863545,80.63955201360636,80.31317877985678,1
60.460393453028736,80.65393219796837,80.32520119626287,1
66.67202529592804,80.66981150366719,80.34005122065308,1
62.75721380246591,80.68061825476501,80.35240818172151,1
63.7244578429241,80.6901416174666,80.3655971243907,1
61.612634825496,80.70330367293893,80.38165909253786,1
61.840695922716904,80.72023343094158,80.39959327814489,1
63.3236347031365,80.7453370755848,80.41819092613277,0
59.09834079871464,80.76967792593551,80.43854712759007,1
62.00504457222222,80.78793771926271,80.45959176871914,1
64.20784996182809,80.80962207781181,80.48028405547235,1
62.00433151552437,80.82673935880122,80.50308792320907,1
62.54627237182199,80.83842618390807,80.52348145810475,1
59.543897060038766,80.84936924542373,80.54467666087709,1
68.83189322612434,80.85936639420558,80.5673679255379,0
80.9848352045393,80.87649760713916,80.59094764653969,0
78.55624132030053,80.89693279442433,80.61344992756912,0
67.27492831410405,80.90782475362342,80.63346444600745,1
69.4292851871617,80.92001029851207,80.651587302712,1
58.459803252195734,80.92575736079122,80.66635624061381,1
55.33516539184472,80.93779472797108,80.68304390203446,1
55.35059744702125,80.95669211539038,80.69972433480096,0
59.58173898053475,80.96977846928931,80.71849061481214,0
59.71079148314801,80.98203382183142,80.7363644127644,0
58.53001810353652,80.99625335523379,80.754419353413,0
55.943769789028046,81.00674559847423,80.77115063229674,0
55.0101446886508,81.01113203755267,80.78554661029386,0
46.67186726056857,81.0085892258725,80.79763138314833,1
36.44790966257999,81.00126029003546,80.80667976317491,1
36.31412439922221,80.99895818221442,80.81671357849467,0
34.7327277161954,80.99725340925652,80.8273104664394,0
42.89856365149335,80.9944729876541,80.83845547871643,0
50.75434584619265,80.99743810801986,80.84938339032804,0
49.2033460995234,80.99578332138144,80.85667081555124,0
39.57508044080377,80.98764672916339,80.86189462011103,0
36.69145844529844,80.97658168021522,80.86730905666545,0
37.74339007533358,80.96401771267494,80.8729976548061,0
33.495147508717196,80.95074354765605,80.87852435676196,0
34.94694835359857,80.93932333588654,80.8849489003691,0
32.8978031097333,80.92961871475127,80.88879536528357,0
32.50119682586738,80.91546771985473,80.89256551296081,0
34.765354683714136,80.89724866846156,80.89317865259382,0
33.74969398683045,80.87082808924961,80.88912955132558,0
25.410487541581475,80.84337230026958,80.88379996191723,0
21.0751423735948,80.81342534231675,80.87683875524341,0
22.2521389536969,80.7845941175481,80.87178001386081,0
13.557985906909764,80.75732842464309,80.86686010528855,0
20.03879981931638,80.7360672064369,80.86090036690752,0
18.6934670392325,80.71323546515158,80.85245402583936,0
14.906481253215844,80.68360993942478,80.8415574012942,1
16.65230393387297,80.65416424937906,80.83315536074846,0
18.76943832054171,80.62255269720112,80.82590367840953,0
22.114118878787238,80.58955961717822,80.81728263573244,0
19.758250542512386,80.5548365705474,80.8063581418642,1
25.466999867239338,80.52807666200371,80.79706863792588,1
24.8888535900566,80.4980219610304,80.78519637190203,1
28.54718562087571,80.46465599925867,80.77076668213293,1
35.813589423251116,80.44006777459806,80.75641663636726,1
43.78755502551061,80.41805036661256,80.74429787663992,1
45.85203296962368,80.4006527824142,80.73388139054417,1
53.772705835876245,80.39242422010287,80.72568636987722,1
55.652286597404206,80.38935530466323,80.71822503093863,1
62.750875511060286,80.3915941772872,80.71039674867724,1
67.18767439952838,80.39619403670808,80.70252987843098,1
63.882999240297465,80.40189996897436,80.69385218515093,1
70.27561816639265,80.41235668402643,80.68612364461572,1
70.80536388265779,80.4268904435042,80.6788431649205,0
79.43598226331804,80.4387571188802,80.67327331301023,0
79.669673173214,80.46166287703639,80.66911505724909,0
76.25299683800856,80.48328371091733,80.66456794134464,0
80.84471869466844,80.50392660040363,80.65960810972149,0
73.77772151536865,80.52253371544289,80.65224031843053,1
62.668220372200736,80.53297800759702,80.64256245105554,1
61.99438866885462,80.55174849898972,80.6342440127275,0
58.5906250336298,80.57110271710611,80.62700838267482,0
55.744606556685234,80.59398506230322,80.62009215743363,0
58.803881148057634,80.61863938158794,80.61376961974705,0
52.260996219920735,80.63602708847094,80.60739178140663,0
49.06114713905112,80.6459390469334,80.6021693793991,0
36.5084207232179,80.64940269315281,80.59405919491952,0
29.441610804930704,80.64555151841594,80.585005613541,0
36.20724617528131,80.64108230574436,80.57686875817473,0
37.148251216076886,80.64259504612569,80.56845952391956,0
35.93367039849332,80.63833950468907,80.55955235175402,0
32.80133450876906,80.63301329286753,80.55199881063258,0
33.36455614851381,80.61882632639484,80.54302150308757,0
31.331138519527556,80.59293761861792,80.53041112729768,1
30.20481003488956,80.56947657284664,80.52076652308646,1
24.666953875995233,80.54238848496607,80.5103411168809,1
21.6740723349333,80.51891799231197,80.50028765236893,1
29.683445400103693,80.49896228944621,80.4930059375581,1
33.2080034520457,80.48231850177079,80.48626825175421,1
35.28538730127842,80.469736515802,80.4821258216765,1
41.57474700838725,80.45646365477776,80.4794805545308,1
47.465132114440145,80.44366457876922,80.4791040772558,1
43.85736898931309,80.43034353463904,80.47839192427001,0
41.95405708511664,80.41983147221896,80.47877083877738,0
48.60966444944371,80.41293653586429,80.4781395131776,1
51.959181713845744,80.40952141298905,80.4806837585341,1
57.14050408349404,80.40959170536382,80.48445190129513,1
72.75409662874557,80.40799037445723,80.48653606357227,1
64.02695690522899,80.40109643521073,80.48828625337858,1
72.5847017484832,80.39521861789322,80.49072312420557,0
79.2303521339026,80.40112231080896,80.49806664785865,0
79.76791966078974,80.41439508734922,80.50652618077079,0
69.99949792622539,80.42571455965891,80.51409854253896,0
64.2170968520625,80.4405911595209,80.52078519140258,0
56.54093716075032,80.44981597064996,80.52466580150723,0
53.112036090334044,80.46026374392504,80.52722646780589,0
41.65047372570054,80.46204374420495,80.52484403708522,1
37.06731745869439,80.45761013040484,80.51908030167888,1
43.16751584347884,80.45741234234518,80.51349106682702,1
46.81253306523027,80.46175731762757,80.51019107781264,1
45.023142459651964,80.46262675315127,80.50605364110807,1
45.905247819654576,80.45869813638424,80.50182334421974,1
49.3746976269503,80.45563913963099,80.49570490651182,0
47.96501892778506,80.45337021215475,80.4893627462376,0
38.942102875609166,80.44985476470897,80.48257857150911,0
30.783175190769043,80.44584907717913,80.4743582385912,0
32.688300506706554,80.43965977801219,80.46700232813306,0
32.93765413086,80.4316171142776,80.45761226912187,0
35.78711054932445,80.42469618369026,80.44915124067752,1
34.10319666477719,80.41239172640401,80.44248861172836,0
39.468721394467025,80.38957336409968,80.43319659390264,0
45.74419971444988,80.36368958022601,80.42356092601874,0
40.172382735622605,80.34362682596193,80.41395524800245,0
38.194255896001415,80.3303743810425,80.4054791911844,0
37.096008710518994,80.3184906171419,80.39765121297562,0
31.64090189465513,80.29981383789543,80.38877638419069,0
30.97500872886698,80.29166568626353,80.3817492343295,0
22.576454214857932,80.28328010451754,80.37417173611952,0
21.814933377119402,80.26752263402332,80.36406719813859,0
19.886845415002867,80.24458443466104,80.35098683322677,1
20.405206953021093,80.2224029468716,80.33967901798108,1
33.68852840566542,80.20666086036738,80.33128237121969,0
32.87378590031291,80.1874774901011,80.32316537199434,0
30.802913186308018,80.16179983072784,80.31690763108158,1
37.82274422654104,80.13992228113041,80.3107568548226,0
35.2542847397431,80.11935133539666,80.30514337876343,0
27.177469353308368,80.09382548049517,80.29696532340635,0
26.97348562708558,80.07469286246412,80.28790449832901,0
39.16637572812214,80.0630733887767,80.28145319547988,0
37.57684299036685,80.04408794707953,80.27222918423936,0
32.802180006475666,80.02520122651137,80.26069162259607,0
28.841904380840873,79.99516228127321,80.24416000702033,1
30.21263669649659,79.96333275677276,80.22715093685594,1
36.5277086186539,79.93242431155666,80.2105163269195,1
37.526557370527236,79.90431761724103,80.1942036455263,1
36.80902229885866,79.88700960338905,80.1797716603507,1
41.014736413102874,79.87085444951173,80.16625433198868,1
49.304888684303684,79.86226480025543,80.1558815064388,0
50.73657626906894,79.86023789600468,80.14772378245617,0
49.147485779018915,79.8609440316958,80.13727699874781,0
55.79317684256004,79.86274399026215,80.12432768976235,1
51.050060432005324,79.85671985415502,80.108212277942,1
43.04442885484467,79.85157627858327,80.09351005956408,1
52.70763634776693,79.85011622194035,80.08071765604936,0
58.315273700867266,79.84629985798074,80.06935040975492,0
82.13131267309944,79.8462226211212,80.05952692964189,0
79.9373166410462,79.85186390099604,80.05289338612278,0
70.01511771611159,79.85240898431617,80.04582403989355,0
63.78269089943409,79.84336806737501,80.03583548549182,1
60.996227341310586,79.8447358929702,80.02542061437642,0
49.33857574125201,79.84556789597613,80.01386807972602,1
38.1775075794103,79.85483787640734,80.00261590302958,1
39.34214333756596,79.86858649898903,79.99232988059917,0
43.221090531899655,79.88011556526257,79.98121446816262,0
42.41216794044848,79.89107005534825,79.97068976178203,0
46.91975208045897,79.8974715704701,79.96042065766709,0
42.583913516180274,79.8979342070584,79.94956410360717,1
38.34314227230162,79.89022379555611,79.9393241789502,1
37.90144111872263,79.8781802147774,79.92911739489102,1
30.040970305060156,79.86829113315683,79.91963676144893,1
38.424209443943504,79.86121499263805,79.91298434117769,1
43.459530351307684,79.85721212922617,79.90562129754207,1
56.5467363722315,79.85826867817724,79.8993668004502,1
60.81873089076295,79.86426237342388,79.89427285300191,1
73.65431149609226,79.87307380222684,79.89118368378888,0
78.32185267451968,79.8815186981433,79.89220887374104,0
67.4153487286356,79.88784473049665,79.89136500381602,0
59.21599996498213,79.89347110082744,79.88990043841751,1
61.52575307729401,79.90353401082446,79.89024003621228,1
55.03017801410113,79.90721194816324,79.89047161977732,1
58.52022294761386,79.9144425044472,79.89068390275625,1
65.62405547353492,79.92478201003352,79.88986436289605,0
70.4331440947591,79.93540757063981,79.89150191281465,0
68.39985248195528,79.94428396872087,79.89420812335982,0
62.42734367903372,79.95131774839021,79.89524794868595,0
63.103659210562135,79.95949220573924,79.89647700580412,0
53.622825526944254,79.96751923858906,79.89904160684472,0
45.9934101561292,79.97772757831453,79.90053806529036,0
41.73729483392166,79.98853300162656,79.89930124003098,0
33.65286538015866,79.99838346849707,79.90135497001594,0
38.51100060445697,80.00549065130252,79.90510011109416,0
40.07827613762113,80.00963373763997,79.91140988008878,0
32.53444918245499,80.00713138484905,79.91688625168071,0
35.16110319635371,79.99710811334565,79.9201463737175,1
29.80680564682305,79.97936907210119,79.92120426573295,1
26.15641693186808,79.95879473915501,79.92092292804742,1
21.183297811815734,79.9442500661208,79.92072325045966,1
29.38699247989574,79.93592773271008,79.91936561139937,1
30.831182421146025,79.92510893291873,79.9161884509779,1
25.21552458520945,79.91599335551635,79.91249134930553,1
35.464348474546114,79.91018236776232,79.90965925375633,1
41.013143820159186,79.90394521004075,79.90875450525033,1
42.51695586922142,79.89387777591428,79.90842251174706,0
52.220159058500876,79.89020203169602,79.91024244726209,0
51.68032323038493,79.88852275197219,79.91213710628253,0
54.7207914042289,79.88499566289742,79.9119862225146,0
56.60428263926753,79.88362558688105,79.91174628119873,1
52.13319351607164,79.87782125726386,79.91070297446944,1
64.53316006982482,79.87415539138973,79.91161616963686,0
62.45958453711652,79.87024195090149,79.91155739318846,1
60.81221117118112,79.86767519205172,79.91394302952439,0
65.01126502654539,79.87366926970478,79.91894243740775,0
64.16468560350458,79.88073583449503,79.9217459858831,0
55.5884294828853,79.88271291374328,79.92118531310979,1
54.54546476680685,79.89139644307224,79.92133482082254,0
52.54288024528476,79.89952308237534,79.92174353280951,0
48.19452577246704,79.90245478029144,79.92253147975288,1
41.12074612427834,79.90411309827462,79.92492133248676,1
45.57673821016022,79.90912228754135,79.92856528008348,0
42.80117175194828,79.91369496916107,79.93065288370722,0
43.17852653112893,79.91492910909838,79.93114490034046,0
56.76268736321824,79.91884223553234,79.93340654777279,0
50.551762198308666,79.91975373418606,79.9330165341506,0
51.32490028805396,79.91530087763559,79.93065784894678,0
39.315991092194665,79.9025533086688,79.92392890885931,0
26.145379042475966,79.88590412010991,79.91374039130125,0
27.867947966458374,79.87103557896681,79.90502262058679,1
41.15157556333728,79.86506998713045,79.89934252899064,0
34.38038503039631,79.85265007242545,79.89126259427725,0
33.88847502639493,79.8408047908022,79.88499453024403,0
34.90013371992433,79.82613290103282,79.87861918815865,0
37.7716775647878,79.80860543087051,79.87247180574255,0
30.46220434221813,79.78844898216293,79.86296255049236,0
35.172948529945714,79.77713791109753,79.85432689006045,0
34.210581350823745,79.76220806534141,79.84569094760303,1
27.060665509080806,79.74745511237991,79.8369286954658,1
29.31429167429431,79.7352619782738,79.82962857562677,0
28.224752844781733,79.72099797573493,79.82222949145493,1
40.33956817488134,79.70574297558338,79.8154492696662,0
48.64113818613761,79.69365242683007,79.80876046704041,0
46.6996999468197,79.6821014812671,79.80178923232629,0
34.29592828515469,79.66469592983191,79.79543142464956,0
44.00972240239969,79.64984442358346,79.79010174964435,0
45.51462581356639,79.63548691094829,79.78600936798783,0
40.93987064461645,79.62635980506568,79.7827252020451,0
28.087193606888775,79.62084427640785,79.77856020620239,0
28.9549234378933,79.61147149338102,79.77191119149089,0
22.534788218392364,79.59805765829012,79.76419449922265,0
22.82421071548447,79.58710299540869,79.75606021927324,1
30.597685442701206,79.5783603042693,79.74994130974521,1
37.5408597988734,79.57295358420455,79.74372767473554,0
33.78655935000798,79.56157627748703,79.73552423272105,0
28.687330624490514,79.55407138558608,79.72703999436108,0
34.902179656824785,79.54722667626173,79.71713674788673,0
34.687247902927226,79.54190626176688,79.70704435152089,0
32.90893354199878,79.53356101059842,79.69635483454617,1
27.924457411647268,79.52152651959594,79.68478894871272,0
33.044363289587835,79.51300683409735,79.67630372218834,0
43.63615996527044,79.5058345583052,79.66812093643239,0
44.3513070946557,79.49786216702262,79.65980855348887,0
55.0465660793351,79.49274890025076,79.65181871560591,0
40.789676541302704,79.47935021592252,79.63770380313666,1
49.32898586649176,79.46991929387025,79.62577513339444,0
45.228324045092876,79.45928278048324,79.61663731468383,1
42.55312167744883,79.45224545921356,79.60706480850163,1
45.04928030238436,79.44530205236345,79.59687179419764,1
51.62900667624559,79.44614891977594,79.58938884728468,1
44.545123804991064,79.44375151679151,79.58004986662941,1
51.23527181926815,79.4479228831325,79.5715804575097,1
55.57365695360454,79.45090519702217,79.56482540088965,1
62.59223888836507,79.45372976766672,79.55924793816288,1
58.23583584047779,79.45844050822964,79.55136354179997,1
49.10100797015617,79.45899790591173,79.54273766305135,1
53.46603172230185,79.46048434711794,79.53521013567966,1
51.80506605195918,79.46351896607675,79.53143061448407,1
71.48786620684224,79.47320318519523,79.5312744605803,1
66.3231263986062,79.48573993802763,79.53067069233705,1
64.6238661100821,79.49422861146117,79.52796717192062,1
68.46058785777437,79.50427017816824,79.5287689787295,1
74.74450680836807,79.5210713633554,79.53191518251016,1
71.76148785236501,79.53546625033155,79.53555205532538,1
73.67504026434088,79.55687924876938,79.5370133302962,1
72.05999579397925,79.57666411136468,79.54106118507514,1
69.28744161334009,79.59613663610234,79.54423680468575,1
69.2252700736423,79.61707198573623,79.54901037665957,1
69.67970036027108,79.63819748487417,79.55316874319534,1
82.53961416177584,79.6598845607941,79.55923788029281,0
75.51085222235781,79.68270718172309,79.56473354902468,1
75.90155152707086,79.70237881528662,79.570234793391,1
68.79354191315785,79.71922836523125,79.57505577625012,1
68.18055539903962,79.73319726291552,79.57968625082225,1
68.22161802141022,79.74689792679031,79.58424434058334,1
66.0049761724896,79.76711836702242,79.58964724042693,1
61.93294301271385,79.78731502558745,79.59594138153533,1
64.30351480136427,79.80830457588716,79.60420852281267,0
69.36995731775193,79.82461381325356,79.6127822753186,0
66.63724008983499,79.84198863343279,79.62287754835775,0
72.39504078406713,79.86357107932841,79.63417254033594,0
73.47790366972708,79.88370756242193,79.6474108055348,0
57.0832132838437,79.88913657840101,79.65622569216285,1
48.49380843611771,79.89366567242524,79.66383689061368,1
51.0136115347072,79.89988039710164,79.67233497814205,1
52.004665949941796,79.90564745873512,79.68169161433474,1
54.46609335606653,79.91201191208245,79.69015089901404,0
59.60919741211191,79.9187629869866,79.69975306674745,1
55.63819989773944,79.92289311039531,79.7089015831141,1
53.41509800241981,79.92285800521371,79.71977047453991,1
53.32852788495897,79.92793690104138,79.73070557580229,1
43.298847658288835,79.92676667768055,79.73860764114113,1
54.76601632882196,79.93519754888567,79.74998992899533,1
58.1936127283925,79.9483421812343,79.76192356321566,0
55.30790899871053,79.96280707635009,79.77762708475437,1
48.52250410503946,79.97225902665272,79.79058313353993,1
60.29084463146032,79.97821512945616,79.8035143211245,1
62.22790327918722,79.98265593851684,79.81637271453398,1
65.17002090979113,79.98885350078102,79.83020285468562,0
67.75797880912617,79.99941275859622,79.84418308388587,0
65.36997655283712,80.00557270309125,79.85890101485583,0
64.90343205982828,80.01056119905107,79.87246613190224,0
63.700230276019276,80.0200153585184,79.88386975676134,0
60.68143511961397,80.02901458732764,79.89395081847805,1
58.86975013201783,80.03993729045501,79.9049336910322,1
69.78047290851825,80.05093640231591,79.91846701289641,1
55.17051606079837,80.05973497932703,79.92985115189768,1
45.50675794850367,80.06482178079142,79.94027419263331,1
53.8800843465029,80.07803792734452,79.95083547997382,1
63.874870916568184,80.09415026291228,79.96313460449377,1
65.77222209986101,80.10805306831143,79.9762353585424,0
53.285383815502044,80.11949624045812,79.98469806605709,1
60.156784164372624,80.13095438512855,79.99394313770459,0
55.31967319343607,80.13853403305237,80.00315067630399,1
56.04525112553941,80.14510592011912,80.01291775329427,1
51.6880003146131,80.1526552965061,80.02097960759649,1
59.08712591983206,80.16197310650773,80.02984890928664,1
62.59942664799999,80.17226349476101,80.03844931814389,1
64.3887399372489,80.18419565853762,80.048602124151,1
57.51706945935873,80.18834347817611,80.05556665083867,1
59.655921825471914,80.19301480977428,80.06302406607631,1
67.72530367121493,80.202404513821,80.07247641131598,1
64.4572087397645,80.21665959518864,80.08284224874431,1
59.77346620728292,80.2316849697781,80.09334590122306,1
54.34443733834325,80.24247725660685,80.1031654229588,1
68.52293173911976,80.25267982865633,80.11269159754997,1
63.19301144752368,80.26861143293675,80.12236971483739,1
66.69420783571142,80.28876924192541,80.13246005904861,1
67.06610769052322,80.30341355044683,80.14235537485114,0
72.08079253609912,80.31549322376476,80.15253644062658,0
75.48752307628534,80.33228871456393,80.1637224126366,0
76.97559805269748,80.35971086877859,80.17509938859975,0
69.59910268358499,80.37654948672285,80.18890830103332,0
60.7592796457741,80.38525164495947,80.19978506531767,0
63.15411468222635,80.39591224509499,80.21133049249161,0
59.23431009734813,80.41082012967586,80.22304867597279,0
53.29595615368137,80.42101398185663,80.23344973719632,1
54.00796918516383,80.42993862700273,80.24291957415035,1
57.167510568083124,80.43496174014308,80.25342957605011,1
55.62971855500446,80.44329461906808,80.26374129638042,1
48.51526731987776,80.45087862954023,80.27220075747586,1
50.44417031487496,80.45609199339576,80.28420653760206,1
52.300299655857394,80.46105960157375,80.29318706981957,1
46.805668769144084,80.46375291725823,80.29951019563264,1
43.06539171341146,80.47242527622276,80.30701270290787,1
32.50379846911029,80.47540376412871,80.31394949254037,1
42.31669655929461,80.47920073572372,80.32276395734442,1
59.01921997755385,80.48337564511687,80.33274794168861,1
63.10919474566183,80.49286416979353,80.34395964245613,0
59.28973387776918,80.50067949971853,80.35304313707549,0
62.89412583950815,80.50151007025305,80.36209735950132,0
63.26849900962366,80.49915812899475,80.37053816057721,0
64.44340224178477,80.49906302869668,80.38052736910464,0
59.945208803457525,80.50506443448074,80.39020500417891,0
59.88750962329314,80.50832720376266,80.39868645781468,0
51.94149382408326,80.50783912805473,80.4058097662683,0
45.34912158441886,80.50709159844249,80.4123923848425,0
52.966215498950056,80.50855398295687,80.42041245501653,0
47.99174694321095,80.51069643230527,80.42649297803442,0
53.53355351516783,80.51151094134546,80.43068556775368,0
38.834228300237186,80.5105060891149,80.43318196579725,1
26.054870457514454,80.50162017464987,80.43705611127876,0
30.59911075567706,80.49848092308096,80.44019768500053,0
29.054828600364857,80.49615330149666,80.44255790301037,1
35.2020962925309,80.4928364557828,80.44610491717336,0
35.7385849295529,80.49411097170689,80.45053176262068,0
27.839695042442827,80.48233303851052,80.45090793014555,1
38.92282740579919,80.47312129165178,80.45309106044493,1
43.64083248044574,80.46162872215707,80.4549328679039,0
42.376556399769626,80.44817805428572,80.45697696751934,0
46.19245388491028,80.4362360462253,80.45938585408173,0
39.387925085147444,80.4203307083978,80.45770863840794,0
46.93472439874865,80.41056700634556,80.45809033356741,0
45.12497076594885,80.39998900812297,80.45752661951687,1
46.900303521470086,80.38951380402875,80.45750107678346,1
48.29295636721457,80.37787539343182,80.45588799217852,1
40.71541713238855,80.37026079054722,80.45305212788668,1
48.67898757529377,80.3648669953638,80.4508515563919,1
52.83065923093067,80.3653975562185,80.45128658034307,1
50.888551871442424,80.36563636281556,80.45074282337401,1
63.74935979571762,80.37066399648424,80.44853207856536,1
57.966726796975216,80.37968417279393,80.4450454328849,1
50.18319532954668,80.37932252945593,80.44130690209376,1
62.763235069320174,80.38877849538142,80.44396864317915,1
66.52350808250985,80.4006654023278,80.44800618006647,1
72.86476065632311,80.41263930935926,80.45125943449405,1
72.36315873149947,80.43864002588157,80.45795834775551,1
79.93411767302466,80.46280068041453,80.46623588180964,1
83.35905978553645,80.48502626801228,80.47495867905158,1
88.74933758278088,80.51077482487673,80.4839690498428,1
89.93155610307296,80.54150961190388,80.49563824702719,1
82.45679844913398,80.57287324911937,80.50442114069737,1
82.3182991926545,80.60378835658824,80.51518183557319,1
83.40803460662171,80.63689217566099,80.52678232287798,1
84.76309517055611,80.67662047695002,80.53917915707434,0
84.64288958104393,80.71867494357204,80.55319646395584,1
91.20390506051774,80.76156679932421,80.56599855332688,0
88.99302313312361,80.79994487635075,80.57747924888545,0
82.86595683067632,80.83084136549014,80.58647745862172,0
80.36654253089947,80.8621461419896,80.59532948028243,0
79.98531600775244,80.8967085405047,80.60661146666602,0
61.2221448167931,80.92350087375726,80.61478253078991,0
54.81149654878844,80.94943890658217,80.62145725324794,1
50.533381058437314,80.9652287058008,80.62803435170717,1
40.024754304504604,80.97313642432422,80.63392986829108,1
50.006111349024835,80.98531832631885,80.64225111379969,1
48.33316108644823,80.99646512516804,80.65370775844575,1
51.57342358492732,81.00561226852543,80.66505919603708,1
42.60919477622517,81.01242773626907,80.6756512006371,1
48.414319358223445,81.02251644259015,80.68837125034067,0
41.90411966634397,81.02256258549768,80.70046084558028,0
49.49044359185124,81.03261653481711,80.71681968476429,0
49.038943436684626,81.03502878169081,80.72980097901714,1
49.06264595735606,81.03732087856193,80.74324935370407,1
43.2745101594296,81.03327750094456,80.75535557513905,1
46.97306695684867,81.02577444603509,80.76586185368713,1
57.49131383617106,81.02341498936961,80.78243133367052,1
62.40771548377939,81.02372636622951,80.79772127871652,1
69.72123738214893,81.02970994912877,80.8137099494104,0
61.073381048345524,81.03259618950239,80.8290967343691,1
58.10119198211204,81.03159462466864,80.84475489804336,1
57.891740964013145,81.03979100917026,80.8625666510989,0
61.43380614535664,81.05287979559822,80.87838236894902,0
52.313418975359546,81.06454951990531,80.8938585564201,0
62.68457586476221,81.08319823336095,80.91140364002396,1
55.79414013138454,81.09735731978847,80.93004388434235,0
54.44377741785898,81.10434306104425,80.94734066664456,1
47.66755219308741,81.10339334360413,80.9604697353332,1
51.68883631150817,81.10647706283702,80.97208300328452,1
63.79874363067867,81.11318604346255,80.98739112259946,0
53.799787036137616,81.12174565429821,81.00089350870589,0
51.57274144980557,81.12391434812591,81.01451175489707,0
51.17405028975036,81.1319106884479,81.03083624261393,0
50.98850017025927,81.13663324392206,81.04239125312033,1
48.436423960545156,81.14118994453145,81.0515653920205,1
43.32431935745422,81.14643318050996,81.0593794021474,1
46.18807350129658,81.1486314998664,81.06642792326444,0
54.93878380222736,81.15257411430323,81.07363065227202,0
51.84836552563347,81.15308676042123,81.08093414637398,0
48.33177499121867,81.15483878696082,81.08672231920275,0
50.15658497857787,81.15456614973314,81.08997751317507,0
55.12597553737697,81.15055609522729,81.09363978954205,0
48.75655082926188,81.14249769096244,81.0938661026987,1
36.16998107571556,81.13787561437736,81.09425193190667,1
43.561422374273356,81.13162569221743,81.09340572613092,0
45.320522771438235,81.12657106799716,81.0932023341124,0
38.635630616580464,81.12459030669756,81.0925500695939,0
45.26495450795407,81.12881147402581,81.09201637440323,0
47.65878243361608,81.13080156589471,81.09206708344635,0
45.050373304570165,81.1206328813043,81.09078581832534,0
38.71197686607103,81.11428004315509,81.08792210976603,0
22.49512003918734,81.1054828284681,81.08730453678142,0
16.883966940166616,81.0887165203928,81.08654728813818,0
23.2015089826986,81.07727344226382,81.08720914770555,0
22.66918634559464,81.06540840501577,81.08847418429714,0
27.29936382413608,81.05707039230936,81.08808022854362,0
40.3588557413661,81.04828203737006,81.08715468814525,0
35.86334380395135,81.03211408286693,81.08423137800861,0
31.512771454307355,81.01572753595099,81.08225406624675,0
20.78305187841525,80.99622077388878,81.07620405172219,1
32.96346075799164,80.98310638222897,81.0741950318676,0
28.652552982941046,80.96764343776798,81.06765055072239,1
27.594450083798037,80.95368616192505,81.06132905479238,1
38.89119303795734,80.94438534362828,81.05707771793318,0
37.290571666016724,80.93246262975896,81.05307977765669,0
35.456042789501936,80.91508029326785,81.04892467300552,0
43.40645199624982,80.90002860426196,81.04319551555083,0
44.897576112876216,80.88702419588938,81.03733550626718,0
44.82050355104217,80.87223731602015,81.0290780302029,0
41.919053237897266,80.85996003663226,81.0217313571773,0
36.30387857058907,80.84575736297371,81.01358720508806,0
38.6999730142813,80.83277720362021,81.00449901456139,0
32.677501425321125,80.8180514468314,80.99261594863144,0
37.32939878350114,80.80154102841252,80.98200575110842,0
38.65519388251286,80.79276515392445,80.97230095252253,0
40.25523341891175,80.78036092529223,80.96128167074511,1
40.01441257226249,80.76333097481407,80.95074985365319,1
28.572266251943148,80.74556208006443,80.94109887259273,1
32.93835235554303,80.72946762510522,80.93145029115402,1
43.346885802726746,80.72310704533905,80.9201724524728,1
45.548336681571314,80.71560114115827,80.91173722661162,1
38.02501436974561,80.70846163742227,80.90146946644094,1
42.45737570209589,80.70459813197353,80.89040403220264,1
50.31980726740574,80.70103861070814,80.88283986464764,1
53.84529971746382,80.69988443960933,80.87655757568784,1
56.276877792314515,80.7041464514802,80.87200998139362,1
62.7936190853096,80.70457975696448,80.86557481839007,1
64.38537122836158,80.70349221422522,80.85770274623596,1
62.73728511176354,80.70845049137817,80.85122352258568,1
68.85529774710596,80.71616724995923,80.84626274237665,0
64.97580362835907,80.72125193566903,80.84026151946242,1
69.20734296135302,80.72553075456526,80.83448887829658,1
70.78324651500131,80.73982831972927,80.83154820013817,1
68.424848057866,80.75576166233462,80.82916017029132,1
65.00556463096223,80.76632544844111,80.82618085501201,1
69.9500980137147,80.77798784699544,80.82184838234443,1
72.07378511821676,80.79537948305571,80.81906552419645,1
72.72707554565103,80.82197301195046,80.8183634877626,1
74.64646756344156,80.85069224443365,80.8194065625696,1
76.74235826485835,80.88021702806421,80.82400611117677,1
77.4753808745395,80.9047666359158,80.82793186371592,1
73.79190205822727,80.9317196380421,80.83196419027054,1
69.73078124045355,80.95655231843696,80.83753835142032,1
68.89891131282835,80.97688055239169,80.84268270869877,1
81.0831254542348,81.00021122835372,80.85047870502302,0
86.24977662708994,81.02578723769474,80.85949671954776,0
85.39854344685995,81.05464054258462,80.86811822047589,0
74.66306153607957,81.07812597651552,80.87610750369542,1
65.03935080595434,81.09212749707568,80.88178350703555,1
68.42077379331594,81.10584769650579,80.89011351142346,1
67.67072469372029,81.1264663901909,80.89760552264717,0
62.41130489742312,81.14830090113476,80.90675186364331,0
64.48691607817247,81.1724526567524,80.91905479806911,0
53.96782078050649,81.19203178981657,80.92821874876662,0
50.25677460042055,81.20729776925657,80.93611491081106,0
49.598636882243525,81.22219890959005,80.94469582887331,0
47.52924548338839,81.23097282966565,80.95144321435791,0
49.41464226247629,81.23606798861083,80.95798100485118,0
41.98803120462346,81.23569594358779,80.96479001359666,0
31.73279491525588,81.22561785632615,80.97026923905432,0
33.534522437520806,81.21959654098487,80.97746753492036,0
32.738627277229085,81.20949460741606,80.98265115178887,0
34.3038218127389,81.19643173094809,80.98889046506699,1
29.34399641717681,81.17799487829143,80.99326424865035,1
25.86260302328185,81.15557812334052,80.99560389278945,1
27.00738503989713,81.12997093170023,80.99934072211096,1
26.964077403060315,81.10881275236497,81.00631093149624,1
34.002687222386285,81.09527137009755,81.01599121970867,1
43.83597765904265,81.09188988061587,81.02675240923982,1
47.20118393450567,81.0886639879972,81.03633628848671,0
46.26056113078383,81.07940892823999,81.04312863747985,1
44.65710866124824,81.07082790755712,81.05169837169723,1
48.4736141351212,81.05794050507487,81.06039174730965,0
57.248346254024426,81.05085907666401,81.06814693514897,0
51.93587592843684,81.04617207413102,81.07462996461973,0
62.37991418815189,81.04522925679757,81.08112895100025,0
63.160218776579356,81.04353839391943,81.0870266691399,0
66.6918635271812,81.03675610258264,81.09128656019416,0
59.4380340186358,81.02772774178689,81.09250091376013,0
58.84667288953613,81.02379983519657,81.09332227314925,0
44.4883719274609,81.01316802593905,81.09423397102837,0
37.401390241970184,81.00686744210356,81.0951858268042,0
33.75023928153982,81.00695693399307,81.0957419107725,0
28.375876261152072,81.00896551518464,81.09454578979036,1
29.788029543025885,81.0086738872722,81.09254326832188,1
29.367946337436365,81.00801229788412,81.09135050246643,1
26.687822444562144,81.00194741379275,81.08893810379107,1
19.4122652122676,80.991307914723,81.08372518081767,1
27.252096411829214,80.97853779547056,81.07789062965459,1
28.029819186473404,80.96674132637234,81.07094600780997,1
39.35849593821244,80.96180412555053,81.06594363333376,0
43.77144262712425,80.95618719888547,81.06148539603458,0
47.079657256514515,80.94698807853034,81.056566051347,0
43.21297967963486,80.93329547401888,81.05071290379985,0
51.999650143693714,80.92212974789818,81.04339737243751,0
52.31894536662952,80.90815709152704,81.03407689253316,0
42.47596903349275,80.89537134810345,81.02331899134744,0
46.09668215679831,80.88451922642065,81.0138438601562,0
44.9178017467053,80.87507260411277,81.00567895657497,0
45.90124508116439,80.866189301258,80.99745891505015,1
36.48035908353116,80.8565565836065,80.98627004839463,1
41.103726486788624,80.84927607263737,80.97557589540524,1
40.28406398640537,80.84125899727553,80.96326444698175,0
32.928623810408496,80.83469557406947,80.95161130349152,1
38.90183243716551,80.83597345270115,80.94401354169972,0
39.39168820017791,80.83707674229794,80.93730163554959,0
35.15547956311974,80.83233583355685,80.92948330534755,0
36.67096904688783,80.82830084496626,80.92061832335985,0
34.96607232591279,80.82192402550993,80.91238186242343,0
39.59078294499986,80.81508711806094,80.90673371250388,0
40.98780481329046,80.80372861356162,80.89959646236446,0
38.54090811648032,80.78936863259477,80.89343500610607,0
36.93540821558939,80.77313705485344,80.88724818090914,0
33.37123254637247,80.75700789834971,80.88231811182317,0
36.40183849639791,80.73808815459208,80.87640138493813,1
30.50759042704277,80.71673454656128,80.86878233847759,1
23.787187051835375,80.6948642918173,80.85773960712837,1
29.938391222199797,80.67656506952508,80.84636133992721,1
28.001089067535958,80.66578355063787,80.83523642458377,1
32.89071761310528,80.65679401044396,80.82471092402885,1
46.01614114329257,80.65657915124424,80.81713813759633,1
51.825796759533205,80.65853139890596,80.81065729194478,0
54.90825825361916,80.66099078630414,80.80448455947347,0
51.657293972909144,80.66423445284485,80.79696145396385,1
53.35910120745042,80.66172282727086,80.79023384295566,1
56.164181593066026,80.65779510383747,80.78232797436556,1
60.90702996088496,80.65820552754033,80.7753501587959,1
65.24600445722714,80.65974439593533,80.76981364070092,1
71.40145965361694,80.66338662086325,80.76664541405398,1
81.47697623117807,80.66694723993815,80.76399267440051,0
86.8253609415655,80.67081617452301,80.76265572179804,0
85.84144787289782,80.67813041933775,80.76194019699975,0
83.33841881219558,80.69037833956216,80.76061674313678,0
83.12762854752114,80.70689207137325,80.76148873429861,0
61.84032661954346,80.72029070333446,80.76104811136304,0
47.172291188947014,80.73386311843092,80.75912266669631,1
49.14191650404405,80.75337038774812,80.75830879671052,0
51.06698051856279,80.77055933074254,80.75806190633503,0
47.18425683519154,80.78106982347222,80.75624923578444,0
48.21488319504875,80.78829407024779,80.75333202157903,0
47.91839230912389,80.79045403346714,80.74859810076296,1
51.216783061285746,80.791270871085,80.74469076082458,0
39.95127957832531,80.78581753630444,80.74001634258309,1
36.85185972301969,80.78153588521239,80.73625761844127,1
39.604197308559925,80.77759340911527,80.7324193074425,0
42.12703034145451,80.77628964484653,80.72958099569335,1
40.588947564852774,80.77641351655629,80.72776702617702,1
39.426860856513485,80.77798402455717,80.72719955995552,1
44.88963449734079,80.77539858188952,80.72677580516468,1
45.800601169945274,80.76840373342797,80.72487844726851,1
54.88423666520057,80.7698701842812,80.72798116206792,1
53.291960183290264,80.77018291806571,80.7303029351711,1
54.87688725081529,80.76849770708324,80.73151222705987,0
60.19819528065934,80.76684538222027,80.73434865755893,1
68.30708877186419,80.77527105095639,80.73676715066513,0
62.69543473017299,80.78541407048762,80.73845759797219,0
63.38881504599876,80.78874783073755,80.7408735955828,0
56.07983592551005,80.78826242134588,80.74204653688687,0
60.91353734377942,80.7942985551451,80.7451990476385,0
54.80447310231419,80.79782846053767,80.74642855856972,0
53.892640320453374,80.80212096487688,80.74795504128907,0
48.08300764889603,80.801453202192,80.74952458866348,0
45.087167627709746,80.79968777655574,80.75063663126403,1
47.273855682150106,80.79689913132327,80.75221411163069,1
32.6279078171023,80.79029202040543,80.75330085376783,1
31.59403855946485,80.78017658510743,80.75495781111181,1
41.740162966963865,80.77580925733517,80.76014501238417,1
40.66926658591192,80.77114635227404,80.76503207305511,1
37.65552339151224,80.77134144648282,80.76899896350267,1
43.01474764875737,80.77724218820677,80.77305771837364,0
46.102702703586715,80.77487882265159,80.77530103063086,0
49.260408921253216,80.77206866440854,80.77571784137213,0
42.68428652203092,80.77065921708883,80.77537959937375,0
48.363857437478906,80.76760230666987,80.77569579908894,0
45.759301825172,80.7575416028321,80.77509466088962,0
51.3842442380306,80.7496635330783,80.77520496966852,0
55.88403258895547,80.74273610254457,80.7746858255845,0
56.69189224611533,80.73927095193719,80.77385715928762,0
61.09279515984402,80.72957219125757,80.77167327579623,0
56.85378358698054,80.71913731197552,80.76730458738466,0
31.491549293065646,80.70121735629276,80.76011551399696,0
25.110469929461672,80.68343432468595,80.75164615080276,0
31.572827548604167,80.67613333351709,80.744938628846,0
24.622110023063613,80.66877832518324,80.73696861315469,0
30.585681417888765,80.66694652712405,80.73196318328365,0
26.26516079201845,80.6605046046432,80.72561440559672,1
22.723855500675498,80.64435300896557,80.71653806087116,1
19.563748356971686,80.62247946626562,80.70580012726434,1
20.099422352186693,80.59694879899119,80.69535055371026,1
31.68529846102149,80.57653493844388,80.68835406565208,1
35.155801223862156,80.55792749304962,80.68229041446385,1
41.96096777954731,80.54619984157551,80.67768942956833,1
42.16285493988179,80.5328482109817,80.67419186924465,1
49.93802199601626,80.52335070932408,80.67242172873361,0
63.1368040309629,80.522381815682,80.67301002351631,0
66.4161198336401,80.52064019532831,80.67294518986122,0
59.848884091868655,80.51943882728794,80.67189594987717,0
55.99608650668484,80.5145392718861,80.66847925821918,1
52.616495169446836,80.50972557098711,80.66540407143526,0
61.38212749870444,80.50926945005975,80.66365087403737,0
71.25468214618549,80.52294085812244,80.66134378353345,0
71.52164215799306,80.53545365959937,80.65775444741622,0
72.6714413738696,80.5423527230443,80.65448063523041,0
57.919555869346226,80.54440000812767,80.64799046351766,1
54.62874774069706,80.54257342748099,80.63888413389351,1
49.40036735273778,80.54858863997472,80.63088423339155,1
52.540972956809654,80.55949705656573,80.62483775120243,1
49.33432127766548,80.57665475496862,80.62115706071344,0
40.65892266814291,80.5957432980486,80.61592845087166,0
44.448402704018555,80.60892265766464,80.61279174450286,0
47.164209732156806,80.6207691898519,80.60974970445385,0
48.50644252225821,80.62377717328216,80.6066190180044,0
41.73868775868437,80.62163947718093,80.60297254949472,1
39.34506099633122,80.61334373448713,80.59899956999915,1
25.96770026217193,80.59792422141544,80.59606290392031,1
39.17486978359926,80.5868944211389,80.59563232427381,1
38.38717555781761,80.57728181039101,80.5924849710995,1
46.16003323680951,80.57128801377455,80.58853592281939,1
51.244350975136854,80.56753228001432,80.58388040484786,1
47.57832029506332,80.56264291979457,80.57781116667248,1
49.47972469920096,80.5538111541822,80.5729167161457,1
56.802738649002485,80.55554223218532,80.57114387452692,1
63.61790881017283,80.56415759379215,80.57187998591175,1
62.005812871873,80.57893574064718,80.57252383710858,1
62.996631361950634,80.59617789633198,80.57433865129346,1
73.61810963720528,80.61752666031147,80.57802948428481,1
86.08180302574885,80.63673836257435,80.58243865521436,0
91.63186845223017,80.6562512256501,80.58794917019861,0
83.3893909319943,80.67080678469955,80.59242228824846,0
78.81818100946036,80.68248403876635,80.59813043521918,1
81.69476915191044,80.69775651835845,80.60836536928014,1
78.06852294678421,80.71408321679175,80.61887857484672,1
76.47113559930904,80.73596071202633,80.62690350089842,1
68.69528313365458,80.75450567333749,80.63329050926085,1
71.3691763697584,80.77997289693269,80.64127345184379,1
69.84736781353257,80.80549516248655,80.65362854741116,1
64.52608041316053,80.83195111606543,80.66752421393943,1
65.77004148558876,80.86068553602065,80.68381835072141,1
65.94457866088217,80.88946246225765,80.70088587015444,1
65.3855707460697,80.9236020767442,80.71663802199261,1
63.36282486970684,80.9534462605421,80.7311242231427,1
63.530351007450214,80.97928514853814,80.74437799731199,0
72.85019948338301,81.0015483205648,80.759360029745,0
77.18079994378911,81.02745054168025,80.77416377005105,0
62.782538504620035,81.0449178866975,80.78335307969967,0
63.31275046449461,81.05532960488088,80.79190524810583,0
59.48246646016084,81.06291941276012,80.79983088940322,0
66.94659839895192,81.0687947606398,80.80965136570009,0
51.87453467884843,81.07181052316383,80.81725626911913,1
40.07365693229284,81.06921165139643,80.82210731575385,1
47.436741125195915,81.06989377724435,80.82714653692891,1
47.79275560635858,81.0749028644257,80.83465825677725,1
46.89158366956486,81.08071865271164,80.84224987276535,1
43.25150460489229,81.09280545650384,80.85265268861131,1
45.368119028960955,81.09887764950848,80.86379514065476,0
46.344215899709496,81.1040936940785,80.87583056905268,1
40.26606890846913,81.10664810940933,80.88638463507687,1
35.63788329157862,81.10816239845828,80.89642140811726,1
44.088598292799794,81.10913047275633,80.90624074003753,1
42.409161446468865,81.10221012588136,80.9139530092793,1
52.15226941824622,81.1011163250603,80.92326307722605,1
49.67649962979211,81.09619865959753,80.93334659183813,1
63.08427162073748,81.09108195851364,80.94713702227807,0
77.29469275935047,81.08238557133171,80.96178050478888,0
75.93451461864541,81.0863424892989,80.97872038685306,0
65.77159552886164,81.08886102502127,80.99269188965879,1
58.37952305862178,81.09116461602767,81.0053840116579,1
52.06095097059941,81.09004427159181,81.017153868827,1
52.003013907922345,81.09589172719966,81.02860004799328,0
54.31873972953515,81.11336308946885,81.04239538362357,0
63.06859755161075,81.12898799950008,81.05721727505605,0
52.447074979043954,81.13510648833406,81.06648395923673,0
52.52110771570781,81.1416433773888,81.07324418620401,0
45.66090101878616,81.13658355182802,81.07571181308366,1
44.02983751832101,81.13362455206119,81.07877380294646,1
48.93198577145242,81.13105501282271,81.08124191005717,0
45.513990813734516,81.13040688889046,81.08385204560331,0
45.406577723917394,81.1294257810805,81.08569123028943,1
39.39501949657696,81.12794566777043,81.0890962932659,1
40.128041941723474,81.12731732208945,81.09188632260856,1
45.35548296876146,81.12394650654929,81.09373907250239,0
47.783311288188735,81.1212714934599,81.09622190250539,0
50.888422034162495,81.11831160624737,81.10007737996649,0
44.07752871113905,81.11460996813994,81.10582222270986,0
32.75668100435274,81.1028081692256,81.10785449577021,0
35.199012606709616,81.0894147821293,81.1062597375159,1
28.432767743141653,81.07351266516895,81.1020086312993,1
46.63487921499452,81.06479487778594,81.09879760553311,1
40.15541403706828,81.05416337397854,81.09448041268163,1
34.99694212183091,81.03962410507319,81.08880419495516,1
45.85675350717058,81.02568243971876,81.08611174672671,1
43.16459582379381,81.01742220853234,81.08173878323441,1
40.52216494298615,81.0063192628162,81.07515256310457,1
42.88938553342679,81.00520618752645,81.06681407142214,1
40.75570761269048,81.0016130624693,81.06145187325518,1
50.51025523868333,81.00051054746432,81.05931428709056,1
52.92157720645105,81.00461864577015,81.06053173880733,1
55.522863687937225,81.0104704827281,81.06236151912474,0
63.46401695186431,81.02079391973066,81.06868965189263,0
70.18600010180768,81.03308142446721,81.07743423183685,1
82.594732299685,81.0449421142544,81.08375840730642,1
77.92775319931349,81.05657266697328,81.08888982352441,1
72.04069108696442,81.06099286407198,81.09218706451063,1
74.07476699756297,81.0696937123845,81.09657752506212,0
71.04909810910611,81.08291582991122,81.1014697679313,0
75.0384346089936,81.10117277817125,81.105091371153,0
79.95709244199703,81.1254528744714,81.10953053732413,0
69.84990677619909,81.14059126248233,81.11176915114272,0
64.0052013079337,81.15403682876844,81.11244295508646,0
58.591054421841456,81.16747817652649,81.11491141521323,0
48.23803157422435,81.17342694113086,81.11503599315495,0
43.419358910323545,81.18049268979509,81.11545639531344,0
31.872714582291238,81.18925094391169,81.1144201572638,0
29.86872544088304,81.19622326473187,81.1123491487822,0
24.11757697497599,81.19996261076726,81.10689992184251,0
20.960670706425688,81.19236513439432,81.10071593083977,0
23.678738509413634,81.17921342060916,81.09575126063991,0
18.234022935513494,81.16604783379668,81.09276294400668,0
10.383512126505806,81.14285407140719,81.08747458957563,1
10.183521249702949,81.12016204534477,81.08015381418723,1
12.796527152282223,81.09740630835427,81.0711257308481,0
13.530655244840602,81.07243207665181,81.06382005885152,0
27.7388446970336,81.05624909241158,81.05802935051973,0
24.0976667197299,81.03490649350834,81.05590670173426,0
25.22287680292976,81.01150746766658,81.05262293417346,0
25.3806457938621,80.9875281866218,81.04768064067264,0
21.474445935510502,80.95783548516452,81.04050197583376,1
29.899183938694136,80.93629713707534,81.03451769354066,0
29.941787903131967,80.91484651971494,81.02720329586427,1
34.178442833974415,80.89154095794773,81.02060086955653,1
38.52410513167955,80.87188290088076,81.01421055088753,1
43.20898913618517,80.85765260159384,81.01000883856702,1
45.54121713225294,80.84027133265722,81.00320404782774,1
43.77667356224596,80.82366162978373,80.99596981343971,1
48.935984945322005,80.81465682190355,80.9916393829137,0
55.22367799495046,80.81237295434666,80.98989919972672,0
52.08779674423305,80.8127346686535,80.99144006203375,0
49.04102585573282,80.80769393948931,80.98992256868803,0
47.87221688526841,80.8067449760819,80.98850723041699,0
47.845546997404334,80.80533127817169,80.98643668342663,0
51.90433137174388,80.80023670498419,80.98094743695425,1
40.06036478598518,80.79293613216012,80.97402562830263,1
41.68658076115336,80.77939126264343,80.96725815045063,1
49.01961751795801,80.771462818581,80.96240935415607,1
46.64575437564777,80.76405283297328,80.95759884237505,1
46.238601291648884,80.76160272274558,80.95211751078513,1
51.87571526326681,80.76545258412102,80.9448355511741,1
50.359129394181934,80.7635734655795,80.93575888668123,1
49.87671070714292,80.76890943039436,80.92644950012975,1
48.67903655433143,80.77569556492698,80.91764652574044,1
50.05881791402065,80.78366332515361,80.90969903524723,1
49.979289413561816,80.78345401933451,80.90076137951151,1
56.151983785546484,80.79009542262106,80.89484507124736,1
60.69859958369,80.80163960759064,80.88874817152218,1
66.06290509218454,80.80965521977329,80.88233513885852,1
71.26542908875639,80.81355796560042,80.87485327469838,1
74.40835520692605,80.81514031924635,80.86731503994372,1
72.47100955383227,80.82210237745186,80.86252701467585,1
72.95838525446096,80.83105025044532,80.85931259908773,0
70.68610200854299,80.84248835921379,80.85644075650154,0
73.13648577653052,80.85998046096346,80.85556884488729,0
73.97763535508388,80.88077459894707,80.85413839196343,0
61.811194405029696,80.89947183868314,80.8513465083592,1
60.72390951076818,80.91367866178038,80.84939151297547,1
54.269779807670794,80.92662657985272,80.84826443000924,1
65.09749147462603,80.9376816053331,80.85024409916065,1
52.90164659599551,80.9446779960825,80.85102138136344,1
52.639964183375994,80.95744980448337,80.85231967495591,1
57.82869558430635,80.97048115618635,80.85750033404142,0
63.064148668700696,80.98282695425422,80.86271248930422,0
63.640546783178735,80.99225825536561,80.86763981405176,0
55.81297894519259,81.00265644188326,80.87285112560409,0
51.48371545005673,81.00793569146076,80.87551971086704,0
46.02801386673957,81.00843146912177,80.87815816176754,1
48.44051398342106,81.01266541037316,80.88279831594116,0
51.52866973572312,81.01927957421196,80.88755382973443,1
50.59344854664237,81.0217573593961,80.89288378963636,1
52.13133427277549,81.0230829300699,80.89724133187367,1
57.84373255805806,81.02632678140287,80.9039047037629,1
54.07330720297084,81.02754049435364,80.91084057106391,1
67.20024928200334,81.03023822035934,80.91891097267873,0
66.35373018500667,81.03756338839408,80.92610270668352,0
53.57857766985969,81.04522560133067,80.93332821582858,0
50.48849919249736,81.05122025714886,80.94041496392151,0
51.330424248979185,81.05901672696692,80.94600839203459,0
46.9943305588954,81.05886547535097,80.94884110756237,1
51.14678587537765,81.06328430820123,80.95124123718253,0
45.279320830510095,81.05869316780392,80.95271936628176,1
43.25432330664151,81.05302744557244,80.95601332183763,1
47.72786109385454,81.05030050852413,80.96070018144519,0
55.590020827695774,81.04901309500367,80.96715037005954,0
51.44608400777819,81.04802355374638,80.97488609423858,0
48.58857960250493,81.04934446153926,80.98350099042537,0
46.55126405024501,81.05032458386735,80.98970286788207,1
35.24770453154669,81.04328937110714,80.99449293119471,1
29.44933218753596,81.03539073237755,80.99706903358724,1
37.155503440636664,81.03403800969998,81.00031795986793,1
39.5067627601762,81.03199989143066,81.00461190221412,1
46.1666289563884,81.03198441760665,81.00913469864781,0
57.735996473918696,81.03453491121611,81.01437630957956,0
59.031978026091835,81.03445667339108,81.0192283119737,0
59.8841975588957,81.02663482413129,81.02337502860225,0
53.86611182935757,81.021294799029,81.02580796639175,0
43.75844510818418,81.01429577199782,81.02547742968439,1
39.92198671297637,81.00597027717711,81.02453441499611,1
39.85336283834072,81.00080295598136,81.02373910371473,1
37.252063388170974,80.99332393038772,81.02251468163908,1
45.59873257342572,80.99498441424758,81.02187218100005,1
53.1028097166051,80.9948703232903,81.02154135097562,1
59.388519103033374,80.99507977757537,81.02173674878982,0
48.44688163126479,80.98846729118128,81.01854510214667,1
48.51143417353864,80.98423358571925,81.01626968894747,1
46.20289168925515,80.98257921167105,81.01674393962054,1
49.65387787318285,80.98747201872193,81.0192202106587,0
40.79821772248389,80.99068449600156,81.02011609765424,0
45.395362026981985,80.99385483498064,81.01953832544625,0
51.21728045144776,80.99811589805608,81.02169312065736,0
55.257050117694746,81.00161180521002,81.02227670250478,0
51.84473058722136,80.99745713012035,81.01992508822141,0
48.33339530120721,80.98580172215325,81.01556621673919,0
46.24826261495024,80.96894107031623,81.00990143795397,0
36.498492825098225,80.95184393461203,81.00305002569375,1
34.5255833487346,80.93585981749372,80.99697761680494,1
33.965220573981895,80.92621835776865,80.99259218514312,0
34.86644223123966,80.91309791410005,80.98470741648686,0
35.8507839225698,80.90305335332295,80.97724861535913,0
35.2406244470676,80.8969599168376,80.97259570461569,0
26.764517613848298,80.88742343108787,80.96760838140723,0
26.635795060431974,80.87114856621956,80.9594700649023,0
29.870726089536504,80.85285647027975,80.95186313916025,0
22.897666641172904,80.83957344534078,80.94227919213925,1
22.976538331246275,80.82559775013901,80.93148343364544,1
23.798337604584347,80.80672713880823,80.92134455461157,1
28.75031804407577,80.78325296547322,80.91203329398846,1
36.3581280323959,80.76644226384818,80.90308631240674,1
59.92970477235247,80.75849105886968,80.89938855885373,1
60.16716288898689,80.7475516976608,80.89540007644119,1
62.69426277774671,80.74212406259525,80.89564906042133,0
73.16106186116016,80.74080442064451,80.89503587825024,0
71.52208728299715,80.74417968986451,80.89311788927533,0
69.03621159617555,80.7511036811182,80.89073767239978,0
59.86661840310612,80.75952922304951,80.887652293415,0
73.63422885040364,80.7687555622385,80.88474205708464,0
57.11006195142293,80.76864703747123,80.8799211665847,1
52.6343440240392,80.76982423692907,80.87532136281563,1
53.942941571424704,80.77052420108426,80.87130200284182,1
61.68359447444407,80.77235136639617,80.86792104729415,1
65.89021416922868,80.77881308956259,80.86633366066002,0
63.13823323117824,80.78970894823911,80.86255987715528,0
54.689587422435544,80.79986244212479,80.85799415152373,0
58.41699955331564,80.81337800190269,80.85384772354391,0
44.93756009988408,80.82309644526319,80.85006808209819,0
45.1830797775669,80.83588804860054,80.84718185444018,0
42.245860956247725,80.84572222891964,80.84460387675718,1
40.83439017578516,80.85335632096827,80.84204072992321,1
43.81582777392274,80.85178597331063,80.83978176578543,1
44.50074968889737,80.85125955340078,80.83857432564642,1
57.52293311244073,80.84762396169923,80.83670487940198,1
67.0450684396506,80.84571295520445,80.83537293101591,1
67.8807253652956,80.84525122346254,80.8331864676302,1
63.97716250682521,80.84486424594363,80.83329645430472,1
65.72054199233466,80.85443838465844,80.83573421299067,1
57.334879139079305,80.85808336318627,80.83494371769072,1
62.98237399169032,80.87366365394111,80.83439782067235,0
57.98774462652859,80.89109001362104,80.83548356986344,1
67.90117468752669,80.91001309658313,80.83776530748281,1
64.42896722992701,80.92402340453272,80.8382840498848,1
65.22538921291554,80.9311303560949,80.83814108101396,1
67.94783426214066,80.94057332545789,80.8398063552903,1
73.8778737716685,80.9528927818503,80.84483057540255,1
73.97239399423214,80.96356167290128,80.85169596457791,1
68.98455403137227,80.97677325254928,80.86003980927309,1
75.19193554629805,81.0004104257495,80.87300209774249,1
76.65659426979346,81.03062730410957,80.88636745529355,1
77.82896584349189,81.06444092937186,80.90257793603195,0
72.83906105301935,81.09858774615614,80.91799552291873,0
77.90591681430686,81.12929072719457,80.93150664978921,0
72.7263262075829,81.1573030520006,80.94465672776708,0
76.86497686011137,81.18595562603468,80.96129575494196,0
69.78826204077761,81.21025384949972,80.9761454193182,0
65.90649861189783,81.23051908998346,80.9896747121618,1
70.78891457451203,81.24653319649103,81.00410839153147,1
70.42331653126517,81.26852614867715,81.0196633216383,0
63.775549699720166,81.28251670609262,81.03410331692012,0
57.310674636152825,81.29389769491306,81.04646574228939,0
63.76871458768945,81.30810499748637,81.05761088292948,0
53.116743957224095,81.32453069129566,81.06907564733876,0
41.6461825342813,81.33879679011304,81.07681017202107,1
32.28356087559507,81.3472869194344,81.08239935480626,1
32.26300361563051,81.35122245358171,81.08764768088945,1
38.23207311005112,81.35600384180425,81.09365602885235,1
42.183701560810455,81.36447885637396,81.10201966260288,1
42.41715307532661,81.36490038285918,81.11146002599075,1
40.734087361440835,81.35657233179825,81.12153757302436,1
45.58624373504673,81.3459307165417,81.133020527877,1
49.41531714671395,81.34107800728805,81.14621704540023,1
53.187941310701866,81.34260247439661,81.15960709298939,1
57.57030819203707,81.34620793424105,81.17161466563846,1
68.82423739733153,81.35395043222107,81.18699234853474,1
66.9349647191097,81.36691030175663,81.20296456317094,0
68.52868845171807,81.38675551943399,81.21902571917431,0
75.82469838233935,81.4049900834118,81.23686584679093,0
78.90666318159526,81.41963257344617,81.25316113157655,0
75.76679268688382,81.43392348963678,81.26938382120697,0
74.69825779704011,81.45235683827983,81.28606594921402,0
72.14042360648976,81.46542183291716,81.3030652267721,0
59.604982492107055,81.47155348729146,81.31719322089502,0
61.85205687840795,81.4787787228822,81.32927207649426,0
59.56553226639724,81.48917185569742,81.33978291500344,0
57.14693382857805,81.50310904356719,81.3507908089313,1
51.529276497391855,81.51461282738254,81.36155546142788,1
49.42598308934628,81.5239475269112,81.36982331950398,0
30.09664263334264,81.52638582279837,81.37878100983559,0
25.017116013320177,81.53374695546918,81.38557089363559,0
27.466610805624,81.54467827560994,81.39445583267255,0
28.41757383082596,81.55147827065161,81.40280311502762,0
26.180408958845433,81.54902648561946,81.40960832542409,0
25.160512564221875,81.54133167298659,81.41569519239513,1
28.2068667081964,81.52789266254376,81.4219200833691,0
28.17279495041697,81.51173359329037,81.42650088774695,0
33.939959010180985,81.49192376051542,81.43037055421998,0
35.72620343851858,81.46997531463492,81.43414667162517,1
41.14619334107499,81.45221731447616,81.43388388706721,0
33.91766668268147,81.43633937952292,81.43166865137232,1
33.17770394122678,81.41926136017847,81.42799412153666,0
30.17168912908275,81.40010652855946,81.42367273973343,1
41.2140904054625,81.38971953521462,81.42136474410304,1
40.013365174846776,81.38195692832754,81.41913362702503,1
34.67119999263227,81.37720886643355,81.41628421116299,0
28.97298923571745,81.3662096119872,81.41317311392629,1
46.97230775345943,81.36090249737157,81.41370882438314,0
60.590991675461666,81.35999013103628,81.41520609332208,0
47.500995262490434,81.35607497144811,81.41380053894397,0
45.05197750609753,81.34947628130365,81.41235472371999,0
47.60320297869069,81.34013288506317,81.41294990873259,0
44.87219362212558,81.32599222630357,81.40995800655452,0
42.052842024552895,81.31633539981235,81.40633020883075,0
45.149696814048085,81.31213819818484,81.40503175562384,0
45.1574094100643,81.30542486578075,81.40517526190763,0
50.94182962431212,81.30119276085603,81.40648901065668,1
43.95417351034638,81.2949501608563,81.40594908184079,1
37.40018538686777,81.28341627953566,81.40172164088986,1
39.07318336825954,81.27343113926935,81.39729618963129,1
46.814667445657285,81.26759329925574,81.39607703835532,1
49.642698789720164,81.27050276088816,81.39782293927524,0
38.33713078835393,81.26900243992512,81.39484251278826,1
46.74143806654071,81.26694553346289,81.39110196772955,1
43.20521547631973,81.25921291016658,81.38433561739525,1
47.55551789537033,81.2552081673822,81.37678730522744,1
53.131962386111816,81.25667097801622,81.36907738443011,0
50.516393360943844,81.24939993636396,81.35876659115513,1
51.544752530461615,81.24050483007258,81.34941199198639,1
50.45269877360785,81.23602995283599,81.3403594906999,1
49.76394364098863,81.23513954707525,81.33284114669539,1
52.45542814654716,81.23336548898227,81.32535336901356,1
64.86156836067758,81.24155578077698,81.32041158569844,1
66.59492603259909,81.25608648730166,81.32014340883484,0
62.238217602906005,81.26728418230923,81.32043393939465,1
58.649666863294115,81.28253169090965,81.32251919599253,1
69.46649582624006,81.2971854496825,81.32411957310282,1
60.797898576543915,81.3094862328539,81.32389844402934,1
66.86109469888382,81.32680338568377,81.32286398439888,1
68.3236555904746,81.3485499726286,81.32616184956339,1
68.01468077754767,81.36829605672827,81.32989667885894,1
75.32975515654482,81.38316634189657,81.3332181657899,0
72.5449597533088,81.40452133204079,81.33605973734393,0
72.60586253268548,81.42167312814558,81.34016062474001,0
72.00233222657529,81.44530882353999,81.34592647761662,0
69.99402386692351,81.46237072045581,81.35057852839225,0
57.10873616428319,81.47297556782459,81.3535741742438,0
45.217530307499224,81.4834049166669,81.35535905361571,1
50.951363518308106,81.49360499940379,81.35886386589395,1
44.34537909812054,81.50436211484529,81.36121741084757,1
42.59334152209807,81.51422660559464,81.36399603712407,1
50.52742471862162,81.52418710860081,81.36732366838251,1
56.216320618660816,81.5294936851464,81.37216644833322,1
49.465843995624574,81.53262671073949,81.37730627904477,0
40.89244381624919,81.53412328478973,81.38130048197952,1
37.71673770531639,81.53402972480698,81.3852475393419,1
44.14644224748234,81.53524189588987,81.39173248666388,1
52.914585291006716,81.54427870406955,81.39724892670853,1
45.59255022825297,81.55097177542399,81.39925664215397,1
48.09774198573746,81.55088047348512,81.40408405037817,1
63.27575087271483,81.55522461382387,81.41219601186704,1
69.16480986660491,81.55598036937076,81.41955715951293,1
68.44030956606694,81.55900868054991,81.42926631904247,1
73.57228086333501,81.56635152157624,81.44016707344556,1
66.56299937978541,81.57025296640425,81.4491723849044,1
70.85712905562588,81.58101999750909,81.46081658108358,1
71.2903124691884,81.59829302985051,81.4724142818416,1
69.80180354347588,81.62053680884115,81.48559371280965,1
66.65374130802029,81.63503409646711,81.49951099266653,1
67.24278517552689,81.65337168087015,81.51319362748788,1
66.60092388949042,81.67328331530027,81.52627204354188,0
68.22662428643207,81.6977509623958,81.53822294898555,0
74.41218177637082,81.72017788097966,81.55263662475504,0
68.17525812820622,81.735629450216,81.56477984574603,1
59.62116584742366,81.75243043373726,81.5785874914078,1
57.63951122991493,81.76571936448683,81.58945201818375,1
51.03323865437613,81.77288581243954,81.59821842043321,1
52.90158905608087,81.78105364062463,81.6099104084128,0
61.4454555654676,81.79818058774131,81.62232694522146,0
54.57099623271467,81.81383480273992,81.63520599033976,0
50.868285622438975,81.82259945895882,81.64717997662046,0
41.950345799030124,81.82574761609756,81.65651001035906,1
50.93807583253532,81.82959201625371,81.66448081323317,1
54.154825767444095,81.83629776369044,81.67225158400107,1
49.79310597312806,81.84426908961477,81.6799663478266,1
42.33863206589017,81.84586112317547,81.6861483539899,1
45.565653457499586,81.84724022743404,81.69243619294221,1
56.607938754418555,81.85256953707272,81.70282703449718,0
60.515815423260506,81.86399400456955,81.71438724022084,0
63.76066677510269,81.87345983884889,81.72315757397598,0
70.9232336167029,81.88185617332081,81.7316960901789,0
58.31036049720444,81.88025805923937,81.73705963592266,0
45.73876362014006,81.8749415217081,81.74080470062195,0
43.35317105685031,81.8702168867461,81.74419734918624,0
49.377371471991566,81.87104096961471,81.74888034983768,1
56.09687858889701,81.87241987740065,81.7534716809617,1
50.47058581583805,81.87572495891871,81.75931817687086,1
39.06247360746353,81.87302034261295,81.76575657879123,1
41.209128794328464,81.86551837478922,81.77109229537564,1
51.023469553373616,81.86422739982297,81.77915210433082,1
48.235561023926785,81.86372763717421,81.78698038925229,0
34.77897237984004,81.86659467668072,81.79347303759101,0
33.550132913139294,81.86726811704348,81.799590585992,0
43.10773127263591,81.86827548392299,81.80651109327448,0
40.249714773684815,81.86972241818043,81.8142060011829,1
41.15779320456365,81.86768536613637,81.81961061052166,1
45.06527589676055,81.86258723277516,81.82337432769631,0
49.741878353510664,81.85225894298998,81.82601913006535,0
47.92275425827638,81.84352746043113,81.8314095142237,0
55.02922683221867,81.83745182019976,81.83778611266185,0
52.23111665114858,81.82736386196731,81.84055178943626,0
50.23547615629182,81.81883791446342,81.84220265395973,0
49.368876265372904,81.81399368519403,81.8427987024796,0
44.07390056707964,81.81403220836356,81.84326962390115,0
39.570539971687666,81.80663592143591,81.84343353185034,1
40.238866190486576,81.79835312609222,81.84040493239495,1
37.98440937396658,81.78986768462173,81.83594803877935,1
33.122833412198574,81.78624802175355,81.83204106395618,1
38.101664468947604,81.78480494038138,81.83100063294134,0
48.03728521953498,81.78074738185231,81.83010238472369,0
56.55331358237974,81.78156628139533,81.8302935756903,0
54.504658483269864,81.78395794759734,81.82795583167163,0
46.2769548597586,81.78238142434701,81.82447200333894,0
37.09692854380436,81.77119732326717,81.82073824249494,0
34.783291666738236,81.75565851594166,81.81549723406465,0
36.19690009140913,81.74248941884498,81.81031863226492,0
36.01921626502127,81.72970632699798,81.8061025335197,0
36.54403446997346,81.71907081255515,81.80122599883757,0
40.80199176991141,81.7062384569417,81.79463266190386,0
41.24060059315889,81.68850966851446,81.78765605897166,0
43.11649393371856,81.67382657958233,81.78104263768567,0
33.82569676876108,81.65886748029826,81.77545059964001,1
36.78291412761776,81.64830811323388,81.77028514127167,0
28.926274825552724,81.63294790675666,81.76192968112764,0
16.99607256042769,81.61799414411777,81.75292355365154,0
23.47252782863559,81.60768872694572,81.74513597390306,0
30.21705534786841,81.60119027884177,81.73752805934244,0
28.765238951578624,81.58600093017223,81.72541362119598,1
39.90879513799694,81.57186938400193,81.71415078471429,1
38.83738885867784,81.55236765018051,81.70166550925633,1
38.87748001388541,81.5272667683836,81.68845781371543,1
35.15851525677897,81.50377539439435,81.67736276573363,1
38.688611607954236,81.48607957219184,81.66892722353242,1
43.1356977458196,81.47369560917399,81.66212973146611,1
43.412164023382914,81.46715130033765,81.65394136635383,1
46.1562407442202,81.46072051609406,81.6456388877423,1
42.53044335114527,81.45688539044372,81.63856670612971,1
45.89367571092277,81.4500958465184,81.63205620039975,1
62.35522592657745,81.44913596358046,81.62807969742035,1
61.378897150963205,81.4516889291859,81.62264067071683,1
52.83099341765833,81.45160770881219,81.61619466634086,1
61.06719351954664,81.45335616265277,81.61015519402882,1
56.6964186353963,81.45191906869988,81.60414552193423,1
69.40074466754419,81.45728254463293,81.5975325054116,0
77.28146853148516,81.47096711163013,81.59342143103142,1
73.39637545525883,81.48069365780131,81.59033929056903,1
64.3768020306091,81.48550082004719,81.58669349425126,1
55.913936097175934,81.49246008197858,81.58149407679143,1
57.28409605597533,81.49745833448358,81.57572313433526,0
67.487996727141,81.51239236072104,81.57164172546486,0
67.83161768120505,81.53030601587588,81.56963467527885,0
60.480449808700655,81.54240387134587,81.56678914848662,0
51.306796813110665,81.55022221215526,81.56341863431692,0
46.49878543429158,81.55455429208156,81.55833856495332,1
46.87821766280038,81.55636879434303,81.55383451551667,1
47.217884595434356,81.55830241178101,81.5496186020178,1
48.54848361204629,81.5600970928763,81.54665846943153,0
45.923682184159354,81.5645006383015,81.54335724701892,0
44.45277805768665,81.5665809492016,81.54079010094843,0
48.37777961751048,81.56845912400357,81.53772536757735,0
44.56340651297293,81.56697438186403,81.53035790652834,0
44.5819498428338,81.56360155815297,81.52201263825108,1
42.94424639557937,81.55955671958635,81.51501564002996,1
31.411023227129434,81.55175319523077,81.50975485419706,1
33.40854898776628,81.54214880743585,81.5080175476291,1
39.35879202252033,81.53397918195654,81.50693519581365,1
42.96930202456424,81.52902300841627,81.50642016681859,1
47.78388518665963,81.52830490253295,81.50518771278254,1
51.24799510401937,81.52593222420246,81.50360064123957,1
54.45322272304096,81.51632202378042,81.50276666757122,1
58.618729309947135,81.50862162333843,81.50355269278128,1
54.30305479457682,81.50585452719145,81.50558396724388,1
46.51060187729479,81.50535841000553,81.50623875302558,1
41.67237314406948,81.5067879685722,81.50787458967952,1
70.42705609522429,81.515133441925,81.51269023463956,0
69.75520848626863,81.52112585102037,81.51499345164765,1
78.82842397987415,81.53171306282778,81.51886758302594,0
67.08282014681399,81.53623500648226,81.52345087754293,0
58.01292061939308,81.53506022567058,81.5260664376159,0
61.41408819043128,81.53460486859868,81.53062025494462,1
65.33764667525031,81.5438899755755,81.5370071894051,1
56.08695294554008,81.5520371965822,81.54131735912621,1
52.05357370443936,81.55713462171217,81.5434376598381,1
52.82664080481631,81.56265846748089,81.54533999751982,1
57.23469645329156,81.5730292627999,81.550368732614,0
61.32638581363051,81.58733375497056,81.55758049136425,0
60.3987425832471,81.60066152525232,81.56393062074201,0
51.82737394998637,81.60531041068657,81.56727353844981,0
48.07436561008872,81.61105714305207,81.56836911302821,0
52.92421587527347,81.61770343770009,81.5691724709769,0
45.21212410950966,81.61942868032739,81.57068108138738,1
46.335610143161965,81.61865174519741,81.57170220026174,1
49.406699687075765,81.61849259942447,81.57286816531541,1
42.85297038092804,81.61537019582131,81.57110965015488,1
46.36258804668952,81.6141203040196,81.56995151159535,1
56.98003361179535,81.62144230835625,81.57129291186965,1
63.75643444849031,81.62511692324105,81.57471402430346,1
63.2402183089634,81.63292699181963,81.57963764147935,1
52.10402980237182,81.64071354362082,81.58336852127078,1
46.17584455735673,81.6460015301028,81.58406392269733,1
54.741964715313316,81.65328671066177,81.58619946731946,1
71.74980301349657,81.66799935375276,81.59155555208896,1
72.0886816895424,81.68694394807736,81.59812635420694,1
73.54964844226622,81.70801050904188,81.60672248430394,1
77.43901678889993,81.72321251205916,81.61710621970046,1
84.55769403692099,81.73564000568241,81.62851552892482,1
85.6837171056184,81.75209733835403,81.6407307189331,1
93.75290120878698,81.77815634791921,81.6527358222969,0
93.11816355949149,81.80677004291917,81.66444475051524,0
92.02803632925246,81.83473148360743,81.67568141481844,0
88.49516627718192,81.86310693217709,81.6891341015126,0
82.70669223781836,81.89245699415983,81.70324437466448,0
82.6092367866766,81.91909603230194,81.71668389040164,0
69.73179566894157,81.94354044442862,81.72782454983403,0
57.76453436407173,81.95888673280989,81.73664668174497,1
48.21416738291798,81.96619610919174,81.74417968276373,1
44.655512247622994,81.9696933615788,81.75098216556849,1
48.02555035468296,81.97801403919792,81.75952129614534,1
44.45944730773409,81.9879769905602,81.76818642781387,1
43.59256152160129,81.99880022678482,81.7770552038991,1
39.25461088563883,82.00515714466201,81.7848136758489,1
45.57944399906154,82.0138776510418,81.79476480162911,1
38.26875286348324,82.02004201185073,81.80399979494501,1
36.42845606576078,82.02244828027456,81.8129866089849,1
36.974495885120746,82.02271704930789,81.82013966265362,1
45.739216067255036,82.02541549980143,81.83023138843723,1
55.0134528050007,82.02931071311353,81.83976977904742,1
65.94324570152719,82.03306798664731,81.85146901436293,1
75.80388638009028,82.0380597041145,81.86564454189282,1
83.66925939659392,82.0431056324471,81.8790817203578,1
86.67628928427715,82.04841882579977,81.89094564160231,1
86.11195375380254,82.0594144932692,81.9061952933393,1
88.31840859796091,82.07420859398255,81.9235134793098,1
81.31829466134391,82.09184692258815,81.93949993187692,1
82.62080728593756,82.11576119514278,81.95373945468211,1
77.67262570325633,82.14207036397264,81.96607432636456,1
79.81451045639903,82.16895041319842,81.97829772074692,1
83.58870006233661,82.19365692288952,81.99485990102652,1
83.73769456986064,82.2185869066698,82.01119833326098,1
82.34999810135129,82.24400710924212,82.02757667251592,1
80.86062677368362,82.27071498465003,82.04532819757796,1
72.17082337356774,82.28963236249265,82.0631570485472,1
69.02916236889823,82.31170791689445,82.08128592193302,1
73.22616113200856,82.33896727648141,82.10242544124894,1
67.13779921594895,82.36341778355045,82.11985865446596,1
64.39810264455207,82.38562347130606,82.13590385361717,1
56.583326502619,82.40067696761719,82.14999379679786,1
65.78002464857305,82.41754100415676,82.16531461929777,1
65.84166877467169,82.43369141822785,82.18283569173563,1
64.82687214860995,82.44808657178004,82.19991573702869,1
73.54566405447463,82.47035484946267,82.21777289712267,1
74.04308496149551,82.4924053481966,82.23595769111684,1
76.0873485395322,82.51519112414546,82.25481234973704,1
76.59437133079581,82.54255663340726,82.27331838162307,1
77.19190493314179,82.56989921306754,82.29241413508548,0
75.90054871118195,82.59462667870557,82.30966899557382,1
75.54581395811917,82.62108953070613,82.32589459768776,1
73.56073178185159,82.64587992087647,82.34194933020943,1
77.16233692755607,82.66963617092534,82.35634478446343,1
77.19691921698654,82.69365136651757,82.37114462567997,0
85.04734866029172,82.71957066205331,82.38791368952847,0
80.44402648956154,82.74667239035303,82.4048432070245,0
78.07038254682048,82.7723241975518,82.42257718803296,0
74.62853401242364,82.79079948266948,82.44132905654527,0
56.08174425948372,82.80650885697509,82.45890750413201,0
54.62974043848236,82.82331421757333,82.47875109696979,0
50.99176421290894,82.84277131668634,82.49922497884087,0
47.55323943530879,82.85901550295193,82.51771520479937,0
36.090634390026736,82.86864848368795,82.53510428898673,1
39.84985677122431,82.87883769422965,82.55193072400664,1
46.09057019882242,82.88535454171159,82.5698518559425,0
43.60695459925374,82.88821075364562,82.58569093215836,0
46.015053904138774,82.888821779252,82.60232425669756,0
44.20368922784477,82.88796414798766,82.6195247287083,0
28.127229519768548,82.87974678142348,82.63522602793171,0
35.33075357228752,82.8769016362127,82.65026345013831,0
30.66326259221323,82.86925467046548,82.66187218062855,0
30.274912843521818,82.85722808675516,82.67161337025256,0
32.926208173716674,82.84305987801741,82.67834485402462,0
25.54242262451814,82.82677117201692,82.68461084150789,1
24.525536759951194,82.80523039695767,82.69063831799161,1
24.080252567024374,82.78508577888014,82.69511172126886,1
24.333131901675173,82.76213268392833,82.69774682401126,1
33.393968619989565,82.74522256546524,82.70267931369612,0
31.345332045504165,82.73699163368201,82.70739967954772,0
30.7194587199878,82.72560538563252,82.71216510563376,0
28.91093895797512,82.71272364545686,82.71673427174426,0
25.631560400160183,82.69777051607848,82.71936064207495,0
28.374357345223714,82.68506250763508,82.72169452937285,1
19.437755738028414,82.66834839277169,82.72166723741844,1
20.075549489041805,82.6448381780272,82.71950113329336,1
29.711708006958844,82.62416059438894,82.71950222491687,1
35.99875364627981,82.60438166616493,82.71939375640575,1
47.31962926197407,82.58930888977429,82.71966137402545,0
47.579094913453886,82.57734436760157,82.72079666155216,0
45.88206031727493,82.56211639785174,82.7208606207566,0
48.25951170560987,82.54969875362552,82.72148089503187,0
40.697609819832465,82.53933682636725,82.72033169913675,1
31.964664907351917,82.5302669028431,82.71697504787069,1
34.6777335854117,82.52266960598298,82.71444405518906,1
36.883595424777035,82.51633266835009,82.70902944554659,1
37.195596403822655,82.50831837512958,82.70147693204206,1
46.921850565765354,82.50741999053707,82.6946383705679,1
63.975767232325545,82.50946493095876,82.68944263271673,1
74.35062363680592,82.51261121246382,82.68448447930624,1
73.55605520278652,82.5181787844896,82.68158594794735,1
74.76327951356015,82.527849075484,82.67943808965542,1
75.32291844751401,82.54558541233095,82.67924283865676,1
79.14774318334577,82.56686824994301,82.68058736097991,0
77.52481632595362,82.59082995256026,82.68053867183554,1
81.19206535052709,82.61925647163358,82.67937545712546,0
84.51805152221985,82.64692607922223,82.67960370046455,0
82.05544305394542,82.67029943134543,82.6785838499232,0
79.63331994627121,82.68733374784988,82.6782750800976,0
81.34936442363929,82.70900697341757,82.68179590812915,0
73.71928365611224,82.72582548854842,82.68186512914663,0
64.83375414726655,82.73984787430093,82.6803115180777,0
58.52145814890066,82.75433927090445,82.67846120631775,1
55.605124281922144,82.77217837847817,82.67838700578679,1
47.482393169897826,82.78463040287441,82.67676113864698,1
43.55067085137465,82.79656704582445,82.67351444719172,1
39.93227770225796,82.81400310538493,82.67179387273778,1
35.89198927470649,82.82753966878015,82.67012552637917,1
43.516780953647576,82.83792304287341,82.66942619067102,0
39.09794322942861,82.842487584052,82.66958080035764,0
32.767041067644485,82.84252394623643,82.66783487195686,1
41.00568190083106,82.84284880063296,82.6688757417224,0
44.057580266141606,82.83824445846867,82.67164938734214,0
33.75614011553459,82.82719182932254,82.67424014150198,1
37.209690959502225,82.81543100708964,82.67600260586461,1
51.20170521915442,82.8075470796185,82.68030213018982,0
47.7492245954121,82.79452393682402,82.6833789636421,0
50.34748090850991,82.78789481536745,82.68888870249884,0
54.44669077212528,82.78062737789278,82.6924370050686,0
55.07674590481257,82.76969855315953,82.69487867592015,0
51.14641010914398,82.7657933198448,82.69794030283155,0
41.797199037715025,82.75907933599194,82.69885379429174,0
32.440925501867156,82.74811689062139,82.69859975613494,0
34.55218388664203,82.7362684453664,82.69886938087932,0
34.8096367451074,82.72652241865896,82.70003074900188,0
35.60245852260884,82.72048599592593,82.70377357435122,0
29.45685555364261,82.70533024924121,82.7042617346787,0
35.41825921574315,82.69181216799183,82.70509772710993,0
33.87480868842994,82.67064459180905,82.70196047148492,0
24.17128099204092,82.65027791516397,82.6987542193826,0
23.900678840208684,82.62908648211656,82.69462290566278,1
29.526190215436543,82.61135351566963,82.69353764654007,0
27.70042793927658,82.58798250210778,82.69110765763837,1
27.46557665124095,82.56813529499154,82.68938749836136,1
23.007838997676956,82.54525378274488,82.68503627656939,1
34.49600388089047,82.52245884771648,82.68275260193636,1
40.0390383398371,82.5040465321525,82.68167022645127,1
40.25636694458343,82.48299236904754,82.67911765390303,1
48.256377135157926,82.46838219898451,82.67600391227892,1
45.069653887653665,82.45426889317847,82.67154174820602,1
51.87608023207565,82.43990469819849,82.66663066831508,1
50.134424460207605,82.4329263121207,82.66088468894641,1
58.82959337966024,82.43264094443208,82.65342196897538,1
58.09629326973809,82.43044496458364,82.64430006673558,0
62.80869503253998,82.42993286335647,82.63567191332037,1
58.48465163089877,82.42880533806564,82.62759312092403,0
69.29037080921606,82.43389508445281,82.61904933677091,1
69.35305364859674,82.43674258542212,82.6116749887406,1
72.14957892708202,82.4395067914084,82.60282968890833,1
71.80651847858259,82.44837602004306,82.5945018380328,1
64.58315152908341,82.45856747667904,82.58771970091504,1
67.93496259870219,82.46575004677094,82.58389851552805,1
62.53149559851572,82.47792814868436,82.58054320875033,1
52.75494252534977,82.48623706535847,82.57501097311348,1
57.69882891702928,82.50436522732231,82.57293020634853,1
58.21970750286543,82.51806957557729,82.57135361383749,0
61.221488740350964,82.53486706903195,82.57001581191008,0
63.033664128207775,82.55060990096655,82.5683457467776,0
66.648176390659,82.5638214212242,82.56636326361924,0
54.49597537942468,82.57071779207612,82.56283383141566,0
51.20601349419847,82.57523693317279,82.55971586308964,0
46.74059690576321,82.57511829835396,82.55379248803482,0
50.6494967944306,82.57190254590759,82.54688520395095,1
46.142959142460185,82.571869166777,82.54217100171735,1
46.379396080139905,82.57054812819958,82.53771876176434,1
45.777866457607615,82.56940285700819,82.53233543187991,1
41.62552896935971,82.56451491888971,82.52704572959719,1
50.939967084788215,82.56292546372686,82.52168724808436,1
51.18881823125634,82.5702842872451,82.51869245264926,0
54.243870896089305,82.57604920099544,82.51704209716716,0
47.08036961854454,82.58285990545195,82.5145463351579,0
40.09176793859877,82.57938918194266,82.51202245390834,1
39.52200127813649,82.57725981888403,82.51220038005539,0
45.242362122223945,82.57898817629774,82.51209886548601,0
43.41305233623992,82.57335203632265,82.51166205341401,1
46.22031762994281,82.56503992850249,82.5091751868681,1
53.9898892516689,82.55704604824243,82.51070213151057,0
47.508270340517676,82.54590217232808,82.5099817485121,1
51.70915258421633,82.53397402915071,82.5116950385559,1
49.118958933882475,82.52859397871738,82.51416025683702,1
51.24343786955125,82.52368731417295,82.5175561959122,1
50.20535526115422,82.52511091333963,82.51929544710282,1
51.589155998763516,82.5331630088866,82.52495740666247,1
45.679496116479264,82.53868005375232,82.53038890522166,1
46.10817857293679,82.54538835006714,82.53777258869324,0
60.26865608375135,82.55130195769954,82.54387267587313,0
61.66116555473685,82.56307884349859,82.55065865413562,0
61.64387188240123,82.57151208241376,82.55709513343085,0
66.26708517957039,82.57460945875405,82.56118335655708,0
55.892868806753945,82.56702897500689,82.56214612989852,0
45.191154473618795,82.55801911802794,82.56179210308969,0
45.18618681811205,82.5522736957642,82.55976140736573,0
46.346788475195915,82.54686347868157,82.55788939375518,1
44.096721862333155,82.54106250628908,82.55634588216817,1
44.421173797494724,82.53755772869184,82.55471199954815,1
40.610715960980954,82.53585802408067,82.55199626127413,1
25.47499546267312,82.52655758075797,82.54776713003263,1
37.79547990481374,82.52613036448629,82.54573686013777,1
45.93468865494653,82.52844211584619,82.54726916833103,1
50.408259289020684,82.53538054886114,82.54896206836428,1
49.42040841596497,82.54575833240935,82.55243253820431,0
49.83578794240336,82.55391143173132,82.55456000108697,0
57.24206525943044,82.56201717120943,82.55859301567253,0
64.89867664152735,82.5688463889974,82.56343263467724,0
64.36348264483033,82.57359631480679,82.56546502368703,0
67.48317888014135,82.57430112723513,82.56636529653628,0
67.00543469711592,82.5736984912605,82.56619122302705,0
63.95262330089688,82.57099828297518,82.56525048623429,0
64.67307356304076,82.56879449379156,82.56317258558401,0
56.66690292782771,82.56862684479414,82.56130975098574,1
62.278712384345184,82.57261513313836,82.5607433830759,1
49.99524159013211,82.5753535377896,82.55985550313999,1
40.77467136777406,82.57276136097623,82.55823291978264,1
38.72837157510228,82.57498698768711,82.55759301053222,1
41.22150629566904,82.58204144579877,82.55930932658782,0
43.076459707193976,82.59036197949125,82.56037991026734,0
36.237615193048676,82.60246068787917,82.5629454376284,0
36.73621294637036,82.60768568666501,82.56364094931303,0
37.073461757979864,82.60607495812623,82.56158543668347,0
37.90770147019226,82.59792287773851,82.55771153906149,0
30.21288391546672,82.58251958909696,82.55229641166233,1
33.854354955180696,82.5680458274928,82.55002265930702,1
34.62237283664737,82.54838850784198,82.54704449125569,1
36.85961525185612,82.52791027466961,82.54300147402598,1
42.83187826050427,82.51548507528915,82.54231823927364,1
52.26627981226053,82.5070511764215,82.54316979570388,1
60.17966275367816,82.49917154524874,82.54304142182957,1
52.076011700863404,82.49220336486273,82.54377096324816,1
45.34622270993501,82.48574437287351,82.54388072307314,1
46.9406578546896,82.48664741310206,82.54453112473962,1
46.1765493600797,82.48646651600515,82.5458550638088,1
57.70248021604455,82.49658557382561,82.5484453673344,0
61.3307672721773,82.50910426875296,82.54860942372919,0
60.37602307993127,82.51594179071847,82.54849770531868,0
74.38366541488546,82.52097998873784,82.54954598205612,0
63.59576027630423,82.5206029318021,82.54810029990838,1
66.72240848396899,82.5223691483432,82.54666155956626,1
64.38778666042806,82.52159223421539,82.54367301003367,1
60.96438536580754,82.52547605775241,82.5419320762828,0
54.439658608373804,82.528414223993,82.54226563865593,0
53.406021471985696,82.53791750583038,82.5442557667833,0
60.31302690984902,82.54958687475184,82.54894793090209,0
60.927895522082366,82.56160244698802,82.55294007857827,0
51.73107741747725,82.57272977721696,82.55566838239714,0
46.999280104247035,82.57572621049358,82.55758563199433,0
35.634049665550734,82.57431647253456,82.55855317508545,0
30.69461399258242,82.56437756004634,82.55816941354493,1
38.00086133730965,82.55976215296486,82.55722367863959,0
35.34798628499907,82.55551410870262,82.55470952021572,0
35.733706103478625,82.5454534264655,82.54856027578134,0
38.41300005871888,82.53968559567122,82.54342596911353,0
40.327229777682746,82.52631267814542,82.53740586590001,0
38.34097227926943,82.51443939155021,82.52957831186549,0
37.774170246020034,82.50151429108071,82.521564866152,0
29.880584532129205,82.47984966348412,82.51204732152705,0
22.345369206582888,82.45787908359023,82.50153148245043,0
20.795505694249727,82.43138143355334,82.48973473648338,1
27.723488884059762,82.41213189796683,82.48012645603033,0
31.475708186186466,82.39191233792907,82.47117921393782,0
34.03720835088808,82.37429474079906,82.46453279705788,1
33.74921214099004,82.34850015481254,82.45460977545295,1
34.45720629004471,82.32387855765106,82.44835793884667,1
35.02354537146661,82.29948482670355,82.44362946486919,1
37.977678562168926,82.27866256173427,82.437138612016,1
36.25279141937462,82.26452390232186,82.43057861460358,1
44.79911540592394,82.25689446077737,82.4251661675999,0
48.585377672126214,82.25931382661379,82.42091066903876,1
50.81603613198758,82.25720410541021,82.41703104613767,1
55.261377781439144,82.25142658168694,82.41285016964001,1
65.9173614464429,82.25264767689495,82.41045019544391,0
60.93197323645922,82.24457650313542,82.40824873472891,0
64.04756455872538,82.24523087415433,82.40827988456464,0
63.159386381974095,82.24515165009868,82.40828356876817,0
57.923082097624956,82.24429641720609,82.40811932316659,0
61.36678323343901,82.24602916069023,82.40426495568747,0
51.59758439044007,82.24804542170452,82.39792918056362,0
51.286764561202844,82.2519962054211,82.39086460055233,0
51.73770835515629,82.25297483819912,82.3844350453649,0
42.58391392686168,82.24875370945675,82.37638294857112,0
35.38155121126596,82.24290122680301,82.36703432253829,0
25.35059363190358,82.23916331409251,82.35568849468791,0
29.32986566727955,82.23318734431061,82.34299864704067,0
31.722016328800095,82.2262972316154,82.33050665001417,0
24.5129535263666,82.21855825593161,82.31818519810126,0
24.698179044617874,82.2028737546157,82.30333612095473,1
8.12495044237987,82.18210082020327,82.28976532296036,1
7.512639244254899,82.15616656465487,82.27442963556345,0
11.67687113648985,82.13208702766222,82.2612289635164,0
15.369506526039146,82.1118594132998,82.24740351185896,0
27.064944852297046,82.09097043208969,82.2354726786826,0
24.05142451882847,82.07298827990628,82.22227704435927,0
19.41644622981626,82.04250113885271,82.20544559020499,0
30.50566566360851,82.01516565652325,82.18970885258226,0
28.7326603726724,81.98826185274547,82.174332153378,0
29.519518941203515,81.96179300254826,82.15869167250933,0
24.826346410161975,81.93938467239872,82.14395646050929,1
27.388893666650603,81.91750318641517,82.13211485109987,0
26.955478336953433,81.89390738803421,82.11809313939264,0
29.263604026711334,81.87261207834185,82.1032221364268,0
28.967529126937606,81.85120993444461,82.08933692572992,0
40.35776144809419,81.83892524135295,82.07538435296061,0
38.36302636832563,81.82469875241581,82.06235307674883,0
33.78901498609321,81.80748774184343,82.04772599013148,0
25.730014929975752,81.78839006781382,82.03293550879451,0
26.31780156812107,81.77269608758512,82.02047469059512,0
33.98929268805489,81.75876186672919,82.01011843621595,1
29.874780873086195,81.74776622216682,82.00098355100883,0
34.866582189574686,81.73613551419086,81.99083041000603,0
36.17842593534128,81.72120896776887,81.9791221637949,0
34.33637372551608,81.70230342681387,81.96667615308854,1
37.91606919551304,81.68738131463446,81.95782950828806,0
35.18346403801772,81.67481066242425,81.94581843211425,1
35.49143712390109,81.65747716941584,81.93290578966719,0
41.546508700652204,81.6451559925025,81.9209295256853,0
37.63232740993016,81.63931124397064,81.90860660916886,0
36.76985243576113,81.63297774283369,81.89438977333182,1
39.420414977852985,81.62431410934161,81.878114964191,1
37.65681278872224,81.61307427111076,81.86044120567286,1
42.690453130295985,81.60530829443793,81.8447748215272,1
49.23514066179034,81.6031220235522,81.82952666439284,1
58.39901629364203,81.60468851677811,81.81942915841769,0
59.32602103214835,81.6075279778149,81.80727191821306,0
63.586914573062685,81.61336460780173,81.79501117321269,1
60.83759484900325,81.61932091138785,81.78294530646721,1
49.5304419686528,81.61995814891284,81.77004628588418,1
55.149000404059585,81.62039667502081,81.75905893754246,1
64.81160951325387,81.62693575080813,81.75095936916364,1
66.48322690295615,81.63722831983516,81.74453180266045,1
67.05071871311316,81.65392730875145,81.74119160351276,0
68.4977434386299,81.67281477122319,81.73864157085659,0
71.22343571453862,81.69048557967726,81.73835841452194,0
66.15419164838637,81.70395689203902,81.73412625120562,0
66.66590643355173,81.72144319253496,81.730964174035,0
61.1976205016915,81.7350843517476,81.7275399640117,0
50.43244705514483,81.74357314445471,81.72488636510445,0
47.738691118094486,81.751634345514,81.72220318345612,0
46.654193023567096,81.7598700999377,81.71959637830415,0
47.366685756981866,81.77007182594147,81.71563512498456,0
55.224643452291915,81.77860527253922,81.71147316522296,0
51.94086686559273,81.78101247859225,81.70554348299385,0
40.61280533266636,81.77536567379232,81.70038011597211,0
26.685660367529252,81.76359989567774,81.69571142094308,0
16.772961728917267,81.7513022890034,81.68946582620475,0
12.768380490483665,81.7384385137198,81.68301597085694,0
8.797473943578183,81.72962277258812,81.67717819390012,0
13.270378685623086,81.72069645031345,81.67158364870835,0
3.014866181767175,81.69886721834523,81.66350498193566,1
2.9329540795589253,81.67020410917628,81.65505049111727,1
9.541162214298367,81.63973369788648,81.64804025133061,1
8.477775432502582,81.6038639420138,81.63970317388426,1
23.30524149320594,81.57259635232741,81.63182685891174,0
32.675731135366064,81.5531891117638,81.62552239494481,0
31.265969883182393,81.52967541438582,81.61983924305196,0
30.69212835408335,81.50549621969907,81.6143824247658,0
31.255067208054243,81.48427023788713,81.60951602522526,0
31.36889419453361,81.45939395612977,81.60245601921635,0
27.429139458107073,81.42918242349961,81.59216285883726,1
28.724487717980296,81.39982607857017,81.58111135073626,0
29.84379679906867,81.36998957123197,81.5709854066082,0
29.577149917532438,81.34228316097952,81.56153537666012,0
32.02012307822608,81.31225538979999,81.55032974603832,0
41.06184657834183,81.29121504495475,81.54227317395528,0
33.98389509728817,81.26602321548026,81.53288424463051,0
34.70606579986401,81.24071754659938,81.52124059249569,0
27.56319502615446,81.21907828597611,81.50908501070231,0
17.433394912677173,81.1932098241625,81.49567648123987,0
16.45599538297445,81.16867979753752,81.48125125721403,0
18.422726211402278,81.14722359971618,81.46871022255944,0
15.59408325375702,81.1205110858411,81.45412136789189,0
17.40396825787562,81.09796287922612,81.43763951615384,0
19.66758970797217,81.06737309667969,81.41690069087235,0
18.918521926289188,81.03008074971926,81.39454350370656,0
15.936628703958377,80.98761996723849,81.36954138682665,0
16.23498222893916,80.94817097029014,81.3459224483267,0
15.460695465465093,80.90404830131601,81.32315208618652,0
6.246199499982268,80.86409170737565,81.29993403215828,0
6.807644262173781,80.82898986730017,81.27298450543407,1
7.43915687491959,80.79471408741433,81.24410565776793,0
2.6937107752230958,80.76039172403908,81.21357117272326,0
5.187591937976904,80.72638585733648,81.18296381110544,0
5.486098962451308,80.69203335574288,81.15094885646455,1
16.665817540116706,80.65754525962812,81.12370852099092,0
15.383928203833307,80.62196631412418,81.09309349326621,0
15.246060541314222,80.58934762215085,81.06294590065698,0
23.03274372854868,80.55783997199599,81.0347917417188,0
28.646913455641823,80.53162744250952,81.00767372003807,0
32.2743294331306,80.5061646205976,80.97976906547798,0
28.580531720007585,80.47770633136335,80.9517640247282,0
29.32432274794816,80.44942196739626,80.92244804583471,1
34.13937169701275,80.4234909834681,80.89463091810417,1
33.36997992943718,80.39744595393447,80.86573280292922,1
35.73700492536025,80.37500127852175,80.83910405684415,1
37.92507012626589,80.36018368563994,80.81309394548127,1
48.83198606867246,80.35252592472287,80.79155741272794,0
53.1471662579823,80.34989227386993,80.77125988669926,0
44.34896625751177,80.34519171009404,80.74973213607052,0
45.89706798156907,80.33744779450437,80.72841673589772,0
45.69584799919543,80.32948253916408,80.70781702976305,0
40.83901341268889,80.32161642663377,80.68632426422216,0
31.139466915310607,80.30603759081058,80.66383327062414,0
31.827302553341084,80.29051235246038,80.63811525651774,0
35.846992171250534,80.27194240819969,80.61120983956528,1
37.40293239552752,80.25760822093251,80.58426661588487,1
39.432937511380075,80.24710464097966,80.55958926916924,0
36.78687756527492,80.22892324539558,80.53265294472219,1
38.90017227929603,80.21137562588976,80.50846638794206,0
41.89583324428547,80.19988933494139,80.4880518300547,0
34.92355288181034,80.19406573211339,80.46945988614549,0
29.172257537165052,80.18645583005444,80.4490345493637,0
32.833811074693585,80.17793018013643,80.42888972576694,0
35.052735320206324,80.16963744861008,80.40868562645325,0
31.98800653905994,80.15602622588192,80.38502852921502,0
31.275897036244032,80.14024324964372,80.36278195914666,0
34.723336900710095,80.11395837132619,80.34085374261866,0
41.73219666588329,80.08960879415218,80.31947208996968,0
42.749594417993734,80.0695084042892,80.3002515681212,0
40.70564471951816,80.05041468586532,80.28111069122885,1
33.85747311785693,80.02989291512577,80.26088475592688,1
37.326403389197026,80.00853772606433,80.24153492031147,1
33.18863984683175,79.99404128822239,80.22226463422264,0
33.73335701818928,79.98504589153362,80.20518437445931,1
32.0767199205293,79.97730595196344,80.19009992046296,0
37.91557433603946,79.97143519040488,80.17779270515143,1
34.702975922186525,79.96162861797505,80.16497232824321,1
30.97927130496872,79.95114794658488,80.15149280282975,1
44.049389023146084,79.94262655083608,80.13988032532625,1
43.90752735594515,79.929749439979,80.12835565912623,1
55.62182583869805,79.9187755575598,80.11908447420367,1
52.44238294342779,79.9134472121908,80.11025674462438,1
58.63926423826701,79.91359454262644,80.10377319988292,0
67.00754882559022,79.91782672333521,80.09900297349019,0
62.96577698412897,79.92197129557601,80.09079894359418,0
61.735897483209584,79.92547267809674,80.08418450473567,0
61.24204058344024,79.9313252620149,80.07764479856428,0
53.5278550104481,79.93144020048176,80.068912181364,0
49.05143286346529,79.92870895001838,80.05908417112474,0
43.69299560422431,79.9252952890208,80.0487629585981,1
44.61227756611272,79.92421359853725,80.03948766279643,1
52.84024912094731,79.92510571960041,80.03180842119312,0
42.410233850477994,79.92302361529686,80.02207768695415,0
52.93408948788623,79.92392334401758,80.01577533049256,0
46.50557418622022,79.92281824214503,80.00922670591225,0
42.30506990532181,79.91893929064621,80.00129494715395,0
25.61569915607069,79.9106921769742,79.98823882914373,0
21.765752378858025,79.90830072315549,79.97485618254396,1
24.483169391064507,79.9009522895449,79.96218455710658,1
32.21668656714091,79.89753035733749,79.95238868425947,1
32.304977726667815,79.88868151356505,79.94276406396406,1
31.268211750390563,79.87539812549323,79.93176942416818,1
42.59344904521657,79.86096118983332,79.92574263949201,0
50.72393082334443,79.84597212367318,79.9211868819753,0
49.46817977973807,79.83475912861344,79.91592563175968,0
49.115005400889494,79.82603845852431,79.9115565997724,0
56.54276419247641,79.8193729408165,79.90655211849901,0
38.9298654549108,79.81094064037674,79.90171913935646,0
39.5362535207516,79.80421695077209,79.89622070107767,1
41.13277629776887,79.80042409329802,79.88897686194076,1
53.270767550841384,79.79823153567315,79.88115398422035,0
48.39751250400809,79.79291949059328,79.87439388540865,1
46.55001176246831,79.78888472655863,79.86645950552304,1
51.304138003287356,79.78395818598781,79.86150362544365,0
57.439988295128835,79.7827596768873,79.85992008631439,0
48.20616678560341,79.7736547456573,79.85465954555939,0
46.085193728581984,79.7734392296798,79.85203117248516,0
43.88112746375916,79.77279757866276,79.84813169634819,0
42.3089813255855,79.77072869280752,79.84267267251393,0
38.45180115117264,79.76295235012279,79.83740374996246,0
33.75431598070874,79.75261160784747,79.83185154105274,0
35.67366651769278,79.74391473562599,79.82592022799284,0
32.133414958383085,79.72630437299416,79.81864787340074,0
30.21920765296086,79.70300041801012,79.8083686925659,0
25.94824360621911,79.67720633523922,79.79588578506998,0
28.7798747493743,79.65191253056096,79.78374753583485,0
30.210499070026472,79.62526371203766,79.77200615612405,0
24.485874080423315,79.60494059956527,79.76323620054862,0
16.828387211579297,79.58390362954313,79.75273153256049,0
20.07023084522345,79.56015724231193,79.74113998287393,0
14.595390648484184,79.53636042463746,79.72818793105142,0
13.324925157022236,79.51173921888326,79.71371068808563,0
19.491920809174943,79.49109617768832,79.69746015954779,0
19.214510500373166,79.46145305456375,79.67895415793507,0
19.701237173963705,79.42570137732977,79.6614121190159,1
20.322644878535655,79.39932146684987,79.64419906106063,1
28.194743136186474,79.37138904444474,79.62805668545711,0
34.1438126119687,79.34424902660726,79.61325522679839,0
39.03845238770951,79.31943048137057,79.5989612850548,0
49.50787156288271,79.30379923037314,79.58880532650342,0
40.91803703115479,79.28536611378422,79.57631254715153,0
34.28984718246012,79.26580826909913,79.56220124779233,0
31.484219682946332,79.24641335214031,79.54800376813812,0
30.361825932598407,79.22572527661848,79.52908946560626,0
26.056845866667445,79.20606701769596,79.50918529529037,0
32.0897802478368,79.1875542181514,79.49119350683692,0
27.134438624417555,79.1670144796345,79.47453507718818,0
29.045716607608696,79.14365962544473,79.45737976146431,0
26.72883192426231,79.11508331023033,79.43838394083467,0
25.863488812735895,79.08814317976501,79.41738511184495,0
21.140849134587157,79.0581811267407,79.39598777632168,0
23.831467842770564,79.0334277523095,79.37692253881214,0
21.12234880714226,79.0013521908453,79.35361655995257,0
9.61734037417962,78.97154132238677,79.3291818374205,1
18.47551221387387,78.94732691635184,79.30643923411128,1
19.362492074186804,78.92285620191434,79.28292615841663,0
17.892989147600233,78.88959992529384,79.25614747924803,1
28.391880894360426,78.85980578481869,79.23280128457517,1
33.999879016285945,78.83225944950054,79.21017828454619,0
34.895986863076615,78.80147100691752,79.1892240919512,0
32.10271626422747,78.77102074929175,79.16542823259897,1
39.39828788293663,78.74861612105599,79.14447989997743,0
41.972457536453675,78.7271992727863,79.12332958662918,1
42.818771950414266,78.70977623101783,79.09941668361827,1
42.111898033406234,78.69241582646427,79.07304775512117,1
43.294217449117,78.67586081467749,79.05207593444499,0
48.146390370782306,78.6606084205131,79.02940275352151,1
51.65058829125942,78.64792208078892,79.00742956231477,0
47.6979566987968,78.64090663902024,78.98645511931974,0
49.08797661059057,78.63610157257602,78.96664480082626,1
54.371455625036134,78.62977329793938,78.94685245235843,1
56.51270115490672,78.62712202847213,78.9302054559506,1
47.04598929006401,78.62513928216775,78.91315052362201,1
44.96654012432576,78.6258838918316,78.8983352269491,1
54.60459740604164,78.62439435156234,78.88531444064053,1
52.97073364936421,78.62793859525556,78.87333658429448,1
63.05556317152907,78.64250628568037,78.86304450870513,1
65.35870765606447,78.652621276196,78.85187355522746,1
71.78756268995221,78.66209728601396,78.8414557471345,0
73.9348773596206,78.67440665225993,78.83492385593041,0
74.72372359201852,78.69199580504245,78.82768238476096,0
66.57191342616845,78.70146149095271,78.82036880880518,0
64.14298803244807,78.7121474393464,78.8117500912924,0
58.078912676417225,78.72032275606631,78.8029645642193,1
63.84039631997531,78.73187878195506,78.79551871697126,0
61.49875415504317,78.7438142440659,78.7898730453314,0
69.6201862564448,78.75593330688295,78.78322045849679,0
58.57867241712797,78.7614280502578,78.774301171775,0
60.807289789791504,78.76990350631084,78.76664432929586,0
48.6737488366909,78.77308206696094,78.75435793546136,0
37.22088651438248,78.77437387817426,78.74245555811446,1
37.10331530699543,78.76940507834783,78.73164417965006,1
35.70177685407941,78.76983151505087,78.72251778878623,1
27.970912790350027,78.77028952603925,78.71616092671741,1
27.969154316147097,78.7693547259648,78.71062952394806,1
41.13743296176529,78.7703263199057,78.70644542499619,1
42.83796491187658,78.76712979454305,78.70309063466854,1
53.02439390763578,78.76762673817089,78.70146040031793,1
54.69195477414368,78.76893311221768,78.70299566792944,0
44.7242857054063,78.76059404398849,78.7039042016198,1
44.54310684086668,78.75192597458286,78.70518032389784,1
59.75885451398819,78.75331965359734,78.70832556932032,0
53.80493431949123,78.75433467630272,78.71294308547537,0
59.25081165242396,78.75733468998533,78.71728191125872,0
69.60850815657216,78.75970091931659,78.72046831815716,0
67.54083557950008,78.75723368350121,78.72362403796616,0
61.56412631612194,78.7526469756104,78.72843927862341,0
57.14542467427157,78.75164730402305,78.73103777945674,1
62.68337441194095,78.75194036832293,78.7345166968248,0
55.36928126484274,78.7573985919043,78.73672896945607,0
48.6666913064636,78.7635361288695,78.73946170994556,1
38.00955828452934,78.76547662622707,78.7383883817185,1
44.616732275542404,78.77357262668423,78.74106713034541,1
48.522652072182424,78.77963708442917,78.74410526808194,1
50.972870614610805,78.78727884738765,78.74857473231742,1
38.08873313606861,78.78695080598521,78.75088142151928,1
41.65879057859629,78.7874285476529,78.75381868552445,1
51.31148387468978,78.78924579883913,78.757989887538,1
47.89055325222336,78.78652479628559,78.76124293083558,1
51.68778431536439,78.7893258200086,78.76519390059283,1
49.21971007918713,78.7882312486531,78.76856350418333,1
58.03060415973415,78.78681787290728,78.77220390709438,0
54.332376837172184,78.78784327330007,78.7780246819283,0
53.21699353760135,78.78969399438263,78.78280595227913,0
57.620130476993126,78.7900672682562,78.7867374848347,0
62.65146629881573,78.79030951092483,78.78857240423386,0
51.198637236306695,78.79160654950454,78.78807938415306,0
41.65671062167675,78.78672029761114,78.78467738802279,0
39.11694936764759,78.77701372419887,78.78048327209878,0
41.37233773405799,78.76729796007196,78.77388549258089,0
42.252184994205194,78.76330359519662,78.76798482600722,0
31.807851404383143,78.76242155257836,78.76277240636875,0
31.448008312292032,78.7521685615019,78.75707557920762,0
28.229623570314146,78.74259476164852,78.75301407031483,0
27.665047540071967,78.72658791921245,78.74645838722037,0
11.010949090435318,78.71346138014825,78.73874027595221,0
6.46548426836668,78.69348405459883,78.7288389846108,1
16.698616302444947,78.67242132188565,78.72238719618915,0
22.39490630146824,78.65556240616401,78.71550649077685,0
21.575121834449774,78.63435163312757,78.70970172705948,0
26.94862654464319,78.61964544118118,78.70667212938609,0
35.067870720261155,78.59891228408719,78.70400678939014,0
31.895167206274223,78.57416642768915,78.69975864698361,0
26.875637400977794,78.54438467695056,78.69244401264365,0
25.794317786586802,78.5165333068625,78.68560891719378,1
25.219936221712786,78.4878036326027,78.67556332931267,1
33.407226765654414,78.46394872554572,78.66680695655414,0
33.5037137018427,78.4478432968993,78.65676401151416,0
36.18305100482931,78.4298552485146,78.64485212661755,0
44.22803440678451,78.41793947707647,78.63682366581607,0
53.91346191462294,78.40629437986819,78.62973218812135,0
36.60242326744681,78.3848470215897,78.61538335356572,0
32.2810900218758,78.3643026396576,78.60106276454958,0
31.28130647193389,78.33945816353743,78.58586345973566,1
26.50809762858809,78.31718070246461,78.56945030047959,1
25.694477373856685,78.29400142954688,78.55344737437048,1
29.38665451301908,78.2777668141994,78.5388869200464,1
35.681358149707776,78.2588335813584,78.52526170712328,1
39.39743733909837,78.24111963984622,78.51117819938617,1
44.77737700056602,78.22830132827015,78.49806282160581,1
42.467188929273206,78.21520602656648,78.48734008846488,0
43.31947871081594,78.2023910099069,78.47877254286207,0
51.1231352308074,78.19676872905774,78.469037087933,0
42.25968509437769,78.19649451133058,78.45918698340422,1
38.27955061424713,78.19432076987631,78.44842568618922,1
45.19375578369894,78.18867400326361,78.43625260822404,1
52.9568856024184,78.18290091374601,78.42499590299138,1
60.65857200150754,78.1768432716829,78.41180300065166,1
75.40765576208916,78.18216204111258,78.40310702454835,0
73.67141465167084,78.18057734321692,78.3933242750994,0
73.04481135151379,78.1774626018067,78.38542472938279,0
73.72307385879367,78.18750868387625,78.3756596779533,1
64.1261155441423,78.19562219328813,78.36417433254479,1
63.235192203907694,78.20918360649036,78.35365930457876,1
61.36484781463375,78.22535038841035,78.34356354854124,1
58.89592832642173,78.24101727377706,78.33373047951137,1
58.45964740756235,78.25925461879646,78.32594614776318,0
55.38208772832999,78.2738430994142,78.32011082784452,1
57.921395909882506,78.28592663168482,78.31474336238053,1
73.92753921071416,78.30058250165709,78.31137663823988,1
66.23004654587126,78.31122449661959,78.30650844903407,1
64.85134064835607,78.32030528134909,78.30192603437037,1
62.804117307467244,78.3327190808325,78.30125729566525,0
67.09047221709034,78.347613610053,78.30119452276601,0
63.566503489369595,78.36182645374534,78.3025211000024,0
64.4414983726688,78.38452090503513,78.30467641817879,1
67.79966537261762,78.40212813740285,78.308453536113,1
57.484202464474976,78.41506239423049,78.30885942958962,1
61.94820714001092,78.42311963094281,78.31012991445988,1
58.287913078822385,78.4289844275384,78.31117739286374,1
61.8970838246159,78.44227397512881,78.31447614296185,1
63.66794786808533,78.45231185917753,78.31701950798943,1
67.827636698676,78.47251474692374,78.32351366023863,1
59.19441727815373,78.48728688946586,78.33082018958487,1
64.26446282136774,78.50517732239874,78.33902115475574,1
66.47528534229346,78.52559273784317,78.34884612160755,0
63.162179976172624,78.54497191940071,78.35835542530516,0
64.32797778067322,78.57023584814117,78.36906784834126,0
64.35527031466158,78.5930687848718,78.38002877692342,0
57.37707121914395,78.60721574873851,78.38708714690469,1
59.26853542839516,78.62341905710888,78.39335831993034,0
66.36334233107135,78.64125574009923,78.40448952177415,0
60.6000820363635,78.65024618451031,78.41563471360634,0
66.75944233375553,78.65862011777425,78.42885930446073,0
60.04730299106142,78.66962262989898,78.44349787097615,0
57.72614480660789,78.67523757504128,78.45717087637654,0
49.71700500906081,78.68388121340101,78.47089929579364,0
56.502512316874395,78.69659713795696,78.48396485222902,0
45.63610214923548,78.7028014560635,78.49480264094679,1
47.58177014670179,78.71494737787589,78.50583581270604,1
37.427534277781305,78.71694554000854,78.51517194833868,1
26.999406774880455,78.71904565445556,78.52368136580888,1
29.66240330997239,78.71466080328543,78.53067048992972,1
48.767785566634124,78.71890836662308,78.53978573170187,1
50.47696009540656,78.72053610781104,78.54950728992964,1
52.483557968127165,78.722254486759,78.56227831500571,0
53.72452826027247,78.72039607722957,78.5733534906986,1
51.34299679007515,78.71523868726716,78.58442601457496,1
48.64776227238442,78.71149682383201,78.5917626900112,0
58.116358833652406,78.71280286185348,78.59997735435931,1
52.64523650313571,78.71333697857212,78.6077080706365,1
63.35641526902168,78.71739132301892,78.61644257743124,1
66.34304874166284,78.72175515631564,78.62608789881735,1
48.50549891370601,78.71986752098698,78.63313287025939,1
66.76298246034375,78.72558459002002,78.64359155162002,1
67.64814125558402,78.73313463047796,78.6540178190569,1
71.33332276487072,78.74358481008348,78.66463137230845,1
71.426779649959,78.75931379004429,78.67815312848106,1
73.27184578736095,78.78023431292631,78.69252571344339,0
70.75060247045724,78.79805044384906,78.70482298958282,0
73.3436022297451,78.81921873086284,78.71836964203597,0
66.33736993812715,78.83779404745115,78.73067687224972,1
71.19327282220557,78.86243664698955,78.74255751639254,0
66.59409628401471,78.88005911330531,78.75276393300281,1
66.77583228302403,78.8962715159922,78.76328531482838,1
63.78748660662684,78.91113287201023,78.77292310179575,1
65.03932589480895,78.92659210846797,78.78313907912462,1
70.49802021444458,78.9402219314007,78.79448982944305,1
66.93924186203728,78.95841505783423,78.80588086076776,1
71.4863005660611,78.9786922122995,78.81986046826376,1
68.8625775670748,79.00092153049009,78.83116709278102,1
61.541542762163814,79.01766290400097,78.84258299536062,1
62.01386838844876,79.03895191733673,78.85266276698253,1
60.37585896661313,79.06414680156975,78.86387683510095,1
64.84759316506968,79.08567664548845,78.87579128085589,1
73.29599025168683,79.10859185234128,78.88721746485615,1
71.16812917026114,79.13126636099912,78.89914914894781,1
77.16989886803846,79.14914196566988,78.90971557549254,1
79.64808513163601,79.16425609536797,78.92100063764185,1
82.02299470600428,79.18388928351021,78.93549240349151,1
86.1319387355401,79.20959461689003,78.95283986594843,1
92.29465110178226,79.24430047016773,78.97189476427712,1
91.97279064783163,79.27550951386104,78.99266284813281,0
91.7312146084219,79.3112939114531,79.01383345047435,0
87.61176657677574,79.34626368038951,79.0339417350246,0
90.85794010491628,79.38186237747792,79.05557302277042,0
82.93425541711846,79.41488838179116,79.0755419464807,0
86.78431575335787,79.45118944041603,79.09632675042668,0
85.3717791514436,79.48448497510637,79.1185542683849,0
71.6730023000761,79.50852097083774,79.13728990544848,0
68.6620921227877,79.53166048532026,79.15705307090569,0
70.47598491150666,79.55738724760407,79.17791963262002,0
69.77830018792643,79.57947598949082,79.19858884146468,0
67.31847184268159,79.6041775069223,79.21798449122065,0
50.73316093796115,79.61962661538506,79.23542748388552,1
37.78940385169856,79.63225322360259,79.25121695959358,1
38.853330727979035,79.64427166992488,79.26869938602594,0
34.6336132102638,79.65665332391555,79.2862814301519,0
39.38495359533675,79.669890461945,79.30435809288706,0
34.81303889210389,79.67749418646173,79.32136893333481,0
39.09333855600959,79.67818109331921,79.33877751184727,0
27.41209796095184,79.6665733360922,79.35156756950643,1
30.325418932178636,79.65485843939379,79.36590416136409,1
49.04408019575203,79.64701782568073,79.38469357235185,0
44.08668636162811,79.63740392172014,79.39866946770464,0
38.44596204365925,79.62385654384656,79.41186178811785,1
41.01303216413414,79.61462392956723,79.4239575942742,0
46.09986801112682,79.6088844600117,79.43615501841364,0
51.43141370729963,79.6017344746808,79.44715433308669,0
49.49501178145532,79.59692264667913,79.45683878658052,0
43.91613870543504,79.59132366656323,79.46589504518585,0
40.22438892381891,79.58112752390224,79.47525302320045,0
36.4721065737485,79.56907263412978,79.48124323632078,0
37.19197828684116,79.5549107672592,79.48792515280218,0
34.49560327378127,79.54207278406746,79.4937479911156,0
38.98717921322123,79.5292362916077,79.49845832743256,0
34.69006974386015,79.51334148926703,79.50339913834557,0
23.560053393155485,79.49812704201682,79.50944347439834,1
22.7024796740495,79.47731476614982,79.51191797621328,1
28.363141816202884,79.45949950792006,79.51369185158302,1
23.708977199819273,79.44041161073447,79.51457354394503,1
16.789516151129135,79.43093060321212,79.51687464919088,1
23.891395413616266,79.42123530142493,79.51881751499936,0
25.837585682309623,79.40405805965996,79.52065807558793,1
31.58553203299759,79.39221996716402,79.52128679637488,0
32.298090692523516,79.38071856264497,79.52071247223932,0
44.23346361902205,79.37201464340959,79.52025690723839,0
42.003577133771124,79.35608327559646,79.51893154238427,0
48.445974893577954,79.34127776282023,79.5179630000676,0
51.752691767060355,79.32979044551918,79.5151992513841,0
45.89283883371509,79.31574188909433,79.50835395406756,0
49.5021081240058,79.30782558707088,79.50066306996172,0
53.733453433172755,79.30008700665618,79.49107423343885,0
43.56018091270396,79.28792726831054,79.47857849554516,0
35.375614717911375,79.26960274321938,79.46308361624754,1
29.61060768418686,79.25098293638862,79.44610655099684,1
32.57451266059415,79.23647287430609,79.43203293535154,0
39.52566832436742,79.22525772082545,79.41907078656212,0
35.10723907138545,79.21628502916283,79.40463799783588,0
36.241624864729005,79.2048721892904,79.39223233896409,0
28.740289352319067,79.19320063443065,79.37918960358918,0
27.657661646852304,79.17503480066236,79.36393367041421,0
24.124083357285926,79.15139957866583,79.34758695066937,1
29.226969806112336,79.13258748679691,79.33202206753778,0
33.60820648109848,79.11341796410133,79.31880333586138,0
30.679529778459994,79.09776570129448,79.30691746331608,0
29.214859754557665,79.07369894684362,79.29202781800588,0
33.4556743712251,79.05248581508141,79.2772645388506,0
34.9839198688948,79.02289088129186,79.25916316780634,0
41.641361162203914,78.99654651128051,79.24282018131161,0
36.06005476042453,78.97424213247112,79.22677836972834,0
25.110872238101408,78.94484247293946,79.21197072470062,0
36.072299295570346,78.92248381884303,79.19812438521855,0
32.44280923605632,78.89985300171817,79.17971256596014,0
36.03474632292932,78.88800762859307,79.16332509899672,0
42.27909931573635,78.88067480537357,79.14883385560766,0
41.38630538736474,78.8650913535596,79.1322199049485,0
36.74433030522752,78.84541166392684,79.11368166812818,0
30.113526522145023,78.8228554762085,79.09308639844696,0
23.75205426641358,78.79254478003931,79.07048119230816,0
24.156268966977734,78.76035521864341,79.04680222442126,0
22.809164470174323,78.73044469237198,79.0236605378021,0
29.607087537444244,78.70554651440277,79.00217650277855,0
25.770789885170288,78.67776386402588,78.98116330624445,0
24.89692059136611,78.64868359754502,78.96144766125241,0
25.50683705708282,78.61556251914814,78.94144795433226,0
14.918470973719408,78.58499653838524,78.92068983765316,0
16.024439139656778,78.55120268252736,78.89849479505484,0
10.886699787356847,78.52084128759753,78.87657377638543,0
6.41228604936677,78.48596960982887,78.85340822207515,0
7.724659051037136,78.4505156819979,78.83081999823371,0
7.379373318382008,78.41751154632435,78.80660310194551,0
8.299241255749905,78.37840419811258,78.7809919438936,0
18.631559458799956,78.34712589417036,78.7569396997643,0
19.98011139672218,78.31261386485048,78.7314826580713,1
18.32232503641933,78.272190168895,78.70542249810767,1
17.521862983392637,78.23742863950369,78.67838550338612,1
19.393982779494934,78.2036158625541,78.65269470291123,1
21.505066986563776,78.17597819234543,78.62696657025704,1
29.794660470838977,78.15923300462863,78.60225821595195,1
35.436171794538154,78.14726243739238,78.57941044374049,1
40.03267056010202,78.13731365163244,78.55545576362671,1
62.04162570228018,78.13282546088041,78.53527188446824,0
57.48900924333495,78.12410551523496,78.51563460501421,1
53.78304221935263,78.11325892077528,78.49891013227477,1
61.07837508147451,78.10861555433924,78.4845010015125,1
63.56550247485808,78.1060778540877,78.4685318295658,1
63.79563644673293,78.10882222170002,78.45192059540466,1
67.64012522640252,78.11592820720965,78.43643104760416,1
81.17426891453431,78.12919356107116,78.42313677078744,1
72.2704039207035,78.1390695542348,78.40916756615536,1
74.88091471162645,78.15494058415906,78.3985654153442,0
76.60720437534651,78.17549460347523,78.39062995381737,0
68.26912444165838,78.19008254995367,78.379937725027,0
68.69663499274336,78.2082119188994,78.36940023999053,0
68.40159741626574,78.23036891000952,78.35846378159368,0
58.04430071954555,78.24886608548469,78.34845235884256,0
55.092064988680114,78.26061726828476,78.33594728419259,1
53.194898017223906,78.26817974579579,78.32508211605861,1
52.19253601720503,78.27600347957559,78.31404100326998,1
54.71093028352725,78.28494850818818,78.3036929940273,1
50.952390983062934,78.29314397642611,78.29477636502138,1
53.4252235236999,78.29641908362471,78.28484599038092,1
51.817642432563176,78.3066773833339,78.27836435766051,1
56.981588673615015,78.31925402532846,78.27140869096893,1
47.93256583538956,78.32654134316617,78.26284761662954,1
44.20184200741516,78.33476511954106,78.25640133595839,1
52.72124418536641,78.3421440306574,78.25061354209689,0
52.937756450507806,78.35110579438928,78.24773117487646,0
57.10229648410761,78.3584798023128,78.24951077969685,0
53.20715418046879,78.36473523065322,78.25091957095928,0
60.74543642952492,78.36518485574113,78.25246148069186,0
55.657118708363264,78.35601282600291,78.25081647845742,1
55.821756260881024,78.35297634687379,78.25002271816616,0
51.069825287423804,78.34729714930026,78.24884566069262,0
54.16818162247486,78.34310253998629,78.24947978992894,0
43.436078787299934,78.33618918851393,78.24892941889404,1
45.69408112031769,78.3395790472533,78.25129783008293,0
40.62772355086026,78.34239168716383,78.25370227588512,0
46.66465807615532,78.34541403702879,78.25781877414994,1
45.24561077763983,78.34625804687877,78.26198993997966,1
42.271770167174644,78.34716851946726,78.26663915427855,0
37.87274578314352,78.34467415292954,78.2713539723077,0
30.92029699179004,78.33721975680461,78.2744019027142,0
42.72282813990858,78.33333587517777,78.27969749509982,0
44.83768244873447,78.33175598012181,78.28667394112026,0
47.65698711968316,78.324819398291,78.29135763947332,0
41.719020939597286,78.31515429846147,78.29522891645983,0
43.42389344047524,78.30377644028333,78.29885047405162,1
46.05047700272774,78.29249215811718,78.30281444109227,0
50.42283041643612,78.28359032577342,78.30545072631169,0
38.80760818833706,78.2746050072958,78.3073780229572,0
45.49875897783372,78.27164165598225,78.30634295649816,0
46.23977328826263,78.26907230937744,78.30800943582315,1
38.0434069014325,78.26288534362891,78.30869622983407,1
42.414077476296896,78.25692943270302,78.30880534127446,1
41.50257956641041,78.2541428589468,78.30815542083768,1
43.00262234805147,78.24595501435104,78.30615094714335,1
47.28197589503629,78.24777009137694,78.30643902955204,0
46.242160389060224,78.24654483905388,78.30475928534304,0
57.200176819991576,78.24731379186446,78.30528763503152,0
62.814051636273504,78.2509289854384,78.3050345147903,0
55.25843128809824,78.25169293548475,78.30183330511151,0
42.79006601447663,78.24867924420107,78.29784058041317,0
49.05938844694718,78.24417826512847,78.29408403359146,0
46.859848898405886,78.23624867507942,78.28902584714824,0
41.127856100665824,78.22709376197389,78.28264871006901,0
41.7641967130434,78.22234557284398,78.27992023828352,0
42.84208695573476,78.21401159810272,78.2771832149744,0
38.37909235205965,78.20045614923195,78.27259550895481,0
47.43521394112404,78.19495904422348,78.26945494072581,0
43.65185875851137,78.18596093899302,78.26450480798397,0
33.157639242447544,78.17297045209284,78.2569635038854,0
32.623244138544194,78.15581351062181,78.24766388673832,0
28.88477535186061,78.14219045239007,78.23787080065873,1
24.03951839107056,78.12420260178298,78.22786984472118,1
24.08355578536785,78.10405984663322,78.21587331167454,1
34.30931432603343,78.08963220135014,78.20514621542046,1
31.851912600332255,78.06976097804753,78.19390110301534,1
36.99130469270862,78.05232850010171,78.1822987644586,1
41.3590850094853,78.03210467496721,78.17223541275713,1
37.81533326645541,78.01053018864246,78.16317264795082,1
45.779629449184256,77.9955622499629,78.1576530746955,1
44.9530749315209,77.9832623317541,78.14995497436529,1
36.096670674772014,77.96921993568105,78.14285314814379,1
46.893935499837845,77.96073743617312,78.13607980562296,1
61.046382216052564,77.96227661731938,78.13308368159117,1
70.13150945383471,77.9666995093348,78.13076842311614,0
71.80849226957102,77.97452519432154,78.13003661783749,0
80.15606626388711,77.98832606143483,78.12976031871723,0
70.81648632290575,77.98760888064928,78.12599527423401,1
70.92555373355418,77.99692886503384,78.12440894621061,0
66.55942698730587,78.00789758788571,78.12225287786788,1
63.865888008166536,78.01954560269898,78.12059422509607,1
65.69338248639518,78.03332160727506,78.11786509349764,1
64.19861389855146,78.0494019320336,78.11492822548591,1
62.11854996592043,78.06970301428206,78.11382675807096,1
71.33505099732987,78.09027193016821,78.11519326810316,1
68.71211380997286,78.10881863388663,78.11591798045666,1
61.692910239456886,78.12214075010226,78.11415820125264,1
62.43928980243277,78.14156663009084,78.1154259344841,1
58.20616096207081,78.16174055697584,78.11802686782283,1
63.57856286949154,78.18503321863959,78.12300969975846,0
62.87826358226998,78.21414414863503,78.12798371006834,0
69.45345689376641,78.23827483956832,78.13300894651955,0
67.13826717594642,78.26225996206712,78.1382120173686,0
65.69999679363625,78.27833565972318,78.14276080190173,0
67.04546912448308,78.28834568586099,78.1477246917201,0
65.35292019900513,78.29789969663493,78.15008845994069,0
58.00947674889633,78.29881978178067,78.15067029580794,1
53.95556132131202,78.30554729574443,78.14928867578601,1
55.95302346297227,78.31432989740222,78.14976931099612,1
58.21742302367205,78.32613037109134,78.1520278521105,1
62.22416868337703,78.33813396137597,78.15637611196603,1
62.23593032264805,78.3544472888868,78.16197270300097,0
58.82921851812954,78.36999633101257,78.16842728785917,0
51.316304069387535,78.38464404629762,78.17684687180045,0
51.862269943021055,78.39743474232856,78.18522893589697,0
56.443139748472205,78.41016963785891,78.19438119635913,0
49.78213423634673,78.42396174745488,78.20356044054179,0
44.438946960100985,78.42501027838938,78.20744642815045,0
41.14757029604488,78.42147551174945,78.2122326969254,0
38.5244599264753,78.40895207198619,78.21740234771578,1
44.44471375103269,78.39421339300499,78.22334366302161,1
45.19775444454473,78.38171980631321,78.2288206880888,1
44.97163520175148,78.37395540824326,78.23811313995272,1
40.2100786797732,78.36596649393452,78.24752346082225,1
46.71030664717524,78.3623407090529,78.25680809480122,0
39.834359793942625,78.35964103775221,78.26604048382256,0
44.87287693239123,78.36454065454004,78.27555515758327,0
48.2438513643689,78.37432552964847,78.2861770176585,0
37.43393558771853,78.37024737782579,78.29365618666945,1
38.45749268641993,78.36538550581757,78.29995715445237,0
39.813196299025364,78.36025300402187,78.30717238087314,0
43.34705500995325,78.3458850380255,78.31263874393876,0
48.81217503109229,78.33419954547836,78.31781213158126,0
59.15281189100781,78.3281774847438,78.32320721877024,0
48.519567379594776,78.31067493654272,78.32281910678014,0
48.75927929953952,78.29275988960386,78.32167507447207,0
36.945485725873816,78.27329601197314,78.31754842075712,1
40.17409891764023,78.26112383876335,78.31685241139608,1
32.3789119446712,78.25086778490223,78.31380826487276,1
29.6914236590069,78.24168157850774,78.3109159439646,1
29.02475852591668,78.23415183153267,78.30918615455508,1
33.654368293769224,78.2336442650463,78.3089497511973,1
51.583820413374475,78.23471258012493,78.31223739918923,1
49.03508720988506,78.23677571977102,78.31435254301783,1
44.349508711092064,78.22875428227871,78.3122010356454,1
49.520607156867115,78.22179322584944,78.31123032060769,1
52.96270338439107,78.21734448480392,78.31363665146392,1
50.304297328681,78.2131051972039,78.31479244450372,1
64.68543061636404,78.22085877945025,78.31730347565923,0
66.04871525904831,78.22794090809991,78.31712023023651,1
69.03890215085372,78.23393195914362,78.31508750507658,1
69.1362037156491,78.24383160020524,78.31486144819353,1
69.10495740345868,78.25125615303564,78.31341060796868,1
73.5261650517548,78.25538423006203,78.31402664690577,1
74.05080671557458,78.27092524142427,78.31585092900545,1
72.95636948207971,78.29142989194159,78.31908715259472,0
67.96436080280495,78.31743213648448,78.32499336263864,0
73.1873560186629,78.34398313013585,78.33222674515265,0
88.46110438533435,78.37404993132704,78.33769627844268,0
72.78413202202968,78.39983567686824,78.34039806627536,1
69.02766952527372,78.4241304702323,78.3435847580976,1
66.51091722150797,78.44347748136911,78.34456182819022,1
60.65394954634319,78.4551638090159,78.34630439039057,1
61.722022055794056,78.46889168349387,78.34805159789634,1
68.80728651629995,78.48967508128166,78.34909717122666,1
63.47803667935453,78.5069034890657,78.3499238610904,1
70.47228451498911,78.52264115326923,78.35310841378967,1
69.83553409779233,78.53731905946731,78.3597159569349,0
66.70871137231785,78.54743270805082,78.36768635417978,0
55.90439460664816,78.55605976530788,78.37596330756519,1
57.621490382964495,78.56916412611237,78.38506779831951,1
57.409812265850526,78.5825568110075,78.39519625007124,1
47.45823436658993,78.59460907966962,78.40167207653921,1
62.904922620586746,78.6044031523536,78.4094013102734,1
65.38197707326535,78.61313254023068,78.41616766147655,1
67.93530360050333,78.62030572741186,78.42335302845859,1
69.18502395153251,78.6274075646833,78.43014012669595,1
70.44869681532684,78.63402792409963,78.43610770293311,1
72.75190977048833,78.64138187835121,78.44615007865285,0
81.84183604409577,78.65881168260938,78.45776853699208,1
80.95081370052971,78.67790725573118,78.47064645878132,1
73.89496495910043,78.69498352993219,78.48420122495288,1
64.69722640951214,78.70805241262073,78.49584553724752,1
65.81768577659221,78.71968185096307,78.50465334438404,1
69.74916065313118,78.73611646128009,78.5192737811216,1
69.97851446273332,78.75524639678932,78.53491846396459,1
80.24284729646122,78.77754554567359,78.55480822726985,0
79.79354200424751,78.79797458409021,78.57445625506564,0
76.77658897707963,78.81711105029079,78.5941836603352,0
75.03117314490945,78.83820759121552,78.6145737126483,0
73.16050272599207,78.85644778262035,78.6339861787546,1
67.71892711487823,78.87159239753868,78.65037550306819,1
57.63338948474709,78.88548593751862,78.6619814194967,1
54.597002227029854,78.90114058566888,78.67514725663254,1
55.963997178420605,78.91814873328282,78.69192544187821,1
67.27985954254504,78.94115590354218,78.71109809953568,1
70.82257434481927,78.96125622960597,78.72770482461678,0
71.97737276715429,78.97994885892129,78.74284516762008,0
61.41820735321965,78.9929689291915,78.75499413854934,1
64.30994583468859,79.00564710448934,78.76885101554784,1
59.623274456544216,79.01857877753983,78.78450518613981,1
55.40999034305515,79.03058789315884,78.79890374213433,1
52.27151164894916,79.0430798561592,78.81257501849694,0
56.30162563749256,79.06030084985409,78.82661999230086,0
58.05230802283827,79.07257255041239,78.83993270471686,0
64.17951328385539,79.08635716569202,78.85288937346475,0
65.55655081381856,79.09062559543335,78.8640856108494,0
55.26443656541747,79.089333136719,78.8725962576989,1
48.17254969591491,79.08609381381969,78.87900121333227,1
40.38417587410983,79.08526215762933,78.88874430495274,1
51.104209750500765,79.09140085309039,78.90089433189783,1
50.81194248402278,79.09862507837843,78.91243454187193,1
60.92511109562332,79.11668800469735,78.92659109776926,0
60.14211263450689,79.13580039633041,78.94191074176716,0
52.50123011396823,79.14716209085744,78.95492024570851,1
56.35962880948093,79.15146705425593,78.96892352561177,1
62.4538021057033,79.15988522514705,78.9826024533679,0
50.75144412619015,79.161732399691,78.99261050370954,1
51.54266444704596,79.16806066561567,79.00324532157528,1
52.7482101278762,79.17454364283472,79.01624456655858,0
56.787814083693874,79.17971073534274,79.02872382983196,0
63.9485686429937,79.18745901724566,79.04086462462959,0
67.21915001427418,79.19751378389873,79.05373690018858,0
64.34229132001576,79.20382081171638,79.06638705604598,0
52.07242626270972,79.20518761735704,79.0767547355674,0
51.00187084417448,79.2019748378946,79.08555701765783,0
38.58857226004493,79.20023947011751,79.09321837302309,0
34.17188426428238,79.20480437087315,79.10090683640831,0
37.306795039146316,79.21037252189504,79.10659747074979,1
32.6297547921007,79.21101834415573,79.10962696957127,1
31.88956808756504,79.20738808124119,79.11268666210184,0
45.33692734563354,79.20629009303373,79.11695716711255,1
37.4106639381523,79.19627560539557,79.12188037487921,1
31.315451926995422,79.18523051904027,79.12813020899803,0
25.294670477053998,79.17716968295677,79.13134153437919,0
26.2016589744634,79.16862986023159,79.13427691098867,0
36.11162247309041,79.16043575160691,79.13575853574122,0
34.45118609612561,79.15801797161707,79.13662785872029,0
34.47645599768751,79.14985095437612,79.13634128320942,0
36.95868133818849,79.13750830069412,79.13596485035004,0
32.84571307289558,79.11959307868196,79.1339819482566,0
30.9134391952025,79.10099765784649,79.13262672875271,0
31.93565612596845,79.08206484093861,79.13236846155657,0
26.84974933809322,79.05609740717269,79.1283697846475,1
25.112832167421274,79.0355287635575,79.12370674767726,1
21.725190455118423,79.01656175570564,79.11571935852322,1
31.930111284514467,79.00263918404292,79.10977155479786,1
29.924305932925662,78.98903719805568,79.10454217206207,1
36.312940508197755,78.97951832419986,79.10121722875314,1
42.65492405589236,78.97650607314644,79.09797055703412,0
36.766332765801785,78.97067487762875,79.0935251021374,0
39.01834486939205,78.96366845182854,79.09018939058042,0
37.50245678097774,78.95340053115882,79.08600864487906,0
44.799506515885845,78.94544343375821,79.0821872425597,0
50.18247105814937,78.93845996038621,79.07769649836871,0
46.82151282258232,78.92810250139479,79.07097504526979,0
51.45211791584064,78.9169939800036,79.06630588956934,0
52.768940954174,78.90092080087925,79.0612629243844,0
48.418379710635,78.88720318719092,79.0567850325579,0
53.18263865007834,78.87680697271556,79.05258277638451,0
45.99921831918167,78.86933858720826,79.04515704190375,0
42.09786674255498,78.86048421416203,79.03737038306616,0
36.69231260585454,78.85120509612224,79.02617529812653,0
24.20576925631839,78.84337045286932,79.01139780726307,1
28.7815728811524,78.83611386203856,78.99928745614972,1
28.50430672270143,78.82904642050501,78.98675110502286,1
31.782972954366585,78.81739684588862,78.9727762030945,0
22.792449243768374,78.80422272984211,78.96153830412251,0
23.22348337859833,78.78877182447886,78.94950169229841,1
30.657690716093086,78.77161796277178,78.93680028500893,0
24.895724651649033,78.75471643997739,78.92352738399127,1
27.345503714060087,78.73353700605267,78.90862058610323,1
33.622303297526955,78.71913373836479,78.8946566266655,1
30.25549442078443,78.70238541156836,78.88161308250046,1
33.75657783252943,78.68674353790736,78.87031886658885,1
45.348522840685376,78.67765941272582,78.86124887520229,1
47.96567049258939,78.66633630382287,78.85274462305146,1
70.14986270221017,78.66538886933913,78.8454967237708,1
72.86139811672459,78.67023031456351,78.84072814962529,0
75.91872674628856,78.67404637295692,78.837793987905,0
71.69563587487602,78.67688260552414,78.83295485161692,0
72.86117882904833,78.68156833387141,78.82748167940123,0
76.30485747994177,78.69147336761958,78.82425440301613,0
63.951352834325526,78.70297738628634,78.8184965541615,0
61.946909930667054,78.71099592828395,78.8128179542806,0
68.34141116679395,78.71832014464957,78.80662721879006,1
60.71096821739691,78.72377540995907,78.79811206643537,1
62.11418829969266,78.73282494104758,78.79146109189473,0
62.723733322174105,78.74301775191893,78.78676841131553,0
54.5174740166728,78.74891509277931,78.781363001843,0
56.920204799014236,78.75688415287387,78.77844381366803,0
51.19595176833746,78.76863446934456,78.77567531070244,0
39.06141942060624,78.77577182484983,78.77213942022996,1
32.42508344716414,78.77909726117097,78.7708130240998,1
38.242963250507024,78.78314895927988,78.76936694487782,1
44.51432978688917,78.78677488745527,78.76933412790213,1
34.770626022078844,78.7887717925317,78.76719766644698,1
45.28923191299647,78.78898370780107,78.76547532766894,1
56.24747112456019,78.78974648956786,78.76481941577248,1
51.307839066253536,78.78470244731203,78.76107253757122,1
57.52140208793268,78.78313913123209,78.75794055305826,1
57.344295383049875,78.78460788858006,78.75585745410183,1
55.10241667894656,78.78186776482461,78.75564129648245,1
64.46134863868326,78.78776039805075,78.7554233398785,1
69.30587736382232,78.80183779068022,78.7581690863982,0
71.11437462199481,78.81808226447724,78.76261912402302,0
75.25124250607237,78.83631308882075,78.76583970996222,0
82.0025409860797,78.85488621842947,78.77304725891481,0
82.621276899128,78.87493861978308,78.7818625843524,0
65.97690216277971,78.88925990145947,78.78634417334058,0
68.42250074563766,78.90166457721094,78.79137420966912,0
64.99194890647924,78.91332111423229,78.79681007073056,0
61.453496437451506,78.9290360117128,78.8032717864662,1
67.5984138393443,78.94638308235564,78.81201807589431,1
65.93215025227823,78.96208828173044,78.81975671275455,0
57.736434978686454,78.9721083499131,78.82655889966537,1
61.04804603349596,78.98598271125408,78.83463201259316,0
62.47607433461482,79.00337641433597,78.84513680146648,0
49.05450150283417,79.0131011716886,78.85455115465639,0
41.33746330763383,79.02237957094563,78.86137718084078,0
42.32850081027569,79.03060003075082,78.86829398936763,0
36.55803617132497,79.03611034914952,78.87688679134058,0
38.57043559870565,79.04562168392111,78.88623647470497,0
44.09904392006766,79.04734003672297,78.89340518994035,0
41.63088570824672,79.04041019987605,78.89963575118567,0
35.18956033235641,79.02561831836411,78.90180268627834,0
40.33682033025454,79.01590205941557,78.9056660121993,0
42.18009096101569,79.00388467985076,78.90844558311944,0
40.92763259882578,78.98773802179713,78.90886566724585,0
39.50976929870539,78.97539337293078,78.90688297333013,1
32.71201041118428,78.9591810732206,78.90429359674769,1
25.975353398512567,78.94552078309735,78.90239105042093,0
25.453522755436737,78.9271198865566,78.897530394041,1
29.25689533849814,78.90965853923139,78.89469053707234,0
39.90278205816488,78.89890127305537,78.89491885066313,0
38.97756273650732,78.88977608088277,78.89514127415865,1
30.91886271856643,78.87530118020378,78.89524232069105,1
36.00073824024196,78.85679497201974,78.89472481385533,1
34.15563897562875,78.83711121155622,78.8921885385113,1
48.571829983051735,78.82725982370668,78.89271507321172,0
48.683862992163,78.8217709061685,78.89424869068549,0
47.06377564817154,78.81585462073824,78.89577485189805,0
45.531142429976384,78.80340807887674,78.89729097631573,0
48.82013545433368,78.79350459414124,78.89916812312845,1
52.79116621639151,78.78436858396896,78.9001236010613,1
52.66555095392214,78.78321692126156,78.90037949980086,1
62.10235913823447,78.78100618489525,78.90255976914473,0
56.55792173664631,78.77473703215257,78.90274691286007,1
52.59351801125452,78.7731172946499,78.90221398927866,0
56.70933093537947,78.7776158501733,78.90404833447462,0
59.02013194629007,78.78438875516645,78.90479344632143,0
52.26614903253797,78.78643092287145,78.90312026413748,0
58.76165443063388,78.7923259534296,78.901713669483,0
45.514469616258545,78.79455561863281,78.89740862530516,0
43.367082817256296,78.7935753352792,78.8916138685027,0
39.45313114432459,78.79015021270375,78.88396845344926,1
46.124962323213516,78.79147886244165,78.87730863013941,0
47.728280714790905,78.79135042222678,78.86931049537426,0
46.489483957415615,78.7933158324196,78.85953942356592,0
43.938147802277165,78.78954108803775,78.85282754784303,0
44.15972806458159,78.78474220238239,78.84747974075407,0
43.484297505031286,78.77670623869622,78.84112890168362,0
35.59185160248502,78.77020243434103,78.83375754536704,0
28.691096790979373,78.76267551282295,78.82568509531538,0
30.160685604611217,78.75595868961449,78.81767176421491,0
31.55072024916099,78.74588063678439,78.80988841454938,0
25.44760349308733,78.72697152075428,78.7989552929448,1
25.469033326815776,78.7080196673794,78.78460421407743,1
29.580928398873894,78.69102042967695,78.77338169247399,0
34.568291696370295,78.67284749335762,78.76423550343942,0
32.32679858116555,78.6569435624568,78.75533085900383,0
31.676727415569843,78.64357805803796,78.74610734769287,0
33.37472082223809,78.62968410863849,78.73533863936994,0
32.26805229440643,78.61777859794454,78.72558404979378,0
28.214699287033312,78.60430282704004,78.71717091936831,0
33.21130128900613,78.59468409611372,78.71159476454909,0
30.40158879533729,78.5796631176,78.70281305341318,0
35.19455342725112,78.56569237703843,78.69403357424935,0
27.37463016939141,78.54577739265414,78.68275517190872,0
31.972739454442518,78.52748281962631,78.67366332652125,0
33.10586936965737,78.50137283649511,78.66435644606386,1
36.52449374911792,78.47871717861527,78.65440745989079,0
19.84592767813433,78.45362155439082,78.64435821250072,1
17.57000165004169,78.43089972816058,78.63418157088705,1
20.916336023888675,78.41010796464418,78.62215444085042,1
33.14651301370843,78.39617301638911,78.61244718875191,0
28.92380010626303,78.38296693873177,78.602021596356,1
35.607757124796024,78.37612397236703,78.59233581421636,1
33.44615056835211,78.36455205216924,78.58435802871921,0
31.657043352507642,78.3507944963368,78.57364937249147,0
39.22743542014441,78.3387488446287,78.5621220343879,0
37.12467375537585,78.32685209949882,78.5505063391971,1
50.768907148414335,78.31736483864083,78.54092134327558,1
44.083038341413356,78.30611968418006,78.53063008580932,0
47.5750354519967,78.29123882645533,78.51991901636286,0
52.64453157106185,78.27899487004825,78.50990594406377,0
64.8124122644658,78.2750821249663,78.5004434294416,0
64.59635735642088,78.27026326250466,78.49224406639017,0
49.39524783357015,78.26442607086463,78.47927868239462,0
42.173322580643465,78.25666966266532,78.46528485151805,1
48.615012367433756,78.25342855284984,78.45197236513722,0
42.243292541032844,78.24976016364022,78.4397391561983,1
43.44520016525341,78.25088082099924,78.42778015952858,1
43.33186390954903,78.25050128194673,78.41655983621263,1
43.77717318460222,78.25093678504071,78.40509902075505,0
40.036035320502954,78.24301962470614,78.39359495355288,1
42.760484294094084,78.24379509678593,78.38294809009372,0
53.73634828142758,78.24637083408335,78.37434397895896,0
52.503932213991575,78.24567664985163,78.36530235569202,0
44.90188174834947,78.2435343316205,78.35524666992457,1
39.57228779108846,78.24029797572902,78.34434434372656,1
35.862019288246216,78.23408716548764,78.33345870991367,1
44.11286962298482,78.22408933841157,78.32247610490381,1
50.57333052790162,78.22064589184826,78.31381823741945,1
53.579540600890795,78.22149123095033,78.30613203289721,1
61.40978006957262,78.22558509981104,78.30178772927444,0
60.926401273418136,78.22556040590587,78.29987898350224,0
60.307547612976556,78.22373105301102,78.29852862064281,0
57.813047588636415,78.23079037053586,78.29518665873817,0
62.91230209777547,78.2380003976492,78.29134601323469,0
57.68232841052521,78.24468118000993,78.28706741215848,0
50.13965141429952,78.25201531800977,78.28311406018703,0
50.03414111570679,78.25537969088144,78.27805839242575,0
57.26700436441434,78.26111899726386,78.27389599594035,0
46.66998658530093,78.25982640520431,78.26730845202073,0
49.16507135904868,78.25994103294079,78.25969772828371,0
51.343399058402525,78.25581611180158,78.25340928777435,0
33.66121262880651,78.23978233593644,78.24397996251817,0
33.864639857672515,78.2290077685845,78.23859450606416,0
13.147483710256367,78.21468782729309,78.23012867299127,1
17.383960535777575,78.20117041359556,78.22426337456673,1
16.300552802765466,78.18733689577968,78.21690659677942,1
15.330166387763242,78.17378187764685,78.2105402342062,1
19.31418389782121,78.15839695523799,78.20481712825041,1
32.4881416726337,78.14755845744418,78.2011122300172,0
33.116649103992984,78.13088134724612,78.19567106161723,0
30.77403839768158,78.10748563531764,78.18968646213659,0
33.77192745097659,78.0889774799447,78.1836700236739,0
36.564501468434344,78.06958555622856,78.1772000603619,0
38.815944247121706,78.05088345808437,78.17138159793372,0
41.5688158746965,78.0343491173069,78.16530752122976,0
41.68253353305656,78.01095322645688,78.15675451097025,0
38.331488976765755,77.99049561676217,78.1473107036743,1
43.74986973344782,77.96787883519394,78.1385996563459,1
46.293030233641005,77.95347579159662,78.13220323807725,0
54.799581163590354,77.94358048006052,78.12553197228861,0
49.58807567355973,77.92898720170743,78.1149713184708,1
52.344940025173344,77.92538345802664,78.10602804072697,0
45.30475664335737,77.9207812343152,78.1011365714444,0
39.54380720516028,77.91776179114434,78.09456552438289,0
46.75594632387147,77.91282853253362,78.08802336644025,0
47.13143823434779,77.91514882055183,78.08306205954408,0
43.40276930846715,77.91494796103046,78.07616709021869,0
48.79750199327525,77.9174222123963,78.07158550043023,0
41.81834308610908,77.9083297303587,78.06406940814439,0
46.354222734460116,77.89641099605959,78.05702761015861,0
43.25057172552636,77.88774272212612,78.04726551227266,1
49.574853328892175,77.88038503675003,78.03727570474057,1
43.611838760599866,77.87222244818234,78.02781837969418,1
37.43642770327977,77.86022545011005,78.01805804532954,1
43.93213453487588,77.84787276403435,78.0083374365519,1
41.34466666359399,77.84451283330708,78.00092477809804,1
42.303731583011036,77.84321005110542,77.99495898875183,1
46.80549534651134,77.84233828083372,77.98727661194008,1
47.67173554324457,77.8384532979312,77.9789880648696,1
40.46353537480587,77.83027825890865,77.96740923592765,1
52.58997368897699,77.8323871810281,77.95770202851968,1
51.67248747044132,77.83412893465886,77.9501871933861,1
62.92152772126504,77.83784781528804,77.94395954934527,1
69.74578263367808,77.84886749745445,77.93891236430498,1
77.02056873405337,77.86133705183377,77.93468571516978,1
65.48258850981881,77.86669648183194,77.92893452507293,1
70.30242615450354,77.87781543250891,77.9251413868697,1
78.66731473547988,77.88499915266722,77.92113756259158,1
80.26513427075214,77.90084312808415,77.92047609729634,0
80.53158826061605,77.92167495054528,77.92172117720041,0
80.33010815157806,77.94716169300843,77.92380374475539,0
71.16364280476719,77.96309721528215,77.92660165647887,0
70.04873145052586,77.98028267882515,77.92832834379045,0
70.56621759033514,77.99934140698247,77.93191947720528,0
66.6820908787969,78.0178043353973,77.9349910052726,0
60.11413813548101,78.03291246921819,77.93915500747343,0
53.62609227558212,78.04508128958499,77.9434787535271,0
51.87622323129804,78.05952842304058,77.9477291990611,0
46.47636841360931,78.07183354721474,77.94869810077783,0
54.8730872860921,78.08654204084941,77.94967351336898,0
41.78213301721484,78.09129367052029,77.95122524260073,1
37.315740139692956,78.0898831710038,77.95054946980974,1
32.9049798271724,78.08713972119614,77.95098121533229,1
22.474710278862972,78.07808201130463,77.94979178559309,1
27.967778379211126,78.07128420199231,77.94945974904394,1
40.92326048104077,78.07141259544935,77.95311827266993,1
40.12990074382579,78.06872662849126,77.95643379156132,1
57.43354633710345,78.07505320329186,77.96400730983076,1
60.77125059349453,78.08132273308361,77.97161487389113,0
58.30537810895035,78.08209585631423,77.9771273277019,0
61.76181844393727,78.08348226294126,77.98560176924893,0
60.63029846721306,78.09034243584253,77.9925852476052,0
59.089908034689834,78.09504966370994,77.99803571554835,0
54.405751750875176,78.09815372189468,78.00407624950543,0
63.51500251679447,78.10358096207732,78.01129197709008,0
64.58195758100298,78.10843593907279,78.01646985488182,0
62.33748948621526,78.11383413604119,78.02303322353139,0
63.80913121680338,78.11491955134974,78.0267281346425,0
56.37104395535507,78.11501756524936,78.03137323473408,0
52.10149849481741,78.11433948243315,78.0368449079184,0
54.874038388371716,78.11961616929008,78.04397462146632,1
30.39921765492248,78.11941199874437,78.04616025460749,1
21.931422125353436,78.11721497096023,78.04897822444346,1
22.390143879800036,78.11652783117918,78.05231273802073,1
27.187415401947703,78.11632849390057,78.05684204099043,1
42.79039013978078,78.12227749024439,78.06422413544483,0
44.168769603651,78.12794065013867,78.07032603117463,1
42.06364825217945,78.1188557590149,78.07461430110322,1
38.074586217387825,78.1062450412735,78.07873157122805,1
39.285095179943646,78.09596454625945,78.08340184264222,1
47.96597099459723,78.0895054908797,78.08844909318958,1
56.70543808591989,78.08805284936162,78.09415481348631,1
61.997399799376055,78.09174070467438,78.09959287130289,0
60.16142386227803,78.09693781844976,78.10330437790354,1
60.89292416356656,78.10114563971595,78.10721541224294,1
73.28298251660262,78.10805402681481,78.11301287287496,0
73.71982867244918,78.11603710860284,78.11832189396895,0
69.58740227899898,78.12201963053886,78.12153632579115,0
68.8723590034935,78.13366365176263,78.12450144420548,0
61.1493736484059,78.14604173585975,78.12659162204417,0
62.56490510512258,78.15689162413308,78.12786659391618,0
69.54450275355707,78.17393866527782,78.13049683460575,0
64.05435444890583,78.18844914762734,78.13224481196433,0
66.32259107687798,78.20627745187545,78.13508715597794,0
49.124272942228444,78.2142642893069,78.13542602255427,0
44.53223230790969,78.21553061232537,78.13727139268771,0
34.948760222956096,78.2146249768352,78.1381435060747,0
30.44051194228402,78.21267092934703,78.13587130362582,1
36.774976592886986,78.21603940368747,78.13641391381714,0
33.09103164987698,78.21736934318864,78.1357327635779,0
30.145490064685873,78.21028865111809,78.1360470854287,0
39.730323939823265,78.20153666804697,78.13881621230357,0
43.143861046815516,78.19587061293626,78.14308522799894,0
38.445108868504356,78.187250205427,78.14697165555249,0
36.42275139653447,78.17352192210615,78.14811050028848,1
35.805649933796786,78.15620943739447,78.14693160965301,1
41.11073162501097,78.14105759728446,78.14725428148624,1
45.4362570566174,78.13590503842002,78.1458770598424,0
47.196465906552376,78.12405329944876,78.14159367075155,0
49.035938889908465,78.11628425425383,78.14026698122002,0
49.99852664419965,78.10661507065586,78.13711971700202,0
57.538165299861426,78.09987563133568,78.134310112803,0
47.719689830808335,78.09164829520071,78.13088426456065,0
50.12704911732349,78.082047540683,78.12864468349326,0
52.31616093655098,78.07757018038573,78.12502170987764,0
46.95637268093596,78.06964105236443,78.12175343800436,1
40.28302792528126,78.06620847793933,78.11909324283396,0
42.188290536815494,78.06606052984752,78.11632769502494,1
42.46841882358107,78.05746969951025,78.1133947675215,1
48.34880991885553,78.05292364777266,78.1111664297137,1
50.24952171836868,78.05481825816048,78.11012792097685,1
41.48443126202189,78.05310032407222,78.11229154243472,1
49.871097691169105,78.04715955884345,78.11506306315222,0
45.85409712768256,78.04837818882945,78.1197117986126,1
55.17094753678431,78.05517821243068,78.12365038770052,1
47.59607571402594,78.06175208767407,78.12272144862489,1
50.3836925037338,78.06298237417727,78.12127097110168,1
47.20973414847909,78.05693895549028,78.12111033843256,1
57.09351990502143,78.06029350417668,78.12321305591281,1
60.704235942645866,78.06081630764737,78.12620768577519,1
60.98447176273906,78.06500403885916,78.1273191361938,1
68.21585734689354,78.0692871114669,78.12680381764513,1
65.46236420283577,78.07341161690488,78.12355262945283,1
69.6485794431639,78.08397924605032,78.1234612545335,0
67.38779559611727,78.096394036531,78.12312106860367,0
69.44396845675148,78.1120577430538,78.12335492449996,0
59.21271812412439,78.12099178668936,78.12107511406857,0
59.28238345827682,78.13550847182002,78.12172323153739,0
55.072495336457216,78.1516656423257,78.12059556374673,0
53.5530421173305,78.16231962594985,78.11767758574975,0
52.85516013955092,78.16580575662422,78.11369357397331,0
50.71334110334179,78.16541322115035,78.10888136478373,1
38.89936372292562,78.15944965132537,78.10346326463144,1
36.807731496963754,78.15130690468891,78.09772357973799,0
33.46347450163043,78.13936254922075,78.09368969166606,0
33.29242213636249,78.13143987002837,78.08908515170609,1
44.97064522429849,78.13117311852349,78.08789022777701,0
35.194702054856634,78.13265610946681,78.08910441048047,1
26.91135669132879,78.12111414735446,78.0852429533796,1
22.26224435108685,78.10722962641738,78.0821517990667,1
33.063082281971646,78.09561609259625,78.08145011278508,1
28.27915992347542,78.08258885892376,78.07922469399584,1
37.70555788017011,78.07846381723843,78.0765899111737,1
44.316641272438176,78.06969073760942,78.07643746740646,1
41.23866233327422,78.05368010951834,78.07518434356854,1
46.310341430749446,78.03574600624671,78.07516955204086,1
53.427933335499226,78.02426641553578,78.07435864136909,1
57.524405416977906,78.01371849976212,78.07284861607422,1
65.16848830197586,78.00997149079109,78.07496284028366,1
66.64324399755304,78.01320202620832,78.07644469453156,0
63.31713099908443,78.02079212997491,78.07936439770093,0
65.87778490467464,78.03444938823641,78.08271086754401,0
78.47939108683117,78.05157902283808,78.08743555568637,0
70.5130562096752,78.06394137253554,78.090481112479,1
67.40746588321292,78.07763928807728,78.09371733474269,1
68.98953321872739,78.09143855334908,78.09780415209995,1
56.98281408418838,78.0962443273566,78.09990456754392,1
60.18923282091179,78.10560357846126,78.10492162992595,0
73.9906962589617,78.12511210630502,78.11229991609751,0
65.40799664059342,78.14108082290171,78.1174146691183,1
68.20600888588379,78.1576047935432,78.12256472693817,1
63.76799788795518,78.17343130743286,78.1273570873401,1
53.65763031851113,78.18204920227957,78.13054576854816,1
54.34620881460873,78.19263126779963,78.13413869899453,0
52.30349305357732,78.20879069674264,78.13662933729331,0
57.00547657484823,78.23056043878832,78.14269289248655,0
54.022542665125385,78.24872964186478,78.14865754844409,0
52.932612449604704,78.2581032639502,78.15331433945818,0
51.69985909139792,78.26091342071325,78.1552108068983,0
53.15826379714203,78.26335454503524,78.1574599894867,0
54.22178480728969,78.2615150670187,78.15796880896475,0
44.58561732990631,78.25339880798894,78.15635554615282,0
41.273261092830175,78.24652430674212,78.15668063162127,0
40.99189460166958,78.23965531879577,78.15275154157717,1
35.79209773167686,78.23361428440924,78.14860543389399,0
35.6989369874196,78.2253667342741,78.14312774858807,1
40.753798951025374,78.22242780210271,78.14047897370925,1
30.798946028782353,78.2110195450297,78.13512605920984,1
37.644504337756295,78.20051638270358,78.13184021224868,1
26.82908534008118,78.19373529963303,78.12998093859159,1
33.666619904984856,78.18506422290861,78.13026811345192,0
45.02696255719613,78.18035921952875,78.13333548669146,0
41.63107666220091,78.17447298102476,78.1365551004279,1
42.08855650992297,78.16796561382498,78.14080218264895,1
40.37840235830462,78.15716511433611,78.14375036333946,1
40.25492469291568,78.13613593717528,78.14457131934533,1
47.65865749473311,78.12391250980806,78.14575330495792,1
57.043164479997635,78.12058830443769,78.14848721744656,1
61.9799522458718,78.12463202628153,78.15661795846913,0
61.85684545630562,78.12504580994514,78.1645864628978,0
60.864223452810656,78.12868235571072,78.17119531421054,0
68.25161818473819,78.13813031591623,78.17857212894981,0
64.99673000562692,78.14682447729585,78.18402489564426,0
62.270977913951214,78.15775461986955,78.18797709448123,0
56.046188827055865,78.16492218865885,78.19310226555018,0
53.496072721641305,78.17382267993858,78.19835841806481,0
53.87230190233899,78.17784164448283,78.20190906528808,0
46.19271877357406,78.1827588115076,78.20274218390801,1
53.47267905342657,78.18485315072984,78.20179287622418,1
59.849963666441916,78.18722176901474,78.19958883571414,0
55.58788723909127,78.19013493661457,78.19800523610779,0
47.44243098219192,78.18871893793374,78.19504330657038,0
29.13697347815676,78.18910423159477,78.19156518393059,0
34.5645222715561,78.18805575249601,78.19044793463314,0
30.339131459733608,78.18892295290136,78.18826382926909,0
23.548106584378488,78.19201149994095,78.18480049798207,1
21.957873173517015,78.18703801664223,78.18207078067218,1
23.360807894611085,78.17793469981771,78.17741966598913,1
40.20682655010366,78.16787499736053,78.17372311489133,1
33.69596173210962,78.15467552073338,78.17002434203046,1
45.09226627211764,78.1452006066686,78.1662336394607,1
53.79240811491584,78.13637945985562,78.16375138991891,1
58.510675434000724,78.13249804712683,78.16420443358315,1
67.85836755841444,78.140783699546,78.16723806717977,1
68.92701114233921,78.15636840725183,78.17213334975386,0
72.66830854444866,78.17419288551629,78.175811396756,0
69.3770178343542,78.19123067043566,78.17890947671643,0
63.774463512370666,78.20796689196881,78.18268763511547,0
67.67847486791806,78.22460361749998,78.18726895493886,0
63.66934666524772,78.23621211641822,78.18873186426734,0
67.16532888049707,78.24682023845932,78.19212730468402,0
60.547143382304576,78.25206822042769,78.19451107154589,0
59.266498274411354,78.2627413703695,78.19805200938154,0
62.74848450422363,78.27108301193535,78.20301901188897,1
60.15330642520197,78.28235856534951,78.2077615416452,0
55.710561097952194,78.29334563239888,78.21199205723198,1
45.45857508970726,78.30032359948711,78.21322909962595,1
38.6028863637596,78.31181755887968,78.21773887152912,1
38.19631868773625,78.32195950655499,78.22230036443189,1
33.305953514361605,78.33529984753663,78.2266501611919,1
39.67014907716206,78.34666832897206,78.23087528188607,1
42.099129987316985,78.35450654504032,78.23341032012354,1
41.77599250867099,78.35834698351371,78.23775403457873,1
51.36710722044049,78.3547364974643,78.24194642063551,1
51.12194855740182,78.34837232386778,78.24861623356652,1
66.78156128274483,78.343307146796,78.25867988060429,1
64.78887094606486,78.34399544394907,78.26694265037283,0
66.92167032505975,78.348495469852,78.27385050128119,0
61.839610579172906,78.34947429508244,78.27720586245923,0
63.40666589342409,78.35427689518633,78.28042429836381,0
79.15237275877672,78.35969289478402,78.28453152031335,0
64.36852322652008,78.36708468112339,78.28609281762876,0
63.521579691410096,78.37433754988118,78.28905723841567,0
63.98810285723951,78.38171582887779,78.29260349549227,1
56.08515815170613,78.38612934760118,78.29624440522213,0
52.250040718436125,78.38944224739024,78.29823988421265,1
53.965854815304276,78.4008083076578,78.30241576489594,0
50.392047272469,78.40826679399132,78.3079420645226,0
55.04497905694577,78.41652757423194,78.31497013383272,0
43.18294195698424,78.42192628667252,78.32053196825501,0
38.233473945745516,78.4234388463148,78.32419684576617,0
37.7582513439773,78.4258869368553,78.32827751969218,1
37.796491757179865,78.42507546119434,78.33214252641855,1
39.54195543791171,78.42190401384241,78.33548572517407,1
36.597896542618486,78.41799295376003,78.34024423391001,1
46.038395518313976,78.41139218739512,78.34643215558596,1
48.315518358150996,78.40788576268204,78.35528174878874,0
43.61122486609979,78.40020269370129,78.36275769883463,0
49.076756678049065,78.39596957231747,78.368443692442,0
51.39336081494777,78.39121012611517,78.37503814051654,0
50.12029787759319,78.38525590478159,78.38055363955854,0
52.404489992833085,78.38536714654809,78.38568789230575,0
38.46636297531716,78.37891471850237,78.38762390696589,1
40.06008297010827,78.37052165098453,78.38449867606768,1
46.237990262176524,78.36629935303307,78.38021678353462,1
46.87694559580467,78.36559473178366,78.3748006227196,0
49.952652210306915,78.36208841868378,78.37075886419518,0
53.67486759478572,78.36068961207125,78.36903115256358,0
55.75788274467364,78.35660052750188,78.3677688978335,0
50.229345406475076,78.35481390550744,78.3679726838907,0
36.47479117914526,78.35217008575202,78.36633678468326,0
36.66272285675937,78.34586449025686,78.36579602762384,0
34.31550086334404,78.34201940144668,78.36385373884943,0
31.364509851019577,78.3337041606752,78.36053418467002,1
28.741279684746118,78.32469878651273,78.3571803223753,1
34.64893324610158,78.3179808177006,78.35628622970665,1
37.1448048405747,78.30543320010622,78.35732558903638,1
38.75394589233866,78.29529703598155,78.35614948967537,1
47.90853514104638,78.2903537757706,78.35580140012824,1
54.69283865732975,78.29216963906389,78.35778605712743,1
52.1987609974232,78.29024079355254,78.35798262539075,1
50.0304840279803,78.28739503549598,78.35884328848802,1
48.204521401241195,78.28867357488568,78.35975454351467,1
51.57507384069531,78.29341366581053,78.35996954340617,1
62.8758019037142,78.30224499098452,78.36176585038133,1
70.73378543365678,78.31127689767428,78.36198852307092,1
71.29241089322075,78.32174182638431,78.36185741716928,1
83.43047762494986,78.332308660931,78.36255642899519,1
85.06894033237268,78.34432267686745,78.36570825054748,1
84.69045996484091,78.3609452788808,78.37064003736849,0
88.16485643085808,78.38193192018286,78.37523239484278,0
80.60429558793307,78.40196382199967,78.37974768397436,1
73.16511242492675,78.42035601677978,78.38226112560886,1
71.2872302445839,78.44577632776864,78.38615838422635,1
77.92014357418357,78.47167369368779,78.39139806080993,1
79.44558333124539,78.4963658266951,78.39905566142859,1
82.23330145665656,78.52811059944888,78.40824650575283,1
74.18647938062216,78.5578224697001,78.41597175995888,1
72.72494146757786,78.5848691613028,78.4231380349566,1
70.53383246672905,78.60614322353541,78.43147283187258,1
72.15048234151672,78.63276394778697,78.44171266597961,1
70.32537696923511,78.65881897442046,78.45201610351407,1
72.47188406325522,78.6905599416327,78.46594833569002,1
70.66226340274488,78.72207353853791,78.48003735328437,1
65.71098024023057,78.74586943788957,78.49291644403314,1
76.11855466591189,78.77071802499046,78.50571885810905,1
80.1749739552269,78.7958453895012,78.51704126789694,1
80.740000265237,78.82240823473788,78.53143864540982,1
81.0725354817934,78.84664777530332,78.54597953174184,1
83.44980734013149,78.87578021983707,78.56446807485725,0
79.90988233813032,78.90286523955558,78.58227612875238,0
88.1945960035696,78.93453996442625,78.59941681112561,1
81.39687447291405,78.96583549116659,78.61702943467455,1
84.36239375457963,78.99482538560024,78.63587987807264,0
83.12729882908293,79.0237597834129,78.65438223296186,0
84.02377605669984,79.05098522522574,78.67321185880543,0
79.37206167668522,79.07247689401785,78.69240189588645,1
72.5850667717737,79.09574531949075,78.7099940429267,1
70.3175390286383,79.11263382610349,78.72555135439724,1
65.29814685150733,79.1293759969755,78.74129766845981,1
68.61971364363859,79.14678403830472,78.75955824700068,1
69.41366898596708,79.1686240462174,78.7811199258983,1
67.14706342968788,79.18350373558954,78.80254206934714,1
46.08929774807896,79.19498656662591,78.82455031566465,1
46.29352599704212,79.20823598630398,78.84633132394964,1
59.55359557141601,79.2267940369116,78.86924414579344,1
67.8424318330515,79.24750115235409,78.8938684487961,1
69.39073757911713,79.26635960066565,78.91986367128347,1
71.54817965356408,79.28686165301346,78.94458268263898,1
74.62897933054678,79.30442667756606,78.96937089025812,0
67.73438460635593,79.31867456317026,78.99364963659947,1
68.90063010580512,79.3319909430539,79.01725517414877,1
70.87879622290363,79.34553989987621,79.03977596467078,1
74.39656821107589,79.36068476615488,79.06278831821038,1
72.20489312918222,79.37560668211715,79.0837269094149,1
70.6736860383822,79.39204426237771,79.1055188046868,1
67.96773709779941,79.40665534550031,79.12636730353285,1
77.19789949084044,79.42756810649423,79.14809782115198,1
77.27363443435675,79.4510531754741,79.16824355383989,1
74.19927761045147,79.47793950239867,79.18809535786696,1
74.69423767178576,79.50502226316472,79.20879438419342,1
75.9972133000279,79.53136258880042,79.23287943261859,1
74.6182549997445,79.55909951220194,79.25803946751601,1
72.74317952937866,79.59244030399235,79.28321590615414,1
85.49631511386723,79.63160939325084,79.31030560377486,0
89.42221338847504,79.66578758368159,79.33701284858805,0
87.69631789844604,79.69445710306009,79.36040705024057,0
87.69595260327355,79.72324270075822,79.38603176370671,0
87.19641477505166,79.7488475567231,79.41017404080709,0
69.43436559159903,79.76203779457443,79.43172871867372,0
73.51986959065397,79.78037513079249,79.45269410980168,0
70.45072888592739,79.80033278038745,79.47386069653558,0
73.74083273459048,79.82567110167572,79.49382042868798,0
67.57705620726387,79.8467423028147,79.51265582392108,0
56.1092726301213,79.8624913463586,79.53037567280252,0
52.43862917252886,79.87637209607577,79.54778043312092,0
52.52058371387949,79.89308110311453,79.56526158897817,0
49.27007532847593,79.90572143744345,79.5814231022342,0
39.42224422969947,79.91864884507777,79.59704398174968,0
31.648288032031417,79.92594867980617,79.6081627418546,1
33.7692380811051,79.92899270628553,79.6192453708854,1
27.904291515200512,79.92736493950103,79.6300094226485,1
36.03451745595506,79.92801041863163,79.64290943850204,1
50.25217249456516,79.92724983624463,79.6561856864119,1
45.31071101888439,79.92002991519824,79.66881365648901,1
54.9886872148388,79.91667749904549,79.68328975811595,1
46.82841027608845,79.91480060064177,79.69733653289012,1
54.92940500332155,79.91284197397214,79.71287042549926,1
65.95960677959624,79.91046855551774,79.7293079325728,1
72.09421476983691,79.92082863360498,79.74830977332553,1
71.05116027412883,79.92999032468308,79.76597662435303,1
71.13543893368019,79.93915211314882,79.78207192330814,1
69.81072152593124,79.94416667485505,79.79808560439419,1
81.13590280270309,79.95221066004785,79.81554546128987,1
85.29023868831361,79.96891338861197,79.83464663372571,1
90.1513108251639,79.98779143577174,79.85217939266498,1
88.80461573767417,80.00554481676177,79.86847905474124,1
90.46669350409323,80.02846330815369,79.88626458522941,0
93.9714869049844,80.05412270505349,79.90394840256569,0
87.71159031807048,80.08178718393128,79.9191069444007,1
77.27045812445631,80.10545918732078,79.9339592205456,1
72.41863221271188,80.12891071720735,79.94877733230989,1
74.89708949537219,80.15026399106247,79.96479907497654,0
71.83364005821201,80.17232382283822,79.98084130908524,0
75.53129601921968,80.19964193333274,79.99842775697523,0
67.51802781010363,80.21792862122471,80.01364350165474,0
65.67476607626458,80.23566432643277,80.0289401252631,0
58.64892355540288,80.24783333181276,80.04097651562668,0
48.07889232321284,80.25624123658032,80.0513831570153,0
41.852922785380876,80.25741365186794,80.06009943311322,0
43.459845576369666,80.25948290797554,80.06776088227735,0
38.79705268845348,80.26365290665099,80.07498805044837,0
30.85875944710628,80.26523004568492,80.08053781778739,0
29.88930043525569,80.26358421937394,80.0840030274425,0
28.921398234237472,80.25239501187946,80.08296088117717,1
31.20024088877456,80.23917734658616,80.08153529782682,1
27.01917525763558,80.22352786237458,80.08010735846705,0
32.83175237496512,80.20773445494032,80.08006128690225,0
27.653647924297218,80.19044627599845,80.08058789027582,0
29.89245902897001,80.17401824807637,80.08389912580147,0
29.378989675096662,80.15997373810958,80.08579866347245,0
28.61322141628588,80.1424808522596,80.08563656105875,0
28.557130986482434,80.11928998106126,80.08224662673075,0
28.576768587463818,80.09219422473763,80.0790220778544,0
24.832390503061063,80.05849838383931,80.07683057196752,1
18.23020347020794,80.02513602645345,80.07314907380582,1
22.24330183063755,79.99438710051615,80.06946252422375,1
27.201155004184102,79.96906024231765,80.06631203757637,0
30.678944462386355,79.9465659893324,80.06255001471713,0
40.534527562397635,79.93225954325828,80.06262377849407,0
37.40303322806645,79.91120362748588,80.0606452507575,0
28.645491743231545,79.88785942405582,80.05918584427029,0
25.497847643801066,79.86685923957666,80.05607734616538,0
24.67305581239789,79.84669670368565,80.05178177441891,0
24.56081399916789,79.83000855095912,80.04695233548152,0
28.134099655369127,79.81261249527844,80.03990929631999,0
31.670124448451006,79.79683979182707,80.03292303494118,0
32.495833020988115,79.77449813541476,80.0247237514793,0
30.45005858259468,79.74671134228444,80.0150850049825,0
28.598180413105226,79.71433042855229,80.00129984378037,0
25.085220861249198,79.68308570758812,79.98703681663446,0
20.172856994624496,79.65534540615916,79.97211387826289,0
20.723073039116116,79.63135016994521,79.95712002476682,0
0.7460520157271446,79.6089964102753,79.94173637794538,0
0.885535460317044,79.58721475429215,79.92415111823959,0
0.0,79.56794538092527,79.90521065186722,0
0.0,79.54476732721297,79.88515152840424,0
18.224652534360217,79.52478292634953,79.8648398848547,0
18.01116952031677,79.50372380660221,79.84239045533663,0
17.268429714568157,79.47531304532849,79.82003412305295,0
16.34800560412097,79.45018228384268,79.79853448936626,0
15.762503037109937,79.42251985527281,79.77662949949645,0
18.457540114478363,79.39563250606936,79.75422475216814,0
22.539596724623962,79.37017698589547,79.73092303964181,1
21.996108260121602,79.34548967916518,79.7052914338145,1
22.376332404689933,79.31992723960926,79.6807087436738,1
20.81009901002342,79.29280558881119,79.65577953989255,1
25.20573993645351,79.26820275413165,79.63287152040687,1
43.197453223305,79.2542411144773,79.61428495614128,1
40.318371904462154,79.24265091112161,79.59539474748186,1
46.43466834203666,79.23322501259238,79.5765336584812,1
36.51292882767477,79.22521826362312,79.55674002105175,1
45.63318276838545,79.21995598244017,79.5390103994689,0
52.33305354515256,79.21724791720388,79.52320185707735,0
58.552518299783465,79.21684946200143,79.50993289828838,0
64.43941668167007,79.21699851311719,79.49633911847963,0
60.52278589004898,79.21847616864467,79.48313085091227,0
55.53178598122581,79.21269512444348,79.46682415265599,0
58.15150184434479,79.20914454784949,79.44986976407704,1
51.44632707112706,79.20270181651938,79.43150755043017,1
52.201856865392514,79.19667391792171,79.41321456129111,1
55.839599139748366,79.19649597689619,79.3982355493511,1
44.01551222190266,79.19655198751333,79.38512955474897,1
56.09974878524945,79.1997600185407,79.37394935716304,1
61.72968802264092,79.20908353812538,79.36552549552891,0
60.24530218152973,79.2187426550006,79.35815139509268,0
57.97356797428598,79.23133716879256,79.35055956720312,0
51.87197931535699,79.24170303078697,79.34192863579459,1
45.583140487318,79.24298337019988,79.33285190848828,1
41.05592742026275,79.24401529909363,79.320097049816,1
48.09047572974415,79.24647128679541,79.31064072220502,1
53.356127250358334,79.24944629981402,79.30137477135503,1
61.821197110164945,79.25616163639677,79.29473135819697,1
72.93503974850007,79.26375534864665,79.29002531506175,1
71.97469085828253,79.26837449381892,79.28527927543229,1
71.26317402435349,79.27578976256578,79.28161002539456,0
68.93371859708226,79.28361349998525,79.27784033417555,0
69.86896306114467,79.2977304979374,79.27611709766502,0
61.96364860635676,79.310607950931,79.27542840753566,0
56.924039602418055,79.32420957793435,79.275459210183,0
52.1523850739204,79.33716376489822,79.27484578421515,1
50.19714366759954,79.34425093700123,79.27379776168793,0
50.07992635834258,79.34836122322977,79.2719339760628,1
51.73925869228771,79.34782824220294,79.26948208993409,1
51.79730035870482,79.34535036755935,79.2687797408358,1
57.65577754702033,79.34913389785798,79.27062680186576,0
45.31085355081758,79.34803747736835,79.27186762726527,1
46.549291066703915,79.35190914026683,79.27277912136151,0
47.48917332114711,79.35684124812254,79.27409888509641,0
45.346821244333874,79.36589798160954,79.27633102432841,0
40.796516832967775,79.36703384405935,79.27738134629169,0
37.56681852508538,79.36917036480183,79.28003497516664,0
33.57356810817757,79.35909105428767,79.28011477748429,1
37.73064247978811,79.34691837613926,79.28072187115927,1
41.277631003407606,79.33788378764395,79.2822369188238,1
44.65294623263542,79.32678469687636,79.28435300830141,1
45.03725758590574,79.3143266355203,79.2864487528592,1
49.58432630903611,79.29974125625581,79.28873249851469,1
47.601821319895876,79.28794176538342,79.28890866789811,1
37.441004510593686,79.27882128923453,79.28992736142816,1
47.01822758948523,79.27435755345292,79.29129880055936,1
38.52988178046922,79.27195390757197,79.29249201926746,1
44.54083669249292,79.27389209263873,79.29350842014223,0
41.52022689107249,79.2772460292588,79.29348133475607,0
53.46840942758913,79.27857153456264,79.2934685698603,1
53.81365745659588,79.27602092763884,79.29423576767442,1
70.25569125835952,79.27642976905904,79.295049067431,1
54.71383256601062,79.26891557873653,79.29526730307872,1
54.85223351863234,79.26379323648615,79.29595836055108,1
61.11902828644849,79.26133892264157,79.2997858667773,1
69.47903091401861,79.26508287719687,79.30474493000175,1
68.40158157942525,79.2681746675303,79.30870645142028,1
65.93632909816426,79.2774890807896,79.3124896147948,1
71.75451043085698,79.28815625468937,79.31608036561875,1
66.56131588039412,79.29741772889317,79.31757059513092,1
62.9332480915079,79.30463250969486,79.3187089501791,1
65.92570293235006,79.31768658517376,79.32098851941167,1
62.39271946156867,79.32731413036592,79.32297693834626,1
65.4698591447004,79.3385286154807,79.32712676601044,1
67.57059278165829,79.3539255639694,79.33389146737846,0
72.63866316278451,79.36899645685733,79.34030886858413,0
72.48121341927687,79.38039618394123,79.34487197291834,1
71.69613344677784,79.39020531995632,79.34712589356604,0
65.4632065459997,79.39977144599844,79.34788777369678,0
60.05477482683654,79.40707355146742,79.34894819291969,1
59.151217405581,79.41300577439138,79.34912217240466,1
63.15920510117061,79.42264630041353,79.35066218760232,1
56.294594670613684,79.43474137200144,79.35007165270434,0
56.39382783273497,79.44541646338016,79.34988176553074,0
57.89931035208276,79.45155285681889,79.3507231783311,0
58.21299700730511,79.46044058165162,79.35405565670311,0
60.26539174462442,79.46750058365119,79.35800631008027,0
46.69977710350393,79.47077038873238,79.36145328099583,0
31.22460267324827,79.46669674587761,79.36362776708863,0
29.533565100246605,79.46436494942643,79.36517642787776,0
31.378591415919445,79.46106065395256,79.36347965261693,0
36.54970245279918,79.45636748293077,79.36432052163664,0
32.27182463142955,79.44913678509002,79.36186799627554,0
32.133495239828505,79.43737135961028,79.35933881060555,0
27.313542109833975,79.41787416798715,79.35468194192953,0
24.987379349502106,79.39794940848982,79.35267509435631,0
30.59139631547947,79.3840544177176,79.35082559408465,0
33.23019049092993,79.37114622107143,79.35194796027955,0
30.842468565129508,79.35543987718904,79.35129637411669,0
21.67932800871384,79.33894920476052,79.34937435976633,0
23.79699752287985,79.32274647887822,79.3475068852054,0
22.892317998008252,79.29875917387281,79.34443520294332,0
25.831062862540065,79.27546778102194,79.34036226261078,0
33.213911232993524,79.25751848505318,79.33771245339864,0
34.97513126862023,79.23976597651698,79.33510105324409,1
26.877231936894248,79.21360577982534,79.32975494725207,1
28.643275961447785,79.18634428908547,79.32376246268568,1
28.41370080600889,79.16101523226968,79.31630253684821,1
44.34906898306138,79.14744537778105,79.31170750649751,1
49.53586363788154,79.13799552689923,79.30894602481237,1
49.84775050587272,79.13327492049777,79.3063812497605,1
47.28028042059415,79.12534539554622,79.30388677223152,1
55.84190138119524,79.1254440701821,79.30447939285376,1
54.267055178633925,79.1236587964261,79.30328503458152,1
56.90285253475385,79.12950020375526,79.30194645437498,1
66.70467358288369,79.1369087584603,79.30140544686168,1
67.13561534005038,79.1417816660018,79.30026839347325,1
66.22142466395951,79.14919724381144,79.30063122548827,0
64.92143464597955,79.15863336440385,79.29948721800248,1
65.97707403949863,79.16641667745444,79.29697393919083,1
71.27621453144391,79.17656080793589,79.29627820450182,1
74.19071914066274,79.1917733552052,79.2940699109559,1
70.82736723302546,79.2096582589924,79.2932999140614,1
71.22465700792448,79.22853128651757,79.2937135218134,1
65.12553864105922,79.2456779526932,79.29180200873361,1
66.23369937730016,79.26707597560186,79.28898675474989,1
67.27906108324089,79.29538349996417,79.28975738909485,0
75.7334315355691,79.32781072294355,79.2913446980431,0
68.67806120028919,79.35124816196648,79.29229819288473,0
60.2607326122718,79.36637735116892,79.29266754469297,0
58.3056589623282,79.37751286028649,79.29218408411855,0
50.24275102552773,79.38738967088929,79.28978412042181,0
53.353195419514726,79.39421520042187,79.28826892422194,0
60.582664165533025,79.40488216088308,79.28707131358269,0
57.57287717199436,79.41302426075192,79.2865350159482,0
53.174394052151946,79.41555255043836,79.28345023437637,0
49.76343153959183,79.41833613568416,79.28060261428644,0
29.570769611491215,79.41098281233194,79.2767161949281,0
33.07294582690561,79.40550901351031,79.27501212505555,1
41.36638754624786,79.40777685227374,79.27433870032976,0
26.109141807331383,79.40242415805062,79.27282360614105,1
24.68177163907704,79.39887442270168,79.27107268686426,1
24.91615522379199,79.39147775737966,79.27023630297725,1
33.79094919723336,79.38083965054349,79.27110083818667,1
36.90873430128351,79.37300043480442,79.27385251546052,1
42.93362108700372,79.36690051670386,79.27656719803551,1
41.7863000476609,79.35601584289425,79.27854195916551,1
49.18139144414699,79.34721968770715,79.2817740846974,0
49.53117984215371,79.34175388216968,79.286823794877,0
50.21791131230321,79.33708465768663,79.29192172586342,0
51.08260463558929,79.33440720245929,79.29684837355099,0
61.69317131308573,79.33290420771752,79.3034421339597,0
61.77615985674201,79.33116297289222,79.31054700097006,1
52.17589185645719,79.32784013301985,79.31519997276935,1
58.05289514166743,79.32148276470765,79.31922173122446,0
56.17834609618246,79.31842801824791,79.32537912974541,0
62.517985594225706,79.31577516169024,79.33237496332835,0
64.14270584045366,79.32302043958165,79.3415182778529,0
59.0241174441215,79.3284886510505,79.34742943436335,0
42.10851203827026,79.32394608897002,79.34871892515808,0
39.78138745477241,79.32276853988495,79.34862105389591,0
22.734818956881867,79.31490873758045,79.34689802367797,0
23.338643645097278,79.31030123371146,79.344179168389,0
20.976578015885124,79.29785490362835,79.34077928106758,0
18.239919885953682,79.28178237384681,79.33476538349713,1
18.254780076524213,79.2632818407571,79.32711643095423,1
27.809486670641604,79.24945395062339,79.32161087301414,1
26.356225051899216,79.22801894129414,79.31330276369049,1
27.952044844057397,79.2055195855443,79.30557828333316,1
30.199791347923806,79.18709316136888,79.30019231942919,1
37.53179672853172,79.17304624350867,79.2954425477801,1
36.17299067261008,79.16263227571754,79.29178570216465,1
42.25140528462221,79.15516766540847,79.28875076353647,0
52.66623417203162,79.1517753374279,79.28449759313348,0
49.41190581515868,79.14669813192081,79.27962980291551,0
57.34372059713761,79.14212843765135,79.27540011456522,0
58.78364143808168,79.14007197223853,79.2702503522381,0
62.24224742212193,79.13160652384725,79.26303659821437,0
64.39619635407405,79.12262189193133,79.25597892634929,0
62.06114480067587,79.1173771654293,79.24911885086223,0
59.508105314735225,79.11573168722143,79.2439085846699,0
65.2316757672549,79.11901660994975,79.23954879930214,0
63.239328044508746,79.1199700609304,79.2344811125924,0
54.28592937832577,79.12216259542055,79.22769145488256,0
47.15121642834868,79.12726506852104,79.22046170660478,0
40.22991113844888,79.13171715418426,79.21358227245258,0
34.542435823087914,79.13206026746641,79.20710052572704,0
24.127674422706846,79.13218170958173,79.2017823225904,0
29.33812764127711,79.13282600434967,79.19650507966891,0
24.70774671771197,79.13025120919507,79.18918206219773,0
13.771329900792267,79.11903978333635,79.18208879789438,0
13.215545468658703,79.10118101172677,79.17270833777468,0
12.403505583211484,79.07614934328087,79.16261939789695,0
13.225623684500334,79.0477280028826,79.15125293406913,1
6.462249905272287,79.02351994292125,79.13983760616223,1
9.44422411914175,78.9990218836221,79.1282486613325,1
13.03783580253885,78.97280228985144,79.11696493102097,1
13.893128703823763,78.94722596518072,79.1030391092038,1
24.0564121797742,78.92681968274039,79.09000524657756,1
24.399797262593736,78.90756328466797,79.07731030165478,1
26.103969266627743,78.88727878656104,79.06505721831059,1
29.24943367710253,78.8666965064093,79.05306571877885,1
30.92092744852789,78.84831372800063,79.04134141463578,1
31.780102250461,78.83331137338025,79.02987995102673,0
40.95142996121388,78.81976264487062,79.01977365866998,0
50.05166099025768,78.80798531428027,79.00940519086552,0
67.89043946787018,78.79800456256643,78.9999922860775,0
61.17320145819719,78.78905487231273,78.98819609568282,0
46.77616230759812,78.77396874983637,78.97469711918326,0
39.77672172837103,78.7572069150209,78.96248639261808,1
44.69475910299255,78.74775182989612,78.95208211389885,0
47.79563379129324,78.74199583810305,78.94354317798371,0
41.27669694317431,78.74023757596694,78.93459393479914,0
38.260176116249376,78.73581433330202,78.9264367059386,0
35.27719125842353,78.73121629799996,78.9196111758235,0
31.851103834666034,78.72255323650546,78.91195721963184,1
26.117408627882767,78.71017042245467,78.90125151975347,0
25.60419245776461,78.69891262321772,78.89139658197324,0
25.99230731220446,78.68571887022432,78.88208496044959,0
30.044674450093908,78.67565157837105,78.87273366845564,0
28.363677033225727,78.66598577136004,78.86223302945113,0
26.323489173021017,78.65184880231536,78.84875232941798,0
31.560847184503316,78.63650736622476,78.8338772949623,0
34.590347630451504,78.6212236307862,78.81765926837005,0
20.238475330930555,78.59989344347655,78.80105178329227,0
20.761309224121575,78.57863665023436,78.78400847589873,1
19.305733037057905,78.55402898827091,78.76557509249047,0
26.962345618582958,78.53360604220163,78.74899590302458,0
27.102605191423237,78.51901224514772,78.73325326046981,0
28.802110561222676,78.5057586353115,78.71783898057096,0
40.73198629864502,78.49204463706943,78.70260729383807,0
32.908549242077115,78.47185614156396,78.6846789906294,0
29.382245371827906,78.45117668629715,78.66707658494585,0
20.560541215077066,78.42829544004367,78.64888984378784,0
14.456037010284078,78.40235713651481,78.62964800302102,0
21.552048557643246,78.38127415628344,78.61178002047153,0
19.034150204089443,78.35896176402073,78.59201211837521,1
17.103791794012764,78.33347027119223,78.57191200661744,1
34.41864485161631,78.31401709470421,78.5545613965914,1
31.064590759320836,78.28858551436355,78.53606739052303,1
38.82872929437179,78.26648954411233,78.52121293376153,1
36.34188800426506,78.24884376056484,78.5078174289532,0
34.802048991846405,78.22957914859666,78.49524921708861,1
38.36106521888327,78.21270307458795,78.48364929705218,1
39.91744057414584,78.20481221427187,78.47356869183251,1
42.77477141879385,78.19328747213487,78.46171471130384,1
41.547800396139316,78.18095318801359,78.44883545175531,1
49.947952623423134,78.16966214367928,78.437970374424,1
54.23266687499869,78.1590168411406,78.42613212382989,1
56.04830219087563,78.15354102408504,78.41623007633778,1
62.854469968778965,78.14677511173215,78.40640582390651,1
73.88019067900169,78.15263615341213,78.39905484943053,1
69.09612253534524,78.15925845198086,78.39145447453794,1
78.35806275920518,78.1720930844173,78.38440252820267,1
75.35163797889106,78.18878790129426,78.37725810559046,1
75.5824291632941,78.20339571985211,78.36994418270025,1
81.72126003295898,78.22464551680285,78.36266850006979,1
81.09044325938558,78.25108229192591,78.35672297446271,1
79.9417446125934,78.27255886705146,78.35399744347743,1
92.55719839881179,78.30124914762985,78.35368428356661,1
98.35542594912381,78.32613164191635,78.35256485856962,1
98.28814267124719,78.3531306914025,78.35227137027297,0
87.23262429297188,78.37859166700407,78.35059085350346,0
79.92505905034584,78.4005518101382,78.34954428778666,0
80.67754752194631,78.42098409321517,78.3494758099186,0
79.81333867858399,78.44947973603647,78.35248531111624,0
64.26894482040217,78.47346540628095,78.35415344528583,0
60.06034280143093,78.49301962485195,78.35561317507769,1
58.9014188471366,78.51174756467408,78.3565436016098,0
54.95395665636354,78.52426630188282,78.35567596574248,0
47.357596473743996,78.53259065801132,78.353047778567,1
48.47350057278032,78.53673952648475,78.35301113909829,1
51.87904229617135,78.54529550551028,78.35496973025215,0
40.35176135884395,78.54677490619534,78.35462303836633,1
37.8217170225713,78.54671011940249,78.35598477596085,1
37.62889769762383,78.54854617797636,78.35790799379706,1
44.533777057867965,78.55017031358342,78.36112503019477,1
47.959653790772926,78.55205261518036,78.3641016036542,1
51.56946529167288,78.55699651798834,78.36919115261368,0
45.858104798736704,78.55906272322827,78.37500591873331,1
60.14673079794222,78.5639111092166,78.38131144742849,0
59.722437331627404,78.56514608204455,78.38958734646522,0
59.844965234066905,78.56974138866295,78.39801673444977,0
58.12459064868335,78.57225120214882,78.40712659262871,1
65.40672129376283,78.5749435953666,78.41851039345931,1
63.273543994251995,78.57277739528766,78.42908660671792,1
58.858440840624276,78.57784177026106,78.44170544778196,0
70.81480061752733,78.58370459698217,78.45570690539367,0
74.10711103714144,78.59133898872106,78.46747235921653,0
73.91768578272819,78.60298661938697,78.48143640775186,1
63.49891287634586,78.61408489802328,78.49208592013139,1
56.11396751678279,78.62074601008752,78.50177203890735,1
46.13434320507467,78.62235265183637,78.51207913154805,1
50.1173709557276,78.63241462135872,78.52250765707463,1
53.14838465500379,78.64887647027419,78.53361047836177,1
58.71209877577776,78.66483924926902,78.54652870465071,1
62.76848472272172,78.68152888051189,78.5613553071941,1
60.26078500736152,78.69213253657782,78.57308976081363,1
64.2193756439629,78.70354470901948,78.58700229976523,0
66.7401870605247,78.71677733144205,78.60030044167611,0
65.40271084658923,78.72572379438273,78.61289092048872,0
66.26564082988028,78.73618547633463,78.62300707563422,0
58.32675468848053,78.74297191520188,78.63150211973819,0
53.027402933067,78.75098500812081,78.63868336211013,0
63.918766011541194,78.76218871301796,78.6478707181488,0
63.651169024670715,78.77065144774659,78.6559888978757,0
59.22926789759938,78.77480987483564,78.66177119099508,0
54.39857699769664,78.7777425328921,78.66637100178015,0
43.28774133147538,78.77505801578128,78.66847201870847,0
42.05269380242116,78.77117023927137,78.66940484440846,0
42.39986152013844,78.77384095690783,78.67116964612798,0
45.86217268575016,78.77753643621821,78.67153433683364,0
31.100011736763364,78.77699929459683,78.67144218258514,1
29.182142189070916,78.77530538608434,78.67240908745309,1
29.166773218776584,78.76757111697064,78.67224528786396,1
35.38778607062427,78.76203641463347,78.67155137608952,0
37.39917880399176,78.75189520058211,78.67272722491457,0
39.31736388446771,78.74601924963208,78.67428961072568,0
26.057315143875215,78.73332731418003,78.67563419956761,0
29.96147592350445,78.71900390390283,78.67819548248413,0
32.369906567409274,78.7036026376285,78.6812957123356,0
33.00951349229878,78.68697773470834,78.68310235892366,0
30.395339715370667,78.66803475613804,78.68059781998927,1
28.311211026311568,78.6499067903573,78.67993611577491,1
25.08495211170583,78.62799826287502,78.6803859755378,1
34.262706474213005,78.6118790237712,78.68132203619365,0
38.284402756348136,78.59745873081104,78.68068655788613,0
45.42002369992619,78.58933207708277,78.6812827865411,0
45.561846008941984,78.58488661064783,78.67962805577227,0
32.74163061195759,78.57619100974833,78.67625615901649,0
28.910728772435718,78.55888437262934,78.66915895149307,0
37.3276941614663,78.54732075845723,78.66440420739872,0
36.59742540499006,78.53890673790563,78.65910832228222,0
32.601892509410206,78.52576818569561,78.6538158808718,0
28.385048286029075,78.50573061508575,78.64456009575161,0
28.70654694414972,78.48130096283542,78.63496080310864,0
35.11717065239205,78.45956742889354,78.62541748836756,0
34.76321277785924,78.43647013185841,78.61539582467617,0
28.48680640227164,78.41055129561869,78.60331912232667,0
22.581555568423568,78.38263662844368,78.59005548610682,1
30.34993304699337,78.35984045214234,78.57959793398321,0
20.729278489390026,78.33443593809022,78.56857833012474,1
19.85182908682941,78.31283913897776,78.55679241484583,1
28.48274323903466,78.29679641520677,78.54568883331413,0
34.75725042803988,78.28005367786645,78.53285685857472,0
29.138368579067432,78.26120144552685,78.51986691469678,0
28.494402022262733,78.24180232083131,78.50479593401388,0
31.787161780291854,78.21841683851818,78.49179650731725,0
37.576918588863606,78.19344179926387,78.47558689187002,0
35.829150591050976,78.16998618122096,78.45753969892804,1
29.740180533118732,78.1483454902316,78.43820762983263,1
36.82110756996031,78.12532901984375,78.42006162480236,1
40.58923693482785,78.10329444856325,78.40323733562677,1
44.91307321505495,78.08604798050952,78.38784106982729,0
37.7362295848623,78.07634921058573,78.37022429477872,0
48.506140593519156,78.06926442923316,78.35440599570327,0
51.17001400548689,78.06011850888338,78.33954094198666,0
37.908630052274646,78.05165164677389,78.32495947022889,0
28.628569684762866,78.04393379811901,78.31086943526175,0
21.866843303715484,78.03352573256196,78.29499768342305,0
20.634746943259216,78.01574073023093,78.27635784331247,0
19.488864376987152,78.00117064658409,78.2580320142711,0
17.369325768167272,77.98362030695137,78.23944081978765,1
16.495354344729662,77.95799771614864,78.21876576533985,1
26.721955580586368,77.93406651312564,78.19945501703671,1
22.464415553707198,77.9102718267412,78.17916107953987,1
21.592970714629004,77.8870999608051,78.1588778381031,1
34.338378408068166,77.87089309869268,78.14174604694149,1
29.414599283748203,77.85124178438426,78.1227526799517,0
32.089229493584554,77.83730527129703,78.10486024588572,0
32.42197696260507,77.82639096082059,78.08732295910946,0
37.25796074553593,77.81547276173063,78.07145963561128,0
40.02068529418045,77.80508196785607,78.05805622031399,0
38.71650984922355,77.7878893401132,78.04303408972963,1
42.53182033468216,77.77051998128427,78.02723298214244,1
45.23092419501325,77.7528170526646,78.01078120726062,0
43.26520635756449,77.72910333056812,77.9921987818895,1
55.35574865187933,77.7129281139392,77.97439788497145,1
52.91034150785394,77.70026274082241,77.95701988733158,1
54.44238674781365,77.69409245371149,77.94215826100832,1
51.759006796449356,77.68779257715892,77.9279211251243,1
45.84839887511793,77.68477559613385,77.91301394934175,1
56.7519464867823,77.69012991185289,77.89993008936655,0
54.0666286127486,77.70056511949292,77.88868453885878,0
54.54581858543893,77.70773578594596,77.8802570853808,0
47.28211073497593,77.7114306396233,77.87121295025503,0
45.92113992935852,77.71585662067017,77.86139351481374,0
51.9422005439861,77.71163082118728,77.85181032267303,0
54.05244408752008,77.71430714797395,77.84425502089381,0
48.65605062669004,77.71130988675576,77.83632954921056,0
62.56612225335148,77.7104138743264,77.82755232798308,0
48.07935843425766,77.70446948490365,77.81947305433665,1
44.731863241541596,77.69737130440222,77.81186908648377,1
44.366556531675485,77.69800731699993,77.80351845044692,1
46.90637034728764,77.69616064399436,77.79367576859359,1
46.63970622459513,77.69529197326803,77.7844174183571,1
42.81572912517199,77.70294768348289,77.77665692695012,1
39.33937214228969,77.70372581741044,77.76852147652836,1
47.51768023586083,77.7071489743941,77.76250275738369,1
53.45236901142789,77.70872513838091,77.7576538438723,1
60.65636815168706,77.71735414202806,77.75552458584286,1
70.81341015102191,77.72942499287,77.75465233855225,0
67.32232234575693,77.7373556101443,77.75355455399897,0
75.57979846263162,77.74650835371435,77.75286868814071,0
69.08373651363611,77.75370223419884,77.75119829482604,0
67.6915047088028,77.76045729232649,77.74769009549236,0
68.15443411491934,77.76727579439171,77.74425642901707,0
57.37178012534177,77.77144457452319,77.73972749377275,1
56.1106013048341,77.77091974442858,77.73504939941765,1
55.86898596822619,77.7748751933004,77.73286933350593,1
50.84952234166713,77.77547882168386,77.73144756456426,1
55.27001060450272,77.78089880066052,77.73136431596723,1
51.47225610102843,77.78806504490426,77.73364698166492,1
58.69594732164508,77.7990813634311,77.73995190935989,1
56.59404033141227,77.81391791362464,77.74561632879319,1
53.830075325152286,77.83020858599255,77.75239212205764,1
56.75098837314826,77.84603483148285,77.76023087522123,1
55.37448836773657,77.86367514988139,77.76563429700384,1
63.317394962354356,77.88134108848801,77.77454247902517,1
71.77261464060784,77.90085538659537,77.78307388999164,0
73.64609372784929,77.91759609153999,77.79200663813063,1
84.763793864528,77.92939202152226,77.8002200424689,1
94.37372161946195,77.94362383713153,77.80897130170915,1
87.09475956972867,77.95374463348303,77.81921080548865,1
85.2081538768276,77.96362201964594,77.82843911017069,1
86.2626908056196,77.98117499149072,77.83903327102281,1
88.11246963843351,78.00517447320904,77.85468488607344,1
78.43823274250781,78.0305056083706,77.86675849154531,1
72.57799605455355,78.05665827882477,77.87760761461858,1
72.66020836284451,78.08454914644417,77.889052010599,1
72.99042920718843,78.11570866864106,77.90261400115712,1
73.85895075669956,78.14677903363585,77.91616569096801,1
73.24036358166478,78.17973014806218,77.92948707614863,0
69.9243830052627,78.20616232066637,77.94219078982927,1
70.25988014822983,78.2319956410483,77.95532027083412,1
70.38932133618746,78.25514561637996,77.96987811276028,1
63.565029161983894,78.27434809485129,77.98362746489369,1
68.55384520960057,78.29356695682026,77.99840875125705,1
76.27618708247684,78.31303289433758,78.01403277757063,1
70.51066888559563,78.32935940312173,78.03029369653802,1
64.62766878658525,78.34550813283803,78.04604434153528,1
73.20444322863402,78.36166283026645,78.06309738061401,1
76.9594717898358,78.37524010178697,78.08011882066306,1
75.43593245587535,78.39304309529601,78.09722511680708,1
66.41601219362484,78.4109418335277,78.11435158598404,1
69.25025951898786,78.42856944524759,78.13234425981463,1
68.15276583240859,78.44232791197494,78.15043697747026,1
62.375153992018966,78.45605137913837,78.16768871623648,1
67.7496723397013,78.47720800140871,78.18563122542443,0
67.46625123148652,78.49531644164443,78.20368853190442,0
68.42645148508016,78.50947902924648,78.21946395604449,0
70.88538008360808,78.52499670217621,78.23439437469051,0
68.59673711811422,78.53925961671634,78.25024867877745,0
59.49928304535511,78.54870178149332,78.26306816094086,0
56.16484538648241,78.55545606011496,78.27602180120057,0
56.446464580984525,78.5622962892311,78.29061371152214,0
48.42090504696187,78.56504624189097,78.30273564389339,0
45.99784491872954,78.56707484645551,78.31666086002998,0
49.29407568114773,78.56571457557268,78.33195071002828,0
38.739572381531595,78.56169003604707,78.3450196336367,1
36.851704140939624,78.55803537239393,78.35906696181931,1
40.14351060156526,78.55375505046958,78.37223988053763,1
25.38328877195373,78.54663341107786,78.3835461671325,1
30.524463817060465,78.54026886325082,78.39370011673498,1
37.82630441832461,78.53866854466561,78.40425183840043,0
29.98731005515151,78.53197290067337,78.41304998568695,0
25.869497862443836,78.52268564517007,78.42109730294514,0
37.167895152578865,78.51862193425745,78.4296674299869,0
38.59187196325039,78.5085894237921,78.43653055954607,0
29.57036890076718,78.4919727266105,78.44013546791047,1
41.144788781453826,78.4791564886597,78.44408811489237,1
36.972544373296984,78.46031634883943,78.44676410561738,1
34.393541817658516,78.43869770511051,78.44827822596905,1
48.41718832564137,78.42722339433536,78.45245966528178,0
46.283255464594916,78.41698165953969,78.45736565715808,1
46.25110689900108,78.40586799369075,78.46049091240215,1
55.5234123627909,78.40313619919436,78.46192033428751,0
53.35352402508003,78.40172261952502,78.46514766449174,0
43.058962707139436,78.3969301325977,78.46805945153744,1
44.24553970739159,78.395661977208,78.46946476594223,1
45.56801259366478,78.39365828866505,78.47024680982891,1
42.36002351791328,78.39248414930951,78.47052192680708,1
45.58646754385344,78.39595223563653,78.47003500216223,1
72.64130757641473,78.40466177154019,78.4730998970845,1
61.84041244010765,78.4070486055929,78.47427302421828,1
71.2481184110305,78.41342349275314,78.47636113623622,1
77.35940570244111,78.42414209202533,78.48101490181476,0
74.98055563811019,78.43413212075151,78.48589349555941,0
70.96361027783246,78.44270602977231,78.48839981371997,0
75.23456600685998,78.46257443431494,78.49342148038777,0
61.57309694752305,78.47401927278723,78.49549257087205,1
56.912703335084885,78.48586510784436,78.49644501664855,0
64.5536402719479,78.50261539284588,78.49922834239261,0
63.09760419166515,78.51363346897915,78.50069581475503,0
66.86191094107349,78.5300944167214,78.50502669043556,0
60.20639674304074,78.54179330286935,78.50578045545086,0
55.69273983529538,78.54839866759198,78.50434863653433,1
46.288561942582845,78.55174896287285,78.50342669798553,1
51.56151001936637,78.55929325046145,78.50089355115854,1
47.296817359430776,78.56632920966814,78.4978698731517,1
40.77275859280124,78.57171189105777,78.49513995455342,0
44.680119932204185,78.58070354361824,78.49280466338391,0
52.25223252517939,78.59354792600836,78.49175032587904,0
44.8347463844069,78.59696420810744,78.49240486773014,0
46.483907916931976,78.59869960528201,78.4915704422851,0
41.81204331416857,78.59058405962692,78.48767624439456,1
37.85065654536221,78.57949833641467,78.48679573962423,1
41.76122390230685,78.56892030794793,78.48663168015638,1
34.58333785717021,78.56058592376422,78.48634835299657,0
39.113262667575434,78.54678973703133,78.48746136078147,0
40.24235261786288,78.53736683312877,78.48722515516597,0
45.82552327810119,78.53214626673275,78.4878015031538,0
51.471120333079135,78.52851203121324,78.49197979044676,0
44.18676609815141,78.51908191068303,78.49222103372792,0
45.52085925928607,78.50438588348268,78.49131362596239,0
36.33380710487581,78.49140419430543,78.48955297290368,0
24.928483683967244,78.47724947778543,78.48617416958047,1
23.654621246202936,78.46122904907331,78.48046954391188,1
29.170765650746134,78.44508524406417,78.47549187926737,0
37.62522149309933,78.43090591383942,78.47344314804327,0
43.93147698187459,78.42283906023906,78.47261298318517,0
40.748805382581665,78.41033778681563,78.47281323857437,0
35.003157020850026,78.38757186554868,78.4712999900543,0
34.563498466370504,78.36536465678864,78.46766137271146,0
33.12229117707575,78.3441981472977,78.4624570373883,0
27.310718478873355,78.32603470816495,78.45574293018424,1
21.28030243416272,78.30893345678523,78.44911464266059,1
26.825822690281584,78.29038057847049,78.44209486373457,1
30.641923580326946,78.27346571394447,78.43696258553528,1
32.328237602521114,78.25565637502226,78.43145911990716,1
42.030668343756126,78.24284169851671,78.42689851910666,1
45.117925906978535,78.22668009257526,78.42147988046013,1
48.96710698861439,78.20874006883439,78.41709492372591,1
48.67182313605285,78.19883794618137,78.40989150358439,1
39.406335225609276,78.18853132528399,78.40390671383882,1
40.71858221788778,78.18193051915748,78.39695578346542,1
49.99445479187056,78.17994221758303,78.38849421980355,1
60.18657612474749,78.18648641957252,78.38141126344027,1
72.03269418430345,78.19261198501067,78.3754542613627,1
85.04137956601703,78.19746540037936,78.36739953446904,0
80.45722728652876,78.19699907574496,78.36180490436826,0
82.28125939609983,78.1991475875979,78.3581262304758,0
82.58786467565417,78.2090207535069,78.35386213431872,0
83.55979299007663,78.21878017195016,78.34972005389986,0
68.69206114744665,78.22925161164052,78.34211991535595,0
64.41606972951901,78.24066717392995,78.33529247860847,0
56.982348469965835,78.24969349722771,78.32963257451487,1
62.42853462824665,78.26233816071218,78.3263305428703,0
62.08802715845207,78.27236319703822,78.322190564166,1
56.7154211586184,78.28164427161853,78.31758514468731,1
46.93969440316717,78.28294491127444,78.31139172719332,1
46.49840897422824,78.29027363371269,78.3053079164979,1
48.17151165171471,78.2958930717469,78.29803298202134,1
51.88423981218546,78.30292856685651,78.29227724708403,1
56.833053206820864,78.31362709174716,78.28987770842487,1
52.738210160519,78.32314539781308,78.28998031873986,1
49.945096641763264,78.33298490144173,78.28988884581439,1
57.44807728476517,78.34249936407676,78.29084288589182,1
64.30938817960151,78.35180884889296,78.29194343141421,1
71.84546648031218,78.36296910107141,78.29387128008507,1
75.22944808220475,78.37761298528969,78.29790336523263,1
73.56623699710994,78.391636694484,78.3019224015763,1
74.42997879691751,78.40303737930762,78.30367227355646,1
78.68760410697772,78.41519031605338,78.308163416048,1
96.28174083993237,78.43341251961499,78.31373056980887,1
95.94498320714894,78.4569028969837,78.32149195967979,1
96.22797302517827,78.48465093489972,78.33259315736059,1
96.12011870653828,78.509911859446,78.34580366701937,0
95.946470472367,78.53783875769344,78.35929196961769,0
92.68495736090067,78.56621884368022,78.37171031662363,1
86.50093332914659,78.59827618075347,78.38156657539908,1
85.33431778010416,78.62805951183194,78.39239660650442,1
79.26347127490317,78.6542498323429,78.40470416873903,1
77.52821824924136,78.67788068245876,78.41728365735207,1
78.88937385034065,78.70284692433961,78.43333721924164,1
80.24762713793135,78.73218477587724,78.45244034582478,1
82.01077137764918,78.7622110298931,78.47119987505752,0
79.73354373021336,78.78662951664548,78.48934246116181,1
76.83244359130055,78.81009418219804,78.50659481871564,1
77.07894000091201,78.83445549174114,78.52539092677263,1
73.27841454041533,78.85596496595707,78.54315267220876,1
66.12497826742457,78.87368757066972,78.56072539281409,1
68.63003661327517,78.89565737786396,78.5784391971683,1
73.0912049618297,78.91830827130441,78.59595154609723,0
73.1105426696296,78.93668634427911,78.61299257740691,0
72.08128763057468,78.95413595590777,78.6303741343799,0
80.40068026780183,78.97097809229419,78.64900750724505,0
71.77890285867232,78.98289353042532,78.6643665113605,1
65.15630856711164,78.9922928207188,78.67916430390095,0
56.86763451070329,79.0023197411588,78.6936520529354,1
57.76905428269795,79.01560986099621,78.7090108894996,0
63.56997650844085,79.02843786008884,78.72411271550078,0
60.155897029603764,79.04133181729135,78.73762859425281,0
45.70655881298312,79.04957134218603,78.74960012544642,1
51.713720183677346,79.05672172127052,78.76432526309364,1
48.85627463741131,79.0564769679438,78.77876426343033,1
43.614762904024275,79.05613543370816,78.79377664964971,1
41.86979878577573,79.05631268666231,78.80693227154184,1
45.71032051880702,79.05739313444431,78.82060679367807,1
52.12332712591202,79.06095323880389,78.83711451364678,1
60.393327207504505,79.07425532738351,78.85967683865239,1
57.38412492000158,79.08414376899839,78.87827344692836,1
61.3756026153813,79.093306594099,78.89740460610912,1
61.79053459143238,79.10139954719875,78.91533993823411,1
63.4335845174707,79.11464172170605,78.93339842939048,1
64.27650870534345,79.1294075125098,78.95287898025862,1
69.97155611353529,79.14557857241249,78.97404497563335,1
78.0997406238998,79.16584459535218,78.99370460387064,0
71.38766410541481,79.18391716479283,79.0120076302609,1
79.23600664549818,79.20571847937717,79.03075180425772,1
79.00048478906314,79.22646448964154,79.04855149124033,1
78.39780700543983,79.24446711673161,79.06524488439983,1
75.43473635183592,79.26270095768227,79.08149402560268,1
74.24547535577314,79.28885415822126,79.09906566231356,0
71.11809189825436,79.31684891761368,79.11769982229312,0
73.83996919359525,79.3445786661059,79.13383457107922,0
72.98227733725504,79.37343091256308,79.14928864071506,0
71.56106125581745,79.40151495570713,79.1635735100463,0
59.9088144951006,79.42441884672175,79.17523882928941,0
56.897632060520614,79.44257026707093,79.18765508300307,0
46.28021960749866,79.448447354315,79.199745308077,0
38.589955753875806,79.45449344739832,79.20884702115492,0
38.96152333420504,79.45494149145193,79.21768126975275,0
30.53851745295701,79.45262718433614,79.22523853898505,0
28.21313606722886,79.44494111110029,79.23023610409474,0
25.86922367212206,79.43002006170944,79.23201309459148,1
26.034624543008107,79.40937029957126,79.23290868350462,1
18.715100511608,79.38555962643103,79.23327664778488,1
9.979536233256155,79.36576381542781,79.2342754835528,0
15.97607725759832,79.34489636233636,79.2349281524958,0
13.062609812932806,79.32447663647038,79.23595615944565,0
13.237431165634561,79.30405566536211,79.23739212227679,0
14.984228481557338,79.28431853229682,79.23695848737582,0
12.438138810898806,79.2587354372727,79.2352365287009,0
12.469763595773259,79.2254806050969,79.23321752662022,0
21.524255162502783,79.19825378850662,79.23148170411876,0
19.419187303720065,79.16349071102314,79.22629368820665,0
21.468170975469974,79.1296581903784,79.22227937402754,0
22.272407398525033,79.09947173708562,79.21811039583612,0
31.84007521012758,79.07070620152112,79.215009667148,0
28.19831216947371,79.04009351012482,79.20953876772845,0
30.737260120184388,79.01452949995658,79.20328367710201,0
30.45563407151802,78.99252657437279,79.19815917258532,0
20.072423782092315,78.9677795851026,79.1925218361517,1
15.989659212119477,78.94169985555149,79.18422735780715,1
16.215578846340648,78.91952789170391,79.17723346409552,0
20.721613122163816,78.90022337387862,79.1705438595728,0
23.960042945684506,78.88374814335108,79.16425083046039,0
30.442603944209424,78.86784994724403,79.1584582086727,0
22.215477817399602,78.84667752835695,79.14921786831702,0
22.620543789723698,78.81968696981113,79.1341288164167,0
23.474373713389554,78.79370675119074,79.12121731515373,0
21.49310425136015,78.7646954116152,79.1055140143823,0
15.49575639637726,78.73561487878575,79.08892266133569,1
25.124860841118533,78.71202853448425,79.0721722517315,0
26.36524400047685,78.686813100154,79.05444393917642,0
22.65824118610331,78.66537099428034,79.03421065695379,0
25.503525965619943,78.64199349395545,79.01273893346885,0
33.50327048730976,78.62158484725435,78.99317746882075,0
35.34345246366364,78.59995101300481,78.97270268059906,0
27.745387881027185,78.5790017041131,78.95055365351708,1
22.05011065848157,78.55190994691877,78.92626080917688,1
29.87663148121119,78.52963285536634,78.90493193165894,1
29.56481310806342,78.50952625768439,78.88079067593695,1
36.47164944544406,78.4944541852992,78.85526946488135,0
43.12214910547384,78.48440797492472,78.83316518762304,0
48.02701733999912,78.4732072357033,78.81045438882889,0
49.06505858982456,78.45954842856136,78.78746421960209,0
39.862952175246036,78.43965502377219,78.76455267949285,0
34.960412369094456,78.41865008316658,78.73964979475528,1
38.16835675901831,78.40381930422372,78.7162775963802,1
46.14727850552764,78.393267531752,78.6967269488952,0
42.54399915045704,78.38533775451889,78.67767251960908,0
40.10639926851144,78.3783828605601,78.65922493182528,0
46.49044323800744,78.37068703230064,78.64247062021165,0
51.032008244361585,78.36024885295116,78.6265354556731,1
44.07386300029634,78.3524538136095,78.61144406256908,1
49.624037907621855,78.34697982903263,78.59730701450948,1
44.94077736621031,78.3382753483413,78.58218208198613,1
35.08443060650673,78.32885693908113,78.56628691129697,1
45.434738907816445,78.32877367155359,78.55227246755035,1
51.38740378970255,78.33668958008923,78.53931437506772,1
64.29238640502916,78.34213828321847,78.52805983202761,0
67.88417510044019,78.34853470632207,78.5167103835567,1
70.20038279359204,78.35671790953513,78.50776438665663,0
67.57646051494689,78.36217127648685,78.49873218281513,0
60.31389457212368,78.36245263651915,78.49003915902728,0
65.65605376959648,78.36631205048181,78.48212576364345,0
59.94589794086938,78.37303056060098,78.473976208899,0
55.23686750230263,78.37940972330534,78.46313120346896,1
54.639110189245294,78.38501670851655,78.45424687573689,1
56.633009233410995,78.38776926729456,78.4460228558304,1
59.32295256450863,78.39223643331722,78.43755646318684,1
58.824651309526715,78.39810192677014,78.43135386849228,1
49.3574329813102,78.40074601473307,78.42608908388428,1
57.50876928579442,78.41328001508263,78.4240363050246,0
47.69312870286665,78.42124103018402,78.41985112509124,0
55.39774275000335,78.4318118023618,78.41653247811378,0
50.822566780042436,78.44371338708932,78.41252745792426,0
43.85585561444829,78.45298082709502,78.40880823079219,0
50.70392000497263,78.45657159868749,78.4070263191009,0
41.12819553269799,78.45389695567306,78.40339045686065,0
40.801210049768954,78.445926992097,78.40055246422033,0
47.7983680433849,78.44069353481666,78.39874184596906,0
39.845397536281524,78.42716262710971,78.39381802370683,0
39.64642619934301,78.41320951327887,78.3892907480651,0
35.323286018827176,78.40094907792722,78.38427039248604,0
31.472464030029755,78.38245536540275,78.37831051222236,0
29.67047328441508,78.36219817963567,78.37022154185152,0
28.009956439009656,78.35358856305812,78.36458622349029,0
26.377892398478153,78.33839062783481,78.35800244522557,1
23.901200839860465,78.32286463886007,78.35440473260692,0
22.51981984438312,78.30451601810395,78.34750972828189,0
23.378659259185213,78.28541682117766,78.34171009388959,0
26.787040932405446,78.26923953027217,78.33600322187345,0
32.76698751414719,78.24705373252895,78.3290946080663,0
32.55996029940037,78.22645549638797,78.3211504293651,0
29.609609925715603,78.19887961092246,78.31226495105821,1
36.251918970389056,78.17319604494074,78.30594386639167,0
36.460918657500926,78.15191922022817,78.30211588561683,0
38.3883235656142,78.12990482972752,78.29746052930241,0
45.381098445974736,78.11363930164583,78.29153916481818,0
47.9456737995766,78.09784857227952,78.28555679132458,1
32.472681041970404,78.07962464708427,78.27923856057873,1
40.63295207096586,78.06627038913085,78.2720513664389,1
41.24443734514574,78.05295019065748,78.26637128314762,1
47.75568935005012,78.043611218613,78.26073335448743,1
53.37323721211175,78.04040056618719,78.2556788070842,0
44.63539581062675,78.03819055482221,78.2501876244439,0
51.02840690861718,78.0341202153846,78.24669153401167,0
53.04623545925856,78.03516186527068,78.24055772271242,0
62.021888747837096,78.03447005022032,78.23351692065935,1
48.87300164315479,78.03200925578939,78.22345811731024,1
43.948837658842436,78.03003658669682,78.2143108460395,1
49.30569591166853,78.0278392281252,78.2044517493095,1
51.28172949286032,78.02628937048985,78.19474184566751,1
61.88197024279784,78.03174559469873,78.18886761263694,1
69.7406571461607,78.04306561222032,78.18296637575361,1
70.62967583811627,78.05331108539363,78.17805607630874,0
65.56192455603022,78.06043664972817,78.17452665618595,1
59.922021096445604,78.06638274461935,78.17000694374353,1
61.76643063641772,78.07398318825172,78.16602473320104,1
69.90713083006698,78.08595146617644,78.16304280446826,0
57.276846230416496,78.09712987815101,78.15884974113108,0
62.27194666013021,78.11055828503905,78.1559762745613,0
65.2751312557104,78.12440353825703,78.15082069241737,0
66.53487578720257,78.13379771530414,78.14575602853547,0
69.40524498780918,78.14329366282149,78.14027155126806,0
61.52304810795357,78.15188007769915,78.13345430068783,1
47.75540262254514,78.14793797087857,78.1246743915251,1
40.04996665260524,78.14456573907837,78.11575537886876,1
38.65617428013947,78.14236955695132,78.10890596117066,1
36.733443413274216,78.14393034309069,78.10265945770772,1
51.30362755641949,78.15505455465589,78.10005525397519,1
55.248737305553945,78.16570350119913,78.09986809894527,1
52.293004438177455,78.17443264848866,78.09923109975142,1
50.2080040644008,78.17962614970534,78.1003384413482,1
53.033287200671815,78.18181145914949,78.10270881325232,0
53.87833251309215,78.18604045225108,78.1075929853549,0
52.688360199474495,78.19279617593881,78.11020970133823,0
59.75863664649727,78.20260831762154,78.11569401965822,0
54.13019986590079,78.2074313743459,78.11985142739537,0
51.59689447222056,78.20438186878597,78.12298914474108,0
62.52047557141355,78.20313444473616,78.12593679055448,1
64.753368443843,78.20050850785198,78.12848386559322,0
60.72763367927158,78.19445604163135,78.12978161605834,0
62.651010900740566,78.19280178244576,78.13229454295859,0
45.16042490012224,78.18872980955013,78.13621163071913,0
45.56406135865972,78.18928778701209,78.13989099751637,0
38.85791042112076,78.19438126788835,78.14165921058917,0
36.94787337953049,78.20057727488646,78.14402435693233,0
36.00543901826764,78.20396574472086,78.14503653840067,0
22.328979647072444,78.20291064534182,78.14468428693266,1
18.455487761109296,78.19238158266313,78.14515802820672,1
28.99980725529413,78.18546316292186,78.14754520846166,1
26.648959773587166,78.17353087336798,78.14746337283562,1
32.38176396546288,78.1606264495992,78.14714453374269,1
40.08370756988652,78.15159285344832,78.14718572815676,1
50.95248244286462,78.14683732443325,78.1510516931993,0
50.73197266844151,78.13940942259839,78.15232538422374,0
46.695844757819096,78.12901840094143,78.15323663392651,0
43.1918253321543,78.11693812181815,78.1528386560345,0
46.25495258058936,78.11331688491182,78.15551219639005,0
46.64543921470631,78.10855383033086,78.15734368800808,1
44.56023184957018,78.1017497387996,78.15804806986297,0
40.838055670739344,78.09056796520501,78.1554930539444,1
49.18614160560573,78.08123074310669,78.15208860232177,0
53.7175842472757,78.07623511885592,78.14947943337337,0
51.45055449291956,78.07253490328455,78.14758052467273,0
50.91855937724728,78.06687575273635,78.14423485179243,0
52.54465983605787,78.06250890638375,78.1424748216381,0
44.48598960315151,78.05492608849654,78.1374136984986,1
35.153571727834205,78.05232697252453,78.13123448947188,0
37.499458534235224,78.05088265118079,78.12665913741864,0
40.88266031415995,78.04560984708358,78.12156583327948,0
47.43413599458045,78.04655856671548,78.116325384219,0
41.9326583231485,78.04710969424332,78.11246932531836,0
38.13693639965301,78.0390519321357,78.10548903588246,0
41.99531737058342,78.02547391245292,78.10048922710081,1
49.93979289595845,78.01374177493993,78.0986469058483,1
41.44175967116452,78.0011724522566,78.0958793191978,1
29.274624684008728,77.98736173357125,78.09083552668248,1
33.48090980043432,77.97478270772957,78.0878531422456,0
45.563656000176465,77.9687510556603,78.08282228840986,0
46.03637241571174,77.96607851411022,78.07819807502742,0
50.479929074682516,77.96706477311241,78.0725459037939,0
40.329009311371806,77.95745362376249,78.06321959194463,1
42.825210078451846,77.94660781725989,78.05539797661753,1
43.06396813116041,77.934262127266,78.0468691946787,1
39.54666016718213,77.92576249688202,78.03742138016973,1
44.30065554247382,77.91887175524695,78.02898019668827,1
54.43231549956637,77.9198436875666,78.02237862378688,1
53.163656994668386,77.92118388632957,78.01795529648932,1
52.93530231756522,77.92199392888315,78.01420293107743,0
57.12506770463203,77.92199548586923,78.01016062448637,1
67.83303586280951,77.92245052634333,78.00752317810378,1
57.485115622763104,77.92025526870235,78.00345071982099,1
53.9219356684782,77.92550828991425,78.00020042802811,1
45.54720509792524,77.92622237663147,77.99526306294857,1
55.43976094844856,77.93080145788679,77.99321498184767,1
74.64926632179639,77.93985453683675,77.99159022397794,1
66.24104566248496,77.95164514481685,77.98990728672088,1
65.05565751869287,77.95889291476884,77.99024605001641,1
61.429771738729485,77.95963951128843,77.98972545985998,1
63.06594594105328,77.9628779879158,77.98916400502499,1
66.00744229045642,77.97329664834315,77.99245221378398,1
67.73152680021552,77.99373340569535,77.99646237438309,1
71.90102656464464,78.01666252564445,78.00142584549597,1
72.14021506239587,78.03892514923997,78.00370432460139,1
72.34173792935134,78.06474709563423,78.00755644938405,1
80.10428715880643,78.09090577716847,78.01373514717908,1
79.35691019909883,78.11440262639272,78.0213644256167,0
86.06397150306658,78.137573335228,78.02765787661579,0
85.54747982540951,78.16356535847737,78.03620754233604,0
85.70548795397029,78.19142898149792,78.0460323215657,0
85.14009907104034,78.21479828331462,78.05721530534761,0
70.6698102262385,78.23398271579738,78.06455150889727,0
74.54848487658975,78.2512881653129,78.0702216466109,0
59.46846187648401,78.26489885685818,78.07220864437802,0
49.3190412611111,78.27124097808914,78.0749610719888,1
43.02863767688822,78.27318972821794,78.07586255271161,1
33.15830588374406,78.27551080076066,78.07814117162653,1
36.834052535622035,78.28014304928031,78.08137248071873,1
38.2195327307408,78.29068264205992,78.08564545621164,0
34.41782894337835,78.2981196960968,78.09016794463028,0
37.80393558517468,78.30246527907654,78.09481489872839,0
40.62653564555054,78.30668769010583,78.10029357272809,0
29.76294283041024,78.29822585311383,78.10509541388723,0
26.515656069566248,78.28932040232402,78.10924292054982,0
24.668015620310683,78.27241170149298,78.11102442000528,0
31.681824797571323,78.25325154886607,78.11456678582289,0
27.666268769824285,78.22757967343736,78.11745160156315,1
31.700270477503636,78.20112230708699,78.11819371635876,1
37.10147492806392,78.17344181209177,78.11808384490863,1
36.413749441848935,78.14024718076804,78.11569978822882,1
42.52663161471713,78.11242232368707,78.11535832557749,1
41.141026288804156,78.09303744782787,78.11878503852341,1
38.01569587448805,78.0753906001775,78.12173475977795,1
38.941377942616235,78.06648794870945,78.1250989729554,0
34.66230379097232,78.05956351308126,78.12848147846849,0
31.861761980125493,78.05584538760716,78.13065200565569,0
40.49262749049101,78.05393465028116,78.13177755671234,0
40.372919123828474,78.04942204884814,78.13266774572615,0
45.919343108391836,78.03956893157621,78.13267545728885,0
36.450017962193044,78.02425064131137,78.13107000680714,0
45.37450758421969,78.00590349280746,78.12819608531407,0
44.077762082760245,77.98428124315713,78.12590396251,0
35.7570566177919,77.96817669957547,78.12216277775171,1
48.69740917650177,77.95469325665222,78.12063127255813,1
34.56157681349761,77.9431712176822,78.11597232392346,1
29.123870302515016,77.9295261810615,78.11043544351277,1
36.09200002611489,77.92604145707071,78.1072101264647,1
37.73124458039694,77.92595140231865,78.10501711137869,1
47.61555926708056,77.92794623871559,78.10540653587948,0
43.80474143328103,77.93158209640866,78.10318143162597,0
48.051560543203394,77.93466713416626,78.09990651990672,0
43.58342200744929,77.93285734587779,78.09443461459638,0
45.16931946024035,77.92899974641291,78.08666964808533,0
50.0379355818767,77.92239750037895,78.07848791341101,0
48.85273271957589,77.9151223031657,78.06863156148107,0
48.999369716588326,77.90624618334304,78.05678816812552,0
50.213651353613876,77.89580267535605,78.04433757629768,1
40.99642661343782,77.88234167106465,78.03057508006081,1
51.22497217970091,77.87364205124098,78.0167061343943,1
51.16672577293613,77.86824854282696,78.00179783133876,1
45.739734480542154,77.86453151531131,77.98808937811273,1
40.638788000165086,77.86254513233435,77.97732892912478,1
30.44053001342506,77.86302290156179,77.96685667225127,1
34.34149008173452,77.86113660367964,77.95912637128671,1
23.624793587144467,77.86194894559172,77.95225551092447,1
45.347111862908015,77.86771208977402,77.94824438813521,1
53.51212469350189,77.87221582693785,77.94589213693557,1
55.14958719154496,77.873944599107,77.94253773130936,0
56.26841049526719,77.8704873210688,77.93732840748304,1
58.51097776933833,77.86850225144765,77.93133445376631,1
66.18589756706533,77.8653726777653,77.92506947938223,1
83.88522854944918,77.87023708717656,77.91985437342468,0
65.59139150784924,77.87167811350031,77.91605055223994,0
70.19332274170986,77.87574318684668,77.91305702722008,0
73.45972093221165,77.88511867717666,77.91371435175454,0
61.84122974567552,77.89098176563694,77.91188025483386,0
60.49993114212892,77.89781597787274,77.91243209807182,0
54.245710036630044,77.90438895667259,77.91188173989505,1
57.53772956106616,77.909638925201,77.911184979638,1
49.41751913839798,77.91434004179311,77.91143497574879,1
44.59822465530962,77.91800881034618,77.91032397277638,1
42.6067638199522,77.91988744112284,77.90806892644278,1
48.65273894660554,77.92383917333657,77.9062361015149,1
50.390327467463834,77.92821575553207,77.90381749401577,1
49.45540540032673,77.93426282868685,77.90213523716672,1
41.54620201029637,77.93639348960579,77.90046362893466,0
53.21039773824299,77.9379382245424,77.89949356664007,0
47.12439584276946,77.9386086212554,77.89821236027227,0
50.950085672705534,77.94597998560005,77.89989282909256,0
52.61934911628843,77.94986771499796,77.90158128324096,0
43.816052932524165,77.94707327778588,77.90153739337359,0
40.55751182700703,77.93396946052142,77.89972966037041,0
31.11761725624892,77.91868516999713,77.8962539404086,1
35.924768931327705,77.90343443198661,77.89255349735383,1
39.154985168235264,77.88638094746256,77.89099824366667,1
45.95607269867477,77.87772305064877,77.89115900266876,1
39.476326758079935,77.8663435396467,77.88855293110223,1
41.70249320514468,77.86060027608377,77.8857412894011,1
40.967697534796706,77.8536922529718,77.88148338534047,1
40.991747160146105,77.84841917816519,77.87816980845142,1
41.212495771460034,77.84549862613014,77.87465656956194,1
39.79890482651322,77.84150484862548,77.87152792754186,1
43.280985704110215,77.84332517701964,77.8719662737576,0
51.69167074641035,77.84858617966687,77.87429296573092,0
56.05102572894325,77.85146835241251,77.87667365686544,0
59.033458797761696,77.85044865931629,77.87814461932395,1
69.26661885694227,77.84736975713916,77.8801203993533,0
67.89730206000962,77.84567595156525,77.88354607247251,0
69.34070661301001,77.8419978103573,77.8872351327391,0
59.03102432655568,77.83852923518029,77.88969356018228,1
65.95487642254051,77.8413310119445,77.89225719202688,0
54.95251423760735,77.84499943898032,77.89271138302881,1
56.395168039583375,77.85649055941867,77.89364100355135,0
55.2657505202633,77.86555567455248,77.89432112570296,0
59.74742803199422,77.87894368717511,77.89779614030003,0
56.34359959917304,77.88375576474526,77.89757647265725,0
52.16024717810668,77.89612683277053,77.89811733343531,0
40.458614556257444,77.90086904517995,77.89651106783028,0
38.139100224671616,77.90130284263947,77.89380959396874,0
36.60017778328112,77.89600378470163,77.889170421753,0
37.9061351661767,77.8895356253269,77.88432174858657,0
34.3310654586966,77.8817751210337,77.87614314108471,0
27.003651442003886,77.86177286745371,77.86800417533895,1
30.116076077993853,77.8382451302854,77.8592937431064,1
30.87895496922043,77.8177781212611,77.84973743449922,1
34.56371785572834,77.8008359090243,77.8420862766789,1
31.99467825613101,77.78366429088493,77.8344597245582,1
40.48851971683525,77.7716036411218,77.83043194625219,1
32.413226817183315,77.75667317795586,77.82604883384104,0
40.79560116292528,77.74789182704255,77.82311427428205,0
34.321057793107315,77.738665047862,77.8205196870332,0
36.28811809589833,77.7307890436416,77.8170720240363,0
44.7231367816815,77.72326321373136,77.81341061970924,0
49.88743269354732,77.71403402804216,77.808648434707,0
47.92205739741875,77.69848561464366,77.80348525468276,0
57.14017338930522,77.68870574293257,77.79850137398797,0
53.11139723267972,77.66862475766655,77.79039194668495,0
43.46051133793549,77.64886342821038,77.78061299061227,0
45.970024701042384,77.63605305627954,77.76983882224053,0
42.980098539431715,77.62639943702644,77.75978311056438,0
41.26670529926505,77.61405803892599,77.75111565304262,1
31.197053201637758,77.60587822877413,77.74490664838578,0
28.978675661008126,77.60068783503687,77.74080524135483,1
26.077488491067996,77.59616215164473,77.73638483096966,1
24.817724268259568,77.5900763851982,77.73121560959348,1
29.74822690699311,77.58448234037935,77.72478999257113,1
22.912853940578643,77.57721736159034,77.71880925333565,1
26.544135649661655,77.56487296595482,77.7121410222006,1
35.56061474435559,77.55549994799026,77.70677191184842,1
31.37240168302,77.54186242433109,77.7004915727484,1
45.93947696013481,77.53061791694286,77.69456740335829,1
56.25204818235317,77.52262657146512,77.68952071317216,1
55.123899815147944,77.51520443368732,77.68216232237631,1
61.92295569284279,77.51022006949735,77.67330199063919,1
68.30833965455902,77.50541472451361,77.6650638035232,1
69.30674291900704,77.50074579162771,77.65862022691255,1
78.91431636644072,77.50587426313369,77.65379374908277,1
78.32677589900631,77.51672719705437,77.6490334888079,1
80.41015083252695,77.52624815477932,77.64353896000935,1
75.66679100097932,77.53668157080554,77.6390440448145,1
87.15485419315425,77.55390989994956,77.63614720824462,1
87.84164055131838,77.57261564509065,77.63595313082992,0
86.15034690669988,77.59275809861232,77.6353122570323,0
91.67128428967182,77.61122502921958,77.6346525728365,0
91.75113201750294,77.63289598409119,77.63279652835992,1
84.98517873173056,77.65206329308042,77.63211300390519,1
66.04985564928542,77.66785674918671,77.62750121990211,1
65.82666748238134,77.68327573036068,77.6251036962729,1
70.25225807503331,77.69897266874737,77.62583984229158,1
73.63900843093127,77.72138604058928,77.63064447510347,1
69.58348905798289,77.74062751266759,77.63500415829456,1
68.97683997279823,77.76016472282944,77.64087655389045,1
69.11306628946936,77.77904315212673,77.64907043624554,1
69.85848076279572,77.79669786341302,77.65668308389023,1
66.13448173321893,77.81606637100333,77.66437910342009,1
62.699958507873106,77.8340831647774,77.67191912921379,1
66.62361507333348,77.85148627345743,77.68092254211177,1
70.03164759684904,77.87041275966513,77.68855713622524,1
69.50073340565838,77.89038281437266,77.69702281457607,1
72.61683109262019,77.91085671746477,77.70423000098337,1
92.69338684781363,77.9324671388363,77.71366804463435,0
93.01196950693915,77.95359895567594,77.72507709564366,0
92.24386899142891,77.9752629975466,77.73611217055839,0
81.51791264961732,77.99492723091079,77.74700985398394,0
81.62196227919898,78.01124211392428,77.75789912807217,0
81.79017403206248,78.02980313622723,77.76855196122305,0
72.58746293983907,78.05144846689242,77.78063070359248,0
72.32862089543192,78.07195467563085,77.79434019524109,0
68.92443991962207,78.0882400440413,77.8067146373963,0
69.91524882333064,78.09974356634692,77.81998212683166,0
51.709851020563946,78.10607512851684,77.8318109941309,1
46.37562802711987,78.1118486068663,77.84326470512732,1
38.161839797201075,78.11482493238192,77.85472527518355,1
39.13521611836013,78.11856023322157,77.86564231652098,1
30.561558620780772,78.12391710190451,77.87791539010261,1
44.333829190774644,78.1359549030787,77.89250815429352,1
47.21466791676541,78.14696015018473,77.90881965754951,1
44.67719819168968,78.15184695256218,77.92334673086819,1
43.45244634329017,78.15312304240656,77.9360720523426,1
46.307529736675605,78.15690390791886,77.95024659441847,1
53.07246341775734,78.15617479904066,77.96389079747348,1
59.306882161967785,78.15702123344012,77.97883496043364,1
59.717676365158646,78.15678871819898,77.99274588436306,1
57.35867777399874,78.15780004520461,78.00604184426686,1
74.66603115945014,78.164603597453,78.02157467724791,0
75.81358085635367,78.17123315956093,78.03674690839634,0
71.27558873653554,78.17714131928501,78.049137526053,0
74.88268828416737,78.18858592252889,78.0630836854309,0
63.955145338717784,78.19586071400497,78.07455966108655,0
42.84650866187013,78.19203058177202,78.08212173121825,1
43.208574414539896,78.19611030479845,78.08869115607047,0
50.78944634164548,78.20345912656413,78.09560209771672,0
53.51187611352854,78.21328046413359,78.10293422139206,0
46.85692744295831,78.21909476551693,78.10879021103989,0
44.85492833490886,78.22149342125498,78.11335436496813,0
39.89459993779909,78.21660834841391,78.11832617642693,1
38.63749339099127,78.20792256552775,78.12484598408594,1
45.353279968922884,78.20751025455912,78.13304054054757,1
35.31169810204466,78.20490695163022,78.13844576549573,1
36.455631768838515,78.2014279058051,78.14226334050481,1
44.13738151152016,78.20016972446686,78.14770768219319,1
39.636449152147584,78.19701465028238,78.15357493141484,1
49.701484522513596,78.19804898596318,78.16034821789763,1
69.09262589309935,78.2019868206424,78.16815742715862,0
68.05559366236616,78.20178149375545,78.17586072634876,1
66.23886218482423,78.20254210281105,78.18413048360979,1
66.93546302866577,78.20841152809514,78.19190762790808,1
73.87788441368693,78.2084494501159,78.19829836161121,1
64.74104145810885,78.20909562235002,78.2020447842775,1
69.54960518673428,78.22366131786951,78.20724357138016,0
75.94685145839742,78.23946680988631,78.21149102449047,0
73.22186096419387,78.25321610894086,78.2154489590227,0
76.95406760600298,78.26395000712994,78.2184090252254,0
65.33847999326059,78.27387294676154,78.2203684973802,0
61.44646369631535,78.28424867734162,78.22255699033506,0
52.42717712052931,78.29126943677278,78.22291269664514,0
40.04722232305791,78.29531106057672,78.22239102155964,0
36.75578246858517,78.29487585896395,78.22220901388081,0
31.671739043066637,78.29532469435523,78.2212796256213,0
31.52887558542706,78.29586490455007,78.22071187578608,0
26.992659761933496,78.29217485105274,78.22214757120754,0
26.43465126727773,78.28539672663172,78.22299417932099,0
25.481676302118984,78.26941322072507,78.2221835332349,0
16.95968936821727,78.24900504783562,78.22033535300424,0
6.48192015144096,78.22470880834938,78.2161774089267,0
3.742250096427398,78.19544834060243,78.2079278586193,0
3.8160862941185485,78.16324063225163,78.19841982073486,0
3.963794478197485,78.12867486777859,78.18902952769777,0
3.1508962023340104,78.09768011920406,78.1798676149965,0
5.935583097213225,78.06444309518861,78.17025924628805,0
6.368308010680892,78.02499588285649,78.1590194580168,0
10.51624215119027,77.98607952949247,78.14707227744363,0
9.90697004686696,77.94465622577471,78.1335560282557,1
6.0588891921700565,77.90466582633324,78.11911480983166,1
6.085033133276752,77.86405553905898,78.10233776697746,1
12.267811966953602,77.82980016129937,78.08633949734052,1
21.806131407299915,77.80289395912634,78.07269207749619,0
35.04934529994071,77.78106137862103,78.05919919631766,0
36.525632299560336,77.76044511961325,78.04711338786461,0
40.806960138961415,77.73835376698337,78.03924114987062,0
37.964118438756564,77.71355275349646,78.02912455068673,0
37.57637778464973,77.68675615792408,78.01631299186498,0
39.56506603218822,77.6659893062053,78.00326707006359,0
35.379073656512034,77.64547537620433,77.99088759727921,0
45.0912033746143,77.63132663612159,77.98011069487335,0
37.79940000054737,77.61645684226623,77.96786725616022,0
44.98744084310956,77.60411852521305,77.95689820460896,0
45.416018409839204,77.59222995261628,77.94291740692063,0
42.7375423383356,77.57830906033419,77.9292284584781,1
42.017401502438794,77.56531063935566,77.91581233970828,0
35.253062795283924,77.55278606573319,77.90006599452333,0
23.60113600326629,77.53734345990412,77.88320380129232,1
22.66965350190192,77.52361577249654,77.86378274286903,1
33.81581343377442,77.51886275782579,77.84586518470502,0
34.97358925519761,77.51254887341214,77.82664471884014,0
39.26724467973283,77.50426375468639,77.80702815809066,0
37.28031957593075,77.49266176437278,77.78639217200724,0
41.38797268968614,77.47673634190537,77.76651395303344,0
31.42210673610799,77.46007876987716,77.74750664687545,1
36.06883277105932,77.44319607292212,77.72705505189165,1
35.363493069651156,77.43073974474629,77.70563372463073,1
35.978554585504256,77.41950415256797,77.68282820931582,0
47.54423004515559,77.4109298083143,77.66205899053735,0
51.22001167254047,77.40843262171082,77.6447114672589,0
58.23570896609027,77.4039924420215,77.6280082007453,0
62.01857640334698,77.40430432190706,77.61308121021393,0
49.60815097895459,77.39384908349545,77.59631341377646,0
42.41392630058511,77.38782350805653,77.58009646655766,0
43.44701348727258,77.38312871511292,77.56435006678116,0
42.01484839858576,77.37600278819431,77.54786749316597,0
35.66300889245815,77.36510783791698,77.52923918926903,0
37.1839203501614,77.35733351194462,77.51197851541748,1
34.6736053565166,77.34760045797312,77.49505763776826,1
35.87515904256958,77.3327083275431,77.47934649658801,1
38.43760637277055,77.32252014365604,77.46576925296282,0
39.66806507755024,77.31072364720954,77.4531382807335,1
40.270315055606474,77.30330700088071,77.44241871945887,1
31.870641402363105,77.29289803116563,77.43220321838827,1
31.82430965824389,77.28624586121146,77.42293294367842,1
28.333286728863186,77.27618679425825,77.41175253151951,1
42.39675649830615,77.26809178753788,77.4028720865033,0
44.610526094669176,77.26537276269,77.39454550259484,0
48.286111042437554,77.26073116956687,77.3884889680542,0
47.692832974610546,77.25120284278769,77.38332627384068,0
49.75455226812772,77.23546452244744,77.37657179410068,0
45.86477204580344,77.21830385142033,77.36848268626233,0
57.33190241571408,77.21383056787519,77.360688057276,0
57.377086266803325,77.20844642198746,77.35105048390425,0
46.46179597329553,77.19947802845795,77.33996323031903,0
44.000270812935305,77.187802555192,77.32764700844942,0
44.16140873192557,77.18585402069627,77.31815969614895,0
49.129022396727514,77.18388719634893,77.31083093078743,0
41.98529697329706,77.1825843225701,77.30169564431417,0
40.53082723856681,77.17547444217921,77.29134612297796,0
33.77137690832615,77.16364822495282,77.2786978884953,0
25.035872264321696,77.14757660157863,77.26558618445847,1
22.136258625809404,77.12727122736041,77.25167980031782,1
34.96006534139775,77.11681400797627,77.24203684053226,1
34.53927686823846,77.09958864621419,77.23144477803042,1
34.99685554245107,77.08581949557421,77.21995607400693,1
35.81233700511605,77.07290313721381,77.21091891509555,0
38.24068883543919,77.0595868813398,77.2034428711691,0
41.8447611018891,77.0443649080171,77.19678862226243,0
44.78200678616218,77.02990795790939,77.18774435387414,0
36.05071507925133,77.01622414799843,77.1780419039352,1
33.05164432189305,77.00292283135055,77.16794631692797,0
37.56983186650656,76.9869422223797,77.15840024047877,0
48.862487580375735,76.9739610751606,77.14994037720633,0
48.88287920055488,76.96386564122596,77.14147797885856,1
56.74285713360178,76.95665469121906,77.13303045576818,0
52.69611632857737,76.94265944165711,77.12292757491328,1
40.86096025245114,76.92785118105513,77.1141697421823,0
54.667770964496555,76.9192611305593,77.10502817321216,0
59.20819116502369,76.91805062922313,77.09519332598288,0
44.56401850536816,76.9151637088096,77.08316639521054,0
40.270554773942976,76.91842264374486,77.07123351319359,0
37.711690156209265,76.92007765027459,77.06217122702948,0
45.1749541235839,76.91730098503875,77.05382783132517,0
50.66937194874793,76.91894195067029,77.04577007225336,0
43.94899355180747,76.91648312086588,77.03614820707557,0
41.473495174954984,76.9093131566906,77.02860104260499,0
37.14732788405227,76.90124565582532,77.02100772872137,0
41.724256101468725,76.89438617178583,77.0155029077875,0
40.183818748474266,76.88640445443244,77.00922280462986,0
41.94021809691086,76.88018222922896,77.00110673816437,0
35.962302991764616,76.87175167687636,76.9923575287947,0
28.575836405690836,76.86136116533793,76.98162190626167,0
20.811557198295574,76.84494561424644,76.97075941043865,1
32.373103025607705,76.83341409704818,76.96034527319325,1
28.25877122941536,76.81970297593587,76.95043692843925,1
31.381354146639126,76.80928621091485,76.93940534426407,1
23.145351597123735,76.79834313524853,76.9273578912057,1
31.852071691392254,76.78788993118069,76.91589167785769,1
46.56911418614179,76.7788431225416,76.90624943788445,0
51.953111481708774,76.77553515139135,76.89919464678809,0
51.37075610437484,76.77286015084273,76.89305603296255,0
44.45520638538831,76.76904596653984,76.88425738649534,0
41.998497566664696,76.75884086017327,76.87398560659948,1
40.94385041520798,76.74653780749739,76.86459398386914,1
49.3452230363269,76.74121306064727,76.85751240925768,1
51.71725946418941,76.73678864792365,76.84897489349595,1
60.5196653068327,76.73362196834695,76.84090163752057,0
60.657752930632505,76.73278588613519,76.83558353321355,0
61.750230595321284,76.73129233109282,76.8315499601953,1
61.38987783806092,76.7316951784627,76.82832551956831,1
61.08593955822242,76.73508970074582,76.82736276846158,1
54.70302649447627,76.73868876189718,76.82618892007636,0
45.283037279693964,76.74326998558895,76.82134180148373,1
48.309875066708926,76.7485142256782,76.81991550497885,0
46.484297873182754,76.75668187219888,76.81878187908912,0
53.08735394182703,76.76451498238981,76.81605008233447,0
55.03851924738785,76.76971592352133,76.81140950807833,1
65.92839661285302,76.77408984969742,76.80778165452982,0
53.36572418314497,76.77203296070255,76.80309943900171,1
55.678424621209224,76.7692346099147,76.80039883155462,1
53.33711491786011,76.76683265070334,76.79861996070366,1
43.09160582619349,76.76638570748761,76.7960347805385,1
50.91902354661539,76.77019574647025,76.79247947512334,1
52.08609925688508,76.77717038815648,76.78991588264135,1
51.87432376446104,76.78171760349385,76.7875375741676,0
54.7298224541237,76.78607957078381,76.78634294514661,0
60.354206005156755,76.7879648635387,76.78494711051401,0
51.353128693693776,76.78716873216956,76.78274657385765,0
51.439681945727706,76.78878803927206,76.77984492421487,1
41.44295915197847,76.78691848893394,76.77702743161805,1
46.73722568187931,76.78462159136417,76.7738423475093,1
42.069811469803476,76.78414472013932,76.77181574802225,1
54.760897119599335,76.78560852265215,76.76866481652908,1
60.043476231787764,76.78636380447105,76.76688424649916,0
61.295921234452145,76.78886531560072,76.76773475698305,0
55.527147054595,76.78865141220871,76.76778538454171,1
50.573690092812484,76.79039128871234,76.76706776123314,1
45.43013570754722,76.78910116335838,76.76566765115885,1
45.76086501333909,76.79088421981233,76.76489134515367,1
45.58617497608332,76.79126148022202,76.76483053195183,1
51.177564830440595,76.79203612135623,76.76673373849562,1
51.60675971605845,76.7946226534826,76.76933937579638,1
60.23657761275425,76.80001687816251,76.77450798068976,0
73.56927434937204,76.80558213937742,76.77878309957305,0
65.74091279188893,76.80871377834835,76.78314189513259,0
59.698271021389814,76.8103692428625,76.78677615792567,0
62.57796769446056,76.81369103902061,76.79108627202285,0
44.94956468594785,76.81165351408583,76.79225200701971,1
33.7948355453572,76.8053000226819,76.790427684271,1
37.74938960947003,76.80236968935894,76.7877612468051,1
45.53460688497057,76.80282480995734,76.78582821115515,1
54.615422661906024,76.80648121997588,76.78678984939667,0
53.40616195663025,76.80917176793683,76.78879717963451,0
58.05622420135921,76.81219364966823,76.7931465833675,0
55.82423158063077,76.81353187831579,76.79666228405044,0
47.695469373311155,76.81283824517797,76.79820522344345,0
41.38135064517352,76.81263168615295,76.79867164835554,0
37.64557732371655,76.81148077681642,76.79714560743133,0
45.90044244932377,76.81316334924114,76.79763975241299,0
47.87265379256675,76.81477619406408,76.79806293819239,0
39.41769467771509,76.81058641361827,76.79693242364459,0
39.8438426337892,76.80125160037728,76.7943645111884,0
45.38589140834086,76.78806917727968,76.79242765736606,0
36.149587384560924,76.76673346437066,76.78607079505004,1
29.244459607509356,76.74636728142657,76.77901605882367,1
21.92400143455494,76.72814412395697,76.77222781455254,0
20.295999556770482,76.70483297113029,76.76513309106643,1
19.780677440825812,76.68952106981708,76.75842449506757,1
27.055408946164903,76.6819846652864,76.75440836610453,0
28.24968124031969,76.67130399472015,76.74858900072726,0
27.57313911752044,76.65679349003945,76.74181254688959,0
34.720195060763885,76.64131166770369,76.7367602334831,0
29.509453143372895,76.62649299184582,76.73131607778474,0
26.384964052832956,76.60414753637124,76.72393744265341,1
28.93579833427036,76.5811416690935,76.71643191029031,1
30.629253995016015,76.56023614997719,76.70786785512081,1
36.966418778992605,76.54274242927185,76.70058267464879,0
49.24490561649689,76.52900249282777,76.69387911169463,0
50.23176789191481,76.51148272248801,76.68671762569939,0
49.794362939505056,76.49447660226629,76.68108618352534,1
48.58914275356896,76.47739555525543,76.6740420092011,1
39.92954012005337,76.46261216424362,76.66575148883013,1
41.99325774292244,76.45263925372038,76.65923994979335,1
46.806879996493606,76.4502418587977,76.65162201678069,1
53.055102071504265,76.45227437220818,76.64437968146665,1
49.24047372698535,76.45431026900835,76.63849135727239,1
55.48666077499101,76.46360243857596,76.63441755101188,1
52.51404286956332,76.4637366496489,76.62827868958378,1
52.30609790107103,76.45965055711835,76.62191490102695,1
62.43729045297329,76.46370948896394,76.61756820422404,1
61.96873702456182,76.47160930920795,76.61364182203027,0
64.12982205827885,76.48052978700312,76.61112308689131,0
65.71577767116585,76.48943351360285,76.60708273196089,0
62.5721328562815,76.50095563160514,76.60208683954448,0
63.96050603402306,76.50976730028812,76.59685331906621,1
62.24385237930659,76.51782590547158,76.59085052016442,1
59.92975205247967,76.52496905089276,76.58509387939765,1
61.3952657676064,76.53183149336309,76.58195030340553,1
57.9852504330217,76.53944962470703,76.58037746650943,1
58.954918695098684,76.54819064044428,76.57941456395945,1
54.51148978326776,76.5613674847493,76.57745907911789,0
70.11911402443694,76.57979817578541,76.57507827115394,0
74.07154859038366,76.59640706230087,76.57413406753896,0
61.870772566537504,76.60958067199168,76.57057682571006,0
59.07224384725483,76.62074906330166,76.567266555461,0
43.198191263875934,76.62608942262764,76.56379182825226,0
44.00238877781483,76.62781306327017,76.56049010185876,0
49.85430196516889,76.63750826387813,76.55868968440845,0
48.44228717454961,76.64375268926852,76.5541506370379,0
51.934410162791984,76.64368799855706,76.54913292602123,0
47.499032726569425,76.64072322914811,76.54569654824222,0
45.74412515666722,76.6344108432072,76.54438678402329,0
44.61323216027871,76.62726597376266,76.54276145055407,0
35.90553498180242,76.61818044633803,76.54266563233145,0
34.69476997840633,76.61207830832616,76.54313772982604,0
22.477083387294996,76.60428456742335,76.54130669755098,0
13.780688779813957,76.59330860523198,76.54048413303832,0
14.80099099931192,76.57941218418817,76.53790674915396,0
11.763792526898442,76.56530982063633,76.5337075286494,0
13.575887470028377,76.54794247376009,76.53006995557543,1
9.86707009027397,76.52553998747975,76.524957678094,1
2.9127806634508886,76.49906964136682,76.51818146061919,1
14.680309287099703,76.47251242992095,76.51254184276901,1
27.545273612509902,76.4530756622344,76.51014807605534,1
43.180644806702276,76.44025279356627,76.51091100525011,0
49.70249988894089,76.43772547602741,76.51478755867235,0
46.35034362551896,76.43112635426345,76.51584367185541,1
49.1057773452783,76.42142503978107,76.51565870318977,1
49.22531355004737,76.41568047732976,76.5158297389746,1
56.06836103642049,76.41094976330331,76.51572219043604,1
57.51704427874151,76.40640255070035,76.51729934642017,1
67.28930817295134,76.40851009073984,76.52274595462177,0
62.73154719481128,76.40815627553636,76.52496825928046,1
62.0416992071279,76.40920641109784,76.5262514532515,1
72.91877214072898,76.41545547306491,76.52841017016874,1
71.65803534384652,76.4248687175658,76.52953007697397,1
70.58077252207025,76.4361982592927,76.52952246132503,1
70.10898957869136,76.4520469269976,76.53323086009344,1
65.19922408706327,76.46979754538116,76.53776632395451,1
60.16191217244839,76.48984376074762,76.5405236642889,0
71.00208168166135,76.51736897992632,76.54326154638136,0
67.73520110257847,76.54326981582395,76.54327747214752,0
64.82940610644727,76.56481063008869,76.54269268936335,1
66.95017508072131,76.58414567347657,76.5434240928039,0
56.515897723398226,76.58968321634157,76.5428773716715,0
53.08049949369171,76.59438468375859,76.54541106998715,0
59.18638592362902,76.60368071647692,76.54732833808906,0
63.520120318724885,76.61469567979105,76.54880437776096,0
48.87344787279442,76.62078186424608,76.54836263479022,0
46.10741270301816,76.6231901342848,76.54572198797226,0
42.766640445844395,76.62416608594332,76.54241878689778,0
41.640592136544456,76.62024199232441,76.53892348123738,0
32.94707641393387,76.6132803445341,76.53171757217375,1
35.83778548730088,76.61091313111635,76.52678443690137,0
30.297782716625875,76.6024112953984,76.52107506300744,1
31.920340291577062,76.5951134518851,76.51713968867695,0
34.610982648560324,76.58738527741124,76.51335134698145,0
33.157172624847576,76.57730947493583,76.50915134451652,0
37.38211209838181,76.56356360136537,76.50569068879325,0
32.35197901234824,76.55113990998255,76.5035044288591,0
24.32877650077927,76.5287496576515,76.49847211778271,0
22.481077461181954,76.50772574806498,76.49260343409064,0
27.0161987146126,76.48869329815759,76.48726361912132,0
29.6243182549987,76.466965352401,76.48293805522908,0
25.862805448528988,76.44601207549465,76.47645087853888,0
25.512130186247333,76.4230271804578,76.47290811520094,1
27.57347953777186,76.39530854919616,76.46812831567473,1
21.43067637919276,76.36691493207113,76.46380547691415,1
23.52801543526884,76.34398578805357,76.45983302175712,1
24.26466497498977,76.32505663169927,76.45656765114792,1
31.100656189043292,76.31090876221623,76.45656629679239,1
29.05525269441428,76.29412744900257,76.45694660429167,1
34.364271538222255,76.28500139294445,76.45671315738315,1
29.607729209932245,76.2732946053872,76.45487201416249,1
44.86366073702035,76.26455804594966,76.45079716396079,1
56.59042773199204,76.2607576242283,76.4463525479573,1
56.50624143310007,76.25660197750607,76.44354159627851,1
62.660873777064815,76.25401144650183,76.44218590720484,1
82.9229135675939,76.25804915949804,76.44263816166057,1
84.07828290830346,76.26433114978654,76.4448569834524,1
93.02786071655937,76.27651915709522,76.44651876034067,1
94.52199204248403,76.29325658024491,76.44650202989267,1
94.58017430715962,76.31028751352254,76.4481161143158,1
95.16339014710782,76.3317969319821,76.4519742635828,1
94.8651271823001,76.36062051084082,76.45451689364924,1
95.52019487466103,76.38798046278511,76.45815281328866,1
95.52455972296453,76.42047620622294,76.46183949444682,1
96.16738778436832,76.45396144998388,76.46457128610865,1
96.0433537045987,76.48788489158329,76.46706796023797,1
93.598915799362,76.52125999177511,76.46913414355893,1
90.75673904995958,76.55030023255595,76.46973879784423,1
91.70823156800904,76.58492200807612,76.47360748119254,0
90.77399814524169,76.6197096891488,76.4786727810072,0
82.52987226792325,76.65290423348775,76.48237543816697,0
83.6660590990151,76.68337637346481,76.48827442681008,0
83.71699891326351,76.71284455394397,76.49373649603145,0
75.73753441549667,76.73962781897448,76.49792043727753,0
59.549153219766964,76.75946706098077,76.50009445968072,0
48.246150561561315,76.77053191634249,76.50253818249914,0
39.29870475489555,76.77214040090129,76.50443709009897,0
32.73281540033254,76.77095102151883,76.50523273457087,0
28.343401314086535,76.76297378807402,76.50359474819251,0
33.993189174788526,76.7584727332712,76.50619306981065,0
34.274075359952974,76.75040429239147,76.50777072809284,0
33.99950443234492,76.73947899900539,76.50934397509204,0
21.698277589038796,76.72329242416315,76.50942440219988,1
18.60440802599082,76.70533582488224,76.50901971343522,1
17.09909577742482,76.68128856133725,76.50616292066923,1
16.992633905340384,76.65520965160769,76.5037263803349,1
22.375881597967904,76.63592375016889,76.50304767963345,0
26.816848192043764,76.61944056082822,76.50601515911491,1
29.259325510399748,76.59689663724033,76.50927583686268,0
36.06546796433958,76.57501892623095,76.51320303223655,0
39.67081870428442,76.55330953650825,76.51691311180986,0
41.37839306980638,76.530005469866,76.52187178455861,0
53.62812899901944,76.50866387887073,76.52799117539662,0
43.08049203430495,76.48609302975593,76.53423422950145,0
41.994634849541406,76.46699498949336,76.54012648264963,1
44.71124431348212,76.45315672469785,76.54620655715685,1
46.661983053064176,76.44175873408197,76.55111793105206,1
50.06495941658007,76.43632673450074,76.55539992348467,1
56.736289181810115,76.43357066296372,76.55937203377697,1
61.24054143479432,76.42860538579542,76.56363466695103,1
55.246336330446525,76.42557359790325,76.56868232509927,1
50.51819353415726,76.42291045213486,76.57268493756611,1
59.48955401762834,76.42989787810501,76.57708050375055,1
53.077694293045745,76.43528570016358,76.58049320249822,1
61.051893544281704,76.45011135036194,76.58460288221326,1
69.08195221141287,76.46966646697994,76.58837330332766,1
69.27255495107651,76.4883519687925,76.59265600723583,1
77.0240150659769,76.5055426274118,76.59762454724155,0
74.05017642433756,76.52095311168469,76.60035444943858,0
77.57148207007924,76.54060943220922,76.60533179971122,0
81.2827108354605,76.56083191428388,76.60852710473057,0
75.0873655707789,76.58100192257027,76.61002434925041,0
75.77861097252399,76.5953772768917,76.61094990103926,0
68.7406777653405,76.61023236599341,76.61013669340963,1
68.59991442644909,76.62778533739174,76.60965603761275,1
66.70387333380148,76.64254338367077,76.60806995399186,1
60.23172310306334,76.65928055515904,76.60632615640563,1
66.74793187440375,76.67700031954061,76.60607995827853,1
64.627805386105,76.69757290192895,76.6044323913181,0
60.597233970539136,76.71616394869464,76.60221637076937,1
53.23503013817502,76.73348791979706,76.600915799623,0
52.33361087176019,76.75159285494951,76.59997153015999,1
54.659281783706426,76.76313763399712,76.59719773577183,0
38.837604833246246,76.77671176992854,76.59532678287985,0
45.872734734221225,76.78766289874928,76.59588121732067,0
51.68274865124617,76.79462432886804,76.59801026833789,0
57.00086920242561,76.79744037741285,76.60277599784047,0
58.49300432469116,76.79715091309983,76.60810450387395,1
48.27767215202558,76.79742863515077,76.61413638826929,0
47.19413665549184,76.78907142672813,76.61757127709399,1
45.01368185648187,76.7800096546281,76.62036924962523,1
47.78767210428341,76.77739798714299,76.62519194450545,0
48.61888732357114,76.77759907986538,76.63267256332014,0
41.51558956024662,76.77750770386582,76.63900544500306,0
43.52588760492383,76.77714408671935,76.6479982477656,0
41.3497075274747,76.77744078393579,76.65696240692309,0
40.11334389164711,76.77652575767338,76.66256695940743,0
34.08843619068463,76.76808474949337,76.66553763374459,0
37.142724443109614,76.76070721671098,76.66995662310634,0
33.179363652012356,76.7491017825136,76.67184951328244,0
30.520675692317752,76.7368121435176,76.67431684242673,0
30.233680967192427,76.72158735418114,76.67660428388605,1
36.52444880378401,76.71006261142189,76.67775722879227,0
37.84475320474717,76.69752177425141,76.67989828067803,1
39.37452354895639,76.68306118101256,76.68230769392834,0
30.71733820565146,76.6686798868466,76.68421953319738,0
27.464368249554056,76.65393489139022,76.68764646076376,0
31.290375700168653,76.6418005770906,76.69029404090989,0
27.14868659923789,76.63138829838202,76.6932634424366,0
26.703774673154484,76.62164292277342,76.69478629188518,0
23.949032851846823,76.60881459691008,76.69366564922795,0
25.02778058302762,76.58861878849412,76.69147527904916,0
22.624739396787888,76.5683881473544,76.6880686710199,0
26.084372423596406,76.55052995729923,76.68510314785733,0
23.97350564527764,76.52930066497674,76.67967397361153,0
22.610291835963878,76.50498056319498,76.6710880454091,0
11.55684372159044,76.47751313237924,76.65823142484213,0
11.103264938959597,76.45245967888974,76.64430445433577,1
19.06664486287849,76.4271312532521,76.63242787973333,0
18.24337352873468,76.40428625115159,76.61732024085937,0
18.98242822987325,76.38282004721678,76.6031120955999,0
17.87013131133085,76.36241493799646,76.58916949005653,1
22.36759169585892,76.34157991080845,76.57623828235899,1
22.69217445471992,76.32069747394426,76.56408432385838,1
23.394763275032915,76.29647735529875,76.54978450109114,1
25.302948866466295,76.27174752628663,76.5359011902437,1
32.47903051591946,76.25167344857803,76.52460361813137,1
42.50244358678459,76.23701527756222,76.51430002411854,1
46.87456756351112,76.2239739544668,76.50382386345176,1
52.00641399733569,76.21210138692557,76.49316126717754,1
62.21858983120911,76.20597279279559,76.48265959842736,1
67.90085197143735,76.20422893569207,76.47252971134618,0
64.41751392141242,76.20016842719093,76.46288098829744,0
70.25178146661895,76.19838856295382,76.45377386506745,0
69.59300279547946,76.19927263777697,76.4443178692226,0
71.9725763372793,76.20348168218854,76.43463098673729,0
60.311449676342356,76.20928422520107,76.42296896395742,1
59.58421819648729,76.2158248667325,76.41177403578884,0
71.86768376821787,76.22210000619468,76.40229642815089,0
73.90364413263543,76.2299757425672,76.39368196719501,0
68.05646123817505,76.23754819182419,76.38612751047833,0
53.69846038288129,76.2460933932283,76.37664765249066,0
40.22344302376142,76.24946142563188,76.36498322066558,0
39.54332943279195,76.25317329525049,76.35435056041224,0
30.789077909628432,76.25751928448332,76.34193458019672,1
23.392778574816603,76.25937643094144,76.32867544904599,1
34.16599707407002,76.25932191248108,76.31772208005445,1
29.133693905642346,76.25253235718438,76.30807906719495,1
25.16432383365931,76.24200142097911,76.29634154515901,1
37.49079582616125,76.23681538659024,76.28824670880819,0
46.99816031800051,76.23318604673344,76.2812091597137,0
47.415832631460106,76.2274570434736,76.27487758706316,0
45.37948897798774,76.2231534811983,76.268117336208,0
44.43521616099019,76.21678480645151,76.26147907794748,1
39.7860564418485,76.20766916656433,76.25416106344332,1
43.61637047886063,76.20096500618772,76.24754503447375,1
46.93681212474273,76.19692030524467,76.24016312949921,1
48.536734899990805,76.19450879326733,76.23285732225953,1
59.287665028671775,76.19277227662027,76.22685001944619,1
70.16028318655806,76.19391186034811,76.22258954222488,0
61.567167680546625,76.19245653007067,76.21958428374256,1
66.66055916444095,76.19334789741308,76.21853929605825,0
63.82639478807948,76.19403036971583,76.21524010961016,1
58.53395806857491,76.19681391761726,76.21286414453947,1
54.74943262629567,76.20316568448145,76.21148058799861,1
59.8814908196511,76.21398069756806,76.21227550279522,1
55.00759130323793,76.22021770777557,76.21480391021298,1
66.84552326320076,76.23409752706856,76.22073420646647,1
65.32139171438573,76.24748105061131,76.22448146410268,1
67.09847765384247,76.25890589995647,76.23009456833014,0
62.54140682052017,76.26469501077688,76.23395914513773,1
64.02141663753261,76.27315704468852,76.23917442973999,1
62.489464573762675,76.28207473948872,76.24431526768011,1
59.133625322936155,76.29187933154964,76.24995182098962,1
59.46965775297823,76.30228139588355,76.25648267967723,1
57.94602896546302,76.31166809283859,76.26351326109452,1
67.16227219530245,76.32285906963116,76.26863737792047,1
71.73362159834434,76.33929422474162,76.27376890113129,0
65.28459790426291,76.34994672229035,76.27723912657561,1
60.5938722850297,76.35611929011425,76.28019670350037,0
63.36895079242498,76.3648409765698,76.28313155725225,0
52.739881095152505,76.37129674451232,76.28536641958634,0
58.084765871326695,76.38088729169847,76.28752765541317,0
58.60803018795529,76.39237751456203,76.29045972518274,0
47.89987059968227,76.39479592221282,76.28968990177296,0
42.349427306463156,76.39423316233065,76.28857609485205,1
32.68107735100274,76.38926548041304,76.28679641229776,1
29.180857530047888,76.37429253309998,76.28412127301345,1
42.26030188527999,76.3693995544167,76.2834012833915,1
44.07084840948624,76.36336330060904,76.28344959154688,1
46.581456921256304,76.36338333879404,76.28429320392569,0
39.22377759633786,76.36161710531091,76.28538391457302,0
45.21956957707571,76.36040889851348,76.28869425683276,0
41.47820083202082,76.3536391532474,76.29013816418839,1
44.34379665542607,76.35155211784809,76.29409581302315,0
42.77668713203213,76.34653130506098,76.29837521074234,0
41.65102051109163,76.33907359587535,76.30053805127817,0
39.55601599978783,76.32768276154123,76.30382906287402,1
49.39307102303336,76.3199265588127,76.30840918170904,0
52.03770538749149,76.31412846950755,76.31112193666729,1
53.62345782085943,76.30330138391244,76.31117769212386,1
59.687128433532216,76.2935615146562,76.31180820805939,1
53.806170784807435,76.28705765268798,76.31308932400906,1
48.070520849983176,76.27565584297808,76.31400813979337,1
49.92477900756638,76.27688601298561,76.31737664034148,1
46.31730198471113,76.2772771414013,76.31910094893749,1
42.360092497068464,76.28300074074238,76.32122858649683,1
58.7315141014893,76.29705397288947,76.32513934486232,1
50.11732009619461,76.30169931383834,76.32697209827872,1
59.6233110662646,76.30773965649436,76.32898071000538,1
69.4906418424576,76.31691493829871,76.3340765672169,1
68.56369608154759,76.32685971169495,76.33878864028577,1
64.4346851569926,76.33287406070522,76.3442317332285,1
59.97861872291746,76.34191801406257,76.34817980276652,1
71.32036107379926,76.35178465502783,76.3535434012417,1
73.92654837547191,76.36806430445863,76.36000865349857,1
74.88464034082679,76.39040891036336,76.36861453231327,1
77.7610283594602,76.41111164952332,76.37463471185593,1
77.28708281112856,76.43403395152578,76.38303034207483,1
82.63496542321559,76.45654800787511,76.39017877983474,0
76.88636439533104,76.48051012704282,76.39750373863023,1
76.12962390296639,76.5076186954916,76.40559286838061,1
82.96329585454528,76.53681798567814,76.41498662248482,0
75.2097155658713,76.56450480813075,76.42305833042582,0
64.8955575426161,76.58498614824136,76.4304585412846,0
64.51924699769928,76.60825413196388,76.43773536458761,1
69.89834084352219,76.634438626943,76.44586040942157,0
67.93648054325574,76.65245328200251,76.45040296776668,1
65.04525379715919,76.67324610388613,76.45629185091703,0
57.65399412470717,76.68900689043357,76.46213575013311,0
54.634060751438184,76.70087939154949,76.46849193320878,0
50.91497341971304,76.7097792103704,76.47418162662902,0
49.72535093406465,76.7226610837665,76.48094125005571,0
49.23450106071707,76.73742111882879,76.48619724447322,0
48.99604815577175,76.74531341093152,76.49375039672917,0
43.627338252409054,76.74949064459545,76.50211164640449,0
26.601490165217825,76.74328307176583,76.51022156885439,0
27.84745102215429,76.73546406865555,76.51910332607815,0
33.63043053183641,76.72549293794239,76.52546769548509,0
27.954474969172338,76.71024951284083,76.52893326472746,0
16.750409450632787,76.68986145805559,76.52809498633484,0
15.298903115380227,76.65888968428159,76.5245018999689,1
21.534102908976266,76.62694188842991,76.52159981845139,1
22.308231460834364,76.59789711850732,76.52076151652979,1
17.619966289312643,76.57042139705877,76.51800625296886,1
24.024575184620176,76.54570483081385,76.51740477488875,0
19.11211466529582,76.51681828619562,76.51695828554968,1
20.86793367913525,76.49223242263356,76.51622283220361,1
22.51520002795803,76.4670281970827,76.51513250622503,0
21.36971032298348,76.44219997479244,76.51336435224707,1
26.7943947444179,76.41611741240087,76.51361834460414,0
32.693351577075276,76.39484279266411,76.51469413783217,0
30.288171910704662,76.37063497690363,76.51437217974198,0
34.02476052555352,76.34550800598241,76.51413810967495,0
43.0226541046592,76.32221249107172,76.51188098796361,0
43.24579502161234,76.29172155495063,76.50788941182422,0
35.1937424991775,76.26803300493123,76.50423447452994,1
30.509513234423295,76.24237769959696,76.49723281676114,1
37.48734755454804,76.21760481035184,76.4918298940905,1
29.40554808219595,76.19797904865874,76.4850290215932,1
32.00335427150475,76.18652814918934,76.4759402706911,1
35.72800843202501,76.18434170794367,76.46749469846837,0
31.76693790212913,76.17529064735027,76.45856645310941,1
36.399831588444805,76.16759715536544,76.45103317305094,1
36.200601115808944,76.16234144238732,76.44222896791265,1
29.231688956363826,76.15364143998804,76.43163562910051,0
26.764924104978917,76.14335120194845,76.4181352021837,0
33.02655176313253,76.13405284527313,76.40539931050353,0
39.31686883031926,76.12681680701927,76.39224564842243,0
53.015063513867815,76.1213628990339,76.3792903087106,0
44.14059113845503,76.11175493096293,76.3661162661722,0
48.314034465475295,76.098184002328,76.35092026056674,0
42.977108204613835,76.08499382489842,76.33364251543007,0
48.93347455047691,76.07530247340728,76.31845717578557,0
39.436691186368364,76.06184145656162,76.30262311129172,0
31.904747259036114,76.05366786226043,76.28605490394284,0
33.98367590865817,76.04341000281906,76.26782302488036,0
30.482821899022255,76.03657843037259,76.25088287610917,0
23.872308693473613,76.02388284220919,76.23208458941971,0
23.785917278557946,76.01080275250402,76.21374736642139,0
25.577842113198145,75.99646153072322,76.1941731263606,0
17.403166557858597,75.97684482130335,76.17432094284155,0
9.943163735658516,75.95969056690531,76.15337824636494,0
8.106591167064778,75.93977423496112,76.13197441950388,0
14.931310714549,75.9205439425558,76.11232118056238,0
14.292446681961621,75.89919587254089,76.09151772027869,0
15.319605553028055,75.88094339453633,76.07319933129192,0
6.926256770373087,75.85843455987785,76.05458750699246,0
7.8463122572157715,75.83197132838907,76.0348370046011,0
12.267342545496717,75.80606108679879,76.01761493829378,0
15.901558940779893,75.7841177886022,76.00381879839085,0
15.181575827063142,75.76251759002567,75.99237142286437,1
17.667854339014852,75.7402864052452,75.97898032215619,0
14.784841196518329,75.71157006377621,75.96392635389311,1
29.118024327823207,75.69190543038073,75.95121672462051,0
38.63512765645657,75.67603185797037,75.93818571480544,0
43.67891031108828,75.6633516095484,75.92643635422147,0
39.026283579789485,75.64610084153149,75.91243024366834,0
33.67101463189735,75.63099939692549,75.89767306935683,1
35.64200788175104,75.61554721965895,75.88308626436799,1
29.034945116029277,75.59520961975316,75.86581000930151,1
36.65450921935656,75.58070014940016,75.84866388553598,1
45.9921381657357,75.57093714052829,75.83349911181479,1
52.81485542412131,75.56904631139679,75.82138974166962,0
48.32643975944531,75.56249177015249,75.80843289219469,0
50.137199724182075,75.55897209852859,75.79841793770987,0
55.25525411924144,75.55918212131579,75.78965897784573,0
59.87521244310701,75.56107038001961,75.78206457916153,0
53.19338947173889,75.56305683811773,75.77301781570745,0
44.24127189398742,75.55850463176624,75.76182517153677,1
46.007304288164555,75.55666484517448,75.7518734767849,0
51.34563204134855,75.55602784353786,75.74104587710204,0
50.84428928312522,75.55400124355938,75.73046456063985,1
53.10793997835679,75.55722352643666,75.7197769023216,1
62.31775863947361,75.55667062196433,75.7089483964513,1
59.89063214118891,75.5545478015934,75.69854825944759,1
52.72325366265523,75.54979821778177,75.68901516055479,1
50.53755042102045,75.55477774735813,75.68072020450235,1
55.90847349233478,75.5611519605267,75.6714071307598,1
62.481643290819356,75.57343912944563,75.66391675653267,1
59.43358079876296,75.59326239685878,75.65841299565984,1
62.54816398026548,75.611465989567,75.65397668043157,0
65.71004927987289,75.62493699831093,75.64947638117981,0
85.00718858811985,75.63512806986115,75.64531998025117,0
82.84710318165976,75.64882513655321,75.64322636419132,0
73.34539273448993,75.659340372728,75.6406869418969,0
71.21546860073569,75.66292795576345,75.6374661590235,1
71.69638805063755,75.6685632039883,75.6348584886078,0
64.07429732866571,75.67316494168608,75.63273065549822,1
62.960889312406906,75.68321805683192,75.63079129326793,1
68.32783051873484,75.69305164583126,75.6305095228281,1
63.43928157030771,75.70386482278947,75.63185387769649,0
59.3384700067325,75.71469352750327,75.63246574487901,1
58.39123385516661,75.72893886691506,75.63544275510316,1
58.31822529549902,75.74438398255094,75.63848441244937,1
61.23417666560594,75.7624102877353,75.64383402552535,0
49.954369246357075,75.77421251434919,75.64632280847992,1
47.04348983499724,75.78211188801245,75.65019113575619,1
50.31990707461374,75.79297017120322,75.65580666788546,1
60.790358465071456,75.80408853210682,75.66312773465589,0
58.45862843745063,75.80905241625945,75.66838684672274,1
60.815553923371375,75.8166139486729,75.67561522389047,1
69.02287847161534,75.82951745389585,75.68516880064006,0
60.84794951815814,75.83333607418669,75.69402638441537,1
59.433939944822995,75.83826558510108,75.70177042607946,0
60.21881448388271,75.84789904835434,75.70943381805048,0
61.71175757538595,75.85946477500752,75.71591142520715,1
56.08340070448,75.8682613838934,75.72372270555258,1
56.435581462336884,75.88183601852506,75.73306530413805,1
51.04693681512877,75.89373052062729,75.74206461365526,1
59.33138604351455,75.9017624502691,75.75313065503448,1
60.82881420981491,75.91134131304955,75.76411034315623,1
63.386675964026594,75.92844319579262,75.77546816698477,1
60.08148927926269,75.94290845273399,75.78498761163804,0
68.17327104540547,75.95611800565014,75.79593490664841,1
61.377018525310355,75.96466571002534,75.80611147012407,1
49.05990653818537,75.97701881655603,75.81345748657604,1
65.80068429181156,75.99174491306908,75.82246094897599,1
62.848870045368116,76.00344944623137,75.83196371113092,1
64.94189591187722,76.01349525711346,75.84512398479477,0
64.91940363966003,76.0269823228444,75.85651383779071,1
63.84105738518595,76.03483024077609,75.86713618278576,1
62.89635683321777,76.03896074610763,75.87915260165936,1
66.70690261883192,76.04898941747605,75.89073274083113,1
60.01713853811015,76.0538954325598,75.90066035031765,1
63.72186183031997,76.06245702651168,75.9125975080178,0
53.08880431084067,76.07010288321366,75.92403329137991,0
54.89604171707095,76.08206316754413,75.93463687362697,0
57.84860185697763,76.09456037294751,75.94642866910638,0
54.130258324934324,76.1050877637592,75.95472406738071,0
54.16504226578426,76.11322287209302,75.96111484512818,1
47.9275690198155,76.11797209723018,75.96671278622152,1
44.95651783872804,76.11475360770801,75.97139481074359,1
47.58106117512003,76.11515094919034,75.97699676336973,1
48.09797914885826,76.11453235420652,75.98221779370974,1
54.46390957850267,76.11819573080568,75.98965361335515,1
54.81056689512085,76.12649913797621,75.99888595946113,1
56.10766906612181,76.13223127800856,76.00792817858408,1
62.25932426352249,76.13855341987546,76.01811910240666,1
60.22194004105627,76.14514512808748,76.02989481329699,0
59.11951668129962,76.15022354124785,76.03938259595735,0
61.922358262372704,76.16254741019134,76.05060921774651,0
52.70474875430537,76.169661060525,76.06113961486805,0
61.5703343200747,76.17939273168217,76.07091428673797,0
59.502811115292836,76.18850623306122,76.07830925052176,0
59.430152316789076,76.19112478366353,76.08408330638909,0
64.3044479659824,76.1959373622599,76.0927232305442,0
55.08966352308614,76.19644098842657,76.10036851379262,0
55.1901260107509,76.19382490016619,76.10677056069157,0
44.166161801636065,76.19082333014309,76.1094179865952,1
37.616160477230814,76.18786959441822,76.11264171639168,0
38.90863372075474,76.18734912136229,76.11500685529727,0
38.85044940662874,76.18955212203056,76.11540867799748,0
29.27073428510421,76.18440122044191,76.11742282187181,0
39.78314099938962,76.1838889573667,76.120467142616,0
25.50468584605575,76.17695502581648,76.12127600434,0
27.932001801823148,76.16735636950217,76.12204259725901,0
20.494760654016204,76.15541586807956,76.12278997225854,0
29.431053004973577,76.14522203512641,76.1234735090472,0
30.938416020928997,76.1314011327485,76.12496305814548,0
29.77781290445283,76.11976847679333,76.12658500656703,0
25.663237521841197,76.09726432357873,76.12497842195819,0
32.23317800213259,76.08131632060422,76.1222888647927,0
36.28685992618863,76.0623216459924,76.11867956404134,0
41.405377539534065,76.0479654298064,76.11504822018428,0
34.48369828454912,76.03229847350276,76.11113641178004,0
31.02139948689282,76.01359798951319,76.10735489972706,1
43.04118754334555,76.00093222159799,76.10404343720417,0
29.021076417119374,75.98343784047842,76.09876591839038,1
29.483317382749348,75.96697120203983,76.09080836456576,1
39.24082398619262,75.95799823588438,76.08504808160768,1
44.17440029166287,75.94945419708975,76.08085643782275,1
39.9805611261384,75.93983200704731,76.07575718237335,1
45.590350409286316,75.93609540746743,76.07226521786836,1
47.8143213015408,75.92968743107349,76.07078394202146,1
56.507211848505854,75.92769839966822,76.06737255360262,1
53.957964707168664,75.92749454021948,76.06499926006133,1
56.93467002651401,75.93024235436839,76.06206164698825,1
58.39249709001244,75.93265882535222,76.05871289000909,1
68.8032322480289,75.94161593745301,76.05957432762301,1
72.77627988140041,75.95030797523292,76.061419047823,1
67.95868667625987,75.96410316877811,76.06343085057735,1
71.42660101772344,75.97150437448909,76.06498917150513,1
79.0099144011934,75.97940931334394,76.06438290970279,1
79.84467040079133,75.99263743604524,76.06629025291976,0
80.5354593372673,76.01114109289031,76.0683145566139,0
78.8231447101782,76.03073557217728,76.06904947340747,0
76.01316971982482,76.04587045457963,76.06949910783261,0
65.07213294667511,76.06243610391964,76.06831899200806,0
58.43880056303777,76.07924676092344,76.06444901770016,0
58.14319528525278,76.09202299665517,76.06176786377061,0
53.633404326554185,76.10134963152004,76.05637732635422,0
46.559113261254716,76.10848659752739,76.0512873971743,0
36.97318677389643,76.11332809179498,76.04583936191348,0
37.41712281945327,76.11656163716977,76.04200610366487,0
32.56600895406278,76.11432319446118,76.03665191792169,0
30.23881110042042,76.1051004591169,76.02866449880413,0
28.95537246453607,76.09273477368781,76.02057916109274,0
13.943363144751999,76.07401928777753,76.01079064505363,0
5.249789587308911,76.04296278778693,76.00043011068054,0
13.44403399987894,76.01591464680499,75.9926370687777,0
13.151893009756606,75.98907074947158,75.98411950182106,0
14.253200361858774,75.96519073348875,75.9752446160884,0
15.216947506420482,75.94089883212321,75.9669819543753,0
12.837213594610205,75.90749273217945,75.95573176284485,0
16.19990626774178,75.87232640974415,75.94646311018496,0
17.482056593389103,75.83842328944,75.93747624138261,0
12.950520351751024,75.80214012661065,75.92818881124505,0
12.403833269631562,75.76797352849471,75.91741958935538,0
12.764588833916179,75.73305416416898,75.90511023026833,0
14.826699135424064,75.69645482582753,75.89244240338428,0
15.317290067625322,75.66063805699267,75.88172681971979,1
17.315834082148257,75.62669594042542,75.86943924510278,1
22.53206599166971,75.59143032934679,75.85748283525524,1
7.7266640395716735,75.5561783038725,75.84529125329132,1
11.294724119118243,75.52638660533665,75.83428717065524,1
23.938953708454093,75.50573704529982,75.82552012111879,1
30.780274959773607,75.48860490741127,75.81564823541807,1
45.097460440272926,75.47916604361947,75.80908192631006,0
36.98925407964924,75.47282184856083,75.80277036928895,1
35.21692837297118,75.46152860529442,75.79404921654172,1
44.09533836307563,75.4525032084794,75.78533910637691,1
52.30498186525136,75.4463080721435,75.77783504212687,0
56.23904841253018,75.43863398980793,75.7679973873115,0
62.85494222202247,75.4362459492583,75.75835517011878,0
57.456984826424865,75.42976775269652,75.74729085139629,1
62.94371561143957,75.42513643299996,75.73653299849481,1
62.49416071088063,75.42271416846896,75.72517753688527,1
53.93088410287606,75.41795012296696,75.71153610840128,1
50.43678706314395,75.41558138013822,75.6946964073424,1
56.03560762161755,75.42102112733556,75.68072766422534,0
54.41532128727434,75.42779562952087,75.6672038040169,0
59.57088790584903,75.4428265751136,75.65796812535258,0
56.72418240992469,75.45332526985952,75.64704921786148,0
61.530689136622314,75.4663299685954,75.63476826631138,0
49.16455372482954,75.47098364958734,75.61822419333406,1
46.72169384036069,75.47279309966511,75.60234313211392,1
51.41134324113976,75.47471872153405,75.58718754219983,1
52.18918861138189,75.4762932222634,75.57462477364756,0
52.724722298774665,75.4780129811245,75.56227685736935,0
54.53730351476249,75.4844060040578,75.55100241950277,0
52.7008454593156,75.48721437924802,75.53968500546812,0
57.33672521914714,75.48749988763772,75.52944035817102,1
57.33691326233278,75.48852574096028,75.51807644697762,1
44.995984611627655,75.4842759533492,75.50544089659054,1
50.295593712681836,75.48761205565168,75.49660639587249,1
40.89750270811939,75.48964134107376,75.49034935127754,1
51.56896668836251,75.49503538475508,75.48609778131217,1
52.77226977220313,75.5077654297075,75.48503456517325,1
60.79815593943461,75.51887680809094,75.48506201546401,1
64.94675103687813,75.52708294258892,75.48519498253893,1
64.55768397147705,75.53620037976349,75.48605565613367,1
56.186564284202674,75.53521455013272,75.48597765201016,1
61.93430139538916,75.53995263898385,75.48667074060573,1
52.75842547677601,75.53932731578816,75.48750209975488,1
61.2280801048405,75.55121747354107,75.48978061885283,0
64.446149332718,75.5655726274425,75.4932028673149,0
66.29840103277364,75.57780697876218,75.49745428306043,1
75.5756777336754,75.59134373620208,75.50397285673051,0
63.155866421681374,75.60250085957986,75.51005553553372,0
59.49640856430607,75.60825087559853,75.51572083941117,0
54.80956504900715,75.61484948104986,75.521369575091,0
58.723271604206154,75.62871447743845,75.53024777297622,0
58.28133269854811,75.64064446385399,75.5377621007805,0
47.83198597493824,75.65083649032326,75.54330417117086,0
41.61121368831927,75.65192476922394,75.5468216614274,1
47.94537138992392,75.65560668356918,75.55029720658528,1
44.56443855772293,75.6542072955814,75.55233873658021,1
47.22570664193354,75.6491678847278,75.55303530161659,1
43.954214418133525,75.6493612254078,75.5556777662028,0
39.89720985012784,75.64539847882219,75.55874293195002,1
41.05036899632606,75.64052924856759,75.56126607216895,1
37.56054155406966,75.64042819959853,75.56362570299218,0
41.4268806264829,75.63766687193433,75.56628389345629,0
43.70195223316659,75.63749670968704,75.56800240392637,0
46.02353927590332,75.63319816453563,75.57115278358847,0
38.02619221972468,75.62906139991075,75.57477285407924,0
39.21298724423403,75.62274332047096,75.57746594386124,0
34.222573359709756,75.60346924825093,75.57818050684409,1
44.10521462698675,75.59103941859249,75.58023875091543,1
44.226350832963774,75.58367921475501,75.58078407437895,1
48.31952243430013,75.5776871113076,75.58132616780567,1
50.64783314180509,75.56573484185361,75.57941107967223,1
43.335393929278865,75.55532127908904,75.57856050447229,1
47.07931205380129,75.55158595085612,75.57740656407515,1
50.4982823547945,75.55479532712891,75.58034633244404,0
48.01991460164547,75.5554368693902,75.58335471447532,1
60.948901861967535,75.56541460584046,75.58861709030279,0
54.39985634852265,75.57113829186991,75.5909733294592,0
54.12215272618039,75.57504962962365,75.59449242560247,0
46.31781254302691,75.57588654956163,75.59533515015156,0
52.611658961536484,75.57876746013726,75.59788730452463,0
58.95666260132066,75.57524799136334,75.59872494448244,0
50.48545001234845,75.5690022435401,75.59847449448823,0
44.143857640111186,75.56134849921408,75.59883142227233,0
44.440296032196294,75.55376532501222,75.59761409133267,0
41.17705399007953,75.54175957050334,75.59562014585107,1
41.11188393135854,75.53038522521386,75.59160588004477,1
38.13027453065188,75.52758854859438,75.58610975439883,1
32.85381636691082,75.52201112591474,75.58149247804495,1
40.12803008577805,75.51811812324082,75.57719814663972,1
30.595999427911963,75.51569110167603,75.57312245657069,1
34.35007941987365,75.51147369246985,75.56991473660707,1
44.87276638138713,75.51529570498994,75.56869773087473,0
51.893389284278264,75.51909347131875,75.56931302628738,0
43.81080038609655,75.5173830052727,75.56681254513668,0
52.0698275745981,75.51627702710178,75.56363647433903,0
62.249196438429294,75.50924987258078,75.56119424783023,0
61.88086301530937,75.504878582239,75.55638726787397,1
54.49401999060532,75.49683434551562,75.55222581997677,1
58.24830412861091,75.49260352399583,75.54907620951049,1
59.63022724841327,75.48462381382035,75.54579703763284,1
66.1838662792095,75.48589448801798,75.54159694871424,1
69.83427351640016,75.4934348781802,75.53959066021872,0
61.22948831662625,75.50094850975185,75.53887623004375,0
60.24038535647556,75.50894788149756,75.54042333624213,0
66.54838889514993,75.52257760678114,75.54240851513586,0
50.86458795032,75.53375585257903,75.54342530284381,0
43.88778268769855,75.54238802845407,75.54339781188935,0
48.10822269849898,75.5517165973537,75.54243462682331,0
46.931433983108946,75.5566671725599,75.54170562413479,1
43.59646803303543,75.5593898083855,75.54066668049785,1
45.44803374620023,75.56215341843418,75.53860482414134,1
49.495410324241014,75.55759763520352,75.53667003618241,1
51.27342498969949,75.55271562172025,75.53540059110065,1
59.26094264262951,75.554189892234,75.53520923621603,1
48.478011896160126,75.55343503587719,75.53338592872561,1
57.295422607773084,75.55843760802388,75.53547196285139,1
68.0198343631582,75.57146088707675,75.5435839234043,1
70.40869295750272,75.5916975537904,75.55248907405594,1
68.75679952718156,75.6135634956627,75.56102992187357,0
81.85318986163132,75.64262154318757,75.57177081038483,0
87.09481074829348,75.6663285501725,75.5818344320418,0
81.21327516990658,75.68526277241327,75.59156725754839,0
77.78726796605326,75.704536100956,75.60005629008373,0
72.3561462737535,75.71947539073376,75.60629536168406,1
74.2715728674609,75.7309506518396,75.61261402811562,1
76.64255212595518,75.7475533045614,75.61628078233218,1
76.32250232541938,75.76785735253415,75.62208543615503,1
74.03859876046593,75.78815738351742,75.62767772838082,1
77.3442842797506,75.80875432987092,75.63485273625851,1
75.93120482961103,75.83478731365815,75.64307462190621,0
72.63215388565919,75.86364581350088,75.65396395299635,0
71.45017724562318,75.89629779946715,75.66758825855322,0
70.06840268719506,75.92837042036051,75.68220935955924,0
49.68032355662124,75.95209791720046,75.69454227309134,0
42.134803814330596,75.97176477345086,75.70538800990461,1
55.929271695824234,75.99038781912631,75.71947300041637,1
55.89748180977858,76.00145104074804,75.73312892026576,1
57.87167661798522,76.00660516402546,75.74632668930022,1
58.345605639730685,76.01061584610355,75.75802901101865,1
59.27320908014882,76.01019620803729,75.76957285292934,1
60.92528232836346,76.01271880595615,75.78233247743633,1
66.11922630370769,76.02317794672993,75.7947201542444,1
69.24167322388982,76.03981273594727,75.80834399593512,0
61.385823011061184,76.057019728725,75.82215005106498,0
62.333758210891865,76.07681249949245,75.83682821707188,0
58.0655197035308,76.09452265046671,75.85038989348655,0
56.89809542819315,76.11120324390686,75.86461530082218,0
59.13966457485811,76.12458541970925,75.87877815805827,0
59.67022844680691,76.13240575223224,75.89077362755307,0
51.890861038278004,76.13485167586487,75.903165766724,1
49.96914456025023,76.13250198512758,75.91260695184019,1
56.53134996491416,76.13016670740997,75.92228099024513,0
54.280686099116124,76.1263947831147,75.93238786890439,0
53.3257356055274,76.1284804535006,75.94235530189255,0
55.96132101624733,76.14024562608681,75.95245521762688,0
42.46911592736529,76.14115456293538,75.96243248455892,1
31.979653845411292,76.14147659216277,75.97276434574924,1
35.60957528903553,76.14422441630073,75.98332981687903,1
31.321607260135963,76.14717624587139,75.99423264034324,1
39.60414339548735,76.1518136471601,76.00654238843917,1
44.70919401629001,76.15703351659845,76.02028451670203,0
49.96762672060518,76.15714405475156,76.0345387220636,0
61.127012121923705,76.15360238117373,76.04869869971651,0
62.729586056543425,76.1535442565114,76.06189179677594,0
59.41475001362285,76.14605092171534,76.07387457140715,0
54.19581594006809,76.13925339826332,76.08271620958234,0
57.166361745930814,76.13363229296824,76.08948386317877,0
57.87357014191694,76.13274454732445,76.09519695547188,0
45.04815315686293,76.13419820051084,76.09902750949233,1
46.206797250533164,76.13188607524206,76.09887157954581,1
49.050568206798616,76.131769441597,76.09878330840999,1
58.38854448003219,76.13481828345255,76.10210319466086,1
52.45433481205434,76.13622768957762,76.10506450435301,1
52.781013229197235,76.14027343344392,76.11067451897662,1
55.8566538555514,76.14498629323509,76.11806947418508,0
55.649910224612846,76.15436140034882,76.12515572287388,0
51.130757060406495,76.16386759942883,76.13116844450711,0
51.90144578398873,76.17438771662236,76.13782195012101,1
60.24785787802941,76.1845518148904,76.14455163435105,0
56.3834795644877,76.18873582570112,76.14812179325637,1
52.16646918642575,76.1882694075471,76.15013395432052,1
52.146318032459455,76.18889010516104,76.15157564434116,1
60.30490976932753,76.19143269339447,76.15392360893009,0
65.75778737892841,76.19198101836996,76.15784503724373,0
66.81303665851492,76.19679810027517,76.16388790213688,0
62.024719274763925,76.20413140476913,76.16821364383947,1
66.8319782054028,76.21018150429204,76.17297604859638,1
58.931817213626225,76.21392121598667,76.17812337625637,1
42.394288014401184,76.218173420491,76.18205053924731,1
37.58586115632669,76.22393255604837,76.18436611875023,1
58.154100333866474,76.23854528067986,76.18911389829945,1
54.510583061090195,76.24657034880207,76.1914601554897,1
59.73904706126245,76.26125987925761,76.19364336167718,1
70.55945884222788,76.2775238262798,76.19887615799854,0
73.73085229887769,76.28839384252171,76.20270201139678,0
73.52097926587584,76.30025262497318,76.20744771267647,0
71.23910137041753,76.31449888462674,76.21248670079507,0
62.80596626767287,76.32224929087157,76.21688749858593,0
55.29264613333574,76.32466330121389,76.2214546539437,1
52.94338370802257,76.32984693993868,76.22611989888588,1
51.832944788529716,76.33574168294517,76.23142983344756,1
59.657677611738215,76.34603190649139,76.23792172397374,1
62.012491947618614,76.35275216948293,76.24446656347739,1
70.55140508314827,76.36642451355767,76.25302266126656,1
61.284303193166835,76.37884970565312,76.25932953396341,1
67.52287640938128,76.39509072626787,76.26978810917245,1
65.37680625606123,76.41341040620323,76.28174957421257,1
62.10186521246859,76.43437067087298,76.29418187808527,1
60.41936646591997,76.45606501075738,76.30560604520173,1
61.090748674033556,76.48188351752228,76.31639406689511,1
65.53779910930584,76.50475765013697,76.32820355171488,1
73.22976950155376,76.52778597128106,76.3397169221015,1
81.07501052474603,76.54560253310902,76.35044342245128,1
79.24669777572,76.55751151964792,76.36046306325315,1
84.55559625517057,76.57495890079362,76.37426520302809,1
83.192561128359,76.59390884279715,76.38930989048998,1
86.6198706257188,76.61700057647093,76.40583401419615,1
84.67454091682943,76.6459898674114,76.42218562662072,1
88.46459300911222,76.67984174139931,76.43971207029908,1
86.62402909039898,76.71485056702178,76.45930569559778,1
87.39608056320215,76.75445552934553,76.48050426854698,0
84.37953422498673,76.78752039793203,76.49900256976552,0
90.58898283961199,76.8255308522071,76.52018782852917,0
90.39665150607598,76.8587033204199,76.54039461605696,0
68.90059548496524,76.88591117183519,76.55569948540345,1
72.12145445092048,76.90998693567994,76.57203832330491,1
66.75442301981636,76.92858870158415,76.58763801507469,1
70.16958277826377,76.94811091110775,76.60367115587943,1
68.46283313408705,76.97198279694717,76.62057843802441,1
67.08030248627873,76.99510332835777,76.63894106795777,1
64.39105441708233,77.01470618846207,76.65877826408087,1
66.76467887724573,77.03814787240492,76.67942002899906,1
63.95642011844509,77.06110060295937,76.69831058627723,1
65.015483126692,77.08726240725987,76.71857561880911,1
65.2802810189533,77.11204383651037,76.74036349752215,0
70.71468891478439,77.13964403204784,76.76351494140147,0
62.24084261500535,77.1593646228887,76.7855072616348,0
62.358782878842035,77.17938396245947,76.80837072520984,0
69.49533031296238,77.19630634364846,76.83096523956208,1
61.87881383515018,77.20881789093599,76.85325982955284,1
69.70263075692688,77.2191405338871,76.87274236982988,1
67.55766574492714,77.23046473263433,76.89256032329844,1
68.26864707304006,77.24110893798903,76.91212745202174,0
65.24161383641496,77.24955238304462,76.92920603876289,0
62.69790964898496,77.26500367234486,76.9463434173327,0
59.38324808161672,77.27838578213623,76.96329158617013,1
57.274804889613804,77.29302345818192,76.97904784449676,1
49.943017665130036,77.30277788107712,76.99588259196165,1
49.71304125537791,77.31320307930613,77.0159943492613,1
36.844966163078674,77.32091259548038,77.03536733017445,1
49.562438186552995,77.33060204523818,77.05672240899807,1
50.64396457049739,77.33877759604006,77.07651830481853,0
47.63476913455655,77.3436953236835,77.09468784795746,1
55.682936349363295,77.34780220731736,77.11112669631298,1
56.44287463367875,77.34992973286536,77.12879550840705,1
57.96428683267911,77.34791775038138,77.14464575104688,0
51.62905940030283,77.34889063623895,77.15969935364909,0
48.397243489229346,77.3456895211137,77.17289826530612,1
55.49692515349463,77.34963122726826,77.18839172616642,0
54.07557875907619,77.35636308809367,77.20305165778137,0
53.962607104449255,77.35925018423005,77.21453938346711,0
59.76503617682694,77.36331368378897,77.2267714083016,0
50.81702978985509,77.36153597387316,77.2385008283274,0
48.85861383790686,77.3578944079383,77.24935919407903,0
40.62583690809111,77.3535070295458,77.25776266883356,1
34.074262146112275,77.34640926681915,77.26429175577894,1
36.49023960064045,77.33916078290255,77.26791192706942,0
38.37196651416535,77.33663766792692,77.27214171216787,0
34.24275480809659,77.33031193684133,77.27618242743813,1
39.862043640565894,77.32955346540582,77.28124848952807,0
37.133322414743546,77.32249613584628,77.28393865159836,1
34.53064098504149,77.30822531128902,77.28480027016133,1
26.668433993884577,77.2992024869018,77.28415650183535,1
38.47899488832657,77.29426984408519,77.28535330577911,1
44.336865204631756,77.28936143729723,77.29017561459187,1
55.20166582777685,77.2930964293481,77.29788954851414,0
59.27556271873039,77.29829999443682,77.30758387079017,0
64.33565984568119,77.30714322615185,77.31651119132376,0
56.582462330603704,77.30514201817812,77.32165541465879,0
60.44176598800648,77.30478028431304,77.3269224401635,0
64.90730303272619,77.30767557863523,77.33172713953637,1
60.83115094744275,77.30789342162102,77.33466962798803,1
60.72605443037399,77.30998657447641,77.33805521693422,1
56.382893926385115,77.31480414527981,77.340375889287,1
59.65996367522953,77.32022541220488,77.3410352991114,1
75.31965947247625,77.33417549408172,77.3421043405925,1
72.7214524891269,77.34979286690071,77.34408322467422,1
68.34883710165326,77.3634450701041,77.3457661552257,0
64.06389541795153,77.37619710720065,77.348138732859,0
53.05606444149243,77.38750797159477,77.35272452179157,0
52.118085239710034,77.40200773785722,77.3570855331864,0
48.806757242236266,77.42097300050537,77.36100357730975,0
50.2828712594799,77.43351282383696,77.36111805617453,1
49.04381635223384,77.44107505492943,77.36196237453302,1
45.894297792227,77.44603779430044,77.3625892633741,1
48.103603613095125,77.440859814802,77.36287916158045,1
42.00987664707555,77.43099433404677,77.3627722211361,1
50.9490343303887,77.42483316510324,77.36533330493421,1
55.92518950366874,77.42800268415525,77.36757525659844,1
52.91249595525494,77.43428207952716,77.37227023378222,1
60.000043782942484,77.44359813568607,77.37692557571552,1
61.567573062004676,77.45601490343024,77.38156455094412,1
57.62572076226513,77.46530901556488,77.38670069368676,1
61.19475576015355,77.48053811330604,77.39347025168249,1
56.429077961035055,77.49344251926587,77.3984404136716,1
56.4760920779465,77.49904064637987,77.40255349899188,1
67.96089264185719,77.50798355912593,77.40772039382901,1
69.26471721529865,77.51875247868811,77.41499133825549,1
72.28537959245074,77.53255216323376,77.4213071072452,1
70.4286956701629,77.54267900298616,77.42725088774858,1
73.59914169087466,77.55037147053346,77.43353404770778,1
75.7257913633581,77.56681493972835,77.44240407968549,0
73.8967311577093,77.58910244915947,77.45214464628904,0
69.68808361389081,77.61013310733253,77.46285785429072,1
62.18652690271414,77.62990150903624,77.47314705517029,1
60.98532948096427,77.65061920139578,77.4845631354111,1
68.73641894512124,77.67561134564819,77.49735244623436,1
61.533911035087336,77.69611836066683,77.50912558203017,1
70.96987813668345,77.7151603484833,77.52151462125522,1
78.69672566349453,77.73526162880312,77.53455349914114,0
71.80277601713487,77.74994926715547,77.54790682823919,0
69.3745481537206,77.7629319762923,77.56344721694542,0
61.887385188541,77.77744247314118,77.57799668818252,0
66.25391939544706,77.78714675357423,77.59062101547809,0
66.55415366310257,77.79796207689829,77.601880669512,1
47.240664327762325,77.80797495226042,77.60850490815682,1
38.43704792110336,77.81125234343916,77.61290133342996,1
40.05682753291015,77.81248301062115,77.6171272520432,1
47.53001262970245,77.81327110603311,77.6245587423872,0
57.073654243038966,77.8210946293505,77.63377662576356,0
58.34866492332514,77.83226714968143,77.64337067612625,0
55.708744326794054,77.83415557338745,77.65290894039205,0
46.939879011267166,77.83193337470607,77.6609233663809,0
31.88115188385943,77.82641654279794,77.66750281329797,0
29.807208636379215,77.81909493131784,77.67269486281546,0
40.05114305218805,77.81684830260535,77.67763225882055,0
43.595490908266044,77.81488060907556,77.68338754310429,0
40.22765938144674,77.81115041448842,77.68820771978389,0
39.00972163804775,77.80324873988596,77.69233527432935,0
38.03819032758833,77.78719411614557,77.69442795696145,1
40.66019890903236,77.77110292259174,77.69554490213301,1
45.97772746194949,77.7589642378631,77.69864371188851,0
44.11105126927574,77.74875082963864,77.7040918905032,1
30.95631140288836,77.73312564377946,77.70744125101811,1
39.64721541689506,77.72644655049872,77.7140441719913,0
37.86062734523688,77.7178606564822,77.71930524482889,0
39.87287599909959,77.71198046589043,77.72529578616742,0
48.5980817625319,77.70986536626532,77.73114013250803,0
54.73798211543099,77.70770409232502,77.73643930565511,0
45.750638298637746,77.69829144427503,77.7393803716627,0
40.32732646304432,77.68359164867194,77.7393680813206,0
39.19869972764735,77.66729310501536,77.7374202210261,0
39.35875332829221,77.65241673734609,77.73576645509338,0
42.03520551032316,77.64136041512938,77.7318317340273,0
45.00762938243419,77.63492176650303,77.72928656171032,1
37.92698510020246,77.62218602902138,77.72689041187715,1
37.895794802811906,77.60843355483887,77.72356754138947,1
39.29823887234439,77.59323854221897,77.71800214519624,1
25.30693566337048,77.58193478347565,77.71208832242611,1
39.2867106741001,77.57725873835268,77.70825985110805,0
41.27394907925079,77.57396915546369,77.7049839761051,1
29.762153217946477,77.56602765662704,77.69832879864799,1
26.426593087292176,77.5584364973027,77.69182550976048,1
38.791152609662234,77.55880750194275,77.68691100886221,1
40.58292209236703,77.54922754360805,77.68177458582004,1
56.657696365835164,77.54769173423878,77.6781342579661,1
66.16675018815762,77.54929835451091,77.67477058971251,1
66.26668138077787,77.54692490267202,77.67146274931011,1
70.39646322321406,77.54703082488774,77.66918749621688,0
62.64376015145813,77.54492440142852,77.66324548071286,1
64.86749353665584,77.54826404474726,77.65869399235731,1
73.84761636118644,77.55594062103481,77.65462367892312,1
66.09466278834208,77.56352169285016,77.65019814297698,1
63.044117198572636,77.57251184579951,77.64597777091741,1
65.29559621284565,77.58179001516257,77.64281773701605,1
65.31787836822198,77.59097360687142,77.64008987372156,0
68.03048588700639,77.60296055925818,77.64025082771707,0
60.12139000038936,77.61642571823369,77.63957922824126,0
67.44157084114826,77.62982311413936,77.63870912566861,0
59.960192442514895,77.63884239256616,77.63535895639433,0
52.97171165970245,77.64645632416577,77.63065964589883,0
55.70475382187952,77.65619801741849,77.62714577626042,0
46.57629761473655,77.66503681695731,77.62506688666099,0
44.76085663019737,77.66583273816727,77.62267748700994,0
32.22789676404648,77.66381806788215,77.61966384044575,0
34.892687605026026,77.65974815283663,77.6152941980586,1
33.84033222244108,77.65058682719557,77.60905307696052,1
32.5291604595687,77.64220211801224,77.60388343071963,1
30.806527633618643,77.63021803655049,77.59997521488269,1
30.17019832537035,77.62076487451023,77.59667378405874,1
37.60783060691279,77.61575680251451,77.59655554432643,1
40.93335714806682,77.60996910174957,77.5950256244777,1
43.706632777580346,77.6094335055628,77.59447121334664,1
45.78653318449227,77.60835157059766,77.5960681416447,1
47.52602538688222,77.60567024959344,77.59450721665395,1
44.68439180659876,77.60348505193977,77.59433963190459,1
52.97106325443255,77.60315001593915,77.59671864773657,1
65.30801766067535,77.60797670868575,77.59882376520943,0
82.73445392111304,77.6180419555649,77.60284427096457,0
81.76551268818004,77.62920731696089,77.60772530546866,0
84.60815126697256,77.63955024056801,77.61304308265727,0
80.39798972070047,77.64695861256573,77.61901197928054,0
71.62582343621486,77.65131575798142,77.6246264949151,0
75.83675146905166,77.66263434662679,77.6311870596089,0
66.72482801328377,77.67771554139493,77.63678135040252,0
50.50442136348358,77.68085594683149,77.63876216518264,1
56.278110610896825,77.69543432701474,77.64385338583087,1
53.292789842275816,77.70737293369214,77.6495371873089,1
52.08845152536358,77.71734935854413,77.65414104491009,0
56.88021126195306,77.7336648976041,77.65923624775931,0
48.98726051993768,77.74015644310414,77.66303045938261,1
49.13442341379876,77.7496247890594,77.66846447745064,1
40.776044294671664,77.75492028186052,77.67306472716977,1
36.696925042896574,77.75521703413297,77.67463195452078,1
44.81045587497933,77.76153486348417,77.67943014460438,1
48.794053716489806,77.77078430578312,77.68357666052233,1
54.8071076374743,77.77836659050999,77.6883459421362,0
53.751552396047764,77.78370992019052,77.69353777221683,0
57.2173208707706,77.78484172665067,77.69796863166972,0
64.02343469420624,77.78144337305439,77.70233289411902,0
57.48991511742535,77.78112520206199,77.70618754558315,0
55.93612172446259,77.77928724264325,77.70835062792393,0
52.71284982603899,77.77682558169236,77.709948050452,0
48.07502817288644,77.77325483144129,77.71148425386562,0
57.31286108557212,77.77511093440856,77.71410971810091,0
51.46083937153226,77.78526837565526,77.71648007269619,1
53.11583705022049,77.78711165455276,77.71751382394869,1
53.97021900707769,77.78718945979344,77.7178426839328,1
45.98811415606543,77.78908158762397,77.71784443430393,1
45.06994089835336,77.78813995848782,77.71895527412796,1
44.32217218116933,77.79341834841509,77.72181526908234,1
45.34321475852886,77.79685954360727,77.72472908792615,1
39.06165953797308,77.8002026775528,77.72713107140797,1
41.5665396340345,77.80563720536864,77.73055374140132,1
45.64828057896432,77.80824471222451,77.73720080234133,1
54.60159853092383,77.81050810543023,77.74388064155978,1
62.45744941700248,77.80937102943315,77.75185962303122,1
57.492614408832594,77.8057615712977,77.75896155353101,1
57.54417721600028,77.80392032549074,77.76744954724582,1
57.701038659622235,77.80479697358687,77.77594573374967,1
62.5752846237194,77.80765035832107,77.78294496790578,0
70.40885886785746,77.812968961302,77.78955057174491,0
62.21069327297357,77.81934466208189,77.79391251305964,0
65.47832265773432,77.82946653997074,77.79993024161485,0
62.96461401531813,77.83635935630765,77.80638536078659,0
56.034017678323785,77.84222964004327,77.81197790793757,0
51.76672864691128,77.84442750066295,77.81402481783822,1
48.69893828681635,77.84615109560141,77.81311243869906,1
43.01654793987058,77.8466927168295,77.80930473880976,1
48.53510335058034,77.85086066105575,77.80761661176592,0
46.851519617800605,77.85074577948518,77.8062934846492,0
54.355900407191264,77.85344124382513,77.80732214042992,0
49.269837618657355,77.85765444300513,77.80966654541744,0
46.08363754731834,77.86021222633143,77.80958489328319,0
41.08983538610445,77.85882239506134,77.80964354380791,0
37.6297043633302,77.85092064957998,77.81190652265919,0
38.17531239374359,77.84089489319551,77.81004384950353,0
27.617660117921076,77.82944579582986,77.8077906983861,0
23.381686807494916,77.80845645351567,77.80389238523445,1
32.06313583021475,77.7932798706667,77.7997917229747,0
36.260292061786124,77.77643376829215,77.79745589798097,0
37.89473253368102,77.75788490353338,77.79285461753449,0
39.99121242073227,77.74328734743884,77.78925933929095,0
27.785785706287015,77.72107470738584,77.78627331091599,0
23.747191162897693,77.69021552451841,77.77785762520028,0
30.977790735079154,77.67072984034112,77.77195612176078,0
32.05872596270979,77.65616426819442,77.76514388891198,0
33.312021474077795,77.64378616147717,77.75714293521372,1
30.41156885104995,77.62657712446904,77.74599889793711,1
30.042048243812673,77.59875641334462,77.734541827882,1
38.007275076451315,77.5778740059288,77.72499300619594,1
44.914594782070765,77.55713626169383,77.71846174805015,1
52.301480104761424,77.53914109326438,77.71459275004626,1
44.53390818747875,77.5213676379378,77.70883001588177,1
48.51433171332975,77.50974818625637,77.70349844454704,0
51.677350814303495,77.50350797563497,77.69920236265106,0
52.82326196125926,77.50196037558989,77.69598333791839,0
56.46621540181075,77.50454862157538,77.69473436309887,0
60.37520851515571,77.50836376453444,77.69160525599864,0
47.74145034883278,77.50377235444405,77.68604468135719,0
45.50412992265483,77.49694511606052,77.67886660503915,0
49.53029496654149,77.49424168131722,77.67180747261848,0
51.37887928528211,77.48657387881518,77.6638078197959,1
56.387231440695956,77.4809542832911,77.65640014208498,1
49.571539194772086,77.48306014518019,77.64778379838258,1
46.41208879998311,77.47846278821156,77.63913799487331,1
46.035267445951874,77.47536766416866,77.63154254280619,0
46.47170359208071,77.47096950737227,77.62322610964357,1
46.160968539293734,77.47704402669717,77.6152483784197,0
39.54655707861322,77.48413603731665,77.6062774533739,1
41.704089113524915,77.48949413663627,77.59773051752201,1
37.72663638427739,77.48849505274525,77.58867218462743,1
43.844943936812264,77.48566877797919,77.58112239640518,1
50.36829213158457,77.48699939381248,77.57184315741848,1
54.0326689130239,77.48426149773186,77.56265930111671,1
54.18060209252051,77.48221954384289,77.5551983241709,1
64.7966656470727,77.4793590039907,77.54995593924949,0
68.96833916182686,77.47754502219968,77.54729193373818,0
71.73113096091194,77.4818516443474,77.5456688270058,0
60.52716124884747,77.48594845210589,77.54007979777724,0
58.882239409040075,77.49246341528281,77.5355536593582,0
61.714476501625484,77.49523441953713,77.52852474290329,1
47.83010721430756,77.49884265352355,77.52028310400328,1
53.020207371622355,77.50209562168013,77.51315350022445,1
47.03922637043845,77.50646306748676,77.50684006735273,1
52.75740242380966,77.50914971872217,77.50242962253019,1
58.212460705796396,77.51302062264187,77.50039283458473,1
63.34808847420757,77.52407840039147,77.50107915146822,1
63.9181366144966,77.53169836861477,77.50454514445933,1
63.276310333910025,77.54452930301495,77.5067772263132,1
61.996385252632706,77.5542720881775,77.50886584547617,1
61.92830837260996,77.5681048933158,77.51276018054041,1
62.0321376684771,77.58294436102327,77.51698520183895,1
72.33406732841735,77.59691395170105,77.52217885514456,1
78.02988729283666,77.61697054133546,77.53336130784355,1
78.16132762151457,77.63323409807903,77.54020002726607,1
90.61996850303653,77.65281606157745,77.5486166566027,0
81.45265437603894,77.66574512796184,77.55607552033206,1
82.50084853987848,77.67976664686097,77.56694463596257,1
84.18471937760935,77.70219347113861,77.58145462089486,0
70.77329595825015,77.71783616836642,77.59153852433323,1
67.9534236375039,77.73566125601285,77.5999347406309,1
68.93382687711298,77.759155516704,77.60828887337912,1
68.26152486117078,77.7843335866597,77.61833987971322,1
68.98378489055997,77.81012334624022,77.62699013134628,1
67.33423249385555,77.8355642945367,77.63525215009088,1
60.128345997410925,77.85431842909719,77.64133605598765,0
66.75812570175951,77.8764034410091,77.6498210792417,0
58.735438260295936,77.89587183396915,77.6595483722332,0
62.58451648629694,77.9150892521943,77.67130398541332,0
54.79228452558812,77.93199106036167,77.68288422319662,0
50.935438758509825,77.93941091345688,77.69082787339626,0
44.3574133260868,77.94243687724995,77.69933040121286,0
33.46479187954503,77.94112824370889,77.70624843931168,0
44.45208473758244,77.9365156008592,77.71474349011514,0
41.76125665680097,77.93171618989503,77.72150138793945,0
36.78316094071439,77.92078510226648,77.72678363184181,0
32.70565685902842,77.91076662662122,77.73199436803162,1
31.25415168553667,77.89850515893174,77.7355290888564,1
28.95380290396548,77.87953794965985,77.73961538583212,1
36.41311137783575,77.86960052841141,77.74358108104332,1
25.07101147751095,77.86016894012205,77.74860429558161,0
24.929722608472588,77.84673026340464,77.75271346754931,0
27.49610983398368,77.83514860166319,77.7575995628535,0
29.103629012447314,77.82241216565384,77.76225039851506,1
36.48472591596859,77.80931760420575,77.76609137423603,0
34.47822513718995,77.79509023716048,77.76762854925556,1
40.156592440912945,77.77325374784193,77.7681045694986,1
34.08081002207629,77.75398816890501,77.76840298205626,1
47.131003364442314,77.73751170546936,77.7719292867587,0
45.82278287015357,77.72071727025545,77.77418576518568,1
63.447536152489015,77.71810603433862,77.77997651931686,1
65.10369265249133,77.72010821897332,77.78783662739276,1
60.35446124797991,77.72188469192604,77.79416406741005,1
52.06340284096212,77.71763679108888,77.79921297955599,1
56.530857840327776,77.71969749263475,77.80572049750448,1
63.343071073552,77.72722853418625,77.81246679645957,0
60.771356961314865,77.73812411062498,77.81761265212504,1
61.23656249970387,77.74919463082803,77.82252759374171,1
55.73814018229311,77.75886342737823,77.82534903557745,1
66.50794931366384,77.76956532718978,77.82969837664822,1
62.12026660275691,77.77625140414983,77.83186289991524,1
63.49679741467869,77.78734596151433,77.83447410774573,1
63.55405070907427,77.80001308937321,77.83883921792237,1
67.15187765909106,77.81280574662004,77.84058448062889,1
63.70412220517304,77.82855119944092,77.84421821478078,1
67.13012665756109,77.85461424439191,77.84834782238134,0
76.00253592094728,77.88173595861396,77.85450090175945,0
80.29790853184456,77.90731081744525,77.85942065028996,0
77.11151414099683,77.92853196693518,77.86246468507733,0
68.49025073362856,77.94976818344497,77.8669585712171,0
63.5307929474717,77.96152661994948,77.8703226648915,0
64.50333917786331,77.97293270896982,77.8733475042991,0
70.94663787979978,77.98855646905622,77.87585322036865,0
67.74819630205988,78.0078320801386,77.87829647311533,0
64.15091983332331,78.01803509803905,77.87870881890542,0
60.02022256578992,78.02407767107238,77.88037049324964,0
58.50221767888848,78.0332795689219,77.88036310329015,0
51.40469076583564,78.03852155712899,77.87958748300565,0
46.00266340479352,78.04744231964773,77.8782902625588,0
24.37387315654044,78.04646467342191,77.87548782187231,1
18.94750024429507,78.04449890114418,77.87389809499014,1
25.66129522216744,78.04241631763173,77.87446588389845,1
25.068772966352284,78.03515537659958,77.87645007107864,1
38.498060956546425,78.03342151392066,77.87934684585348,0
43.502746647876464,78.03001665673614,77.88353840151721,0
43.94130662959453,78.02249473510423,77.88903167551645,0
40.658482837221634,78.01077717163584,77.89450511976528,0
37.79602579376545,77.99840726535619,77.89938149285975,1
40.290826504176344,77.98396352190193,77.90423491397416,1
37.15611164216518,77.96852462861065,77.90652821129679,1
35.244910160669264,77.9575441014014,77.90927272940327,0
43.29035093757473,77.94787484190755,77.91380533570026,0
45.06109623194036,77.9399610844662,77.91777821348987,0
49.187623522161346,77.92844362930877,77.9207090585773,0
57.08927670264021,77.9226088796364,77.92402532907768,0
44.42736765426719,77.91110788413235,77.92677755203839,0
51.47825181451087,77.90050950618686,77.93126540662813,0
38.37231277846911,77.88936295388426,77.93373739699734,0
32.81666298939052,77.8746803662708,77.93315772687939,1
30.507214079263917,77.86613866025012,77.93365637787018,0
34.69335429333785,77.86229684334305,77.93157441859192,0
35.68658784803833,77.85571431628362,77.92870832282257,0
34.50337121678366,77.84664494459204,77.92635417214505,0
44.25220485868928,77.83542041321522,77.92646029470401,0
35.25621637627074,77.81760892690404,77.92270297522494,0
26.94129317559586,77.79353931841737,77.91555598920891,1
24.420018345177155,77.77249567985521,77.90825374745738,1
23.621370645928394,77.74873414472613,77.89919729841898,1
28.446693526342344,77.73104485436808,77.89310748477008,1
30.030686977341915,77.7130212518452,77.88391058115897,1
31.2085765283458,77.6977574394212,77.8778751435118,1
39.62320848836161,77.68301266161983,77.87207201574246,1
48.50985626462333,77.67086052502447,77.86611718775038,1
54.53250062089069,77.6671573422989,77.86244969684884,0
54.1608635312368,77.6626765590099,77.85767547290527,0
50.96993732418772,77.66099956371544,77.8493316797678,0
54.39874179249804,77.6548839285232,77.84052459459183,0
48.66959571725564,77.65104756489333,77.83123209597656,0
52.209112936083535,77.64849199911049,77.8211417397495,0
59.19711034607269,77.64604667733278,77.81216777542531,1
58.21149867805731,77.64199834148165,77.8037631072048,0
60.725562147304096,77.63584051674334,77.79387144593197,0
54.92295907683625,77.63237094375927,77.78387996202626,0
63.68110850754602,77.62708338637145,77.77416081719716,0
61.42040671420824,77.63000486538036,77.76749088216145,0
47.81598484262231,77.63255153670165,77.75894553546063,0
39.26953234959823,77.63448916538577,77.74873758604292,0
23.203995562472244,77.6399067007929,77.73975135588455,0
19.285873382267894,77.63786817981762,77.72927782883806,0
21.53056313003856,77.6391104760168,77.72096890219692,1
23.31548727422009,77.63598479780805,77.71446950217735,1
30.20204671573461,77.63125538700679,77.70760764349248,1
34.001880750019836,77.6229292133807,77.70122672246282,1
28.881151521826396,77.60600378152215,77.69148260388944,1
44.9022859483148,77.59506510010434,77.68369485025256,1
53.21401909363555,77.58985204235958,77.67627460266995,1
57.158980469797896,77.5866762602962,77.67088423005598,1
59.05560432113449,77.58838549764602,77.6672233888925,1
56.02378830920857,77.59305910614634,77.66477997344727,1
71.77933947849115,77.60126673285514,77.6652646171231,1
74.3597041157263,77.61061970729226,77.66499334956113,1
75.5429672832584,77.62231379908336,77.6636470288023,1
88.06408024704558,77.6367478744027,77.66259467800087,1
91.05531301804237,77.65439139152099,77.66453992208204,1
92.15069050890462,77.67378315193426,77.66796059108061,1
92.20522768737246,77.70000424102986,77.67450407821963,1
92.49963939117526,77.72878051322644,77.68004598885877,1
100.0,77.76017141982197,77.68807474225964,1
100.0,77.7983125614841,77.69873070692337,1
100.0,77.84089153961312,77.71087005394212,1
97.76853901563797,77.88227070179559,77.72245904555837,1
97.83424124627138,77.9261724112601,77.73579088148307,1
97.85399421979702,77.97091056757648,77.7509329716566,1
97.72484849475349,78.02042166694065,77.76548310537962,1
97.98260874565216,78.06803249571861,77.78386427777839,1
98.10352194234322,78.11541692988061,77.80502564725525,1
98.1463188848695,78.16396498112826,77.8274719505652,1
94.58306125775331,78.20816483572605,77.85099566529247,1
94.58245168043857,78.25631887335734,77.87488958104298,1
94.63263840586804,78.30266135701619,77.90112065919148,1
94.44815113632939,78.34922395569711,77.9255799560715,1
94.64395852455041,78.39925185654415,77.95014270677203,1
95.29573079314535,78.45547072158155,77.9764387566237,1
86.33876730587744,78.50308384008399,77.99891052119608,1
82.75141190655665,78.54344133400562,78.0202665010789,1
84.32909594938138,78.59042851397075,78.04627565832176,1
84.41875324139194,78.63715070421622,78.07295269913597,1
83.93569495178973,78.68230051635565,78.10057592284457,1
81.57047554423148,78.72400177213737,78.12893461613412,1
82.19032076727862,78.76546047228649,78.15863557192361,1
84.13967322486786,78.81593669537541,78.19203438711585,1
82.65566797128558,78.86017203395274,78.22552348836682,1
80.31445219043142,78.9030244835526,78.25919438757391,1
77.35129236530629,78.94272272754142,78.2917388418476,1
78.28726062981409,78.98040554855719,78.32402455104912,1
78.47581203491626,79.01961976721175,78.35985293945927,1
76.99907032165791,79.06110315108384,78.39811754484442,1
84.95971466581636,79.10624961749129,78.43753283197182,1
91.92803713381842,79.15470335276744,78.48162365022291,0
86.2338740457252,79.19913440803694,78.52513023199954,0
80.45826024517768,79.24051033823251,78.56739017224129,1
82.15425599353735,79.28309645491456,78.61087913393513,0
82.94085085876667,79.31790487514797,78.6544290213306,0
73.92470379284813,79.35202148294468,78.69731760176508,0
66.72267130466838,79.38766840380232,78.73730782255808,0
71.02718702502185,79.41564785511044,78.77659398342209,0
67.97668536917669,79.44022063814005,78.8143704502735,0
64.62104543198214,79.46096170955084,78.8496064076065,0
61.59006956389094,79.48140756820871,78.88427400095908,0
52.81053372281431,79.49464588984686,78.9159872347203,0
48.87755902319059,79.50162603349176,78.94843691759566,0
38.55559159503934,79.50454274414547,78.97841506639165,1
24.39910557331666,79.50805362238732,79.00771668676776,0
29.47120081792933,79.51432556830785,79.03571251256236,0
31.723284468447545,79.51798619488903,79.06170576823104,0
28.955142340666384,79.52123993448937,79.08834721684308,0
24.399732027596855,79.5149912863236,79.11260185408328,1
26.066275920095535,79.50407974359567,79.1350961614813,1
26.032937753447698,79.48409921920793,79.15593831331245,1
29.266414370196074,79.4682112913537,79.17605813269577,1
32.709010466957196,79.45567475087518,79.19675179187313,1
48.67068756767624,79.44526578617662,79.21851648390175,0
46.185056653167074,79.43190427476182,79.23882650420474,0
44.921983755223884,79.41849700843167,79.25654773836149,0
49.73483887383965,79.41177814829177,79.27480608358735,0
51.74444306917742,79.39970030063718,79.29030733172472,0
53.89745753997836,79.3918487743663,79.30552396756872,0
48.31769065536997,79.38411784567607,79.31998761158653,0
42.243796220435044,79.37048487821487,79.32994040290208,1
36.98033776657215,79.35904779115873,79.33854180837733,0
44.363802918659815,79.3484428309246,79.34812446768665,0
42.835016108622185,79.34014024152614,79.35477042038445,1
45.90705315242788,79.33337549165044,79.35887859479533,1
46.081051052532324,79.32737933844064,79.365430711905,1
41.7949519552572,79.31764116146773,79.37138569921586,1
32.51624398184619,79.30370946770904,79.37365959833839,1
41.20485549035704,79.29912725582686,79.37739247472754,1
47.80591275815854,79.29883291796038,79.3817091221232,1
39.640287116894164,79.29875602653965,79.38584001507337,1
46.48335450503021,79.29773539882801,79.38896810331238,1
40.76277730423805,79.29384795608833,79.3879162961583,1
49.516369402610714,79.28668479391851,79.38912158788807,0
63.75640233592194,79.28561717001217,79.39186357878857,0
66.35066174961042,79.28936332581635,79.39520397767146,0
64.15359038175299,79.28816036737079,79.39790801111279,0
65.566576252311,79.28833022534057,79.39779151497625,1
55.50322505895159,79.28204102341529,79.39389911650129,1
50.230214579421016,79.2776650344558,79.38855377837231,1
56.68092726814697,79.2795742116924,79.37988874647206,1
62.54482781415612,79.28604083166843,79.37330437782992,1
59.944161985020926,79.29258490530191,79.36895429451441,1
57.85631721258626,79.30358691894818,79.36296660599791,1
64.4874651646213,79.31654662766385,79.35833529580167,1
57.20187876529846,79.32409075066784,79.35425841899426,0
65.11956252614723,79.33908772492109,79.35195342766337,0
56.47712081284437,79.35229398078731,79.34831804860913,1
57.00301292521157,79.36444384988002,79.34708175942353,0
56.43360000180516,79.3744880912593,79.34711967480658,0
46.392382161020755,79.37901204337325,79.34488180513918,1
53.53403848793105,79.38453764890751,79.34492480693663,0
63.15505730775238,79.39480928357133,79.34518959619012,0
62.710971590974474,79.40009696022221,79.34734327431876,0
61.19989836293308,79.4006704827797,79.34891032294553,0
56.523211176297885,79.4003531293117,79.349615002073,0
44.01039395903286,79.39319243987946,79.34799050910895,1
35.89458544857908,79.38171119596015,79.34198001956456,1
36.37870058023418,79.37864247010732,79.33935959001478,1
36.69445822667357,79.37415741185728,79.33658484567697,1
39.99643784216935,79.3758289564313,79.33658064136142,0
47.38308376970075,79.3784789648956,79.33741144724668,0
48.476633319822376,79.38318006266019,79.33995641922841,0
46.589112797207555,79.38522753631028,79.33895130605137,0
47.7299695955381,79.37838547897452,79.33692777748675,0
42.22139227673872,79.37109393217881,79.33529718849313,0
38.112384704781896,79.35896382153234,79.3308276969596,0
34.04263425965888,79.34183137278224,79.32517047746715,0
33.84947353804975,79.3192548683239,79.31804419700657,0
33.772085122197666,79.29608313816443,79.3119057918019,0
35.00768723536602,79.27517080745929,79.30675617683694,0
37.89573627562314,79.24865475019955,79.30076759055295,0
31.960466945477933,79.21886996158543,79.29336044845446,0
35.430047192415174,79.19166062694569,79.28795142848658,0
24.29204498274173,79.16282045664809,79.28068830894458,0
17.740466980809657,79.13540890315366,79.27282682795821,0
7.069038181459305,79.1145394426036,79.2667498215633,1
7.924875328598489,79.10131062949677,79.26102048427965,1
8.728503212182332,79.08190278174116,79.2524698003805,1
8.514811964926452,79.06090309041335,79.24141291465816,1
22.93149222191795,79.03937124647183,79.23282672933428,1
34.064767901031146,79.01547948359314,79.22450908115273,0
42.49358689807758,78.98978404531184,79.21833085491781,0
43.01331605265308,78.96589119102788,79.21063386489512,0
48.71079194206345,78.94658737985445,79.20131586142367,0
58.201392402516724,78.93228061562579,79.1924641044169,0
48.42344428676912,78.91359756705414,79.18100257683294,0
41.45006927025709,78.89891443037178,79.16940415947964,0
41.82980335087604,78.88322150182493,79.15851638837044,1
38.38342113022431,78.86673483757538,79.14753371304974,1
34.61610345028927,78.85156981176922,79.13555441686768,1
36.24179610801661,78.84073677512123,79.12264596793408,1
38.885971310033256,78.8308561338174,79.10866893986066,1
51.373324647476245,78.82423727848895,79.09621157230288,1
54.598491204477426,78.82823067537223,79.08536192802794,0
46.70545343852152,78.8273175281709,79.07411753895944,0
42.724953197876026,78.82643727060197,79.06168963983566,0
43.75480401887914,78.8258681278671,79.05045014311156,0
44.329713888632135,78.8273107378138,79.03761655555401,0
38.05000551385844,78.8295351101015,79.02343172219504,0
41.206220501255366,78.82352241737858,79.01063087893641,0
47.081518551970596,78.81627830527569,78.9972053437,0
46.41417086557548,78.80288225968863,78.98156004536473,0
49.35204894020614,78.79025170096864,78.96669576119369,0
52.65903582362097,78.77736494043653,78.95199364448638,0
51.68289904077296,78.76337438606649,78.93767260711881,0
46.43582975996265,78.75217567479638,78.9245958707997,1
38.996969703308245,78.74498669275971,78.91471435819948,1
13.589479105329119,78.73754081451963,78.90207572613535,1
18.603916764736752,78.73203152991418,78.8906833602725,1
31.725883651421427,78.73350415236216,78.87862449524002,1
32.77375919062621,78.7347510612808,78.86515480648816,1
35.60456918389548,78.73675502393756,78.85009892437161,1
47.71799354386231,78.73694698312991,78.83689935103074,1
44.82817226974943,78.72491719082194,78.8239746127669,1
53.413397698634874,78.72228587107797,78.8145943145191,1
52.79815032381076,78.715864503957,78.80444991280551,1
56.09018403102191,78.71175512716533,78.7984196448648,1
60.39238774585674,78.71004491480309,78.79393257414569,1
55.20652655045619,78.70891166766751,78.78856313399628,1
63.599905202983535,78.71384822345256,78.78610184533372,1
64.63552590261273,78.71959766772784,78.78558251071132,0
74.15580447961241,78.7342905414113,78.78772827729509,0
74.22237977554087,78.74909305938588,78.78966873416977,0
70.61927108200254,78.76432679218148,78.79259617869975,0
66.96334572131042,78.77748852774735,78.79450445695629,0
57.50658035919113,78.7881476814537,78.79403916633976,0
53.42431584248599,78.79730797038738,78.79311329455571,0
58.4980914253526,78.80836872285734,78.79266210258183,0
52.692281768347314,78.81975048774063,78.79422231920343,0
50.893361733546385,78.82243438975766,78.79184975255434,0
45.43264011256841,78.82354410930478,78.78838065677282,0
44.49508214043722,78.82545541791617,78.78436747341335,0
52.47028838327459,78.82692131767202,78.7813114016884,0
38.72485004677689,78.82694931061764,78.77611938507218,0
39.902813255155344,78.82378751061387,78.77119707251433,0
26.386209009656312,78.82317474851887,78.76828078539141,0
24.29025587984971,78.81920849614843,78.76653727117545,0
19.488804423346025,78.80545131040324,78.76282449757701,1
30.007196507145295,78.79923346029692,78.76156258308488,1
36.006599711792916,78.79039172722587,78.76163061151638,1
32.377588328730866,78.7751644212655,78.75935356916904,1
35.20745047086619,78.75514966112284,78.75744568821726,1
35.64084848714229,78.73560687105093,78.75421657119456,1
46.431886037239934,78.72025291677745,78.74940507526183,0
46.16056697531899,78.70555050564195,78.74579764794471,0
43.51688997798942,78.69638805960258,78.74201948193999,0
37.74670443323176,78.6862070212497,78.73724885190876,0
48.27949938909776,78.67877679835227,78.73324852679721,0
41.04612186531246,78.66805592127784,78.72963064367394,1
38.62191576988945,78.6590126350043,78.72604583960462,1
39.041422597219885,78.65050901071982,78.72207293895046,1
43.64382186031866,78.636340549891,78.7177507894943,1
44.26041926667039,78.62507574459553,78.71524101913914,0
52.72238193869781,78.62573090143464,78.71546576947142,0
58.15481329659727,78.62273453637069,78.71494113263601,0
49.75393793339192,78.6161537647201,78.7138720213609,1
49.719297035510856,78.61121359102276,78.71302803048069,1
41.746837253862395,78.61219449276828,78.71268596887647,1
48.77080624880187,78.61217326489145,78.7136192770758,0
45.614499096635306,78.60912036385712,78.71187709611436,1
50.42239790537802,78.61259517824887,78.71049121595627,1
48.384138527698845,78.61524931812914,78.70884340589389,1
48.82962622267509,78.6146938698067,78.70531532586527,1
53.90128878782452,78.61104729801849,78.70385711814046,1
57.63535569076027,78.61113873561605,78.70133879375994,1
64.58078889828352,78.6114657157178,78.70025996664431,1
58.78615019677367,78.61412097212879,78.69819518989414,1
42.7037895832233,78.61214948901286,78.69409035648113,1
52.33574355814912,78.61624250237824,78.69256297755824,1
66.77033356813195,78.62643188092628,78.69107930259412,1
62.254580778449245,78.63554107720744,78.6884503027423,1
64.96862304694763,78.64810873451532,78.68327806673591,1
65.9746623061817,78.66010005569608,78.67964381766323,1
63.35732859626391,78.66245716503428,78.67471791861254,1
63.609535902668426,78.66814568259552,78.67120399457528,1
59.334040410451756,78.67643506672864,78.66918697547088,1
70.15819781395189,78.68927102496137,78.66981325231029,0
69.64356142298914,78.70382260305783,78.67086752095668,0
70.74821453612196,78.71865845975097,78.67318246587992,0
65.73399148149355,78.73356645595514,78.67632992259337,0
58.8513327896712,78.74282409854581,78.67820321165269,1
62.03304859310347,78.7509847261678,78.67905512919454,0
58.96978282669928,78.76210003936788,78.67938681454362,0
51.934377961515054,78.77085075546401,78.681417696079,0
57.324910416621826,78.77922849698713,78.68351518830924,0
56.86929697169053,78.78667095369515,78.68565844871482,0
41.23608215095568,78.78725037744805,78.68541194241398,1
48.50922737572528,78.79231595328336,78.68883621363317,1
41.89363238171958,78.7910034094306,78.68927095721172,1
42.64782338714033,78.78526382031306,78.68902813982898,1
41.43501878871344,78.78570633370231,78.69266706771703,1
49.476464929882454,78.7921280780466,78.69806943350541,0
41.633756069365376,78.7922790501007,78.70231268928313,0
47.28966262812049,78.79782414740805,78.70574641086479,0
50.31827811503611,78.79972382485369,78.70887332225999,0
50.07607227156455,78.80247910875683,78.71162339513258,0
46.22349117565731,78.7977206965609,78.71441872243476,0
41.738829237449956,78.78733325772664,78.71429010470642,1
38.46965887762175,78.77326700176096,78.71526689807317,0
40.6357215486187,78.76251085932194,78.71772921232042,0
46.098397171780135,78.75358163711688,78.7194322622115,0
48.708278936822495,78.74881399907716,78.724044508869,0
50.76107768180655,78.74184564809417,78.72609477594308,0
49.47451962753083,78.73448227769418,78.72491824658282,1
44.2032053187432,78.72638491897094,78.72497534134935,1
26.80483937858476,78.7140979685232,78.72483613023606,1
35.03000941255229,78.71121859345115,78.72541394338533,1
29.735285948281657,78.70533411408293,78.72609206215903,1
38.161318505380315,78.70533948802242,78.7265374464641,0
46.25568803785679,78.71053802107451,78.72959520271596,0
51.81944541830031,78.7128646434006,78.73277485377771,0
56.398962576333936,78.70704527681555,78.73478781697997,0
49.89007059689199,78.69910314123618,78.73607639785492,0
43.082693902657105,78.68482941908125,78.73525925928989,1
50.10119897285133,78.6757650249373,78.73472383798848,1
45.05810250004185,78.66718098301779,78.73390950205257,1
44.46082443368498,78.65862170267943,78.73221901465502,1
46.37082519803809,78.6550761049667,78.73146075108795,1
48.781674365911684,78.65462969518371,78.73062177519535,1
58.747027024826494,78.65572723265683,78.72944735301265,1
57.00818301330243,78.66031664380816,78.7293424888518,1
61.4575001938305,78.66349224936825,78.73019791481018,1
58.492953528685604,78.66860821429744,78.72949803938361,1
54.19530314488394,78.6766811918954,78.73060785732726,1
52.084680729038745,78.68379442278992,78.73123483742711,1
57.190488190683624,78.69575904825112,78.73256572284507,1
70.51564458802534,78.70724873428878,78.73260502711629,1
87.12996158764001,78.72114294357405,78.73302019836551,1
73.12718884772002,78.72914739152067,78.73073301917198,1
76.618900191523,78.73476432133072,78.73007434886617,1
84.50755112061088,78.73914428078103,78.7313029266718,1
87.44430932908448,78.7480119414783,78.73359870310418,1
83.69615371395572,78.76048823994552,78.73543167808599,1
83.79160674907466,78.78003707505265,78.73893378712535,1
81.64347098311683,78.7959242300149,78.74140213119959,1
81.92247729801561,78.81452224516237,78.74505001863946,1
75.2115559441581,78.83356226020835,78.75074376775915,1
69.25491000989948,78.8517943592325,78.7552521134676,1
71.05236536942124,78.86852990958498,78.76163237525711,1
67.61472016315011,78.88176661901952,78.76804847249524,1
73.28555711054831,78.90059607161328,78.77529838401618,1
73.93377885038194,78.91920897137564,78.78103027214179,1
82.5021184433272,78.93733304974802,78.78751963924255,1
83.1483734191535,78.95710141396657,78.79431876395067,1
77.74950802154257,78.97465064619983,78.80120556596556,1
78.57272894383854,78.99512394707645,78.80962365817291,0
81.5216856272024,79.01605943392092,78.81994052206032,0
82.3701600149101,79.03983229686277,78.83401981401998,0
79.26854818730833,79.06498409945326,78.84741985824891,1
68.70680641281257,79.08458980337237,78.85890592648634,1
67.71595947294415,79.10148169236503,78.87046294877106,1
68.37965464657545,79.11555177499106,78.88029381346972,1
71.26022580512307,79.13523584335043,78.89278775618848,1
77.64601200710857,79.15932587236568,78.90887122499396,1
74.1121168735445,79.18470523038434,78.92473025576496,1
72.82360454743281,79.20782757466779,78.94254186109731,1
70.54314354945777,79.23128008950567,78.95876836618095,1
70.56337777414218,79.25857720706598,78.97654935066083,1
78.01708018775848,79.29093794673562,78.99587175874238,1
79.37906405262298,79.33003943495899,79.01584903804901,1
79.73894106864043,79.3657992070655,79.03647220948214,1
79.56413310031428,79.40335433945332,79.05955389719689,1
83.13840961408363,79.44349126814663,79.08527489000673,0
90.40699820743446,79.4808805477139,79.11273921540372,0
89.52336224103519,79.51743766071675,79.13787462027734,0
91.27414709843717,79.55100438059978,79.1631530172057,0
90.37734023936319,79.5830830877825,79.18972507610155,0
76.84144109252696,79.60654026702329,79.2146054788426,0
75.06261011639876,79.63090812862671,79.23793123162612,0
69.83073743245009,79.65651801066196,79.2592222376884,1
74.20337613355295,79.68729780657034,79.28125541387593,0
69.15886601471908,79.71721492089206,79.30178288207925,1
63.6787447686445,79.74289473531039,79.32250236459367,0
51.983481227605516,79.75937130993921,79.34194727221148,0
54.23692505459799,79.77985381260919,79.36315401169267,0
40.40193277081402,79.79487632868153,79.38218877326945,0
38.2756154797345,79.81252940973383,79.40088063635898,0
34.096894030532496,79.82348631440874,79.41748669899471,1
34.80471736797591,79.82585417561901,79.43455447238172,1
36.06634644181911,79.82318660534563,79.451217951655,0
35.09483854310653,79.8177014332463,79.46789507046824,0
41.807879460287545,79.80935920900181,79.4840928042063,0
43.35778269899791,79.79884024951315,79.50061569383377,0
44.18891771629805,79.78642593491473,79.51529475934855,1
36.92396159518135,79.7758432599096,79.52984223223523,1
39.620726794340705,79.76542793257958,79.5435152921726,1
38.632294790406405,79.75428542518652,79.5580143420928,1
41.90031717714411,79.74757788390475,79.57291888871151,0
34.282117181287845,79.74368514745954,79.58799332677594,0
47.116296379235905,79.7427264095825,79.60360615391359,1
44.05835106446142,79.73917381909057,79.61668651286685,1
54.28181151852465,79.73615556408598,79.62856151916338,0
47.58311790301528,79.72873430298709,79.63906286588929,1
46.95423306757407,79.7240382174127,79.64872199358993,1
56.48315977031038,79.71809094844868,79.6605301325922,1
58.178645059401084,79.71899007124149,79.67173522293547,1
49.45362716573314,79.71576265025043,79.68076192289077,1
60.932418837245244,79.71920917136511,79.68923744879562,0
59.332509397163065,79.72321007795452,79.69784486378222,0
63.18871765680654,79.7288344879121,79.70891582547088,0
59.05572155239279,79.73246766221219,79.72028945840711,0
61.44872126777069,79.73649744838715,79.73247107356475,0
53.40447691566285,79.73838844505978,79.74187673451752,0
49.49931361726892,79.74075303866451,79.74786562586809,1
39.99520182340968,79.73864782936212,79.75141927182635,1
44.91442781259895,79.73807342600665,79.75561363270813,1
52.714892366885024,79.73805617180544,79.76072477501272,1
54.155349016770295,79.73960799437901,79.76533120363672,1
48.82230739755962,79.73971150223882,79.76750274897722,1
41.62615837975346,79.73708651358533,79.76642498536413,1
52.29269770656643,79.73689952108684,79.76512663847538,1
53.27643809374314,79.7411016005769,79.76366042361282,0
50.62360014440692,79.74614306548922,79.76012358482633,1
49.613301267371284,79.75239189048366,79.75732653069785,0
56.23399867361635,79.75758463738781,79.75658892326062,0
51.8417486061471,79.75985975614587,79.75527737315392,0
53.07841803687366,79.76379773778557,79.753047782892,0
58.550500607049216,79.76684193424056,79.75335811568254,0
58.889522976659926,79.76613474484034,79.75193551026767,0
50.28478381576852,79.75967608089715,79.75017905356496,0
43.804838422508695,79.75124126236102,79.74586684072338,0
35.17689437507896,79.73596232561303,79.73997003545313,0
39.30082871715628,79.72578984990233,79.73503478035428,0
35.851358565132955,79.71086758907511,79.72846413752244,1
32.83770421537915,79.70202852345872,79.72028915616616,1
31.892834040485724,79.69413867622204,79.71531857172434,1
33.1485052671827,79.68413521190816,79.70936709588244,0
28.618670343601522,79.67064726458611,79.70419558370767,0
24.81619464165027,79.6570212821103,79.69996959157373,0
25.83331525533019,79.64583174212363,79.69548304007532,0
32.475736300323476,79.63475318784113,79.6919473403133,0
24.066696752985592,79.61215267582344,79.68477781034147,1
25.107566088299805,79.58915249255756,79.67624848204409,1
30.314921665984542,79.56623599187779,79.66925055348307,1
33.02642741030148,79.54068555677401,79.66252584200639,1
42.70176810564423,79.51902409956007,79.6567158399461,1
38.21088936448423,79.49914002968433,79.6509896246911,1
46.39395022461573,79.47712253106835,79.64517597454797,1
42.6344362961434,79.45896574594799,79.63804774966304,1
51.200588661422515,79.45166949007347,79.63375628576135,1
59.11740482754621,79.45241261522385,79.63116235917668,1
64.4570897880145,79.46045076808021,79.62968811705082,1
63.96113098777927,79.46528731793374,79.62965598633296,1
65.63380644317593,79.47816184731856,79.6301135894848,1
65.10859170832055,79.4925827582867,79.63008588010136,1
85.29133856475147,79.50575915294488,79.63002620440571,1
86.82993820315635,79.51747218027553,79.6300509078925,1
88.4083580740687,79.53700537625978,79.63131406566555,1
88.62651081975574,79.55658490749808,79.63331952339117,1
89.86073462999526,79.5825972430434,79.63698814212783,1
89.79695144953443,79.60601718861606,79.64136715087487,1
88.93849401314253,79.63700460054454,79.64498067120442,1
92.22229247775104,79.67533852105167,79.65102851244086,0
90.77390014343943,79.7128553455657,79.65809147624354,0
89.40466128603232,79.75063953894377,79.66732252583904,0
78.24897602248421,79.78219184813557,79.67436320879767,0
79.43538225552966,79.8150258963955,79.68177751452714,0
74.7124930202849,79.8467082738714,79.68801608634494,0
69.42006407170801,79.87791730530584,79.69333007088986,0
64.88895947416762,79.9001669391877,79.6989884560023,0
71.27624117300623,79.9189352274446,79.70397664171979,0
54.86184306332248,79.93121441925334,79.7057332445214,0
52.5374400371718,79.94256971804495,79.70822664735525,0
46.90997971957068,79.95534374952057,79.71129433309954,0
39.91635611233998,79.96149896632826,79.71165161167754,0
41.99767874536779,79.96687024195656,79.71283039872996,0
30.052587815852576,79.97262147649589,79.71358040337661,0
26.380910666741798,79.97138818536119,79.71313256611379,0
36.97015652108099,79.97465663171432,79.71672827814075,0
35.470222210045506,79.96621316992211,79.71960297773781,0
36.0716372767655,79.95961616817479,79.72471711320037,0
36.12552307555559,79.9522785996444,79.73150718081698,0
35.87143794202822,79.93882526299815,79.73624267767919,0
33.991566985422196,79.92086028757583,79.74208855564383,1
35.69673715227218,79.90487305824001,79.74846033975156,0
40.15471823855677,79.89211931835902,79.75355546565247,0
39.76246352089466,79.87623811687813,79.75861867651514,0
34.52028489620692,79.8622869529262,79.76467196168097,0
38.67858685744383,79.84922589497498,79.77021191603573,0
30.51705908248796,79.83135758253977,79.77319879216876,0
30.925787030396606,79.81052165372084,79.77428402807169,0
37.601353310463985,79.79744792086362,79.77985134253748,0
23.015193700085533,79.7802511353913,79.78466610448874,0
24.268290695596406,79.75645375463552,79.78738143820264,0
17.472095078597818,79.73528171804836,79.78949007618728,0
17.058121757597448,79.7112518332621,79.78972149221077,0
17.928722412270204,79.6891505063585,79.78958459404629,1
17.972679828808282,79.66486800090662,79.78823075404911,1
10.664915611654095,79.63406669098052,79.78676865615377,1
10.830315908964451,79.60838640094389,79.782289742086,1
17.187153139016516,79.58231998890618,79.77668006267331,1
25.90672367552655,79.56173307771547,79.77202010467109,1
25.690733434490056,79.5420000772639,79.76692778141124,1
43.560038794055984,79.5318157903707,79.76355013286468,1
44.84500924460399,79.51864126893545,79.75888374401106,1
44.48607905291491,79.50871490199752,79.75473776527352,1
60.66993045377671,79.50595461760987,79.75401165144886,0
67.95501862691235,79.50328805026352,79.75118503128246,0
61.969617101254215,79.4967880569881,79.74629317583174,0
66.73779702128707,79.49695444359611,79.73894167238984,1
63.10282723585992,79.49673613648322,79.73057160721855,0
68.29928447346023,79.49279261726805,79.72216654922687,0
76.06646810468875,79.49996854799807,79.7145181152673,0
69.0124641375345,79.50671520501866,79.70492538198383,1
68.14267212981515,79.51577547250662,79.69554444961241,0
59.84079546971132,79.52434630452017,79.68658327476462,0
59.608812334292956,79.53202651126574,79.67638483999438,1
55.37354898279177,79.54554809612193,79.66776668294932,1
57.58752844579895,79.56131356190312,79.66012715879269,1
52.966091370138344,79.57651460824454,79.65282880970872,1
39.233063938646765,79.58758772778603,79.64414106280988,1
40.386390961789644,79.59571410280134,79.63781997809028,1
56.72071578340714,79.61011172962799,79.63394458604446,1
51.445258793827136,79.61563499418968,79.62766663073234,1
62.034783282960134,79.62783789436526,79.62541931522586,1
66.97892217356097,79.6412323436882,79.6244826059662,1
65.30535641431352,79.65284982163317,79.62610298950379,1
73.43492196450559,79.66500940248336,79.62863351813134,1
75.37029385209328,79.68529257602921,79.63054755355769,0
74.52762479960879,79.70205835690324,79.6332797471823,0
72.36595534570547,79.71863563907262,79.63417939557768,0
72.41969350266515,79.73853521174763,79.63666919406818,0
72.37348309289094,79.75305864785939,79.64021146921179,0
72.8151450831318,79.77100332074848,79.64498259525288,0
63.34401255022517,79.77999326994731,79.64559253429533,0
60.626133571815934,79.79038806960605,79.64589077526344,1
50.658912561934294,79.79801688943705,79.64509634901796,1
55.852292649440905,79.80484857509913,79.6447913318185,1
47.76655934775892,79.8100572923386,79.64445971773812,1
39.47527266473395,79.81397939706541,79.64587753551898,1
45.658604240274386,79.828403760684,79.65129390559514,1
48.67144421758426,79.8451396651137,79.6568966757903,1
48.21598974854844,79.85981227677642,79.66576904259853,1
59.66158960246605,79.88441004867244,79.6788491483471,0
64.69385657360723,79.90548533787094,79.6935007631549,0
59.33380323205845,79.92025969880048,79.70808575218155,0
55.00292440911193,79.92781336115559,79.72156813142261,0
58.27611844940833,79.93747274677033,79.73767541647682,0
59.940337800877316,79.93678907377446,79.75163650667528,0
61.367123232112895,79.93908436656776,79.76555893343183,0
57.530772553097364,79.93657377920961,79.77588091169905,1
56.45951041930049,79.93193020183926,79.78474804371768,1
59.407171239241436,79.92906980228621,79.79503935922072,1
62.45849702180528,79.92757749647876,79.80328727769611,1
57.97177817291005,79.93708391260262,79.81296959176221,1
60.55352792404301,79.95427308620086,79.82411404894476,1
57.01454772293285,79.97474739262876,79.83261345902552,1
58.78532689557525,80.00265594525595,79.84453848981546,1
57.077252560777616,80.03185738693819,79.85848744971815,1
62.97064391998179,80.06611255156844,79.8735407787079,1
64.19590773577951,80.08997009608315,79.88858748943511,1
65.79377227614762,80.11571691619201,79.9060663953599,1
78.22168693023211,80.14143988773934,79.92235757849502,0
80.74479128040996,80.16485147435274,79.94210365608075,0
94.21107726900121,80.1858666468614,79.9615372328968,0
85.81339774085527,80.20530810158375,79.98047047100698,1
85.41479666034722,80.22907786593775,80.00038867329143,1
75.6095704104566,80.24429127974955,80.01717268992786,1
72.31293924114883,80.26501918066285,80.03311875417916,1
68.5095147055481,80.2866107408471,80.04959738647285,1
74.12689421113264,80.32280009968214,80.0699658604575,0
69.03416030871803,80.35970067288935,80.09034267175288,0
68.85502589551882,80.39432161930901,80.10872331509312,0
65.94578168026764,80.42784590101341,80.12817164042559,0
62.03612651285301,80.45404383477879,80.14345196792762,0
56.67245324282269,80.47422551271686,80.15731131655622,0
52.56508725469932,80.49519866851631,80.16955299777878,0
39.71165788175209,80.50404438250845,80.1801524818255,0
34.92560252786619,80.50838847306031,80.1877258085306,0
37.70330869785011,80.50813366655511,80.19597090256866,0
35.06780680234938,80.51005171709518,80.20515392064414,0
40.42719048821492,80.5052920371703,80.21276912552898,0
37.16427864633525,80.49380323102905,80.2186554117629,1
37.85134110750526,80.47850210679573,80.22510317049964,1
21.712381442050344,80.46475638736915,80.23544247986554,0
19.463028439919356,80.45544617920169,80.24649371484523,0
16.42771654513274,80.44284398916726,80.2583195131835,1
22.8868155880336,80.43761735391011,80.27028020145225,0
26.83361510751871,80.43286008679034,80.28223987195987,0
21.94000897915305,80.42366919368416,80.29347330512037,0
30.27254312776398,80.41015025607427,80.3026644586136,0
36.92839366425167,80.3967402190063,80.31098289330993,0
42.52851692681182,80.38249689328762,80.3177971616976,0
36.841408214102536,80.36341164912272,80.31977228060572,0
33.26820803929154,80.3462619893612,80.31976262852372,1
47.70571282876086,80.3353154562026,80.32333361951706,0
45.695165767562976,80.31919472542586,80.32610554348688,0
43.17810433746419,80.30538684016093,80.32731811918174,0
40.12910752865183,80.29534500966459,80.33114818288665,0
41.26531171846477,80.28787987314976,80.33548910520148,0
37.89453040261612,80.27540465926604,80.3406862726667,0
35.51313762228136,80.2649584844419,80.34598043857004,0
31.26901676368088,80.25248711323094,80.34802233614079,0
35.12115200666334,80.23939864348618,80.34983162930261,0
26.933032316254128,80.22249100483535,80.34960531675863,1
22.669008285351026,80.20242401229858,80.34575408528431,1
28.152045010828104,80.1868360069591,80.34315495891563,1
31.608404148165604,80.16858307094546,80.33665105172805,1
36.866682989529416,80.15245810941757,80.33048016095162,1
26.3726494965138,80.14177432991309,80.32373801645822,1
41.39080012308543,80.1318306104488,80.31940866435986,0
37.366238454491615,80.11688064551797,80.3114483850403,1
42.782189883177196,80.10525751677243,80.30332421331084,0
41.11240970888381,80.09873230944197,80.29332461464139,0
46.059061884823954,80.09338551886837,80.28277017732653,1
40.00320717931599,80.0778796298189,80.27236223081113,1
51.27683546711842,80.06915817845137,80.26213766849233,1
46.09463454795584,80.05829152110319,80.2529182157232,1
51.94719230039433,80.04913427183278,80.24479421935462,1
64.49548863303784,80.04512396719043,80.2388943957388,1
64.96688546914395,80.04905767531261,80.23118930291889,1
70.19473584325755,80.05689953406394,80.22485998303988,1
65.02580956419449,80.06783390271578,80.21742724950349,1
65.73245707252593,80.08090540808978,80.21105543213315,1
56.33397661169162,80.09239158851858,80.20494441825454,1
61.035066297957194,80.10589819066193,80.19842315646235,1
63.610361985002775,80.1223249985948,80.19400549094703,1
60.604017200085565,80.13755320264309,80.19005457978191,1
65.43554600136528,80.15483609433664,80.18905920946214,1
73.49246244843147,80.17376237480029,80.18998949975628,1
74.37793309125419,80.1920793680295,80.19221972473359,0
72.57929321898631,80.21018972744287,80.19340746114932,1
72.59842937628437,80.22704609197615,80.19662135768968,0
67.56660282791057,80.24334588137732,80.19926212447405,0
67.85014048508984,80.26436040615494,80.20261178484084,0
55.861345880544064,80.28372895986175,80.20367534307515,0
60.281107204736045,80.30233870141176,80.20593555339013,0
58.54064675381305,80.32462830693945,80.20772259693493,0
54.74312510196057,80.33886338177297,80.20719553734766,0
52.14320537281855,80.3440802370211,80.20705881307357,0
39.21433754382877,80.34028424779225,80.2032428996061,0
38.885680533299,80.32969445188475,80.19804167619127,1
36.30811319909659,80.32317291301895,80.19369765739603,1
32.13569055395743,80.31482847290313,80.19162216164531,1
26.84194891389194,80.31070038288226,80.19071977566297,1
27.38810529928557,80.3039898143128,80.18589289970645,1
30.97009633180903,80.29527916155207,80.18443926539753,1
31.3307031255286,80.28846056405317,80.18328406933881,1
24.610360652243244,80.27817962297422,80.182193054786,1
35.67840441916334,80.2676489053241,80.18189711262602,0
30.166184838554187,80.25048036338885,80.18225000638272,1
30.175315572642603,80.23812153260141,80.18267268041312,1
39.98489869744521,80.22543117986505,80.18579898434332,1
41.53263152325657,80.2114951903739,80.18810074322913,1
56.49222655998906,80.19614787885388,80.19207453444825,1
64.85798019058286,80.18765678746779,80.19776845314283,1
61.13107795292264,80.17765818206951,80.20226442343429,1
58.85084251766389,80.16650734549307,80.20689230675397,1
60.86958477999378,80.16343408143699,80.21158592615544,1
74.35903509542806,80.16573536255716,80.21664322613121,0
69.78369034293996,80.17410881735432,80.2201541823683,0
74.79848958921734,80.18840911176106,80.2266530626885,0
76.86235734356515,80.203067255697,80.23282155296585,0
58.10129478321802,80.21135097878968,80.23666962938441,1
55.39843916853148,80.21458200436415,80.23919836986128,1
59.711662009408705,80.22493928866228,80.24471676324379,1
56.430766748789765,80.23091386668256,80.24914154068999,1
60.50421702113194,80.23747591221327,80.25495782578285,1
62.47372182287437,80.24758985135074,80.26157528659319,1
60.511586892357144,80.25466727356564,80.26571443517611,0
61.33154833584569,80.26504370681178,80.26864441898238,0
56.807967409262936,80.27189627251637,80.2686713757941,1
56.136188050088506,80.27857937788363,80.27009717441045,1
55.21975640914047,80.2888967016853,80.27129726066734,1
51.797865264169154,80.295264953708,80.27322388052401,1
41.574019761535894,80.29714132395985,80.27426570646199,1
51.22045419641841,80.3077826192957,80.27644747171465,0
59.718346214988756,80.31854902672615,80.2792906363872,0
64.23792782186786,80.32543662028264,80.27982613653383,0
62.361605085613725,80.33206513157123,80.2799643288396,1
63.74349766269864,80.33832822563596,80.27865372541089,1
56.03470903813559,80.33750065098707,80.27757743210617,1
52.86657087017973,80.3361084078469,80.27644647931413,1
48.365154531126805,80.33772236846734,80.2744202242204,1
55.287923254502175,80.34891452453309,80.27302001721254,1
61.601449700133884,80.35790326050122,80.27438648349957,1
58.76283548757136,80.36679334467308,80.27492339799453,1
56.897108501201686,80.37550815455714,80.27530976482993,1
63.5099084117091,80.38347083873201,80.27941826937682,1
69.95512614089247,80.39205302527859,80.2849035504791,1
68.40328355996823,80.40735610388623,80.29547316141995,1
72.37238956777661,80.42911659336526,80.30844023238629,0
78.3831299535652,80.45126344976818,80.32133338911015,0
70.07676214796378,80.4684998005207,80.33276579171437,0
69.45062867667481,80.48711904318085,80.34379134464344,0
78.27419226099224,80.51024536348615,80.35676792613133,0
71.15361033493285,80.52227535562194,80.36724594934259,0
80.07574201666512,80.53877998110917,80.3794184032096,0
69.5255936147537,80.55433797109511,80.39028947578217,0
63.879926424520235,80.56556736361813,80.3991317121572,0
62.188130543900634,80.57514661723101,80.40852022694776,0
64.2871448992493,80.59061625131622,80.4185753195921,0
56.88330337940961,80.6019368120524,80.42704873218908,0
48.36704041598483,80.61019990672109,80.43390211075928,1
43.8853543541649,80.61689919074978,80.4413205419709,0
36.46621744461891,80.62057548876359,80.4475539640179,0
30.5414912674305,80.62170223248314,80.45254101815998,0
31.02804688089094,80.62004825885307,80.45672613017392,0
40.33790849487652,80.6210125039859,80.46244963839638,0
36.21667845875182,80.61926201778684,80.46631421257096,0
38.22031748459548,80.61027371243969,80.46993911945411,0
30.004914353155414,80.59618073324545,80.47154888098005,0
29.373205481701277,80.57654821559323,80.47072577306865,1
29.125632305594394,80.55755450956045,80.47124720402266,1
27.470451539929996,80.53485686009044,80.47190128693396,1
28.619693336516946,80.51368234177362,80.47226514737586,1
31.055163454308,80.49548790974953,80.47307556656939,1
48.36965887635143,80.48110053914553,80.47686825398249,1
41.25920878820915,80.46757752372943,80.47828454473365,1
39.961762048158704,80.45334887926208,80.47860435443577,1
49.86589906998104,80.44586716404436,80.4808496098408,1
56.38653244849002,80.43939282707383,80.48557394141508,1
51.7682325871431,80.43675431999824,80.49031870903492,1
49.95280918186081,80.43632839884467,80.49287478962303,1
56.33729476080138,80.43801948450744,80.49842235429067,0
57.815257103425616,80.44090990721912,80.50506139732161,0
61.24817995149331,80.44585278721117,80.50776908532616,0
67.71473752333216,80.4569094599734,80.51207030347283,0
74.56584064899923,80.46236818588496,80.51722226463731,0
65.88513952387127,80.46618469147248,80.51996203653147,0
65.72389899873116,80.47052822199618,80.52281911799818,0
53.39555400491339,80.47379301224971,80.5260658254851,0
44.21050471720896,80.47134243675306,80.52481938463112,0
44.13873333102933,80.46844705649895,80.52353707923531,0
35.345365057104885,80.4680358027327,80.5195497982138,0
26.594924014280238,80.46084853605728,80.5134432575983,0
27.685088739959255,80.4551820179616,80.5084310358848,0
28.44882957357271,80.43903966819366,80.5022808594371,0
20.225444216530022,80.42671234443962,80.49558114701671,0
18.30998751819476,80.41319363470944,80.48706059820812,0
24.765159794635835,80.39765550041417,80.47696936845198,0
15.581643150132209,80.37462040351441,80.46377546547474,1
13.204479828835133,80.34285325124252,80.44695462962467,1
21.253317204061574,80.31863031906464,80.43292699704061,1
19.92346210084945,80.286047797039,80.41799385583394,1
29.095641047506376,80.25931995334676,80.40469123326585,1
37.87600241108512,80.23578861612312,80.39317438952664,1
43.580701057448096,80.21110493403498,80.38100028464314,1
49.05516647751288,80.18984609762848,80.37142551525066,1
53.53586755095666,80.17270685691452,80.36281783385002,1
51.98158192147384,80.15583582136192,80.35509479965054,0
59.2725685130054,80.14559591953831,80.34805769277395,0
58.17615645326397,80.14539377350414,80.34220216921182,1
60.40834362410196,80.1456846975394,80.33773099556262,1
59.41212304625424,80.1495507376251,80.33261041696393,1
55.75354436716124,80.15033988809395,80.32534901733044,1
70.7006831787672,80.15351809592217,80.3211573812604,1
70.95052894159672,80.16349474037054,80.31965945204409,1
78.25010329004989,80.17578975927167,80.31749204913102,1
77.22388120382575,80.19577039406275,80.31766394871849,0
75.61111017254404,80.21256604940018,80.31788630323618,1
73.19590534304149,80.23310866728859,80.318546639092,1
62.920368258251514,80.25718717218477,80.31921021226128,1
67.54647772343897,80.28293418692914,80.32307886798809,0
64.8155192392277,80.30985737060855,80.32799406004118,0
62.181684545747665,80.33225266945811,80.33211936433965,0
62.60847275402129,80.35365773591126,80.33644231999132,0
59.71581776456734,80.36821522788358,80.33584616013837,0
50.88307055741,80.37381037851742,80.33391865716585,1
59.59184207379395,80.37906193733166,80.33310305707785,1
52.61306072004245,80.38245779393303,80.32973105160602,1
45.961183577830134,80.38145242139385,80.32488153050195,1
45.24771937577782,80.38351238932249,80.3209053969415,1
39.66321768446998,80.38863413206424,80.31865328885046,1
44.64945254620867,80.3943139847108,80.3151282170453,0
47.53817940062901,80.40821045837828,80.31226923779411,0
52.222521818228856,80.416855275955,80.30955837675793,1
36.28376392756428,80.41797303768017,80.3040848831268,1
40.4356595984954,80.41608949008625,80.29898057081152,1
38.53806180222862,80.41074326422277,80.2954873778186,0
43.202246993230645,80.40861177181763,80.29311972316475,0
50.04429934457721,80.40633819190829,80.29156471095544,1
61.968669035559145,80.4070646125492,80.29349908257974,1
59.67577417131384,80.40142711729403,80.29627089230613,1
55.56997705522459,80.39439775745448,80.2985388419299,1
64.098875955972,80.39092667705765,80.3041506207398,0
64.43299024715144,80.39030577766236,80.31049182387162,0
55.04434992480792,80.39009536434858,80.31626843860033,0
55.2685646879122,80.39808168126277,80.3224663918951,0
43.79822063799501,80.40011479597092,80.32787152158245,0
49.925794007390785,80.40677404976195,80.33337847134513,0
51.31258706536111,80.41148094402867,80.33962574670765,0
51.73079480074363,80.4139221155433,80.34933294266182,0
43.705207959945966,80.40943923827191,80.35497685653336,0
35.848613909706756,80.39866957174762,80.36017692692873,1
38.46586088463131,80.38797108588179,80.36372969080811,1
37.35643913469325,80.3760415611919,80.36565955478544,1
35.79449384198769,80.36464032871432,80.36549904099854,1
43.93699532411771,80.35686490051985,80.36578809196808,1
46.642872530037394,80.35592101478711,80.36877304096764,0
45.94499855559851,80.35504675543868,80.37280409679546,0
46.30871907671176,80.3511468685654,80.37378509056627,1
49.447711592029556,80.35387602274764,80.37689198227714,1
50.31769514851152,80.35232046874712,80.37892520078921,1
46.15672590673395,80.35273974753495,80.37981444589384,1
48.52733307966596,80.34868245831045,80.3834876488264,1
53.447695586276915,80.34714579064095,80.38794290175915,0
62.93124722243073,80.3524526601572,80.391851606515,0
66.0815132656407,80.35367849811946,80.39362188743422,0
60.89140805793241,80.35779770963637,80.39268244781188,0
66.20286799096269,80.3619746052939,80.39314189370262,0
67.53357049068298,80.36667381982076,80.39305180772052,0
64.79370418454667,80.37091343918368,80.3948234494614,0
52.06767070396623,80.3769462694203,80.39258168952982,1
50.68244152636448,80.38865781384179,80.39169710422203,1
57.23975903797331,80.40043810107473,80.39100386345476,1
44.603118239997194,80.41047268521454,80.38838553450677,1
56.06538303174801,80.42651929782292,80.38882066897426,1
59.72914533125447,80.43987478534817,80.39221385470037,1
62.032064206775864,80.44851234986666,80.39655320598165,0
52.79476012026955,80.45291679739134,80.40098769817878,1
49.227759550592644,80.46140880497705,80.40576764399955,1
52.02644481604327,80.46443248505784,80.40926002057128,1
56.89379382604806,80.4720017592256,80.41227225165376,1
52.22869284747518,80.48109900688341,80.41452845476287,1
62.68895836844263,80.49406962659982,80.41783131611501,1
66.1526841736841,80.50431901181943,80.42292839610492,1
67.49934974370731,80.50781690571328,80.42778915372826,1
68.93076513980247,80.5159869720154,80.43358088020588,1
71.0794646343987,80.53104435685816,80.44080288486605,0
79.56915213633096,80.54238728174784,80.4466520976747,1
78.33185527804041,80.55708985487142,80.45335247290578,0
78.18259092826148,80.57269101488059,80.46107401039394,0
68.60724455003677,80.58995367381671,80.4679923121389,1
68.57346000467302,80.60415163781626,80.47559865636674,1
70.52851691328479,80.6192019206871,80.48231396090654,1
66.70456055955898,80.6366451520497,80.48692128426168,1
70.75254675146162,80.65392138450976,80.49435107703874,1
73.61868225844754,80.67363189387855,80.5024339397467,1
73.37170795188139,80.69466105009828,80.51437170763259,1
75.33181906839908,80.72332651966595,80.52760868614038,1
82.58460984169457,80.75112130957567,80.54162379021835,0
81.24851528982674,80.77928670732474,80.55540585728384,0
79.55896682244875,80.80896966885912,80.57208442388864,0
80.31299516871233,80.83790745932635,80.59022360979436,0
80.3874594704586,80.86455527859383,80.60846499319982,0
66.7100963662368,80.88218481888495,80.62538569918213,0
72.96398202704151,80.9042910512268,80.64364944273326,0
66.42901955925926,80.918755680022,80.65833719200674,1
58.581178257940905,80.92625871662364,80.66893796560066,1
63.700406036897924,80.93662226610502,80.67928230194123,1
59.260253557926276,80.94469880095421,80.6907732458613,0
56.84324056053946,80.95343799475738,80.70089879919784,0
50.17756342849696,80.96420837848372,80.71274747603354,0
44.99703480223106,80.97979695770928,80.72642154043648,0
44.216764814387865,80.99218562784758,80.7397152287214,0
34.895947256192656,80.9998454287365,80.7480011394999,0
34.285490516023245,81.00508292135558,80.75540318151809,0
28.439010744859516,80.99908745465935,80.76059752236264,0
22.395769966061664,80.98469943574783,80.76513239807717,0
23.901066253798746,80.96104667991122,80.7672375159873,0
20.905398013310545,80.934440015241,80.76873026838643,0
22.317448391726842,80.90550279292104,80.76924159877879,0
22.18539832129457,80.87217054656782,80.77017413474765,0
15.476878925054606,80.83451251291959,80.76856548942548,0
24.64933821402056,80.80005405737703,80.76831137572076,0
19.853551148009714,80.76896426780004,80.76878233221635,0
17.443277822027213,80.73004123591028,80.7650582179682,0
11.21189211079647,80.69442266585733,80.76015634421042,0
10.618792242389816,80.65831159979537,80.75285766557214,0
11.359578338874371,80.61699118268584,80.74491205605904,1
14.017131789263303,80.57859252381661,80.73764673339713,1
15.714553852716463,80.53649807102681,80.72972503358544,0
16.06257649997636,80.49142582353838,80.72051710175865,0
19.860947797691992,80.4441982374191,80.71166123265075,0
28.027271085423067,80.40143117946526,80.70265984986757,0
31.959155312513758,80.36671648097585,80.69296012716248,0
28.99096905708221,80.32340929986917,80.68164013918044,0
29.571862214303806,80.28354687878051,80.6676214850687,0
21.65811304426792,80.24852678028822,80.65212536744917,0
22.391085346827012,80.21557346086666,80.63651198763483,0
26.279086343825952,80.1848217548948,80.6198230283958,1
24.88023104195598,80.15268477016909,80.60123910089419,1
24.3061680409521,80.11941429270767,80.58195838230404,1
37.60118090317038,80.09707822920404,80.5657361259806,1
34.14143446017812,80.0698697853776,80.54857852159695,0
38.73406228945983,80.04689632146004,80.53288279998048,0
42.691951117259954,80.031111850848,80.51593440450348,0
40.60431915272464,80.01663429395569,80.49735730424126,0
33.44000158116218,80.00556676459381,80.47721995137034,0
26.45215651004942,79.99375457533162,80.45308327832531,1
29.076001700509295,79.97482896865128,80.42712979702738,1
35.860584038050945,79.95857294942869,80.40143953042701,1
36.864186208880625,79.94660949195149,80.3755730309956,1
43.93300304078883,79.93621362196652,80.35098369770681,1
49.462636300804995,79.92448248248866,80.3266307314255,1
50.33472247527154,79.90844535196331,80.30346434039383,1
63.54105438901399,79.90389171743615,80.28148040566417,1
58.13773663948824,79.90535358801,80.26226064826389,1
61.21731498348227,79.90887495030111,80.24517186092018,1
67.09135451537207,79.92038593182475,80.23001745392274,1
72.3964498540135,79.93950483351172,80.2177454414188,1
73.73557499009276,79.96398193366562,80.20545667645749,1
75.14469031098398,79.99476449776157,80.19418083001518,0
83.19773527947538,80.02261447080116,80.18286313121735,0
89.16840187711558,80.04849862122259,80.17110371894695,0
84.9396748353662,80.07049681309846,80.16114335372525,0
85.48359360419414,80.0946411714399,80.15175770453722,0
79.0149908302341,80.11588251522653,80.14407532846813,1
78.7967211967496,80.13922886984624,80.13903172500972,1
84.0745871323743,80.16666151630837,80.13532921288416,1
76.79815541022008,80.19617684431475,80.13182452865686,1
75.33056890998162,80.22454253585417,80.12905542760026,1
76.57579041068453,80.25650667411907,80.1293074820161,1
71.55920373012343,80.28573897552498,80.13147428274898,1
64.72265287163286,80.31289947509165,80.13176889851134,0
63.08720714960976,80.34370319604605,80.13335991169222,0
62.580109478001525,80.37236527532716,80.13841002143093,0
53.72100045665978,80.39751458019624,80.14349741399946,0
60.852845103056175,80.42158063716548,80.15047947586824,0
56.76924053609605,80.43506087661521,80.1572453314945,0
46.54099788069375,80.43940896910911,80.16207201953578,1
47.75776647049386,80.43938195535662,80.16661023018942,1
46.835350563303344,80.43904802899573,80.17322971219812,1
46.86083780882233,80.43574932430997,80.17948356597368,0
52.2677139786676,80.43389768982937,80.18409032309259,0
56.85411781881407,80.43610088714463,80.18889711619276,0
50.18771407430168,80.43735711538966,80.19733683074541,0
47.17792129928614,80.44043493575208,80.20683055125677,0
39.70794929695161,80.43827660897064,80.21493165648269,0
32.85262438854885,80.43297915889528,80.22229149209561,0
23.716867199074557,80.42572523795546,80.22818592188113,0
25.911788081654535,80.41883930012185,80.23551723958136,1
20.526830377704343,80.40498903982078,80.24353738086133,1
21.88504289200941,80.38928529026546,80.24835710717353,1
23.786637522912017,80.37289391368496,80.25297854983428,1
35.544083572846276,80.35879164793434,80.25811804228194,1
38.986302346703944,80.34619173743788,80.26444197606688,1
37.57867916551162,80.33448164189915,80.27063635317683,1
46.33512348489326,80.3257087383138,80.27853626535624,0
34.3981873515162,80.31385104809837,80.28528392060119,1
42.308184936298815,80.31059229280632,80.2963773491978,1
46.38595078270375,80.31171755998989,80.30786807441389,1
50.895948177388846,80.31166306193397,80.31925114019111,1
50.59024018501757,80.30822798648535,80.32828931178123,1
55.3497942266753,80.30381758025858,80.33582436220057,1
57.18733204383264,80.29914306260636,80.34517620044998,0
64.02120124071934,80.2952812477335,80.35389264286435,0
68.93453651194906,80.29450236636742,80.36249006259973,0
65.46027977615594,80.29471024312558,80.36926577361247,1
57.27144545590367,80.29456410452464,80.37196276117555,1
54.450906808060594,80.29975528199385,80.372286101274,1
57.672375197607465,80.30696991309243,80.37271243135208,1
52.609770252983324,80.31696094545985,80.37241595994064,1
70.1793854721143,80.33330670095212,80.37263399923393,1
63.46156414279447,80.35016818235628,80.37364637428777,0
60.075241294291494,80.36367916301137,80.37539098224711,0
62.89525450404414,80.37636834051142,80.37713284369549,1
74.9898014173935,80.39316222735297,80.3815482380274,1
67.61385349032403,80.40154305642986,80.38346193998969,1
57.88658632879719,80.41278715664225,80.38373417673473,1
53.16997863914623,80.41699524854872,80.3847047108914,1
62.92228524927641,80.42915239311041,80.3897120173164,1
65.4703063131906,80.44013579290731,80.3927027877064,1
70.40496525135798,80.45359181361206,80.39543044701605,1
71.5346994644388,80.47044939615448,80.3988443306257,1
72.06359903380357,80.48850165596708,80.40309558441841,1
72.46947142157403,80.50507016839472,80.40697460009139,1
71.70109595889758,80.52324999600782,80.41278422892438,0
64.67177941437456,80.53991611750007,80.4165999657463,0
60.889464480410474,80.5570982019281,80.42077769130071,0
62.31117429983515,80.57740572469447,80.42748480350815,0
58.636837866307836,80.59527399049708,80.43506924540827,0
59.03982945977716,80.60905678838314,80.4404194636956,0
58.06542045667651,80.61380845854595,80.44385765292832,0
55.84326294965331,80.61584064710652,80.44642355719863,1
41.70997309634754,80.61788196314231,80.44810341264619,1
45.50058798701911,80.61926965219264,80.44989785841668,1
44.583028284078324,80.61566816142492,80.45164152829656,1
43.29159133172502,80.6176548853546,80.45521325054325,1
35.4572758891635,80.6218326455336,80.45927557139007,1
41.904941517716274,80.63096261745818,80.46679966269248,1
48.66277925400245,80.63815374864112,80.4774377967241,1
52.173033203809595,80.64491977691607,80.48867508254453,1
57.98395146185825,80.65362887907787,80.50116788254103,1
54.79661296299389,80.66163135079168,80.5143393054684,1
55.36385429862737,80.66692959430536,80.52635076296681,1
65.70122069184883,80.67379186761441,80.538014652162,1
77.50870990024906,80.67844196710924,80.5503683590084,1
80.6187623435936,80.68542500671234,80.56048647310573,1
83.24456329129758,80.69914089441576,80.57489362982767,1
82.77676571074659,80.70975709079161,80.58715072270225,1
82.27647286160936,80.71909210497576,80.59801906340262,1
85.44000678110709,80.74041903925304,80.61192185462323,1
87.86226479296221,80.76563383657158,80.6268199929628,0
86.72444133983795,80.79428834626088,80.64261186359956,1
82.74659117324121,80.82350514679554,80.65784824632186,0
85.5790099915944,80.85079488957902,80.67210331515489,0
85.52359445752444,80.8806004616971,80.68608076642842,0
75.82728209651975,80.90642447489446,80.69989894325082,0
77.12998621584772,80.93559157872389,80.71568656106977,0
61.47616846727271,80.95511345528712,80.72894293200977,0
52.073876924981384,80.96219564858325,80.73952809092044,0
61.56512442376014,80.97645946254949,80.75247448938039,0
50.67121995279599,80.98510329716436,80.76188652102591,0
42.58436511952449,80.98611822915761,80.76871932418892,0
40.07857979314738,80.9827057244589,80.77396138754581,0
36.96726170772567,80.9828049149092,80.7805892819211,0
32.92969912183483,80.97556403545572,80.78332908224951,0
29.899206820434742,80.9667611848648,80.78657372447968,0
26.67370526583707,80.94899506280035,80.78937679229091,0
26.45524824070276,80.92969244488302,80.79222960123597,0
23.896962092861713,80.91023075504008,80.79045040817448,1
24.413454316070784,80.88130388526005,80.78838909156433,0
29.577743378357766,80.85873571540496,80.78887755367997,0
30.523703503685724,80.83147534824163,80.78702224443441,0
32.73322495051464,80.80331660721217,80.78377422681989,0
26.072185065584677,80.77667029437147,80.78074336554559,0
26.569751893995132,80.74541067347764,80.77494503741634,0
33.1624894156259,80.71845940976355,80.77131626015621,0
35.376090054919274,80.6882854239079,80.7681614498617,1
27.42319490534112,80.66501790986821,80.76398780607927,1
32.32396488685035,80.64560594532159,80.75966087285023,1
28.980858786285694,80.61368128297362,80.75432428721658,1
41.96906295804136,80.59002843995025,80.75237451358764,1
52.77368712049628,80.57938750153602,80.75413806596072,1
53.92055868187957,80.57215580374103,80.75567092378529,1
52.09636001899511,80.55640630617782,80.75544394351519,1
50.69924021281833,80.55130276596007,80.75758292406356,0
62.85231040288543,80.55538707584529,80.76166660067597,0
62.5219425193858,80.56362920693127,80.76609541684996,0
60.43285304130945,80.57204859334803,80.76866399159192,0
65.06719452880233,80.58161483343753,80.76783484209304,0
55.31007076335631,80.58732570913385,80.76535146445144,1
55.77745761791689,80.58611606185632,80.76187242679134,1
59.971784357611725,80.59430470657045,80.76009158674592,0
59.714341527437746,80.60227800282811,80.757913590229,0
64.26296997788037,80.60580429484625,80.75354833643833,0
61.93894779274486,80.6140905422269,80.74920446746341,0
51.020005541182435,80.61865732554581,80.74460918768959,0
51.536793219697806,80.6242975297384,80.73822410399075,0
49.83909560051807,80.62464241087298,80.72994193411184,0
38.0554369661774,80.62199701073686,80.72082283515468,0
30.62200433583152,80.62832611337238,80.70948711686431,0
32.0009053237204,80.63082616487274,80.6984514449081,0
30.24537015338099,80.62415673251401,80.68608542046196,1
31.301531822863765,80.61844200297811,80.67364566625834,1
34.979903891197125,80.61366703151934,80.66059280029131,1
33.19067629398741,80.60151606594818,80.64594916576398,1
29.09287318145401,80.5870080514434,80.63390003129554,1
35.34424201980947,80.57556600534467,80.62208518749827,0
39.51802155320339,80.56476171644113,80.61252329605351,1
36.9415525860817,80.55468039042236,80.60482873882869,1
40.13612186017921,80.54997586494007,80.59475802540767,1
44.090084637492886,80.54777910164529,80.58694274858371,0
46.8244898996837,80.53747386158565,80.58063383971712,1
59.56954119474725,80.53049170603046,80.57702798285762,1
57.36116934291508,80.52800506061337,80.57162839472,0
54.56641954097366,80.52306820491482,80.56820613524705,0
56.84885962108478,80.518711949385,80.56538949349768,1
60.946196163388464,80.51728062697765,80.56553832966166,0
64.83473873435744,80.51945396079127,80.56584654047514,0
65.60145446353107,80.52271334562502,80.56581587138866,0
55.22678171445757,80.52235888638779,80.56590911731541,0
55.132093364681744,80.52410921785098,80.56460084588652,0
43.99010496017842,80.52317187583839,80.56276403150066,1
41.05404797727703,80.52070605745845,80.56060144635686,1
47.99550563854115,80.52364040455208,80.55938084436356,1
44.206421836361926,80.52855431882429,80.55920662390264,1
50.30663525886154,80.53060166553789,80.55875693360527,1
51.61669368297303,80.533629694299,80.56022289565472,1
54.500009169313806,80.53960346843107,80.56235751947865,1
53.45269783733863,80.54369315454838,80.5640636225194,1
55.605959744151356,80.5473894704369,80.56824130039298,1
55.9258960224953,80.5524348518049,80.57190531332557,1
61.05687409298966,80.56308796619885,80.57411402558226,1
65.14830434749133,80.57067829148802,80.57643697795643,1
67.60188101790173,80.57695620023401,80.57984835234247,1
65.6428222594328,80.58494627268007,80.58166353793506,1
84.63478293924825,80.59892440320367,80.58280442444104,1
89.9436497133934,80.6136444990776,80.5855444465202,1
89.49636107318095,80.6310937356764,80.58946459740648,0
80.69132601298278,80.64730465924926,80.59209180171335,1
77.73343717692227,80.66386544108634,80.59652501009641,1
72.81294843595904,80.67722947577889,80.60104621145554,1
74.42246224960486,80.70036897733613,80.60518973980693,1
76.12361913295125,80.72387904816347,80.60924186449098,1
80.1641345041665,80.74800159148269,80.61625976301814,1
73.48134343114836,80.77081744244471,80.62189738398978,0
66.77215187355648,80.79116562621303,80.62776025387215,0
69.08010497675662,80.80957103917262,80.63433229942841,0
73.83207319788193,80.83018002982708,80.6445725670603,0
71.76100992124299,80.85152167180969,80.65587348694854,0
53.42378137993317,80.86498505552701,80.66290487725485,0
42.88208452459718,80.87047361290362,80.66776429253792,0
41.03400909174962,80.87389268248839,80.67400840557201,0
39.756306120217964,80.87283293528014,80.67819335087724,0
37.986723861041554,80.8691531948899,80.68204281769069,0
38.69393183892825,80.86464896109555,80.686916695994,0
25.77093966812022,80.84783550588615,80.68713540621813,0
25.51849014916141,80.82634720826054,80.68585692768656,0
16.781093822498946,80.79886793659297,80.68310708546721,0
15.75398067328453,80.77006170443613,80.67824432731885,0
15.440091102963308,80.73956898853233,80.67236225953332,0
11.84320568846411,80.70636501964539,80.66448057865558,1
5.248493383069842,80.67007795646057,80.6582313777569,0
12.461373266801914,80.63840406910155,80.65240680971944,0
14.488805124591423,80.60150175020526,80.6456584388549,0
15.60868222594533,80.56453469370571,80.63848397950613,0
13.123451430495479,80.5278280813368,80.63140670665288,0
13.522258716830322,80.48601004846893,80.62182406802492,0
13.083764008727215,80.43498353535092,80.61078439688416,0
11.524340144129198,80.37937923933721,80.5985398444334,0
12.507014133417144,80.32782539372764,80.58509148019077,0
22.597674871021994,80.28654363122392,80.57273805788711,0
23.367525736960076,80.24209189172419,80.56157641192634,0
21.220383502539576,80.19301282165468,80.54711605655571,0
21.52483084050435,80.14485522577445,80.53052874617964,0
20.830510528545673,80.09159238237525,80.5121319214144,0
18.72016379957452,80.04641173706862,80.49345943483043,0
11.827006933885428,80.00229942651488,80.47332482057291,0
12.48736938168841,79.96211192778023,80.45211046920689,0
13.006226965910841,79.92661217997673,80.4314119374902,1
13.049568634842828,79.892501589587,80.41040710719336,1
12.729024738641414,79.8571909395159,80.38638301373997,1
13.968083399208723,79.8201372927144,80.36105110836314,1
23.25186876828539,79.78248320855117,80.33712877654467,1
36.98115429319845,79.75177215317291,80.31558482003045,1
26.792556532529616,79.72221615713477,80.293391933288,1
28.24002879028589,79.69357612928798,80.2692673970866,1
43.172644175556385,79.67008279053377,80.24439938460739,1
55.58248794262213,79.65547702664709,80.22053771327244,1
63.462126079979846,79.64458481930367,80.19745190845518,0
66.21438654735732,79.64014982923496,80.1756052354502,0
60.6289151608418,79.62787551369193,80.15299647305234,1
61.76973428367895,79.61886008896263,80.12897285657695,1
65.58522738976276,79.62233136935453,80.10649698503215,1
60.253076978453166,79.62355667148299,80.08075077817975,1
65.63489105211133,79.62817360890156,80.05507438799712,1
68.98191220820189,79.63564492342138,80.03125115371377,1
67.84062773118507,79.64523562308935,80.00759065413959,1
65.37458570308081,79.6579551523815,79.98322051822865,0
69.57790609601014,79.67351455792232,79.96020909193525,0
68.22389227073951,79.6891702944565,79.94008120276516,0
72.51895305579053,79.71648780930794,79.9247886923017,0
69.21151600541167,79.74448076152305,79.909286339977,0
56.32268780884898,79.75946599618496,79.8917820009066,1
52.88375130679452,79.76777680532301,79.87503426420369,1
54.31284519532084,79.77534830613635,79.85767167130432,1
55.88585665761891,79.78587088436541,79.84448154847831,1
50.65778011836199,79.79335924147851,79.83120419789458,0
59.9876890258878,79.79959684056152,79.82082927485985,0
64.1745382560125,79.80916845817333,79.81309460995006,0
56.54664405829492,79.813336125575,79.80511209026729,0
53.75391863076867,79.81967953070735,79.79832227747711,0
46.38800701880728,79.8224957122427,79.78993995888979,0
43.290660134914084,79.82280524476384,79.78025745529706,1
41.69630606612545,79.82473877859103,79.77004558953406,1
29.046441335617345,79.82858353580784,79.760693924838,0
27.272458589210032,79.82851608820368,79.75152635646053,1
38.54269589314719,79.82599775251667,79.7435857357587,1
54.09012326194643,79.82671777904798,79.73991421570749,0
54.764588444458205,79.82357638420896,79.73788794988394,0
40.34082302171228,79.81535304466306,79.73509226313932,0
47.91424096233821,79.80333778423298,79.73150635350532,0
47.45221260934857,79.79410164829795,79.73009024260651,0
36.94456490100361,79.78831946622444,79.72990465873453,1
37.91806438882893,79.78120471167725,79.72957405856481,1
40.67710978368065,79.77697617298568,79.7318251875485,0
46.13607780203552,79.77188054019948,79.73466906973066,0
45.23540063729956,79.7682101602883,79.73756849140393,0
48.68520924293517,79.7610874779904,79.74041949494391,0
44.343011763999094,79.74918966481596,79.74212560388575,0
37.380164294283134,79.73284719239659,79.74125033139111,1
46.058774999884925,79.72347640080082,79.74483646199108,1
35.224551305327765,79.71349661480042,79.74728368772419,1
36.93026418669223,79.70348908005329,79.74865980389791,0
42.235264868977,79.69546925185963,79.74752442900875,0
41.669056103473324,79.69006891331995,79.74783502731206,0
37.07590738128562,79.68590307092221,79.74845713311421,0
45.792853658427816,79.6827114894682,79.74863721533248,0
38.08399140685367,79.66459050026228,79.74355960515356,0
33.13982044312242,79.64497207212098,79.73804285101086,0
34.34773116995076,79.6338920235431,79.73258914086259,0
37.73049338418993,79.6216540229365,79.72901775720315,0
35.026190123130775,79.603172847822,79.72381534615026,0
33.47233485606631,79.58599335319877,79.71536945227221,0
40.845284659828316,79.57144962513232,79.70873124002455,0
22.251896393860363,79.54629956860893,79.69907557143145,1
21.95629227606247,79.51584172044343,79.68674778853948,1
30.356085360769583,79.4909727597857,79.67586334608248,0
36.96018216353703,79.47062885898484,79.66548897758524,0
35.28517919413359,79.45482295373479,79.65464896221074,0
36.0750107807042,79.44763221024638,79.64463509770707,0
31.50243197860003,79.42773190386387,79.62933409981346,0
35.336828803221564,79.4085691924478,79.6129190600941,0
36.601386570479264,79.38790970327305,79.60003728673315,0
31.718304071440585,79.36547815424294,79.58660496857672,1
27.93173475082834,79.33908126965477,79.57332821271943,0
35.88266479294762,79.3164316285673,79.56068143079497,0
38.53389986694157,79.29157724740563,79.54792441770331,0
37.07034917582211,79.27402785959679,79.53333201276767,0
49.79995229993783,79.26146865041255,79.51896292790656,0
48.713712500044515,79.24204961271778,79.5040745357197,0
37.29117094134941,79.21789154523813,79.48830256301545,0
26.317914811570915,79.19442774485893,79.47258815919675,0
23.23339574003738,79.17615203808576,79.45670816960097,0
20.18302684861696,79.15638464932397,79.44138958831772,0
23.975426080630555,79.14484501674514,79.42558016380636,0
24.19221188388336,79.13484283045622,79.4092784854405,0
22.21181311193577,79.11588827153754,79.39181955369082,0
28.994854312642914,79.09427334690297,79.37251120472725,0
29.036900637931325,79.07004658162806,79.35323704117837,0
23.420259438735243,79.04679739735303,79.33721283878306,0
21.978132235068983,79.0262276351377,79.31849004017536,0
21.235034877210026,79.0059077515331,79.29764150138816,1
14.233579536724832,78.98582578196311,79.27903981302862,1
16.62302009798988,78.96761865688069,79.2611705466581,1
26.686743773759616,78.95289739333775,79.24369670086026,0
27.81219820194569,78.93270592503957,79.225011584731,1
34.030178139914696,78.91658435429886,79.20727409530755,0
38.564705161742815,78.90272460972344,79.1899868654609,0
39.58250257758853,78.88618627898367,79.17376157357364,0
38.192360122145296,78.8711419403893,79.15939243491678,0
49.41572207391806,78.86114087309541,79.14336835193329,0
39.995340241478374,78.85055130673985,79.12741003597252,0
41.6165375227462,78.83971902877707,79.1112001490905,0
36.31753164777144,78.82980663236361,79.09512454051931,0
41.50047252949149,78.8202314275479,79.07764516949754,0
43.38949846605934,78.81152900365691,79.05952885853438,0
39.485628393287996,78.80361687886058,79.04018170944777,0
32.29161628960334,78.78869737462263,79.02215395447138,1
37.26499918354178,78.77925867774033,79.00695168342612,1
37.01133461939132,78.76631978090141,78.99018394172639,1
30.729972672883477,78.75648461535984,78.97242227714469,1
26.96767039610674,78.74832434724652,78.95570210115797,1
36.17497941038598,78.74430821310749,78.94236575699212,0
51.998512908955725,78.74678481248695,78.93130462159995,0
48.93997215039735,78.74738794076276,78.92413204972178,0
53.31736707976368,78.74885302263058,78.91821610560586,0
47.26305059605273,78.74442388702421,78.90865454620295,0
41.34938834306451,78.73426792417692,78.89544249153772,0
36.243935662004986,78.71887179440411,78.87938110984138,0
35.12281473609606,78.70397542001015,78.86192971882228,1
32.032427497639276,78.68013386943501,78.84432913816174,1
41.07859411877699,78.66259539895343,78.82902051857475,0
36.56872773826845,78.64645151620144,78.81461687426184,0
37.26853556254934,78.6296879860905,78.80080847325834,0
42.74118392510813,78.61705925052794,78.7888363618468,0
39.98538496713118,78.60229449927434,78.7738740068172,0
33.06053343644433,78.58754602610382,78.75856922092706,0
19.45804621862112,78.57182449422203,78.74127260832148,1
22.77725804259093,78.55411292697276,78.7240093940502,1
21.821053827683073,78.53541071559596,78.70752838287765,1
23.616425429780165,78.51716061320636,78.69212990433198,1
31.549250745018455,78.50247269387037,78.67892008076255,1
42.61525405920242,78.48863515067515,78.66735900202787,1
45.175918306740485,78.4686163325713,78.65619729489889,1
55.613047643080264,78.44929892314516,78.64591361228179,1
46.60574226925983,78.42764167201634,78.6353356422299,1
52.14275468191462,78.41480601867232,78.62822164505685,1
52.511891718363216,78.4059931079195,78.62013039594433,1
48.08213673926542,78.40300941850064,78.61256624459041,1
51.16312024260357,78.40124819472041,78.60371003776925,1
60.5141266039641,78.40981142706009,78.5977626549307,1
74.34210985521642,78.41561872326149,78.59290490726612,1
74.31157435450832,78.42248989891013,78.58928252104064,1
82.40076187082407,78.43126358022587,78.58626644259641,0
80.2920213303764,78.43586193014963,78.58202217657156,0
80.13546127839533,78.44674598930405,78.57949003252298,0
77.48485129843546,78.46128865815761,78.57645094247056,1
69.06954357093827,78.4788669714903,78.57172955302822,0
60.34741819461472,78.4909105778902,78.56589911361282,1
67.49418041014961,78.50595959632375,78.56145544525143,1
64.219189885676,78.52381237641893,78.55719850566139,1
71.8075394604905,78.54368445993505,78.55617334204062,1
59.81593966033863,78.55366637089132,78.55293793887357,1
62.23729815815942,78.56382039416182,78.54980279961818,1
59.49658565578833,78.57430913816229,78.54754469652755,0
59.893244093960604,78.58856298462099,78.54614923461553,0
60.88599746888609,78.6007127512956,78.54705999403087,0
62.024747547496965,78.61544907030374,78.55083107421677,0
57.76598332428971,78.62682940521145,78.55159453557886,0
49.06266981028539,78.63629310116573,78.55169936587497,0
48.913108985541356,78.64297449165545,78.55235860544896,0
57.59640906972247,78.65214682766694,78.55443389943429,0
63.65631095580745,78.65937941711555,78.55531100264386,0
54.70433866196174,78.66053259874415,78.5517655570993,1
46.489201975341814,78.65908631781694,78.54670152739324,1
41.88136145019772,78.65689062327303,78.54270507277997,0
48.12267953146082,78.65251209285172,78.53968622480156,0
48.61679732953554,78.6515276631613,78.53863344862198,0
51.50013122170676,78.65700400954886,78.54115199967072,0
44.671670193799415,78.65823149078672,78.54315787356205,0
37.635227996019964,78.65530404280968,78.54726657501126,0
31.828815756974294,78.64557441516664,78.54936494852592,1
37.50047544744048,78.64255403609617,78.55137894683146,0
46.53085113395603,78.64188229731715,78.55468052410883,0
38.5591521966271,78.63501902293274,78.55472860548947,0
32.285692272498025,78.62720809815379,78.5561146741673,0
36.973743805899915,78.61895088028186,78.55962193570208,0
36.034620955475916,78.60280415916297,78.56322294019314,0
39.663194323527144,78.58955933842951,78.56577310016155,0
30.9280087277362,78.57569515591702,78.56781314200339,0
30.07728471921196,78.55883729405684,78.56902927778916,0
23.648075737507313,78.53102072312956,78.56585311113795,0
25.489484421832813,78.50710979420307,78.56270086005503,0
27.230528656470653,78.48705167484673,78.55913969400946,0
26.403507861765107,78.46776079914953,78.55408627779498,1
29.40260706380205,78.44732274972964,78.55057750386528,1
25.224406334731157,78.42472164785804,78.54365247647586,1
18.90477457665969,78.39819669783478,78.5355148845881,1
29.851608256201956,78.3730399315539,78.52916420489203,1
38.024427571463946,78.35732335899282,78.52558793927102,0
33.00475276822304,78.34105544183313,78.51976418092046,1
42.19575928245683,78.32977222318625,78.51502634849581,0
43.77622974644775,78.31848779469885,78.50977810514695,1
43.20167734358763,78.30034673992728,78.5023137879894,1
42.39280462686054,78.28395348018871,78.49396522550511,1
56.081440333468194,78.27243140768478,78.48638884151961,1
46.224120143897025,78.25371328383885,78.47659178597456,1
54.78909909184059,78.2479603488338,78.47086029113055,1
55.59318003751571,78.24061960230765,78.46565670992852,1
58.820697108420674,78.24204598285799,78.46224769661708,1
61.437051673443044,78.24452489706934,78.45731428604931,1
67.65178250634497,78.2573531358336,78.45132058149738,1
67.43303168755767,78.27020289597263,78.44931547008757,0
66.57583046437257,78.28853411060798,78.44902518058792,0
66.598217546402,78.3075536934693,78.44738409991778,0
60.58482924077376,78.32285296590986,78.44429349638084,0
59.33487156416204,78.34115645069502,78.43982995623561,0
59.769360848075564,78.3589311851715,78.4329077305352,0
64.29362016074666,78.3727372591601,78.42752734647148,0
56.368615501299324,78.37830981088482,78.42239462315865,1
65.96106138165527,78.38913211179215,78.41822722897514,0
56.02432612257272,78.39482380531845,78.41209713955642,1
50.88275864034244,78.39393872048882,78.40360182649626,1
50.18128136196491,78.4018717268877,78.39884943924682,1
52.14565287818265,78.4132834620004,78.39564408317848,1
48.98884993512911,78.41993277768617,78.39160570328485,0
47.63887019910654,78.43448123363436,78.38937944228763,0
45.13253886404724,78.44462611607725,78.38809967229693,0
44.40813350207156,78.45416826005861,78.38452241013242,0
46.115240633085776,78.45734443802876,78.3818928755139,0
42.03504903433591,78.45798734456028,78.37838760674956,1
41.45977954862358,78.45153237724634,78.37370376632926,1
43.089355161925575,78.44251112792767,78.36929830682017,1
48.00436359833825,78.43035119700217,78.36441274046194,1
46.53573939327134,78.42241360878108,78.36234193425712,1
54.37958449153603,78.42119111894678,78.36188670469804,1
66.03709863956706,78.42265589356109,78.3613119615473,0
64.32724643693604,78.4309158832927,78.3641524201871,0
53.11294381246318,78.43189831030534,78.36446293522182,1
51.731564578145026,78.43449191505113,78.3659133268123,1
51.23782964657078,78.43671680420714,78.36937903303527,1
43.33571080572091,78.43706392617639,78.37451442077514,1
46.447360562301235,78.44316003911388,78.37802192446058,1
50.38969857312433,78.4464954389943,78.38262694490584,1
57.06704237870078,78.45064596908148,78.38879815115126,1
66.44049078954863,78.45586322530441,78.39502189351478,1
66.50990994397637,78.45952783683498,78.40330191787841,0
65.83186375803258,78.461023353319,78.41323033449062,0
54.81724241349998,78.46031668000643,78.41943310951343,1
51.43200687896205,78.46261351114951,78.42400893637658,0
49.014225006610566,78.46929598632002,78.42968382454431,0
37.97257201574083,78.47601676694232,78.4322015838317,0
54.88683292910696,78.48525607842657,78.43600562031125,0
58.99987529860941,78.49494335835428,78.44225138783273,0
47.33128027521095,78.49791032880572,78.44792467370392,0
48.990089093567235,78.49429158286708,78.45063077477096,0
45.913628042543756,78.48647179306911,78.45441536523941,1
40.79070830570183,78.4741682956789,78.45463559892512,1
39.93400384272733,78.46931017675301,78.45593916499996,1
34.37744353881803,78.46235618374949,78.45403740716891,1
37.37839591535069,78.45590953440497,78.45393288796951,1
41.747342726777056,78.4564092799101,78.45413687840576,1
50.16940706045484,78.45856503584356,78.45336678040894,1
48.08716421528428,78.45922958897681,78.45090513625338,1
50.97729217419219,78.46144786072645,78.45035581805413,0
56.645813158999346,78.46164121795205,78.45053719433164,0
46.456790159909616,78.45767826553023,78.44991064381249,0
49.786313139086275,78.45688491132947,78.4524118249538,1
58.71009422267855,78.4616842055811,78.45501188808184,1
59.53902149888655,78.46274256893017,78.45778203959472,1
60.47934565399279,78.46159470078388,78.458668860141,1
59.36803605716498,78.46268606962835,78.45934648955564,1
65.69265867084783,78.46579749571482,78.46474913040166,1
72.01526668932976,78.46724477117031,78.46840060554578,1
69.06391794061607,78.47352284975443,78.47202042880554,1
67.93802405989241,78.48463303433026,78.4765108774286,1
57.09262478894917,78.49369096798272,78.47809925897876,1
61.39564212029251,78.50796650585261,78.47997175483526,0
54.16746002169324,78.5194122419432,78.48203675775379,0
62.60261375506486,78.53967437432958,78.48696938168924,0
64.87491615258446,78.55541728836948,78.49290486549319,0
64.40415976695216,78.57114766330506,78.50198299282926,0
51.4933834503913,78.57707709266779,78.507193166305,0
49.66596806354892,78.5791749648638,78.51043464339801,0
50.11523946858192,78.57740683169409,78.51235310721933,0
45.80083663692505,78.57013375470684,78.51011424863567,1
40.13013137080261,78.56701977885682,78.50765619793079,0
41.45861960769243,78.5611499589114,78.50450545520128,0
38.047191868112684,78.55117496549472,78.50272255015759,0
34.81471405460999,78.5432992280514,78.50130496479481,0
41.78047053887909,78.53926440548304,78.49968790065137,0
31.409774347570462,78.53094997211875,78.4969009079326,0
30.051694319865774,78.51229843915516,78.49240449041815,1
20.01765129364867,78.49258588607988,78.48683678438002,1
20.62280347762271,78.47245157685728,78.48074267191586,1
13.92378432852928,78.4498660150985,78.47411199334623,1
24.123935025307617,78.43388372464402,78.46784161410237,0
30.448720824205083,78.41594787383045,78.46194156303984,1
35.85427902629827,78.402105033355,78.45875209909323,1
38.17258867709318,78.37815348684941,78.4531853719692,1
35.204859145389165,78.35563935357196,78.44744221239397,1
31.934062174947925,78.32889681610125,78.44313501249282,1
45.073540294526424,78.31458870307726,78.43892621616527,1
46.089380740737525,78.304519577423,78.4342651310255,0
38.65396598756921,78.29327706407533,78.43049980132717,0
53.92862082445719,78.29107651188998,78.42882822024484,1
65.69386625582987,78.28875707745674,78.42857031168583,0
61.939454145709774,78.28288129556086,78.42799065515406,1
59.3992501832094,78.27902129717016,78.42660699832444,1
57.623287342179594,78.27417345498502,78.42603187328903,1
59.14250550550381,78.27064162531262,78.42558073701443,1
57.926507161166775,78.27433816031626,78.42407246009505,1
58.067935852446034,78.28429943109393,78.42269824851832,1
64.3127429919011,78.29376208044184,78.42064978096603,1
65.11081670588445,78.30420030420706,78.41784364930808,0
71.99728407075801,78.31891122252082,78.41701999517373,0
64.03990216787017,78.32970660633514,78.41665295042434,0
63.78588879077116,78.33936960134083,78.41493543904438,0
58.8799228479676,78.3425743978445,78.41110817599858,0
49.94058814214875,78.34773128663154,78.40718085904975,0
44.79981551925047,78.35138722513196,78.4033592221332,1
43.609625412376325,78.35268266949863,78.39913365244092,1
52.6275813099653,78.3535406686747,78.39402348534922,1
50.07778405559341,78.35122770654701,78.38785830517618,1
47.880456104636075,78.35347441996217,78.38248042941026,0
47.794548060125216,78.35363631290782,78.37642953167585,0
43.88476637575096,78.35212951408667,78.37194573012741,0
54.097547083686564,78.35785696942104,78.36794684058144,0
42.826891286656604,78.3575903933422,78.36187825888406,0
35.35450994066714,78.35774731306229,78.35326104878213,0
33.20991623638709,78.35067799499546,78.34368501966482,0
27.892009083091736,78.33684047794574,78.33034958595131,0
28.252612900927303,78.3169943022692,78.31866513235886,0
30.04672833215608,78.2987486748911,78.30847926497695,0
29.15955252905124,78.27719048798339,78.29775711182383,0
36.421220371680214,78.25434017594789,78.29070256367015,0
28.68320116876589,78.23195585471055,78.28262738076583,0
29.98367430329182,78.20819694704768,78.2737542342989,0
24.04162425537544,78.18771555020435,78.26572440988244,0
22.507557420485668,78.16932640101926,78.25759172823689,0
21.45464010146732,78.15068018193418,78.24792553271365,0
8.639411225599986,78.13270266279474,78.23983472871132,1
20.46340559639718,78.11366840159045,78.23457147032335,0
19.565378922849987,78.09531344951067,78.2289493305485,1
21.085326322318522,78.07329929003548,78.22281951468155,1
31.143998908169706,78.05203770690458,78.21729820839829,1
40.098042274876605,78.03167290128123,78.2110614007823,1
35.17771109008612,78.00386443847177,78.20311346643796,1
45.08225238931261,77.98549399429065,78.19523384325831,0
42.32287581469528,77.96941412097297,78.18976530243155,0
45.0371163641127,77.95727050863502,78.18433748169005,0
44.37407310240183,77.94991319800639,78.17875613871338,0
43.85095444537166,77.94501797846455,78.17083684251378,1
43.24086145591987,77.93944011171384,78.1624474786933,1
38.973422985090316,77.93228849068713,78.15336168246854,1
43.23883143744258,77.92221736864046,78.14315890637035,1
42.480342613610176,77.91559157491919,78.13336117975082,1
52.63658850461605,77.91270989454986,78.12568567389451,1
52.654331984834684,77.90964018939445,78.11797196677216,1
56.31885719591963,77.91019509788347,78.11200038539627,0
63.408991101066896,77.91800384259254,78.10687041962562,0
67.37320078016133,77.92747783615188,78.10109059904556,0
67.15339164615602,77.93602909567338,78.09526333615511,0
51.54937380776455,77.9394615394162,78.08722911413824,1
45.40736468751131,77.94016675738762,78.07720609595378,1
47.52041444344787,77.93981794262928,78.06566089644167,1
45.1907416628992,77.93533984337526,78.05331469559836,1
53.785428711210216,77.94000022164089,78.04336571455798,1
60.77433918099653,77.94417319695494,78.03587336290248,0
63.58288393591563,77.9496847129377,78.03054667295402,0
61.040776778504565,77.95455059418899,78.02560282931286,0
54.03404452169315,77.95763007816582,78.02073510218027,1
53.49071528543325,77.96035899946156,78.01356417482853,1
50.5829177136788,77.96451020151446,78.00776047668026,0
39.74529415315602,77.97050856778283,78.0001753415968,1
44.15338434939803,77.9787223549083,77.99319332317053,1
44.24208881490523,77.9863780019667,77.98706057490284,1
54.50811118405655,77.9913182629071,77.97907019128894,1
51.517993446050134,77.99175149776639,77.97163640854181,1
58.089059025293,77.99421538169504,77.96658761284937,1
62.204783566895934,77.99006656642436,77.96262584819718,1
64.35887081522458,77.99536862846045,77.96450185925146,0
64.52768671459273,78.00055166408825,77.96868628088275,1
60.23904456257684,78.01214199907625,77.9725864438123,0
61.93218058091952,78.0290557248303,77.97795219069253,0
56.91799161268048,78.0393714262163,77.97967339654903,1
62.5484896206872,78.05603032524388,77.98294448381168,1
68.18184886928404,78.07436967230885,77.98983480466245,1
62.29260177838866,78.08430311326681,77.99450838812749,1
59.672664309313106,78.09032286881947,77.9989452600741,1
57.47191121021639,78.09610383934046,78.00377229227537,1
59.684287664750556,78.10775401968081,78.0107556449347,1
71.06363201851394,78.12761842446108,78.01914418397678,1
68.61852895566913,78.14788977790194,78.02879100803676,1
73.2695033064739,78.17687201403169,78.04160443119527,1
68.78124544772118,78.20429642543733,78.05409681058363,1
68.36395873266395,78.23091933843571,78.06675914976461,1
70.0149161881493,78.25855832417419,78.08094774556992,1
71.49371956720279,78.29572906536423,78.09573043697124,0
79.5181096403997,78.3262231436075,78.10931122190317,0
79.22213845796387,78.3599555457338,78.12369986303668,0
67.2672429488731,78.38135278456171,78.13707769387358,0
78.44601554427858,78.39981441940799,78.15060485726012,0
75.98118160843597,78.41693175810255,78.16358310236778,0
76.88532271506158,78.43292430940664,78.17820651818035,0
72.68957674078692,78.45423788707289,78.192481603922,0
69.9464111043549,78.47590221921611,78.20706874153045,0
62.738240830879384,78.48676985142068,78.21945878741077,0
43.35676265233017,78.49874221462282,78.23014919821883,0
37.0814111872502,78.50735707858937,78.23781005235645,1
40.05568598146017,78.51941862713076,78.24433820609066,0
35.21708469921269,78.52570212384846,78.25004536001333,1
30.47066748471768,78.52663694508081,78.25538732373975,1
30.82322169716261,78.52544723821374,78.26318528755579,1
30.842824604690463,78.52012057300904,78.27358595744384,1
33.89480135346477,78.51353477740383,78.28358354449345,1
49.14865652566927,78.5142095296134,78.29830702425986,1
58.37457743371102,78.51982307823485,78.3128768882075,1
56.80700940841081,78.52060683371806,78.3263038916765,1
56.26126582129291,78.52129653297456,78.33795594991793,1
61.669023628285935,78.52927793186709,78.35359079810793,0
60.90598504194806,78.5377302382937,78.36911775792473,0
67.81427849433416,78.54690363254498,78.3852227104935,0
74.70617779501303,78.55814891603416,78.40103858817567,0
72.67568074580024,78.5691104485249,78.41764727047718,0
68.41578717119516,78.57559020278023,78.43122874307078,0
68.654053652115,78.58007476031766,78.44454744487082,0
65.33051755093774,78.58426777847708,78.45663859363876,0
66.791397552251,78.59841629515051,78.47281511717247,0
61.61395703987709,78.61223905702383,78.48501952248797,0
53.71813747234554,78.6231316022498,78.49756422042084,0
38.33303408956747,78.63009961736195,78.50393775557393,0
33.73199484742784,78.62906163813204,78.50679131335727,1
32.90502078120453,78.62631772334512,78.50885557726335,1
15.25074053334474,78.6188027806605,78.50948477977595,1
25.563160430941025,78.61660302103027,78.51447618241905,1
25.590779698875835,78.60559713675512,78.51813374886437,0
31.935808836916948,78.5926736562975,78.52019848180296,0
31.146107791891893,78.57955088265619,78.52440299943224,0
37.94928757984441,78.56975220667076,78.52972768505843,0
33.876853760961865,78.5478112679033,78.53427376953306,0
34.30785472033794,78.5267836010713,78.53672959048093,0
23.5160416422801,78.50022647028086,78.53426592882141,1
27.983886020600963,78.47464954980708,78.53174249693772,1
29.051261706573882,78.44990054138854,78.52685868141992,1
38.8666333252847,78.43306104245056,78.52273458987607,1
48.32475231205125,78.41533204747176,78.51831252848525,1
61.029197589329236,78.40701096668325,78.51601965064239,1
65.55823263733359,78.39472306087069,78.51241271537506,1
64.00488720546545,78.39013213262224,78.51058311809388,1
62.30942717304047,78.3843360405146,78.50731641833316,1
52.119228195784196,78.38265225044191,78.504457541926,1
57.194286770661186,78.38998046576648,78.50285773190066,1
54.13810717467449,78.39965882336529,78.50194640336844,1
61.68499831285825,78.41413728929858,78.50196997173272,1
68.04078920903517,78.42513352126838,78.50283443609723,1
75.95124101462305,78.43376521212369,78.5012789460274,1
77.8185868030816,78.4417201947221,78.50217861912353,1
70.56035163713611,78.44812863221499,78.50415756646912,1
70.11995753132088,78.45460065653101,78.5086251162351,1
73.00656770391572,78.46737907952772,78.51345795049184,1
64.22885029755892,78.48143530735447,78.51902286388332,1
67.60492672175783,78.50483223401224,78.52554404439398,0
65.6474986930894,78.52843027238221,78.5329357106051,1
70.54201380504301,78.55389179677798,78.5403671709275,0
71.01441967713495,78.57428245692269,78.54703366168361,0
69.52429878797369,78.59467467636513,78.55049858718594,0
61.23977307363687,78.60427937973267,78.54980217124151,0
64.09791955069684,78.61871972500629,78.55165787189036,0
53.6860048740372,78.62370480326345,78.55154642620941,1
55.46681252692416,78.62859222316908,78.54704213485394,1
47.843841832491684,78.63340306583976,78.54272667294441,1
53.82155339442406,78.63808148775722,78.53932887398555,1
58.06390847324153,78.64909366666885,78.53832430362232,1
56.124168131294255,78.65955507389693,78.53814782188152,0
65.55282980727445,78.67824827588711,78.54389766534,0
57.56506922014956,78.69508396663294,78.5472826285535,0
52.2306005321304,78.70444093441044,78.55024788149687,0
47.16881098540761,78.71372234095786,78.55027998479206,0
49.942314698390675,78.72142051908766,78.55229770106062,0
46.37064719811288,78.7218553658445,78.55294745592971,0
48.194129166164124,78.72113551075401,78.55543722124015,0
44.57285873382067,78.71872965440579,78.56141125090349,0
46.90412260519317,78.71117464321988,78.566878478555,0
44.57171678272904,78.69737516947606,78.5717961264537,0
46.14634764877057,78.68496047650115,78.57437664387196,0
42.72844830760213,78.67091511258833,78.57662577751923,1
38.92804505962619,78.66447415127342,78.57852236923188,1
33.58715514838063,78.64981685440435,78.57976426058961,1
14.83023057255383,78.63923972649053,78.57934143413733,1
21.187896677738394,78.63160362302793,78.5805590769038,1
29.82834818829525,78.62941257206884,78.58377826134343,1
41.33053881461164,78.62959048539427,78.59107448003093,1
43.123552698391265,78.62518991378427,78.59854044921317,0
48.0612954653036,78.61913656355635,78.60584223074864,0
54.46896370724741,78.60555160803227,78.61289389157268,0
50.16412960620648,78.59547441094247,78.6193395739418,0
55.54743473844375,78.58863534613894,78.62289763327914,0
51.84734416007231,78.57903262192667,78.62400380921444,0
58.13265082778255,78.57185565637636,78.62498711056226,0
60.77649338510055,78.56857635819765,78.62664358300295,0
59.850380977160704,78.57010560462888,78.63041856291494,0
50.06751416642418,78.56083402882267,78.62975267612596,1
53.113584982788886,78.55531169774444,78.62913962830666,1
46.69966976832408,78.55066415314546,78.62640687199247,1
49.79815333375707,78.5519803221195,78.62511536421242,0
46.14862487761782,78.55618163996124,78.62559234865424,0
44.99401084410509,78.55794755407021,78.62501331297113,0
42.633547754872026,78.56118441513124,78.62498657375612,1
41.71000538898323,78.567929672784,78.62467304063853,1
39.36778823541305,78.5699338387038,78.62158098057424,1
39.964260779887205,78.5691087293634,78.61884763014702,1
44.57173204384622,78.56197822087833,78.61393287477736,1
51.042669638829814,78.56049239058962,78.61136529649615,1
55.78272359156919,78.56322111656566,78.60957395866372,1
56.73888630020362,78.5674883432649,78.61017624610957,1
63.00309683822497,78.56790444217327,78.60863148026505,1
65.73712916241786,78.57190537096211,78.60994802977092,1
70.89910695514871,78.58207448192766,78.609345711983,0
70.22984618360923,78.59329123286635,78.61282168240342,0
69.48224872767877,78.60485969657636,78.61715057236586,0
68.8106642574697,78.61396306072056,78.62264256086728,0
72.13411390824503,78.6326526828079,78.62758115414623,0
60.850290950894866,78.64579927569352,78.62782187191654,1
61.63066887200793,78.65921534802439,78.62627098164346,0
63.24759847675431,78.66909438339948,78.62145380721735,1
69.17910708574377,78.68063292034296,78.61981193013825,1
59.80581441730046,78.6897009861776,78.61911733367799,1
53.70262874723802,78.69999771470309,78.6194967232542,1
40.96200691292273,78.70400671334802,78.61770751834268,1
54.874388867395574,78.7155249618788,78.61904881898796,1
55.918475573244706,78.73086564758059,78.62273968487764,1
57.73456715563706,78.75007814937975,78.62647227276693,1
54.43955624139055,78.76345390384213,78.63227700074505,1
59.239236271749604,78.77710631691718,78.64146641764017,0
55.448597199789084,78.78486873994996,78.65013955148909,0
50.811454662236564,78.79444214234111,78.65804229216616,1
62.39163644259393,78.80464523621085,78.66601646374588,1
69.12579837613173,78.81739783842713,78.67637810559211,1
62.14429950355449,78.82252586992931,78.68613613977895,1
56.232002019298356,78.82496037510315,78.69449327319595,1
63.718811166603004,78.83274941216516,78.70397729690579,0
64.93944433059553,78.84110210035634,78.71218580013107,0
74.61858103284086,78.85763443216469,78.72079967926871,0
65.31044801311126,78.87291892643556,78.72778392679514,0
64.08116697440963,78.88910354255677,78.73487458102716,0
55.65850085290981,78.89721398007343,78.74050775779064,0
47.20409816370861,78.90081183928858,78.74398793093786,1
44.1597731067066,78.9068304553076,78.75061585660659,1
51.889340952305616,78.92241651901504,78.75793186339816,1
54.27990846802104,78.93260772828295,78.76466136702209,1
48.609570124928965,78.93756421715952,78.76972312988988,1
51.14933711594677,78.94586813568183,78.78048591551061,1
54.93267355606538,78.95227321911398,78.79106160929287,1
56.8930452805164,78.95356918143361,78.80262842895542,1
56.91718318721898,78.96276368182856,78.81445289537271,0
53.997866503370176,78.97372119167184,78.82505811285041,0
48.425526047285175,78.97926030126331,78.83454156262313,0
56.284261993959866,78.98423808732876,78.84559957447112,0
50.804209707857325,78.99073373822694,78.85525776595613,0
56.54412248047563,78.99844919951218,78.8658994175193,1
60.044844583466,78.99666291187854,78.87499896991184,1
57.905027257254645,78.99416125251312,78.88505901278496,1
51.31648763663104,78.98938593619339,78.89235709751023,1
57.69153271108527,78.99133365428571,78.89902894188316,1
64.64798800396251,78.99391697758495,78.90544603475517,1
59.8823278641589,79.00273061830698,78.91443822824412,0
63.01246819472637,79.01903921468272,78.9228414684261,0
62.9578858502981,79.03282368512848,78.93091553788689,0
57.74979367667985,79.04401050204393,78.93821957106918,0
52.566719102061526,79.05247731522886,78.94370841448308,1
43.80096752313143,79.05524343148416,78.94623527819533,1
45.6488785029282,79.056277556354,78.94993586492905,1
52.25404647388181,79.0600591392569,78.95676555471822,0
52.34186679864653,79.06364689911385,78.96440104939121,0
64.1212859859927,79.06527831999765,78.97292647001198,0
59.13881879849358,79.06571350886007,78.97909034825724,0
55.23180570955391,79.06598574069065,78.98505546442836,0
47.25288866446383,79.06101060433497,78.99000473032388,0
45.85956133495998,79.0600808958587,78.9976874389604,0
37.33175598838329,79.05460752711772,79.00153244361486,0
33.02525220960351,79.05088186406441,79.00300545650538,0
34.75495676549002,79.04748485968783,79.0040216969082,0
28.56849301208854,79.04007430663167,79.00300525862603,0
29.59049671796464,79.02752335358129,78.9991957565488,0
29.934825291156983,79.00529832106109,78.99361786719963,0
26.681946594168664,78.9832343353889,78.98995510546324,0
21.05780557886139,78.95775820268616,78.98408665501624,0
19.49327883609375,78.92905771131659,78.9755794870427,0
11.043976446134153,78.89435928167504,78.96695293576747,0
11.31537932971085,78.86186955134754,78.95847208498084,0
10.60667122187185,78.83184988404047,78.94587546694545,0
22.816168313036954,78.80425166773949,78.93519569188231,0
16.941063304887805,78.7670421959472,78.92052866023123,0
18.181327645695447,78.72882268269693,78.90676255189575,1
19.702655499859773,78.68753796559744,78.89230023922825,0
17.200234009315977,78.64614002528029,78.87866076634,0
19.85530953582247,78.6076375443027,78.867785746434,0
19.672364386426196,78.56930041027951,78.85499271231264,0
31.64921458367391,78.53396004346318,78.84230484873964,0
26.309346189118642,78.50011675634164,78.82853605483834,0
23.598430914447135,78.46134149699465,78.81251636843943,1
23.32126867217862,78.41759730928595,78.79271336634984,1
27.217488047732687,78.37885799493641,78.773639168955,1
27.76281033629523,78.34183191263119,78.75450084902782,0
34.66126599013552,78.31411752717221,78.7341594053371,1
27.271482835655874,78.28606452174294,78.71489243749168,1
31.609748640045396,78.25818796126904,78.69565771901851,1
31.50433548403244,78.23224046172564,78.67478043680144,1
29.791055776714245,78.20915796260331,78.65432262551802,1
42.252978417946025,78.19327371617513,78.63640189164602,1
44.38790972549282,78.18450545341372,78.62101248355954,1
54.42414823106013,78.17556477268887,78.60775709995261,0
52.06849730343596,78.17673783313063,78.59546941900611,0
56.54741419987846,78.17912330422168,78.58187841187015,0
63.412990204097206,78.17798039319405,78.56592560547189,0
72.50110306829613,78.17989672265249,78.54952720807819,0
70.92491096325233,78.18095826429162,78.53255336627755,0
71.10340425299758,78.18422933655589,78.5155549728836,0
67.02387992460582,78.18205491211766,78.49752261276915,0
52.37211253998267,78.17696292215501,78.4783302976088,0
60.74666453859257,78.18316701642075,78.46368580241408,0
63.230569781039144,78.19326793563795,78.44750951806343,0
57.68412531274595,78.19773964089272,78.42871136960933,1
51.95180415582209,78.2040855338042,78.41067630290398,1
44.56072181584518,78.20540777037499,78.39021118548803,1
36.51212101179141,78.20691933083057,78.37137476627989,1
36.78249797351481,78.21317565062203,78.35453368299108,0
43.357583534232035,78.22415010342085,78.3400362364358,0
47.36450769055473,78.23582359895221,78.32461970675541,0
44.18805876766329,78.24031653920778,78.31068549648204,0
41.712965234667195,78.2406925494599,78.29693675771772,0
39.265022864112,78.23288860846067,78.28191859946175,0
39.982192970904464,78.22239644597096,78.26839827474183,0
48.48014300535232,78.21144923706704,78.25544876526445,0
35.744725259667675,78.20111700739008,78.24425308000349,0
31.56421984126176,78.18658289009313,78.23086662995988,1
36.69972128506947,78.17190006168121,78.21821010987557,1
30.885463080794594,78.15615597801731,78.2063942795639,1
29.82920036199397,78.13750826137056,78.19478220464735,1
32.01963697819488,78.12787101351442,78.18473088247556,1
38.42358991987874,78.11982022776023,78.17887393990198,1
38.03656674483505,78.11493439579031,78.17178260928375,1
35.893705553517265,78.11222129782792,78.16678301036163,0
37.261904052619585,78.10784526658588,78.16228533645955,1
48.72252874656886,78.11095836480327,78.15957934517037,0
46.710531874603504,78.10864607962407,78.1563771880174,1
50.34843298193334,78.1060224749015,78.15388765523059,1
45.52403957680239,78.09568370766841,78.15058955539136,1
54.90477267453245,78.091110619633,78.14747993722334,1
57.89638271411249,78.08648735713116,78.14523373679785,1
64.49404589204796,78.0907944601557,78.14871794298215,1
69.91928303315468,78.1027755289414,78.15598988732393,0
74.58599623381639,78.11447675611167,78.16264577921193,0
69.70935283305997,78.12457744036291,78.16854697635713,0
66.24876411671102,78.13786702448206,78.17375287892743,0
62.82924461073928,78.15416280359925,78.1781059427024,0
64.40202250888476,78.1695398318199,78.18275085809593,0
57.14316240219623,78.18108082925498,78.18593042657564,1
49.94791288134181,78.19457087593761,78.18894736998107,1
50.187077983224256,78.20200081656894,78.1882217226331,1
49.30004748169101,78.20562475401957,78.18732166014432,1
59.02025914913238,78.2093405809713,78.18529293259672,1
55.68411202487098,78.21762409815037,78.18313751636953,0
59.094394807502084,78.22713627149837,78.18149052337021,0
45.07058300085979,78.22916496431051,78.18005317361694,1
35.29611667221786,78.23550487770223,78.1786204500373,1
41.24620129573371,78.24188060585371,78.17825659185543,1
41.852621252166074,78.25094537632374,78.1772759712985,1
41.363824110383256,78.2551206392794,78.17670622808805,1
41.52415005040512,78.26018585858537,78.17852291136998,1
52.61965948933657,78.26348384483676,78.18084467434855,0
66.10868942845958,78.26403670439903,78.18429739482835,0
71.82781919142126,78.26683403605676,78.19028353727755,0
67.51545865707533,78.26650381668347,78.19351428950883,0
66.26260177748185,78.26610479934813,78.19803169051667,0
61.386477225130555,78.26578462561693,78.20165206061695,0
56.77592342378993,78.2662098138105,78.20396452337131,0
45.98971749053104,78.26693073418699,78.20304267888207,0
44.89549662230784,78.26585896906603,78.2009615180266,1
43.41469465038298,78.26804555069927,78.19931332722969,1
45.22507488360441,78.27199330554093,78.19984196257673,1
45.207767045666145,78.27099489211713,78.2005354460593,1
42.82252380366522,78.26642829919302,78.20075025765834,0
51.86913777154116,78.26636217792068,78.20345569971168,0
42.84187960913638,78.26803628304023,78.20682088387701,0
37.33251447486184,78.2686646015514,78.2114531346206,0
32.78306021404791,78.26645073196639,78.21607685996949,0
34.152454612884384,78.26186365393667,78.21955904166623,1
36.948387240116,78.25869204891558,78.22517974310605,1
35.088754227630574,78.2539343834358,78.22894825933854,1
35.57067449428831,78.24387660630893,78.23046722576802,1
45.340409684643035,78.23253857260117,78.2313390655527,1
61.74345290334122,78.22536866932607,78.23554248587682,1
54.54861574665659,78.2194564242063,78.238158752557,1
53.470280633945166,78.21570960887045,78.23993218814354,1
60.163867572396164,78.21516911065598,78.24426127302972,1
58.855655302953444,78.21314246425574,78.246812519113,1
53.90757115381445,78.21788827650828,78.25192450641802,1
62.13635059446319,78.23118792613931,78.25699244062912,1
58.77931330794929,78.2423013567828,78.26163892709033,1
60.18293914268425,78.2506867971695,78.26379889738224,1
69.01558957124826,78.26218890377336,78.2643007959921,1
68.91431789287842,78.27661737575056,78.2656065055139,1
75.13899226650443,78.28788828258423,78.2687800366002,0
75.71029143960058,78.30061056525656,78.2719183001868,0
75.86394746941272,78.31534857744145,78.27592744415749,0
64.52620039058453,78.32758489703566,78.2792948860558,0
74.51151530307796,78.34454449357915,78.28494450739589,0
67.89630011751109,78.35822095221454,78.29063977361683,0
55.60195466676867,78.37008090334056,78.29618029404718,0
56.40178241227347,78.38043882889221,78.30039285571708,0
54.732052376662196,78.3902520795272,78.30370366497506,0
47.34207163620071,78.3953527819902,78.30663395941275,0
44.32771747049338,78.40060258139819,78.30754527651693,1
37.93270994265677,78.40020905956393,78.30834982624492,1
40.15296018225963,78.39936400206608,78.30980492277526,1
39.97269158055602,78.40210974339438,78.31090417412928,1
40.75096147203473,78.40575850022682,78.31384975597926,1
47.730788561057125,78.40854681963063,78.3183629127696,1
47.85496028181522,78.4154228099365,78.3237337076308,1
50.301589042908496,78.42023929183523,78.32650107618164,1
50.048969027950314,78.42414687900848,78.32834486583587,1
59.88942342503994,78.43159360750607,78.33151033409364,1
74.79279949938766,78.44532622396156,78.34030899951145,1
78.81929046418142,78.45999603029978,78.34947479256748,1
79.27031871323652,78.47474160754702,78.35951023692951,1
79.742020650209,78.4946385898409,78.37066639646795,1
88.43400348970351,78.51409576572249,78.3838105200101,1
96.51622329198995,78.538722092162,78.39978502285521,1
96.59951789400998,78.57039108843291,78.41711850914065,0
96.55711981938177,78.60477633672,78.4335060681887,0
93.59929906051084,78.63731168031418,78.4502303802539,0
80.55245772298552,78.66367701196545,78.46553344452171,0
80.87877017652126,78.69633087122494,78.47953275383863,0
84.11165335916893,78.7325934828581,78.49417270617207,0
78.87630455242468,78.76425687869435,78.50804183363245,0
68.26304892708167,78.79076230305846,78.52062880256611,1
61.32873781413559,78.81657420432494,78.53573397613458,0
50.51384824179344,78.83304404876672,78.54810371271006,1
49.40243990399163,78.84876972332069,78.56166784358474,1
49.96384007587455,78.86845845090711,78.57633381402091,1
52.32740954941759,78.88952196605861,78.59113822321885,0
44.999552043996054,78.90413733411258,78.60301780000823,1
34.46588666754084,78.90611167686934,78.61497110057667,1
35.86632985282594,78.90847756579298,78.62658197533648,1
43.411737508164755,78.91294313673595,78.63861984736148,1
47.23933236479644,78.91331202677688,78.65073422147641,1
46.10850798252391,78.91520568549753,78.66273748360581,1
52.30635800885276,78.91842099326047,78.67467824970369,0
57.06722992468892,78.91952261433669,78.6880070121622,0
60.94470203839637,78.91824944084286,78.70053112565806,0
62.27960424889561,78.9212726375854,78.7138638737787,0
67.48788835560495,78.92676713219569,78.72559334709976,0
58.86429913156061,78.92584688626987,78.73471619531288,0
58.75509892442579,78.92682039251436,78.74465663707518,0
54.56969320153064,78.92884075164174,78.75343870331255,1
54.934807285057325,78.93342738756517,78.7629657987779,1
58.206850794982486,78.93394735803373,78.77149512191642,1
53.163859131512545,78.93802577843276,78.78002564319735,1
54.06894285186836,78.94558929949982,78.79187120204844,1
63.321290644766506,78.95574761225238,78.80645732736498,1
66.9970085875118,78.96985260194252,78.82297843218497,1
65.69961877151694,78.9886455515471,78.84033490783098,1
66.05254562503964,79.01285757187811,78.85987309676864,1
60.99213585985472,79.03067842528151,78.87876972162351,1
56.896372468453315,79.04411713869686,78.8965211020138,1
66.45957624220264,79.06620118480039,78.91637079803881,0
70.76588492383524,79.08530336181676,78.93455542824178,1
72.24664707831167,79.10421575835186,78.95294582519216,0
74.50999290548425,79.12223180137485,78.97073060873755,1
63.4714673923975,79.13300578985992,78.98563772486793,1
67.41605132063475,79.14251906097988,79.00121274656728,0
71.7691532421359,79.15838177524043,79.01630861419349,0
68.98381950399495,79.17819086041895,79.02786204989584,0
68.11010522439811,79.19934926808544,79.04039793218945,0
56.62480051064074,79.21649578051809,79.05014037250099,1
48.33996102896994,79.23024840902256,79.05720972645057,1
47.43399577655332,79.24662991632557,79.06450878215765,1
54.096298340815764,79.26601632452866,79.07094333614401,1
58.88485427284653,79.28527703439568,79.07782558043354,0
54.30388577211393,79.30131110080339,79.08507123299833,0
51.435215380488835,79.30787388886827,79.0912033156066,0
46.59534517766283,79.31165795697423,79.0995272858345,0
48.738075759074285,79.31587032670049,79.10768887895887,0
51.7978687294449,79.31867649368886,79.11320292595582,0
49.08588386943404,79.32193838312025,79.11959370378416,0
41.909426217539625,79.31729884134272,79.12698541335253,0
39.77592275876116,79.311966896254,79.13271250501339,1
35.79858096299486,79.30340948907758,79.14109200131652,0
37.55480382223003,79.29103563535462,79.1476369735511,0
45.632535683469364,79.28847849363326,79.15364574195839,0
47.555308101144476,79.28566339779725,79.15966931926272,0
50.54959057076428,79.28226667125888,79.16756034905202,1
38.62152792402479,79.275464354497,79.17560312094692,1
29.970416473946372,79.25998013865036,79.18099896133239,1
35.322981289490045,79.2506738511923,79.18523265828354,1
33.027863541147454,79.24485519058041,79.18982699197198,1
45.146265860273,79.24758366782473,79.19745997508852,0
54.87563233710528,79.25025411425054,79.20367658454005,0
55.31980519019375,79.24880506565268,79.20953856095994,0
56.12684700835159,79.24477887008189,79.21568300469396,0
53.42219081094095,79.2406790705511,79.21896588879288,1
53.68112003415785,79.23769098388388,79.22389682650979,0
59.04559267747922,79.23254500540573,79.23036812661321,0
56.95398626593047,79.23309713740773,79.23571362391316,0
54.93383011652276,79.23408707179154,79.24169223184408,0
50.63358847576696,79.23684227428423,79.24835136804015,0
47.40509526537761,79.23615953576987,79.25359737610783,1
60.23251173624496,79.23654838404332,79.26050104356074,1
53.7402440996817,79.23789715855098,79.26456011717158,1
54.58532464911741,79.23748869343379,79.26634217443095,1
45.1659306421439,79.23938215792313,79.26748114165497,0
53.12040067861943,79.2434851620043,79.26949619323491,0
44.46201377111516,79.24575457449276,79.26876192199278,0
45.345026663573705,79.2528862661161,79.26988209766623,0
52.60378880964706,79.26000055326072,79.27158602410907,0
42.61303504670437,79.26324333122409,79.26864385054147,1
46.972256035352274,79.2598324426755,79.26727160743201,1
47.837879304689864,79.2553354226349,79.26412445025326,1
48.29112415657587,79.25126928821949,79.26115355569779,0
43.71020150850222,79.24484393967818,79.26041826462125,1
52.864047253943404,79.24358955930242,79.2593940881219,1
52.871077876642694,79.24320442515955,79.25782588647743,0
57.88183482666714,79.24347393433086,79.25648135617797,1
55.80844789199553,79.24236230606144,79.25291883910356,1
47.40196166105028,79.23956915027281,79.25092157974598,0
37.257199203482934,79.23677291133292,79.2509611689643,0
47.582075246397494,79.23964370596016,79.25080289196168,0
53.85284127044437,79.24273146122121,79.25118709823775,0
48.736922921452106,79.24697796973155,79.24924049130593,0
50.68568677004844,79.24780056213076,79.2449379589619,1
47.467135847188466,79.24568735115204,79.24260652656848,0
43.44423780326073,79.23641644320308,79.23939958772645,1
47.74998896227372,79.23502305857832,79.23642301474389,0
54.22221790808588,79.23355767971583,79.23583457207702,0
55.790169920098805,79.23330273737409,79.23613176581061,0
42.86765773885154,79.23461042190092,79.23556848276475,0
42.99334646550003,79.23382962154552,79.23601669754864,0
41.92676333605947,79.23046525517005,79.23494675669025,0
37.93962444591749,79.22262258529172,79.23378833567264,0
32.722212199417484,79.21496412186825,79.23101251591525,0
30.47405690357138,79.20427650159546,79.2268393296412,0
32.886050790800454,79.19486731397788,79.22286614356503,0
32.586420391736596,79.18324878395427,79.21959512796087,0
32.42195559595828,79.16924126243893,79.21662328861899,1
30.817592312767076,79.15703111611725,79.21346448571595,1
32.64243002907148,79.14421470264094,79.21070497378851,1
24.888996685677995,79.12968948997118,79.20364522082026,1
24.38318021142267,79.11178633603109,79.19579998694996,1
26.957334889608347,79.09848975433536,79.18911436677901,1
35.428315248960274,79.0911741788598,79.18349608247306,1
38.43674136067516,79.08456763864572,79.18016195380633,1
36.56910285732982,79.07573149097797,79.17461579056409,1
56.201890244695896,79.07354483030626,79.17282294470411,1
64.21509132228286,79.0746654201905,79.17246188519015,0
68.75971776942204,79.07534960556427,79.1726367793197,0
58.57309109806299,79.07555795989967,79.17105475701092,0
64.60263184859951,79.07831595665365,79.17287926590215,0
68.99336148637165,79.08170036116333,79.17300754753825,0
67.45355265209383,79.08833191861393,79.17396223969781,0
58.6619634496714,79.09236395448261,79.17296262033477,1
55.46589464196614,79.09418991832968,79.1687624338038,1
57.491369114476555,79.09346721209653,79.16285896360192,1
57.587000254900374,79.09773395870296,79.16038688164495,1
57.63323163370553,79.10818769720763,79.1587438610556,1
57.835797898215176,79.12028783569014,79.15757939868772,1
62.79412602431654,79.132090569832,79.15824386923165,1
50.20413210378581,79.14415898422516,79.15737583744014,1
46.32310664687653,79.15765167187809,79.15672648664724,1
47.94191243029694,79.17066404444414,79.15687226926886,1
54.22557791559379,79.18157188762,79.15818726164979,1
55.53777458941022,79.19447095783921,79.16051451322105,0
57.32155867521534,79.21042989692518,79.16150597927033,1
52.66737860496377,79.21414744420996,79.16109234865574,1
63.62840630945952,79.21450099769056,79.16131736184178,1
75.63600361935215,79.21355117934763,79.16222959094962,1
73.05355302525183,79.21603204043862,79.1627584086532,0
74.1505635440317,79.21957123566736,79.16485027778502,1
74.60718029967322,79.22725568707169,79.16681723787845,0
58.605701755702505,79.23101419267071,79.16757672887348,1
65.94359781448219,79.24496573835245,79.17182869082345,0
52.56620001875584,79.2541472706824,79.17214640161595,1
59.170450046134704,79.26876451462775,79.17579819217178,0
55.236648515690426,79.27928604258122,79.17809207524611,1
54.4157970623945,79.28703743830081,79.18013576448959,1
49.49603521085982,79.29253667235464,79.18127297267995,1
51.99556398119749,79.29946361397603,79.1841851460617,1
56.59912250363402,79.30767817985722,79.1869152607648,1
55.976426715841264,79.31455417549391,79.1903620547768,1
60.25408474886717,79.32298324326469,79.19701653245804,1
62.38622770667495,79.33319424202813,79.20547930971374,1
53.780249875477956,79.33652007241042,79.21341194154702,1
53.54300229332522,79.34288147865306,79.22071164514041,1
62.263671413217224,79.35401789704743,79.22939999389301,0
53.588096984735735,79.36345396346783,79.23900244225335,0
74.82918491209912,79.375072181694,79.24944601718033,0
64.9239848481065,79.38644944163617,79.25965230425129,0
65.56712909297875,79.3930596621205,79.27019834664476,0
64.97805443065158,79.39632209821987,79.28063154275397,0
47.90863247981658,79.39641634417616,79.28674736480981,0
42.96543789050417,79.38997005709044,79.2913470421157,1
47.08399339524431,79.39448287557117,79.29611249638612,0
47.61938577450264,79.39210209891111,79.30234643534504,1
34.29328916790139,79.386558016235,79.30329734961761,1
36.86969396279322,79.3846739190226,79.30413916402243,1
39.44460093873542,79.38203329149471,79.30394644705213,1
30.096477783618028,79.3742984587241,79.30368134559147,1
40.18875481775201,79.37355905465606,79.30501249996577,0
38.51131996433157,79.36990220647391,79.30564279290104,0
38.941806844493556,79.36487869899439,79.30763524461022,0
37.08752757102086,79.3556175221419,79.31078073677746,0
38.403538428778184,79.34983348811625,79.31566936946166,0
36.53494958177709,79.33883613754327,79.31885921531911,1
40.103993964028156,79.32224724577267,79.3192053087209,1
44.39203274162162,79.3090452054538,79.3193454455518,1
42.950988425278275,79.29460893055912,79.31917445512792,1
48.03683950925139,79.28430202195533,79.32053688510062,1
53.1400816165643,79.2745908321148,79.32237108580061,1
57.663581738165064,79.27271824345844,79.3266581713861,0
59.86353775171347,79.27940807661177,79.33024497767686,0
67.6288091918153,79.28956966341204,79.33454615243251,0
53.42058072626418,79.29315324145429,79.33558540983216,0
55.53876266392118,79.29485838133971,79.33611782911086,0
54.04584134516572,79.30228853587218,79.3385537862825,0
57.74162792505999,79.30639286312073,79.34089591019449,0
57.9601937055288,79.31204010884734,79.343342018852,0
58.45107835265401,79.31896713269967,79.3448553824959,0
67.17847457492246,79.3192865735387,79.34489863511429,0
65.61736109318718,79.3233230964322,79.34406975664523,0
55.72976776007242,79.32082493586593,79.34355954188831,1
53.19073760093954,79.32280518305922,79.34191651466016,1
44.68066217676153,79.31896458202556,79.34159629399892,1
31.21048224446959,79.31856794429152,79.33878058718462,1
41.64453610599787,79.32769574375587,79.33856918919076,1
42.30618730564173,79.3373300877612,79.33946250533597,1
52.69269549868187,79.34782204025967,79.34128860228994,1
51.13086736938399,79.3518357761794,79.34148574998197,1
56.7796904643716,79.36157837360201,79.34393116329854,1
62.09584632641923,79.36865253886916,79.3482975167362,1
57.42841641483432,79.37219032133109,79.34992780890343,1
59.003468145510645,79.37241714943215,79.35023531539413,1
62.43395390050877,79.38095071188391,79.35335766562156,0
66.58067650750496,79.39715383375601,79.35782677115203,0
66.19318782745856,79.40767880404796,79.36001814908272,0
60.56958722282788,79.41527700771394,79.36162512789295,0
67.22124773249436,79.42182188987023,79.3620419021225,0
57.79485404710967,79.42405900011542,79.3598992058876,0
52.67943725517095,79.42596957331112,79.35806259959055,1
54.28674994913076,79.4312707452542,79.35804921545896,0
47.32965204068908,79.4357471314943,79.35929185681556,1
50.631849660773405,79.4385889721923,79.36136408070091,1
42.10645444152052,79.44497424909913,79.3617928434101,1
43.18860753895829,79.45598350094438,79.36433314799793,1
44.05666414792768,79.45958373407362,79.36777947632619,1
51.251091996552226,79.46585133245345,79.3719334707083,0
44.71986042312118,79.468077931691,79.37570645836846,1
40.35865740395761,79.47560638790326,79.38200892165364,0
45.866330499026155,79.47831641007912,79.38583410546775,0
49.43075492232529,79.47620762611227,79.39081968459153,0
46.72011023728811,79.47426893201018,79.39368390210973,1
58.643172733095966,79.4748670386102,79.39793512198145,1
56.07602568607958,79.47007395418225,79.40145385204795,1
46.88996754012062,79.4573690449863,79.40523993412924,1
61.58376198584037,79.45337371573687,79.4124687370684,1
63.14919639544192,79.45431437563713,79.41973279596627,1
68.96299491549203,79.4577609128566,79.42730269504148,1
60.44926015470556,79.46686070105964,79.43292267752933,1
63.092473556051154,79.475308182238,79.43834953963983,0
53.52025214285514,79.47919791062208,79.44064108232442,1
60.108729400434285,79.48873045419029,79.44302080784698,1
59.386411746318466,79.49990236986245,79.44549716328109,0
57.6379228663972,79.5128246375215,79.44966140183699,0
52.62896148160574,79.51801631413163,79.45359632111469,0
62.972668522406856,79.52743889565608,79.45783962023975,0
61.4873391094798,79.53214027056592,79.46223243368638,0
53.997084206686786,79.53415641103604,79.46455297924393,0
45.927193018178166,79.52693581023645,79.46519639266835,0
38.44560358920844,79.51985966965529,79.4660633439144,0
30.971292413233854,79.51059026351747,79.46572655142565,1
29.24521119952358,79.50520272821129,79.46743501904788,1
27.995109443869836,79.4963265959919,79.46734368715452,1
29.658414607801717,79.48927349898463,79.46957741883159,1
29.23467057208279,79.48321178135585,79.47109746895498,1
38.814387189313756,79.4780296435196,79.4726022969739,1
40.56555088441306,79.47412538093548,79.47445091323598,1
47.31423091653034,79.47245763824236,79.47715693423456,1
50.75436717562394,79.47211288163072,79.48103351970985,1
51.02346545548455,79.47497776444797,79.48370929597822,0
51.27407728420982,79.47892540310121,79.48475022801723,0
64.01796524481844,79.48648276003172,79.48873778332722,0
78.09768421083089,79.49176586258173,79.4932366485409,0
67.03376734212212,79.49269240365004,79.49435807854344,1
60.28793005345621,79.48978213798078,79.4906476428046,1
64.10664605390497,79.48975904287178,79.49067171576928,1
69.41439321655221,79.49115331248882,79.49258295559632,0
70.38442957032221,79.49886610784736,79.49537066643478,0
75.39958575483432,79.51811300497657,79.50281799461281,0
63.429683654576436,79.53114828745898,79.50813482957352,0
59.148702210245226,79.54567436856046,79.51148800074816,0
53.54697351297815,79.55808048028102,79.51636835856259,0
56.10943227033176,79.5753124068993,79.52203306103733,0
50.29669085656556,79.58991543904907,79.52755389481156,0
45.65862592954125,79.60189493298728,79.52946204177213,0
35.82820162675249,79.60446483193545,79.53055473611863,0
40.974573145036025,79.60767004117628,79.53117839672512,0
42.87486727727093,79.60422870693782,79.53161724433329,0
47.75111552992603,79.59895614025262,79.5303734206496,0
43.128669925958036,79.59308272478592,79.52961582186093,0
38.31350945178696,79.58469568878203,79.52814545308516,0
30.751738309372286,79.56621151691323,79.52551481728845,0
19.20541214936226,79.54294230234666,79.52046675403548,0
21.86258061413092,79.5239459179576,79.51590686405358,0
25.846158799401806,79.51288570640337,79.51285430737144,0
25.92326035644767,79.4958764125402,79.50767279449062,1
23.87106224935772,79.4787081896451,79.50234048119951,1
22.092399381687187,79.45469482794879,79.49414423247167,1
21.503796139965857,79.42104100644016,79.48449011676502,1
36.33750818185389,79.39978902924679,79.47792716837704,1
36.7077490738614,79.38358786943601,79.47324398427372,1
42.22860492222916,79.37057847810587,79.4691075681288,1
41.903633977056685,79.35311128007072,79.46331662512063,1
38.42265758880002,79.33709546331065,79.45726222512721,1
40.52365181357538,79.32489829072816,79.45221483241073,1
52.42170367948832,79.32072084634072,79.44786751639249,1
61.52982051210413,79.31416748762749,79.44398928354974,1
63.563894342653846,79.31164633940382,79.4426132156804,1
61.02775028747229,79.31034722727682,79.44373798746575,1
64.65267664780735,79.30955023502815,79.44549204801007,0
64.27199513004058,79.31193620640293,79.44868383023933,0
74.53313023178656,79.3198765418766,79.45138434275455,0
80.82151176280178,79.33047105282064,79.45412453676698,0
73.66474669025577,79.3408846984855,79.45655134385393,0
58.016206137566584,79.34629287253554,79.45808674384331,0
52.63406746972657,79.35221480106654,79.45734685750939,0
59.278381903030066,79.35705423350595,79.45551202222771,0
43.28276570134396,79.35937781594586,79.44891230355306,0
42.085449407846994,79.36586265451672,79.44199002591941,1
26.61558510561335,79.3614875144701,79.4325310683859,1
27.45988855514274,79.35478257768453,79.42358685410706,1
28.415000548373484,79.34765587410978,79.41357681376003,1
27.56092995610949,79.34127204001452,79.40311909609376,1
25.423635003914825,79.33738241296305,79.39513822885243,1
27.91135489408481,79.33537140248927,79.39045053821414,1
26.822415188467744,79.3284613257304,79.38334842953594,1
40.60400348351264,79.32513812100834,79.37758320695755,0
38.17160238565598,79.31784393714317,79.37020434739873,0
50.65385590708699,79.3157517072574,79.36279346837807,0
49.78364350148302,79.31042538876235,79.35720288853142,0
45.75539171934197,79.30146144167728,79.35099865948605,0
55.65966327291772,79.29124234826739,79.3446490899491,0
50.98933132098433,79.27990006878522,79.33595960152134,1
60.854560395521,79.27140567470235,79.32914743811524,0
50.28911752368158,79.26126126349553,79.3218332760466,1
53.45165058933344,79.25564739797677,79.31781988392592,0
51.24351550165165,79.24678531887645,79.31115813330777,1
52.35491339785333,79.24820181955018,79.306501548598,1
50.115328911209396,79.2504249920338,79.30257756663188,0
52.18378529804715,79.25723068148261,79.29819025106458,0
42.8416596543025,79.26058715804646,79.29394344181281,0
47.596160657871756,79.26304377650271,79.29230971759583,0
40.1701877800788,79.26727885743148,79.29285371812767,0
35.534372500632756,79.26515493877358,79.29162183717882,0
35.14944441886939,79.25811075616912,79.28854055812043,0
34.547329037650755,79.25008340279756,79.28503122563887,0
35.672797026319515,79.23480271602514,79.28002101750957,0
38.37059653475765,79.22578466971945,79.27864028410698,0
44.88566054406546,79.21211953631504,79.27922488032803,0
32.35179689836984,79.1967061775742,79.2759697478624,0
34.0609875348879,79.18241754400061,79.2705305293119,0
25.149175547384928,79.1676497065684,79.26347758133412,0
24.07036839131912,79.15545716816156,79.25689795675768,0
19.01807341222718,79.13738198570213,79.24926204707184,0
18.572447680127524,79.12181747696584,79.24060095054169,1
21.97986343041704,79.10426877384775,79.23123905492874,0
22.37229443489379,79.09027103944244,79.22159955403376,1
25.78933018643565,79.07314104461176,79.21109943068119,1
29.08087028714739,79.05594252916104,79.20081568738557,0
31.10756331242642,79.03774158512384,79.18946679110284,0
33.695328671935414,79.0207511172654,79.17746940615781,0
25.314400843869294,79.00427451600368,79.16606890724667,0
30.505870988690504,78.98876932480967,79.1561730269233,0
27.090693966696563,78.97292307665558,79.14443718844683,0
28.54518225061682,78.95970884129022,79.1339069456223,0
24.846321373247235,78.94345960148965,79.12152914580811,0
31.657393060840207,78.93160040110203,79.109839484548,0
42.82276603648486,78.91819904531437,79.10216877585438,0
43.97899950660603,78.90284979304309,79.09401973573858,1
37.0039376357718,78.88959576034134,79.08721304621088,1
26.832109471361747,78.87124422050995,79.07711518644209,1
34.628059641990404,78.85754909893079,79.06743487126252,1
39.09111615840654,78.84699942024335,79.05918890884922,1
45.36311043858915,78.84347067131507,79.05169735041264,1
52.4951830504208,78.84720098645927,79.04533278412968,0
45.877960966867604,78.84464931605132,79.03771425105711,1
47.61267273222244,78.84431473340649,79.02927019899302,1
58.674896836649154,78.84913323555608,79.02361515004634,0
53.38805415012208,78.84922303152554,79.01420421709282,0
58.540883141108566,78.84891624538639,79.00486313375247,0
55.02604862672312,78.84812273571849,78.9961339237743,1
55.318708610511706,78.8483970447062,78.98893078582219,1
48.919115229665636,78.83972088266384,78.98010135247476,1
54.67117624740051,78.8417322240845,78.9725678081997,0
61.88641460799753,78.84380338803665,78.96692379543875,0
61.74989761538167,78.85351272050144,78.96067527481799,0
59.611453279438386,78.8610292001959,78.95553703707579,0
57.684415047433724,78.86767977910134,78.94995995967484,0
44.193876971554594,78.86892961548071,78.94142158511735,0
46.89259007667523,78.86933408725488,78.93205440851979,0
46.73425573212932,78.87906092344642,78.92450469260206,0
41.662133055005604,78.8866365490494,78.9168719802812,0
41.20275083621974,78.88681599634356,78.90700376441404,0
42.05250585412324,78.88356373107885,78.89906086733475,0
40.58441289361179,78.87304166542044,78.89130514783022,1
33.87933873237634,78.86353258347648,78.88309392332867,1
36.321797635086874,78.84643915463857,78.87392477443838,1
29.36708596277569,78.82661847625124,78.86394867265908,1
36.19057019010167,78.8150195470039,78.85536422136836,1
42.00416390011803,78.81063918504448,78.85043633674057,0
37.93813108367583,78.80276130706957,78.84427142900188,0
39.08042154364234,78.7946004763805,78.83971109374703,0
49.66243975643769,78.79661678090028,78.83656519757024,0
48.947011030864054,78.79107656315578,78.83404563918116,0
42.48418072282331,78.78300088272111,78.83139715774085,1
38.14319557626743,78.76861575134147,78.82641406581547,1
41.32253172586217,78.75276194688375,78.8205334000523,1
41.93581705970423,78.73599115074259,78.81510000212717,1
50.013537392379455,78.73082740701452,78.81137553625874,0
57.08205008691874,78.73035925095171,78.80910147485093,0
56.694877164852656,78.72212984857836,78.80505618512723,0
51.76530085460749,78.71050736557197,78.79936512010852,0
52.38000374361751,78.70813610661853,78.7947504771376,0
41.89963103447223,78.70326979158119,78.791199553305,0
46.90447201479092,78.70080338828721,78.78774296662903,0
37.484613118662914,78.69582422646609,78.78403977331925,1
38.99626448307331,78.69925257322744,78.78098564328856,0
35.41248365935974,78.69472383756079,78.77455858955764,1
33.733038222291015,78.68153746698438,78.76683929094487,1
40.73758907874185,78.6649703505943,78.76058617284177,1
48.90757073024329,78.65907976047802,78.75940564498912,1
47.43075006109458,78.64985849633732,78.75663485270964,1
42.61423224648524,78.63786392713018,78.75291100032497,0
41.858412265706434,78.63055518774887,78.74887944575468,0
47.99030923438642,78.62704762169429,78.74333581183485,0
49.48296179963911,78.62578359401715,78.7388677770018,0
42.33837133153624,78.62465183473452,78.73266824058352,0
39.70296733407325,78.6179596588328,78.72263057143786,0
40.90340026563505,78.60771842174218,78.71477369234539,0
46.42410735252874,78.5937063005576,78.70701749691942,0
39.12300558481945,78.58340744329794,78.69917006815902,0
42.578276650933454,78.57244695151608,78.68898508283247,0
45.87285455854636,78.55457219207068,78.68069100090031,0
43.31826503797372,78.54093782486959,78.67088179361903,1
36.06352848926325,78.53024862963551,78.66232106326856,0
35.9046996432522,78.523895785323,78.65219299924787,1
34.28691579316194,78.51256093108685,78.64159833564494,1
23.805746501251832,78.50456162243412,78.62931132689076,1
29.188889600787547,78.50465607576015,78.62112987505665,0
30.67935449654881,78.50155032197236,78.61347266672875,0
35.33603987869064,78.49356650916593,78.6052078792769,0
45.860461800871,78.48762124858874,78.59702873252537,0
42.31710922593688,78.48085765074251,78.59052766208454,0
37.04918261194016,78.46758302115427,78.58248716178485,0
34.80123481542944,78.45027624671675,78.5742296443534,0
46.44866750743385,78.43767816892684,78.56852601118194,0
47.339882927481185,78.42433216122156,78.56382544321671,0
41.51490862775188,78.41462363238551,78.55783263389158,0
30.763911418943337,78.40063178612775,78.54901858799492,0
28.054817226670522,78.38312469980744,78.53601170282461,1
27.153126853985242,78.36458836644628,78.5239008919097,1
40.146903055517,78.35447507995006,78.51293492426029,1
38.61529606309648,78.34924509957408,78.50174232836984,1
36.67360943633149,78.34042748367548,78.49062216182692,1
40.38977525252708,78.33223376910837,78.48201421782348,1
38.08484618763958,78.32458959866156,78.47458253817591,1
45.438531843635126,78.32254554308048,78.46951177412363,1
57.8146744340429,78.33011771262912,78.46696195164536,1
64.99337882592668,78.33798263758749,78.46399196728585,0
62.22139362615982,78.34604752281389,78.45974797547363,0
67.72487048724226,78.35515693036595,78.45841871199195,0
69.96388989750758,78.36318879399728,78.45810130389549,0
66.24995380563739,78.36641622365208,78.45383970889797,1
69.14323432760703,78.37124340944179,78.44967660892908,1
68.15322227322683,78.37620644785999,78.4443908681825,1
59.80529669030912,78.37551274677301,78.44040141930472,1
63.299738867808536,78.38272026862998,78.43721252137773,1
68.74647705652743,78.39473767106753,78.43783816729427,1
67.21490852745242,78.41169236032502,78.44108054533119,0
69.90906702649241,78.43500510345667,78.44402560396956,0
57.74786203666278,78.45477538792667,78.44217914288916,0
52.83758246773799,78.47155397023151,78.44161311381798,0
52.5094935975494,78.48922677065462,78.44228746577961,0
44.2587223025207,78.50151148567042,78.43900468099554,0
44.502317741900846,78.51280904237413,78.43631878609541,0
40.559329975862255,78.52011321181958,78.43231438529689,0
40.24004901831814,78.51699828731597,78.4264503551562,1
46.414224327320134,78.51110046063528,78.42421827236635,0
46.266839206559126,78.49881588027637,78.42043095069953,0
46.16349367206023,78.4839915566942,78.41586207792827,1
43.51677411704622,78.4700685798629,78.41308316661792,0
38.587311428441375,78.45514174072606,78.41117921957948,0
36.361084473224494,78.4454205401405,78.4101790481259,0
32.33446070946691,78.43712159345647,78.40815011636383,1
38.78575481901022,78.43289724501,78.40545031433228,1
34.56030732112994,78.43008596581583,78.40287749150185,1
29.974993235522604,78.42200552606235,78.40099035936792,1
35.155293606948874,78.40882364027286,78.39954297442976,1
32.37030253967076,78.39535810964591,78.3973613588855,1
40.24991729056729,78.38032163815295,78.39553413044179,1
62.98024601114973,78.37718258306913,78.39562557245044,0
53.27504900565488,78.37055990726311,78.39478857728773,1
59.80529367634308,78.36040590759357,78.39410676852005,0
68.20763025110696,78.35803788914276,78.39518662819093,0
68.0878191855858,78.35629375836092,78.39872579075308,0
60.425779140442295,78.35559441572423,78.39948088401584,0
62.5898755585176,78.36139567685932,78.40127576141131,0
46.95487224407667,78.35518093785115,78.4004411945526,0
43.55037439974121,78.35127274336732,78.40068733359536,0
50.58635624570042,78.35296625252703,78.4037986990161,0
46.59584896890717,78.34928552462296,78.4069620298886,0
49.793297787633676,78.34711496550543,78.40823517380163,0
45.59118749701747,78.34385299199792,78.40802220509543,0
40.48593109568104,78.33853498819472,78.40739311817154,0
35.000237730127395,78.33516799258328,78.40662400372226,0
32.84287035807989,78.32923940475071,78.40473741393751,0
35.21139653576715,78.32386972500117,78.4015200321362,0
35.61978379424367,78.32104202809566,78.39591270061639,0
27.05884218653877,78.31444789800948,78.38794746305429,0
31.206611992588464,78.30735744570346,78.38005809959762,0
27.817301077928022,78.29139317716964,78.37012007117191,0
40.147426168229444,78.2782560714568,78.36081548827154,0
35.86298996177965,78.26158769782344,78.3521753581886,1
26.886917356310775,78.24310968418675,78.34393313808891,1
28.379290026828443,78.22081582790877,78.33656954277258,1
35.43151619887716,78.20542335794914,78.33144512848628,1
38.48594393225705,78.19014356184657,78.32424507869796,1
48.47161869360279,78.18570838762008,78.31682948117361,1
46.02210159095686,78.18385823182614,78.3095536821958,0
55.411501898693686,78.18036471794981,78.30194254481336,0
51.62849039345181,78.1781065692654,78.2962945024241,0
55.4489120369523,78.17849056373947,78.2910098112048,0
58.66654754835123,78.17941515620704,78.28409755931641,0
47.9902915092858,78.17761682019088,78.27783525197972,0
51.66885220631164,78.17210712510867,78.27034323681607,0
51.315438237777514,78.17128586001495,78.26520647321566,0
49.75941071102132,78.16452738906771,78.2605316728369,1
47.09284680720156,78.15404090293679,78.253088877537,1
42.969007687920886,78.14238040799766,78.2453732741428,1
41.24418120654811,78.13268660894738,78.23953612049888,1
48.5301102447325,78.13113810945242,78.23454788300772,1
43.41515031855506,78.12730357201737,78.22968022078805,1
43.29865210190675,78.12923850200555,78.2257025429346,1
43.08491935974914,78.13381384854706,78.22261004012516,1
51.146129967073925,78.14403848951136,78.22102604057314,1
44.41540464478969,78.14874542958178,78.21890891399266,1
44.91133960433361,78.15232701597172,78.2163736746617,1
50.66284540740079,78.15185755899353,78.21404304866189,1
52.025280993275,78.14988875566732,78.21136594060435,1
59.74118886471255,78.15404303788623,78.21143110470668,0
68.42223763330038,78.15933266025601,78.20915453329886,0
68.59084317461864,78.15874923371433,78.2062855417853,0
69.03625345048727,78.15566774885869,78.20220229582245,0
70.29266615494514,78.16191888806233,78.19938765154754,0
60.05514699877955,78.1661516944796,78.19428641126353,0
63.54516637497315,78.17104383189715,78.19138623968483,0
58.03358586096147,78.17882923895345,78.18750509767456,0
50.2164531967714,78.18541606298126,78.18518292758905,1
45.98621321784856,78.19773383013691,78.18395770885064,1
46.07808320433183,78.20562579976847,78.18059993939548,1
48.991242206783774,78.20962552900914,78.1786838847622,1
52.65467597564285,78.21584190315278,78.177170995847,0
54.51674396690941,78.22210703696872,78.17700416092293,0
41.31354136846568,78.22595311205443,78.17757728966903,0
45.01511397721198,78.22708673433036,78.17779353727197,0
44.72627556321045,78.22737501137146,78.17816315664096,0
39.794048016849715,78.22068107864142,78.17509821611779,0
36.85379317335293,78.21726058134831,78.17253046996294,0
40.85966803833145,78.21412177017956,78.1712354894724,0
34.727374829666076,78.20123836033127,78.16898347055779,0
32.295890927349376,78.18366673887684,78.16606395798172,0
30.245615698169274,78.16242478771775,78.15995302828968,1
26.876967643677503,78.14495729275792,78.15555013379623,1
37.866075328959646,78.12870743977275,78.15362675378195,1
35.26860837103827,78.11471532356975,78.15184620952795,1
31.531568481933945,78.09751956273631,78.14822472159969,1
28.218572390629177,78.08237535938008,78.14439781668796,1
40.39990104381476,78.07799181853844,78.14209629995639,0
40.683590593583446,78.07406450264713,78.14004021717905,0
40.656012079652484,78.06919357436382,78.13613148196106,0
49.80440276425574,78.06308026860717,78.13267336449891,0
48.05099942524548,78.05644341872379,78.12835213784074,0
42.940681154601776,78.04479968966277,78.12315797430523,0
48.84975906399869,78.03636463225355,78.1210764144941,0
51.72109627519416,78.02322927648335,78.11824239782185,0
54.2807281131303,78.00826944039791,78.11295658879415,0
54.38578904620402,78.00121686088764,78.10977400484576,0
45.59576286760768,77.9917004691962,78.10759429646671,1
46.2986863835956,77.98166353960755,78.10694874211634,0
44.29907911275775,77.97115007083507,78.10436885531287,0
41.62143507084002,77.96328180602606,78.09892143661118,0
34.689805107917195,77.96527551901612,78.09514180708919,0
32.30616794278349,77.96848267352941,78.09124780240579,0
32.22753387376842,77.96357058125507,78.08552944686515,0
26.069304432335244,77.95301977879755,78.0754387252424,0
21.70196221842292,77.9407530000642,78.06502774979266,0
25.163486034973857,77.92905100274626,78.05508741139779,0
17.925380810115158,77.90858674261699,78.04478797340578,0
18.127284752188444,77.88357017798019,78.0335127861042,1
19.987628515251643,77.8596408612322,78.01837061129946,1
19.150975547215793,77.83539819435249,78.0030995781375,1
25.81959857821812,77.81255277217255,77.989873553224,1
25.821205499550643,77.79300364485633,77.97809233270428,1
28.520922829727482,77.7712772903022,77.96481977539004,1
29.848427867363725,77.75140543397778,77.9523438936211,1
18.068298891837884,77.73469539479811,77.93841721395454,1
22.440982180811773,77.72052400815458,77.92645191252622,1
32.04737603612496,77.7089147620995,77.916993776114,1
56.27251499092555,77.70366896590524,77.90932279642368,0
66.02250430973046,77.702706140014,77.90320099141108,0
61.442296887005455,77.7021381306137,77.895926477253,0
59.49371285367688,77.69524091685992,77.88690141257204,1
68.5937143655043,77.68993419427122,77.87837866532678,0
66.87997947810248,77.68507246925142,77.86917718974395,1
70.09945090183065,77.68880113519725,77.86012448558915,0
62.28654743208179,77.69300766593786,77.85128081161922,0
63.584701001203214,77.69781167677874,77.84593965065271,0
57.34747948120773,77.70128294110042,77.83839691730662,0
61.283706781954734,77.70938333181695,77.83161741075915,0
57.6671186173935,77.71547633088377,77.82406579952047,0
55.450461163521396,77.72264334372095,77.81869022007515,0
51.554248644940046,77.72676008895779,77.81560767372001,0
41.484179588690026,77.7311945689614,77.81258724318567,0
35.77222599927971,77.73420665750425,77.80701946248263,0
36.08869183893113,77.73661429670594,77.80110348287558,0
41.2125712439624,77.74105263370716,77.79583044234288,0
29.56173172375358,77.73960297602193,77.78934295918295,0
28.903012618715778,77.73271940161378,77.77888480934413,0
20.503583591614643,77.71836361640017,77.76704244192489,0
21.47012136143863,77.7008748491382,77.75587350132083,0
15.627843544538976,77.68182245417492,77.74342335148012,1
27.07006537809916,77.66844845367739,77.73170342655348,1
18.611293214124117,77.65107278119426,77.72088790193936,1
21.37598712291377,77.63553075851493,77.7088436402485,1
15.029814734404695,77.61335833853454,77.69617611040964,1
33.41490958360744,77.59996742008289,77.6879600034932,1
46.268789625071925,77.5930215514486,77.6826615268771,1
44.83740395668231,77.58694862232014,77.67649617855619,1
51.37341588493052,77.58225808610493,77.6718552293581,0
50.442917783116854,77.5811182646792,77.66805307705812,0
59.89470837813626,77.58411607978549,77.6670239295789,0
65.5327329017397,77.588774986165,77.66500746057959,0
67.62887864120137,77.5934279101674,77.66256533784087,0
58.10115381040704,77.59154087992007,77.65820758194864,0
58.59032994078424,77.58822857784484,77.6551870024945,0
55.90756207619079,77.58449914060682,77.65332889855992,0
57.89695564359443,77.5844984158028,77.65152192440557,0
54.02551088271608,77.58385628157751,77.64899262492835,0
56.29803096716973,77.58206671135245,77.6464410552738,1
51.07200646646453,77.58322512574092,77.64530720712432,1
34.78561451358648,77.58321222768413,77.64254896481276,1
38.05366209261659,77.5807499144366,77.6389822834591,0
38.10601800210339,77.58316082032991,77.63695077212881,0
40.530705192493805,77.58746944742715,77.6353205030985,0
32.9749430665306,77.59692955781995,77.63438575994651,0
25.347998747343055,77.59371036396605,77.63156599116039,1
23.07062433591011,77.58041479639517,77.62661784217333,1
41.099656201014376,77.57590634707158,77.62329281254503,1
42.0873070746151,77.56573280735077,77.61668076593632,1
47.65981586555295,77.55976519521286,77.61087669913766,1
44.69654062557976,77.54691705864813,77.60493550079269,0
48.07652137012935,77.53216144354325,77.59977567125291,0
53.14704003184587,77.51869401668715,77.59406926680725,0
51.3400812642818,77.51330891873965,77.58950216174394,0
59.68162480087683,77.51183509729682,77.58440058733433,0
54.932057833893424,77.50775939745061,77.57922959116503,0
44.493501986733726,77.49954572993734,77.57221554566901,0
39.351872655563,77.49235818118868,77.56542272096367,1
35.91706470678403,77.48578261966001,77.55700077041102,1
42.20959143995491,77.47678199480899,77.5498294726944,1
51.26173771267417,77.47527813341368,77.54360288068985,0
39.95581470011705,77.47363047583602,77.53773043821039,0
46.297409721310224,77.4696469501687,77.53233172461172,0
37.96048117534587,77.46490665013388,77.52760050015036,0
35.492796523125605,77.45567172208025,77.52200873009623,0
36.960334063068046,77.45275268285737,77.51624601082047,0
33.53751222446512,77.4527834758344,77.51189004209832,0
39.18229725061233,77.44880340827478,77.50972641520943,0
31.473637315597884,77.44337224011589,77.5066842154226,0
27.50722998210027,77.42771109807725,77.50161119871329,1
32.56685541575156,77.41448906805385,77.49800214634425,1
39.013181597549725,77.40322195603096,77.49368507219434,0
40.77480403382072,77.38980177210627,77.48956086317206,1
42.21880568325202,77.37615590061833,77.48575221858529,0
40.98431818689799,77.36404346666595,77.4846746385869,0
37.92683762216113,77.35305050374508,77.48046282462991,0
32.59475304961663,77.34471750289225,77.47289392624647,1
32.035051345611706,77.3393719185457,77.46639203945388,0
31.609796024855868,77.33190495238014,77.4568595169211,1
30.84398117161794,77.3246782910746,77.44725348325257,1
29.420177857195426,77.31404463825949,77.43557430407945,1
36.58874528866065,77.30819838515626,77.42549979780689,1
40.19092960404871,77.29992982126086,77.41493248904911,1
55.851911160912515,77.29184088544288,77.40772050235947,1
60.714186884531465,77.29004672567012,77.40273598922634,1
51.75425256807902,77.28560908384436,77.39668998811548,1
60.73843681723223,77.28502220414205,77.39209955743401,1
67.4560248931095,77.28754532097955,77.39120203097023,1
64.17569421145002,77.2932872565004,77.39117243348178,1
63.61727430040199,77.30366702798048,77.38978795960912,1
70.78864722962547,77.31854620039157,77.39213573542722,1
72.6213964104295,77.3348006180566,77.39530535364234,1
81.40812695339906,77.35186390688025,77.39704209779218,1
84.76647216885814,77.37327229641451,77.40007335818022,1
86.75705871497024,77.39607124676164,77.40433131416357,0
82.3516812522571,77.419242958656,77.41067586250588,0
84.86313637815032,77.44404969821821,77.41834788697568,0
85.34662326424495,77.47040682607928,77.42419223105695,0
84.16358279425845,77.50062214551878,77.43081525218831,0
80.08335219261696,77.52698012133908,77.43413945370304,0
70.85201446281333,77.55061911675122,77.43705512732069,0
57.068615008239114,77.5649831316892,77.43862847306528,1
59.11044520627517,77.58179861067813,77.4401743266455,1
55.88139562561927,77.59432092077834,77.44012530317495,1
49.79319502679057,77.60459919190268,77.43984162706869,0
54.35099531789736,77.62315402225767,77.4428478380383,0
59.16996194109438,77.64189109387154,77.44903770300769,0
46.48704011089039,77.64945498827288,77.45404075380391,0
36.56989849714856,77.65313956646449,77.45811521220358,0
35.387448826807244,77.65608742951392,77.46151013349109,0
31.42595648593135,77.65036860659495,77.46217192469973,0
25.547653017120837,77.63706178266663,77.46067787637459,1
25.391918590701607,77.6234669878197,77.45857011285258,1
31.305347483183752,77.60762219383147,77.45715957565926,1
37.68135974940298,77.59062386069316,77.45831216960873,1
40.06743823769912,77.57320211722113,77.45885563625139,1
37.13058382865106,77.5541649196414,77.45890046449847,1
42.25575529528757,77.53443420518406,77.45844454982065,0
41.035401172229086,77.51427817106287,77.4591776245671,1
35.93201309465137,77.50095911999543,77.46343866247031,0
30.011239461222658,77.49188944446561,77.4680152778854,0
34.70622394695228,77.48587083828036,77.47168802596504,0
32.70294835014403,77.47257415325288,77.47328327910414,0
44.531788378583606,77.46759273042429,77.47670003509732,0
46.6457129824585,77.45988998757056,77.47818023543054,0
57.4580030285432,77.44760777850061,77.48067074794052,1
47.327157068489214,77.42495736098617,77.48113364624527,1
43.60254637512735,77.40798210135355,77.48148482692706,1
38.398761033652725,77.395285723571,77.48346752067992,1
41.46374359285326,77.38545706028079,77.48582164117356,1
57.54630842617517,77.38858231635645,77.49198699593852,1
53.23940759315073,77.3948708209241,77.49534685068173,1
56.73009663531243,77.403736403018,77.50009274555545,1
55.72704695953061,77.41204284809065,77.50524036071837,1
51.21536355515575,77.41529103290628,77.50840989250318,1
55.709288991688844,77.42250696941402,77.51361479047925,1
64.00643635171846,77.4300550004318,77.51691358301439,1
61.922726038308156,77.4392174571745,77.51911340429864,1
71.6901584312521,77.45480696993776,77.52378550994203,1
71.19615206877735,77.46835470011027,77.52931373132223,1
82.61760612652338,77.47969492857077,77.53247476915709,1
84.33622940627673,77.49547118747549,77.53595625373258,1
85.96645222445918,77.52134294034653,77.54107489249066,0
80.05529903856629,77.53982447988668,77.54332090848621,0
71.04027990131723,77.55902108283647,77.54336016986048,1
77.03968012088686,77.57921249002996,77.54465856049009,0
74.15068900924476,77.60492332854612,77.54548309837642,0
66.09091314086524,77.62769999161276,77.54440209314045,1
72.20070045231869,77.65184860626574,77.5439581049787,0
71.84230837376788,77.67762754208982,77.54608060947386,0
70.65802924243079,77.69303438041683,77.54895310140476,0
68.16346394942067,77.71058807916522,77.55358882967214,0
55.71358851110488,77.72380412120444,77.55689494976596,0
48.284554593720955,77.73199184665069,77.56030873106731,0
47.16800044098287,77.74073923938172,77.56286591149481,0
40.98226827250252,77.74721796224229,77.5632403664731,0
24.024289450010556,77.74962570065307,77.560007425727,0
25.41550335351897,77.74800212646798,77.55853225957668,0
27.791679242515187,77.7405599005555,77.55875364357844,0
32.38870411523543,77.73635729564462,77.5614216777745,0
31.685909116917657,77.73205793296562,77.56515049970535,0
30.6207605605116,77.7206221761016,77.56938041110656,0
25.297241989701746,77.70418882961975,77.57336362921068,1
17.37871226768324,77.68874865568219,77.57577149322648,1
23.515199606603744,77.67642997891744,77.57768261715019,1
22.053951123314548,77.66096165535848,77.57976237574503,0
17.702896360970755,77.63750958326764,77.57882096382694,1
41.84415517766257,77.62846424444257,77.58201410884386,0
44.080797300013764,77.61817870121487,77.58551831703953,0
44.14590012043578,77.60608010584606,77.58812900381412,0
43.928616454488534,77.59024167671939,77.58829399430628,0
40.701903488633626,77.56967542550719,77.58711066456286,0
40.06940291897195,77.55061862747712,77.58811273945567,0
36.18883651251904,77.53600841300769,77.58767500410067,0
40.29009200758656,77.52511763015585,77.5889569685289,0
45.37549407367074,77.51473285324451,77.59009039637067,0
42.13216685177338,77.50525540240706,77.59212664229534,0
36.905954550364925,77.48934774417746,77.59107851670625,0
34.35805107319209,77.47285793701658,77.58978252895666,0
33.92275217894317,77.45101034033262,77.58764298979524,0
37.47218312706708,77.4262363499475,77.58021211314176,0
21.186765644176006,77.40788426261247,77.57458578778191,0
17.60951460882559,77.38532153661329,77.56599768264878,0
20.946203417416157,77.36641821104351,77.55752163840764,1
21.174686464919105,77.34145537918324,77.54814835566097,1
24.788982591160448,77.3179535117374,77.5379409926744,1
30.644704587310414,77.30572555690013,77.52908918641427,1
27.91812302404803,77.2810180241596,77.5187343356379,1
33.231560391610515,77.26108238444195,77.5080284828412,1
40.697043149174036,77.24679545897581,77.49950530736034,1
45.136043778503065,77.23802260506896,77.49162506490556,1
56.939448147539295,77.23546126403991,77.48310669518864,0
60.87736989023246,77.23646769842324,77.47416264268634,0
64.9941393038865,77.2381194973434,77.46699301108337,0
72.93431281923483,77.23895131392803,77.46092906096554,0
67.8561234777583,77.23742368190082,77.45337487311902,0
67.19685906818516,77.23434607394167,77.44389574045357,1
58.34965036308809,77.234716543628,77.43388513751235,1
71.47205637979422,77.24276529348136,77.42614920384291,1
71.85760976725595,77.2534618446799,77.41797671083127,1
68.56297656017111,77.26729473054164,77.40991625319168,1
72.97696792895144,77.28248555840744,77.40334477947881,1
65.4380393155719,77.30021522463178,77.39656212401972,0
61.59535107228911,77.31784871389235,77.3918643853043,0
61.076117292508236,77.34006886873348,77.38788020740166,0
60.809443174121135,77.3633017432106,77.38437450506171,0
55.17061546696637,77.3826126271863,77.38228395702755,0
48.37080433153112,77.39997675666069,77.37952418771499,0
43.08694202732141,77.4095796870292,77.37563639743067,0
42.162517128550775,77.41083182350378,77.369295118504,0
49.00127533745871,77.41134136517556,77.36333843778952,0
48.23271048589056,77.40536620187395,77.35700430549758,0
28.768238547495827,77.39225639093696,77.34938966721323,1
27.32125924575034,77.37787863921582,77.34264500449682,1
27.676609542309208,77.36175209445618,77.33505790718104,1
18.00291896995087,77.34783638717565,77.3281247658459,1
19.735369031267368,77.33900497947666,77.32449389893716,1
36.47049603889091,77.34225377300945,77.31940094893908,1
36.80731104663921,77.33852591152615,77.31428808796741,1
32.14153191529806,77.33262731138589,77.3085955930472,1
34.10835821659384,77.32780216656667,77.3049404491306,1
45.17563894974501,77.3222188835618,77.30436216270066,1
49.39976108357936,77.31880408028394,77.30383630514245,1
58.37554779597704,77.31570232351417,77.30374194950689,1
60.32123432455918,77.31358784942479,77.30326829510926,1
70.75743375652122,77.30914805922109,77.30214058745233,1
85.55492642531341,77.30609441435236,77.30261956180567,0
88.32792412630306,77.31098440149937,77.30817885064374,0
90.1453215808882,77.31917576683794,77.3141635293592,0
79.51290730602156,77.32673552017863,77.31958519044241,0
77.0354191591646,77.33331441787755,77.32616966496155,0
50.84554166698478,77.33815850881902,77.3291140039802,1
50.90770967973162,77.34727912702807,77.33417270337914,1
59.84085408749767,77.3600422653066,77.34009462620206,1
51.89244672618389,77.36904789246881,77.34609491249527,1
47.59603180363334,77.37792959992017,77.35211520111899,1
52.65449457693457,77.39000009639842,77.35820371473648,0
54.39390795122299,77.3976679484646,77.36606091866109,0
57.76913536805007,77.40891166953932,77.37341980200637,0
51.03030170233102,77.41553679073215,77.37609212574974,0
52.415742860801004,77.42341344454844,77.37909678492238,0
41.213208478244596,77.42347255371828,77.379566678572,0
37.41638230456557,77.42059680762281,77.37748794882229,1
43.53436845763744,77.41814151982359,77.37575075849897,1
45.13512443791287,77.41494882754645,77.37366730055663,1
55.63548107940322,77.41490405803043,77.37313273790419,1
51.41025952253884,77.41163991005538,77.37353709625117,1
51.97933405637069,77.40798333422491,77.37748556688251,1
59.775947597062505,77.40570593535607,77.3793397861091,1
61.91666680515732,77.40924292921515,77.38189762425651,0
54.46412189263581,77.41042089795529,77.38342013192701,1
54.72731310196527,77.42177582424678,77.38483011031593,0
48.99143712957133,77.43172512077172,77.38677666183511,1
54.18086835821042,77.43571851416354,77.38724254631053,1
54.64337641051957,77.44580273276166,77.38838845810653,1
64.46309553834692,77.45723291383393,77.38968766936833,1
65.3429170847848,77.46298673338781,77.3903533572171,1
68.87591112398641,77.4717420007942,77.39476701631447,1
72.61837029219218,77.48216848459572,77.40245532103297,0
72.38222064401799,77.50026815585491,77.41186665869019,0
78.37261516848359,77.51814313867004,77.42181749432018,0
76.3275232576184,77.5417071233343,77.43410304715614,0
65.88284751396476,77.56353633463537,77.44599992630165,0
63.70344698605403,77.58317632866007,77.45786983427665,0
70.18771347280043,77.6026368286538,77.47002119423567,0
63.05235355205287,77.61805762849315,77.48122123443117,0
63.08892237282327,77.6353928265524,77.49209223508146,0
54.024386148577825,77.64077120250944,77.49689253868252,1
47.154916427243286,77.64061406535112,77.50017504763909,1
48.5141915460671,77.64055771108407,77.50506978413577,1
57.796349132037676,77.6492239795484,77.5119888571197,1
46.8537223671242,77.65132904160978,77.51647417353512,1
39.155118079217424,77.65498229684033,77.52124794845767,1
41.70090209992147,77.66394179220842,77.52653833378822,1
37.749285879130326,77.6693460635914,77.53069174377319,0
39.513880464354294,77.67504194117168,77.53604522214857,0
45.134230595037295,77.68325942237456,77.54121936042597,0
50.166634423643245,77.68879637412759,77.54589180536578,0
44.807585004479115,77.68470762178762,77.54866806301285,0
43.05198193593684,77.67530615584478,77.55129491295665,0
45.227705255547605,77.66543299523103,77.55466492526158,0
55.352146672957,77.65483184699636,77.56077238242709,0
61.03809885105139,77.64887902033846,77.5666398836258,0
59.66469863109622,77.64436378179451,77.57159844087182,0
45.6993337440951,77.63664896061184,77.57706162149287,0
43.633273364707655,77.62647667406075,77.58064006408742,1
40.33055255549449,77.61571559327547,77.58237843383229,1
31.315743918683452,77.61114559360854,77.58228359674008,1
32.163290184960175,77.60909898968048,77.58024997569557,1
36.44160810679993,77.60812746333308,77.58210605317615,1
41.40996200978924,77.6041722035334,77.58429236071369,0
37.31883747753417,77.60480104029679,77.58900556816653,0
44.70281750719357,77.60555152356052,77.59522983483275,0
48.595407205646914,77.60154305366653,77.5998989473254,0
41.849160954830225,77.5965010104741,77.60331261694424,0
35.917071473267825,77.58564686261208,77.60434234398122,0
33.63345698587142,77.57274627477267,77.60566190631287,0
29.44882181115416,77.55601212811355,77.60510332292124,0
28.778881323991982,77.53968949750734,77.60226148787336,0
34.82705135328625,77.52732181365799,77.59852646673379,0
36.12573850554391,77.51348464802244,77.59589042528843,0
36.0892791877726,77.4981197484009,77.59130995208872,0
45.364967719345344,77.48652393466165,77.58855940918178,0
27.78489198946805,77.46552963790919,77.58352289037009,0
21.081140236617472,77.4462398979971,77.57723648758706,0
13.259027464522205,77.42393954509805,77.56732271659307,0
13.369735268112365,77.4039251569887,77.55875380327264,0
19.311211895154656,77.38746499993177,77.54857279639512,0
18.556746935836344,77.36771748509133,77.5344695758938,0
18.529843015527888,77.34026890045145,77.51810635101477,0
17.17220527515336,77.30520486336314,77.49911705059093,0
17.612262560626093,77.26868155932883,77.47979534256434,0
18.739322806089618,77.23042125256993,77.46198380200657,0
17.26605636496292,77.19265223971031,77.4436893117455,0
17.039643539925578,77.15640194021272,77.42481866156781,0
16.327038724705858,77.12087265486568,77.40546835453024,0
16.09292467725551,77.09097148477935,77.38789336960366,0
21.563285346663505,77.06204023427293,77.37361093562663,0
20.1588561812473,77.03304456422215,77.35923368742176,1
23.32067828973173,77.00137376028596,77.34285288641453,1
19.87845922124602,76.96762909170154,77.3232524701497,1
24.19120957949025,76.93942769858472,77.30654941487872,1
31.914133061644947,76.90981642938814,77.29049306220091,1
35.38026485291165,76.88742665871843,77.27291683697409,1
52.20983233478453,76.87147012527716,77.25808611226134,0
57.977462231474185,76.86724192521066,77.24420271020864,0
58.53518149279017,76.86156775548179,77.23007713651553,0
57.86306931883812,76.852278733985,77.21396574033807,1
57.88854422421675,76.846040995911,77.19900292554314,1
57.98625737969362,76.84064040648789,77.18424005127201,1
60.08181775402103,76.84580068238374,77.17126412545201,1
54.52762842479638,76.84766774788801,77.15692970292099,1
62.82666382966072,76.85325490925379,77.14373415757271,1
68.38492447270636,76.86182516330636,77.13067386435024,0
71.61229308033595,76.87058723178386,77.11839397003662,1
72.55512288484466,76.8879179322773,77.11004485781686,0
62.510727245646024,76.89696655773199,77.10039375538626,0
62.73141065376507,76.90493272670156,77.09112578886383,1
54.84851430513095,76.91503246905214,77.08160707917044,1
52.91572675909772,76.93024147488724,77.0716984910362,0
55.40829398437419,76.94921552884614,77.06126980027479,0
49.75014680661002,76.95855532418443,77.04805112843377,0
55.579158835120154,76.96952759717307,77.03608349164593,0
61.17438689806951,76.98238437844842,77.02525336688684,0
50.816954630706135,76.98680320744629,77.01420699105023,0
53.60592252039556,76.98567627655993,77.00421447578779,0
44.735446175602355,76.98125994204432,76.99348260342418,0
40.87671814249154,76.9775821587908,76.98259375260898,0
42.69754628813441,76.97548121146701,76.97331961112701,0
31.162580293677877,76.97528179657616,76.96342404443926,0
34.95606469372859,76.9683624038892,76.95321522779872,0
29.9397258979714,76.95958699422738,76.94151660125158,0
33.57709208103783,76.94917459341826,76.92879442107534,0
22.388405953597612,76.93073145080345,76.91675458950796,0
20.137852941371904,76.91332257520928,76.90522704092149,0
20.025884083873862,76.88482369661833,76.89439851842496,1
10.522368581455396,76.8612848253592,76.88333762273446,1
5.953641531716698,76.8379726822118,76.87132886177585,1
10.888340960692247,76.81740151060406,76.86148068937553,1
19.424188056339233,76.7965132495534,76.85419623067698,1
31.371928873213818,76.77774710364672,76.85028669638822,0
27.124826223010544,76.75936601357371,76.8443249101317,1
25.933117210731325,76.73698984143627,76.83871092719247,1
38.84638369637322,76.71928215560195,76.8359053332435,0
40.93782620397175,76.70513002023483,76.83369822305907,0
43.83184358046077,76.68950468320864,76.83166728712497,0
41.75830180561486,76.67763480445626,76.82814793129496,0
48.69025998421125,76.66511416922461,76.82382332658965,0
43.051873479749254,76.64852770862521,76.81951286888824,0
56.397090210550594,76.63563253451998,76.81712755413288,0
58.71540165194049,76.62591313796257,76.81652884630313,0
51.857394221526484,76.61705824339029,76.8125688191738,0
49.6665081974711,76.6068824038287,76.80762081085157,0
43.025627980538275,76.60087652491924,76.80213453598827,0
31.670928517438938,76.58987632245555,76.79258951979286,0
32.240283613812736,76.58006530945883,76.77952787212425,0
29.09301618328793,76.56623610648728,76.76520496313665,0
15.169554232722007,76.55224740923623,76.75131633187634,0
13.578437394590765,76.53562711726926,76.73731513791883,1
13.425489133277523,76.51344173342198,76.72331676145062,1
13.051912291929298,76.48685088654128,76.70670677805124,1
19.110111389012076,76.46747249282586,76.69224680810686,1
23.90527737343642,76.44935961584311,76.67715280982819,1
24.8092054333284,76.42813772254438,76.6624303569387,1
20.06122010527332,76.40585391848903,76.64780489774114,1
34.48126023996009,76.39101154644324,76.63290473279135,0
36.84895216494334,76.37747682762833,76.62035203925349,0
37.11509666116132,76.36362481671456,76.60730016259485,0
44.06605714195843,76.3536608645298,76.5949642270793,0
44.866614929770044,76.33722473027481,76.57992085628791,1
50.064805358644925,76.31806346768813,76.56406802183993,1
52.88208311701094,76.30430304229196,76.55086790641681,1
58.90020221875061,76.29269517431231,76.53688784170727,1
62.80443165697549,76.28156955475224,76.52180860650981,1
74.71623596735189,76.28369571885156,76.51134652435496,1
71.55103237379907,76.28961771804929,76.50110444871999,0
60.07220212510336,76.29427390980675,76.49041055024165,1
60.80904618114151,76.30281553645999,76.48140968294402,1
63.964539216349685,76.3146102226683,76.47296674239935,1
59.29744751107281,76.33003712961346,76.46521889466554,1
55.39002223267383,76.3452358478394,76.4574561556313,0
59.60409041197849,76.35936007117839,76.45215603888727,0
64.69960306668318,76.37735271196753,76.4484240572479,0
72.62720829947712,76.3929075710423,76.44730080503423,0
65.70335360027266,76.4046583144358,76.44433919343174,0
49.877575495903265,76.40096561507735,76.43936150017497,0
49.12142325276147,76.39738323160874,76.4347914017533,0
47.31350587720693,76.39228617574808,76.42902556000938,0
35.855939629021464,76.38660114130163,76.42264407935832,0
34.18409082415255,76.3822594587474,76.41421933996551,0
36.31900059666582,76.37616811378761,76.40343642589629,0
27.830848505079643,76.3664350284944,76.3936955123851,0
22.798322048145593,76.35278149964975,76.38320450499268,0
26.018949777556287,76.34274199797494,76.371192543459,0
30.17859178446561,76.32609626399898,76.35973302186062,1
25.58381120443788,76.30630031710523,76.3478227022786,1
14.483534625104397,76.28837456847495,76.33470645584912,1
15.592089680362292,76.26789421666825,76.32252170192149,1
24.108856567145736,76.2487590469919,76.31305927774602,0
39.27415493539138,76.23207274218366,76.30379497773102,0
33.7254009791517,76.21375503073925,76.292592912742,0
42.46215984441038,76.19724625832617,76.28423124486162,0
36.98604408884922,76.17037567831281,76.27382136704153,1
38.80001658560121,76.14227047082736,76.26385838339748,1
44.135159504718686,76.12014716600962,76.25644753085338,1
39.788272757037056,76.10225713833722,76.2482382317263,1
50.16039429649499,76.08955488744529,76.24411891413651,1
51.95750921861935,76.08389882474123,76.24168612621138,0
52.18827714462535,76.08051771873575,76.24060031994492,0
53.02574183704689,76.07666396882863,76.23950823412818,1
56.796413133539865,76.07528663518737,76.23881072535471,0
58.0234321670367,76.07864635027656,76.23816505536539,0
50.52722946077491,76.08064112916871,76.23571711032291,0
46.12405699914043,76.07972461730091,76.23182730136163,0
53.11588789582201,76.07983304469023,76.22932467234111,0
44.22011220074146,76.07906948852019,76.22304587910939,0
51.866808733379656,76.0825763992614,76.21674628450234,0
46.22272915455311,76.07959549433156,76.20890997296827,0
41.481048881274496,76.07054636296063,76.19981347711835,0
46.45067452946508,76.05680805162514,76.19162830627116,0
39.13510790353698,76.04768195340993,76.18444030703071,0
29.23775579925139,76.0334168911921,76.17587678442167,0
25.683487139884804,76.02493896087923,76.1667188816683,0
26.39592623900809,76.01499313856672,76.15722781692328,1
25.246947894875717,76.00195704785001,76.14375206245276,1
28.332487027260015,75.99903305031114,76.13200436463104,0
28.27312929390675,75.98625870312614,76.12091283146425,0
33.37531439683468,75.97174863070796,76.10925936391055,0
27.715341519157576,75.9552644724198,76.09686201984552,0
30.319030081496408,75.93997386849868,76.08348292968226,0
24.7114035703526,75.92120046565162,76.06919657247961,0
26.214404780575848,75.89654914885548,76.05304068643622,0
26.765949957505057,75.8730813639431,76.03400857111313,0
27.762606973652154,75.84970896931823,76.01454786067198,1
28.422621965274885,75.82539085677237,75.99761768927574,1
29.659961301455837,75.80471322946254,75.98454492486347,0
27.974418512799147,75.78231857765189,75.97072042291961,0
29.908145234052455,75.76500510649996,75.95799754526902,1
35.57737953443835,75.75200046742181,75.94597320756642,0
30.72924057875096,75.74247885391722,75.93571606433908,0
29.866309376532698,75.72720220108367,75.92485394194914,0
21.99004096409334,75.71319971253175,75.91458265803662,0
32.544988860065104,75.70252863689095,75.90661773656478,0
30.09429757225142,75.68996188226423,75.89611577063899,1
34.92977816609688,75.67922875836652,75.88500506019976,1
39.366483336748914,75.66418573444813,75.87515853156822,1
40.271053753884985,75.65091921003821,75.86593068808956,1
51.54837984466398,75.64015957106571,75.85816550566955,1
48.27546158701031,75.62951459424718,75.84916423874763,1
57.931739247180644,75.62518959430875,75.8407296705323,0
59.39890783711894,75.62457177784819,75.83352327132319,1
61.82978374587241,75.62881907853055,75.82566981451797,1
56.35478392773777,75.63355272665,75.81927939044802,1
50.20667177530519,75.63702614885828,75.81245013188435,1
60.44394671436821,75.639913236218,75.8055241173591,0
64.24386867959252,75.64500409893813,75.80164370910384,0
61.54189354356032,75.65261259773689,75.79594350703624,0
74.489856456481,75.66161690192506,75.78908477614256,0
62.729445413560626,75.6651295933153,75.77981795739825,0
58.426609409203294,75.66424967500348,75.77075034680901,0
65.58500126495687,75.67013913033497,75.76279494000818,0
47.135234756479505,75.67095487120177,75.7515060664067,1
48.462243532368994,75.66894310320828,75.7419385261806,0
38.97446909159516,75.6705735444857,75.7324553415129,0
44.32326366798468,75.67454950731243,75.72289164524865,0
44.06727984021516,75.68030291376321,75.71565190166542,0
43.67427225800486,75.68575929175952,75.70720384508881,0
43.03942751546634,75.68426078071815,75.7000316202242,0
38.423232820555825,75.68107030637019,75.69337381611145,0
39.34898398822592,75.67505927037504,75.68803015803226,0
28.58350196220873,75.66207555168049,75.67928071063142,0
27.22176098786794,75.64817259257543,75.67157209507131,0
28.344122631375043,75.63335337772034,75.66264515718446,0
31.82670383020563,75.62082399506413,75.65478247448331,0
28.362603352867737,75.6080947843222,75.64797921194797,0
29.24726620633035,75.58905655105738,75.63765310940232,0
26.405425601472402,75.56752270485012,75.62844910772584,0
27.893165996850215,75.54531592152968,75.61851169247124,0
21.71254506138186,75.52742357802265,75.6086815996394,0
17.607988358474586,75.51160413743727,75.59940245438443,0
16.546352715909862,75.48953384206705,75.59012829057434,0
15.93003179230493,75.47017400950716,75.58095601066736,0
14.625797159482573,75.44578606010903,75.57102040464697,0
14.383741006689831,75.42340171863668,75.5619324412403,0
18.246892762249388,75.39809978769219,75.55197521761656,0
16.53069257166601,75.37138128274921,75.54231912298009,0
15.011227351535396,75.34154927211834,75.53089612287539,0
13.09080757144686,75.31376202640641,75.51953438818676,0
15.854943534437908,75.28945777837355,75.50835674049216,0
15.560303520754104,75.25787241308689,75.49418758170013,0
15.058350963936903,75.23163745516058,75.48105481226216,0
11.684716924377028,75.20022323016781,75.46638150212573,1
10.55702673845839,75.17021583255075,75.44972003544838,1
9.876887090246257,75.13693722244325,75.43357261055493,1
14.015905149713717,75.10375836156109,75.41779105322581,1
16.886027256600272,75.07609945159805,75.4024185962623,0
29.674601743904432,75.05299031581,75.38927755003455,0
25.48410261209949,75.0292503826018,75.37414801708569,1
28.32024402936969,75.00625923411826,75.35937945558783,1
26.94855831993584,74.98196605052017,75.34211303686901,1
28.615186489803378,74.95804905687945,75.32351920218686,1
34.30491496595657,74.93984634365499,75.30536691671715,1
37.858397682258406,74.92951065602196,75.28940357639576,1
49.117722109507405,74.91962494198195,75.27497195848976,1
52.52133278971717,74.91048014125879,75.26020197963287,1
55.95873404575777,74.89857104547833,75.24374590159617,1
63.472692984301325,74.89520723627096,75.22793397828902,1
71.71234621248921,74.8936826957461,75.21236070571517,1
75.89575959366547,74.89633621335136,75.20083938850658,1
68.3243149728213,74.90104926871257,75.18890741918376,1
67.17341750453528,74.90995836368589,75.17698250560254,1
68.95142538604846,74.92522187593306,75.16808830401824,1
66.15474726584262,74.94071541643312,75.15842896073833,0
72.54179044230915,74.96300517256194,75.15054526178541,0
79.92505911424146,74.98536623164428,75.14211774295853,0
72.53343859770962,75.00440255861335,75.13205845420235,1
68.75410650724811,75.01921698748674,75.12266062832545,1
61.18305922910986,75.03134138404901,75.11298025841802,1
58.33861162066498,75.04104449448677,75.10336913083445,1
65.75684615278587,75.05453243971165,75.09390230460366,1
65.31054886688783,75.07429595675325,75.08840736421594,0
64.19328019307633,75.09222663788708,75.0829885348418,0
51.9009926622909,75.10417795450165,75.07773340710828,0
60.556269138865204,75.11516143239557,75.07270693342234,0
59.94477039033164,75.1279274251486,75.06813503596344,0
46.362574370020155,75.13768407532736,75.06319691130416,1
48.55084403601096,75.14436838267859,75.05867224942041,1
39.65255849023667,75.14874291879025,75.0537315046194,1
43.159876878748626,75.14990294816968,75.04983113656539,1
50.15195844288851,75.15569047990793,75.04654195617204,1
53.39152956986985,75.16034402696647,75.04530657956231,1
56.21483521621861,75.1618978598899,75.04477784417134,0
59.373050441965134,75.1644846396052,75.0459083925368,0
60.511829037131065,75.16580959833065,75.04750841366302,0
54.9080897785995,75.1657286902741,75.0491693039913,0
54.633356946945206,75.16899187392946,75.05110269067444,0
49.52570860843823,75.16799090356957,75.05323728090593,0
46.72822214821131,75.16963589604451,75.05532980627326,0
32.612384266816036,75.1666453404395,75.05424415566084,0
38.605902998491736,75.15999163363894,75.05474999282447,1
38.19257768776476,75.15055439019214,75.05597413822858,1
44.65103190705772,75.14275355838672,75.06000066612937,0
33.197934908898546,75.13421022479136,75.06333116400452,0
33.09663932885036,75.12564050733644,75.06818824737961,0
40.03741150015823,75.119303295783,75.0743530096522,0
39.38036650811121,75.11697109760637,75.07954556970749,0
33.92508466676716,75.10964713608799,75.08133497753161,1
29.80562069250567,75.10376375166464,75.08353685224455,0
26.926495114508256,75.09144092909628,75.08390381455659,1
24.09527842384294,75.07550518828168,75.08395761127665,1
33.26241365478582,75.06087853098147,75.08643836920311,0
42.714231200712824,75.05333001546805,75.09017131289656,0
46.184749224703204,75.04277449841778,75.09121392949513,0
45.38199651322227,75.02716935771011,75.09052617995428,1
43.59135804634313,75.01044141299643,75.08915381268636,1
38.36862152296234,74.99154695370358,75.08829305396455,1
49.785909335255596,74.98306646372008,75.08838097188558,1
46.54600028002762,74.97320102789178,75.08713713913154,1
39.03464909316029,74.96821626686092,75.08299617706466,1
47.96528446383139,74.96962707591732,75.08218111570638,0
56.069450673962706,74.97257831464039,75.08102211861038,0
58.32860369749971,74.97618893946539,75.08038749154228,0
59.57611787294011,74.98007604413588,75.07907541508563,0
60.893635298768714,74.98125061673517,75.07548642504891,1
53.31200816218486,74.9748975293042,75.07016552871617,1
49.140265071690145,74.97287218316028,75.06693341952628,0
58.24008086396655,74.97916701511897,75.06531498858449,0
58.896216536907524,74.9827915823715,75.06411693157355,0
59.2624429705736,74.98889621215031,75.06304450162202,0
60.39745896384728,74.9964923331962,75.06074156867047,0
45.539064299202906,74.99668293259359,75.05539315953925,0
44.97811969979233,74.98922609842315,75.048971097111,0
49.987310259505385,74.98708810197232,75.0443779884834,0
38.89084699958607,74.9845380435393,75.03827682441177,0
36.13500731095358,74.9835845250847,75.0314166526608,0
26.16567382903267,74.98035614722336,75.02536188272293,0
28.107241885953158,74.9709029659588,75.01899480519768,0
28.022485724155203,74.96135585101446,75.01218231202121,0
27.54891490328083,74.94931958845262,75.00276283317784,1
27.453147308616067,74.93479838257994,74.99382427677517,0
24.708562484538433,74.92107790582239,74.98531567015274,0
23.844712934125155,74.90149717221388,74.97622721647188,0
24.189162149026345,74.88399191946947,74.96687832703132,0
25.294524589108306,74.868210650466,74.95644684590303,0
24.656181088424532,74.85012883838877,74.94392558796204,0
23.05399202561152,74.82547648908715,74.92952726558936,1
26.435306208272976,74.80098210738402,74.91851147011027,0
26.018269720280387,74.77511178089364,74.90630728551321,1
32.676587534229455,74.75408793866362,74.89802154091166,1
32.59427694897278,74.73001266298556,74.88874998040912,1
36.23435459757984,74.71254166036888,74.88018806760995,1
36.92858469940401,74.69616098239774,74.8703340667154,1
40.12171716055378,74.67695429471473,74.86147561645275,1
44.93423228919991,74.66590829586457,74.85438393982302,1
37.381330650270534,74.6508405389773,74.84403154993852,1
42.923978574053635,74.64146326095121,74.83515874806089,1
45.929190175952264,74.63416909498673,74.82880358875717,1
56.524929867523355,74.63858959341711,74.8261126487222,0
59.09464671832193,74.64343811460503,74.82356170738134,1
62.04189077998929,74.64405261898439,74.82124324905627,1
60.85424317159931,74.64457567621886,74.8187945282477,0
64.58571596536325,74.64739874068417,74.81385470655832,1
58.981010295829925,74.64948306640765,74.80956175422727,1
68.17496364870775,74.65429916922601,74.80729877050939,0
65.04564473790198,74.66373735048012,74.80524396295552,0
62.152588636434494,74.6746751791511,74.80277855576836,0
64.94573128034739,74.68394846804429,74.79886427183996,0
60.68724133975297,74.69752157669902,74.79603550503609,0
65.76723386044478,74.70640553237214,74.79329724711616,0
61.75879459699425,74.71822496678992,74.78818913675815,0
54.91637776826226,74.72534451262189,74.78129454680254,0
41.31492320996063,74.7355601144257,74.77408253669954,0
45.02387329860873,74.74520825905836,74.76752850242174,0
44.23106402717272,74.74701779846103,74.76069081251336,0
32.34776566365153,74.74873190277717,74.7535652993277,0
36.09402023591825,74.74984179464137,74.74594659265331,0
35.91226085277387,74.74778137618658,74.73624933318422,0
22.4214898453734,74.72968977519544,74.72487192585177,0
20.491813754934697,74.71123828231431,74.71249853544695,0
21.821331088511585,74.69396358758198,74.70023175081056,0
15.470395765566863,74.67363701348627,74.68957616060476,0
11.738655937030657,74.65318494352604,74.67943824459948,0
11.655668577171014,74.63297923868991,74.6679182089143,1
10.448503935701979,74.60552268947741,74.65569262888465,1
10.493926393410604,74.57626681189414,74.64231687767929,1
14.132672976212831,74.55319389318899,74.63191365415463,1
22.087309275141266,74.53102935296107,74.62291482664087,1
27.42998478939292,74.50946104893752,74.61527758420533,0
33.983150410174346,74.49028536251234,74.60968355674002,0
36.965099585618525,74.47488114146557,74.60422224031241,0
35.07353417083286,74.45887547328942,74.59641357378935,0
42.39059074824181,74.44080018741334,74.58980374277931,0
42.75282906078743,74.42046935934127,74.58211947837046,1
39.2991852127143,74.39916153021156,74.5730711644116,1
42.0854258748289,74.38278591241273,74.56662812893728,1
47.68712272914688,74.36805396282813,74.5629775821497,0
48.47603005560406,74.3542636499661,74.55756195021705,1
61.96780934830801,74.35138078162342,74.55537952614368,0
67.65197294504989,74.35271178471842,74.55194807386887,0
59.028388243816266,74.35242578676998,74.54919700032433,0
48.95813694111085,74.34951897475287,74.54436708635836,0
50.996263440844984,74.35036507227656,74.541119880551,0
49.33624664464367,74.35273192844154,74.53822926240503,0
48.22388693963615,74.36149780064953,74.53392843079862,0
42.03498605421732,74.36495489287492,74.52796261923834,0
43.04138827559177,74.36562340477998,74.52157771168612,1
45.30684178927554,74.3616911933936,74.5139236660036,1
44.20207796950367,74.35190199292519,74.50060254400856,1
42.187759031423404,74.34047020950655,74.48849639470063,1
42.89664476550874,74.32958561043287,74.4784354368918,1
52.89161625150189,74.328773789738,74.47009281919702,0
47.52971193680541,74.32858447431252,74.46227803623066,0
44.04353803175826,74.32961778693507,74.45417336658143,1
44.07173885170024,74.33164100232149,74.44400789764978,1
52.06510932684427,74.33543437808754,74.43530693998025,0
44.14117122859347,74.33344957016683,74.426487338556,0
46.229823388663775,74.3338915069936,74.41753916579678,0
44.6233200563187,74.33030080071717,74.40849121575094,0
57.071617147023275,74.32662416270759,74.40003552600305,0
48.504254655152444,74.32059805891889,74.39014623717591,0
49.156253167341795,74.31674404641512,74.38092689987566,1
48.88438426458899,74.30553337271262,74.36910918386576,1
46.76698134747118,74.29219573322496,74.35702425207167,1
45.98586937061382,74.27956622666598,74.3469478020806,1
40.84662828774943,74.27849729765072,74.33986877718776,0
40.69107104186705,74.27733688384431,74.33257574736731,0
41.221435290700015,74.27600302885153,74.32521232706958,1
52.05265874251501,74.28352595070008,74.3221370142104,0
45.19420996445382,74.28950009722465,74.31980112066476,0
44.64314675310899,74.28885972286578,74.31639389100533,1
45.0003760514745,74.28355180556632,74.31405873602904,1
45.780822396467244,74.27888349631053,74.31255745734445,1
42.859133684009834,74.27471262186498,74.31086671985146,1
49.85209634684927,74.27312726351553,74.31104972726503,1
53.651069414159544,74.26999207183225,74.3127970439555,1
63.10384368192162,74.27042619609159,74.31338025971702,1
69.01225423059536,74.27037437250033,74.31327717361248,0
61.76171300922515,74.2679457368125,74.31188509090093,0
58.40980958627796,74.2665369585662,74.3105361644246,0
57.36691275532985,74.26984210429939,74.30813062230945,0
58.094361743699636,74.27280489613528,74.30649866901402,0
45.44158763895355,74.2793652178705,74.30453519604863,0
49.182090252549045,74.28737930155631,74.30378822895769,0
46.73333841680695,74.28838018148502,74.30263526258999,0
35.87582219099902,74.28383694552151,74.30028919043127,0
31.500818866884444,74.2788507159701,74.29689444862407,0
27.63494907993801,74.27155246241048,74.29212785204734,0
24.199266214440954,74.25769858477354,74.28466413547045,0
40.48001542898138,74.25264996613791,74.27977639323257,0
34.67100959203866,74.24762499270307,74.27447357337856,0
30.285401794982235,74.2393935665556,74.27000857275013,0
29.318379170085322,74.2273315190657,74.26334403606012,0
25.165164130068447,74.21653543004581,74.25638812049317,0
23.10881774468382,74.20302859969723,74.24766204688412,0
23.62196542303724,74.1874879920212,74.24181028361402,1
22.596669724695886,74.16921609715557,74.23481733666728,1
29.694642296013868,74.1527019608349,74.22968148058901,0
34.36635914929795,74.13793293862737,74.22629746918182,0
33.20779576260661,74.11863134395833,74.22180061820531,1
37.678131721207556,74.10176554028999,74.21700259425229,0
39.00954302191543,74.08346696878714,74.20837594063366,0
35.98264374129076,74.06127582501692,74.1976117363304,0
20.282841987444257,74.03936663451844,74.18768776799104,0
36.8994636453932,74.02738870612413,74.18093434411105,0
32.453919959459554,74.0118966042774,74.17087408090721,0
31.16902171979065,73.99228188595082,74.16042737493768,1
35.39455256297944,73.97889469406832,74.15012912687723,1
35.87305507673322,73.9654480339428,74.13872302876071,1
39.47711683045544,73.94673744168065,74.12782170482178,1
39.13243453421097,73.92890462477779,74.11779619972212,1
34.67980222867703,73.91262864106503,74.10836241061008,1
42.34136877164948,73.9039751113416,74.1027207315117,0
41.78180653453617,73.89213902346373,74.09636543658867,1
42.508068765239784,73.88573985111232,74.09013149666265,0
48.11012392233703,73.88206966633776,74.08323923108884,0
48.366085568216754,73.87612499552712,74.07433258134039,1
50.3332124925681,73.86870898330343,74.06676386236977,1
43.26855937706372,73.86126639549732,74.0573936471007,1
50.817312885463565,73.8570610452263,74.04882499740597,1
59.088547185174185,73.85136215030157,74.04200356522661,0
53.821894631410366,73.84746335464334,74.03394056026447,1
57.92819325083512,73.84839507094671,74.02541636618487,0
56.165656317114355,73.85004930527073,74.01782244135333,1
65.28625459192423,73.84827054075399,74.01099165500642,0
54.951390587144274,73.8473818336332,74.0018299856276,0
52.84374811925066,73.85423790940952,73.99395206026486,0
53.056357601658924,73.85545827926944,73.98416268958488,0
51.745274754971796,73.86082537296072,73.97587488322,0
48.44214447908757,73.8646207292169,73.96705521308206,0
49.62021972694378,73.8671032150859,73.95670064403673,0
49.43850264173826,73.8707266408038,73.94753110847749,0
44.08044593054646,73.86640633891966,73.93753717993135,1
49.34336983263637,73.86877109855723,73.92892215538905,1
44.498690538243835,73.86601243387015,73.9211843976167,1
40.22540321762959,73.85683306322046,73.9124376781684,0
46.76543687318513,73.85658050495958,73.90542449693619,0
46.52421969577928,73.8552125833917,73.90022791076225,0
47.004742607118104,73.85619148844702,73.89679080857009,0
49.49850440010833,73.85438573963108,73.88951930680325,1
37.602956847831294,73.84600268560934,73.88135464238911,1
48.268980605602984,73.84359820232407,73.87562241457186,1
45.23888876851618,73.84096761439659,73.87087080431722,1
46.906565274316215,73.83907462987665,73.86683812128567,1
54.27103262652187,73.83691610199527,73.86454665592564,1
50.93679725828083,73.83827984056238,73.86214672504407,1
55.880043290133166,73.8364973507104,73.86086456168678,1
57.73888460141056,73.84284256158989,73.86021892988687,0
61.04818245709561,73.84684130681974,73.85943823049695,0
72.38662594985222,73.85339387785746,73.86096022664172,0
56.49348507656556,73.8578398033369,73.85913034925548,1
59.72960185990002,73.86404966904124,73.85976418857913,0
50.293851434333625,73.86855031634633,73.86044697646312,1
57.183510118931835,73.87287915047618,73.86232716177214,0
67.57962212069529,73.88046311167149,73.86241415983564,0
61.75524474876932,73.89217493678,73.86454901116946,1
61.20760314530696,73.89906572821886,73.8681380338434,1
57.84849806671804,73.90467347333548,73.87053942246912,1
50.65156535573933,73.90529275657671,73.87272869762367,1
51.28683066235984,73.90781876921406,73.8739518378166,1
59.1441960253618,73.92245891080776,73.8787763568011,1
58.15887455773945,73.93601339698587,73.8849763169402,0
54.35403519024141,73.94700643052917,73.88808333199226,0
51.822081720078835,73.95734118848607,73.8929189872946,1
62.325497872964434,73.96602021954352,73.89665880329812,0
56.81068938030765,73.97526885003516,73.89942639852303,1
60.165842211048925,73.98087985856051,73.90276650690015,1
57.43429228444539,73.98309734176017,73.90597427326956,1
59.67725947023592,73.98791668693244,73.910098347071,1
54.98632030130704,73.98747755312995,73.91312682980316,1
63.303070553246016,73.9987245950633,73.91807532716018,1
69.04905365843186,74.01116396481106,73.92524443264622,1
75.05606357176381,74.0297322327579,73.9329818411876,1
69.23896641235632,74.04165916120836,73.93897110414719,1
64.40604432161791,74.05362180871234,73.94455466701898,1
60.934393762697894,74.06670536687479,73.9522784244661,1
68.18147549210664,74.08160744671889,73.95908584876715,1
71.88011288265834,74.10198422173895,73.96914979945691,1
70.5419294444603,74.1242642127159,73.97810423352573,1
75.80548682002814,74.15324744237029,73.98940252307796,1
82.4996949851053,74.17691036372551,74.00269921625694,1
79.98298219963371,74.19585041712581,74.015025827469,1
82.1881758664881,74.22452497902539,74.03133078803455,1
88.04406178243036,74.25488431979083,74.04736427578806,1
83.04390315692518,74.2836015316784,74.06369444242142,0
80.88525545459278,74.31299168170439,74.0818898459166,0
81.03760805336806,74.34724798874234,74.09903350041324,0
89.53912713392786,74.37973371834978,74.11578272725279,0
89.26105544527965,74.4101135497826,74.13166717160522,0
82.03182504374742,74.4405229575752,74.14758171698082,0
69.4228211782455,74.46011074716621,74.16371855178294,0
64.99707031118379,74.47549965044631,74.17800501189511,0
66.59869694591106,74.48967816462735,74.19246606127992,0
60.752703209514756,74.50908555155209,74.20697547281736,0
54.986392648982246,74.52558325036667,74.22002152636755,0
49.148422053498294,74.53724901960072,74.23186609608142,0
29.103499109142916,74.54451690403684,74.24229367009774,0
30.927477694804793,74.55020065863154,74.25209303827357,0
30.19513773763913,74.55442269697609,74.26113678958826,0
28.11611004373023,74.55123442731005,74.268538742859,0
22.00360785289533,74.54590557482348,74.27792552485158,0
20.90927303335927,74.53960002920438,74.28524597153427,1
18.38798849777629,74.52407955099508,74.29354248189405,1
18.29668291652513,74.50349328366,74.29960992906157,1
33.23591349999609,74.48842712849533,74.30688004915096,1
36.953766302964034,74.47513226926779,74.31507277891171,1
43.08052836867018,74.46365445155169,74.32486898974638,0
47.343755599739026,74.45694578873231,74.33669165341152,0
41.38380983099196,74.44283782792623,74.34668520014502,0
47.16244707608513,74.43219230853032,74.35733113270732,0
48.570010779433126,74.42482950007023,74.36466678748792,0
48.8151358783089,74.42047366194011,74.3717891178768,0
48.53142404106202,74.41349297608198,74.37906067950102,0
46.32708288823663,74.40180431240347,74.38476072238431,0
42.77044960939253,74.38757216702746,74.38864230536112,1
43.7204537523676,74.37643594779841,74.39233293518673,1
49.35763889183821,74.37089161531699,74.39829837280031,1
53.385145576564845,74.36296562255727,74.40404035059241,1
43.93188805511063,74.35345180941796,74.40735083858247,1
49.37355321953043,74.35165144033951,74.41420829774283,1
47.29036204713336,74.35271324530449,74.41952098494805,1
44.73189624886752,74.35793140669304,74.42395294828705,0
58.49619861830154,74.36903908871203,74.42926522427571,0
50.67775063692956,74.37784869235824,74.43408574152154,0
49.53564817593887,74.37978358448784,74.43734475946115,0
48.48616871140716,74.3821449293457,74.44124860390008,0
48.25072976877116,74.37837953324751,74.44357782435783,0
51.04920531254007,74.36947754082895,74.44368898104753,0
56.77527045919947,74.36734366040247,74.44391697921965,1
52.53779086607156,74.36039042128911,74.44018832427484,1
47.554479343566044,74.3541097476103,74.43554654104183,1
50.17517867714208,74.34722208342794,74.43233778439767,1
57.78899765425092,74.3447106043099,74.42713492961484,1
54.029933896299916,74.34864675157851,74.4222656950994,1
55.412882559391285,74.35985208725977,74.41914252759366,0
53.98985600170563,74.37316567187563,74.41640253125522,0
49.854770488578666,74.38473502884924,74.41329318884308,0
60.03981780523898,74.39629830010492,74.41066618329447,0
61.92965567610902,74.40956535211407,74.40713155951508,0
51.596725179349804,74.41336682582008,74.40334584504079,0
52.283219668919315,74.41318299075408,74.40074988238321,0
51.99098297944335,74.40971471096556,74.39763897249475,1
48.90016486504001,74.4004671054457,74.39358080060305,1
58.331367762520046,74.39733649369133,74.38938611837723,1
61.71353952121622,74.39751888773375,74.38611901440798,1
58.85755964200208,74.39617246799932,74.38481798325952,1
56.845757732545884,74.3982845728687,74.38508489189057,1
57.308712823960036,74.40477546214034,74.38551890245105,1
50.89078636770803,74.41147202325729,74.38673670973213,1
54.8951408059867,74.42497134241717,74.38968309031769,1
56.0270123930567,74.44108320683709,74.39361759384728,1
60.58978757621665,74.45784913839421,74.39963742807359,1
71.35995577179116,74.47727027183886,74.40841121795235,0
81.36305670468275,74.4951040865167,74.41891001624207,1
88.25282679907723,74.51024092751689,74.4278680472023,0
91.90147171340743,74.52445949652017,74.43613342215617,1
93.99864264056644,74.53629816263906,74.44235067327803,1
87.82603060994279,74.54587543768994,74.44623804287752,1
88.79927964615939,74.5600193365132,74.45400416294986,1
79.35703052375464,74.57434967635636,74.4602087921712,1
81.7998750218682,74.59556246470218,74.46904306823598,1
78.2683847770324,74.61729129860264,74.47636602715977,1
83.30187305293785,74.64954542297147,74.48800177935884,0
77.18193294575448,74.6784904457183,74.50006057170317,0
76.67658792709037,74.70758494086485,74.51412412394295,0
71.8984223436111,74.73470426615242,74.52812531060113,0
61.992979908177155,74.75840124031458,74.54008874188962,1
63.710001570925776,74.78172552847101,74.55302286481654,0
57.42946006745971,74.8017622400638,74.56606088199047,0
53.96472860319721,74.81676874972817,74.57573001407314,1
58.14545784766259,74.83199032870365,74.58532842720695,0
62.882248286029835,74.84607261267334,74.59489391046571,0
53.75234428747897,74.85116164614642,74.60126024092611,0
59.86096418161355,74.85626808507558,74.610277773329,0
54.63024705967936,74.8614502267413,74.62053470410368,0
51.18684456530254,74.86359333765421,74.62871278547958,0
33.31393221457243,74.86478214102111,74.63691171638747,1
29.41565021516945,74.86139934576043,74.64300676485011,1
37.43774178064213,74.86045160184983,74.6512473395288,1
43.09946619402875,74.86542330943867,74.66222194743102,0
41.581663015616144,74.86170889973248,74.67208272908485,1
40.449975767017065,74.86083797723468,74.68181238468246,0
42.079181486386226,74.84967544517588,74.68998771570524,0
48.12030201826687,74.84332794578245,74.69793304938474,0
44.06455671939221,74.83474610282272,74.70408173016813,1
39.626781324925666,74.82613226887835,74.70931194940222,1
43.3060279693051,74.81903270142149,74.71380781091851,1
38.17663699809032,74.80678018578678,74.71721561908929,1
44.09989828232088,74.80202459867756,74.72304458061586,0
50.95959813492142,74.80198268312085,74.73117635699346,0
54.59322135799937,74.80051418274903,74.74026090400493,0
68.23434715303597,74.79988256645404,74.75096105266111,0
53.779252889383265,74.79854775963881,74.76049250260334,0
44.09796465745727,74.79179665325705,74.76806183715529,0
51.77657368801377,74.78607850356532,74.77595855043631,0
51.49443894900491,74.78530881430342,74.78436732400121,1
55.60087861083901,74.7877359138344,74.79269225277375,1
42.931327818958714,74.79060961642031,74.7973404265621,1
40.916189937366894,74.78517700670139,74.80072933290644,1
44.1798801731411,74.77795072475281,74.8034137003653,1
54.595007558060715,74.7818362887258,74.80838396184033,1
60.76493397271728,74.78697943844018,74.81346450470085,1
61.24227177664065,74.79856805070581,74.81850682725201,1
59.74066908123793,74.80843918791223,74.82326708994295,1
60.35566386064473,74.82079238168751,74.82830231183638,1
53.3054838221242,74.83113182186779,74.83198087954128,1
62.71257971248728,74.84518894815923,74.83736412512658,1
68.36545034001689,74.86099135621673,74.8432619865,1
68.90127668195687,74.87468939323213,74.84891260330343,1
67.12343396680927,74.88579051257219,74.85575269147981,1
67.12517681152482,74.89740065343972,74.86099617949995,0
78.5581316651945,74.90567842726526,74.86631590412615,0
87.64929465543133,74.91950325053617,74.86847563362922,1
88.35594226408111,74.9400077280633,74.87266875009328,1
72.96264737536058,74.95528867444727,74.87504004386928,1
57.851255364879535,74.9638884511308,74.87604099799256,1
51.964549652296256,74.97292956814928,74.87850358390763,1
57.632810186397315,74.99192676965085,74.88142092303404,0
63.03098783289965,75.0191860553614,74.88769885902549,0
61.911151484100245,75.0415198454555,74.89331413865621,0
55.992962302648415,75.05538773149557,74.89774292295711,0
49.28960217353767,75.0611675062631,74.89950246213675,1
43.925202787817604,75.0605670172837,74.90226897570692,1
48.7468857828386,75.06231651085795,74.90568646025591,1
47.54493410729573,75.06302952126498,74.90893402964585,1
46.475348281063994,75.06572091703703,74.91283191129439,1
47.790509954503875,75.06719301438554,74.91832847447235,1
40.7556127685275,75.06649849683386,74.92530164692937,1
51.85675643664708,75.06850716721296,74.93213482944869,1
58.51931557295716,75.07044558269078,74.93776160078065,1
54.98340058964451,75.0703389007754,74.9444481799171,1
51.42367104759493,75.07225857734163,74.95088414416892,1
47.772477101253585,75.0763269371534,74.95913623042023,1
61.4232996298154,75.08219225337875,74.96821447313181,0
62.58130639858296,75.09122993635273,74.97763357728128,0
76.14824905788021,75.10801903805451,74.98879570566302,0
80.87316751879617,75.1238355061051,75.00042470578106,0
72.86084229047164,75.1334853183657,75.01210297606559,0
67.06857137859363,75.13570798063527,75.02117221180858,0
62.37303495504419,75.1383116404305,75.02784572158006,0
56.04458122460262,75.1398960399209,75.03349566582585,0
64.65083892371533,75.14927615881427,75.03925989908085,0
61.522742954700234,75.16243448514223,75.04782366590828,0
54.68691894076578,75.16848970906288,75.05636368257824,0
48.83661729580002,75.16933629057631,75.06223714445025,0
42.4004928976099,75.16796677445824,75.06589509535632,1
35.672359818671765,75.16263168262519,75.06828678198868,1
25.90800639005029,75.1587737333891,75.07256729371689,1
33.226933611340385,75.15365025276,75.07952412787213,0
25.68889169788544,75.14686202348159,75.08532612027214,1
34.28624056928609,75.14632359174297,75.09024310112396,0
31.801106401808994,75.13898027003938,75.09168447680861,1
32.760822849783565,75.12776828139252,75.0908163226949,1
39.11946583494915,75.1141100084152,75.09048280133301,1
44.85049155236689,75.10362621958248,75.09076711243927,1
39.07826687012341,75.08886402299254,75.09188858611293,1
40.395197047622986,75.07680443480429,75.0930709004391,1
47.90207487763052,75.0690267998764,75.09531715352946,1
52.12547668116451,75.06153843777267,75.0959118296248,1
58.59880615230636,75.05829643764741,75.09684809161017,1
65.25444964955935,75.05939882154343,75.09829493306732,0
63.50770787047274,75.0553116073359,75.0991131711091,0
65.09937353055871,75.05419251512168,75.1016993717425,0
63.570523080458116,75.05429466842861,75.10207845872435,0
58.39189537211142,75.06007745620386,75.10415265715288,0
60.802381566275,75.06544204782072,75.1065165340323,0
63.29301811022029,75.07344658118593,75.10849358720333,0
54.036835156794375,75.07915560950906,75.10745882966017,1
48.47651782159836,75.08046470477544,75.10403558763774,1
43.02362651186981,75.07865802003452,75.10018139010376,1
41.96291686987186,75.07420653900074,75.09777062412603,1
39.42520405609529,75.07586579976801,75.09756379421059,1
47.973611083956186,75.0818342098766,75.09932319973207,1
44.934329358352244,75.08440259000585,75.09931723299216,1
47.026507233231335,75.08783387070353,75.1006888522147,1
49.89595775639713,75.09239081926431,75.10255654700384,1
41.232561990081095,75.0942802603723,75.1039057988338,1
56.45952149791119,75.10008760713895,75.10875279765149,0
53.33237012254722,75.10648581836818,75.11110329008689,0
64.8712862366875,75.11563307844905,75.11492308991347,0
66.06304035462664,75.12411072254329,75.1198036617745,0
69.12609261466622,75.13270056539912,75.1232899663321,1
63.054346647911665,75.13223552152479,75.12406280549106,1
66.1742774413389,75.13117638331822,75.12167211070013,1
67.16016345192739,75.13308431266877,75.1208944076793,1
70.69906792810198,75.14397066708922,75.12089718564617,1
68.23621400443648,75.15482200414641,75.12088818641986,1
70.6695832668981,75.16931149978349,75.1217893022273,1
69.74775940885603,75.18702438495866,75.12456214936711,1
69.8394730747586,75.2097169507049,75.12874351421353,0
72.26943993649755,75.23332904435772,75.13514382590076,0
67.4439595361965,75.25675266950115,75.14055439848534,0
71.11461355672247,75.27732169087494,75.14527808202516,0
62.21124072880504,75.29682445979893,75.15065113328659,0
54.54264813635897,75.31007067640937,75.15698260654791,0
43.372975294419085,75.31368547964689,75.16084402907931,0
53.48160555203923,75.32067383059413,75.16712265802136,0
57.53936336511975,75.3208627010575,75.17358838471887,0
51.05013850156466,75.3213051081879,75.17816523225804,0
34.51698483723109,75.31218369920073,75.18105176020113,0
32.12094299100495,75.29969447130362,75.18115201359876,0
29.32281790053105,75.2866113240571,75.18234238793919,0
22.988871483090506,75.27510399907064,75.1829970925623,0
24.5670581831029,75.26770182918554,75.18310883900828,0
18.20411181174117,75.25726607437362,75.18235034959575,0
14.372312072938215,75.23752616719105,75.18036204332557,0
12.190148223986228,75.2136229856803,75.17561560677026,0
11.691016606090272,75.18539701949523,75.16833739007483,1
22.816604783630112,75.16024952111263,75.16404658270308,0
36.54281412408346,75.13935470546541,75.16116682134071,0
28.278258339512746,75.11258724432395,75.15641919501297,0
24.85818591786314,75.07902080124447,75.15003807604876,1
26.179309962977243,75.04542828441947,75.14177238974428,1
30.41300484389525,75.01408671239923,75.13456795087484,1
33.70924138414249,74.98654490643435,75.1275695866401,1
39.68906139891725,74.97073623586576,75.12296170429732,0
44.49981089913455,74.95256705439002,75.118770847303,0
39.26148514276881,74.93149578788662,75.11452445606987,1
40.05121481196592,74.91250990828732,75.11098331366281,1
48.39487901416916,74.90194999430949,75.1103685499111,0
50.69002446875287,74.89114428039558,75.1079271101567,1
57.94935384630145,74.88355356595589,75.10541749441434,0
46.97156646165857,74.8766920834774,75.10094024200262,1
49.549532411418355,74.87481310718819,75.0992730458812,0
47.3772715820164,74.86859086052037,75.09465314552249,1
62.81638512718043,74.86991493822269,75.09137169090893,0
53.314111431122456,74.870120733861,75.08595179616574,0
59.447626547565434,74.87958831574124,75.08013767351575,0
53.72971366699356,74.88021553989589,75.07353847131417,0
51.84969606064474,74.87693729205925,75.0656885067848,0
44.64851153078781,74.87133586709005,75.05530925283168,1
43.9579470075205,74.86761580472266,75.04400417177817,1
46.124373232375774,74.86619698983645,75.03535697706893,1
46.717381500268274,74.86771441888558,75.02918316510178,0
49.7673355410066,74.8689999982566,75.02193586087523,0
51.17781184266658,74.8702854648137,75.01348762338712,0
56.07359748838441,74.87334961972442,75.0061818935342,0
47.60528499449956,74.87770625359384,74.99788235759402,0
47.378321163852505,74.8769924320356,74.98697053249357,0
42.92772998503361,74.87368028547942,74.9759538838209,1
46.62017478326913,74.87080927448227,74.9629192022065,1
39.99299254844854,74.86820294309916,74.94999760385353,1
47.316596062302246,74.86889252579883,74.93756857597218,1
43.551865086195214,74.86156064951035,74.92516752176579,1
54.30296848944142,74.86031306333527,74.91475010029285,1
65.04291133162297,74.85756060913829,74.90892174270549,1
64.40314374400091,74.86198186966271,74.9024750117932,1
57.26720006760464,74.85980832558059,74.89571592332499,1
59.74160080469454,74.86339406657908,74.89037405467063,1
58.76970531160191,74.86797116328441,74.88800349241828,1
56.85909146764578,74.87934739855658,74.88717042373285,1
68.33011005386628,74.89980005452944,74.8892796639671,1
80.58358177095492,74.91855355845891,74.89273680082425,1
75.39518363527539,74.93240614474637,74.89506489132611,1
71.25868277997506,74.94220694958145,74.89591221095836,1
73.28674830112627,74.95317580272514,74.89974747760076,1
72.79767543028619,74.96208666393679,74.9055673648368,0
81.19930418499044,74.97807133273676,74.91495208289064,0
67.09209586066918,74.99214285558006,74.91972786628055,1
67.75343539451723,75.00899275364984,74.92380910309468,1
64.45631417404795,75.02678494968049,74.92859828434914,0
64.73301780526393,75.04235151059619,74.93532988759422,0
58.50697259802415,75.05397951674122,74.94098906890088,1
59.74636653931234,75.07035104482847,74.94767325473747,1
59.665949575873555,75.08645940974273,74.9547159016162,1
48.51378892955078,75.09717459534741,74.95949708649815,1
47.81553949709392,75.10621765931674,74.96393525376388,0
53.25384822800689,75.11860540013092,74.97055976822271,0
59.28354181426037,75.12919044633328,74.97704626988902,0
59.21697566601526,75.14154871823033,74.98384298198661,0
56.35400454699765,75.15111320245276,74.99115799255571,0
39.22904125313409,75.14886127973952,74.99540274948055,0
48.481278190228934,75.14618499930302,75.0005339671545,0
44.3497215923757,75.14587557994534,75.00348988042897,0
47.50626812431103,75.14983638899176,75.00841042234693,0
55.06753835855514,75.15373773620979,75.01327659679559,0
49.17271207379702,75.15069704756999,75.0177978903204,0
43.669941767091885,75.14191735884691,75.01988370013291,0
36.706732047260296,75.13647159873923,75.02223028981788,0
36.493196177427045,75.12466562922377,75.02290043796049,1
35.270274738162456,75.11342809856725,75.02543517694002,1
35.23360228495437,75.10535742389281,75.0304265352623,1
35.964650133202355,75.10048733103594,75.03470520538067,1
26.77088472175322,75.0908524281676,75.03692845845028,1
27.149957402878016,75.07893677952754,75.03869061412458,0
41.567277139104675,75.0732436858423,75.04068037490958,0
44.637225067989455,75.06910498812871,75.04223740112559,0
41.103863242225984,75.06118501140918,75.04395127134885,0
36.7844790576666,75.05087756236328,75.04660032202008,0
24.3710122033618,75.03209338229983,75.04720822071478,1
28.416051640025387,75.01289629941843,75.04799280253019,1
24.45142265270485,74.99528376020173,75.0462350763216,1
39.52019663435553,74.98329502198473,75.04629496562886,1
40.740185297657874,74.96820387989506,75.04614717258286,1
46.216079779661094,74.9554976775016,75.04648426801344,1
50.61642681361325,74.94491259518782,75.04821739121539,0
50.30757621901089,74.94084430085736,75.04934286279826,1
52.587768467773664,74.93719212802215,75.05083722110952,1
48.211335095646746,74.93234471568992,75.04981054946222,1
42.926986524839364,74.92960840517728,75.04755533471763,1
46.51366005983108,74.93189630964356,75.04645474137482,1
49.59892367787878,74.93313363352709,75.04375996686134,1
51.91549205793191,74.93355334479368,75.04070511991458,1
63.24078881963605,74.93997345382192,75.03995538208049,0
67.08921753932393,74.94892139237429,75.04137639124173,0
75.85092182564546,74.95463636494011,75.04126459979557,0
71.51472228249264,74.9589512054633,75.04098321773618,0
72.10504728030068,74.96261750027864,75.0377697383656,0
64.7069627932757,74.9664514545248,75.03632376159798,0
55.06680441862361,74.97481007501526,75.03353514926096,0
56.89945291948575,74.98612800093832,75.03173002303332,0
50.04251917474457,74.99889508583489,75.02885250641707,0
58.48980351826773,75.0057062081068,75.02698564217509,0
59.30727841286394,75.01390770961505,75.0235698384975,0
43.41596620816478,75.01608829392629,75.01833582168688,0
38.54082341673795,75.01166746197936,75.01401453786818,0
29.239339022546858,74.99964984139581,75.00671573562988,0
16.7777548556643,74.98566748162625,74.99766205370766,0
8.839608382027393,74.97236534058484,74.98708050716284,0
8.721377278668953,74.95973924348819,74.97483154482079,0
5.371816275013941,74.93550613022202,74.96021191248252,1
7.338509671213558,74.91078826264497,74.94853076002354,0
14.93484411890347,74.8886966469869,74.93770977898812,0
15.051710284832382,74.8623166579716,74.92653181329098,0
14.590817712748432,74.83533271947178,74.91557492343371,0
15.59948616023253,74.80726376934608,74.9026750130501,0
13.086036755458608,74.77391183945754,74.8902691344912,0
13.532305262436466,74.74287233848548,74.87815173022102,1
19.65477403415325,74.71554439383382,74.86795287963582,1
18.186799880983273,74.68489105950692,74.8576253213742,1
21.366084572965903,74.65117949594841,74.84683058198578,0
22.444723332851495,74.62047627636204,74.83490004740476,0
43.07281133178086,74.59803747451531,74.82600569956684,0
45.16469911326918,74.57743419266946,74.81820254429823,0
46.64372994770892,74.55385276060233,74.80830221411678,1
38.42606484134134,74.52501781693566,74.79472419030553,1
37.58611214809751,74.5053034108239,74.78119510470795,1
47.78673624316094,74.49525303617757,74.77128926361502,0
45.223235689663504,74.48764972246008,74.76178937120156,0
45.735145350541636,74.47986667437308,74.7539408616501,0
52.43095108606421,74.48016664198094,74.74712004950752,0
49.618561815442426,74.47751954962133,74.74142507579137,0
40.05776546861941,74.46459202589793,74.7302285805534,1
47.04064604888562,74.4550984260451,74.721289631751,1
46.62397456523664,74.44229356836445,74.71029327977887,1
50.4945048698804,74.43414144892446,74.69836655454475,1
38.79313325364275,74.42835880439151,74.68527493590486,1
38.38328093441035,74.42293328402467,74.67244819262203,1
47.24927079820496,74.41802396499108,74.66222457935629,1
59.307219831456734,74.42024610757652,74.65388040233391,1
57.705856459792294,74.42454697154162,74.643890846745,0
48.26755421416085,74.4301290702534,74.63369822209528,0
52.553934264576085,74.42906500391696,74.62421036321615,0
56.263372338966974,74.428718793685,74.61370068024347,0
48.394924443875844,74.43020302927073,74.60081486887536,0
46.503325518487316,74.43430505897308,74.58659166791871,0
48.239039218371715,74.42996328294778,74.56959993570175,1
47.01048184084784,74.42050031263781,74.5544423885587,0
47.92381303076978,74.41069840279422,74.53948815050933,0
46.830507432514416,74.4043503487927,74.52575697116107,0
52.21171598249142,74.39791959453197,74.51183668694499,0
47.152363775361735,74.39088611720966,74.4982214883413,1
42.425390451817336,74.39106442784352,74.4843718684481,1
34.441170573092265,74.38680703874346,74.47044936340238,1
30.993754073878577,74.38256349353165,74.45688335962102,1
35.47679252479227,74.37791566144028,74.44486583432912,1
44.760864752343146,74.38300062436312,74.4386152490918,1
47.37552674232713,74.391048791542,74.43460071658833,1
52.16857737899786,74.39647341925995,74.43186781082632,1
62.3057612452719,74.40246699032056,74.43097150106684,1
78.48903840051861,74.41288035969964,74.43484053853605,1
68.59560934707937,74.41859033919741,74.43681905271625,1
73.43356986509508,74.4261103740241,74.43917585403103,1
73.34218015451188,74.43454625978896,74.44259252097042,1
74.81303638200984,74.45038369946899,74.44683526087425,1
81.56906243875179,74.47244293409626,74.45266333381878,1
80.94517317166213,74.50009198079016,74.4600719922348,1
85.72700706038003,74.53155273671923,74.4699145478522,1
89.38726422048249,74.56520806710088,74.47935361981615,1
86.15469211217555,74.59512270562072,74.4898496296066,1
84.04093764196064,74.6253537027516,74.50150636966625,1
83.87217953430131,74.66148304405463,74.51462419541832,0
84.1642153332212,74.69825415834426,74.52445854197967,0
83.037738112016,74.73755709902954,74.5344985259464,0
80.41505674083133,74.77893502721241,74.54691626626504,0
86.41102921865767,74.81561228638938,74.56110362211061,0
77.0237833864069,74.84235478616532,74.57343579922836,0
64.4224054990852,74.86156689883437,74.58112626165104,0
65.57127951803581,74.8854099149643,74.59097188782803,0
61.18611445162704,74.90482706713486,74.60095565817156,0
46.03941621037693,74.90886521789615,74.60631996890214,0
38.213049214594236,74.91824693776385,74.61311000797326,0
38.40661558289026,74.92509617853605,74.62337751508629,0
34.10343760437087,74.92406381493366,74.63017867652584,0
29.385531946361283,74.91699200647057,74.63671463611671,0
22.10658763247814,74.90487037451234,74.64095490405393,1
20.363476746563222,74.89121612766715,74.64521492154505,1
24.85524089664628,74.87509071334345,74.6507775195797,0
24.141477251915106,74.85750261116833,74.65514507828705,0
24.540904480790246,74.83994178069312,74.65772789885322,0
31.729420381083116,74.82421429886791,74.66137330059678,0
37.466618788520385,74.80704903813611,74.66539218257141,0
25.91989279252533,74.78440148333226,74.66659313374579,1
25.209836748468504,74.75873443232054,74.66650478140062,1
35.11553183039925,74.7337622732608,74.66833996386109,0
30.119016979371082,74.70798707931442,74.67057643024715,1
38.75223745654209,74.69073173069843,74.67774317832863,0
45.58894523325989,74.67801841071707,74.68413350088275,0
45.903928565671464,74.65850584875875,74.69009486621383,0
44.94620779929026,74.63631411750414,74.69374116565614,0
51.998769609891944,74.62715372824599,74.69801362238773,0
43.93925876247086,74.61487485705219,74.70270550391027,0
46.33200755284263,74.60260451424665,74.70799354964755,0
43.61970024196167,74.5924827529953,74.71244896222657,0
38.3681182742008,74.58505668775422,74.71771191380573,0
33.56766989767718,74.5783518476636,74.72112937854325,0
38.35157570049416,74.57292197939141,74.72118346355636,0
37.68161103575908,74.56150296639045,74.7189591895191,1
41.69486383152852,74.55358192947583,74.71798848237341,1
43.46305175681714,74.5454737329566,74.71493059590766,1
29.343288051286038,74.53358793207425,74.70965632954662,1
28.083698439263756,74.51993925692855,74.70593174966388,1
42.6446412739357,74.51629088815753,74.70266533939916,1
53.42923255784076,74.51713637816678,74.69954082875175,0
52.72592520446297,74.51938076826414,74.69593879137913,0
47.80591944258649,74.51970333106644,74.68948058903523,0
42.80938262596311,74.51201561370453,74.68251263149436,0
54.21115258265152,74.50753380646054,74.67452592877926,0
48.354522916303644,74.50181046061272,74.66473582361857,1
51.59124490908414,74.49968667986096,74.65556675535223,1
48.254640786904915,74.49162408041573,74.64452177345339,1
47.564713604809846,74.48262242696705,74.63116125707523,1
50.328996008511446,74.4774908901288,74.61968824236136,1
55.10930210259877,74.47793562683225,74.60860037334766,1
58.971318404319696,74.48110247682162,74.5985788936494,0
61.63923703961615,74.48850236576762,74.59028541029454,1
56.092886701715834,74.49642590269241,74.58281191016721,0
49.85579732284774,74.50465661575547,74.57619507628752,0
44.92070571862928,74.50863465618899,74.56727837886328,0
50.73372715535021,74.51350294295166,74.55840094623436,1
60.9430209343787,74.52409759635113,74.55574928092861,1
50.271119704618926,74.53098796446031,74.55102816034247,1
52.998989827070126,74.53142508795125,74.54519690316522,1
48.710933530858775,74.52648710182754,74.54051014350931,1
57.40661228694538,74.5223387599664,74.53807749277746,1
67.67261917978364,74.52842762163178,74.538903487883,1
63.89478912833594,74.53739464013094,74.54098403647988,1
62.857638108247585,74.54398667619395,74.54208431391947,1
59.70181228075796,74.5543417535064,74.5434714805538,1
58.32843772565982,74.5657537642615,74.54589154877958,1
62.078174554247866,74.58264980822305,74.54789597719545,0
67.70155508255817,74.60369035896734,74.54981778540773,0
71.78879303137205,74.62122030039242,74.55441576918544,0
74.97816939368116,74.63892845456087,74.5606779822438,0
59.07586052892737,74.64838389496549,74.56442754233127,1
67.08392761885656,74.65550690186012,74.56929333931282,0
71.98793218340823,74.66395839407383,74.57210257551738,0
80.45983939113358,74.67571817045173,74.57527498018139,0
76.28577106996121,74.68816577982385,74.57914235128933,0
70.15896387603793,74.70166625234471,74.5845418001706,0
61.56330783132479,74.70771409541902,74.58797342779782,0
46.65541283552315,74.71244589453295,74.59005657533477,1
51.80874267691872,74.72176535854112,74.59286124088301,0
43.76542876582224,74.73041690168404,74.59568380298481,1
38.34068981686014,74.7354406334823,74.59823107106871,1
32.636359724079995,74.7326978561589,74.60064189128111,1
39.46098053117222,74.73377090601159,74.60532360712796,1
34.455365154436194,74.73343810439897,74.61085836912287,1
40.379693721425404,74.73190522390097,74.61480079832386,1
45.16080693599566,74.73129918096431,74.62022172798267,1
54.273087183255605,74.7348312047339,74.6283932862593,0
54.23137391196968,74.73830469163468,74.63716395929018,1
53.241918673434704,74.7391556682201,74.64356168121047,1
55.35485406130632,74.73977109304398,74.64973186819466,1
51.64110918448624,74.74100060113543,74.6530754754798,1
60.16910845837313,74.74236298838613,74.65835720224068,1
63.530469642556255,74.74878210101572,74.66680917044185,1
70.57184862442132,74.7544289558553,74.67403303993929,1
71.88973788896604,74.76091005267313,74.68278218811349,1
77.1834209474383,74.76697205254868,74.69145594924568,0
69.82948776368845,74.774002404827,74.70092475756233,0
71.4473378617553,74.78727862246495,74.71191905353392,1
75.98267149707377,74.79994194558739,74.72184166306646,0
71.36653348978412,74.81499885357474,74.73050909368179,0
46.649609323878956,74.8230755966904,74.73502031901621,1
46.9762873936588,74.83478134043558,74.7391534811483,1
58.35263948873148,74.84813885726919,74.74600878895866,1
53.79356584112228,74.86060642758996,74.75323829385668,1
54.28093309393579,74.86959462488517,74.75918478580233,1
56.743671670505876,74.87837717509834,74.76617142084133,1
55.807952907668536,74.88593701604307,74.77312905413609,1
57.19844868509858,74.89387042506058,74.78231694353029,1
62.35481888848488,74.90811256417393,74.79423667169955,1
64.4068011099579,74.92265450515745,74.80819882952663,1
67.89509509352655,74.94402965500981,74.82175183349716,0
64.81646910427156,74.96370788700393,74.83246930838956,1
63.609460648953,74.97827496946013,74.84316130217353,0
64.9879748437837,74.99228073822869,74.85335066475318,0
78.6589161136601,75.00577183257695,74.86335421974171,0
76.01174775992465,75.0184376305615,74.87252949576568,0
71.15470829471562,75.03296691634483,74.88105160081105,0
64.79413794289172,75.04265709151582,74.88750574655332,0
77.59758854761336,75.05246284581031,74.8943386812336,0
69.15215152787451,75.06062553040462,74.89918792401929,0
60.67175082278246,75.07549560791199,74.90586500419481,0
59.718338453615544,75.08996542744767,74.91293689138332,0
42.79501827526909,75.0952606540786,74.91852969296058,0
27.64289724450471,75.09578459343346,74.92126486304937,0
20.127351267309905,75.09956714934904,74.9237453336124,0
18.124773580374196,75.09703529486748,74.92431903785045,1
21.761135939036848,75.09140934987973,74.92660715592037,0
19.47727815144583,75.08074226716607,74.92963549258353,0
29.440321897054176,75.06934279053493,74.93326764449706,0
30.057932501114692,75.05554039366015,74.93824822631706,0
29.058161297696188,75.03978937603603,74.94349133051864,0
27.466385102044413,75.01966751083373,74.94725717025948,0
23.319331902754357,74.9991206023889,74.94930118072445,0
25.029903263060007,74.97842249400617,74.95134442059607,0
22.841565833764804,74.9540322501198,74.95220503022924,0
21.231509566700197,74.93066623410458,74.95227631702178,0
22.243154390321678,74.90543280582185,74.94929224124623,0
26.378985318284606,74.88344861093239,74.94556331427239,1
27.702894450654114,74.85910217659205,74.94231728458237,0
30.98464117856095,74.8359857311025,74.9376737792427,0
26.774885531687303,74.81435703156126,74.93520757636514,0
31.115833063144933,74.79147682945626,74.93258242781138,0
18.576728749145047,74.7727935868473,74.92813428729319,1
16.985502147604436,74.75843052288778,74.92286548986235,1
13.74964054222734,74.74203694578935,74.91619609085889,1
16.76088571962211,74.727815043079,74.90865623406258,1
31.896110618841035,74.71576465309853,74.90331205522898,1
40.349983999793714,74.71002215173196,74.89873290429034,1
56.12599898625376,74.703460008556,74.89467486968451,1
61.890827161335615,74.70075304553147,74.89254990309976,1
61.42438429752182,74.69647315280298,74.89285035296368,1
64.0963047992353,74.69900742461505,74.89294760393128,1
64.28951094729317,74.70133537829983,74.89057978913671,1
69.96274474016442,74.70587787062718,74.88945299781095,1
67.06291258933058,74.71343828163563,74.88974249292941,1
67.99174148616639,74.72101630582026,74.88933196931056,1
66.59191487936492,74.72999967403766,74.88691730444405,1
72.38289232667371,74.7412248356828,74.88450507852127,1
83.2601527086039,74.75433762120389,74.88080730739436,1
90.69576980232392,74.76913911084057,74.87626762151595,0
88.89995086320977,74.78357635843005,74.87102625773325,0
87.5716226258872,74.79894936889404,74.86667902056743,0
88.40841011301941,74.817850722087,74.86396458834395,0
64.28092831320058,74.83314047126393,74.85920938307646,1
59.94100442368371,74.84870252243249,74.8533683668011,1
61.8727085945569,74.86839771825834,74.84864026914131,1
62.79352667449419,74.88459750419187,74.8439642903678,1
60.86542040257584,74.89873026888802,74.84116217523922,1
66.31752406096629,74.91123851566438,74.83818513762613,0
66.81958802400601,74.92055106150248,74.83652011553892,1
62.20683431275774,74.92958126733659,74.8344846167335,1
62.62935815498203,74.93961283875154,74.83280656845282,1
59.69838825030601,74.94948009588339,74.83226756585861,1
56.084460829897694,74.95602964664997,74.83355101909756,1
58.84786686206859,74.96551682532329,74.83612236331912,1
60.705877389740714,74.97668036048145,74.84118999555614,1
53.67292842113157,74.98827254658445,74.84566258312594,1
75.27166781033563,75.00343197430568,74.85358096137712,1
87.94312813255827,75.02061962353389,74.86131804059396,1
88.405452647153,75.0405444417431,74.87026924074914,1
90.84223343033972,75.06783940942732,74.88224627108976,1
89.39044186275125,75.09401483423224,74.89641794992683,0
84.81321779960233,75.11384672800624,74.90985503859089,1
85.6867337711778,75.14146690686931,74.92442714822172,0
88.05661454118949,75.17123034218396,74.94024760362676,0
87.34895636044551,75.19901095156384,74.95597815612501,0
79.71286289725904,75.22300669822764,74.9709938473301,0
83.87628186870388,75.24804556212126,74.98700095571476,0
72.91297224923592,75.26664403524536,75.00120188108745,0
70.8146431599866,75.2843096029241,75.01584966426755,0
70.17832131212118,75.30360687196153,75.03018455289363,0
62.20956500089893,75.3197030449326,75.04409705464336,0
47.29405861806574,75.33044403023204,75.05532774321252,0
35.40125824831604,75.33722066857509,75.06506707737249,0
15.405801818923337,75.33968363576561,75.07518103930961,1
20.17449556359884,75.34181135940709,75.08678852208737,0
23.469976506196417,75.34416234017246,75.09702165795552,0
16.084420385172947,75.34130245415984,75.10609308234828,0
15.032358539799674,75.33179158121479,75.11265066965746,0
17.836571632468107,75.32028750308284,75.11808302376969,0
16.500916492865954,75.29564053854824,75.12191322538787,0
9.308468777321522,75.26425298120313,75.12251617256206,1
10.323555130787256,75.23354082541921,75.12273721743864,1
9.93138148440839,75.19859659815906,75.12151463923446,1
17.065811569253157,75.16744838391347,75.1218516445379,1
18.709832895952502,75.13673731495375,75.1222665597784,1
32.19448820508548,75.11394988822418,75.12457393300473,1
35.71468562434481,75.08768765961723,75.12558608528855,1
41.028957448936,75.06732313715783,75.12639608746902,1
37.05712557277388,75.0464928874039,75.12679117489287,1
42.92729600679846,75.02985419158225,75.1286956861545,0
42.2502529601954,75.0139174866621,75.13008430175057,1
49.56424409816245,75.00583843901066,75.13052282998198,0
43.95773311915826,74.99983174099263,75.13174358526396,0
49.38394628705289,74.99482127800258,75.13362854153766,0
62.18788153608171,74.98793921575688,75.13460512108679,0
68.51854962262641,74.98398037294949,75.13677480545856,0
58.74521964904044,74.97347958866062,75.13599281025732,0
53.13054462224867,74.96463974967298,75.13401116326091,0
50.71568875372831,74.95367718256817,75.13133347219596,0
34.56090951532015,74.94189906504923,75.12684034447292,0
34.81878833602886,74.93591630327595,75.12103755837182,0
28.007417862990778,74.92605830289767,75.11336850024435,0
24.035779868384367,74.91088220028601,75.10345566068888,0
15.761934833858845,74.89189137472488,75.09240146429853,1
15.657171987533886,74.87154508509096,75.08021244962221,1
9.781156474290214,74.84552160825726,75.06747355767384,1
12.526126411649557,74.82189513358523,75.05297134900036,1
12.069379027356163,74.79419034828807,75.0358243773707,1
23.11690992582895,74.77257700643437,75.01960420076938,0
15.592356754731725,74.7467191569283,75.00024758515491,0
27.348329426553946,74.72531063844822,74.98260262343697,0
24.62545844441992,74.6963273258063,74.963515069102,0
23.805531910168853,74.66809286624503,74.94239396901423,0
31.90172228724883,74.64314861472931,74.9223958505558,0
32.51921826115853,74.6177814164506,74.9021133070415,0
33.81183890901062,74.5854268214245,74.88174285473731,0
35.29077427568984,74.55419462624582,74.85845243590714,1
40.066292579286326,74.52613924642772,74.83780924773384,0
44.232382362051226,74.50112023598813,74.81805772542158,0
46.23026135370649,74.48304190595525,74.79861435807041,0
43.29897409142215,74.46487547102875,74.77910652881027,0
42.50680539724229,74.44800209336508,74.76039172549756,0
32.89329809105426,74.43792370491038,74.74373687522301,0
29.453002113547086,74.42471966391174,74.72641587555698,1
19.787793786135097,74.41016708627993,74.70755474037134,1
31.698747985246484,74.4000885182844,74.68984402891861,1
29.0903140169153,74.3837633369828,74.66995570212954,1
29.02337068927244,74.3720669285199,74.65193451629276,1
37.32901074129742,74.35947225563875,74.63527810179176,0
44.19770948205669,74.34940277167388,74.62175247840514,0
52.93720849765212,74.33668048066797,74.61157362322291,0
47.83614802270718,74.32758944980202,74.60113451885512,0
42.227041026986434,74.31906495385752,74.59058131129363,0
34.20548856380309,74.30182211550921,74.5761453431941,0
35.68555004536144,74.2853640827618,74.56156401416473,0
37.73490352152841,74.2709090341074,74.5445265130906,1
35.874564207538285,74.25985376985858,74.52731888000368,1
39.826607544118964,74.24655907255388,74.50950362189228,1
42.86678016565171,74.23151081988435,74.49206489841376,1
33.36849841397306,74.2138554610325,74.4722148658505,1
49.927334544136514,74.20245677661062,74.45452224478969,1
50.186155670675966,74.19653552353518,74.43667055930737,1
47.102673188435794,74.19343248373139,74.42117717231851,0
41.729358371574335,74.19393000784864,74.4060593674954,0
42.45345566383684,74.19817677823666,74.39164976536325,0
40.52330717312935,74.19601926399248,74.37465958533582,0
47.44312105865826,74.20133354116813,74.36109728313254,1
60.420659481389336,74.20403074726006,74.34769091532758,1
52.945727536097536,74.19925758431475,74.33351026249038,1
55.43058280693548,74.19199093134053,74.32178922492167,1
58.357730856445166,74.18267373477006,74.31027659582055,1
68.17468497555224,74.18163266313414,74.30336426294971,1
69.32389430743504,74.183805427618,74.29975060222642,1
77.51439159005527,74.19735157069137,74.29832942158069,0
76.52617801130356,74.21415708377894,74.29860881363993,0
74.92213661108966,74.23226803628589,74.29922508430207,0
69.15313117019639,74.25112628404453,74.2990113401874,0
59.12586397578055,74.26486434541576,74.29777322074335,0
52.92076140550444,74.27582796504575,74.29336528185831,0
59.791743497880596,74.290645029865,74.28978521502519,0
55.742188981622675,74.29978262845452,74.2843110407922,0
58.234781921480575,74.3078702763665,74.28128773953145,0
53.43829353208125,74.30726393287102,74.27684559896889,1
55.197594105378926,74.30831119097616,74.27212439799415,1
60.03201523801758,74.31109835607255,74.26897654121203,1
44.63214778239727,74.3112699945045,74.26499685456781,1
44.35586750755097,74.31056650293681,74.26364603380894,1
43.30773466592483,74.31446194022877,74.263019992848,1
45.66345247529377,74.32638894427616,74.26361774580559,1
43.82663636799884,74.33688500319269,74.26332646381665,1
48.35588180679478,74.35056899701667,74.26455400621572,1
59.925536938279144,74.36161477549271,74.26880933580078,1
65.09850332240057,74.3725629814106,74.2736063128265,1
66.6795972839067,74.38264547000207,74.28149974401681,1
67.98761008347807,74.38925178632734,74.2902426936589,0
68.03482009628513,74.39692265807949,74.29795874022008,0
75.88156154868177,74.4040599047149,74.30712996728025,1
73.90928398358307,74.41588567357837,74.31530071876674,1
72.37528545877541,74.43159541787782,74.32221454675394,0
80.03452092499361,74.44325599316304,74.32732650362085,1
77.50164742420078,74.45514801440513,74.33169805428707,1
76.12061257997951,74.46819262354865,74.33752900903009,1
77.0477473952929,74.49340136101222,74.34658016183079,1
66.51089821966852,74.511141697622,74.35585223083926,1
69.71969725790008,74.53152747739355,74.36744189906473,1
64.31822746716199,74.55641195282155,74.37919802205347,1
66.01063002841752,74.58307801942615,74.39293573363597,1
65.66385158249119,74.60922654851774,74.40808698323353,1
69.88228333854386,74.63506375712956,74.42503892070368,0
65.27897765604993,74.66021807857784,74.44187151083479,1
67.2235437469657,74.68237615577671,74.45652175788216,0
67.78904433979835,74.70011417750679,74.47024079738941,0
64.86561508337354,74.71558518534673,74.48246739347265,0
71.5474302696381,74.73117306535846,74.49639696702076,0
72.31854166495636,74.74663771497318,74.5096270683535,0
62.72492621638119,74.75607735782292,74.52198197775226,0
53.785993901321454,74.76547818775455,74.53278782591481,0
55.7997832859648,74.77065099002616,74.54194881587318,0
46.52342259772904,74.7738472206265,74.55205040127863,0
50.814513767487384,74.78113192804805,74.56298290230386,0
43.399447786382744,74.78712783740058,74.57347969533927,1
35.17623221168847,74.78964975962671,74.58073584762712,1
22.576090467669914,74.78522030744698,74.58714611376237,1
25.895258901813662,74.78733268189933,74.59184467532245,1
31.058618596815307,74.78508273594652,74.59581215993175,1
37.22960368418981,74.78602191644046,74.6006995741153,1
51.09035699933857,74.79082490575928,74.60881518232186,0
45.22436791509632,74.79252341633045,74.61915061159942,0
49.344971426184124,74.79173976190397,74.63140363944696,0
49.4900261404011,74.78838290475237,74.64096666078973,0
50.7035301300531,74.78456610503052,74.65043514851256,0
58.02820912934874,74.78010080353953,74.65913300825864,1
53.37484781159974,74.77366386091637,74.66902736469079,1
47.19970820022051,74.76167449273424,74.67774228772399,1
50.0171246733626,74.74959427304887,74.68502543514403,1
49.468845403479385,74.74085456829013,74.69381580726653,1
61.98462518942431,74.74178704720393,74.70527604362167,1
63.167911319196094,74.74897202298834,74.715752848977,1
67.247386807389,74.76283451426055,74.7266286292724,1
68.8479155164929,74.77916568772525,74.73989517611689,0
59.70666031183382,74.79553401271951,74.75146570162042,0
59.428057289655285,74.81321889829312,74.76137749674729,0
54.827453414360164,74.83041974991018,74.7702888211622,0
62.137093505149515,74.8467149668675,74.77747247406863,0
58.84292231382034,74.85854134241022,74.7835279823649,1
57.96192680036584,74.86663232883348,74.78858344241691,1
64.80919517844951,74.86905190256785,74.79481198146304,1
69.18387317081992,74.87210001413803,74.80163634782328,1
70.60086748791659,74.8737033925692,74.80824682932351,1
73.63904314026716,74.87988245281427,74.81561724465023,1
68.30349739085884,74.88977759082314,74.82428697907976,1
64.2385392115949,74.89971070176662,74.83174023954581,1
61.42138122509434,74.91686196921901,74.8384116079735,0
40.174804238682356,74.93007122845731,74.84531410005812,1
48.22645368380504,74.9455714473911,74.85064302314304,1
50.96610361505469,74.96404437564563,74.85686877639615,0
49.57113802315678,74.97271555569756,74.86113105813023,0
48.5008385987186,74.97878809832108,74.86357746889834,0
56.94095834584642,74.98025930679678,74.86470684913928,1
64.18049590891863,74.98000063247648,74.86780819767634,0
52.04091963452489,74.97641251716742,74.86908024617671,1
53.37578561055349,74.9745954624478,74.87117001072369,1
50.02414316007014,74.97271060259868,74.87313898806298,1
55.01117440287966,74.97468637501719,74.87487779793211,1
44.12906509452596,74.97407429835064,74.87450261571588,1
53.9659400725555,74.98211947050046,74.87900028748793,0
46.264705608114646,74.98642795024509,74.88319188645926,1
57.76803482863637,74.99403056483666,74.89098817774749,0
55.422532023338825,75.00066573339636,74.89897423443146,0
50.57509374618761,75.00502182789302,74.90517320458822,1
54.08658338989016,75.0075923772009,74.9124727949999,1
58.795144847520234,75.01402476180631,74.92149024041765,0
51.53116715885474,75.01161872586513,74.92897097534076,1
50.83904886262636,75.01686237675197,74.93712597799917,0
57.49765565535488,75.02009962451949,74.94464977857224,0
57.33595582667814,75.02360448880827,74.95190180534328,0
59.42711103190134,75.02916618569387,74.95646757010407,1
52.90437596393926,75.03407578877314,74.96019841787542,1
56.24215130634335,75.03425074338917,74.96171124173337,1
48.26276066826316,75.03369553157722,74.96593324840629,1
56.40443313945931,75.04039167214106,74.97141047302091,1
52.57093903338871,75.04719341424126,74.97800705500438,0
55.20649497939373,75.05665248991525,74.98633443966253,0
64.71517482665129,75.06557683779981,74.99643873595835,0
68.61498483676569,75.08424819728506,75.00836418541037,0
54.21622881663522,75.08993902692728,75.01863407094277,0
50.64483120377733,75.09125457870985,75.02297889906161,0
54.50221834020901,75.0934370256206,75.02877417880039,0
49.45012857092516,75.09179916218831,75.03056009360256,0
43.87037347062105,75.08935969352844,75.02925080690949,0
42.99641176398262,75.08526182242119,75.02836391888056,0
40.13400897577969,75.07311652951002,75.02544929290443,0
42.03285169886885,75.06449089955532,75.02259943519883,0
37.035414605772,75.05092186966678,75.01880873911888,0
33.72929906144046,75.03669139768448,75.01590980068195,1
32.02559176986472,75.02156509095099,75.01387491019028,1
29.32696573850933,75.00537817429216,75.0109980787938,1
23.841997056802413,74.98973030845875,75.0072505356037,1
17.160279726068453,74.97819460303744,75.00350772592066,1
26.79546760056556,74.96776490171904,75.00108622796819,1
42.3629683442849,74.96013280408874,74.99955255832715,0
31.590309213905357,74.94985644920622,74.99806535398022,0
47.451628167612135,74.9437672356311,74.99709654622737,0
56.90337629026221,74.93746923895719,74.9993979401583,0
52.13464831432672,74.92324169634921,74.9994322849936,0
54.010478428692814,74.91087877815991,74.99736783194848,0
53.056654515050376,74.90382093075263,74.99542104908365,0
63.24229174979168,74.89593352900656,74.99563235107458,0
61.80933822341012,74.89057093124798,74.99468474338305,0
52.338934180176764,74.88279930028607,74.99037027403332,0
52.78687249370091,74.87520521586791,74.98788099836075,0
47.19363202790515,74.86664516990912,74.98226917588896,1
43.17603847220801,74.85607678934433,74.97594590989708,1
37.645628694941344,74.84659374075727,74.96757168541491,1
31.09174816626276,74.83825534754003,74.9615822203577,1
36.36366380450663,74.83213760973561,74.95388216588434,0
31.015047262289173,74.82912137730607,74.94807544961819,0
23.977515288895873,74.82376075365188,74.93914261112977,0
25.57962017153983,74.81651898784017,74.92984902769818,0
28.811462478626453,74.80638082314799,74.92162982607017,0
29.60853509756778,74.79065912989354,74.91277925940422,0
18.908263052518876,74.7747887369328,74.90237094403082,0
16.907719949496055,74.74830954944602,74.89177287565973,0
18.0850010973041,74.71576548950097,74.8789591852579,0
17.799885850340644,74.68571990761812,74.86568039823307,0
16.17755652896507,74.65026218780187,74.84803091154592,1
22.25188850460333,74.61843643396878,74.8311291483936,1
20.85374609950688,74.57820607964624,74.81328446742381,1
24.120962486695433,74.54151731189214,74.79759137078423,1
21.51647620596465,74.51227544182413,74.78180223813209,1
16.152185714304665,74.48210427213233,74.76456603835726,1
24.591097768806122,74.46082710324322,74.74772265148972,1
29.778855011023566,74.44490954689249,74.73124873268799,1
28.639573073430256,74.42982578466068,74.71327126415926,0
28.289701114612456,74.41304212041032,74.6930997896078,1
34.5507649938213,74.39646197497567,74.6764913451037,0
40.644139050617596,74.37849794542254,74.66297279630326,0
49.59239418337511,74.36716507542042,74.64863383104971,0
42.63935625502886,74.34983754626026,74.63306438132696,1
54.946658844223066,74.3325746492537,74.61891580836028,0
45.416488854942635,74.31141053609126,74.60323874487224,1
51.091088402070355,74.2909734882698,74.58951372753474,1
51.21380997718965,74.27779187828398,74.57709326715118,0
55.87518228369618,74.2732106232589,74.56787468669475,0
54.085047624989336,74.26704035752303,74.55781998216848,0
47.81573599469855,74.26850235444083,74.54680581694186,0
43.94812482628487,74.26777837808118,74.53608922990921,1
41.488798703998675,74.26823638761718,74.52468689908719,1
47.4982826093062,74.26956081812718,74.51413785682013,0
42.152772140830834,74.26889882926933,74.50225580915222,0
41.58757439759864,74.27021333887403,74.48859825227139,0
39.296718396372306,74.27039859356945,74.47593950923502,0
49.9602016843683,74.26816212629357,74.46100668895298,0
45.02216979804086,74.2644159402785,74.44404994468779,0
53.81137155242576,74.26173590674969,74.428497473768,0
48.61044126076153,74.25325357653176,74.41344126445244,0
44.71093179847755,74.24440163926359,74.39920507970764,0
39.03063468664975,74.23540047951506,74.38442061125312,0
37.80109802429176,74.23001625320761,74.36884251011082,0
33.323627325682395,74.21979620427255,74.35371456995487,0
34.089906302648956,74.21440590799483,74.33891902172302,0
34.95322957444262,74.20681774692477,74.32558275834099,0
26.49142356477877,74.19720481467225,74.31354447728236,0
29.859696701309275,74.1833736123526,74.30258663533287,0
22.275837654485045,74.16598626527188,74.28891234926122,0
22.81624765048734,74.15220094079334,74.27483114936494,0
20.485318871307058,74.13524023317567,74.25853677225706,1
22.130465225939446,74.12110621028152,74.24362508173905,1
20.879979696347306,74.10211894048535,74.2283778378782,1
21.508332046049247,74.0817095133222,74.2123872852219,1
32.03141996850704,74.0659436126657,74.19871204538025,1
27.872816810547732,74.04927976940499,74.1857359222239,1
36.909438317963534,74.03550581709911,74.1758851960142,1
43.89860351067978,74.02460672882178,74.1675864404161,1
47.08909919790764,74.0157306086278,74.16050175417188,1
53.104815776292234,74.01063186186967,74.15758913407956,1
54.15972951355164,74.00596670462686,74.15421718797089,1
57.537025810372164,74.00162471374983,74.15378806489456,1
72.45531485173294,74.00123432423132,74.15272931504649,1
76.73493509731878,74.01217186343548,74.15367313859942,1
87.82251296755945,74.02581903907071,74.15640492849838,0
79.0504165701712,74.03835310287346,74.15659315819309,1
82.58704435484341,74.05026860654546,74.15568810114354,1
87.53268258063133,74.06241502245305,74.15562233044983,1
85.24033775252015,74.0810381418684,74.15611075784446,1
85.8273093585295,74.0996626923714,74.15611143632323,0
85.66839473345189,74.1241170858652,74.15678442843411,0
74.2489696842951,74.14459429168762,74.15459676824595,1
75.7954168135146,74.1708296871521,74.15677469423494,0
71.50819023161016,74.19721748890927,74.15824442108412,0
67.16593774486238,74.21682774108203,74.16087892737656,0
60.196744218206796,74.23371320209984,74.16283180775592,0
62.42976167934802,74.25032511653147,74.1648984913132,0
51.77386302877058,74.2656962671941,74.16458069799017,0
43.1132026981373,74.27725962012826,74.16458945921397,0
46.702661953773664,74.28632723208618,74.16471908513769,0
39.31674566721735,74.28931449529728,74.16283163485733,0
33.958018754788256,74.2865226442307,74.16110256753996,1
30.169614155509848,74.279594606741,74.156742830492,1
25.265074503561337,74.2650849887111,74.1521476023761,1
24.36540097247888,74.24968643971454,74.14819416883456,1
31.507857022447396,74.23931618497463,74.14416019475516,1
31.322821867725224,74.2331961554441,74.14170171280375,0
39.18828365957428,74.22896431597836,74.14144168072977,0
39.433372843884534,74.2230314417183,74.1406289718319,0
41.82846318784085,74.21511323174681,74.14085529840926,0
36.77074475617014,74.2047276565247,74.14091483533855,0
30.7368153872347,74.19200823967896,74.1372398723115,0
29.33000098553424,74.17187530189338,74.13351831370923,0
29.97253749237619,74.15272525378751,74.1314160408901,0
34.77078661088548,74.13483554701779,74.12905078298574,0
41.153256778540694,74.1202424018196,74.12820166971385,1
49.806727093510155,74.10461842172897,74.12786393413589,1
42.72436955461105,74.08454961222546,74.12505109793933,1
41.919142921568,74.06798629257351,74.12538947013462,1
39.742909321237214,74.05321059264386,74.1251229458779,1
35.66705140967997,74.04560578066395,74.12697785385264,1
35.876468662084136,74.04365664259942,74.13012274046712,0
37.41252345813302,74.0449562533141,74.13387775562352,0
44.89743356900387,74.05074379245715,74.1397613140301,0
41.435258735653555,74.05192875325113,74.14258822506874,1
46.483383201700036,74.0486720667276,74.1439171136842,1
55.1979183397986,74.04295927590559,74.14468309632635,1
54.00483066825805,74.03308649798848,74.14483358839645,1
56.2737253168974,74.02555717835439,74.14455959972253,1
62.222702056357804,74.02387758695157,74.14615358844202,0
61.98095182399697,74.02346185583329,74.14791289582112,0
74.67927842214709,74.0300527420786,74.148611083643,0
66.56067543208161,74.0376691085373,74.14809222743162,0
55.8678921411302,74.04074296053311,74.14284447972915,1
52.89135946667994,74.04411352069357,74.13636857563489,1
52.89370612070396,74.04912856051708,74.1325118527713,1
52.00915710757822,74.05181420475225,74.1284821734186,1
47.92795212258902,74.06092830804988,74.12445641217806,1
59.106112421276904,74.07273913099979,74.12206986578717,0
69.47748518436632,74.08818260195878,74.12053090971285,0
69.48168624373443,74.10305559660227,74.11855325814747,0
72.353875668781,74.1152752157702,74.11839511010014,0
62.563581841709556,74.12340750104146,74.11490888117926,1
51.82499719069273,74.12597856792448,74.11126574563619,1
48.634283418443204,74.13035271258953,74.10799821367173,1
43.93677513252712,74.13500040983494,74.10443199677825,1
48.89001270407168,74.139115064042,74.10019907533056,1
65.72864842744576,74.14999352222229,74.09855249040773,1
70.396043486794,74.16460671083674,74.09949843600592,1
68.25676326823697,74.1740386796266,74.10123816745819,1
72.2185324543227,74.18462173326375,74.10603579100771,1
66.95875114164386,74.19240805707997,74.11096524878272,1
67.07374668009946,74.20712892100843,74.1191059531386,0
54.831452353730434,74.22224011796992,74.1257065314327,0
56.54024689743403,74.24028129158458,74.1326065163829,0
57.61878777463884,74.25663694660524,74.13944015742354,0
61.15916642817853,74.2717002526829,74.14388381231413,0
63.30791773091814,74.28495282254727,74.14685181480561,0
59.08757210229493,74.29060291175284,74.14909845380097,0
57.99842317898012,74.28884947559756,74.15002540725317,1
50.87675564086599,74.28110099149428,74.1491025921353,1
46.643233273965045,74.27512363456172,74.15164126805324,1
45.351500794110564,74.27723501080048,74.1570527647421,0
37.86518409492669,74.27480146955656,74.1600962319438,1
41.985570010004956,74.27865518226841,74.16552606777199,1
43.96730114140493,74.28500054177776,74.1703352527615,1
39.26644683498872,74.29147011499138,74.17493975263554,1
39.529075402540464,74.2878974401593,74.17989162158126,1
41.23994545852027,74.28373556644813,74.18579814555578,1
39.999961018133476,74.27944329655858,74.19173124902407,1
46.838407000997314,74.27621657523748,74.19828010883712,1
51.6822560238959,74.2787881211708,74.20501784021127,1
59.566857999048075,74.28097775241564,74.21351455277922,0
61.29793072280455,74.28588395343353,74.21976259582325,1
67.42388081224914,74.28745589182871,74.22681737181394,1
