RSI,MA_FAST,MA_SLOW,RESULT
62.86013501145111,2354.06185831758,2352.085706730397,0
70.18888898267001,2354.136366235737,2352.1872893664763,0
57.17193632291773,2354.107061359222,2352.271377571328,0
62.65522662482852,2354.0654059519397,2352.3705436901228,0
54.7968996138435,2353.976735348203,2352.4685316683635,0
34.55203451388441,2353.8658831417433,2352.547219531245,0
29.033898728805525,2353.7899257249283,2352.5890813083774,0
33.34437523724935,2353.751118576452,2352.6502164257918,0
33.487114206499356,2353.715582225729,2352.6917772164065,0
27.102979729485483,2353.625284282334,2352.7189332596345,1
32.9686320532376,2353.529365597268,2352.7672999433057,1
27.96132432190427,2353.296435530529,2352.779535382991,1
25.8824333639823,2353.0641571500573,2352.779256982364,1
26.080069407501796,2352.850087998179,2352.76917200556,1
28.896686871430873,2352.681810802088,2352.7943090205945,1
36.514512001500286,2352.57982560678,2352.8554082078613,0
37.73590596849381,2352.456385108849,2352.8815047564417,0
34.14357463288931,2352.3260377143265,2352.9060970538762,0
35.347296159696924,2352.166604414549,2352.9434470721294,0
41.68718401886251,2352.0161336596666,2352.980403998332,0
47.76520339450332,2351.8559879782615,2353.032248541013,0
43.63632288850449,2351.664390542773,2353.0497399462356,1
42.66234641176597,2351.5260328870304,2353.035459453042,1
45.280210972557335,2351.317542390744,2352.993650187344,1
48.14859105189086,2351.17540695158,2352.945870599688,0
58.797039658941195,2351.095473246201,2352.904401617336,0
62.16282494342811,2351.0964283418475,2352.8653699262386,0
59.21145911832118,2351.067625927616,2352.797728372233,0
51.20279478826277,2351.021453091726,2352.715649471819,0
34.79381794825623,2350.99942640453,2352.6204005250834,1
44.0509695250601,2350.972634908076,2352.5581682110183,1
39.019892491995314,2350.961836007873,2352.480629341773,1
51.10889833655271,2351.0193907760877,2352.419494310677,1
43.17102543328513,2351.0150998840318,2352.322306863443,1
43.46662160474048,2350.986332313477,2352.221428137065,0
51.87084043387613,2350.9489715397513,2352.154279871522,0
56.00004617537868,2350.9901614094333,2352.12834618723,1
62.06626704024243,2351.0404771818567,2352.113146723906,0
53.62574014373168,2351.063107020203,2352.087321040168,0
45.984383169279795,2351.013116103569,2352.0443939128872,0
45.33757785907291,2350.9853004404536,2352.003890685637,0
52.46165485550882,2351.0318325166795,2351.955714991664,0
53.320597038735734,2351.07844668083,2351.898541230614,0
53.078419864616954,2351.124156418883,2351.826610194068,0
43.55808882919485,2351.032024916419,2351.7194959956414,1
43.72488633088861,2350.8822946529435,2351.594699403446,1
35.7567311113052,2350.6913073878563,2351.481337001936,1
46.45647609532086,2350.576700897863,2351.3916373953393,1
47.944854004875424,2350.5152931743046,2351.305494930437,1
42.9344572090096,2350.5092214696006,2351.2208788549933,0
38.95568489281794,2350.4727882750954,2351.122540194024,0
36.444605546082855,2350.4546201808807,2351.00793091983,0
45.50566024717573,2350.4187314678074,2350.9441623541115,0
51.376434350880324,2350.443177999609,2350.8734156825103,0
40.91591783598688,2350.3725740989644,2350.77976363737,0
32.00121080960358,2350.212354424116,2350.692868384471,0
31.006606320860996,2349.9938425176256,2350.6099129043087,1
32.431437140511946,2349.746453102269,2350.511280534233,1
43.13179055148097,2349.5603194592018,2350.425215933557,1
46.84963179611892,2349.4251587884055,2350.3643437153155,1
47.02037869389003,2349.256121496973,2350.29459304552,1
45.477579570344,2349.0793772423617,2350.2688916763973,1
38.52370041618109,2348.8923285437786,2350.2298097881026,1
46.937634763464914,2348.8254102865358,2350.2167391094113,0
45.84622598498777,2348.82996650286,2350.1787582759503,1
48.672507840466,2348.877321240795,2350.113697657052,0
40.12694479744148,2348.9179741086136,2350.0659726018416,0
39.66248196914902,2348.8995988121387,2350.0210618344645,1
52.92745733897451,2348.8720818477777,2349.9876859037286,1
59.8759956077028,2348.849714876832,2349.9543113418595,1
60.666133577577774,2348.8132279991137,2349.9054362023653,0
56.57019609463741,2348.755151162987,2349.8442351679155,1
64.60984149307595,2348.740975294598,2349.830139317138,0
62.36921427270665,2348.6994105109925,2349.82616293061,0
65.07877040067214,2348.7699182526117,2349.8175681577827,0
52.29737778061829,2348.803061927726,2349.7759038570807,0
54.21683625719903,2348.8593497353145,2349.715081461696,0
44.62833610244413,2348.9324001279115,2349.6571902143505,0
50.58677286528449,2349.001846696893,2349.6173733756236,0
38.797001117417054,2348.9666928955075,2349.5512503117066,0
40.562324857003,2348.9412593349252,2349.4820428162593,0
36.39988983473174,2348.8172971896756,2349.4110761491183,0
35.80456319309236,2348.7341673164647,2349.315720404253,0
30.974679807364524,2348.5350162943446,2349.224705673536,0
30.740695322307175,2348.3284982680425,2349.1156246577766,0
32.796133159211934,2348.10746720946,2348.9770959249354,0
14.7766973802037,2347.85559111591,2348.812144484433,0
14.787803618536259,2347.5797568791504,2348.636773713382,0
8.207649279268011,2347.238403931846,2348.4578046683864,0
8.052905964607376,2346.80637075687,2348.27161320318,0
15.599842275723887,2346.445180557216,2348.0893882490705,0
14.285154728080272,2346.0770649969472,2347.8623281600226,0
11.11174314277082,2345.6016753295376,2347.6394307766213,1
19.484763523805114,2345.175760678972,2347.4468046346456,0
17.38106961593826,2344.6972797667586,2347.2836700979183,0
17.86201817232353,2344.250097870977,2347.123025144294,0
17.169229512981474,2343.823150007537,2346.967818509568,0
26.593690518533336,2343.446007472366,2346.8049128441526,0
25.899766957965255,2343.003179723795,2346.61252799542,0
26.168430369779955,2342.6632442275827,2346.4128594148992,0
24.754015397459966,2342.247363323048,2346.1918728354403,0
24.91704165788454,2341.861744036581,2345.973925691398,0
27.765080985428384,2341.464519109048,2345.7340354607495,0
30.38663666420969,2341.074562363718,2345.47725941918,0
21.741234706515144,2340.7005452528724,2345.2468131193395,0
21.49525639238331,2340.28114417571,2345.004611825573,0
22.50324235239249,2339.906919421787,2344.777375246097,1
24.822900055434772,2339.5939438156884,2344.57576999875,0
23.69352887196213,2339.284817485541,2344.3476038789217,0
24.15503481714039,2339.0241111028,2344.1111941289373,1
26.11868195273871,2338.742788287819,2343.8840549654087,0
26.764804602083217,2338.5617910493247,2343.655293682808,0
25.983181581579174,2338.328213453846,2343.413784740648,0
25.939590929112427,2338.0577688256108,2343.1397480502756,0
32.76276411010775,2337.8232471943693,2342.8809823745223,0
33.78093866362249,2337.617649943492,2342.619156625373,0
26.505246594000624,2337.3039314863936,2342.3222014606795,1
31.696569861860766,2336.9655392767577,2342.0312890299997,1
41.14245970511046,2336.7346931317693,2341.7575725090164,1
46.91399457001265,2336.5145193701082,2341.47878121221,1
42.60732657075956,2336.3224011501143,2341.1955420958407,1
35.52364759310791,2336.125485880413,2340.9220595783686,1
47.95752598209666,2335.997998946036,2340.6368449213246,1
54.08608151388065,2335.9410954989644,2340.3739334143684,1
54.58165580011242,2335.928072789981,2340.1100749342872,0
51.31075654097519,2335.9856356550713,2339.877641316511,1
55.17456116585089,2336.0136698912183,2339.6391033084583,1
55.0162946004735,2335.9914535101843,2339.399391351659,1
53.45109484162294,2336.0100059745137,2339.1508675899695,1
56.19200906899998,2336.0754482821476,2338.9546962835934,1
76.01466026900287,2336.181145495694,2338.780009429716,1
77.36387146457383,2336.283092605939,2338.641611849313,0
64.10164289407572,2336.387991934441,2338.4753145878385,1
64.4525490318335,2336.5086024511957,2338.329182513016,1
73.12249699831906,2336.647358268864,2338.2085263748504,1
78.1406279256788,2336.8149507553635,2338.102150043734,1
69.03721985399861,2337.0564455740023,2338.002543243917,1
74.36134124854136,2337.3944611609,2337.9571707426994,0
65.30078340630484,2337.6206199112603,2337.910458900782,1
58.91782217774104,2337.7987846537076,2337.8757467709447,1
62.7735345092084,2338.027537441537,2337.828484849569,1
69.07303127557203,2338.361487441419,2337.8358285561576,0
65.64213877703418,2338.5911931245673,2337.8326520393366,1
63.21716084140104,2338.773867171455,2337.8131760113615,1
62.12604965933134,2338.9740319005277,2337.820775787795,1
58.89445454848102,2339.159225640064,2337.841292424146,1
64.06108684337633,2339.3574807099067,2337.852835589406,1
65.02732940366772,2339.5863839430504,2337.8555419399327,1
63.70117125852129,2339.8293048052315,2337.881317622544,1
64.88177496715531,2340.091460246195,2337.9259826910384,1
71.35337862378631,2340.34491768695,2338.0190311752767,1
64.37969417088868,2340.5659217246334,2338.1232829245346,1
73.90338423140967,2340.855370445565,2338.2316551224453,1
83.57453371906819,2341.1444238070308,2338.357127090341,1
84.03523655648429,2341.423571856956,2338.4977370164843,1
79.36598939935362,2341.6801723191907,2338.6617613011263,1
90.03922888198902,2341.961917792668,2338.824542592269,1
95.05788748829065,2342.1749639823474,2338.989578809363,0
95.34388290540565,2342.4997382017345,2339.1964271872594,0
79.68893259841622,2342.8075378412022,2339.389117466306,1
82.7601897586307,2343.10639452349,2339.573927343837,0
75.23607447713424,2343.293031306241,2339.728324658924,0
71.85267598596661,2343.500677024361,2339.9016374675425,0
69.71853840721766,2343.7350565254956,2340.0840910913157,0
67.25943332665975,2343.953121814572,2340.272725635876,0
64.90264232330617,2344.167416532099,2340.461199059589,0
50.109157920173146,2344.3185617904187,2340.6586877110162,0
44.10756815268726,2344.40847990944,2340.8327181930053,1
46.33006231075319,2344.5233572956595,2340.9967832881002,1
36.28170313056309,2344.487400073572,2341.1151349724237,1
41.642896451371165,2344.4472811819905,2341.268983188027,1
38.71059761060405,2344.4157313676337,2341.4393811194227,1
37.78515559860076,2344.4251592875225,2341.60251925904,1
41.93015685748652,2344.418080000645,2341.7479208910136,0
35.70748748176946,2344.308979274541,2341.8500996103085,1
39.51503622008524,2344.214886228582,2341.9534615305306,1
45.6001392610378,2344.171803646878,2342.087796094533,0
47.46767743469956,2344.1178448525607,2342.240135346314,0
43.08589508442843,2343.97673375169,2342.38311829813,0
43.729468287354976,2343.899395211623,2342.5186962380963,0
48.1043909568872,2343.8003423747355,2342.621606095454,0
48.618021796107236,2343.6960666566183,2342.693514279196,0
48.83869323945404,2343.6424453400073,2342.8034188297693,0
55.03088639814923,2343.5248220825565,2342.89057894386,0
46.39244364047555,2343.344668633021,2342.951649781539,0
40.03837389005691,2343.12483921589,2342.9851544437997,0
29.06749862591022,2342.9219335112166,2343.0048828859017,1
30.351861383068083,2342.76348620144,2342.9803282092216,1
42.63450749259703,2342.615639026795,2342.994790934314,1
39.786160334534145,2342.570013838781,2343.0236266464535,0
28.07163264715419,2342.4166616526772,2343.0246328724834,1
27.54509238025804,2342.276058048538,2343.0052093622703,1
38.683664831723206,2342.1502354712984,2343.0261361977323,1
36.38041782621369,2342.0065059685685,2343.0409764098586,0
36.53105956014813,2341.9260905121305,2343.030923054949,1
41.42398393637093,2341.849086975236,2343.0294060645992,1
44.321819272430815,2341.78597226329,2343.0591927158866,0
46.66946472023762,2341.6650753132963,2343.071611894412,0
45.12252406212803,2341.5173880314014,2343.058351588598,1
51.741957968092464,2341.3914870507388,2343.0387069599137,1
61.325768417369474,2341.318862243753,2343.0111839181754,1
60.870966845867535,2341.2792533533525,2342.978846930683,1
53.858328043626564,2341.179103589718,2342.9329120874304,0
58.459795705742415,2341.1666302677745,2342.899461528157,0
68.31515296792067,2341.2110310432354,2342.8666334560503,0
61.17913571967391,2341.26885542336,2342.8206276854676,0
54.455418265263624,2341.3882534936683,2342.7754171663023,0
50.672331256389626,2341.4477266910217,2342.6894332926913,0
56.27763969370361,2341.4881753846935,2342.5901658074977,1
52.58736900441766,2341.52552980584,2342.5108234323084,1
41.40104969625726,2341.6056857057133,2342.424349345373,1
43.79100766783653,2341.6509288445914,2342.3483683776103,1
52.27643421357362,2341.6303562212806,2342.2780078765004,1
53.97426343456328,2341.671430493399,2342.2155259970195,1
52.64458159387721,2341.7552905574385,2342.151790552096,1
51.484670239854296,2341.8122678251234,2342.087346581809,1
60.19240588345244,2341.8349168688856,2342.0657347472734,1
56.79763345282317,2341.894388768624,2342.065975438086,0
49.93985174351019,2341.9900946741514,2342.0450465399945,0
55.111552567432796,2342.0555551090983,2342.065968974124,1
53.46904826506714,2342.0831239055656,2342.065521007605,1
70.98429066511048,2342.130657897743,2342.064817542727,1
62.060728870772145,2342.185836315717,2342.037182898708,1
60.553580460725556,2342.185623216995,2342.0064788146974,1
75.82947921614249,2342.2430389704687,2342.0402573344218,1
79.09550370344877,2342.3687815638878,2342.0821858195895,1
71.86612119284095,2342.462136341478,2342.091550244142,1
70.74276966803747,2342.6323970601065,2342.0952541757097,1
68.93275881719956,2342.7799561631045,2342.1114547720636,1
71.84597149118008,2342.9536666558874,2342.132532010014,1
69.41383081726833,2343.1502992349488,2342.164332089458,1
72.41534009532896,2343.3958324992354,2342.228274714657,1
77.49517077143858,2343.653578269335,2342.2824610482317,1
78.1098820879705,2343.8730432890434,2342.3548144796146,1
82.02265282263316,2344.110552310578,2342.458144023119,1
81.4486121216319,2344.363649104908,2342.5828705374165,0
85.33486811553121,2344.5910583164223,2342.7333846693555,0
89.96182329284474,2344.8149989418885,2342.8865805342652,0
85.50265661932784,2345.0522591918716,2343.0196946060255,0
82.99986823307464,2345.2948772479035,2343.155914337773,0
85.76713497642984,2345.519956435939,2343.3068389209097,0
72.32236636823959,2345.6947784814624,2343.4323057158963,0
60.294205290285575,2345.8443386161152,2343.5148241566353,0
46.62422421051523,2345.9538357867536,2343.5854107419714,0
40.59541181588791,2345.949393970559,2343.649578717793,0
29.49524873656189,2345.900392053715,2343.702707850982,1
26.966549214362075,2345.885938866747,2343.7315368855247,1
26.157208201599914,2345.837796177495,2343.7643425213896,1
9.429232505506533,2345.690691346012,2343.7807760979076,1
22.050232293409294,2345.5909079218286,2343.81230035845,1
29.153018164382914,2345.5290900495784,2343.848423211788,1
30.023474227280943,2345.4375168655574,2343.891580119539,1
40.89531289796769,2345.4084184946523,2343.9741870102052,0
37.8951370987013,2345.342709106977,2344.025246015296,0
47.31508674105366,2345.310817101047,2344.0980584462436,0
46.64077241147186,2345.230985130404,2344.167722420234,0
50.80035838122992,2345.1558435335987,2344.240420685328,0
51.224781924623905,2345.017187539689,2344.314364873732,1
54.67306729284307,2344.8828636705357,2344.377569920362,1
56.67716784669153,2344.763617381582,2344.45114936807,0
55.69968623136879,2344.6616512629344,2344.529225143798,1
59.04222435322077,2344.618286930835,2344.619248950394,0
71.24988432119262,2344.6188259921737,2344.7102120649924,0
63.521158159861194,2344.65414779585,2344.778497662952,1
56.07183669881035,2344.7019857612695,2344.828256799325,1
57.59676909924553,2344.789230958972,2344.893493104521,1
44.80282955937304,2344.846201772184,2344.9360508468444,1
55.05110241962578,2344.9506405667425,2344.9868432406365,1
51.550714350923435,2345.1982159726185,2345.0640246172943,1
47.626566560131884,2345.3160593696903,2345.116502062687,1
52.246938908695626,2345.435760617339,2345.1894778964975,1
67.3483832465761,2345.6200483788757,2345.2873363119925,1
68.04270881727503,2345.7381166639593,2345.3950991495017,1
68.64100592756343,2345.919242881154,2345.5186938809593,0
72.16098791753262,2346.0663443064977,2345.6273805806554,0
68.79686073758184,2346.2410350023047,2345.7166237956008,1
69.01519448417841,2346.4134673900417,2345.8209531047532,1
64.70961109496841,2346.584285289599,2345.895120165529,1
68.09939969346517,2346.7600608264756,2345.9696117857106,1
67.26442383384814,2346.940314183258,2346.0458083790186,1
72.41719938380913,2347.1474016742036,2346.1280661194996,1
72.76309615575869,2347.3685510563287,2346.2083363732313,1
64.97517595069408,2347.5547477733494,2346.270679866598,1
72.0873934623887,2347.7405368092377,2346.3254950710298,1
73.99783501797513,2348.024818671678,2346.393963343765,1
66.98938778314798,2348.2706508482634,2346.456293801863,1
66.80250071328987,2348.550634057533,2346.519881143289,0
63.9850066656788,2348.7913207463143,2346.5773719624067,0
53.32085169184147,2348.9502317303304,2346.6232136326785,0
62.5714668895473,2349.2408324372764,2346.694884138436,0
58.63678601715839,2349.4650080322526,2346.7674985350227,0
59.739536275040074,2349.5616752983433,2346.8340950387446,0
56.568259129367966,2349.6302328028937,2346.909456824213,0
45.09463869489851,2349.5947586999637,2346.975063046243,0
40.240860856406684,2349.4917528854594,2347.0443241466155,1
31.537997418418158,2349.3610412196476,2347.1008834619734,1
37.27123826440474,2349.247735490132,2347.1656717541073,1
36.825571950044875,2349.1600611722183,2347.2240261634183,1
30.913552675673657,2349.1023536105868,2347.3342766915407,1
39.34077499038611,2349.080660928853,2347.441709581828,0
42.139103579111655,2349.069568739653,2347.54425759553,0
41.648545982209136,2349.0072440299546,2347.63622723899,0
45.16743435934753,2348.98155598725,2347.699934863637,1
31.97226112826489,2348.9161728172066,2347.7548805551214,1
33.060559912956066,2348.769618178422,2347.7774837747156,1
33.840872256485184,2348.594659135867,2347.801763404048,1
39.13890966343667,2348.4394717970636,2347.833332448675,1
58.521359173470884,2348.3898749555,2347.9264469287314,0
63.43788934703357,2348.3931382124274,2348.0273234494352,0
58.44270519170572,2348.2518146949615,2348.0901630637877,0
54.77040069026141,2348.1171500262544,2348.1496980403513,0
58.25202770390201,2348.032476415512,2348.1997708326157,0
55.31671515452671,2347.9693267128714,2348.2496571124925,0
45.713576712677785,2347.9570127252755,2348.2962090180135,0
42.856155540852235,2347.9805619059844,2348.3557546045017,0
38.92878849515175,2347.993136197131,2348.3824455572367,0
35.14900129815389,2347.943216994133,2348.4044778428865,1
43.72578473771549,2347.946066266381,2348.422196443274,0
40.51624973704217,2347.872776851971,2348.404101043282,0
46.23595845475716,2347.765076542058,2348.421316450775,0
38.09779607537929,2347.571350667707,2348.398493615677,1
33.771280377481474,2347.4568333602624,2348.370941231545,0
28.764451919697393,2347.305700676053,2348.3269684684747,1
33.814911477926685,2347.206620726578,2348.269831693291,1
37.2123866426577,2347.1261164824473,2348.201392645095,1
34.470744883941975,2347.0574157789383,2348.128315714702,1
34.81938225685981,2346.9666782586273,2348.0546167961093,1
40.884185436211695,2346.7960449117263,2348.0111507775823,1
44.69564616330356,2346.6438432286873,2347.98083641032,1
54.02587486709661,2346.602947049045,2347.955216210102,1
58.257384575296285,2346.5696276585672,2347.918588434097,1
54.46929071661112,2346.525543360113,2347.8625677541295,1
69.62871955164299,2346.571929106969,2347.8565296459406,0
70.75345924209,2346.6855429415796,2347.8742114709503,0
73.72210627155968,2346.7524721602317,2347.846815999923,0
68.8633425613597,2346.873100938911,2347.8234255934963,0
72.39400203462787,2347.018120340947,2347.7914723562517,1
73.14840325458698,2347.1318944679615,2347.758425931933,0
62.608842200268775,2347.2371153179038,2347.7188544783107,1
63.65046522291024,2347.3043307742496,2347.6467157855645,1
69.2184651883617,2347.4987870125105,2347.6120052077804,1
69.22897514091805,2347.6458132674543,2347.604596419189,1
52.96911703838511,2347.7241638629685,2347.5645408925043,1
54.52548117656149,2347.8601300610544,2347.5759802377274,1
58.805016106354756,2348.026456909613,2347.6152742547565,1
57.910525997963745,2348.2010263441,2347.664309764483,1
52.34833988277447,2348.3985500818944,2347.714942632814,0
44.985526225732706,2348.538683582276,2347.7625997416053,0
46.7061444231632,2348.6215823247067,2347.7885278959675,0
52.350652592138424,2348.7327630241257,2347.816057048211,0
52.60326816887152,2348.8399469405017,2347.826739714436,0
46.470144857724016,2348.878206861361,2347.8109528866917,1
50.42308062991099,2348.819970310988,2347.7918953754356,1
51.67961887118778,2348.720594662169,2347.795980208935,1
49.35811971547225,2348.7060267023776,2347.8213794095045,1
47.01357697485413,2348.6880326729224,2347.860775008319,1
56.61973528641693,2348.6665810765608,2347.882316068051,1
55.87182750208015,2348.6923450953655,2347.8794139878787,1
51.115265487515245,2348.772120529778,2347.870447405251,1
48.98575284726168,2348.838371986304,2347.881338702102,1
51.260514418732996,2348.8783611143235,2347.916489643008,0
57.106038346048535,2348.9029336608887,2347.9527793173397,0
60.21302379557488,2349.0272697024475,2347.987718088335,0
53.076779403526885,2349.110053139963,2348.037196403602,0
47.88131548480115,2349.1064246617048,2348.0656193570444,1
57.30385770211199,2349.0960614445717,2348.105479863459,1
57.863088777992154,2349.057150989761,2348.1605162310657,1
56.88632000299931,2349.044829955582,2348.202105217286,1
57.3457247862406,2349.102216285366,2348.280303669326,1
58.55659551424986,2349.1083569948323,2348.353369229321,1
66.48056731463159,2349.159563062799,2348.462024672473,1
61.18141957747772,2349.285934211427,2348.5425932271573,1
66.03210829569076,2349.4570890283167,2348.652450716341,0
74.8670751800091,2349.6472884911846,2348.772247314778,0
70.07917648153764,2349.7900900306936,2348.8869688288037,0
68.92203221737958,2349.931786789758,2349.0105234126463,1
59.182679384827566,2350.0521692962275,2349.1165124830904,0
61.07609545781693,2350.1510261856934,2349.2214064974655,0
71.45806966973876,2350.2434432764776,2349.3102874243673,0
71.76184815431775,2350.3457815961174,2349.3784725209307,1
76.12406003742629,2350.4461784841683,2349.467109973248,0
66.31880263564446,2350.4888202606026,2349.538090077536,1
56.6691336106067,2350.514445162552,2349.5647245105683,1
60.97452041012289,2350.5740624787963,2349.5926042184888,0
58.21061169670271,2350.689127447534,2349.640281471966,0
57.79535428332852,2350.823384210213,2349.6855931719797,1
52.83310187149471,2350.967537810545,2349.7402832189046,0
51.28162787710985,2351.126654525519,2349.8000092403086,0
41.63951710160803,2351.1742076033293,2349.8551405834964,0
39.98783844899115,2351.199093971617,2349.911274508268,1
54.78998343105119,2351.2544450491796,2349.9642878871405,0
48.43088861536157,2351.2830473471677,2349.997486859043,0
47.02246085246282,2351.256666065242,2350.0654515972506,0
46.82840031089029,2351.1927188425216,2350.1052828273646,1
39.49907672601528,2351.124754191452,2350.1262877415393,0
42.827788654121754,2351.033995950688,2350.1437112552817,1
48.58244224838743,2351.0008849150627,2350.157446416358,0
42.610512431570996,2350.955389787123,2350.1880889794043,0
46.06566569387321,2350.9424447531687,2350.238632395752,0
40.69941669541121,2350.907541750975,2350.2483840116706,1
37.39644065626491,2350.814766658633,2350.257037860501,1
35.147160291025415,2350.7629713020624,2350.2919958538164,1
45.92814095533104,2350.746301657712,2350.3352570492575,0
43.41992698306285,2350.6567944155227,2350.367084119831,1
38.08169094512983,2350.591292407867,2350.394387754162,1
50.471576533419466,2350.5751613809384,2350.4404446551857,1
46.54807735720307,2350.5094353183777,2350.477424915631,1
46.823540670787324,2350.4168977731797,2350.4898303114346,1
44.51403273979017,2350.3637494695013,2350.491792159385,1
60.053666568902926,2350.429867089424,2350.547872549516,0
55.94383472041131,2350.414127838958,2350.5785945769944,0
61.16407523851091,2350.491866571569,2350.633060023315,0
52.88496942543055,2350.53167206494,2350.667212542247,0
53.135751818798504,2350.5535563501967,2350.6826841114585,0
51.74935954689172,2350.551457063112,2350.7043007021025,0
49.43976044149271,2350.538855116823,2350.7208287241824,1
46.79205357425157,2350.496067561081,2350.733013044886,1
47.08218403596964,2350.417036340739,2350.7369715334667,1
40.646232751294825,2350.2742895520823,2350.707461702439,1
40.523327980882776,2350.2199192899334,2350.6930089297107,1
48.743506176375604,2350.2281143919995,2350.68445839218,1
53.859412043864864,2350.283310259265,2350.6909462729514,0
57.58486227374447,2350.341240208351,2350.6889175212714,0
48.330963612455555,2350.434608727956,2350.682012214539,0
48.05383608965544,2350.471469867764,2350.6669396889893,0
35.94894494115378,2350.422748083761,2350.636829172787,1
42.77315977876106,2350.428101021801,2350.627797605861,1
42.006419928152525,2350.4061436599345,2350.591877301131,1
40.785194844225344,2350.365706721233,2350.5406975372875,1
50.23191388785972,2350.2660908645926,2350.515996256906,1
58.86840473540681,2350.2596969738293,2350.5040019728585,1
63.61628228443404,2350.2019298709065,2350.5183038674368,1
71.0171692590677,2350.2390863338796,2350.5570690107784,0
66.6060682066857,2350.305994902802,2350.5754570810604,0
55.48240954479149,2350.346860685554,2350.5673939973103,1
54.15971039440037,2350.446040905509,2350.5698914023005,1
54.34195796604466,2350.5787086477612,2350.577481379773,0
54.257335137449864,2350.7425942602777,2350.5833474273704,0
55.500305307055356,2350.9295585181794,2350.6096020683785,0
64.10414819495466,2351.108672319365,2350.65684026881,0
57.61617797842759,2351.199405054313,2350.662442394234,0
59.64630170799356,2351.2212147061705,2350.6662132165525,0
59.57183379946358,2351.1817401395338,2350.6589471509883,0
55.37775056976602,2351.141954768772,2350.661706585039,0
40.078835394475654,2351.078534905152,2350.6484519744695,0
34.86105777457499,2351.025871654502,2350.633579454313,0
24.545255058440006,2350.9304583532257,2350.5996269811258,0
24.506658240752472,2350.871565934357,2350.558347760025,1
24.121949448357753,2350.7929353748,2350.4808937859398,1
19.7015198030945,2350.671676484676,2350.421650150386,1
25.32049271346591,2350.5242837789096,2350.3878088209694,1
25.809186540638805,2350.3665789225097,2350.3597469156157,1
36.721908302456946,2350.2262686258096,2350.349055798017,1
38.78129652863723,2350.1491521892426,2350.3724001905484,1
46.434787883581386,2350.156652122009,2350.393537882967,0
50.23169430143872,2350.1426526237356,2350.3968878994197,0
55.662208514507505,2350.1067815680617,2350.4164198796466,0
58.61009639597995,2350.0985957611274,2350.4560266225494,0
62.899247669510906,2350.0844381481365,2350.4978775398326,0
55.86311706786031,2349.956491281944,2350.4674899458178,0
61.68707952471906,2349.8876538992527,2350.451852818352,0
56.963913875296996,2349.80452499452,2350.3912765857326,0
59.72312351391015,2349.7232347009294,2350.335572205384,0
59.39742869786237,2349.6385544467535,2350.295705823662,0
53.53609664158364,2349.59358491796,2350.2653031164086,0
46.00981671129065,2349.519502052134,2350.225838228437,0
38.19487986901254,2349.480269071363,2350.1933075852385,1
35.70663564030079,2349.4901060103193,2350.1875756278573,1
26.18993066091393,2349.514304264322,2350.1768996708356,1
34.463647771711436,2349.5859136518766,2350.1680478951635,0
29.94408529073735,2349.545224060399,2350.11465268833,0
36.928243711970914,2349.583807779804,2350.0799459238315,0
36.87503703619403,2349.5442882361976,2350.0302750091564,0
43.50350447447488,2349.457233445029,2349.9814500773778,0
35.19952424571328,2349.2633879090713,2349.9103050994904,0
38.28600311858109,2349.0640694967497,2349.8534164646153,0
42.73197622233457,2348.872990356006,2349.7943756133286,0
42.41189025512524,2348.6479127402044,2349.7527342546573,1
40.75946839980893,2348.4159787057006,2349.71798633362,1
42.40290807908967,2348.221482920515,2349.649646768187,1
46.84589587184153,2348.052528037946,2349.568985243999,1
42.55070770917161,2347.930048185975,2349.48252391176,0
53.9399038916535,2347.9076840781922,2349.403011303109,0
46.19984401965682,2347.8642517182975,2349.31900854986,0
51.33943249602694,2347.8072325657695,2349.2494518684953,0
44.15304717474164,2347.8393202072793,2349.183149949145,0
38.81683718216115,2347.799869187743,2349.0817718012313,0
33.767905428589614,2347.6732340473654,2348.9598315426924,0
47.02886984587556,2347.6356319686533,2348.8593290510253,0
42.45423043108791,2347.5002531995383,2348.7246802472328,0
35.50216392866544,2347.3545192228166,2348.576698355731,0
43.86196503937965,2347.198833367843,2348.4709933885006,0
41.52812378513759,2347.0038452241724,2348.359117043012,0
44.9000929948524,2346.810397176563,2348.2488270404942,0
40.65861087401435,2346.6953938795623,2348.157048689254,0
33.65116227549957,2346.470450892555,2348.031248159836,1
26.379461502775158,2346.225675937513,2347.9124626470434,1
29.46154821407049,2346.0022839966136,2347.80502147956,1
31.958929439740245,2345.815587674057,2347.727047253323,0
32.35188497569338,2345.7028947595936,2347.662134078154,0
35.20911280097147,2345.529481127753,2347.571064183536,0
41.799224047952784,2345.3833353881955,2347.4892264980344,0
34.71301930754068,2345.1479863908544,2347.371698409127,0
34.091315138310534,2344.8772779910487,2347.2102588705825,0
35.48009493986294,2344.5720522439506,2347.0156119172716,0
21.563928870240645,2344.1757183088607,2346.7963762231952,0
30.662595255228013,2343.884686810967,2346.592933898393,0
26.223303820841522,2343.581610907117,2346.353037601088,1
27.339887993453928,2343.2455971580384,2346.123792654986,1
33.666153314266595,2342.9458237983663,2345.920413253802,1
34.177916880090066,2342.714706536368,2345.707519410577,1
39.305666408496386,2342.463392478655,2345.5345403821543,1
36.03171519421333,2342.250294032168,2345.369940775507,1
34.413560649546284,2342.05429487221,2345.2151232106767,1
35.82539679269257,2341.857034838598,2345.0624286575094,1
31.011414357789945,2341.766119181426,2344.929895011553,1
45.720955955669126,2341.777894970156,2344.8315130065607,1
45.60592149802936,2341.714080559078,2344.694611299063,1
56.150654312724846,2341.687659046157,2344.5963891660567,0
65.82884379540387,2341.651352968503,2344.488309804805,0
59.78266105045946,2341.6113655436607,2344.3975207768403,0
73.91767590361293,2341.6080506818316,2344.2989236588455,0
62.52260623525311,2341.5583845782303,2344.17733694594,0
61.2798593628782,2341.544266504994,2344.0450720945687,0
56.43160729210744,2341.5337182786143,2343.9237440650886,0
53.248959433546396,2341.598137809037,2343.8100035481098,0
50.62686458348484,2341.577651336696,2343.674798290669,0
49.97495935240011,2341.6350703625876,2343.5479006500414,0
49.155963598269366,2341.67407037822,2343.4270293239933,1
48.006484564142646,2341.7045332039097,2343.3136333671596,1
39.78454784537961,2341.754647862378,2343.1883673403495,0
44.05943240510572,2341.739473364081,2343.0583104533966,0
32.851215126057,2341.6982905667505,2342.8861833709307,0
44.05252951964204,2341.744698626543,2342.7673019739755,0
44.02636330597663,2341.7701174649596,2342.6475826171854,0
29.99140433719731,2341.712912696395,2342.4793320071994,0
32.41514470191535,2341.5300252152665,2342.32357541757,0
30.583556408341636,2341.354100336431,2342.1669578146893,1
37.94469413716048,2341.159656008821,2342.0059987821237,0
37.503561576403925,2340.9518215249736,2341.8689371349788,0
43.055584842664125,2340.7791165529834,2341.7673597089074,0
39.656978943154236,2340.526437941663,2341.6299654883737,1
39.35085747851617,2340.336509724955,2341.5104027462526,1
39.708540634511735,2340.1526149303945,2341.3819591961014,1
37.41470567291119,2340.01381169664,2341.25111119192,1
42.528960676874476,2339.8919384617047,2341.1785985757697,1
48.26690969510317,2339.828030807317,2341.1157402385907,1
35.23259258892122,2339.766805108245,2341.053709094694,1
40.6468613748784,2339.7330192221357,2340.994001943225,1
58.90297180379578,2339.753785191228,2340.9339895398134,1
67.36757887113292,2339.77053127214,2340.884787398105,0
82.65503608792199,2339.8123761409174,2340.8299267544853,0
83.59204749457172,2339.9453186530645,2340.8051162758143,0
74.96602967944342,2339.9396044089062,2340.792232541118,0
65.09953944293501,2339.919147148871,2340.7864205791534,0
58.72285642162929,2339.939957388074,2340.785027638885,0
61.63239280910644,2340.0017681574113,2340.770407956148,0
52.2262858976575,2340.040120704635,2340.7503617336965,1
54.83296683305209,2340.0639135910583,2340.7333253553315,1
50.16768852153983,2340.0704726473186,2340.7187966745596,1
54.08088330765224,2340.1064687795,2340.7240646061605,1
48.34621181127035,2340.1303891178964,2340.69676414407,1
44.79873589837866,2340.1573507347584,2340.6732254272893,1
46.07513666309113,2340.2440377290964,2340.6578563388557,1
51.26490347607465,2340.3892978766708,2340.6640164071487,0
46.78956443716894,2340.4739385922007,2340.6617263400794,1
41.77787520899018,2340.5524075405337,2340.625545266742,0
46.130643772362596,2340.6226487347894,2340.6171363649787,0
52.18853599239242,2340.68785370894,2340.594079808338,0
57.59333728215938,2340.7071779592225,2340.556319536101,0
62.244944410494355,2340.7662315437688,2340.5467337981477,0
62.02216065468488,2340.7353430660623,2340.4808437081774,1
57.65907525762254,2340.6400571293166,2340.437785296249,1
60.10031139792916,2340.5892902586015,2340.410242042561,1
57.305361564166546,2340.591042083563,2340.409350101133,1
66.60461533987603,2340.6943411337165,2340.423508968757,1
71.32485359725825,2340.8382526170526,2340.4746484682905,1
66.32509342465622,2341.044891725026,2340.514290278672,1
66.05616704375674,2341.2850395188975,2340.5777130116026,1
65.84215644671181,2341.5009933667984,2340.637380739716,1
68.12488089109304,2341.708797122018,2340.705724310016,1
71.92246583294633,2342.0158984687932,2340.8073341859554,0
73.66358905791996,2342.379730311259,2340.9458013250924,0
75.31369966762895,2342.7029048357344,2341.041138822532,0
70.769671081352,2342.9574827834676,2341.138962534552,0
72.88185619226685,2343.1781231739806,2341.247810531114,0
76.14444884975504,2343.4039139007064,2341.3751007409182,0
68.59041307536731,2343.573319179206,2341.504823902089,0
63.297648067128925,2343.6960529349367,2341.608638578785,0
53.553089921204226,2343.7816598850104,2341.688254880116,1
46.911554974216195,2343.797595805853,2341.7541254992957,1
47.93257051426374,2343.88800108946,2341.8254689672967,0
42.98865807020513,2344.006196165707,2341.9056598725497,0
43.44502999973287,2344.082453747226,2341.9821775692935,1
44.16754379600694,2344.183193684522,2342.077102896286,1
32.22024773972895,2344.221495050275,2342.155331604185,1
19.983118937509786,2344.180358502969,2342.215579546551,1
21.063776903654258,2344.159695311365,2342.27144635992,1
36.409316631275146,2344.165579383361,2342.350737076093,0
44.63034638258065,2344.21343154777,2342.4212392823324,0
41.083870130426725,2344.2095339917723,2342.481325397869,0
39.36037761783042,2344.072117082393,2342.5112305625457,0
41.80082943327626,2343.8773259159007,2342.518604230227,0
49.447454814570726,2343.6877010590706,2342.540377482598,0
49.88521033946999,2343.4958441174617,2342.569641321988,0
41.60259789989558,2343.2985154421735,2342.5912337527534,1
36.68215117488672,2343.0547425657883,2342.596290504269,1
46.7881184786965,2342.913759916957,2342.6542795870178,1
48.452885821704136,2342.86186269482,2342.7278182202895,1
45.78817866627494,2342.8221297379446,2342.788917716366,1
51.723779515367106,2342.827722745863,2342.8426270858404,0
46.26697110369812,2342.7872916189704,2342.888229967726,1
43.884771904076004,2342.7920885601106,2342.9595550026906,1
43.48186181939049,2342.830715200583,2343.0168485578884,1
48.7788967251277,2342.8645561527455,2343.0672062067156,1
48.09067121902878,2342.8381215813392,2343.10100479984,1
51.414632411909885,2342.8703013913405,2343.142737086874,1
50.54183528916478,2342.893122548105,2343.1796358852457,1
54.95258004176039,2342.871478754359,2343.2241870942607,1
64.97484992394877,2342.8730232498756,2343.287577398594,0
69.59567978917536,2342.8917133580667,2343.331518123589,0
62.18167243303298,2342.9474687349384,2343.3960808300963,0
59.92202033510754,2343.0431884519357,2343.4798567592748,0
64.81373346817571,2343.127104863954,2343.5555033247388,0
57.04169176444945,2343.191613113481,2343.6098697339553,0
58.50613072014739,2343.285930659279,2343.627869562979,0
44.234629368500435,2343.3551842440056,2343.60306315505,1
40.75046450465677,2343.3458446439136,2343.574660754573,1
41.60945735894018,2343.3232526855154,2343.543103486936,0
50.67290809574994,2343.3432394858737,2343.525816163996,0
43.87925037239629,2343.3151253065066,2343.485158359636,1
48.58571344370197,2343.366348276058,2343.428409890632,0
39.85478170090218,2343.3280995294604,2343.338902689971,0
34.272561036334835,2343.283855359921,2343.2492287675627,0
33.10075514101251,2343.194440315527,2343.1619892195395,0
40.99500510805538,2343.204794230044,2343.111673222266,0
29.83876197173234,2343.1249535256475,2343.0311529368505,0
27.63755768227132,2343.0114118739657,2342.9548729631497,0
25.793946310006476,2342.7982632330886,2342.8650712135213,1
27.369460700551826,2342.538136011415,2342.7901678491558,1
39.54305329907095,2342.3238345023083,2342.7420136021706,1
39.56121972654218,2342.113348290379,2342.6862197104633,1
30.83435181398889,2341.8512468736344,2342.6178770424463,1
35.34259335298829,2341.6264206138335,2342.573090071382,1
43.19387458130058,2341.479247734512,2342.5282913539513,1
38.46085548382393,2341.365338101758,2342.4854067835718,1
45.646024945328044,2341.3379036398183,2342.46608120979,1
40.83794964900183,2341.287802642626,2342.425903687077,1
47.94645754612474,2341.2487129369483,2342.3763569083712,1
53.086410752836386,2341.288458291039,2342.3558268613037,0
61.528849904069254,2341.370242985015,2342.349441956933,0
56.12352087296346,2341.3364601766093,2342.334147128319,1
60.79761616986908,2341.3136472225774,2342.3134312126417,1
63.78583097161984,2341.3115332704383,2342.29876165211,1
58.13958118055314,2341.299745213322,2342.2835496578837,1
64.35406733982262,2341.307679873352,2342.3153389947374,0
68.37854880951909,2341.402229958797,2342.370147894054,0
62.63511712056971,2341.502528934043,2342.390380569984,0
59.45454130762125,2341.669648328084,2342.3881854668266,1
55.76587929636597,2341.8113982621717,2342.385875258846,1
52.52239109390981,2341.897387700977,2342.3698795842165,0
54.81732655744668,2341.9814112985523,2342.363867582296,0
54.0360169950297,2342.1328527256637,2342.354182708667,0
53.90778407845947,2342.3340656580813,2342.3744302543814,0
45.89632915557726,2342.435289074832,2342.356584522786,0
46.489424000391615,2342.463126682824,2342.335408824166,1
47.6868043418404,2342.453768799781,2342.2994681731657,1
39.68799980809115,2342.426752470419,2342.239355656003,1
41.22641522497757,2342.3464656318474,2342.1663516593667,1
38.69768175951931,2342.21018798607,2342.090692755781,0
42.94774105525028,2342.1128273845366,2342.037887567521,0
46.2775548485465,2342.106895830205,2341.997917966425,0
45.438792116355586,2342.1155672773752,2341.9423827428172,0
41.86983819200433,2342.020590315016,2341.856155832535,0
42.54132231043653,2341.943520078511,2341.7843124438955,0
44.64401271880341,2341.8184133902573,2341.728332087129,0
42.29612890821187,2341.695338683995,2341.7062096700492,0
28.748995673652317,2341.5721834737024,2341.680916101899,0
31.548673615287413,2341.4303355669695,2341.631018619408,0
32.98430539791845,2341.2651208988495,2341.5546278240367,0
27.279284127533316,2341.0155579135912,2341.4500526270504,0
28.258469723057274,2340.743838774318,2341.3148637816,0
24.57414300931255,2340.362316130466,2341.167869349069,0
22.093083284164123,2339.909621496157,2341.024736708876,0
11.029340018742573,2339.49344903291,2340.876188009739,0
9.023522666605416,2339.1326757359097,2340.706561426512,0
8.46061268979335,2338.742332813936,2340.546419888481,0
7.699311103876198,2338.283423902615,2340.3481604674625,0
16.57082667983738,2337.882998957097,2340.2002459489695,0
15.193226198153738,2337.4126057461153,2340.0404806496617,0
11.443620050390791,2336.865950056449,2339.8547337891778,0
10.937277013292984,2336.2530428978234,2339.653795809403,1
16.183803149221816,2335.686739161929,2339.476579658135,1
18.420154522198544,2335.2053079801785,2339.2877107790728,1
20.267563955244256,2334.6897747810503,2339.068523262511,1
21.312686407766833,2334.1557009070466,2338.844477209244,0
33.13710935095679,2333.6631959573588,2338.636326597066,0
31.321838921921156,2333.196111754457,2338.444239746632,0
32.10827907671424,2332.7391603140604,2338.2271975702533,0
31.170362507366875,2332.3036737044304,2337.9607139893938,0
29.24188919048987,2331.8840555610564,2337.655577657467,0
36.9615005624976,2331.5023757543718,2337.3812300127047,0
29.830262825696423,2331.19652838475,2337.121021813938,0
39.96703719146454,2330.921195901884,2336.868601761454,0
34.044934090382085,2330.5766489199054,2336.5869494923727,0
34.97581970298799,2330.2086275700485,2336.2669405051906,0
27.819980794480088,2329.8567530984164,2335.928229144329,0
26.91371790065051,2329.634042010142,2335.6007656979023,1
28.603930125123753,2329.3451971442564,2335.270465475439,1
29.335464874778765,2329.0914955518538,2334.952519565535,1
19.69365560563466,2328.870614604589,2334.6440245506224,1
18.080819744650498,2328.671797619504,2334.3299503377843,1
25.408794798280383,2328.471469078371,2334.0120261992183,1
30.82630162195258,2328.2827414774247,2333.66718110681,1
36.337330796262826,2328.114275197323,2333.3401177115074,1
46.84859870006332,2328.0255344213515,2333.0694403046546,1
52.54757222929937,2327.9319230899173,2332.8275883131205,1
51.848429377096984,2327.878546349967,2332.624957298451,1
48.54425614596775,2327.711696680698,2332.373289989793,1
59.380783821825986,2327.645660074583,2332.1349028247987,1
64.61682179610318,2327.687197055386,2331.885325525807,1
69.44371477477054,2327.8153919286406,2331.6646284520793,1
72.46538647443211,2327.9800659810717,2331.4668212954166,1
75.48658103405288,2328.1638903620296,2331.3259217802593,1
76.13556041507158,2328.472800798375,2331.198661780318,1
81.67680476926407,2328.8806628157463,2331.0918402753864,1
82.68421215950282,2329.39151942637,2331.006701441279,0
82.48718952960206,2329.911177460471,2330.93636329261,0
77.4019296439663,2330.373747620471,2330.8478302968397,0
74.24889331384038,2330.8288868918976,2330.778025962754,0
72.56657209298628,2331.2833001449567,2330.751121443168,0
71.1817361623598,2331.776840625821,2330.7431510783854,0
79.46635988679675,2332.1831529703504,2330.7403609351722,1
68.85990238059418,2332.506884512204,2330.7060863132288,1
63.881746787843646,2332.813762837877,2330.668243233494,1
60.794818286619154,2333.088914426114,2330.6519357807365,1
61.73041845186378,2333.3650229637615,2330.6766643730507,0
59.882623866499436,2333.6404783917515,2330.7677790941057,0
60.399152755147966,2334.078973182049,2330.8516796797744,0
55.77910710101604,2334.451077545712,2330.950291544637,0
40.78872484624031,2334.7217082701673,2331.027628811294,0
38.29812104641303,2334.8938738258785,2331.120960823301,1
42.753664950911734,2335.006190221446,2331.1946017192236,1
42.04756801908519,2335.03549081044,2331.2579949123638,0
40.30421508200407,2335.031833000042,2331.3354850679148,0
42.205056399102254,2334.9918842520933,2331.426313613405,0
51.37189929434194,2334.906291162045,2331.5039395231533,0
58.48993408606762,2334.8009110878875,2331.5782830259823,0
52.266808856204854,2334.682269859267,2331.625074114922,1
46.24968760761037,2334.5566119578752,2331.6792012641317,1
37.13887658618753,2334.417104648389,2331.7643410781006,1
39.19298313077831,2334.323514152412,2331.8716064376013,1
29.44837209287097,2334.2570738213944,2331.9645791098296,1
33.58635634712063,2334.27637794052,2332.0481591286834,1
43.47915261199417,2334.336932082377,2332.172356498483,0
46.46871241546992,2334.36693266332,2332.315257818045,0
54.08193293624005,2334.370940986202,2332.482339528165,0
53.01291504659368,2334.3118529566636,2332.6389034727144,0
49.25866017997848,2334.187460377655,2332.7885849731338,0
46.51493382212265,2334.0658243886483,2332.940023079355,0
37.27952447028758,2333.988265837747,2333.0746893045566,1
42.31054251905536,2333.949236601723,2333.2319364161885,0
49.303420771375976,2333.8920302499987,2333.362826187875,0
54.38194357450248,2333.863758166058,2333.4904015878174,0
53.319383508403774,2333.829291376751,2333.621491539686,0
45.47214578638377,2333.7857648356394,2333.7304057791202,0
46.30679923519183,2333.689728031195,2333.807061499664,1
38.74258070347945,2333.5912524895443,2333.863365481813,1
36.58880310517309,2333.57276769484,2333.9695025205788,1
38.35523011447577,2333.581680989153,2334.05360962996,0
26.249564196338568,2333.588677790971,2334.124933372335,0
50.94075341037601,2333.614976770164,2334.1914403742107,0
47.53301055453155,2333.624358586295,2334.222296151919,0
47.13613168236022,2333.610670505492,2334.2268711860684,0
41.02292470098907,2333.5224337478185,2334.19220967826,0
39.88767762317718,2333.447324227967,2334.1419223829334,0
37.73903270444318,2333.2903835138873,2334.041885163172,0
34.46684218268298,2333.148744037443,2333.933930103503,1
33.26349944845384,2333.0152294459704,2333.845177703334,1
33.82403996075081,2332.8934265324865,2333.76583893559,1
33.42798695215542,2332.7751178425037,2333.6714163835763,1
32.383865540002404,2332.612676432972,2333.566270739049,1
41.87748506246902,2332.5361969741775,2333.5040437894054,1
42.37561864056552,2332.4620480186923,2333.4724669904126,0
40.05813735433526,2332.369463939878,2333.443771980486,0
27.194241282287237,2332.2582494755998,2333.3981397989146,0
42.83384342417304,2332.231238865216,2333.353547860246,0
42.06729808604554,2332.208385191482,2333.290528201705,0
46.35881932112098,2332.154120082102,2333.1995612806004,0
40.60106195082002,2332.0643721464717,2333.0989274702633,0
43.33231165083967,2331.9528272282164,2333.0173809555545,0
41.763199843992396,2331.749287906804,2332.9336060065807,0
37.83103097016243,2331.534192148207,2332.8334969226235,0
32.10802668582653,2331.2766965375304,2332.7233534769043,1
31.282796526358723,2331.0489732727638,2332.5990657873494,1
36.79384965028321,2330.830029589589,2332.4771805179316,1
25.992507116476418,2330.640446276378,2332.335547208905,1
23.244557591873644,2330.4537089058385,2332.1950492306833,1
33.9416584957751,2330.3326576293225,2332.1053328113558,1
42.209446722917534,2330.25217099374,2332.044062549936,0
31.524355344465917,2330.1825109971332,2331.9775789230744,0
30.32596916079737,2330.1114286880074,2331.881436553287,0
29.82412027495326,2329.9483349077714,2331.7805482239564,0
36.342739628364576,2329.8015694867045,2331.6825436088866,0
37.564205995737126,2329.6690578103776,2331.576622271686,0
38.342467855542175,2329.53111968531,2331.4638146077104,0
40.20873145424724,2329.294820779146,2331.323099777424,0
41.755013570166746,2329.0371418117525,2331.1806437437403,0
47.871084725087655,2328.819836236944,2331.052511624316,0
37.9270298307425,2328.5773129775052,2330.9035229058063,0
45.512478261711806,2328.3965495250573,2330.780694430479,0
44.079269843495204,2328.2182121957544,2330.641196244194,0
35.69115536046398,2328.0850753426153,2330.5107149596697,0
21.598532254824264,2327.9434273750276,2330.3552211604924,1
22.244059910490066,2327.834457584886,2330.2011322706035,1
23.01553558590865,2327.6886921162977,2330.0383514301952,1
25.38535878644518,2327.5561729152464,2329.8821251625254,1
32.07515297287968,2327.4908085376933,2329.7548716499427,1
34.22692610858337,2327.3817485609616,2329.6289251578046,1
32.6864886663099,2327.1891019308664,2329.487030926621,1
33.05957003979948,2326.979287502075,2329.333822807516,1
40.48477171378233,2326.8185128611476,2329.1628509896805,1
46.44580132705254,2326.7442631644067,2329.028510055201,1
55.166475597721536,2326.653579157707,2328.899707069773,1
53.53844325959138,2326.598631950131,2328.8071015526116,1
60.228326886147094,2326.5835340471017,2328.7182985353647,0
66.9231187470339,2326.657745303612,2328.6700444933135,0
62.97683751120623,2326.684759609573,2328.595049972593,0
65.28412287773124,2326.7256603454475,2328.5366839841067,0
70.03530891910391,2326.858528053713,2328.489563514297,0
63.08650019909221,2326.8980520659816,2328.4298681198698,0
54.200774233330115,2326.923503136643,2328.365526925662,0
50.05150478384282,2326.9209083351284,2328.2645995040507,1
50.30493086096141,2326.9426410440856,2328.1474583706495,1
51.20873539624288,2326.9455997085342,2328.031586578066,1
49.82462290288863,2326.971395323212,2327.9236097692396,1
48.0131349149304,2327.033821147892,2327.803158075596,1
51.261563906893834,2327.0806312949476,2327.7037700913293,1
45.34962897845832,2327.0868205977254,2327.6020053640536,1
39.913860503167115,2327.0910081479205,2327.497685327201,1
39.43937929589844,2327.1762813681385,2327.423204463484,1
49.298750176399324,2327.2636190983358,2327.3685834662933,1
46.65035783685613,2327.302323690569,2327.3357626721463,1
44.0999484332015,2327.348685028994,2327.3285024663583,0
50.26193172545508,2327.3663057063627,2327.334034526051,0
58.10145910253041,2327.3805202621197,2327.3384948043768,0
61.62315967493897,2327.3245295734823,2327.3436778121554,0
68.49905203969081,2327.357274689132,2327.35647628591,0
60.72108141325394,2327.302909205194,2327.3247846144554,0
55.32524145840158,2327.1816829077075,2327.261368279884,0
47.1543837567571,2327.0869251113945,2327.1916337655744,0
38.467448044944064,2327.012618441114,2327.1260028269044,0
38.07525409825047,2326.935282550586,2327.0593785611763,0
39.487716226097824,2326.8657565228814,2326.9731331851203,0
23.24994409105183,2326.754922614718,2326.865932499802,0
22.36345519396461,2326.656332613088,2326.773694940351,0
21.38812361361539,2326.519815084655,2326.6931557977996,0
13.807675756869713,2326.2718365736005,2326.597647996068,0
12.751558467816253,2326.0239777885704,2326.483661984704,0
11.164892917828496,2325.823371180591,2326.3961086084355,0
10.945748476196641,2325.548410821156,2326.283948981924,0
8.068723872884078,2325.2197030458983,2326.1691798063507,0
9.283723004060846,2324.884696969885,2326.055611323054,0
13.369404422306673,2324.544501328258,2325.96893204765,0
12.34923396308723,2324.148043739622,2325.8594689879455,0
17.56724815935671,2323.752607902914,2325.7640611190236,0
17.788965545376215,2323.3386030028014,2325.6566498471775,0
18.755981929935118,2322.913128786581,2325.5254043854657,0
22.220825383697928,2322.546659606748,2325.3907490327697,0
15.408958441273441,2322.1866191539784,2325.260375169129,1
13.784191828326954,2321.8127127584357,2325.1250038681187,1
16.390991530177246,2321.442354502297,2324.975539483364,1
34.419531324549524,2321.1740699887127,2324.831301290899,0
27.023590419001962,2320.8726602189427,2324.660765609614,0
40.21942000854226,2320.699519532433,2324.506287532722,0
41.97197723385114,2320.494041980024,2324.3378981135197,0
42.49059378505463,2320.2932798250554,2324.147369606377,0
36.350047393325006,2320.1172575419423,2323.970647169016,0
38.75020859699482,2319.943777678584,2323.770908917959,0
33.445348017224646,2319.736717372122,2323.547384335799,0
32.646230148180464,2319.50955014468,2323.328548213403,1
32.05023948292363,2319.3019038573484,2323.1205400946333,1
30.950880416168587,2319.080960641425,2322.9196322455728,0
42.8047335203412,2318.9203047697924,2322.759997537933,0
42.3094454765134,2318.7704640290135,2322.5894147161375,0
43.79598840352531,2318.6027257696564,2322.416593297601,0
36.58666623964567,2318.4769130928394,2322.2338866251566,0
37.606972671967746,2318.309004712806,2322.0167537526086,0
30.96272951786372,2318.169986238219,2321.8240152889675,0
30.51478371879425,2318.036117327846,2321.6384188410993,0
23.992550958061912,2317.8434992212547,2321.3918910093653,0
30.557676201827505,2317.6887025610718,2321.145572868458,0
29.674229598116753,2317.424215053162,2320.880057835936,1
28.380892760350335,2317.172283548624,2320.5902050174664,1
34.88184482974856,2316.8801756066377,2320.3118354928324,1
34.48921602059282,2316.584570052199,2320.0195180295514,1
40.28646408863946,2316.324260527098,2319.747261987823,1
37.1385403543766,2316.1558260782667,2319.49006772467,1
38.80228798534709,2315.99244526769,2319.2467233429575,1
42.23218943798867,2315.880911342953,2319.027075709897,1
38.629258648207475,2315.780986784995,2318.8061728828434,1
51.37905926780407,2315.778743582018,2318.626990150995,1
46.4499525684088,2315.765062734531,2318.4515443191503,1
51.47186299647804,2315.718394138986,2318.3010525843747,0
64.51288075968822,2315.7521161119025,2318.1882921150113,0
63.54725723128793,2315.7943739770335,2318.071809843179,0
65.87492834781588,2315.7998962644324,2317.945919097067,0
71.10482144007364,2315.8421754740993,2317.8448893128084,0
57.5423228048945,2315.770838059431,2317.7227593973116,0
59.877752555977416,2315.7244105268123,2317.5988345795877,0
57.988408619068146,2315.791663193498,2317.4891919583024,0
53.872156456033714,2315.837861852463,2317.392836391084,0
44.45310620190612,2315.8098058999394,2317.250101407957,0
37.17766465481605,2315.7730354874584,2317.0816186811467,1
37.19754492990905,2315.6788253523478,2316.9241481379227,1
26.900139571479613,2315.610168033861,2316.76254208193,1
30.379291799200885,2315.516373385578,2316.6183701409336,1
23.139258821684535,2315.3673631418014,2316.471761466758,1
21.59395644455381,2315.2695598579025,2316.335883443419,1
17.358221762349473,2315.098976379153,2316.1920185999666,1
22.98946250868778,2314.983020732687,2316.074296072544,1
26.51856925600221,2314.7967301337294,2315.9687404035676,1
35.385342941258585,2314.6532600042656,2315.843220325372,1
33.1872279685567,2314.461464759921,2315.736574400766,1
42.17644294750789,2314.3091476675345,2315.632143369052,0
44.006004114587284,2314.1639148898025,2315.5397590070907,1
53.42905758247979,2314.0067704039975,2315.431315328644,1
62.91695864379879,2313.8656140368994,2315.344231910791,0
71.89526699217345,2313.840700529402,2315.2815285376387,0
66.05735629480762,2313.7832858764127,2315.217461981304,0
68.93156304269436,2313.755457500059,2315.187554900454,0
71.37530554133477,2313.7375704951714,2315.1671030462135,0
55.06503464692529,2313.7449166036295,2315.1156837928393,1
61.64220331164694,2313.8148750489845,2315.0394467928236,1
57.00053366469048,2313.8985159674767,2314.975368913308,1
57.256290299464574,2313.991977721223,2314.9182428625572,1
59.44545794240443,2314.111634512354,2314.87225870874,1
61.13687445092531,2314.2459067370496,2314.8465222764553,1
60.54746063782449,2314.421379229638,2314.8364406399864,1
57.6902934959673,2314.6307531418565,2314.829872925571,1
65.71659681017175,2314.8407103667696,2314.87318053075,1
67.48188726569883,2315.063875610434,2314.918809623313,0
64.425484688714,2315.26804482603,2314.980752234519,0
70.76556285804189,2315.510646631188,2315.0719196337914,0
63.261298462670595,2315.6562317638663,2315.142565831943,1
59.13994768911357,2315.7651863322444,2315.212005519109,1
66.01364640819723,2315.860374787539,2315.2457610328206,1
65.78872136643,2315.955287388459,2315.264016434868,1
70.12671711877935,2316.0331107213306,2315.297794719095,1
72.17491809553057,2316.181628924501,2315.3377490139233,1
71.7125413888854,2316.3182218379698,2315.402448921644,1
68.92328714014465,2316.4281415809437,2315.426862245784,1
53.83942060151625,2316.5846332699307,2315.4435120069993,1
57.10369796625304,2316.7464520959247,2315.4506699755993,1
59.2853892898971,2316.9689422149922,2315.462099354544,1
59.07224569037363,2317.2001525404303,2315.4805542879158,0
63.85079926934691,2317.436973373252,2315.527089552268,0
59.65113175298507,2317.6575121429405,2315.572656943992,0
60.43082633613267,2317.7927760645443,2315.6452158420325,0
58.55217773536236,2317.905712207442,2315.7023935978227,0
66.8615440433604,2317.991419778752,2315.753083164851,0
65.33658516274289,2318.0417860152784,2315.800379288439,1
64.8571641560012,2318.1043131957013,2315.898555152824,0
58.233896994920386,2318.130517505524,2316.0149124410177,0
52.28778034227243,2318.1751636256445,2316.141101141262,0
48.79205597636527,2318.2056447204063,2316.250196193727,0
63.635899438699646,2318.326290123324,2316.369727727919,0
61.720424170592636,2318.440339884077,2316.493207131778,0
52.578022971352475,2318.5344018204237,2316.6037315041035,0
39.67391312881344,2318.5513960602975,2316.7187168863816,0
20.18442677425432,2318.483468175582,2316.802627898802,1
35.35330837985475,2318.4792506808335,2316.8998704646256,1
42.57208294872046,2318.544345921904,2316.999946374054,1
37.93255958682833,2318.527170433171,2317.076952244899,1
43.52649281585276,2318.4960905095695,2317.136876491358,1
49.2555372662975,2318.4717024338256,2317.203669305525,1
48.82086633023138,2318.408910301979,2317.2879455114607,1
56.774583779827175,2318.4185181872112,2317.3938186041164,0
58.293804535045446,2318.4554596168546,2317.491119477013,0
55.131493239015384,2318.465204159469,2317.5751609110457,0
52.82703288634903,2318.491791320791,2317.6476166931434,0
53.52427037744763,2318.5313180060193,2317.7178782927776,0
51.58244882882532,2318.5384457121554,2317.815966796234,0
57.277004631898805,2318.5736876700475,2317.918437489443,0
55.672126029328496,2318.5475681264816,2318.0007220048637,0
54.46602992747538,2318.592139018132,2318.0902607124904,0
48.370139006991295,2318.563920281096,2318.150642035416,0
51.0932658469765,2318.493242976566,2318.192141627585,0
47.061842737437146,2318.424990438515,2318.205175987654,0
44.524036653263266,2318.4039539877153,2318.2279972247247,0
44.73806906357822,2318.442751023875,2318.243444161644,0
31.801619660648527,2318.3995231257027,2318.234129470733,0
28.613603985066433,2318.3138661075564,2318.218274886665,1
29.477366528022813,2318.2478441092185,2318.1718312361113,1
25.98116852237702,2318.142309222787,2318.1313074749264,1
32.07061879185076,2318.042875938126,2318.1147451478773,1
34.09471629084146,2317.9382970910674,2318.1191144328723,1
36.02158698429905,2317.8041703783697,2318.133371800081,1
52.036996135447794,2317.719590933496,2318.1657115618796,1
43.51199605559036,2317.6681636889784,2318.1697748168363,1
47.06426343146438,2317.5946667542967,2318.1581946596743,1
63.765948607474606,2317.598221641989,2318.185910317196,1
69.18957000560457,2317.6836821401116,2318.2555863443067,0
58.634834892435435,2317.6793041037263,2318.2915782925643,0
59.37648321815591,2317.7571186106316,2318.3159925631194,0
63.14473270217375,2317.795332844133,2318.3283328339717,0
68.33373718197181,2317.9017300702126,2318.3365447142,0
70.6118131328035,2318.0177259905972,2318.336227166648,0
67.06878051000618,2318.1046905669928,2318.3299417886333,0
60.25855218412334,2318.147293397655,2318.32462970081,0
57.50529691781883,2318.1604621239258,2318.3110610997137,0
57.35395650553634,2318.235950183499,2318.3117951380214,0
46.630699223679535,2318.2844337677943,2318.2903231155024,0
46.497820022456004,2318.3533344899865,2318.2609580298963,0
41.076093126346954,2318.359661912624,2318.2051067897182,1
35.62310565444956,2318.363273199617,2318.1777965395618,1
34.72371295991944,2318.4178962080937,2318.1557568667795,1
38.947436335385746,2318.4250597091445,2318.127259730108,1
35.73523943863495,2318.3620891820947,2318.0967865065477,1
38.28174409610617,2318.3407682718976,2318.0855237014757,0
41.59490650416644,2318.385889572117,2318.1191632182886,0
46.26905457522172,2318.360507587797,2318.1384130799815,0
46.836050032698815,2318.249450189299,2318.1376280512645,0
43.31379257807726,2318.1405360689537,2318.136924546877,0
41.514899440118924,2317.9715309654594,2318.1061687454753,0
37.996865248623784,2317.805432240284,2318.061824756555,0
39.68861848192024,2317.580062289747,2318.005005509307,0
42.892329722888086,2317.3922901981477,2317.9257359710223,0
48.11717870231923,2317.2159854807815,2317.834152134204,1
38.00120998358666,2317.024397734775,2317.748307130932,1
25.77580279261595,2316.808605865358,2317.637786917541,1
36.74565239294888,2316.622695209644,2317.5483460194714,1
42.3765307971875,2316.5195921108234,2317.4827816749694,1
47.9490544518614,2316.510614286074,2317.435728676307,1
43.9857912224262,2316.594794992975,2317.4239975363157,1
40.58588672037489,2316.6214913305953,2317.389537464547,0
48.862172908969974,2316.6502801011375,2317.390300794796,0
55.69796693549097,2316.69082908886,2317.4062941750253,0
62.58392399632389,2316.7521297219864,2317.4276422199364,0
62.063313133061364,2316.7935885038582,2317.4413775079333,0
50.86629662182525,2316.658191836664,2317.405339543404,1
55.77481130987798,2316.5706401400594,2317.4068598857243,1
59.5153879197794,2316.5306302789913,2317.4243337198386,1
65.2451831816713,2316.568566243238,2317.465213400485,0
71.20654146257101,2316.6486362155,2317.508699542561,0
67.47940002506255,2316.732314522565,2317.537600190331,0
60.8972553861091,2316.8183147731243,2317.5570125821296,0
56.26418147069198,2316.921179489537,2317.572539615489,0
46.709560162932945,2316.993877232822,2317.5438666539344,0
49.73233826182596,2317.116343570658,2317.527579083604,0
45.55332954589215,2317.308354112575,2317.523261860852,0
44.74466803460504,2317.4299237087644,2317.4810268461815,0
45.61923932731633,2317.530768506685,2317.421616221599,0
41.469462360898,2317.522739210843,2317.3731027191534,0
51.19638735337788,2317.4544788081353,2317.3029416153167,0
41.763808343632185,2317.4128867466125,2317.236559025539,0
43.26705134477209,2317.3455030343757,2317.1678099804617,0
31.936225960049896,2317.204447415973,2317.080982745176,0
35.9815376135342,2317.0754389521635,2317.015941574004,0
32.872149200886994,2316.926415403502,2316.953026310272,0
34.31013701936499,2316.887555780119,2316.896177005882,0
25.637146481704946,2316.7309260393017,2316.804850228045,0
26.864567419541217,2316.520591451039,2316.718796793136,1
32.40677661075351,2316.335708953362,2316.658163185835,1
28.747044575720537,2316.154612033136,2316.6266795907654,1
28.2150766938788,2315.9516668640254,2316.5729576560943,1
25.12994714061064,2315.7679533182436,2316.4970354261895,1
31.824414851800086,2315.579145071356,2316.4341737603736,1
38.83561086332075,2315.460240538091,2316.3831271963336,1
36.79078815687891,2315.3308921875114,2316.32362864985,1
39.72739834352774,2315.2227992625453,2316.2580257370228,1
56.317082897134334,2315.1614716084077,2316.2014124544257,1
55.7168384448051,2315.1018441237366,2316.162573795374,1
60.122658627252946,2315.0840544860716,2316.150510086001,1
64.91841516484487,2315.131190763047,2316.1668055343516,1
79.20685114633906,2315.1814290520533,2316.1869577502466,0
91.87333527940405,2315.246957357747,2316.234568007662,0
91.79606014040414,2315.4234627447304,2316.2934517638087,0
80.05728109172273,2315.5383571502525,2316.344890241793,0
73.5782393563683,2315.6315410889606,2316.395883651946,0
68.93862738598341,2315.704387289384,2316.4544895754916,1
70.48820416846365,2315.869859754353,2316.5037160459287,1
59.098006564707944,2316.0063445490587,2316.51349776843,1
60.93290852242665,2316.119974626308,2316.5019073219282,0
58.21153835873626,2316.2467918922407,2316.4874783504715,0
58.963672287861236,2316.4354262165903,2316.498531610492,0
58.04810989668188,2316.635933622671,2316.491296834803,0
51.207628759765065,2316.7631441801423,2316.4630997968866,0
44.46098278537751,2316.8343607593406,2316.4160196112753,0
39.035413557707855,2316.8612985976793,2316.3507126873783,0
32.1155220393663,2316.8230003129283,2316.323949127529,1
26.37628252981017,2316.738567460005,2316.268583382404,1
26.047577940507423,2316.5909820648667,2316.186714509724,1
37.28498525553732,2316.5000386780384,2316.1230990599206,1
35.47001807819103,2316.3297911925274,2316.0392675251624,1
37.28008182451061,2316.200817147099,2315.97435880006,1
47.67972860216595,2316.0768176200554,2315.937969146434,1
49.66032092127867,2315.95276773993,2315.9060870639664,0
45.794514443004104,2315.8416973515614,2315.8840182892886,0
42.32464168500487,2315.7877635251893,2315.8644516337586,0
37.690161779338034,2315.710784835252,2315.8154618645626,0
45.657744002861214,2315.6311968791133,2315.784225314068,0
48.86796644048073,2315.6117018915834,2315.7458711223894,0
52.06258137963512,2315.560043799906,2315.7168291575535,0
49.20744988418609,2315.444934190719,2315.683660503505,0
41.57828796411335,2315.1842184144384,2315.607064277622,1
41.93787869990488,2314.8747474562506,2315.502994603553,1
40.4863955562143,2314.6635168015105,2315.4467275511015,1
43.27495445002015,2314.4745470080575,2315.3756628336323,1
36.42448378599272,2314.3260838811957,2315.3105800784556,1
33.543347048362065,2314.2253606873187,2315.2590710904087,1
38.331468440411314,2314.204180311263,2315.2578850911887,1
46.5208119258038,2314.2826177824545,2315.2915250422902,1
41.934144658510775,2314.2633353738665,2315.294149628123,1
40.01304399949004,2314.2193613973,2315.2651672708284,1
45.4551253806421,2314.2159278541426,2315.2800631961068,1
52.453923402931146,2314.2558474541943,2315.333126800814,0
54.149892482228566,2314.267373096115,2315.38137827387,1
54.009192435815116,2314.255829872513,2315.402254023057,1
64.81970829773765,2314.269117675099,2315.4397418287936,0
68.69999257730674,2314.3291809755874,2315.4580145497794,0
65.77168098068663,2314.3482887497494,2315.458952170605,1
69.56978864102928,2314.4061342688974,2315.467587180454,0
71.01405199268908,2314.493727586504,2315.4806983977264,0
64.45343636928686,2314.582838101536,2315.4643194389005,1
58.48081549521381,2314.7580591839096,2315.4377163303648,1
56.45224399712384,2315.0012680177115,2315.4047188675386,1
62.327307922646526,2315.2203750125846,2315.3654924582434,0
73.76909025261915,2315.4660760075717,2315.3467503765605,0
70.03491662337821,2315.755887075022,2315.360318472881,0
58.52926249890105,2316.0050072886283,2315.3793190901065,0
58.47917890643433,2316.1890475381188,2315.3855602046947,0
46.41771969401556,2316.1850644374035,2315.3630129976286,0
38.939644083287014,2316.201988729088,2315.326955269235,0
43.85319426866619,2316.3271719599734,2315.297319297921,0
42.708333436744184,2316.342354841809,2315.2428346461948,1
35.730748502747474,2316.2481289635098,2315.17800493715,0
30.347719297188277,2316.104706823283,2315.118003331126,1
40.221633390180365,2316.0522388485883,2315.0894052587564,0
44.41008294015912,2315.98318034348,2315.0884945271137,0
45.23194230663755,2315.9514577697237,2315.1093975324975,0
36.63050551304328,2315.8552058824143,2315.1056075395686,0
34.79153922260748,2315.7167576396505,2315.1178974103673,0
28.689315621256313,2315.553729966701,2315.1021749131914,0
28.891918572810823,2315.4269120219283,2315.1031677706615,0
26.33461391309507,2315.2884426528103,2315.07276653265,1
35.3003264398961,2315.109682995675,2315.017865017787,1
42.91937480015242,2314.9444990409515,2314.9621849786517,1
30.887316655809173,2314.6923203691194,2314.8869995835835,1
42.28579915535178,2314.47389656983,2314.834771690737,0
46.30538035405726,2314.2892950950545,2314.8107231940276,0
50.56835078999387,2314.0958535534432,2314.7714228744267,1
50.124723522139554,2314.073708541694,2314.7478156576726,0
41.53710400455339,2314.011476147892,2314.7075282084297,1
34.939389673516786,2313.892099601541,2314.6761854622505,1
40.60791706912607,2313.7834958165795,2314.6825456070505,1
48.502386985029865,2313.748163542103,2314.727371371491,1
49.5452475858151,2313.752629522453,2314.7536484195034,1
52.86283202002904,2313.734963053941,2314.79357167711,1
52.98984139711983,2313.67177489465,2314.8267709324955,1
56.6876392627184,2313.595043834205,2314.857270791252,1
59.680581714185514,2313.6544509159567,2314.8857157814464,1
73.63267330398818,2313.7600970671065,2314.908889124228,1
67.98723626588068,2313.873689419055,2314.9463165312663,1
68.62933177118087,2314.025524273158,2315.025632921004,1
70.71276776278403,2314.2251009071942,2315.0764357538706,1
69.5030507338608,2314.4587852189698,2315.099040123697,1
83.9219784092542,2314.702961873871,2315.136420489754,1
91.43391978897397,2315.06783169106,2315.211800311002,0
91.37714039178165,2315.3565233736526,2315.269733970158,0
90.68930702247194,2315.6515365737027,2315.3396654332737,0
87.44493102730613,2315.9329192527334,2315.4052750756205,0
78.70484164489605,2316.1411056700567,2315.4418042181364,0
81.33952188465682,2316.3965857269586,2315.4686714646114,0
79.66880206223667,2316.6756026939966,2315.5132912992344,1
61.44590955344475,2316.8929994387627,2315.536521708992,1
60.86679057390275,2317.090187071089,2315.562938992842,1
46.87767012746069,2317.178541549756,2315.5369150343713,1
54.77051285433135,2317.3574865191554,2315.5501358817432,1
57.62434392425611,2317.6200898137436,2315.572452027984,0
55.08987085978213,2317.8527790766066,2315.5963795064436,0
51.367477051424984,2318.0187558101725,2315.6175990902684,0
48.24921654636726,2318.1570303510157,2315.697675489673,0
46.52952259499817,2318.27499671585,2315.775519725971,0
44.6097571172251,2318.373648212698,2315.8442234220943,0
45.47874824137928,2318.4434390322526,2315.916869430048,0
48.772083740757374,2318.48919543625,2315.9954667127927,0
50.747903104577674,2318.497732148353,2316.0936306197823,0
45.76251996129668,2318.409548640368,2316.1547242277143,1
52.88808009706537,2318.3280342652233,2316.2076755388557,1
49.69294380553222,2318.2273826374844,2316.2500353803775,1
68.54830328915156,2318.147208791446,2316.322076239233,1
49.05045529018163,2318.0953246110425,2316.3932310066934,1
45.16551432412528,2318.099734491906,2316.4870732746936,1
44.30572198067929,2318.0930493966443,2316.579746249121,1
46.69251431194801,2318.1619205772226,2316.6859128787564,1
55.41205877741895,2318.2482703567807,2316.8183739372844,1
60.484378044260424,2318.4421381076427,2316.935970661048,1
60.63876802665927,2318.535991711623,2317.087604418745,1
61.15963585990618,2318.5659147648,2317.209259305972,1
69.20962735798823,2318.6557729586857,2317.342970651896,1
65.74587006113931,2318.7349451156856,2317.4732357151647,1
85.10259244491621,2318.8533325808335,2317.6095251053284,1
83.71878413416799,2318.991142945715,2317.7673864451003,0
73.7603316655634,2319.086870155755,2317.9221316437797,0
75.55635934774934,2319.2155322917265,2318.0896840201067,0
74.73094215934572,2319.3357786230367,2318.2305127451664,0
73.01407896964153,2319.4735865477714,2318.38201342991,0
55.65088669844039,2319.5547594090435,2318.4826427697553,0
54.64242206558261,2319.634557691826,2318.592788657726,0
45.241332230229986,2319.689433852794,2318.687791387814,0
40.75166701655989,2319.696625681446,2318.7389461454286,0
37.31349178487338,2319.6903211002423,2318.765320619948,0
35.65369094875126,2319.615554082228,2318.7838191399624,1
27.12938174570553,2319.5530137346145,2318.7907420337033,1
24.303005391847236,2319.426687292277,2318.7665474327896,1
16.743300297150967,2319.261119899793,2318.7393078096134,1
27.293146265608897,2319.1533761443175,2318.7161363692267,1
31.525795130552567,2319.0482909980215,2318.6797881415296,1
32.37128019316067,2318.9794207815476,2318.65841826913,1
39.80326973481795,2318.904838271515,2318.644291331021,1
42.9184437039705,2318.890024324434,2318.6560777438453,1
63.191333706849576,2318.898681741974,2318.7125555340954,1
60.440678273542005,2318.8915145953683,2318.765357992465,1
59.11431800290006,2318.889986478295,2318.807885157499,1
67.35312181493859,2318.892622060331,2318.8895330687337,1
72.52661706319066,2318.935775004504,2318.9687479185322,1
77.8255191672197,2318.9851349246974,2319.1046507798865,1
81.15234266335223,2319.219242318458,2319.2273450894763,1
90.14764702947691,2319.4535962980945,2319.3261912514663,1
90.23446910225826,2319.7233807520674,2319.436032057998,1
81.80913830393352,2319.996480023442,2319.5300358307363,1
84.22939273958285,2320.3771217798494,2319.653357191481,0
81.1767260770985,2320.76724986518,2319.780720399694,0
77.57839757565112,2321.146968745178,2319.9000702466956,0
72.9449962375209,2321.567510687987,2320.0161760950837,0
63.70243957892585,2321.94960584524,2320.1234719732097,0
62.343704123698025,2322.2478749291313,2320.216193481538,1
63.48935425870622,2322.513958701829,2320.3215521661136,1
53.17631875955426,2322.693051093035,2320.404425000255,1
46.52165047842428,2322.7969482692465,2320.4721175837253,1
51.568688204606374,2322.929344389428,2320.568931983038,1
46.61487295268733,2323.0163611676426,2320.6809701567354,1
50.6190005087911,2323.1603821928575,2320.7896170728454,0
53.484221178908186,2323.380230928975,2320.9227577704314,0
63.467770276738314,2323.6421064217343,2321.0816074065388,0
49.292023026343514,2323.8047943636493,2321.1913575212798,0
46.218556094878124,2323.8872599689685,2321.282699524417,0
44.673526946694956,2323.8620053296822,2321.3577505366998,0
44.30593505042158,2323.8175067021843,2321.4268280264205,0
45.35074270137325,2323.7439390366767,2321.4712984891944,0
46.24534126903635,2323.6917077991166,2321.512740904109,0
48.81464563094209,2323.562836073122,2321.537158588397,0
54.21333243574448,2323.4488379596064,2321.563798405251,0
54.48171485105014,2323.3182550914103,2321.592624220957,0
38.35174011896599,2323.114520267774,2321.575771285503,0
31.985659171525825,2322.896866530269,2321.5479071361024,0
25.658049905380892,2322.6864207285853,2321.5013271538633,0
17.703254276255493,2322.487039920745,2321.4944643707945,0
2.2949423364928947,2322.297104251654,2321.4694436241857,0
2.5944206523708573,2322.1189490407137,2321.4439236588937,0
2.6208320491367942,2321.817595809777,2321.4173200343703,0
2.817437782823717,2321.4817835990316,2321.397555156251,0
2.6410978378474965,2321.066011568083,2321.369800067187,0
2.4989555014126807,2320.5691949993825,2321.3292302763384,0
2.3040831033960956,2319.9466656828686,2321.2895987627753,1
0.32132501143080106,2319.388853240589,2321.2424508575987,0
0.0,2318.845578212123,2321.159580351539,1
7.556895083571135,2318.37072350076,2321.086723537795,1
12.831565050734895,2317.930891991924,2321.0074165105707,1
14.10416791806773,2317.5002891839845,2320.909478854182,1
13.73772839767281,2317.0556660582633,2320.7789975976402,1
17.4761011627739,2316.617491388229,2320.6246824468985,1
25.772987848621298,2316.205532938139,2320.4894057423594,1
28.38393677392817,2315.8281954163444,2320.3679077961774,1
44.06050999995297,2315.6020279198483,2320.2595336293098,1
47.28012550039255,2315.43396066429,2320.1471814000165,1
57.63804007313292,2315.3244072435673,2320.037036081411,0
63.8179487415294,2315.2300796169375,2319.8987992901857,1
76.98433662316137,2315.207965266811,2319.7711912116724,0
71.38432310909049,2315.1736119260377,2319.624016128482,1
74.83749572850331,2315.1661621462745,2319.4851928835033,1
73.05704034310601,2315.1777196827134,2319.317794317397,0
72.83722714187823,2315.245884851549,2319.161254061735,0
75.12471617185315,2315.368310679557,2319.0177670500907,0
85.3276593829041,2315.587099588495,2318.897434322979,1
72.07938981557665,2315.7550296783843,2318.764620390856,1
63.021075798592896,2315.9186395771667,2318.6278862107533,1
63.34333691509988,2316.055161010925,2318.503204461434,1
51.82909915044079,2316.146473888744,2318.3887856288543,1
63.53478067059014,2316.3756915709414,2318.34097617486,0
62.285155133905185,2316.6574374577995,2318.270234824989,0
61.42701345632987,2316.9208292984877,2318.186469699237,0
56.36122690040075,2317.135974332679,2318.0796425982876,0
57.971981818597605,2317.326205339054,2317.9462975602087,1
60.586058758053916,2317.453493897663,2317.7840886196814,1
59.68755573604564,2317.566876240854,2317.6520141508986,1
55.788283462487385,2317.6254463295545,2317.5323106256456,1
52.12750074315262,2317.667747711773,2317.421096243022,1
53.235560737097934,2317.7367938988705,2317.338906090347,1
66.63082231228213,2317.8930915337805,2317.2836771273232,1
74.13413316665917,2318.0778064624164,2317.2396323488233,1
64.4545015270064,2318.194896459824,2317.1706184720774,1
70.60681876126614,2318.3198426042345,2317.1096559195857,1
64.56863946420899,2318.4866555733915,2317.085127242883,1
67.67847881743978,2318.6642440709365,2317.117323844244,1
70.47427783249648,2318.928208449466,2317.1771571585346,1
77.40963474790239,2319.288047848112,2317.2685370585637,1
80.94102907257894,2319.6408397120135,2317.3647243779415,1
81.93507406675904,2320.0477302399804,2317.489036024185,0
77.13166697754147,2320.2922790156435,2317.6103081648316,1
80.6626263796341,2320.5278896247855,2317.7543523509926,0
84.35630567558906,2320.8198148376437,2317.9216821946816,0
78.54306914196287,2321.1087818849655,2318.0967507250407,0
70.18363752382582,2321.382497686437,2318.2716186350303,1
69.78270361086635,2321.6589074190165,2318.4689853141404,1
77.27700997499687,2321.921771386142,2318.6651814091197,1
77.51670314320889,2322.2288692278985,2318.8856270319557,1
70.05188641744834,2322.5287627784774,2319.084311954109,0
71.12428087255657,2322.843622530671,2319.3039983058457,0
60.151285352425454,2323.0515150404403,2319.5041674699055,0
59.487274474325844,2323.299475582461,2319.7371561585023,0
55.08834470181742,2323.5704925444393,2319.9518189345613,0
44.49514146054354,2323.7481300707677,2320.126694772637,0
48.25770635673329,2323.8731113056865,2320.30309359862,0
45.878867185166946,2323.933116977086,2320.4497594671384,0
35.00810591715465,2323.9193612396566,2320.5713173886816,0
31.923811170821963,2323.781453508348,2320.651355564476,1
34.283527100486424,2323.6410759746486,2320.729122921026,1
38.93124286318842,2323.514607797821,2320.811693036589,0
42.41751881700299,2323.4387687833696,2320.9163709077648,0
39.617890322805465,2323.3535074166257,2321.029290459133,0
43.45636061841303,2323.234218583052,2321.1442817548173,0
34.10722567021635,2323.137418120643,2321.2533640326783,0
33.659120874934345,2323.0178864256904,2321.331448933484,0
21.55956819292298,2322.837619413768,2321.36919324425,1
22.739247340967296,2322.658292148836,2321.4264863973003,1
27.04827373391602,2322.446572843606,2321.496800338531,1
31.887347566829035,2322.287023226554,2321.577056840361,1
38.01324768698397,2322.0890281938296,2321.6810200278796,0
46.63663666853677,2321.9668255256533,2321.74062105179,0
54.97105015546685,2321.7832621575053,2321.787486038385,0
46.78244799791205,2321.5750666716854,2321.81351388384,0
43.313415370630096,2321.4551933407315,2321.8543823758587,0
42.918836438876205,2321.346811776054,2321.91133617342,0
33.23533946609423,2321.153073272318,2321.929591217,0
27.94099944286404,2320.970345615835,2321.9327051386736,0
26.387530170773545,2320.827230859924,2321.932069376624,0
30.756779792075335,2320.68918454355,2321.9376976537364,0
32.654017365571164,2320.4799703341996,2321.908963610721,0
33.201347456624106,2320.245832602373,2321.857467335202,0
33.03399145842134,2320.001005206979,2321.798569956958,0
26.271300474559524,2319.7306579297942,2321.7585863428053,0
18.123926033048036,2319.4327434461566,2321.6985243694476,0
11.477543723514017,2319.1664585300778,2321.603370116158,1
10.55908197992909,2318.913798691017,2321.4690150922816,1
15.958125750622003,2318.684468290738,2321.3289903338095,1
17.41794695452144,2318.4844081270576,2321.1753444501096,1
11.376800389112105,2318.219483938232,2321.008514530848,1
30.354639254337116,2317.9850931842957,2320.8559652056056,0
32.323428648175664,2317.7139130518312,2320.7092746662656,0
46.545005670934614,2317.515151652842,2320.5823908496077,0
42.68263656911216,2317.3459312537043,2320.4239604502645,0
37.75686599424602,2317.07916489802,2320.24253558108,1
40.17160750905168,2316.807479682801,2320.081328971966,0
42.292015466383575,2316.641277530286,2319.922539261508,0
43.09331971300496,2316.5098246570465,2319.7679264470357,0
43.38916479990319,2316.380324659766,2319.5926515493707,1
45.96071187369939,2316.24470776542,2319.4240756485133,1
48.67663935865815,2316.1207749100704,2319.2198245624804,1
45.09353239686647,2315.98627345482,2319.0313707009536,1
46.60584433661262,2315.8938586874146,2318.8363231989397,0
51.55969251517881,2315.815178588052,2318.6564607602504,0
46.260608889358615,2315.789552315931,2318.5150932675124,0
46.72496522874186,2315.7802107057073,2318.366209876167,0
32.9027025673695,2315.8003990840425,2318.2159279350644,0
30.67873540010521,2315.759245463519,2318.064944023354,0
39.27962961224404,2315.68044627335,2317.9349415561105,0
21.735510157738346,2315.499627218962,2317.7519350285734,0
18.21497362001452,2315.234373682081,2317.54387155931,0
17.747976474998453,2314.97842923601,2317.3251388473213,0
24.06882454458693,2314.683824311158,2317.11451760742,0
23.46762724004853,2314.4041573581585,2316.8919359603074,0
27.659961135152997,2314.219460457912,2316.675352515988,0
22.97578166354853,2313.9314840982142,2316.446768040975,0
16.556099514493923,2313.6312924602234,2316.24000848009,0
12.895945009780306,2313.2625449587035,2316.009627570983,1
7.352495839063295,2312.8711546156946,2315.7624842582063,1
7.379108671559067,2312.473660539791,2315.498730573808,1
16.467251587762078,2312.1476674017167,2315.243280245636,0
20.46671138425475,2311.848616516835,2314.9840870974267,0
21.209345662380812,2311.5166295816084,2314.7296701685805,0
29.122649960796423,2311.1764927416216,2314.4970311882253,0
28.722093398738565,2310.783412690413,2314.246381007385,0
27.315257718591894,2310.377848042935,2313.9786243829194,1
26.2498053407043,2310.003059131108,2313.7559222785803,1
23.435295621832836,2309.6189950997787,2313.5244038169317,1
25.19768553064749,2309.273454694963,2313.313431090126,0
30.28691774668158,2309.0452185896866,2313.0943486470283,0
36.437111188799015,2308.873613646057,2312.901328884053,0
50.14745071972531,2308.7437274078047,2312.724296769494,0
47.66370687897261,2308.5243708628814,2312.523863869781,0
45.74118573070444,2308.2924982025293,2312.3166720694007,0
34.15915416559962,2308.01249749297,2312.107254134713,1
26.162128205466587,2307.7471792112633,2311.879056313449,1
23.761544222968908,2307.442833072597,2311.6516222327223,1
36.86854163800727,2307.3033172794576,2311.4571671664703,1
41.45342682261855,2307.236514022793,2311.2633266165008,1
50.14774155416039,2307.253888906787,2311.1124925612303,1
51.40679753904269,2307.2533771688672,2310.9505938394645,0
53.5742549196016,2307.2083434339684,2310.7818592502813,0
50.386102700688376,2307.1473096113164,2310.58253335197,1
53.583859419965435,2307.110594451453,2310.402896467325,1
52.372023753951254,2307.119924695457,2310.26268492636,1
47.122430750039044,2307.1279205953674,2310.1068007479457,1
47.659243741615256,2307.058421726636,2309.9227799571204,1
59.396679529207276,2307.1758477261374,2309.7908130445676,0
61.998538714171026,2307.2639055767345,2309.6668634569137,1
68.21874901633788,2307.3544741542883,2309.538255202576,1
73.54459341071133,2307.4165538274037,2309.419640450986,0
66.50090698621486,2307.4304806186574,2309.301979635029,0
65.04712000228005,2307.5162399267197,2309.1728163655034,0
62.96593421934513,2307.676740356756,2309.0612967768825,0
59.06511829180388,2307.866479955122,2308.9380251903895,1
56.65229606306413,2308.0822202545182,2308.799860132973,1
57.88915567793006,2308.3327961331834,2308.6645810523783,1
52.70130706372065,2308.4671457067816,2308.5403272637755,1
56.96402022693604,2308.634070842021,2308.444776443969,0
64.18215961460535,2308.7711492211065,2308.4211013620884,0
74.12331834951564,2308.8793646626077,2308.4085902316747,0
51.992664820812614,2308.966104396356,2308.3769293144196,0
45.87033079147646,2309.0190792874346,2308.316635342481,0
47.640892442875874,2309.0491216617675,2308.260882188768,0
48.92049143280778,2309.075116706733,2308.204947425889,0
48.223410988495004,2309.109220519554,2308.1778953164817,0
45.15383137966769,2309.1845172758303,2308.144069883363,0
34.239414953232995,2309.104591615284,2308.1276317072,0
34.632171879982224,2309.0293761832213,2308.1301520839243,0
30.42303479000536,2308.8718798128034,2308.0975429117807,0
27.81893936940203,2308.665796998678,2308.0268922897703,1
27.41279728871632,2308.4443412943074,2307.9402695460176,1
25.974948274488128,2308.266276561427,2307.8726751574304,1
15.770491759534366,2308.004181391424,2307.7923722368037,1
16.347932900041798,2307.7542868862824,2307.7263748687374,1
20.504829380457025,2307.5599625087502,2307.6727059192995,1
33.78818873600538,2307.4240205432243,2307.632965617225,0
41.360770891813615,2307.3571577452335,2307.635592321957,0
39.28143790356337,2307.2310388710007,2307.6278101143844,0
38.91216899455047,2307.039055844531,2307.618636264026,0
38.257283817622465,2306.816218493931,2307.5856321708243,1
39.531420668368874,2306.634888048625,2307.5333935707476,1
38.051896619642676,2306.485231959684,2307.500979781202,1
51.72009030800771,2306.357116036653,2307.486729322418,1
60.84981427316222,2306.23235958755,2307.4928922637205,1
68.1274761902485,2306.146260098865,2307.537527671522,1
68.32213596010729,2306.129738742006,2307.6188321511268,1
80.35209610509376,2306.21144411933,2307.6908824431493,1
80.23633351975096,2306.2990717907996,2307.755175191127,1
81.90410258799584,2306.5259885072087,2307.806382751949,1
76.34032189303801,2306.782891881415,2307.8386981747894,1
76.14341497046964,2307.1122775687827,2307.9018431999434,1
79.02027504522363,2307.4358234946385,2307.9880807107593,0
84.42934769056367,2307.83225860497,2308.08103789821,0
90.01964420657475,2308.225237783276,2308.1685001038645,0
86.42984673649983,2308.5824209249845,2308.2545060511466,1
79.31966170031775,2308.8319062689525,2308.342359434152,1
78.00941532217016,2309.0292870283406,2308.376968042839,1
80.00286721955402,2309.290288408171,2308.438363246959,1
76.94911484641955,2309.5579153815943,2308.5000127549483,0
76.00023447289394,2309.8835007425487,2308.5724109368825,0
73.67122447788572,2310.252486688423,2308.6621959986537,0
71.40248525782815,2310.627486519633,2308.7454784183674,0
71.97277899912534,2311.032995047969,2308.829231198903,0
58.27214916821428,2311.3053447538264,2308.868438183202,0
49.31168692636169,2311.5051124008887,2308.906684530071,0
41.88491068587097,2311.617883407639,2308.9328670609093,1
34.809707695354845,2311.623351048619,2308.9533645798842,1
35.989909816385705,2311.6372826719103,2308.956459923082,0
39.268435673299,2311.6188372564675,2308.9454579660933,0
45.82633750482265,2311.630217871266,2308.939039458253,0
48.54449049860352,2311.618041466485,2308.962618027995,0
38.10326904907206,2311.525400512652,2308.990609200846,0
35.41623587677935,2311.3436958773486,2308.998867584443,1
33.40605429058587,2311.174081235678,2309.0080859154427,1
27.113852424546394,2311.0059916376213,2309.0132144983736,1
24.54176548720349,2310.8308641752647,2309.0008981939254,1
22.572509799639676,2310.69619197259,2309.0136081857613,1
37.408635578754485,2310.5560033444863,2309.0490141114647,1
49.30221497588985,2310.4904949480238,2309.1474588090364,1
54.131027642799346,2310.401061797003,2309.2665168562125,1
60.7042769159247,2310.3029078738,2309.405622630451,1
64.04667542205038,2310.270896128369,2309.547326245144,1
59.92706370008211,2310.1605739578354,2309.6917882254675,1
62.099528117692714,2310.2110253244437,2309.8511335584667,1
61.15729052767981,2310.321402551567,2310.0112605471977,1
68.4338334747531,2310.504953536639,2310.165240258275,1
75.97678761486868,2310.72873684346,2310.301996219175,1
77.67499931092358,2310.9909199006242,2310.460412334932,1
82.05211689837249,2311.2504423961673,2310.630012586748,1
82.63207168528226,2311.4348461064446,2310.7864905032584,1
83.28836088512898,2311.65348362225,2310.970056257445,1
74.95676178828332,2311.8722240911816,2311.145406053445,1
74.32033561682695,2312.189813931195,2311.33194674226,1
73.35070189300498,2312.4879412686714,2311.5103185878916,1
74.5310223702852,2312.8583183285014,2311.6980377902278,1
74.03960282335078,2313.3369051347404,2311.8837647510195,0
78.93856626011699,2313.793843888571,2312.046568093457,0
77.82329193276381,2314.2153199788454,2312.215513386683,0
78.10676246468799,2314.59141477822,2312.3736293174416,0
64.05619187089064,2314.8794762784846,2312.5051506150403,0
63.86212766654836,2315.1472337036666,2312.6196050844046,0
54.31380276870344,2315.315553832871,2312.699218380437,1
54.119695252856594,2315.516378079426,2312.76543601525,1
55.66068995015066,2315.627057516763,2312.811861451862,1
44.53086681524535,2315.679323027086,2312.850021388038,1
55.14072224807375,2315.759237451385,2312.936172731248,1
54.464701178410195,2315.874486050375,2313.0400758279884,0
54.852324018657065,2315.9377186775755,2313.1193844426934,1
50.82300739655514,2315.9994011002855,2313.2066068742247,1
44.12970292311885,2316.1105260443446,2313.2773006239768,1
44.88330191907059,2316.18636897815,2313.343609173336,0
39.338326561998564,2316.273070966932,2313.4036398323647,0
42.45997220262903,2316.3494002378193,2313.4585088182,0
50.46654131901492,2316.4192157503235,2313.55586698649,0
47.660270587403836,2316.425196943587,2313.666071607307,0
54.01847567405516,2316.3866559129942,2313.7912737531615,1
49.578295733937274,2316.307263290232,2313.920132990103,1
58.564197445557646,2316.2206765487454,2314.048870937417,1
63.61910511033013,2316.0956901589984,2314.1643704784537,1
57.12497283834123,2316.069997703615,2314.2810625479806,1
58.08979025896298,2316.0882123010324,2314.4076734182236,0
52.34209534186849,2316.1222965980205,2314.5379768145845,1
50.161916868601224,2316.1443103909664,2314.685681820697,1
54.9577065006374,2316.2304951142896,2314.8344270033062,1
48.11632241705997,2316.346643621062,2314.986282181414,1
56.15719284630963,2316.4171675701973,2315.1706940892213,0
53.24675624220462,2316.4671295782346,2315.348450870246,0
61.873024287931244,2316.5605877607204,2315.5212182091873,0
60.36147543413699,2316.6224155953537,2315.6593751331566,0
53.59751384802386,2316.6564490614064,2315.7794555297382,1
55.43821218297904,2316.6553843768384,2315.884599774551,1
47.76097332433213,2316.64265177335,2315.9523420903574,1
53.941924133194405,2316.612749487509,2316.0393790300695,1
45.18123997860587,2316.5465006233017,2316.0900571060333,1
50.886136889256534,2316.590366295657,2316.173657104943,1
59.750082802156406,2316.6852005617366,2316.2633725632004,1
60.49240258004526,2316.804183731797,2316.350311745437,1
61.87561255795359,2316.944715387597,2316.4303891322065,0
56.06977361766271,2317.0412694723977,2316.4807013089458,1
62.15767755052349,2317.2200175463413,2316.595131123939,0
58.28308555879497,2317.3265167742406,2316.67688667902,0
54.53486218346644,2317.456968973056,2316.771874767334,0
50.04440893030758,2317.518406858676,2316.8171189916893,0
54.89875105271671,2317.580843007964,2316.871587699023,0
52.07371192786664,2317.6164596851686,2316.8895387240814,0
55.8445508351511,2317.6375697704025,2316.890959943486,0
52.06481241393893,2317.614692923893,2316.8767904843753,0
52.36537697531755,2317.505375848935,2316.8372405572236,0
40.59784938453854,2317.38812391575,2316.7780587881684,1
35.2797451849879,2317.3176145135376,2316.754710823759,1
31.798878355592876,2317.208148567993,2316.7089657202814,1
25.467123258167376,2317.1074402491886,2316.6690966568844,1
32.97907164460783,2317.010682937473,2316.6371009732884,1
33.41331901067055,2317.06449487276,2316.665032048432,0
37.67256369991719,2317.044089704099,2316.719563775748,0
35.34452019629704,2316.9351569552878,2316.733740364761,1
39.95863827829577,2316.8110366088895,2316.7249319688435,1
37.46537251394315,2316.6534840430177,2316.716695278383,1
40.247542107999685,2316.5474265536927,2316.6999114903088,1
44.603065902644914,2316.3765564577816,2316.7015432893136,1
48.008157080693756,2316.2379938856784,2316.6975366420315,1
57.43333233592828,2316.140565305528,2316.7188725027722,1
60.24494203074201,2316.104796305253,2316.719277418663,1
64.18099089548006,2316.1025958215773,2316.744939727525,0
71.3426795398066,2316.1379896808135,2316.774655818972,0
69.78952559188257,2316.1304697148216,2316.7884854642166,1
73.68934032144033,2316.2318135413884,2316.8466105848374,1
55.15686150579436,2316.303268015474,2316.870277143915,1
49.61273855730294,2316.377347400617,2316.890721684816,1
50.93108998826009,2316.4173141503243,2316.893637402443,1
61.78412251903645,2316.608872789868,2316.917229915816,1
66.35620004321697,2316.902658251619,2316.9812413183245,1
70.95153191921632,2317.229669903865,2317.071244778448,1
67.72695451218071,2317.4393560146214,2317.148576408565,1
71.77257197663013,2317.7269856927487,2317.271700604423,1
70.88095966013931,2318.0660399167173,2317.393289303369,1
73.74099809605862,2318.4588692423004,2317.5216278344697,1
71.92815685374458,2318.857622822882,2317.6355093032475,1
72.43889601602972,2319.2683747386354,2317.7582951476215,1
75.74546530062793,2319.6329331807633,2317.8921369370564,1
70.76541617661798,2319.9804070838336,2318.0275457248295,0
82.4487671067013,2320.3159065574537,2318.1881744164143,0
87.96730543027395,2320.6786717746377,2318.345646333514,0
92.48002795093387,2320.987158128224,2318.5212027294942,1
91.77216213579968,2321.36268486489,2318.683583246665,0
67.37776016770599,2321.658389073572,2318.777760868951,1
64.40162931925902,2321.887395956929,2318.8798954748904,1
68.59418647657287,2322.218111498431,2318.979635588248,1
64.5337579700907,2322.624255103675,2319.1239159373267,1
62.735100956913165,2323.05288496535,2319.226784370046,1
59.48510687266421,2323.389499378799,2319.3424229576394,1
62.87796403047972,2323.6932773722137,2319.475764677987,1
68.1597078392294,2323.996944896054,2319.6626599933993,0
67.86080057908381,2324.3018173269825,2319.836966136172,1
69.90158930084998,2324.520321669083,2320.0332453979886,1
72.5317555275142,2324.791234889603,2320.2547553510494,1
60.80903242038117,2324.9380964922757,2320.450989261823,1
58.07759972743737,2325.0501697757118,2320.6534268739583,1
57.95230177609386,2325.222855161145,2320.8921876457794,0
75.04945056682118,2325.4493132068797,2321.144816414393,1
75.07401462091555,2325.705054660788,2321.426308161948,0
70.94405967130164,2325.918512573825,2321.7126033462687,0
63.09823845368128,2326.0820097549513,2321.9741770605056,0
60.492935205438734,2326.2231171661165,2322.1846516468368,1
64.25103307831569,2326.3657639464063,2322.412252943588,0
58.743118542920556,2326.6019431418795,2322.6444753435876,0
54.096895461296604,2326.8217837660054,2322.8841943377365,0
52.18069206721254,2326.9827665360704,2323.111348585469,0
54.240188688537884,2327.1315817526092,2323.357578016893,0
45.57006947727249,2327.261442775576,2323.5807388971643,0
54.62068685027528,2327.379083240242,2323.7988586994643,0
49.774664604351685,2327.389950484253,2323.9755187494775,0
36.20569227990543,2327.2766363426445,2324.1313960083558,0
29.45971266374667,2327.175650568177,2324.266188034812,0
22.599022314898917,2327.0109794761756,2324.3824413161333,0
36.20717468280518,2326.8633688911736,2324.54791502159,0
33.13381739571568,2326.7182584647226,2324.6455672311567,0
32.643024775084484,2326.5687415303178,2324.759616279896,0
24.441179031859278,2326.3612591914593,2324.8857523621164,0
24.963870629695776,2326.0954700217444,2325.0160787629616,0
22.322207617461473,2325.7646172253267,2325.088605936131,0
21.985013904117835,2325.4133911902527,2325.1168965217216,1
15.58075800984922,2325.0578117320388,2325.105433791775,1
15.873441683306552,2324.714412030801,2325.0946740533086,1
26.728897559306674,2324.3871691643117,2325.0763263322133,1
30.439744095929726,2324.088181497251,2325.0533319758015,0
40.368465695547464,2323.832452931196,2325.033627813295,0
42.53654854670432,2323.6271517247687,2325.019160146224,0
51.438848185431134,2323.4326940530564,2325.0233057426617,0
34.11732153738305,2323.1477868604547,2324.986680369041,1
38.9286238749087,2322.854605102613,2324.948537906976,1
47.48750579657955,2322.681044047019,2324.9215737453032,1
45.41470681931586,2322.5491482879634,2324.879586613686,1
52.9747892517839,2322.4874445277696,2324.8663025946303,0
61.35937373358293,2322.5381026599343,2324.852608434151,0
63.38454275416363,2322.4857920978807,2324.878876231314,0
65.54197645294627,2322.49581591955,2324.888935216205,0
62.37625720362545,2322.4973025194713,2324.871292688312,0
54.16528435545438,2322.4729373154273,2324.8252252468174,0
49.438887964327655,2322.4138738663287,2324.760474323353,0
46.740045960761286,2322.416128682714,2324.699257657697,0
40.43503703993658,2322.3984587529453,2324.5989690740143,1
38.34900467998157,2322.444564306924,2324.484481556123,1
50.13634302932683,2322.527261876571,2324.384851873144,1
45.189695244271306,2322.4654341064306,2324.2543713071523,1
46.14022105013021,2322.462481588681,2324.1218306554324,1
50.018225934740606,2322.432757423132,2324.031492185637,1
46.101147608312125,2322.412742124608,2323.964189085782,1
36.67684157426956,2322.3178257221034,2323.8612939670447,1
41.26086389135534,2322.359803056441,2323.7508763088654,1
47.96063430231198,2322.4590144496133,2323.650121822506,1
51.59966106899984,2322.5019960898994,2323.5549671517333,1
61.232242801830786,2322.6479240614653,2323.505952336292,1
67.53643883425849,2322.7251156918333,2323.467102004917,1
69.32055447078848,2322.7885831480685,2323.421736114816,0
78.64243188608246,2322.882536185239,2323.391113448658,0
78.60939630121564,2323.0200366244862,2323.3682363595976,0
67.31055355286317,2323.1312280067223,2323.330677276573,1
78.0633617820175,2323.282445307761,2323.2855706688783,0
69.53346211407454,2323.453567167316,2323.237324080049,0
62.788128977049205,2323.573680647423,2323.1770966205695,0
65.86172521145042,2323.8218001146424,2323.17170892617,0
68.98393956724179,2324.0372194512915,2323.1887147995812,0
61.53015648442252,2324.1873835668257,2323.1895450726033,0
55.639831045564854,2324.389630593443,2323.2058317540595,1
50.207560092815065,2324.4778668666504,2323.1676298456227,1
47.79872657236804,2324.602914146809,2323.1853544584715,1
44.930031154557675,2324.6701462763426,2323.2047509841923,1
42.07187811781998,2324.788897011296,2323.2323490949793,1
46.86621190794966,2324.9369968500787,2323.287487040199,1
42.590916210132775,2325.0200348436247,2323.3522888698253,1
51.34509807151228,2325.128298070421,2323.4409299038007,1
45.567644506599315,2325.1152809566515,2323.528940026137,1
57.477451564275526,2325.1983320402496,2323.6606700086963,0
63.76049194423065,2325.273206897215,2323.7761512079774,1
57.73540829845689,2325.3286571443396,2323.8873037074936,0
55.26914285897171,2325.3297731809134,2323.9671644594846,1
59.298452864825414,2325.3931826460803,2324.0370896450972,1
59.39168035169541,2325.4281506128236,2324.083753292785,1
71.59124383201663,2325.5706353657774,2324.2064634821777,0
61.41391840027948,2325.6979546620737,2324.3144364443538,0
65.38704710633434,2325.760901887923,2324.403652062532,1
63.6972570590239,2325.8316664010295,2324.5017220448076,1
58.198384251632426,2325.937866575361,2324.5697138916403,1
60.495130460630406,2326.0540873486193,2324.6122256295334,0
57.545304466265144,2326.21768329863,2324.660386325923,0
67.85111686936744,2326.358846512566,2324.730566695678,0
59.9898296919821,2326.552196334128,2324.826708510055,0
57.02961945671497,2326.7411306227878,2324.9396264179236,0
40.55427168457855,2326.754461068393,2325.0237219210244,0
45.80538326423151,2326.799789416213,2325.1057531632255,0
39.329321005460564,2326.757611292336,2325.184590919557,1
44.01995710729662,2326.78248941718,2325.26411007024,1
41.52428474066537,2326.7685166539623,2325.3571719196534,0
42.71554495082084,2326.680039120857,2325.461993213748,1
40.92532308554385,2326.5887946164084,2325.537828918584,1
38.79095230029402,2326.5044892329925,2325.595857183429,1
45.33112970264232,2326.4741609827206,2325.661657188343,1
46.15748270534021,2326.461233196754,2325.741116282645,1
53.259490977117274,2326.4393208038505,2325.838270581142,0
51.65713386324965,2326.482979967953,2325.9240226516895,0
50.29740647671025,2326.530945082349,2326.0152316595118,0
48.92281525574139,2326.582371990715,2326.0755012165073,0
67.09914716365171,2326.6712149950645,2326.1481536129327,0
56.47461216026475,2326.6948952176826,2326.174750457379,0
65.88346909312321,2326.7266320309254,2326.198024664197,0
63.15030827551921,2326.7206443437663,2326.2108097833902,0
60.0856786111044,2326.719314031834,2326.2619429200995,0
65.45247899754673,2326.6937191912116,2326.304135971304,0
59.83049437688385,2326.7479345477086,2326.3414688731814,0
64.10743652021482,2326.790452136235,2326.3924617587504,0
50.402757010259016,2326.8558816780146,2326.398223544906,1
40.359280135492725,2326.818447924765,2326.376601459629,1
33.81894226938044,2326.751119176072,2326.3826661633516,1
34.99591483561953,2326.74400245479,2326.403741958287,0
36.52982071375857,2326.766040600162,2326.4530984119892,0
43.81676273285339,2326.8641701106135,2326.5003595689504,0
36.7332238599207,2326.8862810744226,2326.5481111075746,0
37.82708760821474,2326.8473463571104,2326.564496020971,0
37.05322470424401,2326.7364772735027,2326.558062750511,0
36.07942749115576,2326.595158009789,2326.5540719181554,0
28.888283712616953,2326.410448910179,2326.528091995415,0
29.183154965414047,2326.2198175731255,2326.517315863097,0
30.41255413758725,2325.9720023462532,2326.457621735334,0
25.704134986867885,2325.720254355977,2326.353569440884,0
27.16036900926774,2325.4474455398476,2326.2455400224007,1
29.19378304180114,2325.1319835748,2326.131693940945,1
25.7000891781922,2324.7967707795297,2326.0233781734796,1
19.781892074121544,2324.4428246581656,2325.9100055894405,1
24.585639746458867,2324.174893173133,2325.7831719961237,1
26.636858504636336,2323.9708223037946,2325.7016088154387,1
32.734780800130395,2323.837240310531,2325.6287589139492,1
32.38425880594082,2323.7186277584924,2325.531386002614,1
40.61966886279608,2323.6311381471487,2325.4599747920665,1
48.38792836997963,2323.5835148909127,2325.415512975204,0
51.5882491000903,2323.5179596173684,2325.3732089394844,0
56.361207584470975,2323.453204253361,2325.3381026652687,0
56.59871689894557,2323.3929831594432,2325.2844258377004,0
56.478620152875166,2323.3153567938416,2325.194186489393,0
55.24171050184013,2323.2101202417684,2325.1403264198616,0
64.48586616662192,2323.1879557363254,2325.1093384462,0
58.13018518853037,2323.139839862608,2325.080983423524,0
60.547013760697176,2323.094898806308,2325.042279618748,0
57.65322424299894,2323.0757877115893,2324.9805301583847,0
50.484199229921565,2323.1095978584463,2324.9253929359197,0
46.29132195190895,2323.143314208942,2324.867347859414,0
52.6591879755751,2323.225375531475,2324.820048460337,1
43.44109891536073,2323.2756844374658,2324.7439875553773,0
29.453490464883487,2323.2953523939,2324.6436532682987,1
30.713867432143175,2323.2791563690857,2324.519106222218,0
29.103089100635927,2323.2417403648788,2324.4051129742093,1
36.13368512154168,2323.211932006498,2324.3011536836084,0
39.952789631384185,2323.2117752767,2324.183147317008,1
38.082403279828156,2323.1013615903325,2324.0320334301737,1
25.043314499114004,2322.9165515706636,2323.9041755163967,1
42.0261516362861,2322.7937015909347,2323.800036763488,1
45.86160586775291,2322.64375848795,2323.707348322942,1
49.337258505812635,2322.5440409775592,2323.614316615991,1
55.84874959871438,2322.554567582634,2323.5385258459614,0
59.86703141597392,2322.612336227754,2323.4860870918797,0
60.046139892287854,2322.6057571801366,2323.4354604637606,1
65.55244823991663,2322.6853136053305,2323.4127561944497,0
71.25978960040537,2322.7430425350776,2323.412117462873,1
61.75907206542327,2322.742827188637,2323.3772133634106,1
60.5308969865779,2322.7920506893397,2323.344612229739,1
61.81941688866805,2322.9085245782653,2323.3243414506555,1
60.17335887104634,2322.977379224248,2323.2653321057915,1
69.85596567241569,2323.101597223205,2323.2301140148907,1
75.47345047522803,2323.3499281905833,2323.244686001688,0
71.95840305706506,2323.5895680321746,2323.2603425256866,0
65.06185390913862,2323.753553123078,2323.268471019525,0
63.14324109296446,2323.887676060176,2323.2920445436075,0
56.54545945752564,2324.032167057242,2323.308087110655,0
51.45166096688547,2324.2020379665246,2323.3240476782826,0
52.863513509835954,2324.4006037537847,2323.3763152755196,0
42.940477222135705,2324.472308701651,2323.409982028209,1
39.87788401015175,2324.4604325694595,2323.438727920806,1
45.021197223952264,2324.421169485412,2323.4640760983434,1
41.136780600007505,2324.3454197817355,2323.4995638953897,1
35.65255935965965,2324.26658159864,2323.5227624620825,1
51.15641877862164,2324.2579280891796,2323.5503027779146,0
47.52036711941383,2324.2269628652966,2323.568645216356,0
40.87888991781254,2324.2417711715957,2323.6213748281143,0
36.70298460359651,2324.274136680924,2323.6344127769207,1
44.999470465884166,2324.3082998194086,2323.6345262011378,0
41.917464708799535,2324.271897799059,2323.6259167233316,0
44.81318068274458,2324.2830818895864,2323.5972831602817,0
47.37217383033319,2324.257035175815,2323.575734821439,0
50.69703382765712,2324.2050768029044,2323.600574005313,0
52.315759740762715,2324.100809215889,2323.616618115335,0
47.942073380815614,2323.9379321708784,2323.568461593346,1
46.844050338034435,2323.7615970710435,2323.5407474269814,1
49.27390544974356,2323.6260245802127,2323.520537420217,0
48.34877951643866,2323.5212120688125,2323.5022174211713,0
44.97535858041036,2323.448360364218,2323.511820277828,0
46.77481647406677,2323.457152745592,2323.535517442869,0
41.03626701648629,2323.501148350591,2323.549037048453,0
36.21679794676762,2323.45135551421,2323.534344529041,1
30.965046760717982,2323.392962530017,2323.5386079498367,1
38.576583994532086,2323.3619457228333,2323.5558782035814,0
36.921085117140535,2323.240237988803,2323.5497018274846,1
37.41704981278306,2323.115482503877,2323.530065415308,1
33.9666220888038,2322.9836545431103,2323.5301265346784,0
34.89354016950094,2322.850236204798,2323.533962622707,1
48.051668973638215,2322.7110297958106,2323.552317491196,0
57.074474748052175,2322.6583638930274,2323.571781644169,0
54.154788909568104,2322.5959286228654,2323.578151214248,0
48.09565803275109,2322.492684720833,2323.5551923187486,1
41.431487956244794,2322.345457808323,2323.516930095589,1
31.50498276350831,2322.161654593644,2323.4363454616905,1
35.01424574943992,2322.082657054908,2323.3592215432545,1
46.36270869263527,2322.030287799162,2323.278737104514,1
55.36734156400133,2322.0262027448935,2323.2338015041432,0
49.90671412161676,2322.00826712389,2323.2083933952727,0
53.76095680620408,2321.9573827469158,2323.1779531008588,0
49.51677410038344,2321.854551938879,2323.113928387115,0
46.02722656476255,2321.760017979296,2323.062092550472,0
44.01504035171634,2321.6974934084114,2322.9727030031236,0
40.14627049698242,2321.636669742044,2322.8533045704207,0
29.01397448131631,2321.522515349445,2322.7290571304898,0
31.63154188922657,2321.436010858796,2322.6226849217715,0
33.31031040355906,2321.3234296823875,2322.5043668641924,0
34.125416106194805,2321.1973279098447,2322.3961908757196,1
42.56108356971959,2321.098502630048,2322.292548488116,1
38.18398654730524,2320.961487938854,2322.1766711652244,1
35.022746042402076,2320.7622028690985,2322.0877393111477,1
16.17621498791752,2320.571451251111,2322.0225586869083,0
26.965462075257292,2320.456309171559,2321.9692481932075,0
21.373391622108755,2320.3390054117226,2321.9143643475836,1
23.3955494932559,2320.296681602266,2321.848385463141,0
24.181200331593374,2320.2336493644466,2321.7495100533615,0
28.616272169434936,2320.1239395868474,2321.6375277931347,1
27.585545554236248,2319.932807913752,2321.5102162010057,1
52.22954883929589,2319.830682380882,2321.431011675256,0
43.280238688633474,2319.675710284059,2321.324917286719,0
45.54955242279982,2319.544043457975,2321.2227866506814,0
42.32586106961393,2319.411134170182,2321.11331346271,0
42.86272270780165,2319.3293454353657,2321.001627106944,0
42.86436295434479,2319.2420987130454,2320.868113334477,0
44.48875410107841,2319.178233960915,2320.7600270285,0
35.44847714763411,2319.033994214085,2320.6611097390546,0
37.44112580238092,2318.95618520137,2320.582202116323,0
42.1054088515572,2318.900345686601,2320.505919318275,0
38.4711332586997,2318.808126510615,2320.407314264837,0
32.01001494419752,2318.6384042192417,2320.2526887072336,1
31.34843984318023,2318.426384548985,2320.075432032505,1
31.640622302399294,2318.203037302578,2319.9033142677026,1
34.49995397773614,2318.0524547705563,2319.8096878957463,0
39.756708634008035,2317.9284282384997,2319.7285506309763,0
35.50238312468444,2317.74609353444,2319.602044587784,0
34.76711256399571,2317.5434049079877,2319.470776821035,0
35.235531041019854,2317.367174348759,2319.3382045310873,0
37.19809565923596,2317.215487575444,2319.2029494139397,0
32.87070716599999,2316.9299644991943,2319.0629029930146,0
36.62844909746789,2316.675548964253,2318.9107249540957,1
29.792067548292962,2316.4035741171624,2318.7208707403347,1
24.243415240136272,2316.1029484740984,2318.516121403203,1
28.089604699017585,2315.8225935213923,2318.3335906271677,1
38.514587112165906,2315.586443227979,2318.1645075023393,1
46.409889549814025,2315.3727649815955,2318.044471183681,1
50.01948228718496,2315.2504691933127,2317.928234594416,1
33.93525543280326,2315.0667917648034,2317.79680370258,1
35.09757068711461,2314.886393014767,2317.649995426224,0
45.23411164373206,2314.768071305697,2317.51123593756,1
50.25001355745439,2314.7458703628627,2317.368083753612,1
46.844365528735075,2314.7382845810066,2317.228925089356,1
42.51119390782522,2314.7205304125137,2317.0875192409903,1
50.814664457668435,2314.6025200455183,2316.9716985505893,1
64.10242955708574,2314.5603743786037,2316.8980324856007,1
70.32467969657782,2314.602581996859,2316.8340712467498,0
74.33457958193264,2314.6479282952214,2316.7555437956053,1
66.89399911285679,2314.6621075132357,2316.6736756634264,1
60.340689251994654,2314.6464687245716,2316.5826057398303,1
65.50310437157188,2314.7705116282223,2316.5317065922836,1
60.94756927167813,2314.8839838751533,2316.4797233286154,1
67.20753940905666,2315.062436508974,2316.440964196285,0
62.41511765909596,2315.2700023554794,2316.3955418449505,1
62.237216489666075,2315.4776317577684,2316.3421196616514,1
64.54341221484053,2315.6859758840797,2316.3032956912825,1
64.78272846983553,2315.8378022453207,2316.260919440903,1
63.923563440135005,2315.94100868635,2316.2111783231776,1
68.5124610844488,2316.1304646964827,2316.1994137464335,1
64.34873480396934,2316.3307224319533,2316.209161233505,1
65.8667111472812,2316.550244882647,2316.1990609382656,1
71.61858402183003,2316.795900709748,2316.216159923888,1
78.04960345009687,2317.084407281249,2316.245070618665,1
84.49632906631173,2317.4734999303705,2316.3124655450656,0
81.40248185446322,2317.8613934341224,2316.384517750092,0
85.38053108026978,2318.1747824538825,2316.4711059819356,0
73.36431601229211,2318.4180852572963,2316.530011765302,0
70.58707362916972,2318.6528371733357,2316.6030809793056,0
63.36562870266921,2318.87285190718,2316.640342345751,0
64.69578693272959,2319.163499848872,2316.6878674047384,0
56.301131217576895,2319.264954446581,2316.7144377666705,0
57.1959278366351,2319.3662869092177,2316.7708764046056,0
42.38977679156729,2319.3115962863635,2316.7950488912365,0
36.71566564536934,2319.238691277509,2316.8098034349227,1
32.436970761398726,2319.135700929014,2316.7754181250343,1
34.883226726691305,2319.05643561331,2316.7544986412067,1
34.633929655485204,2319.015911529168,2316.7688466387935,0
24.098094515681936,2318.9677062502583,2316.780898860086,0
28.863373043636628,2318.8957847323604,2316.810857899874,0
26.33182051282195,2318.785192788847,2316.837043318866,0
29.195711691891887,2318.644476626935,2316.8848657893623,0
28.444739710856695,2318.4241625529867,2316.9156053593815,0
28.8590335932099,2318.14586491095,2316.9419869361805,1
20.698387848517058,2317.753852344388,2316.972827093182,0
25.605095902229124,2317.361941896678,2317.000257100206,0
27.042953514435936,2316.950056383359,2317.0165512440876,0
46.91178776934584,2316.6579710937244,2317.0440942101536,0
53.30430481520268,2316.414286438271,2317.0686078772887,0
43.04318537847247,2316.110331915064,2317.057758405855,0
36.89280062768584,2315.7659205280315,2317.039678410044,0
30.032307587037522,2315.4656100928323,2316.9934532815246,0
29.68778472400743,2315.14275322156,2316.9296295480844,0
20.940639009964926,2314.9071578355242,2316.8625981930436,0
19.662457230862543,2314.6782804323675,2316.7929034428644,1
17.40392456338597,2314.4140350115185,2316.7000241114347,1
20.469827809930166,2314.102534027056,2316.571362500588,0
19.793185762973124,2313.7187358336205,2316.415308173498,0
23.458252335467364,2313.382530005408,2316.2747395441606,0
35.05994540859669,2313.093164471489,2316.183280683176,0
31.76985870223872,2312.749911285032,2316.0784203430503,0
23.849968679587334,2312.393775012052,2315.9341711428947,0
18.452200472763167,2311.984807304884,2315.7559347312736,1
21.584909446989755,2311.603402734552,2315.5583734264114,1
23.632488232963993,2311.2807107423237,2315.377110447919,1
30.091321211685724,2310.9849858684233,2315.203198744468,1
32.7560996887065,2310.689240114655,2315.0178569363175,1
39.39484938985177,2310.3673011913356,2314.8558937885596,1
51.50679278543092,2310.131802242737,2314.7449252998435,0
61.60652697421143,2310.073098109383,2314.6348117710154,0
59.034571527198665,2309.982987459337,2314.500584420998,0
58.8819991433389,2309.89283330408,2314.330488650098,0
56.415746010829174,2309.8250719291436,2314.141298035843,0
45.90103628559641,2309.751918022452,2313.929602489525,0
52.24123360890214,2309.723351550616,2313.6928440909624,0
48.98185966559448,2309.7025433128833,2313.4364840629387,1
59.05086577638855,2309.6706828977094,2313.1697226781184,0
63.231668085787604,2309.728775136121,2312.939584125028,0
60.71424174886277,2309.768572835329,2312.721033808958,0
53.6507722065077,2309.681039138545,2312.5065555757214,0
57.4927342175979,2309.6936723664226,2312.29048935007,0
47.244310000089115,2309.6425267686827,2312.085200071735,1
34.772009419380225,2309.6792076632087,2311.88110303287,1
23.830572376841374,2309.726259568518,2311.7242387392735,1
25.220040152728743,2309.7482391340577,2311.580929590539,0
31.07001768189754,2309.7486129725867,2311.448363561897,0
37.308621412216105,2309.7703098546963,2311.303406632872,0
41.63780902436015,2309.7550199022544,2311.1515371377945,0
36.277083922170625,2309.6231654370886,2311.0071089745757,0
40.286816866702075,2309.406515210639,2310.8391039623266,1
37.40765318020705,2309.186305189284,2310.6610293811727,1
36.98572326752126,2309.0556410603613,2310.4949544234682,1
34.472604221838964,2308.915361848922,2310.3377777542173,1
45.578486143218576,2308.8468327924684,2310.2099896421328,1
36.29786561555241,2308.7610097973898,2310.095707072163,1
45.39064391468074,2308.7015843516147,2309.9723410449133,1
53.9098579440623,2308.6698080917727,2309.857623361484,1
48.12985577586025,2308.5754131127605,2309.7065609326423,1
52.72867744146564,2308.51057333029,2309.559548565766,1
52.94475799667078,2308.492095145577,2309.459260867927,1
44.37595240601571,2308.402771410997,2309.345229703257,1
48.4896421572106,2308.4097523068203,2309.2628569573303,1
54.45732881443724,2308.4517085939065,2309.2046851818086,1
63.31388497714883,2308.54163206616,2309.1780284315278,1
71.72883052590946,2308.6695650725746,2309.1774434466215,1
70.74537837423009,2308.809929197575,2309.2067212363195,1
66.96304770583953,2308.8807720917343,2309.2147018587434,1
71.95556161961878,2309.050974762982,2309.284432709539,0
63.48358365284836,2309.1797551170735,2309.325999019242,1
68.94225863379162,2309.3628095719223,2309.3469620025,1
68.46687725304274,2309.5875760115277,2309.396095271771,0
66.0533952308802,2309.733875023261,2309.430994427952,1
63.59619179653477,2309.9010631366186,2309.5042800869114,0
62.53561331039493,2310.031230290166,2309.581120664378,0
69.30561683217825,2310.2128607890554,2309.6685670908555,0
64.22257238821103,2310.3868090442074,2309.733070315227,0
61.343015290829484,2310.5255432104727,2309.792144599811,0
47.72807267293579,2310.5999327495265,2309.7996135559188,1
50.48360758482273,2310.718185438676,2309.794101844141,0
45.31415589010148,2310.7851103532566,2309.744065765476,1
50.11764119120867,2310.8889646899706,2309.70762059551,1
39.52610352823198,2310.967617320883,2309.6927705640514,1
44.34628932036718,2311.020486324096,2309.6828509397897,1
43.61208475648255,2311.059449022471,2309.7010408315355,1
49.53409001209062,2311.1266163387627,2309.7387493618803,1
56.04374445820957,2311.184192441023,2309.7993808875754,1
59.17658328393384,2311.313075302036,2309.871658820474,1
60.72709599250452,2311.3571703449916,2309.935790793087,1
59.73275518151605,2311.498111293347,2310.0178144024485,1
61.07698913970903,2311.582565059552,2310.1075723709023,1
65.92255246048086,2311.692783095258,2310.1957395633053,1
83.82754953560126,2311.894386820489,2310.3317384486745,0
82.77926626434737,2312.1442640636233,2310.490302647077,0
86.29835707003849,2312.370885507513,2310.6389710399762,1
84.29627531965022,2312.538550137401,2310.784691492193,1
85.57426243360545,2312.7443258828516,2310.931355479333,0
75.58527995772198,2312.905745746766,2311.046318956639,0
77.22498045808699,2313.2244052032047,2311.187367676299,0
73.33566761489956,2313.473183086578,2311.3341089039372,0
73.42161187083492,2313.776136815177,2311.4919144072915,0
67.43489504779599,2314.042933931617,2311.6502720924427,0
58.312506955905484,2314.260712258871,2311.7747990434555,1
50.96653793706077,2314.4582494293777,2311.9000059719715,1
54.29245044560901,2314.632160287995,2312.0151718297457,1
52.441018539938305,2314.7661578007096,2312.1408085632083,1
47.41364869868497,2314.896567228251,2312.27737403823,1
42.71722725305366,2315.014642495737,2312.4095925820598,1
44.46092377137799,2315.106081046767,2312.5480579666896,1
48.71209013462256,2315.1766682834887,2312.6842523837286,1
55.43378615528498,2315.3250854900457,2312.84076850869,0
67.60924919572957,2315.458678652124,2313.0181024597564,0
64.44350373747106,2315.5802334951063,2313.199930923989,0
65.79552197960092,2315.670247513713,2313.3777182149997,0
54.40659212590762,2315.72654124423,2313.512934711204,1
51.86330410485741,2315.7477818188904,2313.6159781907195,1
61.796416327173624,2315.7776387460267,2313.7184392987137,1
66.08847109062418,2315.8618917928775,2313.8387668370965,1
66.94261478414748,2315.8999417468644,2313.9269544698514,1
70.33878475774537,2316.0055396989046,2314.0644227366693,1
71.95938944477032,2316.1288219754097,2314.1983193686865,0
74.23512094913468,2316.3255398777337,2314.3454576389254,0
76.7320573183651,2316.579120138011,2314.512897089355,1
70.2334160351739,2316.8245729666082,2314.6694099039673,1
65.356018523346,2317.0589429813317,2314.826256906212,1
57.641616893788374,2317.234185770996,2314.949338555985,1
60.596983991541315,2317.465288697307,2315.10876589947,1
62.33893393817371,2317.7141383060302,2315.285030620282,0
73.39836773294448,2317.997289469605,2315.507000654721,0
83.89549261158875,2318.31002841862,2315.720989575706,0
69.16448739272218,2318.4826517963984,2315.9197850859464,0
70.66636111795609,2318.6506091145325,2316.1227602295803,0
62.820859556533875,2318.733758925765,2316.3063875659413,1
57.49147122877213,2318.8048578530857,2316.4914668265956,1
53.1995687608691,2318.923614679492,2316.6586009740117,1
50.604495149494845,2319.1106276316077,2316.8095827078573,1
51.20935354766767,2319.288573043255,2316.960191539607,0
60.55904587222672,2319.5207607039256,2317.121840997852,0
57.81002616682262,2319.7112787626997,2317.268597836935,0
64.23952024595229,2319.8631044603453,2317.410420003469,0
59.48162955750182,2319.9923776466976,2317.5622444035453,0
48.077759271866896,2320.0058837740175,2317.670697910429,0
42.01166984601236,2319.9788579874175,2317.746685556127,1
34.69073987058263,2319.9781257065765,2317.802954561149,1
49.340584089746415,2320.024199770099,2317.887582611247,1
48.6852511559685,2320.1210128284733,2317.9823236324137,1
49.420806463488894,2320.1087940556213,2318.0545531685775,1
48.736352680767375,2320.0593469905857,2318.14647111781,1
59.222012842622604,2320.0697916836366,2318.245155246894,1
57.136308604968455,2320.0352475819923,2318.3458153738716,1
54.5141144063036,2320.0684127139257,2318.436695445446,1
50.63592097748561,2320.0977219134356,2318.5446754223085,1
57.33787224311902,2320.2099926675014,2318.686099729394,1
51.65014162787665,2320.3043069156065,2318.829889821087,1
53.25437175124036,2320.4311924583853,2318.9782138421683,1
61.02647235369716,2320.5184529568132,2319.1105007702986,0
70.63491949470968,2320.625359067756,2319.2517082754084,1
72.40985362551778,2320.6852482180725,2319.390083286786,0
70.27383084117037,2320.788491967909,2319.541562205392,0
62.31666931460435,2320.8330038003137,2319.6729542101984,1
64.98323828836082,2320.8381752486794,2319.767480306998,1
69.7298764953801,2320.946578200034,2319.8658577295932,1
60.15546663512255,2321.088549954474,2319.9500121398737,1
61.12657452502408,2321.247918219939,2320.0340228436394,1
61.30650275315259,2321.350538970325,2320.137181701685,1
63.40130588291026,2321.4705598693695,2320.271434852605,1
54.371752501309096,2321.6129684021676,2320.3886850310337,1
56.84708886356186,2321.755565534492,2320.5039406144556,1
58.51680120451986,2321.8488901213723,2320.624734596697,1
66.82932461538238,2321.9846844828257,2320.73747328744,1
59.44681432762867,2322.112621495641,2320.8302152535384,1
66.88178047867808,2322.2992762821045,2320.9341699840566,0
66.29937763034638,2322.4679250131326,2321.041621679442,0
64.39499568134873,2322.613103347587,2321.1453019734786,1
71.39968686121817,2322.7529407730103,2321.2558129588397,0
65.26362396331706,2322.8906138097213,2321.3730719857886,1
67.46139861284055,2323.0168764818463,2321.472343389224,0
66.10604416199311,2323.1346371777463,2321.5582828354727,0
68.71035789454004,2323.236090108171,2321.6370824608184,0
58.346245911279205,2323.33144664538,2321.681521500903,1
66.73912612224572,2323.4992570871796,2321.774122423311,0
60.03522186450214,2323.583002542108,2321.8388151006234,1
50.68839429590539,2323.625573256474,2321.906737872158,1
46.583120383257146,2323.6714369951233,2321.9806545004544,1
56.811714889521106,2323.7936703207424,2322.0852039581855,1
45.37117421375266,2323.8658508515186,2322.1735241405695,1
47.59224907917457,2323.9903826744044,2322.2694088834937,0
58.660261866054086,2324.1632721539604,2322.3609451944703,0
60.50018738306126,2324.3373092985003,2322.4751468110176,0
60.93711268687171,2324.451979403507,2322.5730232647043,0
53.06361212128878,2324.543958011466,2322.650847399446,0
44.0632532080887,2324.4692473575205,2322.719515417458,0
42.848192222137676,2324.371493415849,2322.7986758508146,0
50.89737880111697,2324.362580099392,2322.899083730605,0
42.97085046214616,2324.293938061601,2322.9637082754402,0
49.91986338747716,2324.2686243862904,2323.0321166089157,0
50.541506976541264,2324.1879418702897,2323.104002515092,0
49.5056667853673,2324.1132165072513,2323.179830642139,1
45.60304992648559,2324.0638318611714,2323.2346985318322,1
44.42571685407058,2324.024531132681,2323.277234921178,1
41.82986065370662,2323.9524473421907,2323.327736274617,1
34.371176310287126,2323.910004992917,2323.363728332415,1
33.69231415487357,2323.940119185817,2323.3987884794838,1
36.17376975712565,2323.96495165149,2323.4449123948084,1
40.71795587225602,2323.927930654254,2323.4838992365326,1
61.36063669590175,2323.967347379306,2323.5530819095666,0
65.88098884200386,2324.005217457144,2323.621352239249,1
56.07983640312203,2323.9725398532632,2323.675861848546,1
63.63880396092179,2323.9038403158584,2323.721286150197,1
59.3597683768904,2323.8445531586167,2323.7776430080257,1
68.96921372388002,2323.8321206529686,2323.8484255611615,0
77.66774150467666,2324.0089704210113,2323.944472305849,0
76.76012094293696,2324.211167884741,2324.047723022921,0
65.83074959139456,2324.284805750924,2324.1138387429987,0
61.69116443099329,2324.381698297629,2324.176172006362,0
53.59158166723718,2324.373287566933,2324.193207687941,0
49.084062080678976,2324.3896910071576,2324.214691557088,0
40.615380617456445,2324.322359135138,2324.2065480823976,0
37.79642265536816,2324.191851979709,2324.1718832751667,0
26.534127348591625,2324.0268957805683,2324.0941194402753,0
25.01286826146709,2323.8704866013186,2324.0308823168875,0
26.371152690524156,2323.730702650043,2323.9362988795906,1
28.26710925022485,2323.5748312447095,2323.841550972115,1
28.204751529838816,2323.405365097094,2323.7618170946107,1
25.051959578064483,2323.1778667324934,2323.653869620326,1
12.789738166851649,2322.9085752242568,2323.560266475381,0
22.563490234935955,2322.6896804527364,2323.4904738276055,0
28.91783484194164,2322.514768259006,2323.42791428105,0
29.197172113997553,2322.326253637334,2323.3573515618623,0
30.46706667637787,2322.0836522800214,2323.2785252618824,1
29.019770719699338,2321.801515460973,2323.1693289106793,1
37.46315449407095,2321.4365198571236,2323.0858792318554,1
46.66594001171768,2321.0996148986374,2323.037339679787,1
55.52544528953737,2320.8545806899447,2322.9870962209275,1
57.375061310192635,2320.6632539317084,2322.924005450748,0
60.1911478355012,2320.577529186733,2322.8778790220267,0
60.934154921902554,2320.5252577476954,2322.828641586404,0
57.98912049276056,2320.526139774036,2322.7516951304274,1
66.5981192287855,2320.5688423596985,2322.6644964996462,0
59.6335615349423,2320.638438694391,2322.568703156629,1
50.765683442707356,2320.693365780083,2322.490645424334,1
50.31673679399408,2320.7615058325127,2322.4532022695876,1
60.96553634656512,2320.884678744938,2322.4468251037506,1
61.70723848685136,2320.959644433931,2322.4006428284265,1
69.71485608293307,2321.1096423381723,2322.3801513309545,1
72.72975262092251,2321.298348851308,2322.372156261388,1
71.87394007211604,2321.440520292667,2322.391505196556,1
73.3938721127881,2321.599641048594,2322.422484097587,0
72.84966520218804,2321.799306584569,2322.451541451221,0
74.31222575115784,2322.108028187179,2322.511924083681,0
66.18580223753753,2322.409573341895,2322.552179310561,0
62.26282119155027,2322.637559843709,2322.5769011721723,0
61.688060231650326,2322.8223682588327,2322.590239308993,0
55.652775524168284,2322.9102955428248,2322.565233777461,1
59.3299669066585,2323.015453167395,2322.559014456005,1
61.66161389864542,2323.141132270025,2322.5473929783147,0
55.2814288684827,2323.229215974796,2322.518240993465,1
59.17340764982398,2323.3288077995103,2322.4942023089266,1
57.32163231970633,2323.41854878474,2322.4703798871988,1
52.016922042694674,2323.544305708143,2322.4486041764394,1
49.227749866294786,2323.674452430195,2322.427578135225,1
47.910947726483585,2323.813693895279,2322.3750916592944,1
44.09030206002989,2323.8788789539476,2322.313909531433,1
42.06872978636763,2324.0341810237305,2322.300392937549,0
49.8660787755287,2324.188060699358,2322.302696291646,1
54.48952910260421,2324.258412373486,2322.326206184009,1
60.76960160562011,2324.351814643693,2322.37635465117,0
66.23507419825329,2324.3575688167416,2322.4365679702287,1
60.11644187880364,2324.3361285612827,2322.5092520838507,1
58.7730771948579,2324.3014316222757,2322.6217384203646,0
56.59693437875372,2324.281310885797,2322.716509024352,0
61.030470672809116,2324.3290094418276,2322.8162238888863,0
64.13798710242719,2324.398694947357,2322.919784790052,1
57.828430907050326,2324.5204059823095,2323.011250131547,1
56.765459563270625,2324.5899920763113,2323.1238645935323,1
52.92008429380467,2324.6044894092856,2323.225758652326,1
50.682394202657825,2324.6142512503893,2323.2880693125257,1
57.17168435611972,2324.7309109094413,2323.380659369101,0
51.27704512835479,2324.8199402133623,2323.4678545176102,1
58.531664002705654,2324.9470859030275,2323.593977625642,1
50.77136900403576,2325.053432595251,2323.7283449889355,1
52.174924953018035,2325.0939845556422,2323.8380775387022,1
53.16371635405722,2325.1455541398814,2323.9322852279306,1
51.59980831202027,2325.185359727356,2324.032704552513,1
60.02567945247913,2325.244147786749,2324.1350538336624,1
64.59117180045473,2325.3897049884026,2324.2510765046773,1
70.9521786996096,2325.599667534941,2324.4061185660685,1
76.30729391123552,2325.8739809290755,2324.575704432244,0
72.93163346040475,2326.1254572686894,2324.731898047447,1
74.66623703965168,2326.356371885332,2324.908911696741,1
76.26176431138359,2326.605560908155,2325.081387075581,1
73.53719161774137,2326.8794063503015,2325.2633840960016,0
70.40039095558919,2327.079631636713,2325.397765946762,1
73.30716242537997,2327.40901125954,2325.5909968617907,1
76.9069605164236,2327.775531914942,2325.79022042424,0
73.83272900739502,2328.08095256284,2325.9388001369384,1
70.29326572755787,2328.380081568719,2326.0638938229467,0
70.60888258836007,2328.6197868222807,2326.188717678576,0
71.0796256144569,2328.9370700922273,2326.3229599206734,0
62.43267154275332,2329.163266645321,2326.416073008899,0
56.198264735160095,2329.4336962731077,2326.537994161421,0
48.24922625465765,2329.669697753544,2326.650932702636,0
50.14872553692013,2329.898013229634,2326.7625432162513,0
52.305898980166454,2330.1448468440335,2326.926525072997,0
51.344269669289474,2330.332799446226,2327.0619923451945,0
43.73993892596284,2330.397984552027,2327.153817417478,0
48.08579499082393,2330.3512083980854,2327.254915535384,0
36.55525558097638,2330.2702229213282,2327.3522704809716,0
35.44635234975115,2330.2409434661668,2327.460855920018,0
37.774552481507,2330.158135980645,2327.554443805742,0
37.57798016766031,2330.055071537553,2327.6336347185243,0
28.128733930671686,2329.834128356432,2327.671557880463,1
22.305822519077637,2329.6718695356076,2327.7149621794256,0
24.49752079497283,2329.408441135556,2327.740700906521,1
17.45961692544998,2329.063235424884,2327.7402903144502,1
22.443117344141527,2328.793141823475,2327.752691916934,1
29.88714693243871,2328.5924921901833,2327.7601648415434,1
21.507643642318243,2328.350576597391,2327.7859207908355,1
24.86924998316303,2328.072333920344,2327.817442064298,1
31.648818744563144,2327.855913198371,2327.837865639337,1
26.645078692781823,2327.5627982492924,2327.8505891068194,1
41.73314881142352,2327.429840327949,2327.8912650570846,1
36.56876979645568,2327.2816218480193,2327.915713976516,1
43.49786806310436,2327.11516614248,2327.9644291370655,1
50.71740573716376,2327.0015396772346,2328.0266113855632,0
61.56819163491369,2326.9426062988696,2328.0890641733113,0
63.38700952837143,2326.902096129652,2328.1700534870893,0
65.44800903328662,2326.8956074839725,2328.2181491107835,0
63.8760334345465,2326.807230913361,2328.2557722000174,0
60.96122776566056,2326.740976491988,2328.272000041326,1
52.60660944196037,2326.681125510107,2328.284711884467,1
51.24554248838023,2326.683644819408,2328.3074219859686,1
43.67280264025493,2326.627206213153,2328.3076230087345,1
47.886604938614475,2326.622261153099,2328.315461476818,1
59.84738736207366,2326.728931186059,2328.3342036741747,1
55.80861169355777,2326.866969389508,2328.3435976773762,1
62.96178299164122,2327.0147459498976,2328.3261962075253,0
58.85873635319238,2327.1573598345435,2328.2992723530224,0
52.62168360433376,2327.2637967677974,2328.272777863941,1
49.752000617134904,2327.328157769195,2328.226579992882,1
49.91132109410746,2327.466454560598,2328.1949465677963,1
49.83126915358031,2327.5315704412983,2328.1521306934837,1
56.25670705236024,2327.6124314467397,2328.1288339005273,1
62.89036382724207,2327.7188537458746,2328.0883661315993,1
67.6928547159537,2327.810705088073,2328.0406806548162,1
65.47952084565858,2327.8745939298556,2328.0065207201174,1
69.22110747345909,2327.88697461747,2327.97281070659,1
67.91332735692536,2327.9168022681815,2327.936955289144,1
66.097434496195,2328.0450048232888,2327.898946092442,1
64.57175167346239,2328.2085654957364,2327.890119581492,1
66.76891051859397,2328.472503754193,2327.900234876901,0
73.55933442566855,2328.820312100932,2327.9676677249245,0
78.78168989265943,2329.2379220081793,2328.0435865201525,1
78.3617494439905,2329.576931340377,2328.0882952753554,1
68.58145890681979,2329.799461465921,2328.1208684820526,1
65.79189416249659,2329.9673762026246,2328.1713543376154,1
68.20987537025954,2330.114598308219,2328.231552171579,1
69.48136619443116,2330.348671690466,2328.330651860678,1
69.51005964876238,2330.624893227489,2328.42635776847,1
76.40081343718536,2330.9790071581538,2328.554928463885,0
78.92288379705263,2331.2975461924525,2328.691936429756,1
78.82785969341872,2331.6319134696346,2328.8712447387647,0
78.4699499080944,2332.00230388846,2329.0610076416683,0
66.81394341571833,2332.2417045944835,2329.2216715151703,0
59.77224810280105,2332.448370094259,2329.394734522566,0
57.50831307302053,2332.7265699149066,2329.57989195669,0
56.919023204974714,2333.042984822145,2329.753007759374,0
55.271839344132104,2333.2842593954874,2329.9104284083824,0
50.6819245127357,2333.3866597596943,2330.024676428182,0
50.76321755703062,2333.452361684799,2330.1286989760633,1
47.57837012821782,2333.4393246322734,2330.2508454300932,0
35.94157620506641,2333.3255303751253,2330.3259437437946,0
34.422329860223215,2333.1998180820638,2330.41086501377,0
30.439722079397754,2333.1279044852713,2330.493390612472,0
35.21584979553765,2333.135217875777,2330.5743397614697,0
25.777244503413684,2333.0637897790857,2330.619827729702,0
18.769718362455933,2332.909661740626,2330.6345784159685,1
21.41596163152016,2332.670282913059,2330.6405220323127,1
25.886160862051284,2332.4370931293574,2330.6783026548687,0
22.9387944309224,2332.1767237944287,2330.7292273848616,0
24.23055407103044,2331.9450415568626,2330.7975028484584,0
26.027655911788514,2331.6731118366088,2330.867031545645,0
32.20363019530623,2331.355142505683,2330.9521821586804,1
30.937752902854143,2331.0872237750546,2331.0076565639524,1
36.50924971874122,2330.8665703616457,2331.049790192801,0
36.37516498878648,2330.571109381356,2331.0615479534295,0
40.593349247317576,2330.2986711234485,2331.066577828795,0
38.88227218758659,2330.082407596992,2331.0804475133623,0
34.4935400352644,2329.9615471864267,2331.103776595634,0
41.78365172202793,2329.8290495896827,2331.129055704259,0
41.57033328342327,2329.645193746208,2331.1223411043375,0
39.877601613335365,2329.470788710471,2331.1016310514638,0
34.06481442652296,2329.2774600025077,2331.076876436078,0
22.83838713467911,2328.9691148521924,2330.9934950549987,1
18.657707524260616,2328.626048008834,2330.900476929774,1
26.630328150118387,2328.414192217195,2330.835667044638,0
31.393998543169744,2328.277596545685,2330.7908271872548,1
32.099058561730075,2328.133337545079,2330.727136143071,1
27.005248840690427,2327.968069071169,2330.647528354021,1
28.068876068140796,2327.7609846539394,2330.550195048143,1
22.168239863530786,2327.5409758681285,2330.424891694033,1
32.6621992413821,2327.3979081129464,2330.2980699504506,1
38.834403391941606,2327.306685647361,2330.179687614353,0
44.21069630259666,2327.2654281247405,2330.0830552776983,0
48.10002834959336,2327.173727440501,2329.9994965826327,1
55.17230385460568,2327.148843843488,2329.9341350097748,1
48.52686857633967,2327.022483712613,2329.8297319905523,1
59.75449492171225,2326.877715312933,2329.6920649623485,1
63.45510592782205,2326.758097149184,2329.557058164312,1
62.73625032062907,2326.6943642499873,2329.415198540992,1
63.14093916845156,2326.7116484048465,2329.287981989295,0
67.7018275114513,2326.766631897529,2329.1555184226213,0
66.13104040044936,2326.826986665793,2329.0067495470107,0
71.99289806014272,2327.003621445314,2328.898261795331,0
64.84981836446687,2327.1500359894244,2328.7811432878398,0
53.375025636490264,2327.225689148282,2328.6353147379878,0
48.450217206405554,2327.2811229779804,2328.486082449589,0
46.27486532996045,2327.3633329484173,2328.3587655642436,1
39.830436842296706,2327.3706408597745,2328.2411207940527,1
37.91803955662239,2327.4184012091473,2328.1366108578823,1
51.30607882670003,2327.491120264303,2328.0456099468447,1
52.4033535124542,2327.49914359701,2327.9675152392047,1
60.9467809604455,2327.5634056289437,2327.9251226331053,0
53.83537074537192,2327.579518484397,2327.8637008773485,0
48.59470097578289,2327.6009032498105,2327.7857707322464,0
45.05688004949871,2327.576487803261,2327.739214219445,0
45.618448247583565,2327.616499930314,2327.7124672664277,0
40.90162513660052,2327.6534572041287,2327.685334678777,1
39.01387521120616,2327.6107935993664,2327.626538352315,1
40.233390240080176,2327.5166512141923,2327.551169508898,1
39.437720178995846,2327.391808621579,2327.4666888151814,1
45.451184927793705,2327.3043156846798,2327.40799996185,1
63.90628096212423,2327.3127414778783,2327.389789135889,1
66.57959087396523,2327.353067188198,2327.4045991605885,0
60.064894954014655,2327.4004921789547,2327.3947120147636,0
57.094412555750424,2327.4538718758176,2327.3884197357725,0
46.311578074883315,2327.498409042522,2327.365977617218,1
57.496810373201,2327.607400659072,2327.3687627890754,0
58.50147707239151,2327.7827999206775,2327.369621887753,0
54.00450245114666,2327.886893027423,2327.3597482329783,1
52.17646407774673,2327.940029913574,2327.363544413791,0
56.28604577232621,2328.0265404492966,2327.3898159347345,0
65.19996405298109,2328.045669944763,2327.432406610007,0
67.09427839576706,2328.084108177823,2327.509698207601,0
69.41618844584083,2328.164326484361,2327.601082122457,0
54.99853169208216,2328.169420579042,2327.6413055641838,0
46.752868032317714,2328.181715347576,2327.674114787184,0
44.44987314651734,2328.241586525483,2327.728634270938,0
44.218321607053284,2328.324415594168,2327.769076961515,0
43.66228864882074,2328.3956530532428,2327.805036868619,0
37.876456406532455,2328.396137414038,2327.8087534335455,1
36.923335075323415,2328.411074715343,2327.8132666028087,1
35.376635309231844,2328.3091161266325,2327.7907613275975,1
40.52130213685762,2328.1633803131226,2327.763780035941,1
45.10802757624411,2328.0728163424587,2327.7543475755465,1
48.29260869522666,2328.0705674741857,2327.7571091880513,1
44.8379419952915,2328.0685358380533,2327.7843984673946,0
43.65128112829429,2327.9735446546156,2327.8070945257487,0
41.31457475852719,2327.8920931392086,2327.8232202837626,0
56.270941462665846,2327.9151051344843,2327.848044586777,0
55.03095136254666,2327.951357313982,2327.859427977445,0
47.08099391939358,2327.919132490144,2327.850816171781,0
44.34605244222283,2327.7976797428973,2327.8206838408487,0
42.988064073190074,2327.635383766926,2327.7624031362457,0
54.18308173458373,2327.480326863909,2327.7331984722505,0
45.42399932919172,2327.403371869941,2327.7123786528473,0
45.92622523799956,2327.297962870175,2327.680850744062,1
41.61976045940995,2327.129487764627,2327.635096197422,1
38.63334068297719,2326.9977290244933,2327.619912227403,1
27.129973452341005,2326.8898456220686,2327.5936146337876,1
26.770141079552516,2326.845694860006,2327.550583271827,1
38.32675452621552,2326.7919212312636,2327.5303776565097,0
45.86669337031779,2326.828474412876,2327.49678884117,0
33.39058829507596,2326.790984996457,2327.448366640765,0
35.751756052437614,2326.7424426076254,2327.4109633186727,0
36.30659974694717,2326.602343016883,2327.3674512735,1
40.91740909003087,2326.4584692925455,2327.3211862122866,1
48.2829495534206,2326.348543895364,2327.2851292022424,1
41.90081296326766,2326.2231869955626,2327.2681776422414,0
45.04781766301061,2326.055685279925,2327.26365821307,0
52.53972002755299,2325.921909273785,2327.2714682383275,0
58.85696677556577,2325.838111102929,2327.2643343390805,0
54.09496621305322,2325.7900697922387,2327.211615166593,0
51.78301765165898,2325.7657123926547,2327.127461218028,0
45.91000878162312,2325.6491911213097,2327.0326780491923,0
34.45099930504192,2325.5113380171156,2326.9353651093666,1
37.17225748366299,2325.4762684837947,2326.8719945205708,0
40.40833035733661,2325.438157496437,2326.767398932368,1
33.80701282893962,2325.3489095221735,2326.646356068001,1
38.64525185441195,2325.282036866135,2326.551672169272,1
39.196449420697164,2325.221674905473,2326.463241268586,1
36.42561557509702,2325.0995162582244,2326.359567980081,1
45.47931068541672,2324.9721987983585,2326.2674003826082,0
47.048953502009894,2324.931247272431,2326.1872222786083,0
41.50515630588062,2324.8559923199896,2326.0876296529245,0
38.35299465239426,2324.7948328147895,2326.017616167799,0
38.86002551917643,2324.7234998935874,2325.9379000306917,0
45.84512555391127,2324.674785421844,2325.8584087607874,0
51.01963703278399,2324.622253841599,2325.7873129412137,0
46.6492711500832,2324.488777726031,2325.7009080821854,0
34.83471494686465,2324.326450015072,2325.6435932787413,0
32.185371933741195,2324.090858192047,2325.5362477297617,1
49.47811137117002,2323.9685090452585,2325.4753723340436,0
43.88502614292327,2323.832701166195,2325.3951895592572,0
43.68822321463676,2323.7480069083817,2325.3027542755617,1
45.68751433326755,2323.7077975718576,2325.190257148435,1
37.08256469028016,2323.57755917443,2325.0756038551217,1
32.6265517301737,2323.467399703908,2324.964940952085,1
37.17095131678659,2323.42184847733,2324.8582582032495,1
47.17652112037199,2323.42454877463,2324.7554496253306,1
52.80010504822559,2323.4623640255745,2324.6676439532225,1
55.16914741722813,2323.5671435611357,2324.6187724084775,1
51.97825179003762,2323.573696493717,2324.577807082936,1
61.58193845090888,2323.5709788646063,2324.5614603176805,1
62.36620828185559,2323.5956707948453,2324.533767225299,1
73.04582783422819,2323.6513854134555,2324.5168215852054,0
70.73016183513052,2323.7822527714475,2324.5316159912004,0
76.81381161572465,2323.8692989785845,2324.55433324637,0
74.71192170842099,2323.9524509562375,2324.5692017139113,0
75.47164033353758,2324.128688305885,2324.596445155712,0
64.93484509775482,2324.23573033358,2324.5996074681707,0
65.26012258908185,2324.3947793193543,2324.577390964999,0
62.99334585414197,2324.4610911734876,2324.528419038288,0
51.220951474669135,2324.5292153995224,2324.4904817204833,1
52.6316544606702,2324.646096576626,2324.464215863162,1
39.506841770142074,2324.7101600316473,2324.433383954341,1
43.64970270312343,2324.7803348911616,2324.404350094568,1
43.49221326089922,2324.8738372557473,2324.375058296238,1
50.35984873718574,2325.0046045913455,2324.3708252415627,1
48.47300394548641,2325.0739010311972,2324.3627359258394,0
45.975209428409045,2325.1499432515407,2324.3588575443255,0
50.99712131877687,2325.1948687326326,2324.361475460359,0
53.87863145959624,2325.2865972802947,2324.3764180781586,0
45.40301865940815,2325.322050786296,2324.383995675137,0
47.0473476136878,2325.2939112157787,2324.3916552630867,1
48.84084430272072,2325.255988209651,2324.4146816622197,0
46.797936468643655,2325.1413080497423,2324.397631817579,1
56.21693415084567,2325.072229899492,2324.4079622075924,0
54.775687651611186,2325.049206144628,2324.4493203628936,0
60.38100906221356,2324.9974387180896,2324.4826058964936,0
53.952688923810555,2324.9704908836966,2324.49913385946,0
54.97339135568427,2324.973446553252,2324.5269630830094,0
42.64225497996365,2324.941052152534,2324.5159603799584,0
39.52413118831614,2324.9151335395513,2324.484036227331,0
30.24344215239543,2324.807755936585,2324.4449213098,0
24.77857007596093,2324.7373279054354,2324.4103819905995,0
32.09884856236563,2324.719142489583,2324.4026071329663,0
35.69810772747128,2324.6890291499085,2324.3807557874643,0
39.77519246609371,2324.5870490000784,2324.3567433049543,0
33.131554981074345,2324.424466510441,2324.3370114396034,1
38.56253139310974,2324.2465228604283,2324.326886682468,0
29.879199157291254,2324.009339210287,2324.3288678676554,1
25.16265346955447,2323.7719179626656,2324.2977816451216,1
24.713938501342156,2323.5639085067382,2324.2764786113544,1
34.69206588430217,2323.446809374031,2324.2711762493464,1
30.30084556381911,2323.3191605695856,2324.2592268613107,1
33.989005924395556,2323.210862585916,2324.250953182174,1
41.59372991800792,2323.0852240444774,2324.2550919438195,1
60.347873026434335,2323.0140288496045,2324.286192511803,0
64.94381798542152,2322.9857559717243,2324.307088775331,0
59.376611592235676,2323.0002473665472,2324.3142871958494,0
59.42770727392504,2322.9944372590107,2324.297880562159,0
58.85570617978514,2323.0083507509066,2324.2898220828342,0
63.140650114640884,2323.014602971579,2324.2614858701204,0
56.15294026279607,2323.0379217902973,2324.221821707981,1
56.21163023796765,2323.0358946913448,2324.164185701755,1
58.993501947476375,2323.0131946343813,2324.09498387814,1
54.371692034774576,2322.9478484179117,2324.0121755631953,1
56.713186856319076,2322.9535593715946,2323.9571866710976,1
60.762526492410046,2323.050376777824,2323.905686828379,1
61.19229653195956,2323.125929269839,2323.8829662569715,1
59.2537116389365,2323.2327106905495,2323.864040416134,0
44.700329010787186,2323.31250015411,2323.83834523737,0
40.17089682820524,2323.4172617387603,2323.831697147049,0
48.20207807203712,2323.5320199331554,2323.8255455919584,0
44.51960269005999,2323.6249413247406,2323.8251393785486,0
40.14238748724706,2323.658884086951,2323.8023728604894,0
48.15656615405068,2323.7015256934565,2323.786167318903,0
52.59667415931225,2323.672864331642,2323.753496407922,0
50.7896172647768,2323.5638571405552,2323.703071219075,0
43.99254632569902,2323.429058538886,2323.625933310787,0
44.925739601132996,2323.25976784663,2323.5238402077584,0
33.63933964223176,2323.0824902420254,2323.4081792675265,0
26.85520923732993,2322.9302651554,2323.304771617762,0
25.914899272006934,2322.7894882080864,2323.220052504904,0
24.201658441010665,2322.653565473118,2323.123216607142,1
23.71832775832962,2322.461181450018,2323.02293323825,1
21.119967838063673,2322.3024938474764,2322.9042811423888,0
13.139197033241146,2322.097185483873,2322.7763784067956,1
13.722771508409096,2321.8491434034713,2322.6463687025316,1
28.2401813923544,2321.6466279348283,2322.5534210774244,0
26.520033547730165,2321.464423230303,2322.460431086954,0
19.501304986385392,2321.2408759438886,2322.358274753912,0
26.76605445930582,2321.027474391636,2322.2766334878834,0
34.13450802270178,2320.794770900159,2322.2203515773876,0
35.888620749114764,2320.5728042684477,2322.159329923753,0
32.82528752432016,2320.3523654168002,2322.0556620313764,0
34.106897870076025,2320.1041205053352,2321.952203861074,0
35.15112067340053,2319.842592608841,2321.855713851427,0
33.29670117224401,2319.5810068149435,2321.765687340876,0
30.897456528656377,2319.290707907232,2321.6436073295085,0
31.357905851896746,2319.0312710286244,2321.5326129350933,0
29.385701380742077,2318.791492353096,2321.4160090236987,0
29.07802382477891,2318.5479703731166,2321.2983963643137,0
19.204129172739485,2318.3117738559185,2321.166038297659,0
12.41259991866761,2318.0574980299702,2321.0185515912954,0
14.204747875750954,2317.8161559322875,2320.8650505767987,0
14.307462973265473,2317.6052982095853,2320.7123108084324,0
6.976004001111335,2317.3737340222756,2320.5202604758642,0
6.016794808060979,2317.0879427975483,2320.2872434328615,0
6.788182323391908,2316.7368972007785,2320.048081011117,0
5.9011823017244325,2316.322721756892,2319.7917448861062,0
8.609866295006611,2315.9828655991378,2319.548080693204,0
13.17718849646677,2315.6348138269027,2319.324717830013,0
12.862885016080057,2315.1961893103608,2319.083658585413,0
20.039108412122758,2314.8053147113665,2318.8670979317617,0
18.320811471985508,2314.429760563814,2318.6222884031495,0
30.16865701303135,2314.1162510375034,2318.4195649089106,0
30.26063855107124,2313.8010988066726,2318.194729625458,0
29.88283660704191,2313.4809566853614,2317.937919303891,1
28.152172351173803,2313.173183889873,2317.662509177522,1
27.04546453872716,2312.882837047914,2317.392663478039,1
26.952829266093516,2312.5861612980416,2317.125473481271,1
30.99996884143779,2312.3023100063974,2316.852415671368,1
41.82727266993583,2312.0863063534503,2316.587752865777,0
43.205056234856194,2311.8864439928875,2316.3231526585537,1
42.14053020994963,2311.7063729711467,2316.084046130477,0
47.381823268390754,2311.5617627276765,2315.8564056221203,0
56.00436476276176,2311.441971826439,2315.6279034737827,0
45.38140041908831,2311.3247957146586,2315.3916188625026,1
52.47490175294212,2311.246742854457,2315.175154737345,1
39.73957508200918,2311.1649762184834,2314.953828234848,1
46.98464484846054,2311.1287964318017,2314.7666031691147,1
48.70825918196401,2311.0469484447844,2314.571391145767,1
64.25765707754417,2311.1502318230805,2314.4279560314108,1
67.01822270728144,2311.281849722086,2314.318411631349,1
65.19483335119278,2311.4260905703577,2314.2082520512854,1
65.66701085727254,2311.508764679211,2314.1020732416046,1
63.55427683572325,2311.6235356099087,2314.005269675872,1
68.75163022147215,2311.8195086995174,2313.926065422309,1
69.57976966671009,2312.0788546823524,2313.835399876532,1
69.22206609641151,2312.374363214995,2313.756639471916,1
68.02897679237557,2312.680604985368,2313.701365097863,1
74.58127097268621,2312.9760442053825,2313.631843596867,1
71.53626094173714,2313.1930976565723,2313.5470835683423,1
80.20911834849122,2313.47245579961,2313.483013271019,0
78.39576588252828,2313.7640226699523,2313.4487090317375,0
84.92933178233054,2314.0104471074274,2313.418936262957,1
81.14658269591646,2314.277860375854,2313.4020105805876,0
60.15384937583391,2314.5274956573803,2313.370214399478,1
67.03483154534166,2314.7693181313925,2313.3665988270095,1
67.7654990211666,2315.0664034752713,2313.3678812135067,1
70.7533468353223,2315.3739688412525,2313.3995937643776,1
58.40924811439222,2315.6533053921435,2313.413525153377,1
62.36111458356736,2315.8761490280194,2313.453706100251,1
58.16537032826505,2316.043313989519,2313.5127380151685,1
60.693149847723696,2316.2619030350306,2313.586550892383,1
67.89849249264961,2316.5467282798463,2313.678645269709,1
71.23729596556586,2316.8238382041172,2313.785311348608,0
70.13835541352779,2317.085616440997,2313.9251348796884,0
69.82905588865754,2317.33939287491,2314.076398146184,0
66.29997725536981,2317.5237438219447,2314.237048297937,0
63.75894131029402,2317.7118739618645,2314.3929684429536,0
72.31317493856551,2317.886052297882,2314.5323389852583,0
71.09450712769384,2318.0723225174397,2314.697536851174,0
56.49300582508689,2318.1308205798364,2314.813215618407,0
51.388340288540334,2318.1918729833233,2314.953553999542,1
59.28116293750347,2318.2364045500317,2315.0669976679683,1
48.78354804421872,2318.235678597303,2315.1758424968402,1
49.69818368234859,2318.3257850642462,2315.3081457510316,0
39.081588421223834,2318.3461462213154,2315.4357837595862,1
40.74453439380264,2318.434935422695,2315.588720563419,1
36.503858951926276,2318.4528616023626,2315.746273886106,1
32.91561203710533,2318.526097524002,2315.903040160419,1
27.746343166032602,2318.498430131941,2316.018555611647,1
29.46112106955478,2318.468704230021,2316.1456421100224,1
39.14405551413412,2318.474897142486,2316.293960560918,1
47.80646542383287,2318.4554899518234,2316.4361361593674,0
51.933985517806526,2318.447829820486,2316.5876545462274,0
67.41753364175116,2318.446010915637,2316.7736209600794,0
63.38495174492134,2318.4201586622535,2316.945764469303,0
55.58062366742759,2318.355639007588,2317.1133134135785,1
56.285762619048676,2318.2842173670288,2317.255136817045,1
54.141197380582554,2318.2319813785325,2317.4063521587577,1
66.36356736770652,2318.2234798436007,2317.526836059382,1
60.075739768516264,2318.3207911542495,2317.628792191272,1
67.0088200552857,2318.4654333433114,2317.769291108723,1
71.39832144011446,2318.6628445641263,2317.9286296219343,0
74.7884573757242,2318.8554441100277,2318.068605896887,1
63.990208288482,2318.967448164706,2318.167321537107,1
63.98621541791885,2319.1922177856613,2318.2811290009104,1
64.89553729806133,2319.3941920156813,2318.3966520836934,1
55.989328173305424,2319.5456284805246,2318.4922832841685,1
58.955613823166516,2319.7632683234797,2318.6179298076577,1
61.52891125451832,2320.0348087016637,2318.7552400296836,1
68.85691822639407,2320.3118186444744,2318.8813872479677,1
73.30021538768423,2320.5979415218444,2319.027528101675,1
76.72263406963529,2320.8964151577666,2319.190523379503,1
76.11173890651992,2321.1867645217226,2319.351216204575,0
76.36738075635907,2321.4741866102445,2319.5522973412253,0
74.72296223050469,2321.8006061714905,2319.758279685342,0
70.27153272130306,2322.1690299620627,2319.9543640082948,0
72.42242251627265,2322.54329124552,2320.122865778751,0
77.71323945931408,2322.8908947013747,2320.3013878824504,0
72.63097706099927,2323.183224788613,2320.449666363619,0
66.35786537201628,2323.4485139030066,2320.590872156667,0
71.4930529389594,2323.6238983414987,2320.71408923131,0
66.64622578945665,2323.7568530984954,2320.812679549394,0
62.36172904823459,2323.895108445844,2320.8971139935784,0
63.90021480533947,2324.125258349872,2320.983178300657,0
44.53480867786823,2324.2350924200105,2321.0394088189505,0
33.36948824329306,2324.286016889455,2321.1015613106974,0
28.131765451395495,2324.3968518881434,2321.16627445468,0
21.503854388070494,2324.4348921164446,2321.237465735083,0
12.830098233496471,2324.45075194993,2321.30661180268,1
10.715455885605891,2324.396774523061,2321.387768825258,1
15.042382767940765,2324.2924648502094,2321.4677648484294,1
24.51967180414745,2324.1602720097303,2321.5600703633827,1
30.65893652542448,2324.0217674229402,2321.6656517348297,1
40.97689315694621,2323.9058832358955,2321.784336609885,0
45.943640698303085,2323.77340446146,2321.9291829814,0
48.260401926044636,2323.676075231607,2322.05081993186,0
51.29630058103477,2323.5871936892804,2322.1765986135188,0
52.425104904109766,2323.561906861922,2322.3157116176185,0
52.72242813833043,2323.4868524401477,2322.445035286902,0
48.01091514943929,2323.390720134801,2322.559678518579,1
55.43884467328512,2323.383476030521,2322.6775207865244,0
45.77745174652159,2323.27234463325,2322.739421421965,1
45.89731014060002,2323.168565352815,2322.78540820651,1
57.35001069416575,2323.09158768195,2322.8414090071824,0
55.58246826950952,2323.0757724089954,2322.901654317647,0
51.07859198743897,2323.0482908849467,2322.978622061641,1
49.46229073810142,2323.0207241623634,2323.060877172814,1
42.69313480248317,2322.9914578021735,2323.141256304539,1
41.73085818030014,2322.9703211296865,2323.205348317114,1
36.29071248585408,2322.985259056168,2323.2535559860253,1
41.65099635284449,2323.030284875261,2323.2937054612094,0
45.21126150965416,2323.1063370518937,2323.3374673584894,0
51.361570222524925,2323.1573121238735,2323.3863989403685,0
49.08216567514636,2323.111278536648,2323.4418687586617,0
38.47711338472161,2323.0362300383795,2323.466787882487,0
49.754240638156034,2322.93467474648,2323.4670130241793,1
53.735254580087464,2322.8470973801186,2323.497186173356,0
40.131152213989765,2322.691697456047,2323.4870832706456,0
36.993224723424184,2322.5686202246748,2323.4585598961066,1
42.38290763668955,2322.5017132775356,2323.435636371804,1
47.26195644269113,2322.408886697397,2323.4018988567454,1
45.97086051507915,2322.3896137883357,2323.336700874193,1
40.31451720064331,2322.322619314309,2323.2397501235446,1
56.596384307850165,2322.34009856995,2323.1877737910645,1
55.54291875633775,2322.3926404216954,2323.1384680177293,1
49.16666032727389,2322.450702565829,2323.091291103148,1
53.073826405883786,2322.5383490939107,2323.0589003121704,1
58.78752849749237,2322.6351421640043,2323.0389552895913,0
64.30155018776085,2322.765387529951,2323.0382134136494,1
65.75657966674525,2322.92934386527,2323.045887970931,0
64.53652781574822,2323.0526040997174,2323.065187764497,0
69.91472208117565,2323.114390462593,2323.0804823041285,0
65.75933713076815,2323.123617185014,2323.077802436036,0
69.56630140403755,2323.265827280239,2323.098096330809,0
62.24035474636499,2323.391329745466,2323.1292828126693,0
58.85584991808971,2323.4697908140442,2323.1405225940152,1
64.14828541029476,2323.5195159322366,2323.1462517909936,1
46.44820323275406,2323.5711027068146,2323.1415675067933,1
41.732686022449684,2323.651387462516,2323.138814101141,1
46.94521642313046,2323.738755726646,2323.1724288532378,1
47.618378608479546,2323.828379753515,2323.216264818068,0
52.185383161056144,2323.975456771056,2323.262774778723,0
46.49014486276854,2324.163637188564,2323.2964980297943,0
45.90088772648546,2324.222436551126,2323.314395117157,0
47.5658272348561,2324.2662189062416,2323.3355937956417,0
41.011223573384676,2324.250369914869,2323.3210089764525,1
49.42526519692503,2324.2225830604807,2323.3130560606505,0
33.34400508613966,2324.1414824997773,2323.2707855447334,1
47.68445212293679,2324.107309527467,2323.286396248577,1
51.93572270947143,2324.0505802238586,2323.3098320065537,1
52.07168854714202,2323.9828050372366,2323.3049193671827,1
53.02289550709805,2323.8887848413738,2323.327058387378,1
50.25466576988055,2323.827461097576,2323.3413607339403,1
56.486740936089646,2323.779577300568,2323.3732921782557,1
56.29714383964801,2323.806969647915,2323.421761708237,1
47.09139686761462,2323.826794840509,2323.45192417624,1
53.55464535471288,2323.9153029444406,2323.5040833038242,1
56.941342729488106,2324.0899996119183,2323.5809842306912,1
54.78318654646354,2324.255516292527,2323.652892166277,1
62.59280593987094,2324.4057902968743,2323.7406413495205,1
60.94865583789357,2324.5156544220235,2323.810412636773,0
72.73969122319308,2324.6718325144857,2323.88897296376,0
63.88435185510808,2324.80838428158,2323.9569268928767,0
66.36102485310879,2324.948792799959,2324.0494008224814,0
65.10045928587276,2325.0557603430616,2324.1434059175144,0
61.8945744967131,2325.175717766938,2324.2174261846358,0
70.04436500688945,2325.360517333011,2324.3184240418072,0
59.21989039565442,2325.5563462074233,2324.416645045284,0
56.997961121601605,2325.6793663853796,2324.530694712859,0
56.18404081853275,2325.748939142466,2324.608722352526,0
49.00581998812592,2325.80994408507,2324.6653423222524,1
45.5958600350217,2325.9186160645013,2324.738659297844,1
43.543920530436736,2326.019497486027,2324.8201120026274,1
44.8235864009065,2326.052887238816,2324.8584076458023,1
43.920494531912105,2326.037900560385,2324.879865763713,1
40.05884502424073,2326.1312852802553,2324.9241572620103,1
49.24014928341799,2326.2189719206317,2324.976332434513,1
46.4051885664909,2326.235459079574,2325.0211109969187,1
48.330724470324895,2326.2662640513827,2325.05324277485,1
55.35819974107214,2326.29213931457,2325.0857595292396,1
48.071155541459895,2326.3433863127507,2325.126725521986,1
54.869316582079,2326.3163053946037,2325.169738936564,1
54.709242536522765,2326.3286845223897,2325.238953827827,1
66.51652047949872,2326.3254869667935,2325.2732646971026,1
71.08577633208226,2326.3440248191155,2325.3244839469744,1
74.44944598958146,2326.4718018953636,2325.4182306171633,1
85.04750509568771,2326.537756771058,2325.525720377336,1
85.276736561321,2326.679024535494,2325.659813776756,1
89.51791298611343,2326.8404099453965,2325.806303706011,0
85.7674315470833,2327.0652710284385,2325.9393284732428,0
83.23892232572683,2327.3188480147937,2326.061529626764,0
76.72469526665606,2327.5121393011577,2326.153332309885,0
80.39429846273924,2327.7891722529553,2326.2703260283843,0
58.02034522804393,2327.931414713429,2326.3419989107233,0
54.79481194848857,2328.080932881885,2326.40575135397,0
59.52982707256141,2328.229683588931,2326.515882731635,0
52.07802678534739,2328.269409142098,2326.59506286716,1
54.71226283408289,2328.3485956823993,2326.703956269968,0
51.35543034521908,2328.3974822504615,2326.769311864048,0
44.35295181506281,2328.424278518857,2326.8352388472395,0
45.741026784509266,2328.464138453862,2326.9192588886363,0
43.37054022069907,2328.5113453860513,2327.018763154435,1
33.301458552284075,2328.4695696451518,2327.0957972468573,1
31.294813431636996,2328.398473141655,2327.1208230335374,1
34.44721400195952,2328.361780472874,2327.146408276958,1
39.33386021063383,2328.291127905081,2327.203963842992,1
41.38870581885376,2328.2645574305393,2327.2654221717758,1
57.77086802340212,2328.2772426341808,2327.334710985661,1
56.66332714516827,2328.247315219651,2327.4030232768605,0
60.68822372177954,2328.323669668439,2327.5064802218685,0
66.97017281911305,2328.3882502222777,2327.6105679468656,0
61.37886082767886,2328.4577309818737,2327.6676916968404,0
61.587787772885626,2328.4511138405805,2327.7274178519847,0
54.19732606281278,2328.4655461123702,2327.7487002356875,1
56.04430051209053,2328.5477450801823,2327.802545248819,0
59.49517223903722,2328.648098688471,2327.9048351002484,0
63.109373757823995,2328.762386716552,2327.955810620576,0
66.0575913309222,2328.851568176393,2328.0220450575553,0
64.085782349852,2328.971804595861,2328.0862871482404,0
59.124502452168244,2329.068379023852,2328.163014799794,0
47.93648056633541,2329.0569117321656,2328.2180459474744,1
41.051971195503974,2329.0291078592936,2328.2629598723515,1
41.11329726634022,2329.0698350439575,2328.31593227003,1
27.559144925014166,2329.134082800572,2328.3533012582398,1
28.731248198853038,2329.168225770295,2328.3985383609224,1
38.916165686316134,2329.241591817631,2328.4480864579423,1
39.95454840120262,2329.2329087332787,2328.4709968968336,1
49.70043966413537,2329.1637374651145,2328.5060223398773,1
45.00160072036765,2329.137330823106,2328.5514499855494,0
38.172846985117694,2329.0329603859545,2328.602808650423,1
40.09145700715659,2328.903033821032,2328.634426950178,1
41.991187266263786,2328.81546908241,2328.667357171963,1
45.149584943022774,2328.7751515312316,2328.706004655521,1
44.25389878370896,2328.779968930764,2328.730493021276,1
62.82103012802598,2328.7710471303985,2328.773354173332,1
70.04425190462351,2328.7555984066794,2328.818353704775,1
67.11326946181103,2328.7518587702953,2328.8414514202714,1
70.56212992912324,2328.7649813061803,2328.8564277658297,0
71.81927992860666,2328.7999706705677,2328.8701114383093,0
62.93066871707632,2328.8515495907877,2328.8775262247336,0
66.9800149651143,2328.992597146086,2328.8875455999914,0
66.95396955802505,2329.1485892305873,2328.9175398441234,0
54.541305369151225,2329.2587077651615,2328.903746474912,0
54.09882835044313,2329.402729202014,2328.941827053674,1
51.533691846386404,2329.493836299712,2328.9636997280527,1
55.21817989234369,2329.565330725135,2328.982345312424,0
49.72477347758578,2329.6221004163403,2329.0120734065313,0
54.419287401093875,2329.66560097025,2329.0328244550174,0
54.898078132672005,2329.7349178597487,2329.0864242292646,0
50.41888439010554,2329.8019242980477,2329.153866962099,0
48.578794418894,2329.8503287205417,2329.18890305685,0
42.98524500810892,2329.854281395279,2329.2045315756536,0
37.07338555463996,2329.8123603656645,2329.2431209437264,0
41.40588201342352,2329.831359152885,2329.3036474257683,0
40.702841906311036,2329.81414837227,2329.3543013330905,1
36.68751249818165,2329.7059499432607,2329.384282520047,1
37.722762092973625,2329.5799743450452,2329.3676181860733,1
36.667410897904574,2329.4575152822986,2329.328536825077,1
40.18920866041235,2329.302090686653,2329.2920216251105,1
46.947897699918634,2329.254779292759,2329.249970074462,0
50.245741631552384,2329.1896674913005,2329.2081125076,0
58.58427386524802,2329.1905955778975,2329.2106856825326,0
47.769481894235966,2329.2034250476763,2329.20467095775,0
39.79304973894387,2329.1349595472334,2329.2095924276196,1
39.665929024618414,2329.06569633814,2329.170880231236,1
48.357140484316,2329.0064302062387,2329.1256779195314,0
56.87845668279714,2329.044256580931,2329.1248213522827,0
52.61638997133991,2329.0572471948103,2329.115096062385,0
49.780810119009146,2328.996924010962,2329.096471995305,0
48.689074284877755,2328.8699863248444,2329.074509882496,0
46.66526543744447,2328.7137620016247,2329.0516431646333,1
48.126821891645996,2328.626870809148,2329.0436367555963,0
49.39833947264341,2328.5728725403346,2329.044335942277,1
41.546690831363144,2328.5035080274947,2329.0514175165367,0
37.578714603216376,2328.36380926057,2329.0325347292,1
36.85456420424964,2328.3234328531057,2329.0170189342366,0
38.566806762254146,2328.3096105555433,2328.9982989149794,0
45.5843009769883,2328.3058699787703,2328.9853898305396,0
44.46748418116171,2328.2512213484197,2328.937577835236,1
38.57917531427609,2328.1026630749857,2328.877851150074,1
30.538527388920002,2327.9642956335388,2328.8326172326033,1
34.88055278663485,2327.7664410877064,2328.7910744846513,0
37.38689362729233,2327.6215878275275,2328.743245476269,0
45.042603350704084,2327.5594439846127,2328.721382449159,0
48.42431666366386,2327.496882728758,2328.66121447058,0
45.28168806452777,2327.3946511858626,2328.5812990312047,0
44.57346990520561,2327.2267258867187,2328.5147681988515,0
45.98862194755721,2327.099354673101,2328.448845409153,0
55.298941718199806,2326.9932999093658,2328.373803690824,0
34.67561738291681,2326.883075871083,2328.287120394614,0
31.0470345403768,2326.7926054366008,2328.171646480839,1
19.894729564836425,2326.5848278067715,2328.0181321860696,1
30.592689180476214,2326.4008307452177,2327.9011851343,0
37.27863070691785,2326.2495204647466,2327.79013402163,0
40.736442119951754,2326.187954457411,2327.71018199228,0
40.61617219272069,2326.0730617813,2327.620111356703,0
32.61368573216086,2325.892978606003,2327.5066501908445,0
27.271674042516764,2325.650481954042,2327.379342224056,1
31.015346403895393,2325.472984374994,2327.232804441334,1
30.64379575406737,2325.3085285236425,2327.0804928403118,0
29.37447655457929,2325.1235077655156,2326.941888850593,1
30.20077503239662,2324.940160686783,2326.8254262012533,1
29.83775886366847,2324.751093734628,2326.718738823854,0
34.25549682732672,2324.5470767014135,2326.6076694685703,0
36.6186490453783,2324.362717873127,2326.480642270922,0
53.27180307284471,2324.2097445800673,2326.382816885927,0
45.83236847260357,2324.0349901153218,2326.2967745069623,0
33.700896350840026,2323.797742779887,2326.184936408188,0
24.23168345850067,2323.526761675247,2326.0636720862617,0
20.585852413452557,2323.2927704339095,2325.902316851074,1
36.85156115167922,2323.1512512941904,2325.7562800019955,0
42.374831518734204,2323.0966121619695,2325.580538819698,0
39.685242813508694,2323.0018257205966,2325.4205454034677,1
32.185404578060925,2322.8239864418433,2325.2657447794736,1
39.50228125941241,2322.643824455034,2325.1414332390377,0
33.8751244691134,2322.4253127835664,2324.9876643876337,0
33.393281104740794,2322.288124766449,2324.804197465052,0
42.456319865794775,2322.251212492078,2324.656928342963,0
48.177035391644935,2322.2278341342458,2324.5251684906475,0
35.86717424541716,2322.1339048943937,2324.3860602681316,0
31.81354218689971,2321.9781051736127,2324.2476261193883,0
35.62170912345832,2321.804976346711,2324.096668416278,0
34.19389721930877,2321.582871826907,2323.922738538483,1
39.01630313434285,2321.3818783583865,2323.759017600927,1
33.41885210572889,2321.2081380257778,2323.6183737770057,1
34.60297169341048,2321.0017326444845,2323.454136802479,1
32.96723046796254,2320.7842884002735,2323.2866456448546,1
46.69059024373517,2320.6897254655946,2323.1384786029175,1
54.77627590654193,2320.7397062405485,2323.059066043113,0
56.32690358789893,2320.792482274207,2322.9782445307624,0
57.8930474270089,2320.819619766267,2322.8984096550867,0
53.064996387871304,2320.8523446719873,2322.8149002534105,0
49.876374142999154,2320.8821280319285,2322.7247614852286,0
53.48176349288036,2320.928575110151,2322.613397229689,0
57.025952602398306,2320.900204165281,2322.5027618136464,0
51.6675589695279,2320.8524874159507,2322.370798879669,0
59.43132342933673,2320.8249813820003,2322.2434996631646,0
53.96571849116546,2320.7174810458464,2322.104178892061,0
43.1135928328277,2320.486498462445,2321.922447911879,1
44.31073597595221,2320.3384403697755,2321.768206067609,0
46.65942804516385,2320.2596322352624,2321.634436838853,0
44.93607818007428,2320.23726343881,2321.5576426690936,0
30.985940253029455,2320.2783291628357,2321.47373790553,0
27.589217050845576,2320.234306073104,2321.35293184427,0
20.799023756024994,2320.0994053951445,2321.182954152099,1
19.112319847062537,2319.9291104310505,2320.9965562623784,1
18.60665865925776,2319.7620808973943,2320.834286561411,1
25.23241525979533,2319.5631223855667,2320.703534775528,1
27.345998566784473,2319.2501052873276,2320.5699144080463,0
36.17613244686082,2318.9935791179623,2320.4522647684903,0
30.81509128067185,2318.6699380564323,2320.316981771453,1
36.64167914933475,2318.3810108765547,2320.191240329319,1
47.98771741389002,2318.131310737352,2320.0768482863177,0
39.37158103848326,2317.834164052402,2319.928232170084,1
44.74255939188634,2317.633320800601,2319.811002984636,0
39.780992274764984,2317.481639779092,2319.6795569592787,1
39.8625222646753,2317.3294309367157,2319.5612759917217,1
41.69354651239288,2317.16341322897,2319.4504470716947,1
55.178381594642545,2317.151537115747,2319.3723580880787,1
53.179502864974005,2317.074432580531,2319.2808709262576,1
58.698996554330385,2317.0321421773483,2319.186793192116,1
58.30840870111514,2316.9688091531457,2319.106521465564,1
54.26611243190494,2316.851584535933,2319.013641431665,1
56.89642589611082,2316.872841806549,2318.9724739901526,1
63.13587354417414,2316.992547282003,2318.9224432828864,1
62.277286705061435,2317.1671873572423,2318.8933060918494,0
53.64931768621731,2317.305746897495,2318.8413354138293,1
68.11099776994524,2317.491289269828,2318.799565486628,0
59.25252369669037,2317.628204201844,2318.7300624350855,1
61.76465956182235,2317.7607670512466,2318.7030096312315,0
56.899721660167366,2317.90653235416,2318.688352643672,1
57.804488829012534,2317.988927529584,2318.6648208024685,1
56.43398694095552,2318.0740333006265,2318.6733128758055,1
63.970328101655326,2318.280970544673,2318.687869044599,1
56.67608191651958,2318.384151705105,2318.681408456367,1
57.42896591674287,2318.5272134126285,2318.689749266536,0
63.86691571318444,2318.696392559802,2318.7261176555335,0
54.82711069994872,2318.862649415119,2318.7196166515046,0
58.70591380347634,2319.041842293663,2318.6932125093253,0
51.977600688676496,2319.210194960247,2318.6479560006737,0
54.94190837310665,2319.3202730427847,2318.587054502723,0
49.73599832204346,2319.4166869312494,2318.532258369269,1
51.07186098135482,2319.517924865453,2318.4679601650746,1
48.21871555646507,2319.5503806191073,2318.421196193735,1
53.134245050785815,2319.583218276705,2318.395648927456,1
55.06832678571597,2319.582417259094,2318.3852780291068,1
55.232995047986584,2319.675997094841,2318.381741698966,1
49.95737892421012,2319.6757332987613,2318.382866387794,1
57.41448307224612,2319.733713423043,2318.428948419325,1
57.64998110234754,2319.7965569651133,2318.4862562693665,1
56.55910622082604,2319.930818824302,2318.5568272792875,0
65.5295242742139,2320.1212809272374,2318.6184277978396,0
51.46267234272801,2320.2342256843285,2318.655671484403,0
63.50832485418747,2320.3270600358933,2318.7249706297143,0
61.632997456591774,2320.435605805783,2318.815888620623,0
51.27042341880748,2320.4492760897197,2318.8978155300038,0
55.92456323341701,2320.4182788999997,2318.9885968565754,0
49.202766090828746,2320.3886280391675,2319.0498189129444,0
52.05036705081115,2320.326655983345,2319.123832787732,0
56.72836661720001,2320.35553965104,2319.192740213905,0
44.2115931019436,2320.3333091725895,2319.252402949186,0
42.019619799277706,2320.258786487592,2319.2833686136837,0
36.41042897843653,2320.1600149871056,2319.279441864976,1
29.312955318062052,2320.0321855521283,2319.300404793626,0
27.38630536479816,2319.9129201007936,2319.3074886475333,0
21.971396967593805,2319.7914460963293,2319.3092005560015,0
23.068200156606977,2319.6130857006942,2319.295203604557,0
28.046719202700203,2319.4958667978376,2319.3158478153405,0
25.063115201658007,2319.277191965325,2319.279210359156,1
34.40216426099562,2319.0621331334537,2319.2813364905355,0
33.22714293787078,2318.793675321455,2319.2614405369304,0
35.33719335640518,2318.4906524574194,2319.227165119549,1
29.864504663259098,2318.2125022439636,2319.2000385676147,0
33.655444242176046,2317.9750758517084,2319.1658642477782,0
35.420949640426386,2317.723550271221,2319.1082898163095,0
37.93178777674154,2317.5237507447137,2319.040440884992,0
45.90220824358545,2317.3479170181313,2319.0054649048298,0
41.58251916571387,2317.1438149882997,2318.9108292003334,0
36.46382170639295,2316.871292322897,2318.821068036153,0
36.73674346066185,2316.5602610977667,2318.7125378325127,0
35.88927115137379,2316.289868320706,2318.6057373358044,1
26.796144811778362,2316.019983974379,2318.495791191602,1
31.81838173143963,2315.7944965884067,2318.367627180088,0
27.750511040026353,2315.6134976267635,2318.233415626462,1
28.33064771949337,2315.400582927251,2318.1140611363917,1
35.801097482379305,2315.2404967994435,2317.9945139107276,0
34.28566005153466,2315.064090729957,2317.8422828726193,0
20.95022443197793,2314.785600708979,2317.685028332885,0
36.41124028322885,2314.676358791133,2317.5330169581443,0
34.38027185415339,2314.491323672441,2317.393787975413,0
28.22587307584766,2314.2756236051914,2317.243580761893,0
27.943026288307635,2313.9933657406755,2317.0578366433197,1
35.73965934992587,2313.7752065478207,2316.902951240562,1
35.225570805623065,2313.4816796501586,2316.738383860199,1
36.968381820091196,2313.2272435029654,2316.565899906814,1
38.96771974870198,2312.96596983252,2316.393861914363,1
44.86271465887834,2312.724116331387,2316.2247125994486,1
41.30466487119746,2312.5395217476103,2316.056344579873,1
51.89279677786106,2312.4854852418052,2315.9217767636583,1
48.49795639190578,2312.4427263003017,2315.771005566588,1
56.161066521156805,2312.477905350864,2315.624571946429,1
64.28248710212469,2312.5779176665915,2315.4784458873432,0
57.88090574419723,2312.690466596031,2315.350123544769,0
58.252978037695605,2312.7535534327644,2315.2040129852107,1
67.21784593760057,2312.8436275377157,2315.0772698291644,1
82.36928961168292,2312.9109685441363,2314.9791908924944,1
74.4315271800392,2312.9953164199383,2314.8730978805943,1
78.06833848663085,2313.1363947407967,2314.784135013537,1
83.20329399900618,2313.2498674445574,2314.7023015426294,1
87.54932713912743,2313.472456382987,2314.6405546681917,1
87.36801629575767,2313.7816565745134,2314.6229197226626,1
90.48715986710685,2314.235049311166,2314.648341772749,1
83.18839302851157,2314.6202629412182,2314.687050422207,1
84.02429925404016,2315.047204041939,2314.744391256123,1
84.40207789665303,2315.5378343124057,2314.815865591459,0
76.92251342309717,2315.9989793180175,2314.876875203038,1
74.10054473955803,2316.4001830037605,2314.9395515206747,1
80.70846563645712,2316.8780840733352,2315.009231490072,1
74.64571896127448,2317.2232190375257,2315.1001875925385,1
67.04264523148508,2317.509358377448,2315.149895664186,1
72.65115645530331,2317.814145589637,2315.232760053702,1
74.32323129546464,2318.1345937365095,2315.33602239898,1
73.03683955933859,2318.4737845859513,2315.4546364815646,1
68.81946817657567,2318.834625844648,2315.5478329823864,1
64.64459716332865,2319.1646475659786,2315.653708747068,1
59.99826328506551,2319.4855432930126,2315.7639079118144,1
67.77651519412022,2319.8925347402683,2315.8909449694493,1
66.58366911719627,2320.3024152779312,2316.047575129389,0
68.65819753121696,2320.7495259871534,2316.2535950083316,0
68.64992188297349,2321.0779211073877,2316.4476186720403,0
71.13317487421799,2321.3713542246346,2316.6555140842347,0
64.47206359141737,2321.57535460772,2316.8704900260855,1
63.861786172595735,2321.7611242975267,2317.0737015058553,1
71.13098840361957,2321.9126953479313,2317.2640703445904,1
67.69315363360658,2322.0274187900586,2317.466599936582,1
65.18250382650854,2322.198964772703,2317.660262392342,1
71.00639076815416,2322.4767524469867,2317.9046162074865,1
72.55222814938065,2322.703602629586,2318.176432258315,1
78.05302669036658,2323.0154622385644,2318.4358289715105,1
77.63404932886098,2323.3836108187006,2318.7068105226895,1
77.82671799900322,2323.757762359909,2319.025615555589,1
81.35723125744455,2324.1799813435423,2319.4106686401265,0
78.80071400374547,2324.606158922655,2319.787017431498,0
78.17997075613881,2324.9944585713356,2320.1529445508572,1
74.88460223347332,2325.3783469993296,2320.5141501456133,1
77.69454094173209,2325.7622348444993,2320.882413916606,1
85.67981381933116,2326.1011903327826,2321.2417745700072,1
87.54736937158606,2326.4585401813956,2321.615182502903,1
87.59034522171676,2326.747619566568,2321.9584487382367,1
87.05113964816302,2327.0728960278166,2322.299686563046,1
79.00034376817266,2327.3735117815895,2322.613756656525,1
78.87131153418373,2327.70509541252,2322.9213611244572,1
80.22376587308001,2328.154284199477,2323.2592285472333,1
81.80025604373711,2328.6503934799703,2323.6228063634726,0
79.87743986914157,2329.151197746383,2323.989628020049,0
76.9635406824388,2329.6722154825507,2324.3647611677075,0
72.57396572515692,2330.0915725704044,2324.743118667673,0
76.56483757063897,2330.4720203536262,2325.1106825034467,0
74.873516253959,2330.7765512605256,2325.446502497898,0
73.01331836894174,2331.0734269326626,2325.74719874256,1
68.12121472323042,2331.286300144913,2326.027472983749,1
69.86394585200597,2331.451566375366,2326.2972754658063,1
64.82445067837453,2331.576576263873,2326.56954276056,1
59.667066627114345,2331.7091836443487,2326.817736391821,1
69.83079451574768,2331.9414463128887,2327.075594945806,1
66.0355602623056,2332.1443766000575,2327.340572829422,1
60.134141114967015,2332.3351881041062,2327.615776610146,1
57.676590564252514,2332.5161155157693,2327.8703950798763,1
48.70112150352361,2332.633167295426,2328.122428041397,1
49.75411308110343,2332.7993590292126,2328.4156868237524,1
54.65562193444477,2333.016483462264,2328.6946918055755,1
63.330677685925984,2333.2798977253406,2328.9794827199894,0
63.715643501560855,2333.4419436166286,2329.2464921595038,0
64.74463769819755,2333.5671573953987,2329.515818983773,0
67.38573993118526,2333.672557246383,2329.7927918922105,0
64.28276955314946,2333.7473299601884,2330.0694758345776,0
58.51026334174284,2333.778760645207,2330.297609029649,0
63.559061126154845,2333.8349553912167,2330.5236985487604,0
46.909874861583475,2333.8640029849435,2330.6922932970137,0
51.09525574671734,2333.9123954064294,2330.880988462176,0
41.05404396296044,2333.8925220988026,2331.035940133416,0
33.14798048478124,2333.750254328178,2331.1672353539893,1
40.44568569107874,2333.659741442919,2331.328989618717,1
32.45304336241986,2333.5794638881007,2331.484443807889,1
26.35954752299392,2333.381968923184,2331.6174149990566,1
24.600311746742662,2333.2533627923535,2331.762332037282,1
28.14447111883672,2333.131720571926,2331.8777638601214,1
32.60295820048694,2333.0269090463303,2331.9997176465745,1
31.961494952291147,2332.9609155625985,2332.100609371011,1
42.918932582168566,2332.952687875843,2332.2433176466093,0
45.49739634563747,2332.8947948730483,2332.349504810831,1
51.13856778087346,2332.844346331752,2332.4452287152735,0
55.98016378322282,2332.8186120263413,2332.531473400979,0
49.0826168177105,2332.722732273435,2332.6071284646123,0
58.25633696717775,2332.644592240159,2332.6992899885427,0
67.91196393820059,2332.5684871695667,2332.7919767646044,0
60.26109472919496,2332.5085138163477,2332.860538423075,0
58.53961126645186,2332.4072182368964,2332.903169770961,0
63.16983678454045,2332.361993308178,2332.938042793658,0
60.15598027236142,2332.316424929222,2332.9784000227387,0
48.08957123849929,2332.257175983932,2332.9894058143527,1
48.78156783947507,2332.314115370114,2333.010843337027,1
47.63026048829645,2332.3185328886857,2332.9946890944007,1
31.40776051973937,2332.29155404609,2332.9409080343366,1
37.884914705776886,2332.3417321884967,2332.893628775902,1
28.10928771707492,2332.340131786884,2332.8294985590155,1
35.33952540599395,2332.3740729676497,2332.7907640190197,1
43.1480957473364,2332.390648631113,2332.767168957569,0
40.56030592573749,2332.413813397351,2332.755514225741,0
38.18192640120432,2332.323683818034,2332.7434204007577,0
45.249049367841636,2332.277043303562,2332.7458020742906,0
47.699360304223376,2332.144081716763,2332.722234851832,1
43.83607623225372,2331.979471868018,2332.6926316426366,1
45.2300806717621,2331.905438799976,2332.6856305268634,1
58.13075604631646,2331.806312268446,2332.6452363707654,1
52.148762477466335,2331.6959379403806,2332.6126013007342,1
62.22715835952325,2331.6711916783315,2332.594939852765,1
73.86291124701229,2331.6787791230577,2332.5682352138765,1
69.53078820870556,2331.687955830529,2332.559958207699,1
63.032105223497,2331.6591566449324,2332.5223190690267,1
57.63281406691389,2331.7464135880105,2332.481377864651,1
56.926970950891004,2331.8055387894947,2332.4210997626888,1
63.210154609794124,2331.920474915203,2332.3861016138303,0
59.13578516506704,2332.0655157868073,2332.3402513909004,1
52.034581225817846,2332.15460131757,2332.286446404377,0
60.57439383063146,2332.2763170634744,2332.24109340033,0
70.24500635839587,2332.3594746984427,2332.223049640314,0
57.97089558958398,2332.3888655178444,2332.1887330082204,1
66.05701320818056,2332.470579080073,2332.198144663793,0
54.11681893464362,2332.490463817365,2332.174647765132,1
52.59301575744019,2332.5224114343646,2332.1977578085152,1
46.73579431366789,2332.520291820277,2332.2302498486715,1
54.89747144055249,2332.627706650399,2332.2798177256286,0
50.95369956060564,2332.6489411265384,2332.313421422238,1
53.50409770123515,2332.7220451424105,2332.381266858456,0
51.9877281891121,2332.7905410779595,2332.4274726149765,0
47.22159861378193,2332.8007977172683,2332.462570710902,0
50.15020984506593,2332.8230252871463,2332.4866817102024,0
54.3872508280648,2332.869927513568,2332.5235629880867,0
47.806757766789566,2332.904639700355,2332.5030997988315,1
43.95106482740296,2332.8894907807753,2332.4792562277426,1
49.69520498150877,2332.886332939294,2332.4378944057053,1
38.683000562950674,2332.778850374394,2332.370196953051,1
42.114906821079835,2332.671163799247,2332.319624001225,1
50.930850089285904,2332.70341738105,2332.309976460733,1
51.97344227428843,2332.6652649483035,2332.2798045118248,1
49.401434620680185,2332.6629361070927,2332.284818556612,1
53.09509391649992,2332.6734179601817,2332.2952128975344,1
50.61779807903872,2332.6519994563528,2332.3141471230624,1
53.47603164557238,2332.724693202884,2332.3379550745963,1
58.8135194298307,2332.811173828691,2332.4193569464196,1
57.37849621456434,2332.940252782867,2332.4807048137727,1
61.263984214197485,2333.0734555819326,2332.5817868029276,0
62.588743306084616,2333.2448689074913,2332.694747366799,0
66.8651721024801,2333.3795610235193,2332.796398392465,0
65.87893933658684,2333.527329591236,2332.9023517367173,1
68.84562374283112,2333.644883536949,2332.9708949386218,1
70.4629114404321,2333.7435867262034,2333.027856948239,1
61.8040679578171,2333.8234744418614,2333.087427405891,1
65.37092944513614,2333.922253335887,2333.1425276059726,1
69.60393262337293,2334.1513006975383,2333.2289591853328,1
67.98021777864784,2334.3208189176407,2333.3085892860563,1
69.84649324597929,2334.605807834615,2333.42073133969,0
70.36718988348085,2334.9484243078427,2333.5368182043717,0
67.11566084123035,2335.168858817524,2333.654995080364,0
63.1499497351489,2335.3934054836345,2333.758791529126,0
51.00951644012205,2335.541309825259,2333.8328658153832,0
51.3749673620713,2335.6919335056637,2333.9004746505766,0
42.41731819471371,2335.750765728998,2333.9392710824504,1
37.79779785989916,2335.7432851076774,2333.9716064596946,1
36.719068098897296,2335.6313471563344,2333.973330373749,1
43.70605003593251,2335.5812543581915,2333.9909910412516,1
45.52410779404543,2335.4763446701936,2334.0041347049237,1
49.83285562292877,2335.426447408733,2334.03912001557,1
42.488227017194994,2335.3907346087913,2334.090851708954,1
46.26436370349174,2335.351889436494,2334.132580685925,1
47.49708649712591,2335.4163502022793,2334.1936451401566,1
41.339868905060676,2335.467815352035,2334.259436881915,1
41.904015577698594,2335.5170867480356,2334.306030473076,1
48.54807263554383,2335.6135253388743,2334.3917522145766,1
46.40770091694448,2335.5594786018205,2334.4437860523153,1
58.9726077648947,2335.6628403675563,2334.5656087049683,1
66.94066215098172,2335.720167785078,2334.6577157935617,1
72.68902810576336,2335.748916388097,2334.776808308995,1
84.26286239548061,2335.828494597762,2334.897574862505,0
83.6903759497459,2335.979279382903,2335.0342868511034,0
82.85010301766737,2336.1623175016343,2335.1774737291294,0
81.78993889413073,2336.3712794898584,2335.319776331662,1
70.18468291371806,2336.591505188123,2335.4279021522725,1
66.48878718166978,2336.8296108723052,2335.5415949284743,1
63.60685626366979,2337.1477040257478,2335.6766156717376,1
68.69794871733095,2337.4297178926254,2335.8083450225845,1
71.6250363242138,2337.7358398938077,2335.9869305126895,1
68.9834099223681,2338.0057028887068,2336.172935651354,1
68.58208097832865,2338.196521145007,2336.2880932145363,1
61.70419648927432,2338.422929913604,2336.435646672045,1
66.72980297652094,2338.648355042764,2336.5878127144247,1
68.92116755550433,2338.934140461067,2336.7637258822692,1
64.0754272878035,2339.209113746321,2336.9288761890634,1
64.51750372578178,2339.4959801205373,2337.1002669816385,1
73.16780038314658,2339.972851283148,2337.308457034098,0
73.1388760669743,2340.330464982491,2337.5216935848175,0
74.16598130862374,2340.6344665836323,2337.6821201942416,0
74.0049195278782,2340.909337204769,2337.842595627906,1
74.20827800532918,2341.1589517446514,2338.0093311509577,1
65.50594302379034,2341.307775898777,2338.1464653741195,1
62.90500395212331,2341.461853055123,2338.3042615363993,1
64.43146656299234,2341.625938499958,2338.4727170411634,1
74.46098875178252,2341.9115947556234,2338.663150277777,1
74.9040640827264,2342.271917436645,2338.8814605687776,1
73.8823967821952,2342.64613510069,2339.0745494329985,0
61.90778786126129,2342.916089890753,2339.246453411829,0
64.7231552462409,2343.1740401759375,2339.4142234492183,0
63.96276041149838,2343.4650310388934,2339.579578343774,0
54.85036488457214,2343.82175113747,2339.7492501425145,0
47.78266104172084,2344.0669931337698,2339.905081732099,0
49.6583001165713,2344.223720599854,2340.0607770242627,0
47.629398850759245,2344.2978453722435,2340.206090628901,0
39.37664995213613,2344.2979151538866,2340.3477359590183,1
43.88325502223881,2344.256092887398,2340.505390093526,1
40.839329980756816,2344.0452013169315,2340.6739986983366,1
48.71213199986189,2343.934715877098,2340.8630781923803,0
43.1034799988373,2343.8699490273766,2341.039561937115,0
43.04307674049572,2343.880383705872,2341.2241701467615,0
35.830550945852224,2343.803035383368,2341.3742514607884,0
39.848422920398406,2343.7686756498592,2341.5131798594657,0
36.23907040930972,2343.7314157083956,2341.6302877388457,1
30.65023474409442,2343.642616142975,2341.7426373575395,1
28.474214554528487,2343.4755236805695,2341.8465250507907,1
31.894022565837915,2343.247305387672,2341.9349725882967,1
33.33103894235886,2342.9751473836873,2342.0408169457455,1
46.09466516818869,2342.863701283044,2342.126797778024,1
56.298933837471715,2342.730542108696,2342.2183731786654,1
58.12320546168166,2342.588342821424,2342.3153489171045,1
64.21678082159862,2342.457491950042,2342.4008490834267,1
56.477640738168674,2342.420355018799,2342.481511986458,1
57.00372959946011,2342.4109735645693,2342.5602394494367,1
48.041722427678984,2342.4354351662614,2342.631752899462,1
60.32109580124399,2342.5471697479143,2342.7300017829352,1
70.7442081374674,2342.7052930935806,2342.8556629820364,1
74.2867004192631,2342.9403788516424,2342.9910686286944,0
80.61949820114285,2343.0608364474656,2343.115525614316,0
86.6007212413292,2343.218758668653,2343.232729447053,1
86.84884428969062,2343.317147377084,2343.3487479421124,1
89.4584263934496,2343.4796548684803,2343.487504950178,1
80.03964549154307,2343.644425008055,2343.601777897246,0
76.57597502130014,2343.7980534270314,2343.6901670925527,0
79.36467083577082,2344.0416612067347,2343.7856456558065,0
78.00584086979075,2344.3058538597234,2343.8852210961513,0
76.34316639983632,2344.584175849304,2343.970250879803,0
62.77875642936199,2344.813965447132,2343.977262611339,0
62.87293794783243,2344.9571805457335,2343.9774840033215,0
60.113141455942824,2345.075613996768,2343.9948321439197,0
47.16696589550169,2345.141701285867,2344.0082945495437,0
37.917727628615346,2345.1870690004603,2344.0120959857504,0
36.81616452983624,2345.1907643683508,2344.0347073742873,0
29.33635127201758,2345.2009750498064,2344.05588824731,1
31.82779354866061,2345.2288757065135,2344.0729277820847,1
26.91301876791256,2345.2118735465274,2344.050113299297,1
27.218843838705737,2345.1326511572856,2343.999956470293,1
28.850841828647845,2345.011474211816,2343.9372042731447,1
27.08389247499474,2344.947285182621,2343.9280037310637,1
28.930545348833206,2344.862651172551,2343.908173845698,1
24.82954858357411,2344.7593231418055,2343.866464783277,1
35.88032366487131,2344.6706004794523,2343.827044686971,1
52.254701062283765,2344.6691207079343,2343.8426289269123,1
59.26732891614536,2344.7115750008766,2343.8853088529618,1
68.4764160752028,2344.7222771522534,2343.9554183678106,1
71.09880383324767,2344.7583060647567,2344.0693774604997,1
78.7134645950064,2344.8465218385745,2344.206422460274,1
80.73801918586052,2345.035651395324,2344.373442642696,0
81.52388413978628,2345.2598211236227,2344.5075261019315,0
90.38092293494,2345.5363891368556,2344.661408187711,0
85.10943945914299,2345.802856845655,2344.777283805457,0
75.28708244996542,2346.008367327893,2344.89422876356,0
73.19035608495255,2346.2373290477663,2345.02216873345,0
72.76739711342945,2346.465838161815,2345.1496572286774,0
73.49516645229244,2346.667730753331,2345.282973626227,0
74.42039584155356,2346.9408876259527,2345.43625887745,0
59.69766497356226,2347.1554780264155,2345.5632255257906,0
53.959063967152595,2347.345582565326,2345.6853783458005,0
49.65568832864911,2347.4689169051953,2345.770089979924,0
40.489375128941845,2347.516530406748,2345.822569164919,1
40.741993167597194,2347.650410555789,2345.8912918770234,0
31.709622790988732,2347.7139624637134,2345.9296328924397,1
27.367192195712263,2347.6856788137725,2345.948758444901,1
26.472892239925102,2347.65704609524,2345.9837378652296,1
32.50922704638754,2347.6323541292277,2346.034185952997,1
33.557731544481626,2347.5343115683363,2346.0642341886687,1
36.296849908503575,2347.4059704141587,2346.0866933885054,1
37.38320318107023,2347.246195567366,2346.0957693289856,1
48.662474369368375,2347.1570717278137,2346.1460202140706,0
47.15124064214591,2347.0413598161203,2346.1904486466983,0
53.58821200832968,2346.963264275435,2346.235730564797,0
52.255088306831084,2346.910999266558,2346.2667665227914,1
51.228019096561994,2346.8226805769773,2346.293470961019,1
54.58157543099257,2346.698583895192,2346.309869415942,1
54.123486830465474,2346.651087568104,2346.3267441707744,1
60.93778892668475,2346.5712759308226,2346.34242770589,1
66.25580701566739,2346.5885887219583,2346.3649906748524,1
68.03479777418048,2346.687862307336,2346.4349370898817,0
54.32712693638585,2346.712195548821,2346.472095981159,1
63.19020759301218,2346.8531358122973,2346.5335778911303,0
61.38059077541065,2346.9365027119543,2346.609212447458,1
61.815438572920094,2347.091639597223,2346.6914611311445,1
49.50510587981614,2347.237173955915,2346.7673222799267,1
44.58671473548681,2347.316184148356,2346.8298215046498,1
47.34698079948447,2347.388906362653,2346.898198215453,1
59.539965217595515,2347.6013394768224,2347.020020560786,1
65.65607723734968,2347.8266055551344,2347.1642751476447,0
72.47626501769723,2348.0909011711565,2347.3275401127216,0
68.54618263774437,2348.2541953138834,2347.4687842665753,0
65.50749071026695,2348.3773236709844,2347.5963176460714,0
60.439982562450574,2348.4748695028647,2347.721949109221,0
53.516576991977885,2348.5871444640425,2347.8333841166273,0
54.81396679806315,2348.647077862571,2347.8846538228736,0
46.724294000696716,2348.711045251203,2347.9096575160725,0
44.40479058946268,2348.697754561036,2347.9169351342875,0
41.80543805886794,2348.6767307472924,2347.909797578904,0
45.45068452989881,2348.6383670529804,2347.8817287606144,0
50.27554474703327,2348.5539314894136,2347.842249127518,0
47.941803899029175,2348.5632374766374,2347.7934625223643,0
30.926856656676918,2348.4981307898197,2347.7182745523164,0
17.78550159230018,2348.3522738807997,2347.628979261516,1
5.369453759378004,2348.166002692579,2347.554515277019,1
4.949739626838237,2347.9739696077195,2347.4619785039085,1
9.748667602160992,2347.8307841687297,2347.375799907416,1
18.73540461904105,2347.7044163900146,2347.3128724701264,1
26.92606467733397,2347.520207541969,2347.2517485271933,0
39.034298035684955,2347.3261442708563,2347.232541645421,0
41.73684644511045,2347.0761190534677,2347.219754707978,0
41.92531146461513,2346.8128956642718,2347.2063757702063,0
39.28396985198723,2346.543796333912,2347.207224016937,0
32.85199771413134,2346.245629244951,2347.160036584886,0
36.666257174773946,2346.0066672529983,2347.1504660323412,0
36.1450207737897,2345.8428281168553,2347.1475135441074,0
34.12630964482537,2345.658132142684,2347.11009193505,0
37.7292688191497,2345.4627906397254,2347.0491097384865,0
36.73428518997032,2345.2397845254864,2346.991986761764,0
40.529241323052176,2345.013229386257,2346.9246323494535,0
43.86194648468279,2344.814874926326,2346.8697208711014,0
37.34216929078608,2344.6031978993087,2346.7719129909624,0
24.89719577238438,2344.324677255154,2346.6316015279294,0
19.258163555564593,2344.1171237433236,2346.4905230486715,0
19.21825729516688,2343.9263348198247,2346.3606494983255,0
19.75465557949984,2343.765447112596,2346.239085118156,1
19.97926445994638,2343.560818288778,2346.1206936648505,1
25.126076598659267,2343.3285155323206,2345.9838436558134,0
16.782169090431594,2343.0613155777874,2345.847764385979,1
17.090533410782214,2342.762844301243,2345.7022438771346,1
24.67080303761712,2342.486219708576,2345.539097668474,1
26.083594853561237,2342.2132800256004,2345.406809560918,1
27.599255568465026,2341.9507610259843,2345.246274102412,1
39.87919609480416,2341.8037469146157,2345.1069342659507,1
35.73720489941978,2341.639432871615,2344.969583342098,1
44.086644744399145,2341.5151851125693,2344.8587180067693,1
68.67192316754671,2341.4898351486822,2344.77955233518,0
72.78499710422861,2341.5185826070488,2344.700980236245,1
77.40084609531884,2341.619144550837,2344.59910879137,1
66.1176614619485,2341.6548117087427,2344.455914810897,1
71.57598292693949,2341.655946307485,2344.295738925633,1
69.39569268951931,2341.663691749739,2344.1357115653045,1
74.11774060611556,2341.8286458962198,2344.012130418024,1
76.39577535160336,2342.038273077379,2343.9158844784774,0
71.38911199621278,2342.2289302069107,2343.8173637954733,1
74.9823092006853,2342.4434959120213,2343.7576523379357,0
78.61794394081915,2342.6898673171286,2343.71222249122,0
76.689239328084,2342.945714416333,2343.683027597932,0
68.18667104413058,2343.158162172156,2343.6403369559243,0
66.73830459103371,2343.386003799154,2343.6012985756042,0
60.68862969829994,2343.5882137177223,2343.5528105597978,0
59.62679131959467,2343.8189149397795,2343.509080546175,0
50.47027689718775,2344.0401041820196,2343.463063459292,0
56.89035882913545,2344.1826859658204,2343.4390990999586,0
61.64823127967191,2344.349847214047,2343.4431211506853,0
56.10059332462985,2344.4418687175025,2343.445877650682,0
41.750771379006224,2344.4457358615027,2343.4255330122896,0
34.79582786757298,2344.4265019879895,2343.3898144754344,0
34.19710473395641,2344.339256952303,2343.3267285555035,0
27.922161539389492,2344.2797845778096,2343.2373709336784,1
27.401690952551405,2344.216349087284,2343.15183093916,0
19.765915175789033,2344.1000197009553,2343.050561179978,1
19.788063672816335,2343.8762644615936,2342.945117669097,1
31.70376318586932,2343.697567224277,2342.8966596702076,1
35.02245278317284,2343.562466796951,2342.839683613054,1
31.344615226222203,2343.3825920691925,2342.773557918871,1
35.704624671474846,2343.212738691227,2342.734065110638,1
40.57631065982002,2343.047405275015,2342.7168734520483,0
39.65683413843834,2342.962602134382,2342.7294639994825,0
43.09197147108543,2342.8583120939606,2342.739331658686,0
52.24855071175392,2342.8022080156215,2342.747743795516,0
44.04684031535063,2342.6532680857254,2342.729108620742,0
43.07882480576588,2342.491051237215,2342.7296130521163,0
46.96195825248216,2342.3587917716295,2342.735766311281,0
47.91897387838158,2342.192763966542,2342.7496928093724,0
50.317736550963,2342.0323267722815,2342.7526295145562,1
56.04643599911061,2341.9213765537133,2342.7697563182637,1
43.09808111397666,2341.7875359754858,2342.7734226527004,0
39.08547211172934,2341.673492648497,2342.7715993837874,0
48.462756111833286,2341.635841418825,2342.786569780711,0
50.92786636354797,2341.6303446501806,2342.8094809158015,0
43.57287250839649,2341.6451681027174,2342.8233164108246,0
34.06952230938555,2341.65801998617,2342.828021253171,1
33.19272137621867,2341.572261110484,2342.804065348555,1
26.636742867614245,2341.467053380392,2342.770731816565,0
30.860813199850227,2341.3653922448475,2342.7136407717817,1
42.891632208329526,2341.288628203885,2342.6535823327185,0
44.072725156715876,2341.203066537511,2342.590667024233,0
44.550462289061926,2341.093971698728,2342.519394858639,0
42.851907867350114,2340.939301547966,2342.453127594375,0
47.9322148529294,2340.7922631177885,2342.402270519637,0
39.44840434303195,2340.6139557957163,2342.309214239133,1
44.18609705101137,2340.5112630169374,2342.202659900403,1
43.79395530652516,2340.4393878515957,2342.096212220968,1
38.146382104530936,2340.3370312974503,2341.992933245588,1
47.35897376483722,2340.322062443502,2341.9040561271486,1
51.389731185723114,2340.294192887785,2341.8114865465263,1
53.52218613883128,2340.2937742101485,2341.7126465702268,1
55.0002835627313,2340.318015047777,2341.635540534036,1
67.67044208581532,2340.4287279298514,2341.60365943299,1
68.348848893191,2340.5568606683737,2341.596939696062,0
69.10377784609187,2340.7529210680195,2341.596918862121,0
64.17312753745261,2340.9547593466814,2341.5938833190357,0
70.25288628520639,2341.178788154185,2341.6025062239005,0
63.62632729662147,2341.3713618499814,2341.5793376709385,0
81.27354087539575,2341.6231359192125,2341.5861476524656,0
80.11062993775657,2341.83890296976,2341.610849176022,0
70.54396091236924,2341.9957935594553,2341.61838365282,0
73.53209202267342,2342.1396857280924,2341.6395663689545,0
64.44786473120367,2342.3002627510987,2341.6613188636907,1
65.33262301027054,2342.420196794263,2341.683809602429,0
60.25027091044979,2342.6185744976624,2341.7166361578156,1
59.13855081381096,2342.784689488322,2341.7660299110944,1
47.72437176705124,2342.9434508039526,2341.7945656528377,0
37.92397105707652,2343.117386087397,2341.814900961767,0
29.72835407470012,2343.2247694314647,2341.840927072057,1
36.19042481921343,2343.3428077264925,2341.863514160633,1
41.263297413650506,2343.4862360582197,2341.8881788835083,1
39.591386548575386,2343.5717959076546,2341.879218043345,1
34.52618391448897,2343.540319006806,2341.876462198128,1
44.31490423898677,2343.5077663823945,2341.8791630427713,1
55.48325325960488,2343.4701147884853,2341.9236575432246,0
55.34071374484669,2343.471285539907,2341.9859770401126,0
66.0016928995808,2343.492302198578,2342.05591039468,0
67.38767144671985,2343.563943679246,2342.12780955602,0
78.70793213454141,2343.63284477039,2342.226354851709,0
61.48162195099677,2343.615169918065,2342.2883665217623,0
49.14417789361901,2343.580337687578,2342.3355043376564,0
54.01076744273555,2343.582453639733,2342.403150765449,0
49.057168388245,2343.558335123631,2342.430316345613,0
49.87506267921034,2343.544229504104,2342.4493635439985,1
45.501020788462355,2343.55040499099,2342.4787309131248,1
45.92567913246759,2343.515633402719,2342.5090752777137,1
46.32731366265715,2343.464829010255,2342.551592812746,1
40.81191310829194,2343.424188037617,2342.5977548246574,1
48.14575458901924,2343.48359630175,2342.6882086948185,1
45.59529249824136,2343.5098810688596,2342.7520153066225,1
48.757688531563815,2343.5658829359395,2342.83330544288,1
48.382539820443235,2343.680269050391,2342.91373698401,1
43.161751843273905,2343.757788043392,2343.0038567962984,1
53.91178521357936,2343.8145752619325,2343.088087900429,0
63.575717884871736,2343.8710457421207,2343.2264935217863,0
60.180463085848466,2343.926639788236,2343.3521277486325,0
71.23211397076916,2343.967296148342,2343.4670737133783,0
65.44965457709522,2343.965973168961,2343.579386304624,0
62.293986179933036,2343.901474660204,2343.6581197383903,1
71.75218528468157,2343.948311102839,2343.750013807784,0
69.01046222867,2344.048328213848,2343.837325939136,1
67.7520153694949,2344.104948838948,2343.9179242819173,1
59.89336911981044,2344.2329734949317,2343.952014571645,1
66.6134036398292,2344.355548139278,2343.96883853236,1
46.547896146558145,2344.435031711027,2343.951575170328,1
52.72928118903447,2344.605812936058,2343.9694967134647,1
58.11512340587637,2344.7674554568794,2343.987059733824,1
51.59315947861094,2344.9129505070387,2344.0143902874797,1
50.63343546310774,2344.991265691321,2344.035460603662,1
52.04793916913314,2345.10403501153,2344.05806812333,1
55.2474251589998,2345.189882434515,2344.1109409929036,1
62.91013536673865,2345.283152287811,2344.1711236078972,1
73.61772813781572,2345.4315768655283,2344.2563824420704,1
75.58580264434738,2345.6020713411745,2344.3608377191936,1
80.06797246429554,2345.7852812586016,2344.4931762261617,0
79.32543610187773,2345.9606379954203,2344.6225071514714,0
69.35382633820332,2346.080426871739,2344.721864140493,0
73.29148913040912,2346.290807146619,2344.848754728313,0
82.27290672417405,2346.5247099715757,2344.9780959544346,0
75.34583239563136,2346.7093108130452,2345.096615042405,0
62.63074437452987,2346.833400158777,2345.176191579359,0
65.00745969502901,2346.9742317486503,2345.278898618316,1
64.05694644238757,2347.1098259388446,2345.3798173444607,1
55.00315604741507,2347.174203997798,2345.4354135785215,1
53.75859249289312,2347.313886077275,2345.489083685844,1
49.18906206981965,2347.3821903964663,2345.5338586560883,1
56.73732835752594,2347.5532600298725,2345.611442866342,0
49.474864138696965,2347.709661346108,2345.6726773542246,0
43.981932829233976,2347.8314210888493,2345.714891131046,1
41.52023079833531,2347.908728094875,2345.7754913940544,0
50.91519441952504,2348.0064676541638,2345.8813929795383,0
42.23809435053078,2348.0677768347878,2345.965252885919,1
40.53869455430784,2348.071375600101,2346.0615986326584,1
45.498302811524056,2348.049212809582,2346.1628310413844,1
46.85102961825985,2347.9364909196875,2346.2476105976407,1
48.09232049574825,2347.855192900456,2346.3583309505666,1
54.186260949879525,2347.8900669161326,2346.4919593028435,1
62.52584322015619,2347.8808933278015,2346.631436844387,1
63.05230661440159,2347.906744607055,2346.7473552765564,1
67.75563384860736,2347.9863225915187,2346.8871916514686,1
65.23276812211796,2348.20375796984,2347.0313415929195,1
71.24525794359795,2348.45605018235,2347.1892110710996,1
74.55744902301286,2348.719973719593,2347.3646916149414,0
81.23706015902414,2349.080657510311,2347.5418464778727,0
73.75003892071118,2349.3877729423252,2347.6957745659256,0
77.37141929995641,2349.7458677947975,2347.8615498587124,0
75.76292078684303,2349.9561278081305,2348.0069755302575,0
72.3477790301332,2350.174481372402,2348.156080635601,0
64.06125639202878,2350.2869401829557,2348.2690773401464,1
63.51207961786541,2350.4504472288545,2348.3763458444605,1
55.66836982681329,2350.537084333467,2348.476895427386,1
57.38715495197434,2350.6830782784664,2348.5965046617266,1
56.62211418695077,2350.873676494041,2348.717879832302,1
57.40635166290234,2351.080960345006,2348.8529959236757,1
47.348515028949,2351.300114451601,2348.9936436938706,1
46.66718210820839,2351.5357995778327,2349.1303256072765,1
52.623174844514864,2351.7844629691745,2349.2987623077624,1
52.175267866901834,2352.0410283792007,2349.4826679932517,0
57.89708552376483,2352.3036918169237,2349.672325726797,0
56.082623736635846,2352.5383367530267,2349.8609123480674,0
58.066116338446065,2352.68360661676,2350.028831265817,0
61.87077135852659,2352.810928417,2350.2003215227755,0
69.72747270706621,2352.8604201119333,2350.3362289135034,0
66.40662407753845,2352.8570459458447,2350.443836319741,0
60.88576561867446,2352.8182669046805,2350.5089688243575,1
54.32302644831187,2352.7202898647943,2350.5654106064626,0
55.18136343569307,2352.688216867431,2350.6500915285346,0
53.0122576369241,2352.691040501862,2350.7161739776984,0
58.10421994027193,2352.81920317112,2350.7868746199642,0
54.762817148211774,2352.938124693766,2350.867871396749,0
36.14369009551174,2353.0073665121413,2350.946481968732,0
30.082076138422508,2353.017260030686,2351.013715974541,0
22.627638567769978,2352.9842917805495,2351.0676661689836,0
19.995726495538676,2352.879997307003,2351.135313247358,0
25.445568669636188,2352.8430298403573,2351.2053011991034,0
18.181140195358495,2352.730106639164,2351.269492104356,0
19.832405060572142,2352.508761950192,2351.2809630758898,0
16.97695289660406,2352.1733681593937,2351.2681507185657,0
19.455288333274837,2351.794595481033,2351.2575954836707,0
18.743539053195647,2351.3655253937077,2351.2436312676004,1
14.14180330631335,2350.9606101747527,2351.2104882740528,1
8.667889582335803,2350.48720293902,2351.168091964468,1
9.137142375006604,2350.0782207095253,2351.1389669572727,0
7.523153237848533,2349.680161254598,2351.096215697747,0
24.076103563049017,2349.419825742685,2351.1023027535566,0
28.601972368840535,2349.2075252050836,2351.106343528313,0
25.716472316005607,2348.8959573489037,2351.052447701643,0
24.427514666711943,2348.5135782039106,2350.969247928142,0
20.863421633080833,2348.1313708314565,2350.8767251097247,0
20.738837483929586,2347.7051535013034,2350.755403760663,0
17.231331409743618,2347.235636018656,2350.559233188258,1
28.38560457179213,2346.835002879784,2350.3652970535145,1
32.77126784803714,2346.4904327658464,2350.175849787485,0
38.167293523831475,2346.193064114469,2349.9802758890214,0
36.10667432022136,2345.84741939616,2349.7891597806374,1
40.81329657738844,2345.553302041752,2349.5924658031377,0
38.263685747805326,2345.2551975083798,2349.4005909559896,1
39.58494088951364,2345.0487700368444,2349.2178661843427,1
29.019978512733957,2344.8172841634914,2349.069733075885,1
34.1756976743638,2344.6899633300686,2348.939437708086,0
34.84479042053799,2344.4966649133353,2348.794320506,1
43.90412026451988,2344.390702171652,2348.6511415217424,1
43.83746636399804,2344.2821143732676,2348.5023421089636,1
45.29214408429521,2344.159735325499,2348.327725689944,1
59.005961948185174,2343.9771547236764,2348.173118862386,1
56.442370999976134,2343.8040193229226,2348.013631426349,1
59.1243535879938,2343.75913930654,2347.842318236589,1
58.298940590984635,2343.7773805648458,2347.6637888024,1
56.73682228086097,2343.757785659382,2347.458362646708,1
55.15934138207898,2343.7776098768045,2347.251113010174,1
65.79192688057333,2343.9888405609026,2347.081326765915,1
68.92976162839389,2344.1999965158684,2346.9209242930615,1
76.29628596475294,2344.4186940492827,2346.7991593624242,1
74.83966314301705,2344.648379988562,2346.696809506108,1
87.28617131966419,2344.9303368532846,2346.6339877600785,0
87.19946862854749,2345.241536840547,2346.6009645934387,0
83.59976427470822,2345.5626460893495,2346.5503626447567,0
77.60199384934037,2345.8213576035123,2346.4699930250026,0
77.41857974359232,2346.1196525867376,2346.389912842132,1
70.79242535835951,2346.32459276847,2346.294024937968,1
61.03027468847612,2346.550141586151,2346.2114305356035,1
56.406774605219184,2346.6975879075876,2346.123272672503,0
67.94715817316629,2346.9428901528845,2346.0857814578976,0
68.13382052933173,2347.2132160633582,2346.061013192486,0
64.38508658228453,2347.491338170419,2346.032442194411,0
54.035491160543515,2347.6912318449126,2345.9980815086483,0
43.30471299164813,2347.762705531586,2345.9438956691465,1
37.20027387846387,2347.78889139161,2345.909998095287,1
40.5285470744583,2347.908232918452,2345.903817621676,1
36.789733724572294,2348.0387202589873,2345.9203909562857,1
40.91121334465604,2348.120479673714,2345.9452745654994,1
48.749737085749544,2348.1778746065875,2345.997192960089,1
46.29086710758714,2348.175265025144,2346.0379770886725,1
54.47516349769713,2348.1963465862555,2346.1032836387712,0
56.203126200340286,2348.164137839773,2346.131712598914,0
63.49569755719472,2348.141828194281,2346.1746857891176,0
57.25662272496007,2348.1554757864633,2346.2541700197808,0
49.30058547666565,2348.1517650151063,2346.325267749481,0
45.35377307996799,2348.1153737242566,2346.383513999252,0
43.60078252791606,2348.0402881555624,2346.4280787996713,0
54.123398869043726,2348.0539347023955,2346.538750009099,0
57.41010849287733,2348.09540297546,2346.627432710773,0
43.770895760463006,2347.948324993945,2346.6689383491375,1
43.93851466893499,2347.810831902336,2346.7081203076327,0
39.81156028888285,2347.6373759267767,2346.7484248066576,0
32.71867878722638,2347.4534622292967,2346.758145583666,0
41.15134238541079,2347.4104172836464,2346.8059835792533,0
35.9181775015101,2347.404425878365,2346.8522604318946,0
36.78501899023832,2347.3291693935835,2346.9085717137127,0
28.85058851489191,2347.2245648989187,2346.9342315838257,0
23.532302506973025,2347.03548542183,2346.9608027688973,0
24.368055680936592,2346.7646813471897,2346.946784630304,0
32.50751271971181,2346.5689279191365,2346.9527025070197,0
35.81958750406753,2346.298700552933,2346.9588697297454,0
29.573648993716773,2346.0546681987357,2346.962717988938,0
25.228679227005856,2345.67261333112,2346.9221233923968,1
27.01775037235649,2345.2201426958272,2346.8385713754956,1
28.324760730710224,2344.863626367499,2346.759766070542,1
31.60019124989823,2344.5521388890393,2346.7012552911156,1
44.25705675342383,2344.3821839598436,2346.669908432887,1
42.80324226833627,2344.2194159986016,2346.630980184179,1
41.56859443166579,2344.0484090152922,2346.5667977105427,1
44.59815638354133,2343.9854538721693,2346.495642278292,1
44.88086672141066,2343.894804716061,2346.4066901986325,1
58.19604723690773,2343.907834523194,2346.339423874622,1
67.41103130522987,2344.0261771523706,2346.2720017083957,1
64.46483872447223,2344.084188551703,2346.214600564195,1
67.58772256552277,2344.145924307786,2346.1820871136047,1
71.00741812773575,2344.2771913314523,2346.1715872115983,0
84.481519505539,2344.4476184602427,2346.1834418605345,1
95.53616629203671,2344.7409218884823,2346.2371148898296,1
80.20239630580839,2344.998661355655,2346.2672140095306,1
80.32110500848266,2345.2234532818916,2346.264927758623,1
74.33987426151162,2345.4465831283333,2346.252216555735,1
75.1494376325932,2345.7390853862426,2346.2618168752674,1
79.01685811938901,2346.1752168106873,2346.3157173787067,1
78.35624353704272,2346.6653853489274,2346.399643302432,1
82.17534554676459,2347.1925866255256,2346.521244164109,1
81.85090438023899,2347.776004012519,2346.648363728742,1
80.44295854763345,2348.2922626584404,2346.7713253926686,1
83.23012517159944,2348.853680401994,2346.9242604754913,1
82.85671437266566,2349.42307293834,2347.0648770432435,1
79.973369136031,2349.9649664940835,2347.2115228658677,1
80.35455238407496,2350.554159091087,2347.3498152005654,0
76.08696361869315,2351.0470076660995,2347.4925718051522,1
90.49227370489714,2351.497309244302,2347.614194128404,0
91.20345836747502,2351.9972007958313,2347.751290567942,0
95.07682959196356,2352.489845310055,2347.9173192315834,0
81.06528790165906,2352.8568951010684,2348.0681957623233,1
79.02452178350745,2353.2154545537114,2348.2535084197943,1
74.22301487184119,2353.4838171425104,2348.4090678658763,1
72.64247410954655,2353.874536494651,2348.5788674172068,1
69.62239257313574,2354.2746543049648,2348.7954594830303,1
73.39696661820409,2354.754245523792,2349.029582004317,1
69.09695724504473,2355.199882915146,2349.286819670615,1
72.43643335250414,2355.627274130359,2349.5852421391314,1
69.494350926268,2356.0265880428024,2349.8461116060944,1
69.32473255922363,2356.396636175929,2350.118128283134,1
75.98699819904067,2356.7740977798303,2350.4263350832407,1
71.91318410498573,2357.1210371205084,2350.7299142813044,1
72.7111216206077,2357.441088641959,2351.086501763543,1
69.87492967409933,2357.7404198058684,2351.455172426715,1
74.26268736095486,2358.014252957989,2351.7896528814085,1
74.125622887009,2358.2652992243006,2352.136454669112,1
79.3699005437366,2358.5591335365025,2352.494357940259,0
79.44134853197657,2358.886024262632,2352.8995585010084,0
72.81295959645998,2359.118067114968,2353.3104603355987,0
70.58442365610932,2359.366722817106,2353.7185578114268,0
64.54243341781248,2359.655757048104,2354.109643025949,0
54.035861665194034,2359.870541613345,2354.4488514811947,0
52.963696184153505,2360.0760284691264,2354.7517128540862,0
47.010319470990744,2360.216868463978,2355.0462511966816,0
40.3927454912593,2360.3507246766103,2355.3415678048073,0
48.401342769800294,2360.471813421839,2355.660385486629,0
34.39685016413452,2360.497672609841,2355.9227549052735,0
38.03978716992735,2360.4940004694654,2356.1723714659693,0
36.99737417101515,2360.4700242720637,2356.4004458942386,0
38.718863793677826,2360.4390520311877,2356.6353793724948,0
33.09560871808216,2360.3044325154965,2356.837231556858,0
25.262375077731434,2360.15530583543,2357.0129892313794,0
32.22851988479985,2359.9661762043083,2357.1766034898737,0
28.270502627911227,2359.775543672617,2357.3659253535,0
29.152238877393216,2359.6063514326734,2357.5428121417212,0
27.458236752766098,2359.3365116114937,2357.6924260623764,1
34.932431091204236,2359.0758974281257,2357.829082757012,0
41.2191490763985,2358.8116495806453,2357.9541316089917,0
38.722663978309704,2358.5860905437676,2358.0787424135347,1
28.365378516318145,2358.2820466653448,2358.154341827354,1
38.83655792361349,2358.053799736915,2358.2207613157075,1
35.06802650867607,2357.858459163274,2358.275330083128,1
37.20770672285285,2357.68213390425,2358.283094254988,1
45.01357390546564,2357.6283264221183,2358.328352590193,1
44.746164194051765,2357.5255096758087,2358.365785077497,1
51.36175011162031,2357.406292781473,2358.401238962783,1
50.47781533615043,2357.3684878428153,2358.4513469759604,1
54.27948502624882,2357.332211348905,2358.5063323078107,1
56.61903011467619,2357.3542828041277,2358.5432786975575,1
69.53241065552865,2357.3662463854653,2358.585939802659,1
67.54142626913941,2357.4139968136806,2358.660072241903,1
64.38559522618729,2357.501723668266,2358.7274968772012,1
69.2344057173199,2357.617915267202,2358.83024273975,1
70.60641386817528,2357.705077347923,2358.8981416948095,1
70.08814776622356,2357.84573631086,2358.9712449440794,1
76.68129010105177,2358.108088529246,2359.033963264558,0
81.29758351739082,2358.360514658028,2359.093335454165,0
79.0315888691962,2358.6247836230696,2359.153135406076,0
84.25088294981461,2358.8851302985286,2359.222159315825,0
67.95369942475922,2359.131821248609,2359.248415856426,0
65.63550920559668,2359.327245725167,2359.2420204938426,0
58.1557778549158,2359.5096729684747,2359.2307844223146,0
53.18681117891689,2359.6809599813923,2359.1790427907613,0
46.097363864874296,2359.7100684451025,2359.1162120458866,0
43.0451249824263,2359.748228572239,2359.059375323197,1
41.1778021489303,2359.732835353119,2358.9882534143103,1
27.26108966659895,2359.5998556503187,2358.8676358214866,1
34.03049255044371,2359.4792779362547,2358.7436337772597,1
39.67598104955071,2359.436233074808,2358.6705450814934,1
38.73084269158568,2359.402382158626,2358.600203539267,0
34.9218932304328,2359.3495366605453,2358.5375840868796,0
28.824570088083163,2359.2965780409886,2358.4979114482585,1
28.071162469669076,2359.166328661747,2358.4663628167978,0
33.53635002898615,2359.0921873682914,2358.448269256535,1
33.64643103053767,2358.9757074269123,2358.4212380442004,0
34.12305163987028,2358.7926918563703,2358.36231463837,1
45.88342668242485,2358.649055856533,2358.353888752842,1
44.93140043338049,2358.401254510162,2358.3160370223545,1
49.99992511893859,2358.185890401329,2358.3085057675307,1
52.146356079151374,2358.041237350436,2358.289289984126,1
71.57373485428936,2357.9755092785344,2358.3104511990578,0
70.61945316205605,2357.9630635593085,2358.353887511866,0
60.36968963820463,2357.9654959869886,2358.3787707038337,0
55.77611784721171,2358.0077169136853,2358.4090813423136,0
57.34811591932277,2358.0706279025003,2358.4450859111275,0
50.717627167216556,2358.111692211275,2358.4983256542228,0
48.9196139746711,2358.217184532242,2358.524150663133,0
40.89284513592846,2358.2232702179895,2358.5082820321973,0
37.956267354173725,2358.103623953482,2358.477558445379,0
41.21325366755103,2357.9634844605016,2358.4727786573294,0
33.25001823581168,2357.8434689277537,2358.453451763215,0
31.72055611034736,2357.6464700630327,2358.4131158081627,0
26.443183990672594,2357.460822164911,2358.3778381210627,0
30.61285974892398,2357.2941090014674,2358.314582288274,0
15.133737047462134,2357.1223596740515,2358.2599780434975,0
10.917428561390409,2356.9589007380205,2358.18335782099,1
10.855337650717203,2356.71163982063,2358.0911495439673,1
10.519806109541321,2356.5022345384677,2357.9840462981797,1
9.500836919737822,2356.238626772214,2357.8622433547653,1
12.419746099165238,2355.9860198520632,2357.7371993707648,1
32.29165171902747,2355.7496871884186,2357.6447273489525,0
35.790972074054736,2355.4699719441282,2357.541186822211,0
38.195261725556115,2355.1919272160185,2357.4083754833605,0
37.32727624682812,2354.9217228582716,2357.2957395464528,0
32.57048754236746,2354.622428055369,2357.1557626089316,0
48.92942162838218,2354.4127743124072,2357.0201999674873,0
38.7164171231587,2354.138959935518,2356.8355287741288,0
33.55297317409946,2353.9153009505812,2356.624488963202,1
38.837226353589955,2353.761293591033,2356.428023762381,1
40.03824647888108,2353.591766199882,2356.2567566378384,0
38.60207759793611,2353.3773982484054,2356.07351277251,1
42.8467224240652,2353.259833754907,2355.913180122735,1
49.68601631965046,2353.1840114589454,2355.779058712084,1
49.84568829442575,2353.0940781827603,2355.668186183337,1
34.42177012430089,2352.9786125799174,2355.552131646569,0
40.083376379523685,2352.906746655671,2355.4529223420104,0
39.743298665090684,2352.8352852052167,2355.3853213659268,0
44.1802602377019,2352.8152617642363,2355.3184398293724,0
54.12505432516796,2352.880037901015,2355.239765285248,0
39.27155316820288,2352.8336380265564,2355.109701717937,1
48.668092330472916,2352.699373321916,2354.9846620135013,1
43.71264997880127,2352.5254272564734,2354.8327265084054,1
50.50438290251558,2352.461878439751,2354.7265953945625,0
49.85947658757193,2352.381672559252,2354.611533622837,1
55.63993280570032,2352.3588157858003,2354.5090059524864,1
54.00351746990908,2352.2906169058238,2354.4193699872685,1
47.483475344986225,2352.2851300575503,2354.2899584545357,1
43.496852233236744,2352.2640034542055,2354.16958854082,1
52.054872901601364,2352.2735714683313,2354.063096189182,1
53.64781733366799,2352.3331407772002,2353.9735180085445,1
60.381219432033284,2352.503287007918,2353.8846238642636,0
58.661824348431985,2352.658021101865,2353.7911631397574,0
55.29985839480335,2352.788018251246,2353.708067617786,0
65.76260993570206,2352.898902320191,2353.6246603459394,0
63.953168276194546,2353.030351915405,2353.5360212517307,0
67.70048110138899,2353.101877900554,2353.448996617722,1
59.67037381969896,2353.19284626535,2353.37558605917,1
57.7160825204236,2353.2224372910755,2353.3181066586067,1
56.36098116552093,2353.2103743182934,2353.2824654311726,1
57.33757946434666,2353.3093348244975,2353.248041863535,1
63.73257969969018,2353.4153599135216,2353.2134184078077,1
75.83840523993962,2353.6578195576103,2353.2372663062356,1
70.89255712866986,2353.8010989402956,2353.262706104716,1
70.1789409381895,2353.993372384447,2353.291238976029,1
70.56983890632176,2354.2378512774885,2353.355202593861,1
74.45211080508317,2354.5360075276853,2353.4502127031346,1
76.58791258984363,2354.91241394905,2353.5702681059042,0
76.29675333965847,2355.3134349636807,2353.6940687109045,0
78.94356572067245,2355.66021453361,2353.8317312937406,1
76.88677187315898,2355.916025529451,2353.9455202794993,1
77.75673160390672,2356.114049737835,2354.0303688840304,1
84.17766889391217,2356.3208342199173,2354.1315080500735,1
83.52136883404604,2356.5170373221563,2354.238111660242,1
84.81168396003073,2356.765015878552,2354.3619775540515,1
75.81185667818609,2356.976166730174,2354.4775167216526,1
75.7295035054037,2357.294387573142,2354.601641922016,1
77.67912626026008,2357.645318595991,2354.7781295233594,1
75.81508709931488,2358.0249941234492,2354.961983927754,1
69.78748536895905,2358.381044110508,2355.1303656389628,1
67.09716400407768,2358.7495181374175,2355.3111426385494,1
68.35162564808857,2359.167318931862,2355.5293866811908,1
70.91324237152759,2359.5221788374674,2355.7422043392603,1
70.64700117317761,2359.8843086971424,2355.942824999995,1
82.27804508891707,2360.216894215808,2356.1403653892485,1
84.71368042087056,2360.5387003204187,2356.379237690062,1
80.95512740116922,2360.7934864181398,2356.604908608122,1
80.65479045636471,2361.000965423978,2356.836540193409,1
81.50957736999715,2361.2792493846073,2357.0796637590533,1
92.98968197004484,2361.5542280563586,2357.301407355878,1
92.56994997322366,2361.927420134193,2357.5830331225543,0
81.63053668130274,2362.2442044337126,2357.848301328749,1
80.33097711538825,2362.5417986252623,2358.1380565975887,0
84.5319517408235,2362.8978347733437,2358.4124941936784,0
78.06476022794615,2363.1857295412647,2358.6836003468566,0
72.82465940822871,2363.515883340492,2358.9403437435294,0
73.30489781815754,2363.7909100349084,2359.20175917365,1
65.36824151868117,2363.990299961087,2359.4601974847737,1
62.60497082143693,2364.1759628417076,2359.7267676827546,1
55.12586715445196,2364.3720803731135,2359.9697692008754,1
57.920988270888074,2364.550840725276,2360.1982226177797,1
63.91368199257205,2364.7199811089895,2360.416064321619,1
64.2146936312532,2364.9467154717486,2360.6576820872137,1
58.22874015930185,2365.133445203549,2360.8809957809162,1
53.48716488681162,2365.32390093701,2361.110364835976,1
62.590041331238545,2365.4700456383007,2361.3551151792203,1
69.4713728938065,2365.691599562341,2361.6407972728366,1
66.96911801003023,2365.943073402218,2361.936631048156,1
73.0970752722774,2366.147646351989,2362.2497473834183,1
76.15696569639388,2366.373000569694,2362.5664578564383,1
77.16230167140614,2366.579823186371,2362.8912284673033,1
77.64457193608055,2366.785988433633,2363.196552736794,1
81.43675141843003,2367.0080773334603,2363.478159707929,0
83.71826429524003,2367.2291553115174,2363.783716742167,0
82.08829070429599,2367.468992607457,2364.073848436061,0
80.01970629334153,2367.72005973069,2364.33322712481,0
74.22683185841669,2367.951158786706,2364.567819677258,0
63.53922159166999,2368.129269643617,2364.746939762601,0
63.20971353489545,2368.324756512363,2364.9312963022276,0
61.79139720424892,2368.5278095910617,2365.116807223856,1
51.441321511206716,2368.7084956647586,2365.315210671903,1
41.073030977749106,2368.791782179667,2365.487157298352,1
35.56747903822712,2368.7781861483904,2365.640622858603,1
36.210722544494786,2368.8294010166396,2365.8059412587095,1
43.688074556357705,2368.955066135044,2365.986384938573,0
53.951070082088584,2369.1090586547475,2366.2082719490495,0
47.53396476211367,2369.1486234356257,2366.38249161783,0
44.908653117273374,2369.193633697033,2366.555957088573,0
43.27594577567521,2369.200480927345,2366.719942104977,1
40.77088129263076,2369.157375773877,2366.8769905217855,1
40.09352475326499,2369.0688408431165,2367.0189575495833,1
51.735667672397845,2369.0456571620416,2367.147888028865,1
55.34831556501525,2369.0531316643246,2367.290540838672,1
53.816179165360325,2368.9983184839884,2367.429320656906,1
55.766380661098566,2368.9485567447605,2367.5665134476417,1
63.33904044454952,2368.9121876895597,2367.6826220724665,0
70.36514172444936,2368.908239073921,2367.8137207395703,0
71.44437352618695,2369.0438938663765,2367.96411113956,0
57.508124667522004,2369.127350172723,2368.070536617474,0
51.25886279378846,2369.1995358954346,2368.174930359486,0
52.834846069293405,2369.2495003787462,2368.2440427697243,0
47.580465254818925,2369.343612648851,2368.326920584407,0
50.264456590289875,2369.4639021658395,2368.4094642748337,0
53.99720626765485,2369.551754200026,2368.4675090293827,0
51.58117293143712,2369.528715527767,2368.5235793331735,0
38.267737015202584,2369.3908879301434,2368.55827378491,0
23.543895378027685,2369.2230566716444,2368.5553502725247,0
23.46172883737532,2369.0157931145523,2368.5661543499587,1
22.62809601217215,2368.81781600826,2368.576683371598,1
17.537077863201503,2368.6160920778752,2368.5745952036905,1
23.2906342269103,2368.485749109923,2368.592920903442,1
12.789034832461212,2368.2927859365045,2368.5770099598712,1
25.957898277049054,2368.1181259913133,2368.5591050464973,0
35.664333611180595,2368.0123410387446,2368.5808789909843,0
33.263850512791905,2367.8317628971445,2368.5696582316955,0
33.86116349987914,2367.6363094641747,2368.549127602816,0
33.42044657870916,2367.4021483899905,2368.4979402706304,0
27.508784671501914,2367.0044661297475,2368.388668230572,1
26.45543949727923,2366.600373098402,2368.251627316039,1
32.42826933393519,2366.2264764177485,2368.1163206987085,1
45.15752148946676,2365.9760686822397,2368.0025409680716,1
48.45179244891371,2365.763805763601,2367.9180475163944,1
50.69873526728065,2365.57353515537,2367.8356474035977,1
52.764717331152575,2365.38428123003,2367.7295593967874,0
53.80040460023643,2365.2943235367998,2367.653711704911,0
62.01401581255204,2365.349787003377,2367.6101646939846,0
56.67056810545921,2365.4655542638416,2367.561108463379,0
46.02677002044517,2365.5065692680646,2367.517074199737,0
45.637303232832345,2365.4808968179896,2367.4391394938484,0
49.22390524278574,2365.535137114193,2367.377526212943,0
50.17331941305869,2365.5345931302522,2367.3233598896395,0
60.152747051975986,2365.575756350202,2367.290599628085,0
58.84376949789819,2365.488620167148,2367.2432786540007,0
54.04403600367618,2365.3064026778115,2367.171679655453,0
46.36033891402302,2365.1904019745903,2367.063792567514,0
43.59136801205972,2365.079019548344,2366.9371119602547,0
40.958907466425956,2364.9676813001747,2366.8255634164498,1
38.0990704238254,2364.931322161862,2366.6837436165033,1
28.280798270131754,2364.921365993968,2366.5399813426884,0
22.978419583806954,2364.928745313227,2366.424868514449,0
25.592447070549483,2364.865148047162,2366.32106384969,0
34.39980318263238,2364.7899299276673,2366.2157566226447,0
38.61651456191071,2364.665811556837,2366.080719360603,0
21.516862837988157,2364.424393541856,2365.899989419934,1
20.65552308715904,2364.094744838014,2365.712186942212,1
18.075962351778116,2363.644503743916,2365.5030911157273,1
23.551280450580677,2363.2316968477444,2365.290491572908,1
43.229638818224664,2363.0303183625324,2365.1116439982,1
46.94347825228175,2362.940674016556,2364.9644690313817,1
55.02672974239267,2362.9075928372686,2364.8607489896767,1
57.86090957581789,2362.899144787426,2364.783217653111,1
59.30220366825528,2362.858171611662,2364.69642321321,1
63.11411940157445,2362.902741118741,2364.6188142351607,1
64.39412545203061,2363.04866372631,2364.5704434659665,1
67.51559985991662,2363.2795880702893,2364.5641415845225,1
64.26013026977272,2363.479185384211,2364.572430941882,1
68.10099410657972,2363.7048537275177,2364.6182822387996,1
74.64309733140342,2363.9148444435696,2364.643364148111,1
78.35064241437777,2364.1892045843138,2364.6885367731097,1
84.37287525599896,2364.4773659815814,2364.769378075931,1
84.08089151356533,2364.75732797223,2364.829695394613,1
76.29818659269164,2364.986108328426,2364.8930855794133,1
75.71411620972289,2365.265248875108,2364.9395685141208,1
70.72120482596388,2365.679240722461,2364.966749293421,1
69.39799330929117,2366.1174024953625,2365.0264427814996,1
74.15512366685456,2366.5973756954154,2365.087517608224,0
72.00241606998068,2367.056435810704,2365.1522065411937,0
69.66022295846122,2367.4239051745744,2365.279419616131,0
65.65711173560321,2367.7930169955466,2365.44152659024,0
62.57773667695338,2368.0133662842577,2365.57550493628,0
54.88432235976761,2368.170541161029,2365.661006644627,1
62.675230787617686,2368.342736510622,2365.7279955120184,1
62.274896844384486,2368.5304887020548,2365.801595653835,1
54.45971838069739,2368.6529376460635,2365.87790603238,1
49.47277494518882,2368.676478069815,2365.917003397729,1
56.09512624177635,2368.733492732157,2365.9259132333937,1
51.1512883578634,2368.76714762589,2365.938919583619,1
54.2017198599753,2368.893192653219,2365.9980135021724,1
55.7065728422584,2368.999573272963,2366.0960073550996,1
52.44140362213119,2369.0312085772466,2366.1678066611526,1
55.001623496542045,2369.0705126542475,2366.2440632042108,1
56.7569496896796,2369.189114015804,2366.3384286456544,0
48.74952614848273,2369.270524936247,2366.45233042176,1
57.9735306657716,2369.3513437747015,2366.584725732177,1
66.36774432363404,2369.426098446264,2366.720721370169,1
71.05497016509081,2369.510783860207,2366.860223332969,0
60.75031146115471,2369.5762392705046,2366.995629729326,0
60.52411395268971,2369.6062699010004,2367.149398711786,0
72.31532157138584,2369.6511643649856,2367.333445938647,0
62.5568885429037,2369.697902675607,2367.483167881232,0
55.36353026723518,2369.7318884062215,2367.6077027882507,0
43.181166862551684,2369.7243908909377,2367.7017798973266,0
36.1867286070657,2369.640593389482,2367.7915083868925,0
41.02360485944955,2369.5746865229858,2367.9380232248322,0
34.75977574418073,2369.4782712854603,2368.070413976707,1
25.488009170780742,2369.3594794902756,2368.2119035319374,1
31.303377007013424,2369.278651688005,2368.357701519723,1
31.39557684718214,2369.1792707897466,2368.457594473058,0
30.47513897035084,2369.0511451948873,2368.540195826432,1
28.913837121650204,2368.9432676767965,2368.582076596964,1
31.57758854211707,2368.8304152210135,2368.6165713776454,1
30.125907319530015,2368.655991204627,2368.65755648284,1
21.003006036192957,2368.495919002556,2368.6896015752864,1
39.73182137670751,2368.40915761861,2368.728923289097,1
49.93258391258423,2368.3575870844397,2368.7519209758293,0
66.85689832438786,2368.3881632396156,2368.8238144751303,0
71.15676430353321,2368.4250434671385,2368.8837056251737,0
68.82684597032952,2368.454111613459,2368.9651055797417,1
69.33992626652989,2368.385581797872,2369.01199682407,1
65.92933236701302,2368.3221495894513,2369.0210813243802,1
69.67166041449451,2368.38797011111,2369.059959643803,0
65.51553973314726,2368.4845674837547,2369.1011635594577,0
72.37804195854248,2368.704762609613,2369.167313880695,0
65.75215641991996,2368.8514103135285,2369.2068910612593,0
60.99252079628961,2369.012153643516,2369.2283144359685,1
60.53040903880085,2369.1711635384518,2369.241418669152,1
61.11253747014376,2369.302891864388,2369.2562839411967,1
57.462514070491814,2369.454877319601,2369.2699833310685,0
56.342994270137346,2369.640315950699,2369.279115408493,0
44.94442139823372,2369.8014650222335,2369.2973160921542,0
46.40432694444057,2369.9529956483175,2369.329553172561,0
45.45386662351367,2370.1007333958323,2369.360755236924,0
47.177081253787065,2370.2203183826805,2369.3655334475366,0
46.84358883472305,2370.214967754674,2369.353735332541,0
42.295875572445446,2370.2183600461676,2369.36867376637,0
37.50135654557963,2370.049399703844,2369.350177263805,1
35.81961857362509,2369.9650122347343,2369.3628514687116,1
38.94469378700921,2369.870303660476,2369.3559499826447,1
40.03462830064819,2369.797979772574,2369.3313594239144,1
45.59348024442719,2369.787628928383,2369.3236494648345,1
52.652394223965985,2369.7606102216114,2369.3359986707483,1
53.416584775168864,2369.799178184098,2369.3451892267753,0
53.613166313264166,2369.7810489765525,2369.371523496817,0
59.30669490973566,2369.8561287990233,2369.408805070988,0
52.7674423547848,2369.9046874797714,2369.4197500493715,1
52.03264410847473,2369.9460221877007,2369.41551400015,1
52.04509558744421,2369.9534600900965,2369.4071722690333,1
59.09081429582268,2369.9729600500427,2369.4166593906857,0
54.54975610359653,2369.9590900725443,2369.4022856915167,1
64.96264002716246,2369.995688967612,2369.4164306089556,0
61.853015599176494,2370.059054772639,2369.460419719128,0
59.324797408006255,2370.1006908170107,2369.5112752073537,0
60.20404724336194,2370.155434682397,2369.571469964703,0
61.890606952078635,2370.29744977288,2369.6428406324985,0
53.43075941761085,2370.367330201758,2369.7242973328894,0
49.364960961629635,2370.5153319321607,2369.8125182405593,0
43.86865324930837,2370.5673376632126,2369.8783258587946,0
36.99475753589411,2370.620505075812,2369.9324436970705,0
43.705282305039034,2370.702726354909,2369.9919918879227,0
42.50050440929247,2370.7240426019653,2370.035959434902,0
42.28048752067161,2370.6475323074965,2370.062845505342,0
35.96820757518799,2370.5377676488342,2370.097899804459,0
34.133296318348485,2370.374139411847,2370.122811660533,1
24.878801896284216,2370.1346103330425,2370.0989861567605,1
18.11834511912464,2369.926179031575,2370.047186828226,1
19.7659759637622,2369.7355046299144,2369.95445055627,1
29.48699939592781,2369.619025096031,2369.8847649205904,1
31.11816798846958,2369.513821158351,2369.8405432086424,1
31.28681257928521,2369.3949196179883,2369.806020819563,1
43.74531588287778,2369.328214247088,2369.8188564720103,0
42.89229849157025,2369.1998864040593,2369.7851862363077,0
49.08700600605763,2369.1493927794104,2369.777205325616,0
46.50412257231258,2369.0935096250005,2369.7269687708576,0
46.187329065742375,2368.9510368321626,2369.682691239952,0
46.971091391390786,2368.8097930990007,2369.6433531150838,0
45.556934089536924,2368.6614567534452,2369.6086355265566,0
51.29378152081117,2368.5676209461844,2369.5842174915133,0
57.441271844436464,2368.513137947916,2369.5557479483973,0
57.41781319417982,2368.4227420267925,2369.5049623183604,0
53.387117220379295,2368.3240743945803,2369.445003183841,0
46.21748104904952,2368.2271590927935,2369.3725108831322,1
38.76693303576484,2368.11433868144,2369.303341918702,1
40.5763892937892,2368.0269015422705,2369.245444924369,1
23.68950075142689,2367.933883686846,2369.1865525296294,1
28.557915269022402,2367.889212104932,2369.1155276517316,1
36.74066878857512,2367.9381595972054,2369.109954513614,0
37.53179374555854,2367.9291704056286,2369.070428188948,0
39.234888886180016,2367.842579595751,2369.0294535827525,1
45.92266101068212,2367.807411972127,2369.0097936993843,1
43.58810368694177,2367.6638792650997,2368.969356606697,1
44.087644536636176,2367.5872933317696,2368.915859480371,1
37.24170112090692,2367.438623749235,2368.832983551671,1
50.90724366550395,2367.392106809164,2368.7713919039024,0
57.41559410710319,2367.3942177987915,2368.6979268398595,0
59.11100374436582,2367.401318116728,2368.6420053698657,0
56.42947790249607,2367.386968674671,2368.5850141213446,0
54.846757655780806,2367.328868355665,2368.53438079774,0
64.99012793499537,2367.298883301792,2368.4861172490964,0
57.48707428507635,2367.2559076082293,2368.4236893326342,0
44.85348488719494,2367.2258006193483,2368.3370478445354,0
44.61499899791267,2367.209892755925,2368.2328460764465,0
46.42619953779886,2367.197811549927,2368.1421902118677,0
42.17076654785282,2367.1832921803903,2368.056587923567,0
38.57527010098622,2367.1471307160814,2367.92642490691,1
33.27717824948738,2367.084192196666,2367.802272449695,1
35.32718729481857,2366.9267688975897,2367.6745292997857,1
19.420468134629118,2366.764410303583,2367.549257245096,0
22.42053051956428,2366.6468632019873,2367.4399968332223,0
31.40587484704149,2366.5437059747283,2367.3461855473124,0
33.19157162593959,2366.45976593115,2367.263645938371,0
36.92569709385881,2366.3582889717763,2367.200162146083,0
19.37470455843595,2366.19911148078,2367.0975210844495,1
21.277187229233107,2365.949805094595,2367.0016581770014,1
31.680990308727885,2365.726900577176,2366.9348429375127,1
32.176863880122724,2365.511859514392,2366.876277562993,1
29.746323515994476,2365.2908756525326,2366.8071625303915,1
44.28719525487742,2365.181551337822,2366.7593912944567,1
58.368779568955425,2365.090080124069,2366.7166208353838,0
61.94917792378776,2365.0680619471195,2366.6929462642865,0
65.75886186573894,2365.118317861448,2366.6530892902797,0
58.55819441571155,2365.1020027813347,2366.5936926273566,0
53.482304150342216,2365.0548131622672,2366.504358365011,0
48.71492752761122,2364.9996696159787,2366.419051919958,0
48.18182523989298,2364.9947359789903,2366.343904565641,0
45.756728663272355,2364.986197488507,2366.2728342054975,0
44.57407935260375,2364.8796399736907,2366.161802587884,1
47.24928425183332,2364.8136473570257,2366.047667809433,0
45.57767844643395,2364.7419298859304,2365.931513608428,0
52.34616221042424,2364.697512029348,2365.8560935483342,0
52.176851920205785,2364.6246972701642,2365.7838950886044,0
41.440953131926484,2364.5078543211953,2365.712440237444,0
27.159924635516262,2364.3702542326814,2365.5998873049457,1
24.36934540048277,2364.23775558159,2365.4859997927297,1
23.15612697578362,2364.1011085340715,2365.4017328764035,1
25.985652850718694,2363.9569282353928,2365.3033640151766,1
38.28228528962641,2363.927976196511,2365.2030891701143,0
38.85138761852589,2363.797652807156,2365.106784255068,0
40.124325531357094,2363.6004460215654,2365.019767405709,0
37.809748903445396,2363.3300121162515,2364.9019863219364,1
46.686524759520815,2363.025510600286,2364.7977418243545,0
38.87655380465587,2362.7308737092444,2364.651124778347,1
39.50397980082982,2362.4954867940287,2364.527103582928,1
35.64047026321842,2362.307875320789,2364.3853593246076,1
43.71688693420544,2362.184074708478,2364.2598473295157,0
43.26399552560416,2362.039073108255,2364.1279362021082,0
53.73679985045274,2362.002495044424,2364.0080131357854,0
57.16470948811868,2361.9730286582208,2363.9053319304553,0
55.49237255281977,2361.9395073724195,2363.787763236679,0
54.320538887708004,2361.807298163949,2363.676649770622,0
35.72785299033214,2361.610942050487,2363.53795166106,1
38.27687369784586,2361.4632708752115,2363.4137914851585,0
37.06962560152107,2361.416699092243,2363.2874423218723,0
39.62488421843119,2361.359203159019,2363.156364184181,0
42.01728632408425,2361.2962205691015,2363.0613688176113,0
50.06756835637233,2361.2559119121456,2362.972051901369,0
40.67672695368956,2361.077097660337,2362.863220675213,1
30.487927146295334,2360.8312891103965,2362.733535777793,1
19.46884479008918,2360.5344423384786,2362.5747990603063,1
35.73084103263818,2360.387840181575,2362.4396400046753,1
38.3811021951125,2360.2586602818214,2362.3172995646228,1
36.6373493000649,2360.216197667541,2362.1942882566527,1
33.96925833758691,2360.138720697973,2362.102947269805,1
35.664714444974095,2360.0223708837575,2362.0143856402733,1
50.0436958591949,2359.8983372519024,2361.9284219994065,1
46.33677704713032,2359.7954785391225,2361.8413838120005,1
49.5803781133028,2359.709274158038,2361.7753725379876,1
50.520881032716666,2359.5865799965663,2361.667343393953,1
55.11015651911622,2359.5238008348347,2361.5612515209855,1
57.785817720365806,2359.525325184412,2361.459555065539,1
67.46720085822056,2359.6723510821585,2361.359564949344,1
75.06725213478097,2359.7821221770423,2361.2858392434414,1
84.41604259318973,2359.9403187035614,2361.2416445383897,1
77.92261495677472,2360.1086789567826,2361.1999679205023,1
76.45124347309718,2360.250882788413,2361.16382754138,1
79.65241522389644,2360.4602853083934,2361.1616870293233,0
73.68886910244323,2360.6807446282155,2361.183662537023,1
75.74673947964843,2360.986591948853,2361.2027136145234,1
74.09825364461419,2361.3551180104364,2361.2200743101084,1
78.72952477621894,2361.6487237554616,2361.2201246951204,1
74.23706058790602,2361.8953870498053,2361.225575476479,1
80.67353109825163,2362.217956414503,2361.2783290939756,1
68.56483704004688,2362.495994940874,2361.353243553082,1
70.37553985419463,2362.842284600388,2361.456197247792,1
70.30275393508282,2363.190489044792,2361.564174203694,0
77.40840518926528,2363.6343528704556,2361.7123536660256,0
67.10821649989198,2363.991610795744,2361.8008263776806,0
64.58818451780809,2364.328052579528,2361.879503302902,0
67.60986871315647,2364.6465658204056,2361.9796994405215,0
56.667060108485316,2364.860305954794,2362.0716726009564,0
54.78816472413792,2364.9599654605545,2362.1333468934513,1
52.70882627740494,2365.0634690458332,2362.218877378077,1
52.026054765002634,2365.1323269381546,2362.2963805960403,1
54.86611066301465,2365.2773769304376,2362.387768564362,1
55.682411454066504,2365.410614893166,2362.4544436152555,1
47.96466478934075,2365.4541213831476,2362.5277063392805,0
53.05504304791519,2365.5517944729063,2362.603382308416,0
49.82888107604272,2365.6601215127457,2362.6775507563334,0
46.97873329398922,2365.7685779351305,2362.751702535193,0
37.80557188063554,2365.8491147339655,2362.8368513231267,0
36.67482315139771,2365.869479467967,2362.9289904434713,1
36.52953269566431,2365.7696889983717,2363.0008963432397,1
36.157960415786064,2365.7785066476017,2363.0979665752257,0
43.72118387615308,2365.736451638805,2363.2070966397064,0
49.777543405280284,2365.6328931210205,2363.2988432244615,0
57.90630617647176,2365.4980257935867,2363.4091992186018,0
51.12176999738508,2365.3814828848062,2363.5225804674683,0
41.68711951433867,2365.290679310193,2363.663259382821,0
43.359334566287636,2365.14570834942,2363.824205844898,0
44.1410291248643,2365.058163854701,2363.9398020702065,0
42.84025306208721,2365.0389082289394,2364.0454460722985,0
38.859560722569164,2365.03167715739,2364.145069174016,0
30.490622055329325,2364.960792612383,2364.2252093618044,1
32.34584532290215,2364.833478179706,2364.3122114827415,0
34.57408514523949,2364.660440311966,2364.359284839281,0
39.67376007274448,2364.518356615152,2364.416857569692,0
39.338428291877804,2364.418782753796,2364.4871857467188,0
36.6694122285368,2364.289184105217,2364.5585923997937,0
33.30123522857143,2364.095076538553,2364.5802128166797,1
23.750299216322574,2363.903008907678,2364.587924812434,1
24.64062385584181,2363.7558658770376,2364.5623963614225,1
30.691041773325438,2363.6692078460665,2364.5557306108494,1
29.000139065114766,2363.5198194217837,2364.5297668625144,1
42.976961385355764,2363.4313387700477,2364.5361605650123,1
48.65730502063578,2363.402278586904,2364.5594015438583,0
48.815762113223656,2363.3223684416453,2364.5540324719027,1
59.36760217319691,2363.316287324401,2364.5767975459426,1
56.34307162745253,2363.303490676138,2364.590018873735,1
64.95544603712601,2363.286541967075,2364.596775427554,1
61.72289114798466,2363.2727909902906,2364.5894289641383,1
58.97036065258207,2363.2856677389827,2364.6015583479693,1
66.8190868096923,2363.363371776001,2364.603235318615,1
78.1713765952923,2363.528995463218,2364.6384095707417,1
81.16915361669716,2363.7242374992115,2364.6649926422706,1
89.56328135169842,2364.0095349443545,2364.686903199106,1
89.51846370568288,2364.310258021387,2364.6872196300646,1
81.49767264066088,2364.5104442190855,2364.6947191160557,1
81.48295810122121,2364.7899102054516,2364.7433354501636,1
82.49842622148674,2365.1884119500846,2364.7969512685518,1
81.93242977456394,2365.582638023113,2364.876857639761,0
78.14474861054424,2365.995315023856,2364.976536186744,1
81.93089407743298,2366.4087081306106,2365.0938262447603,0
82.69839520072229,2366.850053300673,2365.2168574075217,1
83.79671340176574,2367.214930097919,2365.311181832005,1
74.41756758520407,2367.4832862851144,2365.3884701006377,1
71.88006639373302,2367.769993740119,2365.4803814146912,1
71.25480132204115,2368.050134293932,2365.5761334743524,1
70.73863785069784,2368.3750371500328,2365.6759851286497,1
69.11624561972852,2368.712553441621,2365.77436563015,1
65.56400167362534,2369.0536824951287,2365.871256068604,0
76.54161202574515,2369.403913391823,2366.015331917512,0
71.91321934850556,2369.6994586973515,2366.175143198207,0
59.80682297726696,2369.9444611540175,2366.304791373308,0
60.26852498006699,2370.14536001135,2366.428555991289,1
50.246037332346866,2370.239498769895,2366.529545458656,1
45.191458022515576,2370.304297618579,2366.609728360062,1
46.13699684046678,2370.4422053744265,2366.719008111904,1
49.54033251852288,2370.5256655903822,2366.8373299622394,1
66.0751216961506,2370.59777594019,2366.9777783048594,1
62.74940717047884,2370.6687224775696,2367.1210810889083,1
62.4608913369111,2370.77398945808,2367.2705686783997,1
62.76188503593111,2370.8864695795255,2367.435743213615,1
69.94176963940828,2371.070631467896,2367.660792949727,1
72.22447545734747,2371.268661818661,2367.885255287587,1
62.18635680585144,2371.474925708494,2368.114264259249,1
64.86377934631895,2371.702878700832,2368.3541902489633,1
72.55375290755279,2371.983403325882,2368.6019817031874,1
71.73591637498784,2372.221993156601,2368.8491087492034,1
84.49102215728527,2372.4802545379707,2369.128436829917,1
87.19760727621033,2372.798509647483,2369.4294563645253,1
87.51979445659637,2373.1176872971746,2369.760060485567,1
87.31163994671068,2373.4392533478626,2370.0831613989258,1
80.63388611283723,2373.751477368796,2370.3974545521137,1
81.87125842385348,2374.0676763430915,2370.6830910205063,1
81.82718921761146,2374.47205809684,2370.95745726263,1
82.0031458332097,2374.92005842452,2371.2488043532117,1
78.35788614808041,2375.3538790933253,2371.5340448194734,1
75.11736706651595,2375.7589121225833,2371.819498540817,1
84.66327233909153,2376.1253337711673,2372.1132950264964,1
84.68253923148023,2376.5366778190223,2372.4266358204013,0
81.90327287489016,2376.943713742611,2372.7337870798515,0
77.07008549606792,2377.285592574567,2373.004631533041,0
72.93469910366801,2377.5265008848028,2373.2597951183607,0
71.95539868184301,2377.799531406449,2373.515372850482,0
56.205489743288986,2378.0590087029013,2373.734053762668,0
44.009245165804145,2378.2008417283237,2373.9104237317383,1
54.56952076479592,2378.3283689735126,2374.1291516049578,1
57.010163891633844,2378.4892547773115,2374.3288465779474,0
57.56463246550019,2378.6407665196666,2374.50937865775,0
48.938329885550246,2378.7000564608684,2374.676423739628,1
50.647489683174584,2378.7481649028496,2374.8612004371644,0
53.393825681179536,2378.8022609514346,2375.040582527255,0
44.88342082951121,2378.820922847234,2375.1858023707377,0
47.17911551962157,2378.899807261525,2375.3570418859485,0
46.30333424540234,2378.9666949906054,2375.550820744827,0
47.884928334012024,2378.9814104600796,2375.733371041196,0
47.165316045271744,2378.967648537794,2375.901050517018,0
36.90802477145194,2378.8884740579524,2376.024873303985,1
43.531254140595756,2378.810817855851,2376.1526007921884,0
52.718366926153415,2378.7092325393287,2376.2888558380814,0
44.73526745036397,2378.5846996152573,2376.406101569225,0
48.595861105475485,2378.5447535840653,2376.5427494877267,0
40.22369635266687,2378.4567094335016,2376.664694430154,0
41.935842086508046,2378.3068815528272,2376.779981467073,0
35.04663035888582,2378.1783740543124,2376.9096038764346,0
32.61994271846915,2378.122441877502,2377.037681435307,1
38.31268634529607,2378.008885187696,2377.1558235302655,1
31.4077880740941,2377.8920724286418,2377.2754093132507,1
29.00648311057165,2377.7371115313626,2377.365112894219,1
27.54504231707682,2377.590129083622,2377.4449863820487,1
39.75208019619478,2377.481085791334,2377.544038970466,1
59.77628743978747,2377.4574981592145,2377.6689939591306,0
58.10113776092563,2377.5030150970842,2377.758755822413,0
53.23973102600849,2377.461289483702,2377.8340929519654,0
59.543953411320544,2377.4722347026172,2377.9497443424757,0
48.73176412527622,2377.4411529959225,2378.028680759232,0
53.100540034049615,2377.4117999460786,2378.072409165097,0
52.653539137420424,2377.4352110903983,2378.110160477504,0
51.3078399656983,2377.3885073487145,2378.115901916486,0
51.30263278741985,2377.3201283494245,2378.0975033188574,0
47.613708791674384,2377.22494567226,2378.049004919259,0
45.863411514476155,2377.079129765364,2377.9987000547276,0
47.291693133604824,2376.9897553059354,2377.96000560501,0
48.307814536767815,2376.8993984766194,2377.9126703204843,1
38.397444748572326,2376.8282214432306,2377.852069214991,1
19.699352383267936,2376.7589622503165,2377.7732429656257,1
25.59030941112725,2376.719398098837,2377.7020311324704,1
27.426657655760195,2376.6566962303623,2377.6345229563626,1
21.392674439294098,2376.640861369643,2377.571323933609,1
32.446346539760725,2376.683553257673,2377.503736557509,1
39.31476935492112,2376.6816660955874,2377.439219911656,1
53.449990433522146,2376.6388271646438,2377.410287795162,0
53.72318318195113,2376.545481131636,2377.366347921147,0
52.433690952757374,2376.463478989056,2377.299671985008,0
66.87334939003858,2376.392990633247,2377.2833371146144,0
64.95556239851713,2376.370079901667,2377.2963760285693,0
49.61140320038658,2376.2479551554793,2377.2402436378834,0
51.406743964008335,2376.145556357619,2377.172681109627,0
53.66753878341814,2376.094936562984,2377.097569933813,0
44.32757480276142,2375.950833212968,2376.9978140196977,0
46.37717984551341,2375.894654171715,2376.907600626805,0
44.60591720126315,2375.8094204533413,2376.8015638554903,0
42.68465515631209,2375.7362421728676,2376.7261333352635,0
39.58517025749367,2375.678877899522,2376.624298575683,0
33.751713065269726,2375.584800103671,2376.499311260217,0
24.82320968367182,2375.4571359411516,2376.3635331580545,0
25.146309395930643,2375.25967462273,2376.218841566445,1
31.452955877490055,2375.1115773567185,2376.123764275869,1
21.91344996286493,2374.924590493551,2376.016832988689,1
21.48151284250227,2374.6932964903795,2375.897362137929,1
24.981803981466797,2374.4017569028283,2375.7660428266845,1
32.54550085293026,2374.1025494853247,2375.6334061556654,1
39.01328173188573,2373.906685753912,2375.5463384493105,1
53.03926555613688,2373.777139102699,2375.487775004957,0
49.629484114176044,2373.5967579930407,2375.450690690106,0
54.10934764271686,2373.4382627450805,2375.422704375601,0
47.39963321275411,2373.3437349319984,2375.3741835356045,0
47.321747532797346,2373.247493087573,2375.314849373199,0
49.81607466946482,2373.118499253807,2375.2501250227906,1
46.739044791374965,2373.0211694603795,2375.170230170401,1
54.83967167112366,2372.9127639781227,2375.080271901521,1
47.54685453258762,2372.805073796565,2374.94059411043,1
52.91036285972579,2372.7320787666968,2374.8177588031085,1
58.08358624068409,2372.703392854673,2374.7211399240714,1
64.0609790624016,2372.7485097184826,2374.6098212665634,1
62.37083554136758,2372.860962270549,2374.531456867905,1
54.2803559799927,2372.9862055807885,2374.4486038203286,1
56.797316145710155,2373.1423360207127,2374.4066142479946,0
55.14912047063055,2373.306093005399,2374.383867251363,0
55.195158783787285,2373.5028018781522,2374.37043154942,0
57.98309231718094,2373.7109320540662,2374.3604373794064,0
54.64596666737658,2373.8339696106877,2374.3353420937947,0
59.689579102074525,2373.917530956761,2374.3174487096408,0
71.35380428221441,2373.962403086724,2374.312976848998,0
62.53986013631742,2373.9560036284843,2374.301803564207,0
58.145424410666784,2373.8804738998188,2374.2713090354014,1
46.50361844745468,2373.802784760379,2374.207538200221,1
48.038621522667114,2373.7827737346915,2374.165280374931,0
42.73703275756957,2373.7655869645523,2374.100015260754,0
38.12037782252383,2373.8078643369445,2374.0199546021095,1
47.90088597183209,2373.865873582921,2373.9539548964544,1
34.01123318632021,2373.9068300042936,2373.84779524629,1
31.618361476096524,2373.87086895634,2373.7479139329903,1
27.868874517599806,2373.7688873792144,2373.643303280134,1
38.27164264834792,2373.709359822269,2373.5363689421724,1
49.58973936179578,2373.705052242477,2373.465445804229,1
50.55693734785376,2373.7554197469844,2373.4515896569305,1
52.43965481687606,2373.7628086344057,2373.453515158709,1
53.1876761737436,2373.745258304475,2373.4439959479596,1
64.24700385506813,2373.7935238466152,2373.507507802879,1
70.68559569821527,2373.878460292273,2373.5539598276305,1
69.95774145687182,2374.0347677589393,2373.625481016034,1
72.62686509734229,2374.167762387703,2373.690056795575,1
73.01574591270791,2374.281335173136,2373.753959758444,1
73.44250130751976,2374.493003743589,2373.8650850201743,1
80.96153779823635,2374.7837983299823,2374.001973990934,1
87.32518376990332,2375.1834448583113,2374.1770462944537,0
92.70592919216156,2375.5454591648268,2374.3388330981747,0
85.3571045703955,2375.8980689624714,2374.4894066483225,0
78.10989360986402,2376.240901384628,2374.6389965598087,0
76.72467747027662,2376.5298388061324,2374.805187657776,0
70.1554134024662,2376.838602241455,2374.942216348742,0
66.6732976154494,2377.1321470134612,2375.03809843681,1
64.15567014949085,2377.504499139881,2375.134247295007,1
59.76677934791131,2377.7903337242215,2375.2137992346443,1
56.71856003555431,2378.0019606784494,2375.2909249775767,1
58.67169136080453,2378.1953704472576,2375.3922438630343,1
56.78345830542937,2378.3339187020865,2375.488085404515,1
55.84121398529143,2378.553713135682,2375.618081500709,0
47.48049877074898,2378.6509287593535,2375.7594115224683,1
40.630789416813975,2378.7479015433933,2375.8880148537382,1
40.57078581407585,2378.82059462511,2376.0316893474524,0
44.443587995366904,2378.895338520263,2376.155360697002,1
40.932551247598376,2378.9289272143787,2376.2441735023262,1
45.5604327726034,2378.930826920185,2376.3380119008552,0
52.519914807721555,2378.9408781056145,2376.4339403249605,0
54.91124283906491,2378.8658515314587,2376.5289046747216,1
52.43440675851052,2378.8089113187207,2376.6054632173777,0
57.69451002453055,2378.8009020748914,2376.687330276119,0
49.69267675076159,2378.7650020625633,2376.743876633573,0
44.243846814851324,2378.690826283953,2376.797145349731,0
52.32627363260627,2378.6872417717805,2376.8835252131794,0
46.846837212476224,2378.740332363359,2376.967218999449,0
49.60856236341078,2378.722794155833,2377.038403722651,0
44.01721424293806,2378.6927117154933,2377.108482469448,0
40.457567996165814,2378.6364858133174,2377.1933297429764,0
38.97295164174929,2378.550635386351,2377.2913841134236,0
40.6988266323667,2378.4544725630926,2377.356764935875,0
29.61440131412614,2378.230607196686,2377.404089593563,1
32.051661100446594,2378.097028032184,2377.4750770005644,0
39.510249239626425,2377.991809204043,2377.538389102187,0
31.947977475334227,2377.8258154495747,2377.5992835255647,0
30.60305961747879,2377.6674443310435,2377.6739908468826,1
31.593220987803676,2377.524860188935,2377.7465626262147,1
33.27890391627331,2377.336980655822,2377.789060234276,0
24.798509012094144,2377.1055700327015,2377.79414744105,0
21.549423792112663,2376.8840687820957,2377.7803642887666,1
35.81689760866978,2376.7143859265643,2377.7860941342415,0
37.12520527997647,2376.5120937361944,2377.794064448807,0
36.19909595193923,2376.328695478636,2377.757945286381,0
35.24416503039019,2376.148951120481,2377.705341681014,1
43.1915941731444,2375.9654265827858,2377.6557887427175,0
43.50989425345604,2375.7034413044175,2377.5814905661346,1
35.23275151696146,2375.433523227224,2377.499278944286,1
37.74725751037375,2375.2558170992825,2377.4136078117253,1
43.37647471675297,2375.108486170785,2377.323204879297,1
43.655339580677094,2374.986611303684,2377.2126506915724,1
56.39506500508596,2374.983860816294,2377.132125596462,0
58.43346073110715,2375.0606348115175,2377.0691159331814,0
56.78341528702301,2375.06348082883,2377.004108778245,1
57.43388042777362,2375.0162184169635,2376.9329409465195,1
44.7430547943728,2374.9744689308077,2376.8536302013063,1
51.77425079504254,2374.97750447443,2376.812133831271,1
57.3662357178861,2375.039612014863,2376.7606077762075,1
64.52889404584897,2375.1571588102233,2376.7357902686767,0
64.9916673610335,2375.3370156259207,2376.7281694200383,0
71.84940907359658,2375.5174173790097,2376.7091830614672,0
70.75102328326759,2375.579911134655,2376.684491107269,1
66.38004904267518,2375.657949393236,2376.6357589518284,1
60.44714541459264,2375.733407761987,2376.590936887435,1
60.35123699064621,2375.8459676629345,2376.5445681288306,1
56.43334799063867,2375.962060360859,2376.5123750370176,1
54.41972635262094,2376.1375115662104,2376.4783597845135,0
59.20420113247734,2376.3494674918147,2376.4674950552603,0
60.403031872259334,2376.499796679166,2376.441195715318,0
71.6010741932235,2376.6724755218947,2376.4158438458094,0
61.633100360889735,2376.8107661886506,2376.390616554449,0
45.8863082283526,2376.7759131465345,2376.3189263275876,1
42.101155171075234,2376.7500409406757,2376.248771479495,1
40.67148764768311,2376.792009558124,2376.2149117764698,0
45.40677640556517,2376.8631162276374,2376.201856923993,0
46.96993875138964,2376.954030969694,2376.160345880471,1
41.8453420631321,2376.9493077462216,2376.0957239844156,1
48.68019000920272,2376.941381955319,2376.048042896002,1
48.5537240935577,2376.8941387565355,2376.0163610850936,1
41.001831816713604,2376.7933444955033,2375.9909128929125,1
52.24626447291632,2376.782017199428,2376.0017357866977,0
47.085054438087695,2376.770608013666,2376.010945287498,1
54.85728432322646,2376.832268833201,2376.0764236064347,0
51.92837398557804,2376.930111451763,2376.1241702552666,0
47.281596065859546,2376.947932976233,2376.127017637707,0
55.926475786397184,2376.9133025192978,2376.147369864907,0
57.795623491058286,2376.9237774912676,2376.180893048603,0
52.03448002141917,2376.9136504583294,2376.2230111630183,0
43.80539718974652,2376.8482861083903,2376.2457178963455,0
45.6251551148216,2376.744232074282,2376.2713086624412,0
46.75965353516441,2376.6326024409896,2376.2900300180067,1
46.74686584214131,2376.6285032342066,2376.2845732506444,0
49.598014371003124,2376.636505265691,2376.298536091294,0
45.97368779036218,2376.562743104013,2376.3085308266204,0
34.70461862871525,2376.4428938103406,2376.3194339999372,0
41.903961723473564,2376.3789194350907,2376.325743021393,0
28.66828360502258,2376.3259917726364,2376.3447441717035,0
25.788635323430242,2376.2099978834785,2376.3586327585035,0
27.342217898010773,2376.0411971909302,2376.330513121753,1
30.093777321808957,2375.8915097480067,2376.304122323802,1
25.733408155681545,2375.6812900801447,2376.2796072972824,0
24.969474090549866,2375.481580574835,2376.2100331909146,0
28.980626647680722,2375.211073004525,2376.1365988836374,0
39.62369693243034,2375.000379373386,2376.098929673089,0
39.193063399031,2374.8241461550456,2376.050188732939,0
30.482473033645874,2374.5770113385174,2375.9883868279903,1
28.622375452428074,2374.309699701954,2375.9137711396124,0
31.09459917611717,2374.0525742201467,2375.828196045132,0
31.08261833798248,2373.8260388765166,2375.7132699228623,1
30.418489553501047,2373.632167323652,2375.589369341534,1
38.22200981551586,2373.50615167153,2375.485523735015,1
34.62224198899675,2373.2721323225696,2375.3614617258104,1
36.215682005462256,2372.981073064593,2375.2277855598372,1
45.57389973193048,2372.8249652721743,2375.1451538306956,1
46.66574120441523,2372.7204258385923,2375.0692172702,1
51.641394610432066,2372.6126648519376,2374.9859848178244,1
55.4493219687088,2372.58617340756,2374.924208908243,1
50.39887432933446,2372.6036510416243,2374.860306178427,1
57.14066138427971,2372.7001436873634,2374.810651925032,1
69.08914929580845,2372.811277270338,2374.759643023179,0
69.30555679454557,2372.9316062044018,2374.727943303583,0
68.10393352188618,2373.0664165008557,2374.726234532643,0
72.71894816724753,2373.2079057383594,2374.719744802711,0
67.49850042934231,2373.2647752179246,2374.688035937009,0
65.00616999578375,2373.36111967595,2374.6493901122644,0
71.94791870597282,2373.4887942026508,2374.6022921211734,0
70.94229325627552,2373.5666407466724,2374.5607043397927,0
59.79812019025966,2373.6376108555733,2374.5066876052333,0
50.05622875264538,2373.6992337506886,2374.435307920524,1
42.7022191606482,2373.7145727454804,2374.357860641525,1
32.13208363386809,2373.6897856954156,2374.24863113341,1
35.6622614711729,2373.7694202599323,2374.160986624317,1
36.96105501660002,2373.9131290328964,2374.060129639715,1
28.416330042575055,2373.945585781758,2373.9513435626936,1
35.4517636483977,2374.0081105186773,2373.8932882871777,1
43.71230232890998,2374.0811355532105,2373.8531180313894,1
45.777811464278415,2374.127408569876,2373.8056613396866,1
49.87190470492819,2374.1791447987057,2373.7665039145777,1
51.59327619137566,2374.2117784948064,2373.756048879598,1
64.76632258960869,2374.26317175518,2373.767218895538,1
74.83058878023903,2374.341946542074,2373.811680944016,1
80.08047590472847,2374.486999676928,2373.8696331097312,1
88.10376387645354,2374.6268235281623,2373.915872107699,1
93.44200515865543,2374.812380528569,2373.9878909068316,1
95.6862490664567,2375.0511668170575,2374.0926993149515,1
90.08908536123454,2375.311744099834,2374.1754219870704,1
86.40563873304338,2375.5912096681122,2374.2667914979834,1
90.47789591804089,2375.882609184588,2374.3757321256776,1
90.0394689337968,2376.2477408678405,2374.517925391288,0
90.0147250366734,2376.6696801279513,2374.6691287935028,0
87.19714088929582,2377.0889418626844,2374.811691846426,0
74.50205889258748,2377.431768725456,2374.9410618845654,0
74.323991306307,2377.746472653925,2375.074289499475,0
64.62090237210086,2378.042995311756,2375.1683899380414,0
51.25420907929879,2378.226516336711,2375.254236359844,1
38.73302007599414,2378.3219380560913,2375.3510887184193,1
40.37200627854889,2378.4102512625077,2375.4458819639085,1
44.56548580049724,2378.5468599981896,2375.564218225795,1
37.44502681296249,2378.6722596808463,2375.69453720133,1
41.198654656387426,2378.7586325436623,2375.8178049835424,1
48.99135679987012,2378.843378017643,2375.9465714824614,0
42.690030582194254,2378.8129474261245,2376.085959151153,0
40.84070580535737,2378.8016708181954,2376.2441112091406,0
35.80926118952229,2378.7677319322934,2376.364997570879,1
39.79528257641524,2378.70269348448,2376.4856063733064,1
43.80871397139794,2378.643264321727,2376.5876617749864,1
39.18275769098929,2378.5638543415052,2376.6578638715614,1
43.65401878880571,2378.489423250935,2376.7300410094017,0
59.266708208521834,2378.444975863779,2376.8158582618544,0
70.58676559809328,2378.3983579947753,2376.903961083278,0
65.99548165551137,2378.340666979413,2376.975316156431,0
52.34850553017351,2378.289681460786,2377.0303678685373,0
44.54360840161602,2378.1615658930396,2377.0557535613475,0
49.39655047045226,2378.1228269488606,2377.1116106304157,0
40.76195856958928,2378.105482161341,2377.151981354001,1
45.207264755179054,2378.125671699732,2377.2058397172514,0
48.87145914577174,2378.1856544428515,2377.29348744238,0
43.10535579024067,2378.1266396333144,2377.3598297368917,0
46.73786539480109,2378.1257596235073,2377.4651475504575,0
47.49029224564293,2378.1062787693586,2377.5744873930935,0
46.4153425597044,2377.993538785045,2377.6680727183134,0
45.123417943422304,2377.932682960009,2377.751264231184,0
36.194709053394845,2377.8221162068535,2377.8077060787227,0
34.18959280565933,2377.729645837026,2377.8786215929863,0
33.8341374246659,2377.58860787149,2377.9178053144315,0
32.46271454006653,2377.3904435738536,2377.9113849832434,0
36.22295110573368,2377.2161742664575,2377.8933701501937,0
25.709708881465644,2376.982022800799,2377.851192210239,0
29.04670319471029,2376.6900764775664,2377.807177454958,0
27.086665812368068,2376.316208536861,2377.7251757959502,1
17.907953131544602,2375.9431277948356,2377.615788657535,0
22.086350803964166,2375.6309894464184,2377.4879637763333,0
8.973255794054865,2375.3776354403476,2377.356078326221,0
11.692197765419493,2375.0816546675223,2377.219320285997,0
20.089908595660944,2374.851088672852,2377.0719500963182,0
18.196846938702905,2374.5872258667114,2376.916032424003,0
19.526864115653837,2374.2679387139033,2376.7641790606963,0
11.078117631695505,2373.880027467414,2376.558797050022,1
13.616450678038987,2373.442318972613,2376.3429787923665,0
15.835946469321556,2373.0027235307525,2376.1077047542135,0
14.701065352869179,2372.5697334309625,2375.8603893456243,1
19.581463089159442,2372.1592661451505,2375.6422631990617,0
26.94714094204997,2371.824610633682,2375.4389612706254,0
28.890270455584485,2371.4532816203528,2375.2427361164246,0
27.611286683306787,2371.07008532477,2375.055232909655,0
27.487867184881424,2370.7699557281217,2374.890592052055,0
24.78541112034779,2370.425224366183,2374.699359391664,0
21.81060224079296,2370.108339551515,2374.475784031569,0
25.23556289527953,2369.8321780279534,2374.271144793801,0
28.238122785508224,2369.605988886876,2374.0641183332355,0
24.32422120772499,2369.3241415793664,2373.808094082225,0
27.548080741187434,2368.963111093798,2373.548029243403,1
27.009960852294014,2368.6170623849366,2373.282234952918,1
32.91323774075818,2368.295492087792,2373.0304243481964,1
31.266272969550315,2367.882005445674,2372.743674880796,1
31.985377215856914,2367.5328246558447,2372.4718565576495,1
32.8123880846187,2367.23943350794,2372.23441072727,1
42.72135372480768,2367.154736871454,2372.0249224982294,1
47.03251407365548,2367.073395813295,2371.794346772173,0
48.31595973358021,2367.0243594241333,2371.5581053259566,0
45.73012764755934,2366.929333648405,2371.295856013221,1
54.55110998575477,2366.9056691977057,2371.0886582938297,1
49.01113677748006,2366.812077235394,2370.8991658075674,1
46.05811468392553,2366.70018713665,2370.673680191541,1
51.06478842897745,2366.615881372138,2370.4593925939735,1
62.372636990232884,2366.5854415336958,2370.2744999856413,1
66.98169664422997,2366.6967478038214,2370.103796736052,1
65.45757006441283,2366.839485675947,2369.960922448622,1
74.60389286194939,2366.9732508285106,2369.8101412758024,1
73.91286819188345,2367.1062569738297,2369.664109615024,1
66.30654879833645,2367.2729299787857,2369.519850559721,1
65.33353595496867,2367.570552396464,2369.403177017985,1
61.74517320558454,2367.8368062872228,2369.288110985066,1
64.27503506654222,2368.1299857858794,2369.1905603277382,1
76.74021478799199,2368.5398117960717,2369.1241564506286,1
74.1292208573393,2368.9562107525226,2369.0981634291174,1
80.33935375632333,2369.3925549589244,2369.1049630042567,1
87.86950049313167,2369.8426786471346,2369.169184836764,0
88.3168138463872,2370.2725436904325,2369.2273336573194,1
82.37932524278658,2370.6497848652116,2369.291535857297,1
69.25039545477398,2371.037782623605,2369.333717944729,1
73.13390997180085,2371.4315775702958,2369.408893543381,1
69.4986992939919,2371.8308048451545,2369.4804335694903,1
71.42215415033093,2372.3127724406336,2369.5661273007854,0
72.6667451130099,2372.77529806679,2369.6290763515485,0
72.7652061911064,2373.2388873820155,2369.7351645917624,0
72.4344350441205,2373.586150151667,2369.8310813111575,0
64.78264496194942,2373.8807278087943,2369.9612025851743,1
61.01497631378601,2374.1270418417794,2370.084030423469,1
57.409983474321265,2374.3503566847785,2370.203162876634,1
53.76619746752513,2374.6390353381166,2370.3475713225826,0
45.09908512267762,2374.8665884475363,2370.486105938939,1
48.44028503003226,2375.1441347519517,2370.6159206323737,1
50.50257844948179,2375.348618966509,2370.7486952662007,0
56.02690471945151,2375.474557233035,2370.8859452139345,0
41.89999060617946,2375.5525916270863,2371.0112177887036,0
54.48249585531617,2375.639264582809,2371.1905790909072,0
50.33970251429803,2375.645650534493,2371.384109229955,1
44.77465968705986,2375.5796957323178,2371.5263407390653,1
34.184659390160576,2375.5252843343414,2371.659254036283,1
37.33588031177364,2375.5493183711537,2371.823788661444,1
52.92570389921683,2375.557381104999,2372.0466015478614,1
58.28642450848881,2375.624179067837,2372.2832802426506,1
56.30692352197777,2375.608706842931,2372.491413202841,1
62.29097306633199,2375.7196190628683,2372.764121798427,0
62.385858777452334,2375.767754242578,2373.029136426456,0
64.05962077739024,2375.8937473184023,2373.292806835342,0
60.31144179964866,2376.021208819676,2373.507791364463,0
53.976456201429166,2376.0610840543777,2373.679105719902,0
51.40643398612636,2376.0658930575023,2373.8197763299822,0
37.02626267169281,2375.916836730162,2373.942572555285,1
42.84636680761434,2375.8543197729987,2374.0655661690566,1
48.06204735261973,2375.7752760368085,2374.2012001529392,1
47.04177395377143,2375.670887398804,2374.336975371062,1
48.012549329875576,2375.6112080168396,2374.4840758718155,1
43.162536504063226,2375.582444418239,2374.6100189425206,1
41.82623556701293,2375.496720603541,2374.710568210795,1
48.00354081583758,2375.450371207599,2374.828463442616,1
38.99477833946781,2375.4717754539147,2374.9257505892265,1
36.97089000355529,2375.478794488524,2375.008269042161,1
35.315153071085916,2375.5150498904095,2375.1206366260935,1
41.26413803504022,2375.5095826161605,2375.2222136357395,1
49.15952889475055,2375.4669968256003,2375.335356458001,1
61.965064824898334,2375.548381916047,2375.458771654908,0
77.47063153676552,2375.5155198914363,2375.5544050365725,0
65.77306731093546,2375.4479099625523,2375.625816110468,0
66.45405504594547,2375.347170498325,2375.6746530511027,1
68.1165641862236,2375.265633859718,2375.676973449496,1
68.25299027296569,2375.2998444058862,2375.6900260060834,0
62.35995182189288,2375.3570718814362,2375.702691136472,1
57.733716241825434,2375.5283030047167,2375.73878070773,1
60.321348376295155,2375.6906841717077,2375.7692088096214,0
59.700834897203286,2375.8282605276736,2375.8001824259477,0
60.133959542837346,2375.9708685826176,2375.8002138278553,1
61.322047467308494,2376.1421988279103,2375.8308361762633,1
53.198990877729244,2376.263914033744,2375.820029603212,1
49.83149222404411,2376.3330741745476,2375.8093378199474,1
42.35712256957555,2376.3769155041255,2375.8269385207486,1
48.81576898508173,2376.46989013678,2375.862889907227,0
58.01389035597364,2376.6468773973215,2375.9268773271783,0
52.89438422319921,2376.760864776,2375.969368401247,1
58.29115787575355,2376.8665991904813,2376.0222179329176,0
54.2330070168963,2376.9496598446567,2376.057566495083,1
55.29955940999379,2376.9213921059445,2376.087880910682,1
61.439952775311134,2376.9587657634384,2376.1480884487337,0
51.76181272377368,2377.0101515639626,2376.208840085218,1
54.9205315438901,2377.0559418912285,2376.2413239744706,0
59.884293384556834,2377.1349529115396,2376.272694400315,0
48.94192873675582,2377.151313095831,2376.3186729514887,0
58.95176388238241,2377.239637324571,2376.3884323325638,0
65.37898150402577,2377.366382480375,2376.465606351418,0
52.171581705060156,2377.338042394903,2376.4814733255826,0
49.21225098538253,2377.33702264815,2376.4853198580727,0
39.439754231557146,2377.337038025791,2376.4915463009993,0
48.50045065737987,2377.3341092641404,2376.476632256772,0
39.68539016955581,2377.31540618703,2376.439090380993,0
40.06956401734631,2377.3101617603807,2376.375903596738,1
44.217495713808795,2377.2963358709503,2376.3369893412582,1
37.76522423673323,2377.2471471363306,2376.337315140008,1
44.490775006190184,2377.1796576763363,2376.3723831747116,1
37.201293471092676,2377.08132021019,2376.435161793258,1
44.495564195784404,2377.0252189705993,2376.4905776119576,1
50.72015923585178,2377.008767845342,2376.5509632184967,1
52.24389244897055,2377.0709316739444,2376.6478986207385,1
53.39331083807155,2377.1199365980256,2376.751579881208,1
62.91791822358723,2377.1904592933624,2376.852046035268,1
55.3754632094957,2377.1984858764217,2376.9220300836228,0
56.35268316060354,2377.1777471534624,2376.96364477866,0
58.09188534748062,2377.263421138871,2377.0353312254715,0
69.63917658147155,2377.3658689213307,2377.1432621056865,0
68.18060212720314,2377.4211214688403,2377.2280349827906,0
54.61957800336764,2377.443093469376,2377.2548776668687,1
53.69168182409451,2377.4454610360904,2377.2767055422682,1
50.23785077098313,2377.4672394246454,2377.2590893044394,1
54.982292467146614,2377.435143896463,2377.244481858783,1
50.87413099060333,2377.4820059298254,2377.252728767902,1
52.23629218340097,2377.5781755451053,2377.2683056154506,1
50.80078925749365,2377.69947616023,2377.310526261463,1
49.02357892816701,2377.8364315291938,2377.3519499893314,1
42.59896815720385,2377.870837739813,2377.377889518062,1
45.759692135370194,2377.952332840564,2377.4047737275973,1
56.19316572585947,2378.0599149591826,2377.4382699269477,0
52.170323369099066,2378.161459960842,2377.484242991764,0
48.18631396139766,2378.223329016719,2377.548882794379,0
52.241117948012075,2378.2646079034175,2377.600543511411,0
69.7281804674241,2378.3229663795946,2377.675666973608,0
56.81999183647101,2378.337368296965,2377.72374773259,0
57.054445001484346,2378.364731368908,2377.7587711245733,1
58.10891269754598,2378.3269961942656,2377.778173648466,0
60.69069354276051,2378.285103324327,2377.7985524764886,0
57.83089297175741,2378.2699013693773,2377.8316496201414,0
46.45848671243502,2378.3015711304115,2377.828866442841,0
46.388963104037394,2378.358952047064,2377.8404224232318,0
50.5809479294662,2378.3956880933138,2377.8488076993867,1
46.86173926546808,2378.3937436184005,2377.818473000768,1
31.386941272453868,2378.3372912135455,2377.783584627735,1
32.47561184845108,2378.2674904747046,2377.752925048841,1
37.70821621337306,2378.2084282035694,2377.739916378275,1
38.36993068124062,2378.1508547646363,2377.7517666568533,0
39.4978716632567,2378.1905930827256,2377.758271821324,0
51.862674134099116,2378.262901201035,2377.7633812158606,0
53.629959033799906,2378.247098815077,2377.8018924950175,0
56.91754481086942,2378.244204985126,2377.847115926554,0
40.26885519473955,2378.1298473537545,2377.866006525564,1
40.59402966097205,2378.0055538188435,2377.8691213332922,0
42.80462443555978,2377.8228480976477,2377.878643737855,1
46.36265507129092,2377.7819829665973,2377.912476215077,1
49.09969338527802,2377.7448125960145,2377.938161814599,1
55.270180902741814,2377.7103958622342,2377.9634731388273,0
51.77469488796995,2377.5645164375137,2377.9524959809596,1
53.838679003233324,2377.457403332569,2377.982082869093,0
51.04975922867807,2377.441243807899,2377.9952763777605,0
51.39399605635121,2377.430158632276,2378.008978738005,0
44.6218507030012,2377.4187055284956,2377.987917241207,0
39.10552494529435,2377.424978256561,2377.940489664182,0
39.774551349323744,2377.473561324673,2377.8968254402594,0
33.519677103940296,2377.4726642871888,2377.862596413148,1
45.549665288159176,2377.438812518621,2377.844342524338,0
36.215200082906954,2377.2992070481355,2377.766081020559,1
38.11318643421591,2377.114818866449,2377.657851799371,1
41.59410778909295,2376.983379012466,2377.5882842333112,0
44.343700768359895,2376.8654655045284,2377.570841309079,0
44.99005912101595,2376.726346517774,2377.5594701192276,0
59.51855841209701,2376.7633876111286,2377.584465800157,0
46.16739035239204,2376.7025470256795,2377.576082584979,0
40.9489998911076,2376.650890997023,2377.546197764734,1
37.303743832643256,2376.5366719385956,2377.4958747724727,1
43.502606295830425,2376.4626731416965,2377.4434406071855,1
49.58089834206332,2376.422462675796,2377.3978855974683,0
45.79482814147047,2376.4078148165067,2377.3672868116373,1
51.66944351667387,2376.3924118945424,2377.3581144906843,0
48.80060101709909,2376.335783257074,2377.3056236969173,1
61.078808536468536,2376.305342289338,2377.2665316694033,0
58.731894147819965,2376.2661165277646,2377.2050322456253,0
52.22729104097029,2376.252903896025,2377.135808061225,1
48.51848939850453,2376.2111405934934,2377.052095125819,1
51.92145792740683,2376.2393984422333,2377.023408471255,1
41.69732504391554,2376.2293493238044,2376.990189706297,1
51.55966471719496,2376.304038768326,2376.956898050183,1
58.65225416356773,2376.4185024510093,2376.911211450044,1
63.485773804700415,2376.4829063343973,2376.8734862193196,1
63.59500502296302,2376.565208888964,2376.8762964125,0
60.875686166407405,2376.6492846880233,2376.875603175611,0
64.10193471100135,2376.6372214690446,2376.8810791504498,0
56.63555302075945,2376.704608445004,2376.90042851562,0
59.862806542779936,2376.805634758163,2376.933535182581,0
53.8861128650675,2376.9326916972345,2376.9619552614845,0
62.44436915787857,2377.0195277210723,2376.9678804141863,1
63.98358720082682,2377.0721056272196,2376.966385942501,1
53.87060385416891,2377.098633647303,2376.9305030374685,1
50.93597240275002,2377.111937705879,2376.8977290926223,0
57.093228721545856,2377.1486188467034,2376.8662317095677,0
63.843391265479745,2377.1769092190434,2376.839613362971,0
60.898570033677274,2377.2465117196048,2376.8516979919655,0
43.743257169624336,2377.251510780988,2376.834190846083,0
34.21911321282157,2377.261778687414,2376.827667361725,0
31.20353898397947,2377.221808182053,2376.799338557437,0
40.11617028558661,2377.232465057571,2376.7852506909194,0
32.37760999910435,2377.1620089324692,2376.7375432782774,0
32.49497448188187,2377.0729275321396,2376.7145758878946,0
34.43290713887478,2376.98258280112,2376.68355800674,0
32.60968574688471,2376.8303004503905,2376.6319190694967,0
32.992038627343675,2376.67255822898,2376.572563014293,0
36.300055773036576,2376.506464503814,2376.5161827405773,0
28.5831840978706,2376.325175811134,2376.4605075374493,0
25.899016042450555,2376.1265234318407,2376.3947200254484,1
15.462172151537075,2375.8894596738055,2376.3286734161316,1
21.50573515021773,2375.6856275141618,2376.2666064124032,0
24.027682549666395,2375.4516291426057,2376.2273547802893,0
22.590279746991655,2375.2422045251906,2376.1814573009656,1
35.840599157896676,2375.076802843071,2376.135098624864,0
37.12434360453905,2374.942586269869,2376.097080015704,0
37.850118821297364,2374.693834345699,2376.026608494141,0
35.086916712171075,2374.4144852696386,2375.9121370553694,1
33.50523950703122,2374.214370615588,2375.8389202820463,1
37.55335720826348,2374.0415440117986,2375.7839285676355,1
32.58702405407939,2373.817094890305,2375.711507738121,1
40.32113489140966,2373.6092722563067,2375.6438903367634,1
46.449632927817184,2373.5172695408555,2375.575466024301,1
49.918154157274614,2373.442895710009,2375.5286082452953,1
57.54778276630675,2373.4022440101585,2375.4874908529864,1
56.81074972590147,2373.4061434254227,2375.4600631368357,1
61.49917473808141,2373.4250009554635,2375.420426480743,1
69.93438008884043,2373.531247116744,2375.422234976169,1
68.39552383955208,2373.710724978582,2375.443635970472,1
61.583627852907256,2373.872879336069,2375.4594155224786,0
73.48287310176235,2374.088789180402,2375.4684297113986,0
74.12073302117673,2374.2507835776582,2375.4751801139446,0
74.69274622727796,2374.4623422320265,2375.49067616577,0
75.01531889773537,2374.729081826957,2375.5056890513447,0
75.69081647965146,2374.8697655827164,2375.4898423241916,1
72.2446470254732,2374.9671459135498,2375.457854825538,1
70.73404995313832,2375.149597059753,2375.4267334428328,1
66.34437350739111,2375.3451873299105,2375.395323399716,1
62.5328868895053,2375.543667478895,2375.3745438956025,1
63.91950102291783,2375.76143333627,2375.3662479988784,1
61.93404471362337,2376.037595185705,2375.3534691335094,1
55.431297864267776,2376.2763983944956,2375.3466386061327,1
56.98679668564344,2376.5375295896615,2375.361635609278,1
65.83790231113912,2376.7983125828746,2375.408479819524,1
63.8103923433676,2377.012859408046,2375.4478595338533,1
61.33666958087284,2377.170991458329,2375.469012181486,1
62.16960952447915,2377.338021313898,2375.484871318685,0
61.44049903728091,2377.455949996569,2375.5060102869547,0
79.374880277545,2377.581179473359,2375.5755034474205,0
80.80772005044699,2377.741944390238,2375.651481803608,0
63.888743125923824,2377.8047308399646,2375.7015987745635,0
56.003152323618146,2377.8260831695366,2375.7126273587305,1
57.74054077173566,2377.856696547621,2375.76855121183,0
51.31545181498132,2377.8454376415166,2375.814693095095,0
53.4236457761566,2377.9069881379546,2375.8596044589253,0
52.94414891292465,2377.977981764625,2375.916927351232,0
45.16517028479666,2378.031691523645,2375.9703867606986,0
41.845427269805825,2378.0989984388807,2376.0323369737425,0
36.954415732755216,2378.119101376219,2376.0921141216368,0
40.88938456178821,2378.106337294922,2376.158173544111,0
33.63557612482914,2378.071417198882,2376.2262521435396,0
29.725152418890985,2378.0126228629683,2376.2774367456555,1
16.99904873659898,2377.8855456021242,2376.3352021930855,1
16.033964449645694,2377.7304727471555,2376.40378710831,1
30.976993220008495,2377.60425385886,2376.4588399401687,1
39.725461420699695,2377.5111665125814,2376.496444278571,1
42.69389754332328,2377.4321862193115,2376.580212068129,1
59.19515211057034,2377.401514126119,2376.700821829547,1
61.55391200559085,2377.35369024162,2376.8312312978337,1
63.664650432177474,2377.3253699567917,2376.9650121816057,1
66.54361581248968,2377.3827736203484,2377.1278702665813,1
70.6636688243905,2377.5427964670207,2377.286037043016,1
78.83200527028164,2377.676966512686,2377.4324300005624,1
81.34850280770523,2377.8733270960975,2377.586865649531,1
88.04885034300057,2378.076781201676,2377.7294193355324,1
88.1731738820626,2378.2612723830434,2377.8589789342805,1
92.35149228931476,2378.4882711863224,2377.9956948530426,1
94.69541057758302,2378.722783641265,2378.1089515835506,1
92.91962651167688,2378.9876663961036,2378.2028906886453,1
89.24547585444719,2379.234132292083,2378.302674726516,1
88.07832943276321,2379.5106186792887,2378.3949839430948,1
87.20157986473552,2379.841853831916,2378.513864847359,1
87.26041020487973,2380.221592546556,2378.638902318897,1
86.94066476691258,2380.62453474389,2378.761968275083,1
87.41649838403691,2381.0145757485925,2378.9167640065193,1
88.06425031445528,2381.4606762581243,2379.0938564164007,0
86.26984274467543,2381.8598300225453,2379.2643052532467,0
72.69614245983229,2382.152852788772,2379.4238880130915,0
74.83454121165595,2382.4637229630443,2379.599253491493,0
73.41236975740193,2382.7320232658326,2379.7532481534304,0
64.88526371139106,2382.959636755307,2379.896686894422,0
53.41553631354604,2383.080787986207,2380.007792879701,0
56.37543242196978,2383.221216109689,2380.1059046085734,0
51.018176327895176,2383.257403334351,2380.1705019501214,0
47.34542521532087,2383.239015974493,2380.2198819621112,0
45.587539914254776,2383.2585517048474,2380.294003032888,0
44.834027398260226,2383.2711302500948,2380.3689384275212,0
40.89246851613468,2383.253981429173,2380.428164156592,0
37.451161206975506,2383.235711755477,2380.4647036014926,0
27.687929023461336,2383.2015862671406,2380.4865314772774,0
26.760337982455866,2383.1388841533762,2380.528645268459,0
31.228650972955506,2383.0469721454015,2380.602220437705,0
20.964654146266213,2382.8994366700513,2380.6559983678694,1
21.56581549919119,2382.727996841196,2380.7149919549547,1
20.009874353656954,2382.473982999447,2380.743561951116,1
32.578916151424664,2382.2144195326287,2380.7884315236024,1
32.166539681260005,2381.9812573811846,2380.8441315962623,0
43.70709476657893,2381.8244282447554,2380.9140599354414,1
54.553994137874405,2381.6671709272237,2381.018481311895,0
47.34792742859802,2381.498096224751,2381.109951725362,1
41.617031336003954,2381.342299267891,2381.2050397220255,1
36.842950925318384,2381.182556846541,2381.27576647313,1
51.52781331940913,2381.125580019469,2381.401918375511,1
54.36738111691401,2381.127477884766,2381.5293040051656,1
60.040634949420834,2381.2009352183677,2381.6585545059143,1
54.213159024578026,2381.201336634415,2381.7700710816216,1
59.042854389725306,2381.2127167373915,2381.881150634753,0
64.46518638974996,2381.3244686413627,2381.99734596269,0
70.3880478866466,2381.4391754484527,2382.0988976842254,0
63.483282493583275,2381.5483507767353,2382.175723805254,0
61.62849059426213,2381.6739101204926,2382.2450998685167,0
51.296176064390835,2381.699750392846,2382.2650020080346,1
46.969181641760805,2381.7441410643096,2382.282868188519,1
52.46670301809446,2381.831139022953,2382.2981167256967,0
53.62241012317651,2381.975294943086,2382.30296744768,0
60.247681194391575,2382.0627670344393,2382.309029384161,1
50.28297580492598,2382.1509391867103,2382.3091987964176,1
53.73509436240603,2382.2315561179857,2382.3175689261298,0
41.79922905448413,2382.1941598137764,2382.301078678964,1
47.29922906945197,2382.1933249430795,2382.293628785761,1
53.73450629060436,2382.3042652566737,2382.3224983529794,1
39.73950497013391,2382.437598295145,2382.3140642584212,1
39.65103693890355,2382.4418976638985,2382.290040422448,1
52.51755737717977,2382.529850290147,2382.291430223668,1
57.045718328238785,2382.620420806661,2382.300892529142,0
65.56351709119335,2382.739981901717,2382.281793339059,0
66.38654500374258,2382.8279328749322,2382.2683917757076,0
63.82416449398258,2382.841495745882,2382.272803145534,0
59.8833865360407,2382.8275469746204,2382.244427288856,0
60.99305202701301,2382.8510633789224,2382.223339850491,0
57.594305422807174,2382.8689329939502,2382.2088183639735,0
55.6266644438681,2382.9803830274986,2382.2248400245517,0
60.86681973637647,2383.0634132018613,2382.2197470253877,1
53.39448692352667,2383.062539962641,2382.220171377013,1
39.72934197599723,2383.06144579826,2382.231939377187,1
57.40401035906374,2383.140321944794,2382.2617374801393,1
58.35412358554657,2383.201383483734,2382.281300089873,1
44.50464566226294,2383.2250202776386,2382.305984465516,1
41.68320656079135,2383.345216726245,2382.3448806672714,1
43.94947564388308,2383.4555274718564,2382.3952052676473,1
55.31926217300999,2383.543120129497,2382.484192743428,1
55.30710530045395,2383.6839569365916,2382.5688581748973,1
64.22828106506174,2383.856230379526,2382.672757906238,0
59.27800882891302,2383.9206498022827,2382.7684914081033,0
63.375316377511616,2383.961025788911,2382.8957096449276,0
64.02070069644837,2384.032941381848,2383.009202078746,0
69.21899756179188,2384.094351314614,2383.1136293490795,0
76.14314005439995,2384.1357754041323,2383.197342009285,1
70.69675120448146,2384.1816011591977,2383.250199381646,1
64.62088885154195,2384.241691105122,2383.320777802639,1
67.21489730658283,2384.3381372607464,2383.407153561116,1
69.10955817519617,2384.424986946996,2383.5218120647332,1
66.9844280208844,2384.5532626776376,2383.590820088655,1
68.19448969245309,2384.731086549164,2383.6616148427715,1
56.69856480617341,2384.914502692622,2383.7173663668887,1
54.51028883260336,2385.0212963080457,2383.7897213495917,1
47.46942217731427,2385.125520709594,2383.8464216787547,1
75.41645811368531,2385.350930480573,2383.9165692011998,1
74.65259677716034,2385.5586421913017,2383.9926673644104,1
76.08920384945843,2385.798498564872,2384.095264382902,1
78.22607949377078,2385.9811545656567,2384.2070905214937,1
81.02653319550909,2386.153454393881,2384.3503397753116,1
91.428287501219,2386.349493908111,2384.5148990437588,0
87.47133339540126,2386.56407104682,2384.6616642176496,0
88.15883449846342,2386.800726797353,2384.825882386634,0
85.86932526310528,2387.0130105288854,2384.9892994765246,0
75.86459335905151,2387.1891556046385,2385.1289159162507,0
77.16805581552343,2387.399986839168,2385.2647142977576,0
68.39989825379554,2387.592152546079,2385.4093964745666,1
71.37033345810462,2387.794449755432,2385.56122772758,0
63.908054692295586,2387.923823054153,2385.6549766801077,0
50.98254478524545,2388.0455225435076,2385.7649817640786,1
42.35507337801659,2388.0984621278362,2385.85344587423,1
52.476011986276646,2388.2658849796658,2385.9560287185795,1
44.57858278378132,2388.3632084081146,2386.01448140747,1
45.495352277179435,2388.468942185487,2386.0813054630994,1
44.87419978837518,2388.619689230657,2386.163124221044,1
49.89997505043233,2388.703970093898,2386.2615589404063,1
49.158462365765175,2388.809839270074,2386.3855842825924,1
49.21917786970348,2388.8772074323833,2386.5057220042863,1
57.41406808636811,2388.9810982083336,2386.651956607247,1
59.00313617197625,2389.132037300848,2386.811001484651,1
64.35945787971251,2389.2397088095363,2386.9854172868286,1
63.58040003999046,2389.3686500993513,2387.184108272334,1
68.06965812033393,2389.4432323013034,2387.378596987852,1
65.02356798734786,2389.494796702146,2387.5310893794654,1
75.50990219172962,2389.6342460427722,2387.702060939866,1
72.2879245364465,2389.811567854814,2387.8993333286276,0
77.47803925475444,2389.9977120354583,2388.070394598252,1
76.36120728167411,2390.156279200496,2388.241528419036,1
72.51201648618286,2390.356875783119,2388.3804789415567,0
69.03050139721826,2390.5689264508114,2388.5189695697663,1
66.01228816331789,2390.8408181015084,2388.6472809630227,1
72.11453285269796,2391.0376175302945,2388.802815809784,0
60.81287466550791,2391.270686649127,2388.9383457515564,0
49.951977675295325,2391.469509338682,2389.0559326458333,0
55.6111198154219,2391.6720646469503,2389.1942095539785,0
51.68829625013953,2391.814658729199,2389.333112270433,1
46.84699957387907,2391.8726777124184,2389.4620149038806,1
48.87314400811388,2391.9239806334826,2389.578637815631,1
39.96217323067924,2391.9080378872836,2389.679916857862,1
41.55481281163091,2391.917758006561,2389.8081099084775,1
51.432102795292046,2391.9559791896277,2389.9465038916246,1
57.680356094665186,2392.03047796705,2390.103864839489,0
61.63663780528251,2392.1499325960713,2390.2727689492317,0
64.89026953134152,2392.3436230529906,2390.460020077443,0
61.10728270409696,2392.460304185827,2390.635974330359,0
56.904985120841914,2392.5165529127057,2390.765582301481,1
55.74383013007122,2392.5685693927044,2390.8743654788136,1
58.89224978503056,2392.618317758088,2390.969456096322,1
56.7706801374113,2392.7011672517665,2391.0684840160006,0
59.862227833185266,2392.7907063129874,2391.173870337409,0
72.16305685086601,2392.930132811823,2391.279536524508,0
67.88959396558633,2392.986028220504,2391.371598679258,0
71.30840895020228,2393.0918218555526,2391.454783774836,0
59.10015443276855,2393.181537258187,2391.523343337554,1
55.74147760733161,2393.225554929902,2391.6087692840842,0
53.88511035220806,2393.3176917281953,2391.700194226044,0
48.461144151156454,2393.4517698379577,2391.8058618206323,1
46.12244463779641,2393.627298209568,2391.911777197285,0
44.72705900529104,2393.777639397195,2392.0214433950787,1
38.45278669054425,2393.7992344765853,2392.109594681708,1
45.679551388251454,2393.8061176923793,2392.229566117442,1
54.71834586557781,2393.836860492872,2392.3322550447706,0
47.50895594748761,2393.7949625500632,2392.4454706060105,0
51.919385861314986,2393.764102627594,2392.578084254286,0
46.69774946223129,2393.7625029265414,2392.693099808713,0
45.93348156573718,2393.7154196508345,2392.7701621242554,0
39.61276332228345,2393.6626727755947,2392.8154988810215,0
44.0852830598398,2393.618976812511,2392.866163848373,0
42.090669917527094,2393.5317381582727,2392.8887399959767,0
34.01523335774699,2393.3865996535724,2392.8756952784984,0
30.323325479081063,2393.1212403448635,2392.8321491386387,0
25.72255648208484,2392.867668894727,2392.7712061974084,1
28.69204709825155,2392.601840270896,2392.7182269626733,1
32.825470808619755,2392.3856877290355,2392.6796997483098,1
28.11980481737214,2392.145718610108,2392.6133583110186,1
16.92993588700655,2391.88421164205,2392.5292517409384,1
27.307531927522902,2391.67288584546,2392.4759313446325,1
20.708748291621816,2391.4552800451233,2392.4313775351357,0
20.061432643859618,2391.2712111913243,2392.3871775583607,0
31.54701834457056,2391.19081281692,2392.3583492281514,0
32.1751857204477,2391.0497392455272,2392.31313457505,0
31.234342992679686,2390.829908483189,2392.2491714259286,0
31.970718029008395,2390.641876001034,2392.1939463467734,0
32.25473700013805,2390.3554776213364,2392.1324715673477,1
37.9029388811997,2390.0505473387952,2392.0444928854513,1
32.428914066633254,2389.716046329886,2391.93071716453,1
43.786968832774335,2389.503292654937,2391.8677448580293,1
40.13208092594539,2389.2524110375166,2391.7975360099867,1
49.53441926624301,2389.0811524768696,2391.757985831811,1
48.84982971357968,2388.963933815522,2391.694165602083,1
46.75456658029303,2388.93707129071,2391.6245859790715,1
43.005869782003856,2388.9245255470805,2391.5288252294204,1
44.45461017494969,2388.912544630796,2391.423271776563,1
43.114288028151314,2388.9268393302154,2391.3129862591995,0
50.17935228400277,2388.9877656445105,2391.224342894492,0
54.42205619008733,2389.071607406637,2391.151273538511,0
53.65882258237678,2389.099114791568,2391.0881495041776,1
57.29378702206033,2389.0916427291813,2391.0207075235735,1
51.84291885476088,2389.02525596064,2390.91681304191,1
64.14623944601601,2388.942675072279,2390.8191367318677,1
61.15959458497499,2388.9417833444595,2390.717794788104,1
72.44686910182165,2389.0145276654193,2390.6605712038945,0
68.67579124784186,2389.107522409186,2390.600226568227,0
63.339333181980976,2389.219336092374,2390.547591101023,0
51.91293510374869,2389.2800608963216,2390.466295272019,0
58.323216037584324,2389.4654507568293,2390.3898207759835,0
49.83351873093846,2389.502502432759,2390.2880378959494,0
46.03258312759148,2389.563426497116,2390.171987325006,0
42.36988837071605,2389.5519337230985,2390.067703562172,0
38.37231923108064,2389.5361393633384,2389.9889275567843,0
39.78424747561071,2389.499182542293,2389.9018119190373,0
42.22659313395776,2389.4873036154363,2389.7890024784465,0
39.349388647529835,2389.370492970419,2389.6534839447054,0
36.6773252951088,2389.228248976196,2389.4986447986403,0
24.832797257491094,2388.970239862433,2389.3074376688487,0
19.206385292430326,2388.710528535991,2389.1493170925737,0
16.277081842807377,2388.443345511718,2389.000418598627,0
14.593906912012287,2388.1090954053357,2388.8167549607033,1
15.619407214299756,2387.806044164869,2388.626535444548,1
7.614617984914801,2387.4592611503876,2388.4482013305947,1
18.3814227289635,2387.1168109721557,2388.316023039021,1
20.348228861085545,2386.7175870363967,2388.2005384605623,1
23.139702457680244,2386.319933993029,2388.08746405708,1
30.48719217988976,2386.000189005946,2387.9933916117866,1
30.058250944669382,2385.744482093078,2387.9058006652067,1
33.30970533263741,2385.4772760293276,2387.8270465308947,1
44.252497563408674,2385.3092754728054,2387.742593746888,0
39.738194923360446,2385.103440299651,2387.6312514268166,1
54.47516081347651,2384.9654967427186,2387.5454177827296,1
45.774237343833875,2384.773519320098,2387.422010158056,1
51.517583671326676,2384.616804459455,2387.3286380046084,1
54.16664779929626,2384.393880775081,2387.214591395203,1
60.02466869675802,2384.2916210927165,2387.1133819813786,1
68.0581559225053,2384.2632517690827,2387.061754457739,1
63.87159187732898,2384.3155463221515,2387.0134372621915,1
62.00922117500939,2384.3282979265828,2386.9942177312523,1
62.794253719837265,2384.387672137219,2386.9541703915397,1
57.41749682903831,2384.5201519586253,2386.923851329147,1
63.45316299569902,2384.7579311152767,2386.897246899911,0
61.89490482675666,2385.0262009754742,2386.8731081945753,0
58.31568265073728,2385.2340360706403,2386.834808950993,0
61.92054745354057,2385.4123942350207,2386.795685935738,0
52.046321710633514,2385.53965666282,2386.73830886989,0
55.887599537908656,2385.5945600257805,2386.6604798900125,0
49.98243626554303,2385.6392822245116,2386.566407297207,1
55.610540593267906,2385.634331341861,2386.452136104984,1
48.730590228310156,2385.5756990036884,2386.333227431736,1
50.01788441585462,2385.652479094472,2386.2555859729327,1
46.03178710861269,2385.629136039091,2386.1869698141104,1
47.97529411126547,2385.6684703584187,2386.1123282725116,1
47.88322748461094,2385.6948108521583,2386.0298490076875,1
52.545637942384694,2385.8070385871965,2385.931595763914,1
42.23428701022105,2385.892872567678,2385.8275220447754,0
39.793937206068094,2385.8946018501592,2385.731860760853,0
44.30719765421293,2385.9229121785525,2385.6705777750835,0
48.831042899870496,2385.9721375986587,2385.596892467984,0
52.99771472589662,2385.9865870654016,2385.547804244597,0
47.39294109755044,2385.951737247514,2385.479175629306,0
46.772075907997554,2385.8254393325833,2385.406649143705,1
43.564828884128595,2385.6455917211256,2385.3168891376904,1
43.5241347159772,2385.4518645079943,2385.215881737274,1
28.077772346638838,2385.28107764552,2385.1131955477717,1
36.03058678423247,2385.1619581676123,2385.054894948767,1
48.304909495386084,2385.1391669992263,2385.024847099225,1
41.61563157763649,2385.1089065114306,2385.0218739568063,1
42.596254896128976,2385.1291366119863,2385.0195793353823,0
44.862465219443834,2385.187932124484,2385.0310620768423,0
53.16539349292722,2385.2146138945945,2385.0977933686363,0
53.74749234539933,2385.305548616547,2385.186771594782,0
47.5721425584818,2385.350278777903,2385.2687353235174,0
41.88071889843353,2385.3023862576965,2385.304079121904,0
49.48083718828826,2385.2417398856537,2385.3412569036172,0
49.20974250953827,2385.1622997567265,2385.3644683502544,0
49.96152935718292,2385.0532751808346,2385.3530952308083,1
47.348880809520494,2384.875485597112,2385.322979176697,1
47.928258996423445,2384.6934741672935,2385.2833717231706,1
52.61760452965423,2384.582129398839,2385.25694581501,0
43.32031695695154,2384.5169128794246,2385.244564661216,0
48.28002709021314,2384.4940241213467,2385.218060095156,0
44.100575022527494,2384.5129067158077,2385.212644095974,0
37.80597919369494,2384.506900408708,2385.1719201169753,1
34.68675110785773,2384.5289576258083,2385.167226288063,0
28.22900716646562,2384.4928777153873,2385.1353975978354,0
31.029160287573532,2384.386444760138,2385.0741242956474,0
35.61906844081251,2384.2878472434454,2385.0107943253233,0
39.394548527879714,2384.193987798724,2384.965855284239,0
37.39787805782763,2384.045563913326,2384.8942187872854,0
43.5967641225546,2383.860934917415,2384.834106552152,0
45.57367652779174,2383.619664876426,2384.7314650992416,0
42.29746931890732,2383.3982898840354,2384.617570886942,0
22.085113376338555,2383.1004287237147,2384.450636183134,1
34.739240377960996,2382.873801038272,2384.3258196249176,0
34.54804189112552,2382.6903336700584,2384.2247391531496,0
32.932228355020726,2382.5153849522453,2384.1214252013947,0
33.31818427784644,2382.34615311508,2384.0057275329245,0
28.576506340160748,2382.1506563078965,2383.8899017095846,0
34.71441600483317,2381.923526374133,2383.796076763188,0
30.33172876420278,2381.637059937174,2383.6383969982967,1
30.733104190483985,2381.321319311001,2383.49493340392,1
34.53541869741211,2381.0804950137344,2383.3774539581004,1
34.37245294461103,2380.8458881465936,2383.2323510347496,1
33.07887449163191,2380.5851042272634,2383.078452544089,1
43.31685122112813,2380.456240382304,2382.960744723686,1
46.68016992332274,2380.3517975373084,2382.8570025705067,1
59.53099241721559,2380.266052461732,2382.7480504385953,0
54.246575910758324,2380.1648497469705,2382.6429401435635,0
50.33270020329629,2380.089938458507,2382.5355593445274,0
58.5704043215885,2380.0513776251432,2382.4739627032036,0
62.17092539991718,2380.030435487158,2382.4134635610712,0
55.31031581879742,2379.951570293316,2382.339962315818,0
51.16095203832822,2380.0024609844177,2382.270874773703,1
55.10228438420965,2379.93099835146,2382.1857879072936,1
54.469195848267425,2379.826265680701,2382.090462158385,1
45.565650354437466,2379.741863547017,2381.962503820511,1
56.48298895526883,2379.750344568858,2381.8623027558956,0
58.84725817224728,2379.8064632498813,2381.7608323647423,0
50.333929501554564,2379.844437369014,2381.658678861,0
46.72832625742999,2379.9579770687174,2381.535742267946,0
40.92494745011872,2380.034825824838,2381.3866442872363,0
30.42907953464649,2379.9536018965537,2381.218783205561,1
32.242375518574406,2379.9222622221637,2381.080301420536,1
29.003236856147637,2379.919492794366,2380.949553707574,1
29.824824004265395,2379.8242576186285,2380.8255278684464,1
34.62580020438486,2379.6823422047914,2380.7086293800894,1
39.54827023557777,2379.553969924744,2380.6194441696484,1
43.89472020675271,2379.401998898475,2380.526350036036,1
55.21807870083725,2379.333492253286,2380.4361044863062,1
61.89130802057498,2379.2623094903665,2380.3721213475806,1
61.0005307641618,2379.2454802506445,2380.31404601279,1
61.23832323167226,2379.33732763984,2380.269730685431,1
53.32078699139565,2379.3932204566154,2380.225402792866,1
55.928581470826266,2379.514302402668,2380.1799258180376,1
62.66973678846241,2379.6616851475146,2380.157985131236,1
79.14587470428953,2379.8436882438596,2380.1454012139993,1
79.93325438815168,2379.997498791685,2380.1461633751915,1
79.22658192598534,2380.1416081339576,2380.139880498836,1
84.48562578483808,2380.38322151551,2380.1937419018736,1
87.75798553797361,2380.621905286717,2380.2401304156665,1
88.22707314033246,2380.940396873511,2380.3149370860706,1
85.53430259896382,2381.327295877402,2380.3903856029074,1
84.43757368684118,2381.741294144192,2380.536647588727,1
84.04096114284188,2382.161079558449,2380.664465115645,1
83.17110186731374,2382.599775371121,2380.7893045488718,1
84.46786156675057,2383.126635234399,2380.953129492951,0
87.46913594720209,2383.5995439696144,2381.120800511462,1
82.94154545927,2384.056297155188,2381.2886063749525,1
82.68922301243553,2384.454115776524,2381.4483402472624,1
83.10740742700858,2384.837857538316,2381.6524403880376,0
82.62841473165915,2385.190396158679,2381.861676751862,0
83.84668441965019,2385.5640557759343,2382.0631549903105,0
73.77336655280465,2385.962854494929,2382.2721893322,0
66.57139431746516,2386.2895103262617,2382.461688257637,1
64.52756267323025,2386.6134382527503,2382.6208642794145,1
67.0993017197934,2386.910021979059,2382.7686909906993,1
66.25306423268248,2387.208615874709,2382.923188740382,0
62.41025252700664,2387.48800317521,2383.069141870132,0
58.395135048843024,2387.645755025305,2383.2160685285926,0
48.001191095816964,2387.8035567993284,2383.3410020853407,0
55.03571693618098,2387.9250590339107,2383.4727865047716,1
56.689415098698014,2388.05320160891,2383.631038129145,1
53.268911398819185,2388.1415932387,2383.7923004904405,1
42.03658350090531,2388.1762683394018,2383.9625731108217,1
48.31156256983758,2388.230633001813,2384.1510514773163,1
37.38403091500125,2388.2259886267093,2384.346779524828,1
61.95021034486172,2388.3469853919473,2384.5594568406977,1
75.23465174154173,2388.4938991769022,2384.7635807457614,1
67.08539854843718,2388.610283459603,2384.954678683498,1
77.88945773654628,2388.7982624831598,2385.1885545538144,1
77.55273437396012,2388.9956093809733,2385.4459901743157,1
80.12981883282926,2389.1811309088016,2385.75416659521,1
84.15113870805176,2389.4168041507965,2386.070006103653,0
85.72982391095036,2389.7230209735435,2386.383099529308,0
86.40221743880728,2390.0383388248824,2386.7064967619162,0
80.44086897521198,2390.3126605046755,2387.020818310653,0
82.44887952026745,2390.579968797557,2387.3335882895067,0
76.43895040759554,2390.7953787299184,2387.6264938027093,1
73.63608903803743,2391.017414940448,2387.8896376034577,1
68.94783219402669,2391.2134239555844,2388.121447871428,1
63.378033029725486,2391.4225778223636,2388.343625533459,1
63.96816334184864,2391.657295991029,2388.559025469621,1
68.88510897141411,2391.919385277179,2388.802766418665,1
59.96003342709555,2392.2091101597184,2389.0404962136417,0
53.7326125797887,2392.440295423791,2389.262495587827,0
46.03491722561621,2392.65327970811,2389.470616110528,0
48.221749517064026,2392.8128097399917,2389.68558122002,0
50.91689461083209,2393.0086258569145,2389.910387834944,0
41.66944678308515,2393.180604948705,2390.073632056776,0
39.805345286202474,2393.1845199202007,2390.213600407208,1
34.67166198366988,2393.1428142612594,2390.3269571294154,1
46.488121539429756,2393.1033119141243,2390.464573009899,1
53.317338095142865,2393.0887208088684,2390.6089767695235,1
52.34396125053806,2393.0122207872237,2390.7235560208183,1
52.123750605928684,2392.926586977675,2390.837221404538,1
57.937194118046015,2392.9584138040427,2390.95352973851,1
57.71187128997389,2392.9921519275977,2391.0906314727004,1
61.284825247749104,2393.135744634716,2391.2582727945205,1
66.77522604479165,2393.326260918094,2391.438495660086,0
63.77835454325487,2393.5093939514854,2391.590062436696,1
60.46886166944506,2393.670628920503,2391.735718638189,0
57.2535469942581,2393.819889018759,2391.861358766751,0
63.266833747464716,2393.9540686169053,2391.999252067456,0
75.08431052469894,2394.113409510279,2392.1700558872485,0
81.12194255528046,2394.3133708078153,2392.342468609853,0
60.679798594411196,2394.4063242071743,2392.469137001774,0
50.65768319992837,2394.409948149159,2392.5661141298006,0
46.081573037230164,2394.2833625874537,2392.628531599841,1
45.56775674835329,2394.2096629593193,2392.6991952303824,1
38.48624743038955,2394.206819942464,2392.7749056644625,0
37.81584612977405,2394.2443814992816,2392.8546861155633,0
27.122260002807977,2394.201777622109,2392.924003415179,0
25.034942782173758,2394.137544143934,2393.007357131617,0
31.901211704773033,2394.1389496408347,2393.1086285413908,1
29.116841203762334,2394.0778568008964,2393.176110924171,1
25.805557837270186,2393.8847451795746,2393.2170323596565,1
25.23431984788475,2393.675015831715,2393.2218436486073,1
29.777638097359315,2393.48009764339,2393.2527521811157,1
35.55308695940012,2393.31322010195,2393.3196703170242,0
46.112330775569866,2393.205286683177,2393.3528721167027,0
48.22159114768458,2393.07575265448,2393.367775947592,0
61.453972065271365,2392.9803021530315,2393.3810272644428,0
58.50455646745742,2392.8625893454696,2393.377566145325,0
54.02279191984804,2392.677523098303,2393.3518567371525,0
44.8889454080596,2392.390350787381,2393.283273394852,0
48.56354904750559,2392.224721802144,2393.2339615207616,0
43.62135226311254,2392.086411733865,2393.168691304324,0
40.84475725829166,2392.0394541173655,2393.1261617548207,0
37.715568618664996,2391.8935075833915,2393.0496322875597,0
43.056238545158095,2391.7447346103418,2392.987429926365,0
35.967059556983415,2391.4873877923883,2392.8806101035734,1
32.761762474320875,2391.3119157152746,2392.785851304877,0
26.614365678926347,2391.1303535273214,2392.691744431674,1
22.743797006345446,2390.908994248652,2392.5885821769643,0
27.57661611678003,2390.7603497270748,2392.504132645485,0
20.293525733818726,2390.631223763049,2392.4082099816324,0
21.524783059532908,2390.5049980870963,2392.2987189874493,0
28.00748047579097,2390.338892081738,2392.1848586710453,0
25.97876740739798,2389.981024796728,2392.0398382562335,0
24.55303951950755,2389.582732362913,2391.9121570937873,0
25.712624871521797,2389.212734030755,2391.79574385539,0
24.770230918537308,2388.7994102475086,2391.6594665977964,0
38.51962149608482,2388.462467507903,2391.5270648249393,0
34.40812171079483,2388.111269004768,2391.39147602417,0
39.93943836417626,2387.82098280516,2391.241031725846,0
28.20275897830244,2387.4499665565654,2391.030582621771,1
33.63006408119564,2387.164556467987,2390.8376531204794,1
33.713538786956164,2386.865437558524,2390.6180389243436,1
29.68209172379663,2386.6407566013886,2390.3754305608772,1
31.972866673634385,2386.407183270057,2390.1465456537935,1
35.027570854190074,2386.2963042184215,2389.9308802227406,1
32.627039425610846,2386.1558020927964,2389.720216534492,1
56.57883739603906,2386.100339686348,2389.550252859451,0
60.4361134220149,2386.074181306293,2389.3728908953703,0
58.227717538679336,2386.0069043146677,2389.181546048226,0
56.524110542051915,2385.9562960240482,2389.0281987083818,0
49.028464125223586,2385.8870823547068,2388.8895726696683,0
47.456974630737164,2385.7260042468424,2388.7619153348005,1
50.2735165028147,2385.690292277241,2388.6320899834022,0
63.6972512550333,2385.703808006275,2388.5109523193114,0
53.469356989718435,2385.6936949564897,2388.375469238273,0
50.389661319218455,2385.659138449163,2388.242410928618,0
59.38279726123518,2385.626935674639,2388.1228214372213,0
52.691156356053725,2385.582629618847,2387.968948015375,0
42.4850395343214,2385.4804571977334,2387.8020718845805,0
37.70620952285774,2385.4088034599263,2387.640205933911,0
20.965676767501293,2385.2151209473836,2387.4536951667474,1
20.561952341321685,2385.046739083109,2387.244695500231,1
20.725410687060375,2384.881465394338,2387.0027286778327,1
21.278249794300393,2384.7095035310585,2386.7482323929466,1
28.582979929457707,2384.5582096017215,2386.5238630016374,1
30.398748585209347,2384.3653677417965,2386.2742427699977,1
34.19106144239552,2384.097614089799,2386.0442627571833,1
37.55912582491768,2383.872155914234,2385.8507440217422,0
37.98028254339653,2383.6470810559154,2385.68423815564,0
43.43811040236724,2383.473941381319,2385.5278865400524,0
35.87104393517424,2383.306839348319,2385.37774371545,0
44.91012117081449,2383.236774717457,2385.240843574837,0
46.8118982129378,2383.1022559507933,2385.115589330363,0
44.92379603463638,2382.870577970076,2384.961289663205,0
49.58974539763753,2382.647783824787,2384.8396276512326,0
44.095491604699326,2382.421727889387,2384.686335798263,0
43.50868152245488,2382.114365783758,2384.516426339796,0
43.50927707704926,2381.8552819410957,2384.3474630923524,0
41.3430723342258,2381.7077113747664,2384.1810165436573,0
42.40865849835579,2381.58995046304,2384.0236966139078,0
35.210278661156565,2381.5008524075743,2383.852036894938,0
24.063823177068343,2381.3822447744737,2383.662036577325,0
23.324875441852882,2381.247299510199,2383.5092385632206,0
15.800341241942576,2381.083781507642,2383.348652050838,0
13.960663803657624,2380.809625465464,2383.1626195755207,0
7.228370934415082,2380.56590194238,2382.9808394479464,1
7.959114156513834,2380.2684266145634,2382.766646399847,0
19.001623625948397,2379.949149524348,2382.5858962295742,0
17.052546817321755,2379.59020309037,2382.3919262697236,0
17.647007801306273,2379.1800923999685,2382.219936877413,0
31.734011684493737,2378.8521707148943,2382.052789414213,0
29.824289114523083,2378.449700723983,2381.874548841021,0
24.80940326416477,2378.10062897049,2381.6995382780033,0
23.17800126581959,2377.7687439474894,2381.5059139341784,0
22.229234305546086,2377.3985725325742,2381.2805349768937,1
31.375747076767112,2377.1258505493447,2381.074355180882,1
34.05008818819525,2376.8806385101975,2380.828545869336,1
37.27067806262274,2376.6495546878787,2380.5776124449867,1
37.02613478286391,2376.321817674881,2380.3069818877425,1
38.42900002271948,2376.024736740551,2380.0510729005086,1
45.289265196736125,2375.8069071364844,2379.8199668076495,1
46.017844823164985,2375.649117149922,2379.631281738557,0
53.93018100617001,2375.548826303736,2379.452652173819,0
51.59487672321131,2375.440716254529,2379.24341535014,0
45.577872208238276,2375.409651814553,2379.049002318746,0
52.289876188392654,2375.4025116483467,2378.87818872762,0
46.18834476775804,2375.3463419670006,2378.654408916792,0
46.51782228714277,2375.206669952426,2378.4355123630066,1
55.13169447147772,2375.1604200744036,2378.263911420392,1
52.64771811040947,2375.17089536965,2378.124773641303,0
46.00988572078416,2375.0469110547256,2377.98550545715,1
48.53077861301461,2374.9923119788555,2377.852777999319,1
55.47408254402594,2374.9509863690355,2377.7273466678826,1
56.92201946058723,2374.9895348767127,2377.6179264724396,1
50.0230392330367,2375.0566396319637,2377.4799069889905,1
47.915420789937194,2375.0876592877507,2377.3632717992637,1
48.668753164708754,2375.1455905148114,2377.2477364393403,1
52.00386727145127,2375.184121190924,2377.102398555663,0
50.72207735108989,2375.291214618289,2376.9646353126923,0
44.763228627851944,2375.358017524949,2376.8047033579605,1
60.50496465279014,2375.4445891117166,2376.6750667130086,0
66.62448275304106,2375.4803707384785,2376.5287201469655,0
57.454033455717656,2375.452538063049,2376.392765018721,1
49.43021407724024,2375.441251774168,2376.271684871777,1
59.366430520842485,2375.4225113726447,2376.1588933378894,1
59.16251089218703,2375.407200819574,2376.072377899695,1
50.477529828786054,2375.410234936101,2375.972756577729,1
55.45404612997992,2375.532026636404,2375.9062102411294,1
60.21045510081618,2375.6306390556006,2375.8330824927257,1
59.50703829883082,2375.7128678826484,2375.773940609146,1
55.24009449687653,2375.8531524492887,2375.7264254738357,1
57.48451343174757,2375.9624065162516,2375.6848426960305,1
56.471742063924445,2376.0619171217318,2375.653193712496,1
64.96255712504237,2376.1708992077884,2375.6527735524987,0
57.56024208426024,2376.304945003285,2375.6780348041193,1
62.18596899083911,2376.443865467662,2375.714457209376,0
65.95903954926172,2376.531678880125,2375.753037345565,0
73.11782589780341,2376.6413713111388,2375.7792872703794,0
65.53647670971432,2376.7181968265363,2375.815832807159,0
67.37853648555256,2376.869624336416,2375.88051613254,0
71.52227305377376,2376.92163639872,2375.9028529865386,0
60.099748227584435,2376.965460160826,2375.935023921703,1
55.3995062358199,2377.0335664794407,2375.9659400223013,1
49.21551318393435,2377.116147779104,2376.010646404422,1
55.00777074379273,2377.2225580854983,2376.0884875590586,0
52.55595190284486,2377.286168834433,2376.13650521373,1
61.04991363064445,2377.4589696383946,2376.2040890290077,0
50.512525816027065,2377.525125038794,2376.2564383814956,0
51.52602756909823,2377.5857085262287,2376.338638833264,1
42.631336927459344,2377.596602335172,2376.4026868469946,1
47.5550284840954,2377.628222637169,2376.4549516741095,1
46.255900049673045,2377.6584345913934,2376.488569672619,1
50.08764151425896,2377.688375389347,2376.50901334674,1
49.90823883264475,2377.7251433471997,2376.5665443895664,0
51.08244545525334,2377.7360547737076,2376.6085959877814,0
56.82505329410357,2377.739744797781,2376.64935046915,0
53.73205274485952,2377.730030326281,2376.7065126892776,0
56.72380707315943,2377.7169976416553,2376.783418346071,0
45.16574693441398,2377.6882987576705,2376.8269842804652,1
43.41424253296153,2377.5844380585313,2376.845933208092,1
32.576299337322794,2377.5106415271975,2376.8883451755273,1
49.89735963846776,2377.5224301403273,2376.9470711862914,1
49.49478841889818,2377.5508493247735,2377.005885204597,1
62.45161510257148,2377.659613297362,2377.078677772682,1
61.63382122821655,2377.7482903708396,2377.165147854609,1
59.24704041059545,2377.8341503851284,2377.2351016526814,1
65.80426675210526,2377.9258276790997,2377.316183894723,0
63.2890921793989,2378.0677246813984,2377.409879777685,0
63.36115835495831,2378.1771377211444,2377.4930080744066,1
62.94010468311613,2378.336405058839,2377.5940418605505,1
66.0591489851566,2378.4671296952356,2377.663967907517,1
54.28981960816713,2378.518930952865,2377.7039937583736,1
63.87986991665354,2378.6143736186527,2377.773747568982,1
70.90023907510962,2378.706074648006,2377.872473539102,1
75.3203519802182,2378.897467033401,2377.9985782520835,1
72.46246735897218,2379.0822845601797,2378.119383965392,1
70.75386209285419,2379.287911546501,2378.2575833334377,1
68.6423869559556,2379.522430701912,2378.3795799722743,1
70.28969394089822,2379.8387656850646,2378.5102349322506,1
76.02350647636968,2380.2471326013942,2378.6596390955906,0
72.5905194968621,2380.657000134625,2378.809884249662,0
70.49791191948675,2380.98765854226,2378.957171996695,0
70.05306619729149,2381.2856630182855,2379.0953835632185,1
70.22563939639912,2381.5389792451456,2379.225909787625,1
63.370485552133545,2381.7215520736095,2379.3317906827388,1
76.62961580465345,2381.9506517667664,2379.437816172323,1
75.90974736732632,2382.1416906038935,2379.5601885842307,1
74.77165149267728,2382.338651544237,2379.6887918709244,1
70.05563978263703,2382.5668503577954,2379.8324694869098,1
73.31562682834092,2382.8375454428783,2379.9812103031354,0
77.14908489331887,2383.1548240565758,2380.1572429706594,0
70.92994179261305,2383.5273809504642,2380.3287620742294,0
64.49799509554927,2383.8389317559945,2380.4958936796033,1
52.50380638078393,2384.0714982467625,2380.6546137261657,1
55.33211020834957,2384.252598389642,2380.810594373741,1
51.10367271092136,2384.3768072279836,2380.9556393228127,1
59.03560278029671,2384.554300689032,2381.0957157536923,1
61.70063036954852,2384.7513135053196,2381.2700553588843,1
65.32124758545461,2384.879172856236,2381.427620664254,1
61.71179552614359,2384.9340790184433,2381.594629768899,1
59.576639874017424,2384.9914351248276,2381.755169244725,1
60.722814249324536,2385.0907737165335,2381.930107646751,0
65.5326377584914,2385.2831078200543,2382.133276535501,0
52.110289266897745,2385.386523744391,2382.2904619465016,0
47.086134045637294,2385.539142906756,2382.453025935958,0
48.510980497387045,2385.650077906384,2382.6019494157645,0
45.252817277469866,2385.6814727069423,2382.7407655364946,1
46.780493106706245,2385.67006029863,2382.8700169337144,1
46.21207130477761,2385.670229638631,2383.0252418392943,1
49.28693907555188,2385.597932692618,2383.18660815677,1
37.69179583780236,2385.428971161243,2383.3245748242775,1
45.20994715946505,2385.3992560254437,2383.479492428276,0
49.6473648977386,2385.403755166241,2383.63705601619,0
50.86659172336607,2385.4479090247787,2383.7699320171323,0
46.58995002153668,2385.4260944954826,2383.881716023598,0
43.953484127874525,2385.454713769515,2384.0038646765674,0
35.24112410453105,2385.433428806443,2384.09875620463,1
34.61262723416367,2385.2836839745273,2384.156439076136,1
32.46774204937637,2385.1262895757695,2384.2072814061044,1
37.38826038436957,2385.0081141591027,2384.2633134090047,1
50.56797545432991,2384.9670346091816,2384.3551312103036,1
53.828348997784644,2384.905282349043,2384.484648205222,1
56.09336527220568,2384.823279685012,2384.6168389620448,1
56.59876166077034,2384.802466504352,2384.72901868904,1
63.37141171242684,2384.7909187059663,2384.810406604984,1
57.09254624893221,2384.833650736508,2384.9024958862956,1
62.17151158906347,2384.9989206528116,2385.0251691790195,1
65.63573996208875,2385.2356388376265,2385.155300188,0
65.79563610228067,2385.4125917416522,2385.2547722619297,1
64.7517401025829,2385.598013446178,2385.326960494684,1
66.33728175669663,2385.856320984828,2385.4043031643587,1
75.94446238285585,2385.989278097017,2385.480140250179,1
84.52112306539345,2386.1271023963345,2385.5736317674096,1
84.55861421223656,2386.2932820029146,2385.6716531202396,1
83.0524171586914,2386.5434910540953,2385.8104916157927,1
85.09008212324295,2386.8507066648863,2385.963886635815,1
80.72692450379137,2387.151313182849,2386.102605236212,1
72.17262062757288,2387.4728993107283,2386.2101381827324,1
73.56158022534174,2387.8516250399675,2386.321191278973,1
75.24291256325922,2388.2739061697475,2386.4378576997524,1
68.41257875767184,2388.59934755913,2386.532940611325,1
66.59364203696298,2388.9375762113923,2386.6487263095933,0
75.74787657764975,2389.2595113642224,2386.785070805336,0
76.68012992264033,2389.595334411289,2386.9385531548505,0
76.05843513336612,2389.934896293625,2387.0833257665777,0
71.39005279560973,2390.1938818466274,2387.2293257337533,0
57.69889345614844,2390.295089825166,2387.321484833473,0
50.093441067535124,2390.2997799076993,2387.374686748952,0
44.474577007107094,2390.331512347283,2387.4357080583486,1
41.70517111881533,2390.409820049977,2387.5172569072975,1
42.52081044270272,2390.4729016427973,2387.5968897715466,1
45.87040112082975,2390.5256093254015,2387.654074493726,1
40.51841720041643,2390.5271632885906,2387.671253954824,1
33.24367480071892,2390.5221664124538,2387.7259101874647,1
43.00508590364886,2390.5313914328954,2387.8073910262483,1
44.90611831386549,2390.5157190761233,2387.9101431037107,1
44.46542280775537,2390.537470351531,2388.0450042940474,0
38.358508573803235,2390.5547584436763,2388.1640174407507,1
37.273807139524585,2390.5436501823474,2388.2705594964596,1
48.57522798473997,2390.5350816489263,2388.4127172822755,0
61.851438170492614,2390.5904701695804,2388.5975402146596,0
59.84473821056052,2390.5568846824226,2388.7117777723843,0
61.41149098878779,2390.493245742638,2388.8208670358945,0
59.06003732593939,2390.436473058266,2388.9339787682457,0
55.99761199016356,2390.3489370465313,2389.052462786997,0
49.08403380296016,2390.2059700421687,2389.1298282428143,0
52.64152281809116,2390.158222482504,2389.211402303897,0
47.39720571623105,2390.1234386208007,2389.310588607461,0
39.20929677443685,2390.072913255498,2389.41435753024,0
32.952699394064425,2389.964303768302,2389.499732750977,0
29.224639881534685,2389.854472367014,2389.5518648746797,0
33.26169809098003,2389.765038682718,2389.5979770271965,0
31.673550381028775,2389.6758848201443,2389.6122960088774,0
16.811140372894073,2389.551650343244,2389.6255837230215,0
4.593025896228937,2389.302784644871,2389.61213740181,0
8.753239955328425,2389.023823080238,2389.586212041203,0
6.645552212831888,2388.6063645110803,2389.4879818373547,1
3.546248637621801,2388.2363508485614,2389.3643022451247,0
11.345160013295143,2387.9171716019027,2389.2723914405597,0
12.700166899816509,2387.477726558598,2389.1646025272435,0
17.565250311059202,2387.0220607037627,2389.063836102234,0
27.094151275748203,2386.6741242861417,2388.9857162480344,0
22.200421287447043,2386.196095491349,2388.8484642739,0
22.528188895570494,2385.697488243106,2388.695661264322,0
18.787281297463608,2385.114336396279,2388.480800923871,0
18.66394296983772,2384.618824372486,2388.2370753258547,0
19.703277962876825,2384.119072538453,2387.9985060461386,1
17.22794990943565,2383.551529275289,2387.7420405932853,1
27.65967297695491,2383.0923332161706,2387.5106408007214,0
27.55993943509405,2382.6587650037554,2387.2536762845803,0
30.98679215929282,2382.1965828906427,2386.9907590072853,0
37.3440585722189,2381.793379266394,2386.7402982491967,0
30.49351322891046,2381.353710709276,2386.449975746899,0
30.21152697087976,2380.8736836920034,2386.136923435307,1
24.222580813945996,2380.3719753886,2385.7869690397997,1
26.597121812576418,2379.929867330443,2385.480606234729,1
32.97560561652075,2379.6153041436787,2385.21606756476,1
35.68923927384225,2379.3386966317257,2384.9798689347354,1
43.533757143620846,2379.0373617229825,2384.7547311908397,1
45.879299516402725,2378.801351152176,2384.521214968123,0
46.16258855195594,2378.539806481779,2384.2905980378264,0
55.47932142316167,2378.2428693566053,2384.072620260516,0
48.76459666705142,2378.0825523669805,2383.870619905256,0
45.1811807443598,2377.903946221276,2383.6483731878516,0
48.31484115131697,2377.838506022068,2383.4036467595397,0
42.3789917978845,2377.788737943614,2383.146282872851,0
51.86642745685147,2377.7436786783805,2382.880989376879,0
50.424261460723784,2377.7388102882733,2382.6156613311246,0
56.450642164502554,2377.6031488969393,2382.3344402865578,0
52.14726188696322,2377.4993605306554,2382.039387837272,0
47.74110668169447,2377.4172533398205,2381.721472275381,0
47.19667583637128,2377.299919985767,2381.4375123705345,0
38.72364475102745,2377.2107263641497,2381.1369679955037,0
28.315169994616568,2377.1117737488075,2380.8070437115234,0
25.251645083386407,2377.071055489911,2380.475816417152,1
22.549907377603347,2376.949392820322,2380.1779753459905,1
20.247314064715525,2376.787830683902,2379.86791084532,1
30.92495599580822,2376.6516498168135,2379.591153413141,1
32.18893481818927,2376.5106098324295,2379.3298098216114,0
40.716690143295295,2376.4205766823416,2379.1037241337385,0
42.075504285147524,2376.3435967498613,2378.8862477909656,0
39.21618457150701,2376.1592779309553,2378.6303159598106,1
47.89960415124376,2376.0128966388593,2378.405424632742,1
38.634419022790944,2375.8304769540873,2378.1599038321883,1
40.51672296906826,2375.659143606612,2377.946190344236,1
35.792635024652284,2375.4458791138995,2377.7151052863155,1
47.52564121328032,2375.313901097784,2377.56400401156,1
57.213896516330145,2375.298617883075,2377.44056814493,1
57.60412568997953,2375.3074613094436,2377.290556169574,0
57.974019517395774,2375.2678967717297,2377.1554559225247,0
61.364237512042294,2375.250395918637,2377.0128063613306,0
60.174071003524496,2375.244042614526,2376.865479701888,0
59.74090468262212,2375.2825401832965,2376.771545872283,0
49.30621153274327,2375.3389677911578,2376.6636355307446,1
45.10919177986462,2375.400436917952,2376.590256625821,1
55.06903839066051,2375.4706293757226,2376.5186973472846,1
55.79222373023389,2375.616805724615,2376.467004119784,1
66.10252856256419,2375.728338247004,2376.461877001827,1
60.51374610961636,2375.8017532402673,2376.41357783125,1
67.46990230603721,2375.827145599897,2376.3710763721956,1
56.411146672160925,2375.820882239808,2376.3359675306315,1
53.46114206745037,2375.946737232644,2376.291659146311,1
69.34636077521043,2376.131430977954,2376.316512740213,0
67.76202950306894,2376.3621537333256,2376.355291848717,0
69.44205147032233,2376.6157193483973,2376.443687928155,1
62.04915997196049,2376.870456592495,2376.4913409911364,1
61.29145549857256,2377.034994844526,2376.5318802918987,1
67.9139901823201,2377.143131670934,2376.5623421606133,1
71.8090266605475,2377.273193976609,2376.5848890710245,1
77.82624266136035,2377.5068711365593,2376.637663916278,0
73.02233456639439,2377.7185006507375,2376.684284028914,0
73.41865978937176,2377.919067663604,2376.7359590246874,0
66.33045816260687,2378.0412651252045,2376.7550309755725,0
65.71118624243249,2378.221738245315,2376.79075234036,0
70.87031459235305,2378.4765958946878,2376.8454925748683,0
65.66091276611606,2378.7105289222122,2376.8874137387243,1
44.93571659759358,2378.7946747849446,2376.88740256241,1
46.15295784579079,2378.860161062503,2376.910417311519,1
42.32530256451636,2378.9572712911404,2376.9552267889317,1
48.981458192997536,2379.0574096107,2376.994296004213,0
57.35260158138038,2379.253463445231,2377.0704515727957,0
55.614090090721646,2379.3986988135302,2377.131170677416,0
52.96786872103722,2379.4086022401502,2377.195663090614,0
38.90157329758776,2379.3861820095526,2377.2650551530155,1
40.82069475605815,2379.3396207172477,2377.35111401909,1
40.308217778201886,2379.3420493285766,2377.4484035944383,0
45.36795143638096,2379.3271422748194,2377.547604928265,0
47.032916736145374,2379.3422000394157,2377.638562249654,0
43.682967841981224,2379.3836205134867,2377.7340933434475,0
46.17758272038528,2379.328249707593,2377.8007331263784,0
54.80378700604826,2379.249046035856,2377.846463743312,0
52.11986528048454,2379.127093729948,2377.9230853442846,0
41.00016902862529,2378.985154686906,2377.943934194791,1
38.37506101844882,2378.8353672638973,2377.992708464284,1
24.770934842608895,2378.640951308744,2378.038215655722,1
27.452539069519275,2378.475178406938,2378.0991334559394,0
34.56744077753753,2378.4299871513963,2378.1338369838545,0
43.12337079990406,2378.401774826064,2378.1516800887143,0
41.0083995198936,2378.3684598194914,2378.1796261929503,0
37.45339388405843,2378.3081285326152,2378.2103887085673,0
33.43615860302725,2378.1111884676548,2378.214768592403,0
24.30106909011701,2377.90610172289,2378.1959943207617,0
20.054140369063134,2377.7372853452202,2378.1775611553826,0
17.802327043739055,2377.585711536568,2378.163752651179,1
28.58634619048219,2377.4606206150697,2378.175187497937,1
27.971810187379205,2377.2900102399803,2378.176155940141,1
41.874502605968225,2377.1498782971153,2378.1608339572654,1
40.697971013121915,2376.983261670694,2378.14053161913,1
47.15695989106095,2376.827880784944,2378.1445443613184,1
52.29753921137155,2376.7068022785697,2378.1525957978474,1
53.50225403077692,2376.649581665464,2378.177943513574,1
39.35435105496344,2376.5273953769224,2378.155348601996,1
46.7956460042783,2376.5501652262083,2378.111427894093,0
53.465667180515595,2376.624595921894,2378.0976853397115,0
58.000606523180224,2376.678687994657,2378.063403114226,0
62.1615445664815,2376.734706784284,2378.044833532655,0
57.121349137994585,2376.734919546082,2378.0138068644774,0
51.61491229716697,2376.6417643081545,2377.9511331436024,0
45.212993071914205,2376.5234757868307,2377.8797389170395,0
45.64720506079893,2376.381634982202,2377.760294246824,0
43.406669679310866,2376.2817728049868,2377.640077454102,0
39.78631451274057,2376.1669028899987,2377.49512841132,0
34.216295677472175,2376.0206771261915,2377.3693259557776,1
29.413505418669033,2375.903445252555,2377.2364354540755,1
23.678613757381527,2375.720998267759,2377.0729484471653,1
32.036146670641145,2375.586637539504,2376.926599387058,1
28.692755081155823,2375.470891020854,2376.8313204516294,1
34.08993888828945,2375.4456973857787,2376.7747461484405,1
41.69664309988565,2375.4356798442436,2376.7359077825595,0
41.72821930203764,2375.399354778081,2376.6893738648,1
42.697320376982184,2375.3104578356124,2376.600741269727,0
52.70398348202472,2375.3175510352658,2376.5228894906904,0
58.37829656787867,2375.2899421473962,2376.463963856991,0
58.54216624454199,2375.1807084069983,2376.4154958986896,0
63.876411672037335,2375.1221088938432,2376.376398384864,0
61.18536827164893,2374.998119583594,2376.307261634662,0
64.19683979684388,2374.899987547128,2376.2429449734013,0
66.16314688054719,2374.9020249893047,2376.1750631235577,0
69.35711907858254,2374.9221076761996,2376.0951337821243,0
66.14891402534752,2374.9555257485354,2376.011204663201,0
62.61833744456904,2374.997626415677,2375.939509606031,1
43.957856251672055,2375.0446595967924,2375.862154758058,0
44.31246864833016,2375.1679858218426,2375.8424584097525,0
37.32677804583438,2375.251030792882,2375.802700865669,0
42.65107253769073,2375.3776112163414,2375.7676124102045,1
43.48825453578184,2375.4989965824307,2375.7361266572548,0
36.730237695129446,2375.5551706464153,2375.681393849637,0
39.52697414985764,2375.5190533707287,2375.621657566306,0
29.74551705926264,2375.401523610847,2375.549133299102,0
46.1082116251256,2375.329911427635,2375.498087022808,0
41.7251170461216,2375.2375584988104,2375.4512892821895,0
35.44770779610221,2375.1072997921497,2375.403368718394,0
32.26843389222269,2374.9150082467577,2375.3350530176067,1
29.065162341264923,2374.6889412758514,2375.2567877944034,1
38.02295250892968,2374.495173660711,2375.1902196031206,1
43.15136721337334,2374.3790409531134,2375.1428739199155,1
38.13827041981839,2374.2782959759656,2375.0943120449415,0
39.35181655641001,2374.129053581911,2375.033379888045,0
42.34360243670537,2374.0276190262025,2374.9750290786274,0
37.59025090774591,2373.9014857490565,2374.8890780513957,1
44.57031996898696,2373.8126094781314,2374.804720731098,1
41.268271052825504,2373.7222568057687,2374.7400993295964,1
42.12714767450696,2373.559167788069,2374.6460594344967,1
39.10229155734349,2373.4671315726905,2374.5397151259876,1
47.31223164459187,2373.396922077982,2374.4549060435343,0
52.61308873921246,2373.334065584698,2374.375870177421,0
53.40476265838124,2373.2671670028317,2374.294292832337,0
57.956049441196825,2373.1794751761618,2374.236741913509,0
51.440198121990214,2373.1344445860495,2374.1935208187892,0
44.114567290753584,2372.9998010584577,2374.1453534533102,0
50.48736582541808,2372.9655473587513,2374.1247991036953,0
43.45895730569258,2372.8613716650557,2374.0811562284166,0
36.59598442171182,2372.7750153910797,2374.0367883235613,0
37.54811838846139,2372.7225844060636,2373.9844434558063,0
26.49429885946094,2372.492747062821,2373.8989191211454,1
25.548329335146306,2372.1853495674127,2373.782358731079,1
29.850372224113272,2371.8973519154783,2373.664896402791,1
26.181855693606295,2371.6368286875395,2373.5098324087494,1
29.76075581866418,2371.4029264280407,2373.3619277121466,0
34.03408340193164,2371.263802123952,2373.2348569897445,0
38.33124315261021,2371.110254103234,2373.1246392381463,0
40.788832132356774,2371.004136063541,2373.014733340906,0
40.423332692089204,2370.9264355762657,2372.9006568060445,0
36.01070104557136,2370.7122005128303,2372.7523119683206,0
27.683754829162908,2370.407629975096,2372.5691144760353,1
32.85554997396757,2370.0831875401295,2372.409897360035,1
37.60292725872452,2369.8253730981432,2372.2644470527425,1
40.28516593909895,2369.597014523272,2372.114737727096,1
46.874435805162086,2369.326681400043,2371.955350308327,1
56.920403131572485,2369.12781576659,2371.8142694605326,1
59.91539890878053,2368.933409383882,2371.6991122909767,1
62.66415756474913,2368.8726004629434,2371.612332574877,1
60.94233539109237,2368.8825250958034,2371.522604033146,1
52.84851843669996,2368.89046335686,2371.440216481398,1
55.31094766102502,2369.055196729415,2371.3699533263743,1
54.69457205304776,2369.281609612753,2371.295403943208,0
56.29836758860755,2369.50347313673,2371.244217398917,1
72.36312314159296,2369.7387425889583,2371.197708096041,0
82.56995688159161,2369.906227116087,2371.163809114242,1
75.13355616271073,2369.977502486375,2371.093893413241,1
72.81063522149455,2370.0281705349776,2371.0408840526134,1
74.71585296809369,2370.1057795183187,2371.0141252313742,1
78.26384696488765,2370.1630922251043,2370.999890397383,1
78.16253961055854,2370.3623421031098,2371.0216722992236,1
76.29328386474211,2370.646857188473,2371.02978788714,1
70.71079431127154,2370.915387757831,2371.0244360819215,1
72.09156628755986,2371.214829302984,2371.03906038355,1
73.86832213881776,2371.488462188804,2371.0585011698527,1
75.17105984680104,2371.8581755478367,2371.0875729169807,0
75.96782141546386,2372.2077577348327,2371.1367782548427,0
74.37792286405426,2372.49740752394,2371.173031509301,0
66.01259232620207,2372.714025673823,2371.209040122099,0
66.25685405536665,2372.8875294413165,2371.2539486944447,0
71.48072896738856,2373.0752518601885,2371.283464596397,0
62.630589739181474,2373.1696050587425,2371.2790265186786,0
56.845770116460606,2373.249423294814,2371.2615470272544,1
54.580590135174305,2373.2766271825412,2371.248001470801,1
52.991605067979755,2373.3126534673147,2371.2509794125026,1
55.851967558448784,2373.4057904553347,2371.2723474619565,1
50.8114759056803,2373.484250915308,2371.2876733559806,1
52.31182337510376,2373.634489150958,2371.3084607694964,0
53.45590425406743,2373.7401148805334,2371.365622517565,0
41.024603866463416,2373.8243987869237,2371.4196437557207,0
42.90163529059325,2373.903258994018,2371.493942134405,0
41.15870873953103,2373.9347781951574,2371.6066003400747,0
44.546581060973516,2373.9749854251363,2371.740290425011,0
43.153975767923434,2373.9434695212017,2371.8575074258392,0
40.68679758006348,2373.89350596684,2371.9611720815733,0
49.92744872766495,2373.8121204192707,2372.0512505134725,0
49.593081363610295,2373.701917736323,2372.112024499792,0
46.71081768624974,2373.5348836184276,2372.142883315378,0
46.539316818040014,2373.4254039607135,2372.1775472809677,0
34.82746719159229,2373.2712314181636,2372.1918670312043,0
35.067664557126264,2373.079078849247,2372.2302159309634,0
31.74626151876288,2372.984962383939,2372.309959482216,0
28.727116409320658,2372.851696939572,2372.3689507870313,0
25.66127212319155,2372.6579258281313,2372.3810225627963,1
24.854810499733958,2372.4656295053296,2372.3984254053257,0
25.143140614154532,2372.2089274263203,2372.4252458724673,1
24.86815545493492,2371.992595769517,2372.433585357151,0
25.049111403051413,2371.6951917878446,2372.4131737310813,0
28.26727608585658,2371.412196645109,2372.3814609904307,1
22.053169234617016,2371.1380935880943,2372.321871152637,1
31.410138078856292,2370.892724934854,2372.2948467656033,0
31.314589635632572,2370.606165241532,2372.226987744921,1
30.749418701900666,2370.3406700119176,2372.163914584677,0
37.35637746733262,2370.117030752227,2372.1029304720378,0
38.58706132296313,2369.8956749393783,2372.023945021741,0
29.015243370146877,2369.604409867422,2371.9305236140067,1
38.232441238964775,2369.365283820148,2371.8671370333004,0
43.16529681386996,2369.1439894144005,2371.789210867147,1
37.16140031891861,2368.8763860460544,2371.685789892062,1
43.346024545179226,2368.692498330248,2371.6036294732617,0
44.4158614266905,2368.55613067069,2371.5077313579955,0
38.99185788167964,2368.3001730162277,2371.3712858133176,1
45.76165733240875,2368.1619513235155,2371.2675762133053,1
46.52031032873782,2368.09518699473,2371.133165639494,1
38.61772688695902,2367.9873979149493,2370.997999695784,1
45.14465921774346,2367.901994742441,2370.8427735503087,1
46.017888768462335,2367.8503008466587,2370.6906026018814,1
51.65133284409285,2367.8896311382614,2370.5700631768095,1
48.21636492476722,2367.8532919063273,2370.437167483433,1
55.12189587344656,2367.8800995324264,2370.318899189081,1
54.180327467763526,2367.877582951305,2370.21577920205,1
57.967301937930976,2367.928628992961,2370.1305973186086,1
63.47443468630668,2367.993370985743,2370.061493661048,0
63.6123148619667,2368.0697990990748,2370.020199238652,0
57.14510749969361,2368.1213347714406,2369.9474175433916,1
70.07579692667994,2368.283810481853,2369.8817316246136,0
58.15878624755139,2368.3432487335726,2369.810736160606,1
55.67233651118659,2368.3969087642035,2369.6941787124456,1
56.232223646898355,2368.464363845519,2369.5754894780566,1
60.88944133442403,2368.5733241888643,2369.5031996340376,0
58.07762024993542,2368.668564617678,2369.4138536074597,0
51.82271933314712,2368.8344134375943,2369.331139910293,1
63.55578553894877,2368.9876630358845,2369.2726472576046,0
59.67868823150789,2369.150100338824,2369.2158179665435,1
52.036210007052496,2369.2815104648425,2369.153201494985,1
50.948804774831665,2369.385999827358,2369.0723253135434,1
52.995318951692894,2369.5203177913454,2369.01796262389,1
49.90258394406132,2369.5790261835637,2368.9877202028642,1
62.0218671584342,2369.7813636321202,2368.9795513519957,0
58.98635753812672,2369.9801803893706,2369.0024787775637,1
63.57632045588902,2370.123484401403,2369.0335414229125,1
70.52114454355647,2370.2743180620487,2369.046339589853,1
66.81457653478077,2370.3595320501763,2369.06462770529,1
55.95617868159765,2370.380637756373,2369.109284009948,1
71.09888885313342,2370.6361853440094,2369.2156398788634,1
73.19145568477708,2370.862487251812,2369.3431555548104,1
72.14176789773586,2371.185583569301,2369.4879312805197,1
70.57912767473864,2371.529165325427,2369.6277681274782,1
79.03536187935968,2371.946001951149,2369.789011600473,1
82.54158578898948,2372.329817580415,2369.979889230966,1
83.08242794542866,2372.801228326446,2370.1772549640964,0
84.71584998997335,2373.3472409940146,2370.427570211286,0
76.01875350803984,2373.7768069459034,2370.647102031199,0
70.40219166931384,2374.173992043924,2370.838602483222,0
69.03838652326118,2374.578163097843,2371.0261967583706,1
65.60194507033624,2374.961265919438,2371.2150677343507,1
69.15322907183085,2375.302475162252,2371.3928391607315,1
69.5272060815733,2375.6181776670996,2371.577395503944,1
65.05194219750794,2375.9395577832156,2371.80482004686,1
66.84475988139931,2376.307607697564,2372.04852252449,1
65.07946593348936,2376.7011915056055,2372.2915657568783,1
71.21124222253825,2377.170945310114,2372.5946485074073,0
71.07852810612802,2377.7343532244377,2372.893588465659,0
67.32800273405432,2378.3064701976205,2373.1937972911046,0
55.8536304794587,2378.6190551870013,2373.4683027876836,0
49.859577233428375,2378.8821764605823,2373.735228242067,1
52.69040389095924,2379.0850689293597,2373.9818385136005,0
57.637959597789894,2379.321148835755,2374.2003752064757,0
62.423509222837225,2379.4980145109744,2374.4469006423315,0
67.53172630990825,2379.6334242684784,2374.6812191253866,0
68.06465725885698,2379.7145165640627,2374.9120284091996,0
64.64295761369316,2379.673783415828,2375.1256319804324,0
59.39086103143391,2379.7086682502204,2375.3332209369896,0
48.74539304668759,2379.7703620180623,2375.518827650817,0
49.811282784390166,2379.8802065865175,2375.7297454844015,0
44.192672748932225,2380.0661051745146,2375.9279856114154,0
28.33665816054878,2380.1900896770135,2376.1315755381083,0
28.902710996414157,2380.325494571489,2376.348829826858,0
37.19476078384637,2380.3732541549725,2376.5683761706414,0
35.5943953351032,2380.3242557843105,2376.7488951626683,1
46.9221648759273,2380.3115090572564,2376.94874353271,0
41.075016455457586,2380.191733747205,2377.1375766312512,0
37.61874138519403,2379.9902170360856,2377.294610065739,1
34.12475681994033,2379.7783318220154,2377.4450898843806,1
38.13478540476975,2379.6904974381637,2377.6318975770128,1
41.3215471483111,2379.591684025214,2377.8175019212094,1
41.651215188428594,2379.537057313143,2377.9885343223195,1
54.746175050555834,2379.5531985801153,2378.1900441650964,1
53.44155878936399,2379.5627779787983,2378.3594663810027,1
54.1453205909426,2379.614319098327,2378.5348746089694,1
67.53109993641048,2379.711766991564,2378.7473414452643,0
72.11336355035158,2379.898803425086,2378.9754261256476,0
72.76131620003667,2380.068713394866,2379.216893474866,1
77.55681629971421,2380.281892321127,2379.4793294767187,0
67.41630549870084,2380.4355768156684,2379.6495020730645,0
67.07827101303772,2380.5197631900737,2379.7908959867195,0
66.80160089592226,2380.628738548143,2379.908837529645,1
75.83965260245603,2380.8385901371253,2380.0725997515374,0
69.17108520955173,2381.0206797148994,2380.1982472761415,0
67.45861789625283,2381.1902409814857,2380.2930645230967,1
61.40962651920846,2381.2820522290162,2380.341073093738,1
57.10755939658089,2381.4250714813766,2380.368708826196,0
57.921277781459544,2381.5960116054207,2380.422291929546,1
57.83773112202335,2381.838818853865,2380.5110206083573,0
54.247049473958484,2382.0647942724945,2380.626550046873,1
44.171432135251536,2382.2552518617513,2380.7350962981345,1
41.46198091005159,2382.395016524572,2380.8255508672473,1
44.57259738801581,2382.510366133275,2380.946919551566,0
48.43017753166749,2382.620576549009,2381.03187388732,0
56.08631877164173,2382.733808210262,2381.1053548140485,0
58.131333752785224,2382.7741984702348,2381.1765442311157,0
44.73965234638193,2382.734794810675,2381.200965925872,0
46.87000529449619,2382.683932772647,2381.1967252941495,0
46.262021924720464,2382.568664432437,2381.184207170645,0
48.39845073156418,2382.4822691254567,2381.194787648447,0
46.546478799470776,2382.435112573065,2381.212070431713,0
48.448703624934474,2382.432607231553,2381.247852850522,0
36.20940095405294,2382.2768697523043,2381.254888118157,0
31.957278464269308,2382.1529409333248,2381.2602178450816,0
34.64889297697749,2382.038646554974,2381.255153437695,1
35.24296797095282,2381.940172423475,2381.231335437503,1
25.306031815200356,2381.8246132062636,2381.22904074237,1
24.257699039298785,2381.681331058438,2381.2113570528336,1
25.976191117327602,2381.549864071325,2381.2228214296624,1
35.529215960496614,2381.439069172619,2381.2500950813137,0
46.781052551098526,2381.4307629995396,2381.2809594281443,0
45.886178593890364,2381.4349515294416,2381.3234956082188,0
45.91161613355817,2381.346026956015,2381.3551325053772,0
49.10187712311097,2381.2685155095473,2381.3899784291502,0
47.24420697574308,2381.137486455708,2381.4306470826077,0
41.42221714613898,2380.9880917132878,2381.447177293528,0
43.29603234596212,2380.830373850132,2381.4564219670433,1
43.18220794887835,2380.683125699313,2381.473888759441,1
44.0577276138235,2380.558436762306,2381.4962491467613,1
51.47474486031336,2380.483903817276,2381.5121502000916,1
54.172765827691045,2380.4279380860444,2381.5465720560446,0
62.099333003317206,2380.395540143415,2381.591245982631,0
49.04519694320471,2380.376378031641,2381.5841598987668,0
44.69406703585154,2380.3739529724744,2381.584687842552,0
33.52361923162445,2380.365893914481,2381.5557833641565,1
30.96008850960476,2380.3349548804135,2381.4806105930425,1
32.806213347284896,2380.2815643721033,2381.382145121177,1
39.475883043006085,2380.292940137905,2381.301047750049,1
38.613627638090115,2380.234137649771,2381.20371956112,1
49.37067864069256,2380.1904308729854,2381.152036704241,1
57.55175809615136,2380.1214061050623,2381.12161659414,1
55.68067407391212,2380.0564141257996,2381.0945658392816,1
62.05202759414936,2380.0763240370907,2381.050226065363,1
61.24028547419158,2380.1107686220903,2381.0260139920265,1
54.110057457106294,2380.113924766203,2381.0001205964945,1
56.919106384817816,2380.2157859422364,2381.020670778816,1
64.19790514818045,2380.37505564906,2381.036415634116,1
62.95385730119002,2380.536737922333,2381.0501792862055,1
62.22942090983935,2380.6803616668208,2381.032866271944,1
73.09660286221907,2380.8436330605314,2381.0236857153063,1
77.14476760869627,2381.0009912292744,2381.0448678030543,1
76.20933560345843,2381.1394869330134,2381.0890341460076,0
75.26158883778676,2381.3080532050863,2381.103234727492,1
73.47753790066035,2381.493941167728,2381.13403369004,0
74.3939265176628,2381.7454003023618,2381.160420200996,0
72.49808195414559,2382.018924875877,2381.1785011552993,0
60.29849236987957,2382.2529139332823,2381.18939277022,0
60.78171436475505,2382.4674097138563,2381.214438526533,0
57.48454190522549,2382.6338643505883,2381.2297995283807,1
50.304035778176846,2382.743781432036,2381.2566416268724,1
46.86564996116281,2382.813853568671,2381.2731129923823,1
52.4126607160087,2382.948435932897,2381.3008973198193,1
54.61112748789924,2383.0209026043367,2381.347839206176,1
54.311812513714166,2383.119844323771,2381.4127753482044,1
49.60537473493306,2383.235520040969,2381.4788699908922,1
51.255000126779784,2383.316843292946,2381.571339126605,1
61.07292000184689,2383.4702010537535,2381.6946507731122,1
53.6224244364449,2383.5800850813466,2381.809680895369,1
51.32166115207204,2383.7358718446053,2381.907269381256,1
62.85855278722827,2383.9544283737955,2382.029829395777,0
69.7817035811821,2384.1549574389683,2382.134545578826,1
68.54571587955806,2384.332788507738,2382.248168937326,0
79.67545506457331,2384.5624607881427,2382.3898082603428,0
79.48449826715193,2384.760412280235,2382.5307923983146,0
71.82045174230642,2384.8536021888017,2382.646866494234,0
71.63294003714199,2385.0188347219128,2382.7907983587493,0
63.728359218026704,2385.1606289240567,2382.92149479979,1
58.92828073143539,2385.2624965377813,2383.0461868619204,1
64.40268384944122,2385.475595059457,2383.196662847241,0
60.20500157502908,2385.668351252873,2383.330420601111,0
50.37046239442543,2385.8512493907824,2383.4424375142776,0
58.23136008245665,2386.020571476466,2383.5509098530397,0
53.463772131487396,2386.171562726308,2383.665913084043,0
36.5516644786812,2386.229374028486,2383.7549437706093,0
37.685488855443246,2386.3187342679375,2383.860006132275,0
36.771626432431084,2386.3607779352506,2383.9816683485396,0
28.944110092117356,2386.2706610162427,2384.0902894307683,1
32.24997850472681,2386.248744084369,2384.1920024739543,1
39.73188002800153,2386.2337252278494,2384.3071044124868,1
32.084347804076984,2386.094364874029,2384.3914029961948,1
38.13191092206784,2385.9406876868875,2384.4622582115558,1
43.057889395757435,2385.8033546786173,2384.546945158453,1
42.95131334220082,2385.682096169243,2384.632117113204,1
43.301579362239835,2385.5478826969006,2384.705638028239,1
50.75986383381581,2385.5081458040613,2384.804554909377,1
48.98036995849532,2385.4457254249123,2384.88277415182,0
58.90739766508469,2385.498595274026,2384.970910649776,1
68.67603894242404,2385.5697091571346,2385.0593753558405,1
59.95838390580936,2385.5560329897144,2385.1469313763982,1
57.975329049611126,2385.5381185533124,2385.2082147982237,1
69.43026922028211,2385.5616661152394,2385.2667074686633,1
73.56576855204715,2385.6227816960954,2385.3442277582726,1
68.09518728818965,2385.698581083497,2385.422124235407,1
73.549889958479,2385.8554609974235,2385.499551702487,1
73.2574089930693,2385.988238093823,2385.55714124886,1
72.17288460320863,2386.1327508723944,2385.627198747147,1
73.15599640177402,2386.387626445504,2385.7441744356565,1
77.41194550704202,2386.6475956202707,2385.8640768365203,0
66.61368815806131,2386.8393333199047,2385.9892920002135,0
61.06609253417139,2387.02256221925,2386.1029153110803,1
62.44368273176033,2387.2676932526183,2386.243794085135,0
62.801850514596126,2387.4996836980113,2386.3674442644988,0
61.450489546143174,2387.63810608183,2386.478998504201,1
59.520262344469295,2387.7550820962533,2386.559733137232,1
60.76708586276684,2387.8740103118657,2386.6599510177357,1
57.796828028582404,2388.0101069300426,2386.7600796066586,1
60.55428348335529,2388.111745468571,2386.8275284157035,1
66.00513645275666,2388.3108241911864,2386.9516709997765,0
69.95191135548423,2388.5793620289032,2387.084327450118,0
68.35171933725772,2388.8566605899628,2387.1691076846905,0
59.72204642872406,2389.087616770467,2387.239771201263,1
52.443732867099754,2389.20683900365,2387.293847956638,1
59.601654358599546,2389.35883887458,2387.340675469982,1
60.045498671877354,2389.4590961659733,2387.379025256783,1
61.47657264417013,2389.6394254655524,2387.47147055956,1
65.40696159147171,2389.873988487013,2387.5692602531867,0
73.19175121850567,2390.073258300403,2387.7092261861953,0
71.1370946279666,2390.1947965636177,2387.8369968468546,1
65.81250801182162,2390.33909804284,2387.9346931935665,1
66.49666406534375,2390.5565256240443,2388.0581850595486,1
63.699755866352405,2390.701181703479,2388.1837670102136,1
59.68914996230083,2390.8850483305655,2388.3132350061387,0
58.50487691697015,2391.1338527193584,2388.463914501421,1
59.9050480736354,2391.417483921342,2388.634977094375,0
60.488280054160924,2391.6448620699002,2388.790402138521,0
65.46068037714628,2391.828694053469,2388.9472460539455,1
64.98420730868985,2392.0193977431727,2389.1270231064755,1
71.09699021972389,2392.152390436772,2389.313129540738,0
60.31024923183373,2392.216987611807,2389.477632403701,0
52.19032114533296,2392.2808113559267,2389.6436862774494,0
48.89369397598319,2392.3790562672475,2389.8151186334067,0
60.31171628492154,2392.5428036850612,2389.989627559215,0
58.584848223975456,2392.656795676555,2390.130555272907,0
43.04864024427972,2392.73767595813,2390.254942561274,0
50.48353277461215,2392.778565095613,2390.3796382761807,0
35.492931833597595,2392.7000837963824,2390.471003601775,0
40.92186162113043,2392.647679023842,2390.5688596861214,0
39.95237470796054,2392.6361970543207,2390.6635920057292,0
36.76196850863752,2392.5897025964105,2390.748161036245,1
35.467135982000386,2392.473764228695,2390.832443329702,1
36.56341823283556,2392.3955134542935,2390.9173059458353,0
28.58701217499231,2392.2510689670335,2390.9645499145136,0
31.32005037284705,2392.0884415128044,2391.019858673144,1
37.07344557534074,2391.9533484778112,2391.07413208653,1
36.08363010910809,2391.83828114192,2391.13041935776,0
28.96307904286313,2391.689501252711,2391.169946206072,1
30.71300883082391,2391.521176085412,2391.1804429624385,1
44.30704730200676,2391.3681429676403,2391.2013484796857,1
49.33622703045816,2391.317941847706,2391.269075814822,0
47.21929685245302,2391.1974563545164,2391.313643931556,0
46.32950972215254,2391.118819052416,2391.355568953326,0
48.10977631910429,2391.02368052465,2391.3992262898705,0
59.261543128363904,2391.001839877549,2391.476048791195,0
58.88561747358912,2391.0106424917544,2391.5571667194745,0
49.25837002733117,2390.9217559595104,2391.598736535239,0
53.735011949249426,2390.9169669434095,2391.6337476071217,0
49.894621526857364,2390.823139648268,2391.6534173580008,0
42.32829641842511,2390.680017699766,2391.6112694091607,1
39.21417225203247,2390.5460609392558,2391.534840600386,1
44.153103137952534,2390.4553575388186,2391.471922109244,1
45.58323921995172,2390.3550672916995,2391.424286154328,1
43.13293917961937,2390.3073837289576,2391.4047678046363,0
38.6981264090984,2390.285661986443,2391.390587917889,0
44.11229211358189,2390.2174997667166,2391.377493526827,0
37.95533555859478,2390.1546062174502,2391.336491658519,0
34.68136447543266,2390.108737474092,2391.2638458009037,0
27.88668799055604,2390.0664149797135,2391.177705634163,1
26.76623028360585,2389.928808690357,2391.0949533303815,1
35.207204557026316,2389.739419198943,2391.029204277263,1
38.55853499252583,2389.6738315844455,2390.9605663157163,0
39.070785420367365,2389.5319383323877,2390.8878716048894,0
53.36787090914055,2389.4312899575043,2390.8177229406456,0
62.76665230553416,2389.2982231353153,2390.7417969575777,0
61.024297331956724,2389.196819002593,2390.668900751975,0
49.2245337338301,2389.098168229467,2390.5800589990654,1
36.69891725274014,2388.9038474124127,2390.4638089506993,1
33.29042782928801,2388.75293034032,2390.3468303968593,1
39.88214018642567,2388.6891342504723,2390.225966934641,1
37.646354459979946,2388.6512189981777,2390.1085331549343,1
48.034759087744014,2388.65607095061,2390.0220259471175,1
51.92872987685875,2388.6847422433716,2389.946560544778,1
52.17657953356038,2388.645781245189,2389.845958828688,1
50.7413848941384,2388.5812911835096,2389.7603861206712,1
55.90001678061664,2388.632715629762,2389.7355093954798,1
54.17604328235533,2388.6372564588573,2389.6799682038168,1
51.533671255016934,2388.683385586661,2389.6571665170154,1
49.865398944088135,2388.72501804327,2389.608641241934,1
51.56587512298749,2388.8336165410356,2389.5739211250675,1
62.7686047712137,2388.9772866128988,2389.5842378838583,1
70.2764366122135,2389.062502371254,2389.59606157274,1
72.5303494063477,2389.2251391416708,2389.61972187984,1
75.28271396523066,2389.4253732620414,2389.6874446586494,1
79.09672403419066,2389.6237175120477,2389.7559073572747,1
77.65070757171539,2389.8438141504967,2389.825087021049,1
72.72861566983012,2390.108270338923,2389.8880546778664,1
78.3895089403195,2390.445787392092,2389.9663234064515,1
77.17054394928721,2390.770472787042,2390.0465490775114,1
73.4209181752894,2391.095446334033,2390.116888281198,1
85.51523158950839,2391.4954621362003,2390.179541270332,1
83.77260969941638,2391.824287988379,2390.2727586006627,1
88.50028723092984,2392.1850613154174,2390.373057449978,1
89.30207615342383,2392.6433701901865,2390.493834694902,0
88.90705194048421,2393.1343192680006,2390.6133778768512,0
87.9049916500749,2393.505550119197,2390.733472446457,0
81.79001279908194,2393.9020103778357,2390.8720699711466,0
70.65484623818865,2394.24484458473,2390.988317573543,1
73.12645961993528,2394.6385552165425,2391.134807469244,0
63.070389503245856,2394.9555192684193,2391.284121752529,1
68.73028283543741,2395.248865880608,2391.465359860399,1
62.51782886970308,2395.514417602431,2391.6196855981852,1
65.81695821644564,2395.7681546781805,2391.7849568344323,1
63.58185039181855,2395.9337324014678,2391.937984127653,1
63.971488409375226,2396.1500046777355,2392.1016444337924,1
67.6503459436939,2396.380539589637,2392.2903029502177,1
67.40484561446428,2396.6920947488265,2392.5030500904168,0
67.23016139395465,2397.0613122843865,2392.7473533305692,0
65.34350891305259,2397.443342057014,2392.9973199084316,0
62.0768233002126,2397.7471426699585,2393.2442218730384,0
60.01959695438776,2397.9606553232725,2393.4680357200637,0
54.77043397865057,2398.0950802293787,2393.6412580586357,0
47.8156656861194,2398.124813588319,2393.8102075523507,0
52.35216921725707,2398.096097995904,2393.9597579102624,0
47.77494672586048,2398.0111220865297,2394.098537457337,0
51.20588869434552,2397.939581814247,2394.2305775711184,0
49.88434901746454,2397.912223311413,2394.3976920039254,0
48.60205157926833,2397.9051974524436,2394.588857589556,0
38.58828124219134,2397.8153317986485,2394.7597680525755,0
32.14709588321381,2397.77180752645,2394.91719106292,1
20.308884253165232,2397.6652701286166,2395.0709803125746,1
7.442273423558575,2397.591145644817,2395.193715475868,1
17.84012744095152,2397.5377903948006,2395.326176095004,1
19.45948986067725,2397.472926149311,2395.468842089302,1
34.98765175442523,2397.425554663481,2395.6393498257808,1
51.85061307246563,2397.3897904339956,2395.793132871911,0
54.64907654609427,2397.273451375687,2395.9575280571485,1
48.50276057639442,2397.0542346179896,2396.095692943101,1
50.992180118011795,2396.8271704604567,2396.238180875306,1
57.04633364488504,2396.6925911361163,2396.3878117110708,1
52.51877740081429,2396.5805050977265,2396.509323113995,1
57.67699357986799,2396.58821661244,2396.6515437551107,1
67.71462668287414,2396.6876123600564,2396.795196839705,0
63.73425467029792,2396.75329413535,2396.8909262595857,0
64.91176950766811,2396.8143200343447,2396.974778466256,0
68.32344114817857,2396.911057838801,2397.0574750464402,0
64.98224107230394,2396.994160928464,2397.152048239742,0
62.675463049486275,2397.061984167389,2397.2353362996746,0
54.104549464567214,2397.160593340405,2397.3158162739205,0
46.31628513716338,2397.258511078014,2397.3824169605127,0
41.71102886842396,2397.3297742580967,2397.4047051613334,0
51.22079254356598,2397.442494622317,2397.4409981294434,0
49.03646044678624,2397.4823562204033,2397.4450940569986,0
32.23514616771523,2397.4216893817015,2397.3801697659082,0
33.5824936742478,2397.2892294021335,2397.301313879434,0
25.828549121110157,2397.069841132732,2397.218849277325,0
28.93482944152281,2396.9411779633656,2397.173195091361,0
29.41848291941325,2396.83354194382,2397.131171886737,0
28.35875091541473,2396.6841023562074,2397.056399731172,0
27.08322072111828,2396.508846964857,2397.009142789646,0
24.671435043330206,2396.326781315036,2396.940489287766,0
24.48101940099417,2396.0772138052344,2396.8766622362314,1
28.32327066732016,2395.79968875118,2396.807810468905,0
26.246466875690928,2395.5115060308244,2396.722035711328,1
26.461673514821143,2395.192074407673,2396.5916063582304,1
31.477205461374894,2394.9131762233196,2396.470529699913,1
35.33971702508006,2394.651384086485,2396.335763974805,1
42.97456637367266,2394.4064660393124,2396.1733978016446,1
43.04984830382171,2394.1754961216766,2396.0086778997857,1
48.37453587285204,2393.967581560474,2395.8705925167187,0
44.91940728208805,2393.8611946742544,2395.764920901726,0
44.214125941913636,2393.6939430521234,2395.680543258541,0
51.021625247588396,2393.5604849785877,2395.6193626131067,1
46.01285753927598,2393.518107386956,2395.548973522329,1
48.2592848786965,2393.4691253842766,2395.484515198533,0
53.34112984735674,2393.4562339466506,2395.4255101302865,0
50.51416556409161,2393.3755224784113,2395.35851475816,0
61.322684393203346,2393.3476514869403,2395.3081535005354,0
76.22625139916542,2393.383169692377,2395.2835348886633,0
54.07531064471572,2393.338043822641,2395.235637308122,0
41.283892127500614,2393.265022919342,2395.180390404056,0
40.7343545205883,2393.2083915967028,2395.123560616986,0
51.86266954177376,2393.2045252292487,2395.074504402684,0
45.076878156947814,2393.20821388081,2395.0161508039278,1
38.342535173449576,2393.261864570314,2394.9261303209637,1
39.26668110191861,2393.225021498657,2394.8046221257778,1
34.53640185183714,2393.142836702132,2394.6835181053834,1
37.78747768102607,2393.0783498667633,2394.5830439011543,1
47.04620601481224,2393.070033210831,2394.505822999935,1
48.53834967701719,2393.059720716568,2394.4174443488996,1
45.1081530185132,2392.9783334858644,2394.324052256981,1
53.43961544336151,2393.0373144472446,2394.260182392463,1
51.96342242002574,2393.0847924764253,2394.1782346596538,1
56.01023694390257,2393.1294498343987,2394.099435801949,1
67.51653898186413,2393.2381502971402,2394.054047303651,1
66.96250114997738,2393.321660220465,2393.9897510829524,1
66.504053908169,2393.4719538329114,2393.949631919939,1
66.39812806275526,2393.557999057787,2393.9065594566946,1
71.09195935592655,2393.681762035855,2393.8920023668434,1
74.51224922549403,2393.873893688869,2393.881790352464,1
79.97359788027993,2394.171980359474,2393.9172728446074,0
82.22838001779905,2394.5609263258175,2393.970933298386,0
74.38073987030165,2394.831422990042,2394.0141311105394,0
75.70503676805927,2395.187014200397,2394.122280731406,0
72.92155747840579,2395.4945781629594,2394.2082698252943,0
62.696156148985665,2395.7817085923907,2394.2893691096415,0
59.25371611020711,2396.0588644187933,2394.3305926875546,1
62.804873546165666,2396.349036120887,2394.389241571981,1
59.14904844961736,2396.58449736701,2394.4659810042563,1
60.44987058095733,2396.795034433772,2394.5319193364653,1
55.538089761675245,2397.043562150151,2394.610764591027,1
61.79327809260627,2397.20561226967,2394.7115417782375,1
59.187923956292515,2397.3912493853086,2394.8148589133057,1
62.20920785362063,2397.6437420126267,2394.9523301946697,1
63.796599786010276,2397.9125521774686,2395.1422384115695,0
57.242579829746035,2398.1992706721303,2395.3041888624766,0
60.707900998362625,2398.398629062108,2395.448529910188,0
57.95125881725221,2398.6573546088907,2395.6069148845263,0
59.622911959491084,2398.8131087474662,2395.7470474171596,0
62.117752607097444,2398.9336728141866,2395.868226853949,0
71.86713086277427,2399.042570029454,2395.989822986687,0
69.1893375013652,2399.070431481381,2396.1215286700894,0
60.55355889828874,2399.095269526594,2396.2280449297423,1
53.3512994087872,2399.009484576363,2396.3188316071687,1
52.9386028457898,2398.9820044494845,2396.4134214513774,1
55.17753664672152,2399.042087558294,2396.5237105542988,1
56.892012066663426,2399.1794488765972,2396.652163246829,0
53.056222075458365,2399.301099949568,2396.770620957033,0
53.84509758826533,2399.5017867642264,2396.913427832996,0
53.44821866084081,2399.7049662076133,2397.0786882904545,0
55.316998797780904,2399.8967535349034,2397.2634568372514,0
42.17643919134894,2399.962191842232,2397.4130618764484,1
44.586178202549476,2399.9830057066365,2397.5262511042606,1
50.84892085128794,2399.9941334990135,2397.666698041951,1
52.994203348165584,2399.9950183523533,2397.8354999243847,0
50.251105355138236,2399.963548315244,2397.9995995891113,0
56.74253135935143,2399.9714119297923,2398.1799600012514,0
67.16780837646641,2399.9966092604654,2398.3742186420072,0
67.06861464834464,2400.0680251099175,2398.5462441767945,0
52.99840825609046,2400.075257906353,2398.6744417298632,0
49.73054988352469,2400.0524070649158,2398.8194524183077,0
52.1846742297819,2400.064978583433,2398.9325943245644,0
40.32103273304136,2400.0879808844848,2399.029320292966,0
39.83597131357303,2400.1604091269155,2399.131215324175,0
36.81966061982856,2400.184668860485,2399.192028876716,1
36.81222813160725,2400.0604468306337,2399.219225198366,1
42.618539560738895,2399.932163146152,2399.236246972125,1
38.89264151473957,2399.7992943002023,2399.2671390539986,1
39.04873468823009,2399.649976077357,2399.300713449597,1
45.45119127578223,2399.5391435568263,2399.3447882376367,1
42.301559370094196,2399.419685350764,2399.3625388337673,1
37.042038498369415,2399.399597354687,2399.348530287997,1
39.79134973092766,2399.420050972208,2399.3617022971266,1
52.87664515434559,2399.4450993250025,2399.369932091793,1
53.18640586154831,2399.4204960495526,2399.405867079022,0
54.5504350419272,2399.4733258852602,2399.476246506259,0
57.73107644804224,2399.49579887833,2399.554733785066,0
54.127763251636004,2399.4365109682353,2399.6092085809464,0
59.587409740757735,2399.3741823618698,2399.662118174738,0
78.69670170686058,2399.4113923694354,2399.7209849041283,0
65.19349863519878,2399.3906493612276,2399.7582873027386,0
56.464775885992026,2399.285980244692,2399.7647415145734,1
50.777631712868676,2399.2371034958164,2399.767661937169,1
43.25676256394915,2399.1821386541205,2399.7465739807726,1
44.25456736569974,2399.1667600178835,2399.693712012882,1
42.8051531255774,2399.2397995769616,2399.6354367602985,1
48.61419762742506,2399.3325829956384,2399.6098285455378,1
50.17760888301913,2399.4759868020838,2399.594591931276,0
42.808300440843624,2399.5059894610595,2399.577865735034,0
34.23345365277633,2399.480387503835,2399.5634741134963,0
40.47286854616819,2399.502954107796,2399.546692465104,0
47.94823776335338,2399.5529253876457,2399.541527850503,0
48.05834636668105,2399.578591253371,2399.5550309878377,0
42.173418792399495,2399.520077774228,2399.574169370939,1
44.24180964796525,2399.421355868009,2399.5816076464316,0
47.957844259488354,2399.2577395332764,2399.562507296252,1
47.03334024111038,2399.1170697212556,2399.5297821229296,1
57.0758005684202,2399.0844347372945,2399.5225424960367,0
54.469450780214714,2399.026916914084,2399.472170234681,0
51.463989092844216,2398.9201502853416,2399.4070585352197,1
44.019415197636704,2398.857101613316,2399.3424265341037,1
42.78534741437426,2398.8887913838767,2399.3353813312315,0
41.94310490095656,2398.8447103839085,2399.3123438080775,0
51.17288992360093,2398.875029024029,2399.2989321907794,0
46.552015635717424,2398.905100045892,2399.2577446902974,0
40.53012885996029,2398.920185974291,2399.2180918239173,0
35.507395276810755,2398.8104402951485,2399.1454398916803,0
42.58401144908057,2398.678485000527,2399.0673422273003,0
44.455540385253904,2398.589177005698,2398.986326493346,0
47.33034989980329,2398.5280089587013,2398.944574534436,0
42.52687467846559,2398.396808271346,2398.884452947677,0
31.937751750023082,2398.2287662931367,2398.8070429343843,0
32.55712728176117,2398.0429193835657,2398.73700638747,0
35.761442631346355,2397.898552757979,2398.6694268233646,0
33.74806516941673,2397.754705641183,2398.6096223587106,0
22.270209595107957,2397.5701619886613,2398.566393359463,0
43.0661273346747,2397.483678552707,2398.550388285552,0
30.930107515984872,2397.2745098606706,2398.512628720224,0
32.4604214196099,2397.1000747383036,2398.4522096990595,0
29.809104440389305,2396.8957999127024,2398.3497210775704,0
28.906165877943167,2396.6159866487096,2398.2209470532816,1
25.442261310790173,2396.29881688517,2398.0950691434246,1
26.831123546082395,2396.0464971438114,2397.962922276719,1
32.70530093861342,2395.78649199605,2397.8354892591983,1
37.01143524293806,2395.5493499764143,2397.709286261042,1
37.496515774192474,2395.3355883281206,2397.562996801061,1
36.19888067864229,2395.1478502415353,2397.4062604369624,1
42.917050765565925,2394.9918118067426,2397.289462562703,0
48.35404314009867,2394.879774269601,2397.1885632564386,0
49.2977353882482,2394.71105533404,2397.0644397202777,1
37.98509391949769,2394.5798874172474,2396.9601481700843,1
43.58710677792469,2394.4672454310858,2396.8795490089415,1
41.28761417949808,2394.3602405485144,2396.7862612085496,1
53.13157244384945,2394.28813340959,2396.711824725552,1
69.5478096070681,2394.276077689255,2396.6533494272594,1
67.73084206318292,2394.3177697794354,2396.597581440453,1
65.00322198399786,2394.2390871099715,2396.512989931285,1
65.8992402891669,2394.2748989489087,2396.4321935789535,1
67.75340493701519,2394.340765983262,2396.386120307941,0
69.0363284080891,2394.4804085463484,2396.349729494576,0
64.52941775663015,2394.634764645337,2396.273671268298,0
60.10280974690611,2394.7989676889033,2396.193486063927,0
59.08257590382538,2394.9841193675556,2396.1251335223924,0
50.62236237597121,2395.0086302214395,2396.030910238083,0
51.60521009413834,2395.027233979616,2395.951637505685,0
49.02107992577668,2395.0351624870705,2395.8739659825787,0
49.582638305726256,2395.072240833082,2395.788328881693,1
41.97555793018305,2395.013063458254,2395.6609140510873,1
36.709799968894075,2394.910804461968,2395.542118275592,1
44.94443883053826,2394.9140783078387,2395.4620109292764,1
44.30929852939713,2394.897977664629,2395.3764985906096,1
41.652350635213544,2394.9147378745092,2395.2899276051944,1
33.68972322494339,2394.9130709818987,2395.2136054477455,1
37.56669702278278,2394.9108803175623,2395.1261652429657,0
43.62935286382388,2394.8754865619167,2395.041504033669,0
43.674050924277964,2394.861793227335,2394.9742243416704,0
39.54681797082253,2394.8596207928294,2394.932662130357,0
59.73692657457913,2394.823155029114,2394.8900615903885,0
42.760484988316,2394.646672304988,2394.809118427657,0
38.72728560847333,2394.4105021527257,2394.7027267721855,0
41.876296937155786,2394.2561835819483,2394.6174213925387,0
37.90076694945325,2394.006363472762,2394.504524935777,0
36.727262982292615,2393.707396810754,2394.3909244932674,0
28.548270034246954,2393.51643738024,2394.2780640869873,0
27.591813846414965,2393.2822775662885,2394.162666275727,0
19.588641723357114,2393.037122975701,2394.060750377395,0
23.14382628582389,2392.8116658443255,2393.9195237983404,0
24.920817002341693,2392.6628757492913,2393.8162604065355,0
22.88485448065714,2392.481675250623,2393.69475848052,0
19.53039469381089,2392.22179276106,2393.59240806862,0
18.364183942349754,2391.9505157725166,2393.510310240132,0
11.694182990038811,2391.5437606515466,2393.387905111745,0
15.211668894681438,2391.174927250944,2393.264977490599,0
23.899213577536884,2390.8131323124685,2393.1368213695328,0
27.636617296858603,2390.4919368680607,2393.0185387903275,0
30.573637601523018,2390.1218297754435,2392.8887209205996,1
28.698335080574864,2389.7013686306423,2392.7540694860004,1
28.9627531656258,2389.2561066984467,2392.5957795470704,1
36.03264782515722,2388.9467191184312,2392.435896367189,1
39.14520161540612,2388.7003185688864,2392.2984320661244,1
39.24144414918466,2388.4488069848558,2392.1649892195824,1
39.95164904707883,2388.324710172091,2392.04751083218,0
40.739644499614776,2388.1922711111824,2391.923736718335,0
42.08356516550703,2388.0532068804487,2391.784093475331,0
52.83519605916961,2388.0126524756897,2391.6572961903007,0
65.28213501026484,2387.9918880821147,2391.5303976984665,0
56.98824545151094,2387.909566921895,2391.3877157231095,0
49.38387382636109,2387.760099719594,2391.21034071481,0
39.81985249776376,2387.6114432984946,2391.0030294066128,0
45.60372436434764,2387.50007570867,2390.8002749335483,0
47.33786965309211,2387.3821206776356,2390.609252653052,0
48.70546162291957,2387.3718622067904,2390.4170629189002,0
40.464190000178625,2387.326492655591,2390.201926805813,0
32.176824988432344,2387.158799253023,2389.996888982166,0
32.27896677694817,2386.962704913641,2389.792727163938,0
25.87460410436772,2386.8073797765787,2389.597607836403,1
31.466903123667365,2386.7228328740857,2389.4143063024017,1
30.13908670570848,2386.610502260922,2389.2347550681375,1
16.20378209402044,2386.4338189212817,2389.0451021509143,1
19.855680166496768,2386.2670002380482,2388.839600838208,1
34.06723769098912,2386.149370152281,2388.665546214643,0
36.499301937031625,2385.9865135497844,2388.4762211022894,1
43.17720955312665,2385.870205813499,2388.306590650975,1
39.43332819929927,2385.7498333733033,2388.119674697627,1
36.82112504121433,2385.5023314917626,2387.9080341622393,1
41.02187995683785,2385.3013992319115,2387.7062401002972,1
48.89065007476456,2385.1874970202634,2387.518866214083,1
64.06813841064955,2385.1288000134714,2387.3325987085527,1
61.578854437537885,2385.100352383195,2387.1845014378955,1
63.38222094476239,2385.0815004934802,2387.06867426985,1
64.76829939473296,2385.1342369558038,2386.9604740025943,1
74.02052085044807,2385.240938395412,2386.91089288796,1
81.53966096774377,2385.416623487947,2386.8856174766906,0
80.95994336735797,2385.67979657102,2386.862232658478,1
68.16828217802114,2385.878374732396,2386.831166030381,1
68.59870941353822,2386.077240678417,2386.813654917489,1
68.09710624079747,2386.2656594076443,2386.795903727729,1
72.17955871179046,2386.5093588166505,2386.7733482950816,1
86.09279231416386,2386.8383956790444,2386.787790322283,0
83.89366867492726,2387.1475678466168,2386.8099108724305,0
85.63421650092812,2387.4800187188803,2386.8773473931883,0
72.32201870816381,2387.7416513899616,2386.955377397656,0
74.33193598335598,2388.0030743320995,2387.037849483437,0
68.36842505892504,2388.2454199659273,2387.0925897590105,0
56.64709902348723,2388.473221940643,2387.100548191272,0
49.90768377881534,2388.65425576354,2387.1192104955358,0
40.19570253820579,2388.7406661089362,2387.1345852054005,1
39.38324180084559,2388.792188377405,2387.147031380136,1
44.08324564666588,2388.852379233331,2387.1467654838557,1
48.43451697778517,2388.9334295016406,2387.1619186429516,1
42.10412538150454,2388.9184258926643,2387.148321565717,1
42.93928386738368,2388.8749537429157,2387.13099031629,0
37.237839143178284,2388.7958637669926,2387.1270545390144,0
42.282719554624,2388.755374908212,2387.1430998695832,0
30.49182829656212,2388.7499461326474,2387.126083493164,0
31.633474611093675,2388.685001241706,2387.0909001813257,0
26.128449635348176,2388.561093281881,2387.0565142717237,1
25.113355243074494,2388.357151832897,2387.0121691404024,1
32.53973153980279,2388.118167275657,2386.9904799131477,1
41.006605750665315,2387.9420656197876,2386.9867068368776,0
44.14693185197548,2387.6593264152593,2386.988229688238,0
47.63466098217971,2387.4721241034636,2386.9954821563247,0
42.1676974574083,2387.2072104344434,2386.9901365949786,0
37.884795892296,2386.981450431078,2387.021650230233,0
46.22324960535402,2386.8587218123535,2387.058954950757,0
36.86230476869672,2386.68613917767,2387.0707142559722,0
35.76347921663994,2386.563688112164,2387.0709273006323,1
34.11070492650451,2386.476330848199,2387.093362815047,0
28.290782574389,2386.2702319884206,2387.081330710711,1
37.3893734996274,2386.072809594737,2387.0842423856275,0
42.291335178874974,2385.94983778148,2387.068508617397,0
49.54780187779924,2385.8191972675054,2387.0640638033783,0
46.16300797860886,2385.6681247643514,2387.0462221193557,0
34.30274840298688,2385.4069893957912,2387.005962278579,1
38.3738900626919,2385.184486592485,2386.9989455334526,1
35.10545583381301,2385.011969959632,2386.975128472414,1
40.00510826756785,2384.889437918045,2386.9372906308363,1
44.449327157978985,2384.862082454013,2386.905482116619,1
44.8701904308319,2384.8460969788184,2386.8887777513974,1
58.20620970794263,2384.8478841194196,2386.8932602872533,1
59.63967011795494,2384.878423490241,2386.885904302013,0
54.135796845704164,2384.8561489516205,2386.8415663788087,0
69.00622309352639,2384.88727542145,2386.778397368379,1
65.86475921707299,2384.927815576213,2386.7208578323102,1
68.18620574470552,2384.9822474870825,2386.7005040526315,1
56.473468445968216,2385.0359230309055,2386.6541871969675,1
58.82191255296911,2385.098095418095,2386.6039017048124,1
75.6338631593917,2385.1960127859466,2386.568024402765,1
72.41133621290854,2385.4016726248474,2386.506641489032,1
75.42015058254556,2385.5911548154745,2386.4616771731703,0
76.45164688745608,2385.786214532155,2386.390986942707,0
76.16580574257412,2385.9908395671873,2386.363739074269,0
68.84198711251705,2386.179582951724,2386.3168255672053,0
57.0584651295096,2386.40501916872,2386.2698019596955,1
56.46415382009686,2386.609903743149,2386.2536182544554,1
51.93853555027884,2386.7568030591046,2386.2161473906394,1
51.53908919866699,2386.8916281325787,2386.197675440293,1
50.78138506314325,2386.9930639929453,2386.1858323628353,1
54.16577633993082,2387.1354027226353,2386.2019871471193,1
63.84571181285651,2387.2170006832125,2386.206688759882,1
65.9231233772224,2387.3174536134698,2386.245515390335,1
64.44886740849597,2387.492134075121,2386.2884385116904,1
60.20894831554893,2387.6357649070924,2386.3143578244194,1
55.62324007601593,2387.7561658976674,2386.3211742280923,1
62.6643442788278,2387.9329491311546,2386.3737052520346,1
59.06787989116912,2388.165248833805,2386.446286233807,1
67.12495154829912,2388.4418642617984,2386.5562100967795,1
74.41213600109404,2388.6926475385976,2386.7022226850454,0
66.05577524815388,2388.893914621661,2386.816940427434,0
75.3662607283618,2389.0703604016103,2386.9129950858996,0
77.38182018762319,2389.2329513793593,2387.020436928347,0
77.5276332253824,2389.370506284361,2387.1230919466275,0
68.50630480088681,2389.5102871118347,2387.238056238162,1
60.84346631370276,2389.6376072256344,2387.332264677518,1
56.1926382541646,2389.7450760637485,2387.408159955013,1
50.771990713382344,2389.909921973469,2387.5056605089594,1
60.8530570533044,2390.132956885358,2387.625382949571,1
67.45524105739716,2390.418569163735,2387.76272768905,1
64.48385514619771,2390.6886599316836,2387.9693583244243,0
67.44272597888408,2390.977049380492,2388.168384674184,0
58.72354739342466,2391.200256079974,2388.3456827097325,1
53.11917319380512,2391.3605278985738,2388.504970764118,1
61.85512185666796,2391.5677830628265,2388.674221143809,1
56.97186213123799,2391.756343972051,2388.860916058596,1
58.67632124347533,2391.870976603704,2389.0483012565223,1
60.10989381953973,2392.017593568583,2389.2485356773873,1
66.15391542658536,2392.141004906013,2389.4568368919663,0
76.07256232517935,2392.2668721125383,2389.6641385484554,0
73.20663861867124,2392.415680219091,2389.844773723543,1
75.83969818169997,2392.5893823027272,2390.009594359223,1
68.89651651449618,2392.72938866947,2390.1608230000384,1
57.70737075242602,2392.8185592465934,2390.3080560646167,1
54.04429801407731,2392.959178968277,2390.466817656892,1
55.62564348107798,2393.193110412924,2390.638382612203,0
63.51967003136779,2393.465602797027,2390.8015020789912,0
66.35375249017648,2393.7428391419644,2390.9884269533827,0
66.70751930654717,2393.9850822620415,2391.1801776871494,0
71.87881354728204,2394.160090026053,2391.3483585850922,0
61.7420187066466,2394.2341958403695,2391.5023676106334,0
51.42419461090429,2394.224189440457,2391.621598524177,1
48.30455459386124,2394.251203615858,2391.731678343214,1
42.69070516486784,2394.297767911689,2391.8277421019184,1
47.71761031330052,2394.336388460558,2391.9369433473425,1
45.9409173933241,2394.427350635496,2392.0698486453066,1
49.059078169697536,2394.486605515687,2392.1989819655373,1
60.23503214908925,2394.539560118824,2392.361638501275,1
55.50072259315159,2394.5652796487648,2392.5262974984407,1
59.40916033984529,2394.622928153005,2392.716084212479,1
56.8692675657206,2394.7199888548625,2392.8786081764338,1
68.20221369695986,2394.8733653130175,2393.072140211145,0
68.35225198285048,2395.068648052821,2393.261300775779,0
66.23753730047929,2395.2930211439066,2393.428410892131,0
67.95772668164747,2395.4601316705744,2393.5965643622853,0
66.43230438843446,2395.5208917117916,2393.744272937852,0
60.267617155900304,2395.5224735221786,2393.8373118354007,1
54.98429466643305,2395.4880389192476,2393.91754298756,1
56.551115102141,2395.4569909640895,2393.986228368066,1
51.11021901866467,2395.399439317366,2394.0310752965997,1
52.96936087486902,2395.39440278859,2394.1025628774046,1
55.894951500667474,2395.490350200107,2394.1895944435755,1
56.17088141656938,2395.5859383127377,2394.2728731165653,1
57.12444441934699,2395.7614984198763,2394.384138956125,0
51.62914029550088,2395.889572792666,2394.488657619675,0
40.281026985987516,2395.984579758975,2394.6086376586427,0
36.34118144449257,2396.066633276986,2394.727604850833,0
42.16381671036672,2396.163627891964,2394.863120868673,0
37.787228379880986,2396.1768143124195,2394.9438404692655,0
37.78656494619815,2396.059341762827,2394.972393252116,0
40.56378043300723,2395.9343467912668,2394.976882920267,1
50.633160087292175,2395.7777780240863,2394.9924316685824,0
49.96749592060024,2395.616162466624,2395.027663330439,0
46.87983021555555,2395.409032097814,2395.0478125718273,1
42.28242100562597,2395.189992984347,2395.0454483308936,1
43.81160404563665,2395.0955890019563,2395.0799709498147,1
42.28359122078889,2395.0159973189893,2395.0953201215148,1
30.989503635462484,2394.9338713534917,2395.084054101523,1
40.5621345783482,2394.895047489602,2395.0878454015015,0
44.88432553140956,2394.917714120778,2395.091412099895,0
50.76680271370938,2394.983866055583,2395.1298372120013,0
44.894855391824,2394.9607371806824,2395.1381363947576,1
46.98497258667147,2394.880116414206,2395.1331642144596,1
52.316745937282136,2394.721656039366,2395.1453776732333,1
53.83023355824327,2394.6236331490622,2395.15443929199,0
49.641862759470634,2394.546217672842,2395.14988056261,1
54.04141381394368,2394.5495020709914,2395.161164560419,0
52.63786669250262,2394.4459755212984,2395.1443754204065,0
59.851934852223074,2394.466428438872,2395.136378939998,0
50.230620410611785,2394.500740966246,2395.108653628193,0
55.48719650644825,2394.5735767793535,2395.1126352958613,0
57.40092304776533,2394.56535921544,2395.1288995785753,0
48.90438615016757,2394.5155491063283,2395.133401526627,0
42.38779793707242,2394.49540478711,2395.126867321995,0
31.76359385174021,2394.4653227235676,2395.0970220360973,1
34.562592293345375,2394.3699382295054,2395.057005987418,1
36.9236744927562,2394.2684921917685,2395.0080747919474,1
40.454583492075464,2394.236216618165,2394.96271670126,1
41.97115657274204,2394.170448385378,2394.9299128961466,1
47.747632566076724,2394.1317625544843,2394.894945860487,1
42.97939931459968,2394.0567674372005,2394.864548644937,1
52.47757883464471,2394.040601105811,2394.805030711875,0
54.708504155127024,2394.1414429925353,2394.762282190345,0
57.03189952656615,2394.211851711844,2394.7129099004082,1
46.612484592340415,2394.2093250573166,2394.654116646687,1
49.491502826908594,2394.2002180930062,2394.6216111150957,1
46.98306068506585,2394.075078432502,2394.5822065245475,1
58.44313254362791,2394.1174470025144,2394.5961386537133,1
68.90075255357317,2394.183647702159,2394.6270416352254,1
73.03182183682347,2394.380272456901,2394.7009868840073,0
76.8360474546877,2394.545165677875,2394.772940451575,0
76.47300430906049,2394.751080110778,2394.833191542844,0
73.09503177345489,2394.971174398239,2394.8874959608274,0
71.55356014606872,2395.2509817862,2394.9226606685256,0
65.01850631611829,2395.539991853712,2394.9571896605157,0
54.17366203868453,2395.7256610360505,2394.9534384982485,0
47.61619101745621,2395.9106087292357,2394.9456649728468,1
45.31709372428542,2396.0058855541606,2394.8996197661386,1
53.969958993616515,2396.1346772052907,2394.913058053295,1
57.93613484788856,2396.2685696725075,2394.9786370243596,0
57.99708440153472,2396.3316918774863,2395.023486679425,0
55.21834720143925,2396.425655596083,2395.064181740674,0
53.89537347737823,2396.5016707215464,2395.1164854923145,0
42.70066073561456,2396.5400012874625,2395.165297576268,0
41.49554776049468,2396.6222514806536,2395.2270200452094,0
38.150625385104824,2396.673291362595,2395.2526920593514,0
41.87777418199773,2396.8111563992497,2395.300270156652,0
35.991884098607116,2396.8017127149515,2395.3432751982978,0
38.4508411255684,2396.730094193944,2395.361060316962,0
43.379833869714965,2396.5444792394455,2395.3516929314746,1
47.6917974603416,2396.375300053217,2395.329514050629,1
52.26007528330639,2396.1754262419727,2395.31906716736,0
44.041782500876344,2395.9725216198485,2395.3244580430846,1
33.35520963880947,2395.7257681424758,2395.324305509769,1
49.91538391188534,2395.6090781068983,2395.35136764365,0
41.48694306777245,2395.5774358134554,2395.3659257544937,1
31.82771122518534,2395.535781736061,2395.340176838875,1
41.53096843448489,2395.575683940457,2395.3515031338025,0
42.66940835206625,2395.5507280886295,2395.3467779131984,1
39.046948735547396,2395.396535781365,2395.336954950407,1
47.03499838966091,2395.3877204904047,2395.349144163845,0
50.98160655031243,2395.31313741732,2395.3632930214258,1
49.655089315156005,2395.185384166737,2395.384419516478,1
53.78464891042379,2395.126815397619,2395.4178618204714,1
58.85589229747646,2395.153062000506,2395.5021157559845,0
52.18959265505618,2395.135325339218,2395.558846903236,1
55.4391278226555,2395.0987082959614,2395.6323565983294,1
62.65377764976957,2395.194733313213,2395.7266818763164,0
57.011105806467214,2395.29986238272,2395.812825915899,0
53.53992310849632,2395.3830154732136,2395.8521940989663,1
55.277816500615856,2395.4224990422526,2395.8758066926493,1
53.945829095314046,2395.47892959375,2395.8943985625356,0
58.93720504599007,2395.6100021300304,2395.9118816980827,0
63.90890209232384,2395.736033095559,2395.9339780632554,0
59.44151047556233,2395.813688419672,2395.993112988592,0
54.263991538699145,2395.8506049761477,2396.02608050775,0
49.97917443128513,2395.8714130065705,2396.0587106685025,1
47.65483125906623,2395.8495716666803,2396.044352999468,1
46.52471538851131,2395.8909924624413,2396.029715817311,1
53.39092688784651,2395.991777601018,2395.981557008054,1
53.44493175930554,2396.014895334009,2395.9370360262988,1
45.124412410531576,2396.063235408647,2395.8881551405734,1
49.970215219443546,2396.171058580746,2395.864373189481,1
52.95136657853688,2396.2480795110678,2395.816700910418,1
59.12575040178756,2396.2834271749607,2395.799489884484,1
53.97158211118398,2396.35272934536,2395.80967422696,1
56.51139397090643,2396.490322988019,2395.8642423018428,0
54.39062753972555,2396.512410100035,2395.929291694666,1
47.44674329877269,2396.494052492698,2395.956576030862,1
55.9133657037995,2396.5470950370727,2395.963604244792,1
64.26089237348134,2396.628064992823,2395.994355938784,1
68.55916858554266,2396.7138337436336,2396.0096698215557,1
64.19633625916114,2396.7554628896387,2396.013398565319,1
56.76138778724231,2396.7670497814674,2396.0247974608574,1
61.93101976851888,2396.8101049585625,2396.0682543797557,1
63.93606011969875,2396.946316576975,2396.1352905935023,1
64.69068483431205,2397.1946349282216,2396.212102080091,1
65.13760291429212,2397.4411320714516,2396.3001207420684,1
64.31956290338209,2397.646769007595,2396.396385742772,1
69.84417095306422,2397.857545696648,2396.5067835909344,1
67.28876625163305,2398.101850042926,2396.627656022182,1
76.07216271576351,2398.381441130653,2396.7705610960456,1
83.42048484152616,2398.6243859311967,2396.92511891402,1
70.77180723323715,2398.831021514167,2397.0588022590946,1
74.76843204507759,2399.0813121682813,2397.188383509037,0
75.22507695724707,2399.3870776262984,2397.333530952097,0
71.28379704073085,2399.5891746964217,2397.4855994859868,0
78.5181364988738,2399.8395490962484,2397.6348377569825,0
66.00915427446222,2400.06477532626,2397.7621949259137,1
66.45208463419345,2400.3102288864307,2397.9290814868186,0
55.01092396777498,2400.4936424395733,2398.0367247184513,1
56.3949276252931,2400.6551485167834,2398.146474261341,1
55.77227511826305,2400.8173402201583,2398.2661809866877,1
58.65912873036979,2401.0647011999654,2398.399951781796,1
55.10165496257453,2401.251789609666,2398.5077454234197,1
53.02280131053717,2401.4285348460753,2398.6525743962457,0
52.0780396393464,2401.549795408097,2398.792536924945,0
60.05962986790781,2401.6909017676444,2398.8985881238414,0
51.60143120038432,2401.8187662754176,2399.003947299851,0
46.79809328591747,2401.9311737278667,2399.126046892796,0
41.00623589991596,2401.930998265545,2399.231055711499,0
34.890393444087266,2401.8536799382027,2399.320461233827,0
43.685317706322806,2401.7784305723853,2399.392490290962,0
33.64109998507628,2401.753934411703,2399.465962785552,0
41.42485299649656,2401.65201941225,2399.5237159060684,0
40.69107544114968,2401.514930768671,2399.5992612691066,0
32.943184733228065,2401.3676356710394,2399.6840885517745,0
18.28615035694895,2401.1843549094374,2399.768751054086,0
15.924137335780301,2401.049244619998,2399.8254957889367,0
6.174987074294421,2400.872125933482,2399.881220819804,1
12.572161600265758,2400.769590850515,2399.938602925054,0
12.258413480485046,2400.668667135595,2399.9886469521207,0
9.33766011678776,2400.516779032462,2400.0044691673747,1
7.943605952371115,2400.2674140592544,2400.0076856010705,1
35.97154745654646,2400.117684787284,2400.041448468349,0
34.58387310612147,2399.8973643991576,2400.070428417764,1
31.0639099681637,2399.657425687319,2400.059378004665,1
35.44011995646294,2399.439454425619,2400.069405854075,1
38.288571473597166,2399.2324984982874,2400.0993257020864,1
42.6050391596911,2399.053939515493,2400.128784684164,0
44.41740568060163,2398.9251346596398,2400.1498835782254,1
48.06508481732262,2398.83660506636,2400.169569762917,1
49.97414499016303,2398.740738226006,2400.186600425509,1
48.339699508347664,2398.64235097109,2400.216083261401,1
47.53952559493741,2398.5600124691314,2400.223678910296,1
53.67196426943283,2398.532822735821,2400.2338637326447,1
59.41185048434376,2398.539288929282,2400.2219501521986,1
69.63083731527095,2398.564857215036,2400.2182411115195,1
62.49522700839451,2398.645425211962,2400.224958270683,1
79.31875939626308,2398.764241897658,2400.2438993002083,1
89.29713879354327,2398.930680907214,2400.270135270769,0
70.51569378084253,2399.034092719026,2400.2497075874694,1
72.26204062244543,2399.214895508393,2400.240672998253,1
72.50356527462867,2399.4756847811723,2400.2655509078727,1
69.19709682347708,2399.5971504697463,2400.247783788935,1
69.23836482566051,2399.7738722762515,2400.225146277746,1
72.07980636409982,2400.013383952717,2400.2290617071835,0
68.7619808452813,2400.199049260183,2400.2132059196483,1
69.30081582090878,2400.3879826404273,2400.228608627754,0
68.79848348629307,2400.590935539998,2400.2410673455906,0
62.929369728569554,2400.7687563398495,2400.259929138336,0
62.28727222251387,2400.931343389177,2400.2800477118744,0
59.80459809212389,2401.1035154270003,2400.301070508246,0
52.296827003484765,2401.256327459304,2400.2927337651363,0
41.026745093566966,2401.364156973973,2400.268625856019,1
48.28570639651203,2401.4243700826974,2400.2321978272935,1
47.69499947080588,2401.517536789035,2400.209046704574,0
47.93725443703592,2401.6370747415667,2400.1967103010884,0
48.065265991021995,2401.6794297435354,2400.1692236579306,0
50.260302277219026,2401.709417046516,2400.155196627668,0
40.07986178116109,2401.642609300812,2400.1547796848763,0
36.96316447328209,2401.581643972567,2400.1408932012155,1
32.80306810347065,2401.4697881341535,2400.1172160229603,1
34.457487585134956,2401.3787878687876,2400.1154922907062,0
42.60641377381761,2401.349452121417,2400.1267568726016,0
43.22678936731338,2401.3099899850313,2400.14316996429,0
39.637760737053426,2401.2118147593924,2400.1667333425244,0
41.35619966359745,2401.1312154052075,2400.191950117957,0
46.32399741541538,2401.0372649500964,2400.223816759793,0
41.78994965302825,2400.865722848522,2400.238506111607,0
35.050791440930766,2400.7230972356415,2400.241331692386,0
29.346852429395767,2400.5775402720037,2400.243596966438,0
27.775389345730503,2400.365901594963,2400.2407195332457,0
20.231344673828517,2400.152570248107,2400.2467962406777,1
25.807603132062724,2399.990825300875,2400.2178820614554,0
31.593080581426207,2399.8348626113147,2400.2071971121563,0
31.847623305031377,2399.6344838614305,2400.1998699742185,0
16.84188268665018,2399.3718986539975,2400.1696879924402,1
26.46783141949335,2399.2068439487552,2400.1589618381176,0
23.94985194861144,2398.9821833595215,2400.1264941652794,0
27.324644278434775,2398.8010240736244,2400.10513545047,0
27.01739362772905,2398.6647568161243,2400.072153901121,1
26.405813095070656,2398.544626473172,2400.038771321827,1
34.10210174655573,2398.397881745033,2400.0177046002837,1
30.256288579750162,2398.170088331241,2399.9707872174454,1
30.970269777609246,2397.9420931399773,2399.9068781259525,1
45.236726574611076,2397.778395314016,2399.862375896418,1
59.21066855432333,2397.70074804924,2399.846306451638,1
56.59285597249413,2397.613548829299,2399.811066206728,1
56.741895929414945,2397.57075435708,2399.761111095376,1
66.78274266858008,2397.630337499814,2399.721194329426,0
75.35731193675836,2397.7439403922654,2399.7275360357335,0
67.25391466721013,2397.886894880285,2399.7095192820025,1
68.68153768262096,2398.0386279603053,2399.671973512331,1
70.68470377269185,2398.212202747138,2399.6639029724115,1
67.48153181389583,2398.3449555751704,2399.635630431724,1
70.19594832317613,2398.5335679449045,2399.607943571093,1
69.9012999220519,2398.77200941069,2399.5988720526425,1
79.4849137132153,2398.968085714013,2399.591003067552,0
77.81012824323714,2399.187411833784,2399.565084682794,1
71.14068244391525,2399.3714812490953,2399.5462254141685,1
70.3556194178925,2399.6335451411633,2399.553034601916,0
69.61757083786627,2399.884288370304,2399.551080499148,0
67.01888765013878,2400.1002898067045,2399.555289539244,0
58.6575568372407,2400.3678960239577,2399.572282837439,0
54.03442909204059,2400.643487776286,2399.594525203388,0
51.505671882815946,2400.830217377586,2399.5874481318383,0
51.82301888838672,2400.923892043378,2399.5610333723625,0
42.572318688575166,2400.9980459851445,2399.5385127033715,0
53.6357566912844,2401.1043438908064,2399.5190818330916,0
41.50767980635661,2401.0867499726037,2399.498850598143,0
31.775803972140082,2400.9535283688274,2399.476289794238,0
22.83955156594115,2400.766314365305,2399.4281297744633,1
20.560179021019835,2400.5450444944304,2399.3384761625884,1
29.953930518645663,2400.3399741731987,2399.2601117931245,1
21.10676563250638,2400.175993601148,2399.1820318781706,1
24.931381605137233,2399.988553922516,2399.1186392363434,1
29.20289520089993,2399.8092017544195,2399.0700665923273,1
29.738178241102702,2399.611388112497,2399.020652332512,1
28.38718087151865,2399.4208525708477,2398.9871365717236,1
37.28275952815463,2399.2972910785606,2398.975902951336,1
39.96164286861066,2399.121089709612,2398.970454376959,1
48.97425608860205,2399.0107217310556,2399.0090085535853,0
48.00664472271149,2398.941624353374,2399.0709111813503,0
49.11952818465505,2398.851020607468,2399.1163609600767,0
55.116394171027764,2398.732810615299,2399.153704404982,0
62.649623983480566,2398.6267350359403,2399.1843486016423,1
78.25551489998324,2398.5919562372283,2399.2490564056548,0
70.45644758883668,2398.565696683354,2399.2820537972107,1
63.8917292522191,2398.4736870054235,2399.315683291453,1
63.11729463190311,2398.429906951859,2399.3504037494367,1
59.88610507462386,2398.452470928349,2399.391375439128,1
61.0437672538628,2398.5655014278586,2399.436479756338,1
68.80387318672038,2398.8129396889112,2399.5044993401393,0
68.39146434692974,2399.0424392540863,2399.6090521622627,0
68.00866248227692,2399.272370977455,2399.7141430131614,0
53.71720988880996,2399.4259158019827,2399.7776474315297,1
47.99407236027351,2399.538002617537,2399.8049684196462,1
54.788452924827645,2399.6762839204575,2399.8457463689756,1
51.26547121193757,2399.770714833658,2399.867120762355,1
63.17348445005546,2399.909003501519,2399.887369352018,0
59.02906399097347,2400.0420289953126,2399.889689818178,1
61.53628904986787,2400.121044525664,2399.902668411737,1
62.33138563472482,2400.148561050485,2399.914884417423,1
62.97358272027465,2400.220658936518,2399.919743435829,1
57.134307337163946,2400.266322111243,2399.9222510194104,1
63.15740511222868,2400.4276795817914,2399.941993256397,1
61.50170444683442,2400.593029183647,2399.9774643148376,1
61.715767049002025,2400.813952681429,2400.020400584177,0
55.588264843498735,2401.0111979308513,2400.0451977302796,1
62.32798879259059,2401.2038685894463,2400.0833586855774,0
67.93580993186326,2401.448789388217,2400.117473137949,0
67.65695089024155,2401.7056516624593,2400.1650250732,0
68.51038283420263,2401.84683701636,2400.2031182240016,0
59.10340103329423,2401.925495787812,2400.232092067805,0
56.89084981963122,2401.984996691571,2400.250746579276,0
54.06494512345398,2402.076697017319,2400.276239287423,0
61.790245180566856,2402.2495469963837,2400.3352304008486,0
52.72037697600126,2402.317114605794,2400.3733738172355,0
58.99253699379427,2402.4577606223766,2400.4084874549835,0
47.03964003339499,2402.461075692109,2400.43709963982,0
38.49009424010758,2402.4253640398374,2400.478424086582,0
28.96314975627125,2402.3073091171636,2400.5190663124804,1
30.7506093430722,2402.193957824961,2400.5744497496353,1
36.801563281764835,2402.12116628855,2400.632220281969,1
32.53726091422415,2402.1052877940974,2400.69396869659,1
27.125866200390874,2401.9548791342013,2400.728523341071,1
34.05776484772554,2401.792462329094,2400.7707685447076,1
40.858046180936135,2401.639925836722,2400.8318156738674,1
42.51610741450877,2401.547168363823,2400.8957240474697,1
51.27703947461049,2401.527584326431,2400.9754759847256,1
49.06424821983559,2401.492499398105,2401.066037013347,1
58.06576165843231,2401.460996354095,2401.145134922416,0
52.94500076219959,2401.4374425259844,2401.2014454930463,1
60.03401595462775,2401.464988387511,2401.2776791798215,0
65.1115400214251,2401.5192833456617,2401.365335671421,0
77.97589929635052,2401.618508977299,2401.4729488639664,0
77.07397582651743,2401.629200030742,2401.550127918254,0
74.00681624077852,2401.7218555651125,2401.635837369939,0
67.82160713983079,2401.755599873888,2401.7212526023686,0
62.38483409240583,2401.7551510336625,2401.7671972725416,1
62.32485230814564,2401.8330844356774,2401.830669489513,0
50.74077936995598,2401.9313116130998,2401.8653903865766,1
50.753571873281814,2402.05578842636,2401.8715892446144,1
42.68700566791026,2402.133156058736,2401.8685070038287,1
39.81966192528178,2402.2129932420485,2401.870217602428,1
34.3055409797944,2402.329441724297,2401.8899337099965,1
39.36861196086151,2402.4160527585814,2401.9219886011256,1
38.29154489039881,2402.472250305115,2401.9502022277297,1
41.72087665891478,2402.553684585036,2402.008911948021,1
48.43274726377515,2402.623066552207,2402.061101205001,1
52.916869152042906,2402.668953720453,2402.1168069034024,1
52.61600389963251,2402.6900967422075,2402.1727558090333,1
52.148450521899704,2402.707105753635,2402.2248633743056,1
67.95776840317217,2402.7164566785937,2402.275998276652,1
66.64401257361726,2402.7438312765735,2402.356339337553,1
79.55765207019738,2402.7427205870754,2402.3989652660803,1
80.79986675033327,2402.7907778225103,2402.429227373799,1
76.60468342089854,2402.822010454829,2402.439060479299,1
77.67874658002074,2402.9127572532393,2402.4818763313247,1
82.88781060593655,2403.12589342821,2402.536007208047,0
84.11352866225735,2403.335042535107,2402.585170748269,1
83.44617956860378,2403.6090009743166,2402.62673011132,1
72.08749970586098,2403.837073228871,2402.6676837296186,1
59.90043200577122,2404.027348876141,2402.7092482391604,1
61.720972053365486,2404.2283682957323,2402.7675662440924,1
70.55336887779646,2404.538663370497,2402.8747202512677,0
74.64100830150838,2404.8244811553895,2402.951962264727,0
74.69253651446049,2405.1096937646253,2403.0672338912623,0
68.65585686906138,2405.3432656789328,2403.1631139706433,0
63.52509898701023,2405.4685412578942,2403.264087431315,0
57.59310266343402,2405.557396436253,2403.3696198619687,0
49.26689771236955,2405.560390781743,2403.473988474865,0
51.91716914718259,2405.653791688363,2403.6087969196665,0
40.815039273204164,2405.640549531911,2403.6837515739967,0
36.162682250607254,2405.5900589221174,2403.750247788761,0
32.777255301315776,2405.5001353238804,2403.8170677419516,0
33.125333467737846,2405.3530520168615,2403.8534632489063,0
40.41166375212746,2405.2727302639746,2403.8921822502,0
38.8483763080207,2405.1736114846053,2403.9324535796377,0
25.016981892356668,2404.9993727663077,2403.924722583997,1
24.565534034831856,2404.765608248041,2403.8944142882438,0
20.792285527141715,2404.4965107079106,2403.8409358528456,1
21.57674101099353,2404.267270066962,2403.79961474601,0
24.281384974185983,2404.0694216155107,2403.75102153036,1
35.704607129009304,2403.9235898620327,2403.7292888506404,0
36.13341549730633,2403.603153585685,2403.6685780946223,1
29.127493353873547,2403.294953647609,2403.6182637114744,1
34.38698007860475,2402.955897494696,2403.5608506630956,1
40.69389510755376,2402.6769453851903,2403.5316521751647,1
47.287538608857204,2402.451144682182,2403.5424848907232,1
54.46069920648373,2402.2760111020416,2403.5467905285145,1
49.31994700126402,2402.19797984841,2403.5806557689893,1
43.62918451423373,2402.02853154725,2403.597894168023,1
54.54495066962892,2401.996739076067,2403.629184780929,1
61.176057512640085,2402.0074399302844,2403.6680264640554,1
69.04153808654857,2402.1018870919847,2403.726045889027,1
72.64526805908069,2402.28227146912,2403.799950733122,1
73.20616065652368,2402.424301943892,2403.873002905711,1
72.24219582300033,2402.6175294352274,2403.9579915197137,0
87.15682305759324,2402.864478355801,2404.021287305435,1
85.57769257310262,2403.1262456181535,2404.077331047324,1
88.25924119413268,2403.418367972905,2404.132244345125,1
86.78033241989799,2403.7112784038136,2404.2012838060814,1
81.31301106543526,2403.976497514447,2404.255037864702,1
83.23177245412906,2404.231169188087,2404.3242240152463,1
83.15072664600137,2404.5743447069863,2404.401227742587,1
91.69430797320382,2404.9227022575096,2404.471033485474,1
90.88388379242767,2405.299213485931,2404.551731875537,0
92.75706988789167,2405.7570569539134,2404.6693720554335,0
82.45368880902477,2406.1554387296246,2404.7543030112884,0
73.63242749607514,2406.496404476542,2404.8113353050885,0
63.728355921824495,2406.7683439353214,2404.844392953391,0
56.96054052984514,2407.068259069575,2404.8903685043047,0
56.39163666430019,2407.329544321702,2404.950062959153,0
55.03568263508019,2407.5402764769105,2404.9927897365264,1
52.312586454851655,2407.692798368524,2404.9876998882373,1
53.05049078670696,2407.800454447982,2404.990340050159,1
53.13479499261714,2407.871319210421,2404.977653084029,1
46.65163918188971,2407.8953513097827,2404.978825772054,1
50.85858869942004,2407.948847200142,2405.0134096823344,1
53.470705549079,2408.038186652815,2405.069647133949,1
55.47351480702464,2408.163030795794,2405.173300350745,1
46.64624459892457,2408.332265425958,2405.2726733011195,0
54.44459114194162,2408.533588835411,2405.412253586102,0
59.1053794055385,2408.6632910498874,2405.553516866354,0
63.95773540676496,2408.7502513269083,2405.701274143798,1
62.61763557641088,2408.8177749383503,2405.8569226540694,1
57.268766546884365,2408.8488201582886,2405.982167833262,1
64.40726456844652,2408.7899380906215,2406.1159026978403,1
70.35495484066251,2408.7901962926826,2406.270632421839,0
72.2942135964315,2408.8521263497214,2406.4459425457603,0
67.08358028382509,2408.9228657732133,2406.6149349795123,1
70.68392116585036,2409.0601791456124,2406.8075321357646,1
64.1148022009898,2409.1705925654182,2406.9905313391164,1
54.622861354668856,2409.2556182202748,2407.1256010798234,1
47.923125938311465,2409.3446642364643,2407.284304148549,1
54.57363067774051,2409.5273646976925,2407.4833044701927,0
51.49628663850738,2409.714640797254,2407.6811504050524,0
50.73211824364536,2409.87650600487,2407.8586500199253,1
53.49906252981494,2409.98611765139,2408.0273988700174,1
54.747473624028004,2410.0627032637817,2408.1843239986447,0
53.42255901083027,2410.0727892996542,2408.323224131243,1
50.69905197124759,2410.045167122395,2408.479327531177,0
54.02827588872308,2410.049255615059,2408.6332602016982,0
52.33928103789069,2410.072261321383,2408.7794454227937,0
52.587674255817454,2410.0817105385877,2408.893203522439,1
43.31501979123151,2410.0930330461397,2408.9812272848767,1
42.74099654603301,2410.1032418789946,2409.053743807303,1
48.7338869294089,2410.086301397514,2409.103411482755,1
58.42972042235078,2410.1087076807125,2409.1683241518035,1
42.22251759710626,2410.0972883375616,2409.2343596335236,1
44.1366406689132,2410.1287562739,2409.29909029991,1
58.236899595637404,2410.174060023621,2409.3926447836875,1
63.700973512868124,2410.2714912278693,2409.5085288244854,1
67.00587475850267,2410.4358863490847,2409.6074879442226,0
78.31103836927039,2410.6961754455056,2409.7330364439567,0
79.01403987943866,2410.8767063524147,2409.8649061081546,0
63.54235172726121,2410.993284848304,2409.9587789500015,0
65.10133139506266,2411.156173833367,2410.0182967717074,0
62.61759023251789,2411.2630666673717,2410.070450045116,0
65.64324093094777,2411.3939845314558,2410.1433560206106,0
60.144052639816096,2411.4876116952073,2410.210931235197,0
58.031070921392214,2411.5568361192145,2410.274758351033,0
52.25437927161836,2411.5684853657094,2410.3288366193015,0
49.925952566190254,2411.536758275296,2410.378038142148,0
49.00952159748184,2411.5355237169506,2410.4302936618096,0
46.186370339444466,2411.5893654636175,2410.496791691131,0
40.15958471379429,2411.6367101898018,2410.5599001990554,0
40.029041606698186,2411.703742972437,2410.6267681478166,0
27.31198463295172,2411.6789317026255,2410.6603579527964,0
23.906173995568466,2411.652495761599,2410.6800832770373,0
30.902069989377736,2411.6425395859806,2410.6908938159845,0
22.469216238767345,2411.521616480945,2410.668385205682,0
23.087000820868766,2411.3131763189253,2410.620363817891,1
23.38665858987825,2411.1014480316453,2410.582750736926,1
36.465122756892335,2410.8563176957264,2410.575462991484,0
37.99292367034974,2410.5884323088367,2410.5731690563493,0
37.612846623640515,2410.381715491363,2410.5719370832317,0
42.04096265003555,2410.147919059082,2410.5614891590913,0
44.159292433572595,2409.9800221618366,2410.546380392778,0
38.39652328622371,2409.8037611514765,2410.5240099413127,0
31.037302657444414,2409.5949200800683,2410.4797529579396,0
23.95255458726662,2409.36198905343,2410.39548231416,1
24.24480216705892,2409.109800203759,2410.3045196746375,0
25.874697557915155,2408.8944508235168,2410.233571183445,1
24.81966167761294,2408.7004906385073,2410.172624222627,1
32.594730259946544,2408.4906752042307,2410.0821158937465,1
39.85663456739361,2408.3197211564097,2410.0019323427173,1
30.896240958345174,2408.0749320705922,2409.906138574106,1
33.27470831384632,2407.9266491550625,2409.8365705542656,0
41.52621983291794,2407.8368229547254,2409.789731153415,0
38.6101567137907,2407.683715292134,2409.7352642129763,1
39.548492909050985,2407.583776977982,2409.683829147917,1
37.3292190417125,2407.5124905057373,2409.6056577741624,1
36.78668185679686,2407.4270834670374,2409.524679595187,1
51.92364146369499,2407.3388856235492,2409.478333025469,1
65.5326923025642,2407.3390545514935,2409.471577658491,1
72.59475820664866,2407.3875671039063,2409.4856671731964,1
72.93353927517055,2407.441650030215,2409.5036286121717,1
70.40853359076334,2407.479920913041,2409.4948656857096,0
69.22517447485234,2407.5157610890797,2409.49139904192,0
71.94829218689428,2407.7071219448635,2409.5110992263253,0
80.01682036510478,2407.9394586220237,2409.501641753521,0
70.63464247217894,2408.170159997347,2409.463987182429,0
56.822340578915444,2408.33003907291,2409.391232272975,1
65.96574662157684,2408.503004947824,2409.295356023554,1
65.67951492108838,2408.6604151282163,2409.1955994040673,0
65.35466344253723,2408.7816857117095,2409.1172926880795,1
68.12510423750223,2408.9960262630457,2409.042079545977,0
62.16981574269271,2409.1356155551034,2408.9855901093583,1
51.66412776319209,2409.2189423513514,2408.919714281373,0
46.85655999068669,2409.3519304738684,2408.8809917244407,1
42.73276992524707,2409.4575722749255,2408.844123610201,1
46.38018352573202,2409.5964656540214,2408.816849889487,1
52.386450647891515,2409.775865079387,2408.820322316824,1
37.61828441619005,2409.867432817642,2408.811096665746,1
41.23932605409328,2409.8933371907833,2408.7931663493573,1
46.95275215705524,2409.8960768025036,2408.789413818277,1
59.51963181786597,2409.8931695780007,2408.7793992543975,1
61.577062705836525,2409.938728983025,2408.7987845978696,1
60.46834194238869,2409.9789748902176,2408.8219906933673,1
69.13674298652364,2409.9840390921536,2408.8476990287945,1
67.63770516820315,2410.019526229543,2408.90080565296,0
66.7740778543891,2410.070283264971,2408.966829960847,1
69.62832481775229,2410.197795233452,2409.0297711536973,0
67.25435806265827,2410.294753782948,2409.070730458443,1
69.46230630572879,2410.37651353623,2409.1108318950246,1
65.07106973572215,2410.4712271605836,2409.153097355768,0
61.14546676410681,2410.543743436073,2409.2004092967736,0
75.77049999084026,2410.6363965744986,2409.248139874423,0
75.30576057381603,2410.7502172379695,2409.29829671597,0
74.13175774025422,2410.8640037722566,2409.3886252013162,0
54.29487484310302,2410.9276635757305,2409.4703934191216,0
47.12104012216817,2410.9831435132187,2409.566187213271,0
47.26129458339938,2410.9951043630754,2409.6605837326474,0
44.81896179123893,2411.062468326343,2409.7558877408796,0
31.620799258419936,2411.0865423163245,2409.8315131941945,0
27.787108214851784,2411.055911170855,2409.883889824055,1
31.68699853779985,2411.0441137379994,2409.9670719213605,0
31.56745547269179,2410.9864982600875,2410.0227242398796,0
34.18069010371997,2410.9337606470745,2410.0607657703067,0
34.41020718575554,2410.8505554603894,2410.1144350960967,0
28.837043514896365,2410.7384732154906,2410.162684147964,0
25.682618782074186,2410.6285941646897,2410.213271424428,0
17.375552158089207,2410.46802443189,2410.2461475396385,0
23.027758026591442,2410.3364354698097,2410.269750396947,0
26.8837614696036,2410.186028975389,2410.2496216645827,1
28.47021105253259,2410.055062996063,2410.2200957126306,1
32.313128009938495,2409.9216722094498,2410.192418168467,1
27.11108819411406,2409.761543125851,2410.160788759547,1
24.879234854506237,2409.537476855505,2410.1069830225406,1
49.408519504792025,2409.411154704229,2410.0702383050625,1
42.65926059905617,2409.327886518414,2410.0257645776774,1
47.99001660805707,2409.2683002822987,2410.0054433272517,1
56.61422849735154,2409.28375106996,2410.042068531467,1
61.10807286123967,2409.32109433001,2410.083123493754,1
59.53922614556117,2409.3701690454536,2410.1154147610896,1
61.59205272983945,2409.464377894062,2410.1569666969967,0
62.354171626865046,2409.500298188086,2410.1687806913765,0
63.7065115605755,2409.5824306014497,2410.201450258418,0
68.9163341490129,2409.6803640812277,2410.2453344622572,0
65.44184483317659,2409.7689789314713,2410.2812544791377,0
58.7448797434292,2409.8161492624617,2410.3061149429786,0
55.43544267836105,2409.828441657863,2410.3060618259647,0
64.07109200893997,2409.918917956983,2410.3033686906765,0
56.19147071117587,2409.99525991483,2410.320881235822,0
60.02206174139351,2410.1043260576594,2410.334017211333,0
52.87620923134608,2410.1739161962187,2410.3312314701166,1
35.86935862237843,2410.1685478017694,2410.3025694579746,1
36.96630225352151,2410.225156458933,2410.27535974991,1
38.364496497893725,2410.3316021029514,2410.2480339076337,1
43.842053975836315,2410.377293708818,2410.227540151728,1
45.75597250656633,2410.428658864662,2410.189417631725,1
39.63704189825125,2410.44561462044,2410.1555758694394,1
40.54878702432063,2410.4135237613,2410.1283599426065,1
47.019669079673434,2410.379130515472,2410.1168741867637,1
56.42053202536306,2410.3886576069044,2410.1202723893593,1
63.08874992598381,2410.3890613037147,2410.124100354249,1
61.436435066050514,2410.44735117882,2410.130223788475,1
65.53712998805219,2410.5147371754665,2410.1527864988047,1
63.98341181731864,2410.555281463323,2410.167360152399,1
66.21356433496314,2410.5958632493594,2410.1739982699787,0
82.45873304705387,2410.731841931812,2410.227786285411,0
74.07363247376308,2410.894492134429,2410.2706012744493,0
75.75894402474043,2411.0428608367793,2410.322471280158,0
72.53253809192981,2411.1840777215493,2410.3695249939046,0
61.58449221294264,2411.2430326002077,2410.3966133248864,0
67.08393928453582,2411.380049186599,2410.4608866764147,0
50.51124145917155,2411.4652917519406,2410.471040663551,0
40.64537376497684,2411.4326646516242,2410.4538263065247,0
39.46264867487504,2411.4194491930066,2410.4423093260066,0
42.62042483138862,2411.391027195934,2410.4437288459458,0
38.10147667848237,2411.3525393296068,2410.435044077371,0
33.47290610249331,2411.3294370606127,2410.4359130278085,0
28.15766367021257,2411.1765456627236,2410.41176843494,1
32.373982702595455,2411.022639360227,2410.3913557429305,1
27.234602000659166,2410.8468194523048,2410.3845885801256,0
28.438389199092,2410.680981880373,2410.3744679079728,1
25.129998710232215,2410.4913960782214,2410.3581133359844,1
27.953426521041848,2410.277176464498,2410.359039834264,1
32.252190211462604,2410.065991670302,2410.3787660783178,0
21.328515507791764,2409.8003841905484,2410.3296900645064,1
40.67592998873653,2409.5689200960423,2410.3241997164623,1
54.2570765253037,2409.411665863656,2410.327947506992,0
46.40140506346448,2409.177834784906,2410.280104766137,0
42.63846537843009,2408.9325351093585,2410.2141013056444,0
44.14536954264403,2408.751456690864,2410.1491283830505,0
48.375623499393406,2408.5683884923305,2410.102490915722,0
49.88588958365284,2408.4092636815662,2410.0346268609433,0
44.735717678434945,2408.309543662895,2409.944671531103,0
37.73584778606311,2408.118304983311,2409.81748568684,0
37.064686717112956,2407.894579635147,2409.693969127416,0
35.7118296308621,2407.677457445575,2409.5795673506163,0
33.74260431181028,2407.457610135086,2409.4875804186972,1
32.362018708551716,2407.314825050467,2409.3701312723338,1
35.16756320209005,2407.113720011614,2409.238739781644,1
26.18320879748518,2406.927412220949,2409.1138230454417,1
21.00263087122586,2406.761117054056,2409.009348251108,1
28.130060773064372,2406.616044161588,2408.9371118799118,0
28.616464570739993,2406.4441650984527,2408.846643290072,0
27.662031445630575,2406.2505725529686,2408.7463542583246,0
18.729947827583047,2406.127188128313,2408.6296478323043,0
29.629656411324348,2405.9359968970784,2408.527134929429,0
24.181780172537117,2405.6097024450282,2408.393582636827,0
33.52077012937967,2405.3505702566717,2408.2549233642853,0
37.389433933830276,2405.1176090850267,2408.109492733466,0
40.313660090406714,2404.896575317232,2407.9522954671816,0
38.865615676583595,2404.626415029902,2407.797432406196,0
30.759176390443116,2404.3399807245473,2407.591678679234,1
31.811914742240006,2404.0559126192456,2407.3611417086145,1
39.58506554790325,2403.9138475201207,2407.160912109559,1
36.86714519612615,2403.783702293452,2406.969104745053,1
32.048697423356614,2403.6601655089594,2406.7508967814756,1
32.77282573629624,2403.534117209595,2406.5434304487635,1
37.402550427705876,2403.446454800936,2406.3315688579964,1
42.093687932378,2403.4151861377204,2406.1311831481125,1
38.01034615597791,2403.349976000308,2405.956600405482,1
52.149840435212276,2403.283575737353,2405.7707588714097,1
58.9708511284392,2403.2621855727984,2405.6558694082546,1
61.921248066119524,2403.2881214438403,2405.5888260069582,1
69.16699333384398,2403.4305388668054,2405.5507901278443,1
66.35452333139695,2403.5514395747173,2405.4938127838177,1
85.91197988487102,2403.7193413801265,2405.473855749637,0
83.3878807114993,2403.9426874279775,2405.438882783773,1
81.1172350875263,2404.1644116444836,2405.4500697569893,1
82.32776651673466,2404.4030693946656,2405.4616647472417,1
80.86182966437678,2404.6188100209283,2405.461091694631,1
80.98009387991672,2404.8440417551647,2405.462656356113,1
81.85685875413117,2405.2083367089363,2405.47845493152,1
76.06694154660515,2405.5618149572997,2405.474997105735,1
80.30146792177422,2405.9104909956013,2405.498711839679,1
72.05986435600302,2406.203267117092,2405.5302579156705,1
72.55747461755837,2406.585922489838,2405.5576977389937,0
72.5483211945183,2407.007954660153,2405.5819459673626,0
66.89422750292636,2407.412206892669,2405.6253177011017,1
68.28071075734684,2407.773999586949,2405.667768939149,1
60.36520440166569,2408.124666357243,2405.7058842720335,1
64.15332834041433,2408.452904517831,2405.72456528161,1
62.59515359063052,2408.712136811847,2405.777018660367,1
64.43056320891009,2408.9813281237507,2405.8575397913005,1
72.92954210382894,2409.2356535910358,2405.997729570934,0
73.17630195380978,2409.5242250694805,2406.145670957551,0
66.07786340233429,2409.711923828106,2406.28764230265,0
66.98443199054527,2409.909420490703,2406.41960692602,1
60.57159658762574,2410.085450876046,2406.558320087221,0
62.68644152286474,2410.1909773160073,2406.692567668999,1
47.11112106669976,2410.2697771875605,2406.7980376812757,1
52.63723152846596,2410.42894357651,2406.9297869650945,0
54.41803842667706,2410.563796062399,2407.0575556918443,0
52.31354331068509,2410.693734058873,2407.1748246899033,0
58.03577207209792,2410.78956085978,2407.3143071624036,0
53.18879672521413,2410.8936376806832,2407.436837736619,0
49.07101139911725,2410.876286361963,2407.5338135249476,0
41.1699423674136,2410.786760301808,2407.6527691100746,0
39.722079858779274,2410.767003795941,2407.7918911168094,0
38.00078890302492,2410.7532388158916,2407.922020831495,0
33.79287737518797,2410.662086686879,2408.0120888198917,0
40.32924419011912,2410.6247690208024,2408.12390687797,0
40.00215676871149,2410.5771359346218,2408.2718807443966,1
37.95648775950222,2410.4053174783403,2408.397301734938,1
40.1155565958327,2410.142085518525,2408.4890247702956,1
33.16646730297465,2409.891718517748,2408.5888774472696,1
33.66189164444512,2409.6913386231518,2408.7001115483267,0
43.72040522236306,2409.584724369348,2408.839849789921,0
38.052042108568884,2409.451323032425,2408.9602673798163,0
41.57380147342009,2409.3609953845253,2409.070891367721,0
42.82647107113319,2409.289842621566,2409.1739843297782,1
40.54852106768926,2409.073117054345,2409.245603491891,1
37.065923668721595,2408.8797080409777,2409.304564679116,0
39.954615097565544,2408.738155135724,2409.354838166657,0
50.204506655434095,2408.5752852256437,2409.3722057059385,0
46.45288211224952,2408.476620768287,2409.4069102140465,1
44.81863650212551,2408.394377878736,2409.4038281243916,1
48.62599554589458,2408.304028881736,2409.397305691578,1
50.421655641067616,2408.1490052483873,2409.3857285583713,1
53.50534434511769,2408.050545273767,2409.3810111831353,1
58.37450129831068,2408.1140766640406,2409.410195477137,1
54.39609180550542,2408.1610227252595,2409.450699266008,0
59.33047056732861,2408.2213910181154,2409.4771024680686,0
60.24742405835493,2408.366526988383,2409.5191865473716,0
64.87595200965518,2408.524794052542,2409.5347459930717,0
68.73036953474993,2408.6211832272484,2409.556043891332,1
65.29169261256908,2408.7023963304223,2409.5467010845605,1
53.42586478455401,2408.6582797617257,2409.4999798305503,1
51.10266298889943,2408.6433108184883,2409.452708950144,1
57.167705804263996,2408.691917274864,2409.438058442887,0
64.69590383867356,2408.8014208712943,2409.444686135399,0
65.24078865373505,2408.935687416122,2409.438716651208,1
64.62754031700166,2409.0316357032725,2409.4323642356862,1
54.64077192375196,2409.075678155187,2409.3925781792314,1
45.05647850314818,2409.105872918385,2409.3202934368787,1
46.70009022049817,2409.160640386515,2409.2614763408606,1
50.46296920431191,2409.268947086285,2409.226637427663,1
60.38924713620003,2409.516847352777,2409.2402764364074,1
64.21340371574507,2409.8109408204828,2409.275924536146,1
70.6272311014654,2410.0667458473354,2409.3313185956663,1
72.21614663975,2410.2853137877346,2409.4164101172064,1
79.69810454209914,2410.4639666928947,2409.464708512562,1
72.99655096951535,2410.5963524511003,2409.4901250235484,1
72.22777741707006,2410.7701779152617,2409.549764089927,1
72.66626144771278,2410.983899284127,2409.6124813628107,1
77.12860200484657,2411.229016217997,2409.6901953062575,1
78.1766334732903,2411.4841046862152,2409.789828414261,1
86.05626126209334,2411.8422237946324,2409.92216522768,1
87.43086437354417,2412.239160049142,2410.0415714514247,1
76.51782560298938,2412.512128049178,2410.1416141362015,1
75.74946635003447,2412.761926481163,2410.284622053113,1
68.59498026340741,2413.0419444194968,2410.4055868106852,1
68.34823344278328,2413.3693795485824,2410.5492616812708,1
70.74048846327433,2413.7714314396885,2410.7390237637705,0
72.3607183760089,2414.22872819465,2410.9549505073287,0
67.06106941777423,2414.5996648634014,2411.144654879122,0
68.9554566862503,2414.913116753258,2411.3153486797055,0
68.4580581707536,2415.17176617733,2411.4750931596004,0
62.194235823396525,2415.359050672688,2411.639015592251,1
55.986259590376086,2415.4773178335663,2411.777847575283,1
56.85624097814062,2415.5898028549846,2411.936394210574,1
50.02528074907454,2415.6884968657587,2412.1108604371275,1
53.56074154896587,2415.9038826772294,2412.2997948780494,1
61.13083256323642,2416.0788848077273,2412.4860559587287,1
60.86272925664825,2416.219937650614,2412.6703423327986,1
59.86406666999294,2416.35586290642,2412.841892161511,1
61.36648888069684,2416.5444641461063,2413.0498629212093,0
59.21799408653621,2416.697769996692,2413.2796616736623,0
52.24575700224141,2416.800881809503,2413.5023220758712,0
53.803768744386566,2416.9307543241002,2413.6936977563346,0
57.57154588433383,2417.0479431156555,2413.8581686337584,0
47.22806130444169,2417.1327312947437,2413.9942702384787,1
55.098721538709555,2417.2141545435334,2414.1463670914377,0
53.626208168985194,2417.1820024006115,2414.265213928662,1
50.51476951915738,2417.0915253834287,2414.3816430396832,1
56.07294110314342,2417.0701694815984,2414.5242493808614,0
48.97385673000128,2417.0938628179347,2414.67193527471,0
43.6169968017556,2417.044301537905,2414.829501870072,1
46.47071218138295,2417.044816438757,2414.9996178403585,0
44.16053142261294,2417.0707470833104,2415.1293794986614,1
33.98518495392254,2417.074478482099,2415.245617254896,1
36.10801824551086,2417.1261722813774,2415.38705438323,1
40.939294206319765,2417.124790961024,2415.53705698115,1
41.47746538574961,2417.0845606980533,2415.689608975875,1
48.661031458055675,2417.08581984428,2415.862321103157,1
54.261685919878566,2417.105316529031,2416.0197626185172,1
52.80931608007579,2417.090899616862,2416.17864393344,1
72.02759328991428,2417.1233045665645,2416.3222445591773,1
76.28541368317002,2417.216750318944,2416.4646458752554,1
77.46976162665281,2417.386764595841,2416.6217052557377,1
77.13515796573,2417.567424992115,2416.771013115511,1
84.38249434871621,2417.8189486667115,2416.9362630280057,1
83.66277849637105,2418.0378611066235,2417.122970553647,0
80.96231181265493,2418.280734249985,2417.2694364625513,1
81.69811688774664,2418.54129770618,2417.4046024085046,1
80.96704078648399,2418.7877102599214,2417.5477269976313,0
81.19650071887891,2419.043787211319,2417.6958082847514,0
85.88475067752375,2419.3234356026287,2417.82198659327,0
76.7789802579157,2419.5462154234,2417.9224399900613,1
78.15611397731183,2419.8306970630333,2418.0568071042035,1
66.47738990414246,2420.0635431974365,2418.1662639414053,1
66.24430567540881,2420.328668434395,2418.3017439891887,0
60.49143249843631,2420.566020437725,2418.4157133368067,1
56.351894370883976,2420.8401951283945,2418.5171144513574,1
58.18472379852639,2421.088812364532,2418.6063547711096,0
57.186035787949464,2421.3575893396046,2418.722932408999,0
47.941771986669046,2421.5402871262413,2418.8295120826333,0
58.765382357179305,2421.694784335833,2418.9314518225788,0
58.76719637660071,2421.8167068766084,2419.0477083568235,0
53.82846546932659,2421.8684137857485,2419.17814363661,1
47.00612349034797,2421.8824268196568,2419.2880627013797,1
46.044405242689095,2421.8513203254465,2419.4013924118804,1
43.7124576655819,2421.7597203007886,2419.465305603071,1
48.850929511876124,2421.7853839504814,2419.552036119653,1
60.68222498328858,2421.85838390148,2419.659980908851,1
57.02939020262233,2421.9391974211685,2419.7810608035306,1
57.07161189237304,2421.9877258297424,2419.873112958206,1
55.05104769541222,2422.033489797807,2419.9562745137164,1
55.8675266705804,2422.140034616389,2420.0581011128156,0
60.106765353004405,2422.290632267624,2420.200758281613,0
64.56268194945814,2422.4709449407655,2420.3354646714492,0
55.828991964942894,2422.548201406768,2420.4679320339987,0
60.1068769562134,2422.696620226162,2420.6086996098584,0
55.1620820621942,2422.7637323751705,2420.749806441181,0
54.16075927880124,2422.7681609657184,2420.8770090040252,0
54.49395767768453,2422.739087718771,2420.990499703868,1
53.50604497621032,2422.70395650511,2421.0735495575036,1
51.45419346647173,2422.6803477907392,2421.185870323713,1
49.13925984447103,2422.678889134054,2421.3013374349425,1
45.29367303951377,2422.6798492036623,2421.421784484751,1
50.86732615701808,2422.7619805160757,2421.56306351497,1
56.065557908028175,2422.9154456489073,2421.717101758892,1
53.4190968027612,2423.116333623272,2421.8619226679702,1
45.671083761239316,2423.230304174894,2422.0103335103895,1
55.356625385793734,2423.3752127546204,2422.1757380729873,1
61.64077498778326,2423.5308997991915,2422.351294111595,1
58.01898793403828,2423.7057757665343,2422.519063418075,1
70.16192985520156,2423.94307789126,2422.684183843595,0
76.51986371231514,2424.1621346131396,2422.8362548304935,0
74.97358037690978,2424.290653435602,2422.962313817517,1
85.48113388323978,2424.4451945180676,2423.0865724818304,0
85.38629620333623,2424.6859852137313,2423.2147466528063,1
70.64245365397895,2424.785182855797,2423.307628309528,1
72.31664128872302,2424.9443448117886,2423.415250665903,1
72.55130181878324,2425.1991702960536,2423.540158039975,1
65.72385273149088,2425.4433953599755,2423.652773743889,1
70.48273479211089,2425.8118821050266,2423.7807875149865,1
75.86396331796547,2426.1924726403395,2423.933485138797,1
70.67523332921229,2426.536165800213,2424.097317585668,1
65.25565653830824,2426.88010911698,2424.2415493063295,1
62.81828876325504,2427.1613735140127,2424.402195641601,1
66.64295821242769,2427.49125079359,2424.582134702571,1
70.3314560527724,2427.900631876976,2424.7957672436705,0
73.16955649665526,2428.3330553263377,2425.0074775895664,0
69.92297337014452,2428.650768552524,2425.200520548184,1
67.86159976121468,2428.9443169472506,2425.385985154653,0
80.08768112488612,2429.237365432923,2425.597894740748,0
74.04137880576796,2429.426137731226,2425.7767252017516,1
71.06150887520096,2429.606034454897,2425.951985861809,1
77.1990995742253,2429.859052174997,2426.1585691732166,1
63.17055189822871,2430.0368892374295,2426.348357448939,1
61.338955376561415,2430.206243486974,2426.556715917418,1
65.6911996519,2430.510277077975,2426.8078510204023,1
65.73114085281148,2430.80340960475,2427.02246092761,1
71.02507547853394,2431.108986865909,2427.2403992257464,0
60.974619859119294,2431.4074253806143,2427.4400649276677,0
55.947553821754475,2431.6616628593765,2427.6503623268404,1
53.941365517663385,2431.847039677978,2427.858905090865,1
55.41718446760442,2432.022757806912,2428.050406861877,0
51.99101160854722,2432.1965255452515,2428.20390661738,1
53.8160741978959,2432.4097306577914,2428.377709928411,1
62.98929485990694,2432.5503034089606,2428.582975503448,0
62.381591324512144,2432.6133222942694,2428.7624480709137,1
50.76926583399168,2432.616926812159,2428.9487553643617,1
61.67816824227519,2432.6609842787793,2429.1576498734084,0
60.09436108145328,2432.717240678352,2429.3772463384857,0
52.22894660583658,2432.755075400405,2429.618342298866,0
64.1510740061737,2432.9173337234492,2429.8715195748355,0
47.728428955488745,2433.013833225129,2430.0859634982394,0
41.298478830754114,2432.9687452054063,2430.2741275739145,0
36.47445050761213,2432.966398056944,2430.430124465287,1
41.1569429560408,2432.95940453124,2430.574299470351,0
38.744681239032616,2432.855185301237,2430.7033916915884,1
37.672371804805344,2432.7341495282963,2430.8239990689704,1
38.847222776152066,2432.583387578475,2430.923669155288,1
37.03113530381601,2432.4787410280637,2431.019201419216,1
38.992896014287695,2432.371533607563,2431.1166654632516,0
46.8969805747951,2432.3078542512276,2431.204815634852,0
43.657034113790374,2432.2394470310473,2431.28133182904,0
40.48686585171466,2432.1805724106957,2431.3598742074178,0
44.76603699476188,2432.126145942012,2431.4500904979886,0
31.99532494796408,2431.983971783787,2431.5021701314704,0
30.610133875702715,2431.7586657196903,2431.5518412164706,0
35.323863126429416,2431.5704270171946,2431.599188246524,1
42.623061886768376,2431.403296439596,2431.6393003308253,1
40.319584828493134,2431.229507675581,2431.691691264728,0
48.74018176382138,2431.098679172186,2431.7330611257294,0
44.592720483243056,2430.812509644887,2431.719534376655,1
41.539085734712955,2430.601517160517,2431.712104042361,1
42.49317702988476,2430.505370604743,2431.7242321690196,1
36.26441018361066,2430.384425548052,2431.7193452789024,1
36.66660810448328,2430.2695458136195,2431.6856174783625,1
37.589418587192945,2430.192439108824,2431.620114584328,1
51.176971397912084,2430.277424708834,2431.6017468219693,0
42.04072273883234,2430.237280012641,2431.5582737393347,0
50.25304131719073,2430.233397974243,2431.5348338300137,0
56.19068831985234,2430.198667175599,2431.501186160322,1
52.028555524036584,2430.0679931515983,2431.461557803001,1
47.402274977996036,2429.9332486399862,2431.412217503076,1
47.476176417729874,2429.8247626609905,2431.346158401815,1
48.07585527574364,2429.725384177874,2431.325488474167,1
60.10862078122212,2429.7486797375145,2431.3191446316864,1
62.76851893660337,2429.9145598145587,2431.3135543111043,0
57.74382807103956,2430.0591559777204,2431.301486795712,0
65.2814427250842,2430.21172379701,2431.2803951032656,0
64.27333566093208,2430.3697206266247,2431.276609363132,0
62.19017546328046,2430.4672416752373,2431.2552926520743,0
52.88545825624405,2430.6369380725278,2431.2354937344753,0
59.12903853769167,2430.7656208911076,2431.2092492760394,0
54.22327021449235,2430.8696328231795,2431.193475080191,0
52.632074823712145,2430.998490336864,2431.154849150532,1
55.49167216854226,2431.051745783998,2431.0861944283774,1
60.17554527455313,2431.1286267521027,2431.026236367461,1
61.430435271576705,2431.107803474074,2430.9980974867353,1
56.425324991172786,2431.166565758798,2430.9605063313425,1
54.87255498016725,2431.225269520972,2430.9380453670615,1
45.93817656906183,2431.289322383547,2430.914884953579,0
49.68734876900181,2431.405950332895,2430.8570044467797,0
46.598045401860276,2431.5700760472796,2430.834714631936,0
42.93566524203068,2431.7178055686118,2430.8457825470973,0
47.76590929697854,2431.8274283323235,2430.8699005843187,0
35.68699156883412,2431.7673549856854,2430.8423248134645,0
38.81726027418779,2431.6510742108885,2430.831909874965,0
31.659418905165282,2431.50032087942,2430.807955336162,0
30.208116957936795,2431.2555229374216,2430.7492492468446,0
29.366019402741728,2430.9416606955883,2430.6617772301424,0
23.803533767025257,2430.6122792484502,2430.5515909084293,0
18.505432076782824,2430.269420070667,2430.4201200622506,0
18.036969347024822,2429.9354948946384,2430.2876684214757,0
12.844948321154149,2429.6266570331036,2430.1719089291537,0
14.898813000144884,2429.355900999425,2430.046751173497,0
13.018460674604185,2429.050221751523,2429.912694415472,1
8.864734883562633,2428.728709524012,2429.81425388919,1
11.323718408570087,2428.3947782844334,2429.727837993631,0
10.425685151261774,2428.0552082642084,2429.621271061187,0
12.975442819343371,2427.6584967527497,2429.5096409979287,1
14.452181737031523,2427.2798148697666,2429.3873392326113,1
24.467264039370576,2426.9438279524943,2429.3095317698226,1
23.557803525097626,2426.5184262764296,2429.2014782783012,1
26.60635950614443,2426.088548942217,2429.079053882087,1
42.167666307619676,2425.7156131427655,2429.0023756222035,1
52.92853212652505,2425.5001613344707,2428.9345710218045,1
59.425285377345176,2425.3180787078973,2428.8821657145936,1
58.90822731712753,2425.230556906181,2428.7892082151006,1
64.05565963796172,2425.258058517241,2428.7575606486844,1
80.71107567263294,2425.415686949915,2428.734692820411,1
79.66508522964432,2425.609855509209,2428.7160662418732,0
72.77454009511878,2425.7872009251564,2428.707803171674,0
73.12534365521266,2425.973194353021,2428.7036467066896,0
78.92209157631038,2426.256484593266,2428.7445977020643,0
71.17433115898785,2426.4681050672366,2428.7438395292425,0
67.74860813860138,2426.736946952779,2428.7080013015775,0
68.43332339387123,2426.9459494067196,2428.626809726054,0
69.73026509549334,2427.147212205312,2428.563060484668,0
61.43957322756181,2427.3135100233985,2428.4619855517426,0
57.15660687479519,2427.4778932396484,2428.3529100431383,0
47.56008612787075,2427.556660244481,2428.2231066603085,1
47.83353390913461,2427.6295480920116,2428.106575777616,1
46.33634144821652,2427.8143249493,2428.020959901578,0
37.41361610594891,2427.9935167432513,2427.9286074501156,1
37.396891761550144,2428.1069698929973,2427.845767444657,1
39.765062276725764,2428.157220301182,2427.7767608286786,1
41.47765312174245,2428.1806696592644,2427.7029828774585,1
22.396112433296636,2428.1811192465107,2427.618534524075,1
33.18942032378084,2428.146108121917,2427.549377593932,0
43.45983687929767,2428.0837046425977,2427.4780668690614,0
46.36890131750831,2427.9939015139007,2427.3978978940145,0
44.06441830135556,2427.930502543224,2427.3176240558055,0
55.78230431374631,2427.91398004321,2427.2412083050617,0
48.55928199700341,2427.7167229607217,2427.144164658908,0
48.46070123564684,2427.5034112806693,2427.0142327085805,0
46.39621067119023,2427.3179738043136,2426.928248829029,0
42.09263918704273,2427.2088978305005,2426.849939173899,0
40.57445351938239,2427.0659392946545,2426.789307850761,0
38.74277569292318,2426.947942357799,2426.7389533198934,0
36.52416820634253,2426.8038877689874,2426.6978008724977,0
32.63964787049824,2426.703159977003,2426.65945895173,0
36.71690794952546,2426.6054671912393,2426.640994625845,0
29.164402390640575,2426.411660655737,2426.6114262060173,0
20.6803033122643,2426.222590950659,2426.5669810171385,0
20.513262012630648,2426.0027129991645,2426.504492244553,0
18.624342112106703,2425.7311597778635,2426.4491360392144,0
18.41823051354241,2425.487177256543,2426.4063699704707,0
19.861155053114317,2425.2239285098135,2426.3501946142273,1
25.43628140288918,2424.937492688204,2426.3022913635305,0
20.419987168976405,2424.541412266065,2426.2312330743875,1
15.565119055735707,2424.148217114675,2426.145258791978,1
22.21523733626671,2423.7976386182236,2426.0591483220974,1
38.31448619427376,2423.514486202049,2426.0396322753095,0
35.10463443722891,2423.2091519052215,2425.9924058441097,0
36.79232294416969,2422.974602147856,2425.917828310617,0
35.482264686263235,2422.7474909763005,2425.827180685761,0
37.02230145213778,2422.4758819421722,2425.7130604676095,1
41.68323357242612,2422.2671457950423,2425.6039434063055,0
41.801995893721056,2422.0468863832502,2425.4544844662973,0
47.500048383134306,2421.8631885707373,2425.2768015208267,1
41.57688846853777,2421.6932848916176,2425.092830704693,1
48.94689836245861,2421.544418622992,2424.943881704979,0
45.6821138512897,2421.415717713725,2424.788435550299,0
50.109105094042704,2421.283562767064,2424.5778122866573,0
57.061062155101666,2421.225448828603,2424.4074297490993,0
49.71602202147408,2421.1844249028145,2424.2281272192286,0
36.908483391810336,2421.1113438523066,2424.0725277487054,0
37.491178958302534,2420.9861544369387,2423.885771506878,0
34.36081385488042,2420.809910080008,2423.7008513861742,0
34.17395962692653,2420.7092740093053,2423.5237853822505,0
33.00654024447287,2420.598687616372,2423.362069740734,1
25.981944864379756,2420.4360747909373,2423.181759001667,1
31.718949547220006,2420.1896945633507,2422.98978012093,1
29.023366793667265,2419.999195532694,2422.794677359887,1
35.70219796169215,2419.8496544967775,2422.6149021521287,1
29.25422566732898,2419.692248748435,2422.441192064662,1
34.4349922304975,2419.576914330699,2422.271558336183,1
43.20611985402549,2419.477237657432,2422.1223907706744,1
39.66288966827756,2419.4250232134973,2421.966050502929,1
52.33747770628193,2419.4282087547717,2421.814603165696,1
55.864526687149365,2419.4887276635477,2421.690761164552,1
63.05980163962462,2419.479531231812,2421.5634931804143,1
74.367734070194,2419.549115303199,2421.4424896542946,1
74.06975137641027,2419.6433289672736,2421.348454689278,1
78.67939230339564,2419.6839278815014,2421.279636389432,1
83.91863538049984,2419.776783769906,2421.2116512054654,1
84.92146514334654,2419.9113827290157,2421.153521708112,1
90.63702764060722,2420.137084865643,2421.1142297352735,1
91.50313571344884,2420.479200053917,2421.1133544646214,1
92.13686184614443,2420.8494912134715,2421.142026760044,1
92.19533258852246,2421.2803366747435,2421.1929404198304,1
83.16562262653127,2421.6919223299788,2421.216341057163,1
81.3835408201883,2422.076595228572,2421.2557539500635,1
78.63615194609018,2422.4873021384005,2421.3005618349835,1
78.16475274346057,2422.8929606253496,2421.3710012026027,1
83.73654973566562,2423.3154859224496,2421.474922522497,1
81.64030215600499,2423.7273655114814,2421.5676336381584,0
81.33298218906894,2424.0944204731795,2421.6705875560206,1
86.4510964468432,2424.4775007881753,2421.782053742918,1
78.2233497771592,2424.7646837625275,2421.9039117642815,1
79.48538831850267,2425.083236878328,2422.064769070013,1
64.72322391965905,2425.3408414159157,2422.180774299491,1
63.57635799089458,2425.604936409789,2422.2786697373904,1
59.43378377829509,2425.856669341689,2422.407461663865,1
61.24693380040287,2426.164292654507,2422.555512592093,1
68.89235439895855,2426.4753341568835,2422.7027884776985,1
71.15490039562938,2426.755723962721,2422.865458516331,1
72.45430448022384,2427.0400821438293,2423.023404274788,1
72.74037153631163,2427.2839067831997,2423.2081626246013,1
68.81401397889073,2427.47111696719,2423.3851981186253,1
71.18475675817402,2427.678792715066,2423.5871435492095,1
64.65110359524004,2427.884132361308,2423.7522265524894,1
62.43187448950008,2428.096448085177,2423.9280460986447,1
69.75490448089789,2428.339336040428,2424.122871144329,1
67.81259195977438,2428.594159438814,2424.318485446687,1
84.29644159439852,2428.84192106948,2424.537920989163,1
77.51438955078578,2429.067165386219,2424.7499622517234,1
80.11183940728986,2429.323464017478,2425.0055113882363,0
71.73124899517789,2429.5241697233687,2425.267757600262,0
75.5899000300902,2429.829275241235,2425.551912257053,0
74.09081832053633,2430.0631732904303,2425.8505633396367,0
62.29659572862183,2430.3173729872647,2426.1332935780224,0
52.99032284262496,2430.4655689660917,2426.3890194984865,1
54.76254712512258,2430.617318111531,2426.6547106953994,1
50.75197450196761,2430.734557075252,2426.909473623482,0
64.59892423403227,2430.916028688999,2427.1923004539244,0
59.043262564824964,2431.0421189528056,2427.451540365174,0
56.1349013873165,2431.147617525543,2427.6915562220324,0
46.99425231536658,2431.178377070434,2427.9095041673763,1
42.788796283669534,2431.20258365426,2428.09494807842,1
51.76836312015535,2431.2527571540677,2428.2927553454174,1
43.82052025699415,2431.3008560298917,2428.480756471721,1
48.70353784828286,2431.372649825612,2428.65745990761,1
42.5919891647843,2431.4267211187216,2428.8362280049087,1
42.81918146602859,2431.440024851593,2429.0209242347237,1
52.08385718382201,2431.4556744954607,2429.209477279385,1
52.25935815343896,2431.4406590215694,2429.3616727687445,1
58.729280799830946,2431.456028136855,2429.5330886967217,1
64.11257783191866,2431.5751657215105,2429.706143867299,1
58.24671493184691,2431.626131131127,2429.862568224115,1
70.54337797360299,2431.7774076218675,2430.0493917184863,0
68.37320179811667,2431.9743080231146,2430.2462478552766,0
74.99715275186085,2432.235013042836,2430.4523866241925,1
80.27393886460857,2432.551247879634,2430.6802889918927,0
74.696307781326,2432.8435295271693,2430.8897011842105,0
73.2660981837546,2433.001762944952,2431.0668112629255,0
63.59413024381479,2433.1370676536144,2431.215421222027,1
67.51181996922557,2433.35322693686,2431.395078807505,0
65.38217069497699,2433.5906020903644,2431.5547446882515,0
63.45974091429466,2433.84025396746,2431.725176160393,0
63.65168903655012,2433.97803640022,2431.8506751541745,0
61.9263547458512,2434.199205853079,2432.024102246587,0
53.09072326996876,2434.365631214607,2432.161737829537,0
51.10066423170954,2434.496689760668,2432.2922361725,1
42.513473291544905,2434.6406959805595,2432.4114855651446,1
40.2973774137317,2434.7213628984337,2432.5078887760046,1
37.816228901415364,2434.841287340805,2432.5958981199783,1
37.66865489458485,2434.9510472664447,2432.6974747457675,1
41.194295604049586,2435.0009435481797,2432.7929585732913,1
46.94860329850711,2435.054177333702,2432.8957923707194,1
55.808072989439296,2435.019081462377,2432.985507217411,1
41.97887277214542,2434.984381304476,2433.086347432544,1
56.32235153186575,2435.013509959611,2433.219211373966,1
52.88005235497795,2434.952876766973,2433.325705282511,1
60.238326360891286,2434.919040799223,2433.4196537283738,1
56.34673384119993,2434.9450678164817,2433.508069961726,1
66.42220302388736,2435.0759140166506,2433.6189206741997,0
73.87118181590796,2435.1684541118148,2433.7330748452396,0
72.74950572484046,2435.2808744408253,2433.857426575234,0
83.01475874570518,2435.4123509000974,2433.9584064239384,0
85.42603081764503,2435.6014793126583,2434.065997563065,0
62.437644346679825,2435.6617884878237,2434.1618684468103,0
51.44955596465773,2435.689800473259,2434.251430432404,0
48.03330245287052,2435.7132604321714,2434.330613100756,0
44.662250594374896,2435.702275627252,2434.398572985945,0
41.677960799037606,2435.6858813625445,2434.415829845423,0
34.994471385022706,2435.706613691472,2434.461696015445,0
37.8310868003026,2435.6713423736605,2434.5069646850143,0
35.7226764985854,2435.6103530980527,2434.565748984339,0
31.06132147465317,2435.493895919767,2434.6123172769226,0
24.140706580643325,2435.367062358534,2434.6312292991975,0
11.645373146845714,2435.150726810899,2434.626295744946,0
11.517269784542535,2434.8480269180423,2434.609362210938,0
9.793296716360672,2434.5803406571586,2434.5871530978857,0
9.11905876995877,2434.31389394917,2434.5692013674047,0
9.71245401001093,2433.9802821479875,2434.5179130227366,1
13.467027004526884,2433.615312515988,2434.4887820719673,1
12.876598505945168,2433.164558675642,2434.4164870607547,1
12.560018051008257,2432.6825867941843,2434.3003950043035,1
20.566006703600635,2432.2177055084344,2434.195036174862,1
29.708237019883242,2431.8202473814627,2434.0831334669037,1
30.02185408372233,2431.5157292710655,2433.978436945991,1
28.46797771360933,2431.242086926422,2433.8542599858383,1
33.127414144730906,2431.000193947308,2433.710191527826,1
38.73288416233716,2430.8183260815485,2433.5884916076966,1
53.50928544368003,2430.7092694153034,2433.498832433563,1
64.825429750743,2430.679953961101,2433.47885053844,1
60.99679257717391,2430.6219402672946,2433.4144500171883,1
61.028469030238924,2430.58260361458,2433.362549594025,1
73.30971163059982,2430.655469890983,2433.3384036463317,1
75.72321373779221,2430.789564331436,2433.3558404716837,1
71.09217692837211,2430.9507230450686,2433.326902621742,1
75.1867061815548,2431.1182657063314,2433.3104160076277,1
76.4706503270395,2431.342661851476,2433.325541934209,1
77.78500209316073,2431.6730071168636,2433.3821258219264,1
78.6718068184156,2432.0940682881405,2433.4669951786195,1
80.89530731049331,2432.491422258202,2433.548836038926,1
75.79551502577294,2432.8900653529604,2433.592094295361,1
77.51682033874934,2433.4099569753116,2433.6640003751563,1
77.65063614584983,2433.930281005689,2433.7454776436566,0
69.80497760768455,2434.336117810056,2433.809948005975,0
72.08288186514716,2434.7317740094177,2433.8773940279675,0
72.18558567279527,2435.1725214877983,2433.9178645971133,0
70.29000856213922,2435.627474414434,2433.9800305868102,0
62.70706570668607,2436.0088814284677,2434.0244278593946,0
69.23835190992847,2436.340880923142,2434.0571576762277,1
61.34817771156276,2436.4970385204224,2434.0473003399484,1
60.122956583692165,2436.723400112051,2434.0364284172824,1
48.294608111683935,2436.926007705812,2434.0206029000196,1
47.20260661887649,2437.0853114474035,2434.007587865254,1
54.72017608244333,2437.242059159857,2434.0120724105636,1
60.38338677921942,2437.4856047950666,2434.0564291446394,1
50.310477231555474,2437.7247659160403,2434.12440218474,1
47.313983199857674,2437.9123030654546,2434.2051589875227,1
52.68952329087787,2437.9867422394077,2434.2959124667886,1
60.3220704720627,2438.0828761779258,2434.425793104772,1
60.32490425579712,2438.2061581840926,2434.548653835974,1
54.36345213730989,2438.348032275575,2434.6627702561264,1
64.79073897814033,2438.4430705950303,2434.7970873739478,1
73.19281612073443,2438.5581786252824,2434.9711907258625,1
75.59694891501587,2438.6536761075367,2435.1245935055763,1
76.79158928959345,2438.8186111998352,2435.344547783542,1
80.22902360479877,2438.9857273023886,2435.572944750852,1
79.86386436817077,2439.1424219367927,2435.8048630986636,0
78.98246417088433,2439.3753663027624,2436.0490168008314,0
73.96318883706847,2439.6101992298168,2436.309124508959,0
77.07063403868186,2439.9493161199334,2436.580901781527,0
73.98918101887092,2440.231771499677,2436.8633135468963,0
64.96725795817471,2440.4688935909026,2437.135125618707,1
55.949900132689045,2440.6474525649965,2437.379486687879,1
56.86841011422206,2440.7918020720635,2437.600694286804,1
55.070683368210155,2440.889538039836,2437.805952652148,1
56.97722160346577,2441.0561958715743,2438.050045762801,1
56.84301875009051,2441.2626681823745,2438.310148681549,1
66.96336266492449,2441.5199503156623,2438.5765621604337,1
63.01977736098815,2441.7323769922214,2438.835036135539,1
62.68172196789707,2441.9426845975713,2439.053746090562,1
55.903738466709314,2442.127019769534,2439.2648020570223,1
55.865761734058594,2442.3092723196282,2439.4877548559666,1
59.77178542055857,2442.457498833669,2439.692002302937,1
58.47641478414293,2442.681950797795,2439.8815480921194,1
65.39072710145882,2442.9126238789877,2440.1293081171093,0
69.95246640083613,2443.104469969894,2440.367426456277,0
75.21545352501174,2443.2799396008,2440.579774198393,0
74.69036025509808,2443.4282110833033,2440.7510983874076,1
74.75647319738293,2443.561744205229,2440.8961948757947,0
69.24118152489838,2443.6496067937355,2441.04417559574,1
66.917082182023,2443.77225839345,2441.216190763092,1
58.88928380975634,2443.9408911694986,2441.347499296382,1
64.07283035333438,2444.2017937731002,2441.488091794844,0
54.10824202728719,2444.379578520913,2441.6180785711463,0
65.08937439681762,2444.640092851935,2441.769280189155,0
63.94859368806351,2444.862651557022,2441.9260977904905,0
59.14739211870587,2445.0148857804697,2442.0651132279636,0
51.92922462627798,2445.076806094546,2442.203732026865,0
35.0037300459167,2445.050523960746,2442.318893350581,1
34.421056248148105,2444.982120361758,2442.4477788270965,1
40.36309267951417,2445.0033523031393,2442.5767829334577,1
38.553571590330144,2444.9825094750636,2442.7103555636672,0
47.33489793933333,2444.992992544002,2442.8550747415766,0
45.72083462219489,2444.955988545103,2442.967119846218,0
46.622552181006796,2444.879736320151,2443.0869607271434,0
45.24641319079309,2444.7990226704733,2443.1971291580503,0
36.33127961353472,2444.684731682542,2443.288745645228,0
40.75234687378087,2444.553088769063,2443.3776369992693,0
32.301521694765626,2444.4322646113483,2443.4359502491634,1
24.39203115030726,2444.257231520524,2443.4646049303124,1
25.20664623314258,2444.0551878492524,2443.499052992563,1
28.113265232788436,2443.8704184454923,2443.5184384365666,1
43.16448367744488,2443.6840238098034,2443.538429868652,1
51.847287167372876,2443.5955383836726,2443.594823481601,1
52.658289921211924,2443.5109398359014,2443.6462116435814,1
56.05105519064583,2443.4287081690736,2443.7032901371645,1
52.43486954047651,2443.382534156106,2443.761158115689,1
49.450372779528585,2443.3241786896087,2443.7832569816037,1
46.673461880971125,2443.3550294157185,2443.8168254249417,1
53.189829070532056,2443.441558893418,2443.84467593649,1
64.56253930298381,2443.5444988228924,2443.9018738627437,1
67.3781926478186,2443.6771337230866,2443.9936516165412,1
74.6851668175804,2443.81286472545,2444.121239605758,1
78.10416002512716,2443.9321106549837,2444.2232432793858,1
77.10837244795151,2444.0100156330673,2444.3351517644355,1
77.74421740279925,2444.1337945837804,2444.4281686429326,1
77.53668398965895,2444.3426346423716,2444.520732229227,1
74.52507133513255,2444.5499506438164,2444.589637130531,1
70.64333928797157,2444.7805674673477,2444.655226439214,0
70.54129247148995,2445.100382789081,2444.7276842069164,0
61.92039734666866,2445.382455865757,2444.801227431052,1
74.71974427027884,2445.7245677077685,2444.8845565918227,0
68.65545630507783,2445.9807797615963,2444.947742239823,1
56.883639726670694,2446.1227760113957,2444.9711535670417,1
51.376282961300916,2446.2163772135673,2444.967712977413,1
55.36345833928501,2446.349102463898,2445.001143134766,0
52.86641797053117,2446.4919813290835,2445.0459748070025,0
60.75165985369413,2446.7140616122488,2445.097597193182,0
62.68042253234593,2446.9318024379886,2445.164848718046,0
60.32260806083616,2447.1195764127447,2445.232663784094,0
47.92281994868359,2447.187256494742,2445.267873103261,1
40.33057153268314,2447.137109584754,2445.272138982643,1
41.447821166759034,2447.045198230919,2445.258601388885,1
44.04787663839098,2447.0470687605125,2445.2902393752256,1
49.22349875722051,2447.075761343345,2445.3094191609994,1
45.16825276112246,2447.112223878713,2445.3279975716096,1
54.88545605890235,2447.1655970082775,2445.38101672035,1
65.39302736589086,2447.2379299577324,2445.4540866758052,1
64.66815691445674,2447.3086545415417,2445.558478671532,0
54.07898986593893,2447.319152520884,2445.662497070567,1
59.52716420987612,2447.4555738358317,2445.782116044129,0
58.762000186491846,2447.548760879952,2445.9110571537785,0
54.28954904460862,2447.63936929916,2446.0062929418864,0
50.28103470436033,2447.759874588599,2446.09270798444,1
60.645214580349645,2447.930099746774,2446.187858348062,0
66.67774116510301,2447.9908888889972,2446.2778896221757,1
70.63947067201993,2448.1023732723074,2446.4130314429085,0
55.47917489756347,2448.0735555220135,2446.5057838943626,1
58.395443004749055,2448.0999861491396,2446.6319373331626,1
58.04710162513029,2448.1519876686025,2446.7905662433254,1
53.91140932264352,2448.270529339771,2446.9540096994688,0
52.23818065083695,2448.472428123855,2447.112942853988,1
58.1076481463827,2448.742105208345,2447.281833948302,0
62.82379723771335,2448.9875626793973,2447.4470490935155,0
54.17135071423666,2449.1831266579,2447.578293889799,0
47.039132997929556,2449.28499025708,2447.670510406812,0
50.470320872269525,2449.33059704296,2447.7602418750917,0
54.54235505501941,2449.363010309441,2447.869619323739,0
45.072890006596445,2449.3395350584397,2447.952280928621,1
48.28334586282193,2449.346585058645,2448.0245075366574,1
38.4024059244557,2449.249789171008,2448.0642321833757,1
49.30648180667379,2449.1323029749374,2448.0931248545185,1
45.40994798061959,2449.0815977919697,2448.113786168494,1
50.86234343198017,2449.1374437136124,2448.1748412078914,0
54.4382660922282,2449.1795226476324,2448.2556611538885,0
51.83232884904909,2449.234241619516,2448.31806843647,1
44.41592725028203,2449.229563830252,2448.3678031180607,1
40.5421148418929,2449.3376688377325,2448.4208711719284,0
38.743589876684666,2449.3355848791152,2448.4539442978694,1
49.64319960173132,2449.329954439439,2448.4823949034685,0
58.07682227232523,2449.393847116358,2448.558566199709,0
58.21815421285563,2449.466055194846,2448.609537848819,0
57.79119295095186,2449.3988667722006,2448.6490687525434,1
58.23429272575759,2449.304606742064,2448.719781385783,0
54.76781638498897,2449.1979263683243,2448.7709135517016,1
58.09846357055427,2449.194546613101,2448.8086880664932,0
57.35952635634502,2449.205069569021,2448.8454771710667,0
50.07246269199,2449.2087989681436,2448.867514266097,0
43.551393332801254,2449.2600765181264,2448.8835905606757,0
46.017541099545205,2449.305080437064,2448.8987091463855,0
43.76212483230811,2449.3733727210993,2448.9386786739183,0
39.76426548405127,2449.4104040015477,2449.0024426212362,0
39.52887530466887,2449.3628882142903,2449.0408621618426,1
43.946040903921684,2449.3012159870023,2449.076500098487,0
29.981763535705795,2449.1877721591995,2449.1004654802305,0
31.05281318209167,2449.1098676855563,2449.117125959207,0
40.28644183873252,2449.0286178848073,2449.113011468673,0
42.52479367228003,2448.9577246183844,2449.10878903619,0
42.74388521857126,2448.8931637902633,2449.0877479973583,0
28.591813218000922,2448.745640044172,2449.0529899127832,1
22.290719205959405,2448.5003017035765,2448.976457346807,0
26.198397498679256,2448.2694947601094,2448.8978314008823,0
25.073497795148228,2448.0733371291335,2448.8226558845327,1
24.69223179220141,2447.8617718971645,2448.760540309209,1
38.56544247586197,2447.783847049705,2448.7124124728743,0
35.27437327635806,2447.597561026577,2448.6513569215253,1
37.14312638811938,2447.360079043944,2448.5485594797215,1
40.89396482553276,2447.2052976261934,2448.5202111077683,1
42.02151257736997,2447.0619788321974,2448.4683876338986,1
38.97081680765734,2446.8989100036456,2448.397478080403,1
42.88286747632068,2446.7822609520003,2448.3433713188097,0
41.755431692003285,2446.698710518668,2448.2929555791616,0
44.47162669655889,2446.6567378727746,2448.2067152276145,0
52.07491651231134,2446.5769120260943,2448.112239837166,0
51.75434650594096,2446.4861778660984,2448.0216859635093,0
45.723887779778366,2446.3480623394207,2447.9423547921433,1
48.21336465388322,2446.1939916575907,2447.8583693145247,1
45.564109530237694,2445.986600278172,2447.7582250236815,1
33.83482403944025,2445.826589351108,2447.682569714425,1
44.14291140519147,2445.747788293326,2447.613471206656,1
53.74869689700116,2445.7266573547727,2447.5672046203126,1
49.10832288030011,2445.734814954344,2447.5388361926452,1
46.89773005624803,2445.755861088549,2447.492361203165,0
54.526739237217804,2445.81108066122,2447.429995088252,0
50.219780749985404,2445.8009092751886,2447.360967123897,0
52.05041770620955,2445.877667593182,2447.308727310992,0
51.145483121163444,2445.9654488945744,2447.24291350545,0
43.748788996336,2445.936243320725,2447.1596409009658,0
50.68401233519463,2445.928901769318,2447.10571438998,0
46.76369120567839,2445.881525122043,2447.018106353444,0
45.968157657629135,2445.7766841407856,2446.8965061285808,0
39.28429491902569,2445.567488701442,2446.7335289817997,0
34.83115610921001,2445.3187695009665,2446.574676319121,1
30.524816067780606,2445.0272701858717,2446.401305214689,1
31.857613720119318,2444.8059641914565,2446.2649010927626,1
29.413407890245438,2444.652882160534,2446.1256890111167,0
29.06215560018022,2444.482186619363,2445.9692161346616,0
30.35271600881471,2444.3811057483995,2445.827147735784,0
32.4637752413302,2444.3151020635,2445.7045799325747,0
30.33789691813344,2444.2284955219666,2445.5828372406168,0
28.344587832270676,2444.0523914364226,2445.438812106442,0
30.13936219208513,2443.8228538590547,2445.3038161356476,0
27.10946561177775,2443.6056300455457,2445.189457935667,1
28.17463696798083,2443.319131472086,2445.0371612822855,1
30.960209897390897,2443.027613832495,2444.8969037932147,1
40.898038416658274,2442.7341759184433,2444.758450604146,1
49.885412073482186,2442.477718088826,2444.6225535870576,1
56.75046381720188,2442.2735398955933,2444.485967011849,0
54.77763892687417,2442.078475348203,2444.3798390131556,1
49.34363141650381,2441.944512182185,2444.2976552086493,0
54.572600366959655,2441.829333997765,2444.2281190462563,0
46.567414272750256,2441.800391442601,2444.1458876547963,0
35.16632467156535,2441.8015250157464,2444.0659514737663,0
47.12939870515044,2441.89127393166,2444.013106028487,0
43.422865118762296,2441.855403131208,2443.893523525364,0
49.899367467842225,2441.827078409345,2443.817495964224,0
47.175851393286074,2441.796089439819,2443.743620293011,0
49.67859535287944,2441.705924151381,2443.627398345859,0
49.0880949090808,2441.5907170437713,2443.516075217204,0
40.520692286639886,2441.422352145602,2443.3922140973996,0
34.88738557833416,2441.2767214503237,2443.236596305772,1
30.597405232956305,2441.105441661587,2443.066508592816,1
25.19526619187282,2440.9292216387307,2442.8984514420495,1
23.796610374022066,2440.770134283981,2442.71445018544,1
32.22310751718926,2440.660409804939,2442.5665965687513,1
41.80143368796493,2440.6113735123854,2442.4637750733323,0
37.92254397459904,2440.4636557709255,2442.3304192323917,1
34.569242495662465,2440.32655401377,2442.2219485060887,0
43.955813451190885,2440.1946050727734,2442.127045301822,0
42.536376920941976,2440.0915486609865,2442.035159355714,0
42.41544877338458,2439.9540963051813,2441.9190946264193,0
44.103840122151446,2439.8227897382603,2441.7810775683624,0
40.4951902672354,2439.684932153772,2441.637579899855,0
44.06585089950246,2439.4767340228072,2441.4793673731224,0
42.6794831669709,2439.3018880387576,2441.293915030791,0
45.338458968293686,2439.087380102276,2441.101380967861,0
40.89290857325174,2438.8375817323595,2440.8924734281254,0
42.87448583477959,2438.60977950738,2440.6968128205212,0
30.90313387416002,2438.3215709154742,2440.4731428756663,1
20.46025916735674,2438.1012193625334,2440.2800917935956,0
23.452821805064673,2437.8863319500333,2440.0804554294705,0
21.276664141071592,2437.7170333373083,2439.926326447162,0
23.194900038194604,2437.599853884046,2439.810885195281,0
31.078634647519138,2437.5784178157533,2439.734909237393,0
26.261822019503015,2437.391816816475,2439.600937618758,0
25.03722759074239,2437.099967392781,2439.4426091662313,0
25.95013455156402,2436.8768742669135,2439.288294291412,0
29.623123861987935,2436.6504213455896,2439.129674744965,0
28.595102515632362,2436.3236077065367,2438.9304475590366,1
26.765799270081985,2435.935790963117,2438.718077532174,1
30.850361351966512,2435.5795130475262,2438.5299432708616,1
31.848247301980777,2435.236394484083,2438.346493818374,1
37.697149511584804,2434.938311643088,2438.170652538872,1
38.98759157259515,2434.674786392415,2438.0216293412536,0
43.237094742231456,2434.4732035202132,2437.8721509058787,1
42.736839408846066,2434.2839584135418,2437.7212939659007,0
36.8460766657616,2434.157054966256,2437.5642081790975,0
30.391435041276623,2434.064747424728,2437.413295832175,0
31.393123441131024,2433.9328102441013,2437.214876834026,0
45.348400495730104,2433.8543737484824,2437.0440364201145,0
37.76496069154631,2433.714934753266,2436.8346957316708,0
31.97608780878653,2433.520706071458,2436.6144522987047,0
36.28456280505246,2433.2741437286486,2436.399932680442,0
43.93772963536029,2432.99090802404,2436.1747628743447,0
33.35052860241636,2432.68898182736,2435.934369097219,1
32.845655583697265,2432.419298421477,2435.6794971710838,1
34.912150404490504,2432.193434260255,2435.4472322195866,0
37.46766250676751,2431.988937710939,2435.2428801687875,0
34.18027843559965,2431.8225621554493,2435.0231856037076,0
32.59159635341754,2431.683436884753,2434.8225114278343,0
31.008274464090718,2431.514451400795,2434.6250352510497,0
27.082445845334917,2431.3263634010355,2434.434862514153,0
29.491168356355956,2431.081897602989,2434.231722924576,1
19.03453388071904,2430.784114689369,2434.0272215034092,1
25.951300014685728,2430.490163075305,2433.804052214025,1
29.651081783351316,2430.193729863507,2433.5542365063493,1
33.596827144757526,2429.9147305210795,2433.344638079159,0
30.554618846386646,2429.6177012306507,2433.1297547189274,0
48.74760382651677,2429.4384183909306,2432.9124021612893,0
54.16024082943324,2429.232490771658,2432.7004132643833,0
40.43373798807941,2429.0450737696256,2432.4710867174485,0
30.43370874932124,2428.8666508542533,2432.231996745102,1
32.02484946596117,2428.688043332447,2432.0011771519116,1
33.0565647044249,2428.481624193978,2431.7767189428127,1
32.85132326109503,2428.3682121081874,2431.560898724991,1
40.903641575443906,2428.292405942195,2431.3615075070516,1
56.58111385220555,2428.264101909357,2431.2178402903855,0
62.759175825481755,2428.2034636301014,2431.080353817876,1
61.327069495542204,2428.174092178474,2430.964194108908,0
64.15398287377425,2428.190732388528,2430.8583166382323,0
51.88703324678386,2428.15738493353,2430.733456444449,0
51.07613560735388,2428.1408832222905,2430.604402468146,0
52.267171990815335,2428.2048160060995,2430.473707773397,0
45.43051599408743,2428.2785927165187,2430.3072914637155,0
47.65237282633088,2428.285931926861,2430.1616982581795,1
50.88156667974873,2428.280574297868,2430.026479268384,0
51.777458751908604,2428.2531257912437,2429.895138688891,0
47.441679075152734,2428.180770617754,2429.7418944277933,1
59.265554736073575,2428.164088351262,2429.648594419179,0
53.60400044666976,2428.093129669602,2429.563348746977,1
39.30168019953616,2428.0456932786806,2429.45755880991,1
37.895729478536914,2428.0286844210123,2429.3489127198736,1
42.35169827873384,2428.057245027152,2429.2487505055374,1
37.84601159557295,2428.0874093042707,2429.141768107555,1
48.7248209723001,2428.1638009611443,2429.037137701364,1
44.379534090042355,2428.168851247405,2428.915464640597,1
47.04425340949391,2428.1542111367903,2428.816702758599,1
52.73945883323422,2428.154592989069,2428.7162920436126,1
63.76636891057652,2428.1935092628146,2428.6684737163932,1
66.1466807883283,2428.2130537116554,2428.6017886235018,1
68.97307992624138,2428.340227112213,2428.583573388028,1
69.19105457264149,2428.4313396527664,2428.56865590067,1
58.98587040615854,2428.4636343436337,2428.549504019391,1
66.91359071050195,2428.5755144182112,2428.541134021384,0
78.69370134975753,2428.7988465938756,2428.605644164786,0
71.7780828225946,2428.9837283699553,2428.652251247776,1
70.13863640559688,2429.1810270060787,2428.69017578722,1
67.52033968175309,2429.3974339814586,2428.705292936001,1
62.26393154372516,2429.5021132470215,2428.720414855808,1
67.98310501150831,2429.637333955639,2428.7449075753316,1
66.9758140174267,2429.8643395556082,2428.7975140718354,1
66.64272148775763,2430.113156507272,2428.863629962368,1
61.11934934211901,2430.3128785354306,2428.9411428785143,0
61.682681741046586,2430.5324984408267,2429.0411216081384,1
56.22913685925694,2430.7182955424782,2429.1283906882327,0
63.36576990960407,2430.9554376399315,2429.2201477511667,0
71.34694511239904,2431.1889308275477,2429.3263828811864,0
54.43166380557001,2431.316869187674,2429.3959592264223,0
51.051625728959586,2431.434789576988,2429.467022190816,0
49.17639216042132,2431.4765413441396,2429.499408852494,1
53.44547838229761,2431.534430858204,2429.579316223459,0
52.516504712669985,2431.6017614502607,2429.6627001390725,0
50.30737172658479,2431.64004160388,2429.7303033279645,0
51.90233677861332,2431.652273302761,2429.8093936648975,0
48.791571213799436,2431.616682126277,2429.9050321720215,0
43.067685864613765,2431.587006097662,2429.9700913099628,0
40.08780711417091,2431.4972206360467,2429.9834232778962,0
37.173667659272816,2431.4171736669514,2429.9907769507413,0
34.933654973098186,2431.3168444786234,2429.9775157758677,1
30.57442873722195,2431.162662783564,2429.933679733346,1
23.92683556600076,2430.9674674028274,2429.9215470595536,1
26.094674123471208,2430.7155706577887,2429.8935049365673,1
23.791338651429825,2430.4935159823476,2429.8566228690133,1
36.46901102581432,2430.310472603545,2429.8538735629486,1
28.717403527803683,2430.135886055089,2429.8683723395243,1
31.40486180577591,2429.950020977084,2429.887926422853,1
47.37937197668091,2429.7890211403737,2429.9407410208382,1
39.34150172527224,2429.663603645341,2429.9890924374563,1
43.39420024773385,2429.553945466173,2430.0229650367805,1
51.745180814414226,2429.5486837877847,2430.081630499767,1
60.54549224202582,2429.528461694542,2430.1724235898037,1
65.28211623043299,2429.5853905397225,2430.285382586557,1
72.50420909384796,2429.702249238647,2430.3883050125623,1
75.45602990012753,2429.767979988663,2430.4816219386544,1
77.34301754899302,2429.8629268678023,2430.5846825346844,1
85.1235545901878,2430.0431549115283,2430.719812775612,1
85.86718801243025,2430.317715501601,2430.8488250238206,1
84.1833111903563,2430.6015554344663,2430.9695619288996,1
80.42093227711958,2430.904911064794,2431.0620764966593,1
80.51483951157996,2431.258380104203,2431.1518102903647,1
78.72098960200552,2431.6449135126977,2431.2434216197476,1
88.72584965385714,2432.1110558581568,2431.365391418723,0
83.93528408362235,2432.542949586932,2431.4883489663325,0
82.72234576909156,2432.9278524877172,2431.594808790751,0
70.96130159463293,2433.266346472919,2431.6553722911412,1
70.08388258244887,2433.639032419761,2431.7500480427752,1
64.14462380623914,2433.8996621470214,2431.8281950772157,1
70.18101393126314,2434.2392061333594,2431.925801298217,1
59.79946638768265,2434.4851285287946,2432.0161711494898,1
59.42234972672767,2434.7294732565706,2432.11848622014,1
56.25222407766706,2434.9525186983806,2432.207695246913,0
51.988564292281225,2435.0926399183363,2432.277175950983,0
58.54566814805461,2435.2491923948974,2432.362830556349,0
54.73080167834818,2435.40544758361,2432.4308015957677,0
53.934022867133834,2435.5479020421717,2432.5165251345625,0
47.85636358577206,2435.6340783532496,2432.591269060939,0
42.47681418275926,2435.6072002232427,2432.6161327820987,1
37.55119504805189,2435.5392453603235,2432.6585123979594,1
40.47613153028381,2435.4827216896015,2432.6812493417046,1
42.432563921776975,2435.473271089665,2432.750502188575,1
49.659260510477544,2435.462177034247,2432.814520090165,1
53.00539323428805,2435.4750633637277,2432.91471218411,0
63.57123728328403,2435.571282146932,2433.0608451835533,0
57.90205369712424,2435.633495982108,2433.18729786249,0
55.94360447577162,2435.740521475073,2433.3049080306596,0
57.65172686085125,2435.7916977669443,2433.431924710488,0
52.03294971304427,2435.847345984873,2433.568245216746,0
47.15722737265295,2435.7979242000447,2433.6781015114543,1
43.962827582304286,2435.793884689592,2433.8069872338774,1
40.70008840734318,2435.697165919133,2433.9322874743675,1
46.449366454504585,2435.586206865812,2434.055191032107,1
58.60486939324214,2435.5911329526984,2434.2274008689465,1
58.25321046921084,2435.548030980488,2434.384636555605,1
54.16438668666645,2435.536334436175,2434.5211463288197,1
54.18543732313952,2435.5309216257965,2434.674539362845,0
48.4015299496194,2435.547684926112,2434.8303346405505,0
40.83436316975054,2435.6449894789703,2434.9585201175373,0
41.60697887303441,2435.767094584101,2435.0999087734635,0
41.40972130158016,2435.8971411585762,2435.218527618666,0
39.067431011586265,2435.9340597512137,2435.3046525739464,0
46.94398097481046,2435.9687743989857,2435.3906451719427,0
47.42421018285868,2435.868874924,2435.428105937821,0
52.24673100763348,2435.741673573909,2435.476614917658,0
51.677883516030995,2435.579714320612,2435.511991595269,1
55.77696288535912,2435.4637988326676,2435.545256816606,0
44.465651594241685,2435.3501818406485,2435.554735482136,1
41.47401679139834,2435.2141505253157,2435.5268192262315,0
43.49715869263673,2435.1749509441597,2435.5074597153316,0
43.609290656883694,2435.1734919731275,2435.514419597211,0
40.520865820009206,2435.2059324799197,2435.5113084246545,0
42.69145193852048,2435.2685642839206,2435.504651340596,0
36.68002573527401,2435.1551618757517,2435.4450432759845,0
33.97134747196749,2435.0093094198464,2435.3711804887707,0
41.79524510532441,2434.9073623609347,2435.3129502781067,0
37.7412905685196,2434.760202595623,2435.2720818119265,0
37.42866179989808,2434.527342645574,2435.1856587308757,0
31.351019481243227,2434.25482868079,2435.100586731045,0
32.44048591764319,2433.9598747944524,2434.988176237901,1
27.034029653677635,2433.6675575578583,2434.8914992302916,1
26.99892809819204,2433.3988107028,2434.7723875524384,1
30.86269803569526,2433.1033793165434,2434.6509894192077,1
27.186788328198816,2432.8748289544865,2434.540981552281,1
29.8216346948591,2432.6618246290964,2434.4416678113375,1
33.42431249786449,2432.5219501830843,2434.358592635059,1
31.919552275380354,2432.361878310557,2434.27084732396,1
46.402360854495775,2432.262565424034,2434.2061303104497,0
50.91509413789131,2432.1969765350195,2434.1627297509426,0
37.546224044217766,2432.057740602467,2434.1148578121893,1
45.499064134665375,2431.9296327814973,2434.093184033969,0
55.959210366151986,2431.8244817763757,2434.051792699339,1
61.44450857022059,2431.6960803976226,2433.9982126859463,1
63.68406897469262,2431.6337492017956,2433.9085176112117,1
60.26941192494476,2431.599567644234,2433.7824946876917,1
66.5703980736505,2431.5475586230045,2433.678575334465,1
69.34979736768,2431.543882604669,2433.593426263765,1
72.121631641294,2431.6460480556207,2433.527398846346,1
70.51561654327728,2431.807886618008,2433.484802984299,1
70.94233441098633,2432.0294223807864,2433.480775510198,1
69.96094729482331,2432.2628575220274,2433.4790883632654,1
64.5069891566863,2432.5041075152476,2433.495164190884,0
71.67727949974255,2432.786613193308,2433.531151950206,0
79.0792599782719,2433.056948678613,2433.527307842647,0
76.82377216439413,2433.2876937622723,2433.5375329240514,0
69.12474904486831,2433.4692963820244,2433.5317774133987,0
63.55297494507861,2433.6062201758546,2433.500966743983,0
66.50368503704252,2433.6870915020145,2433.4618929408107,0
65.08039639884306,2433.7513560431225,2433.405276376603,0
64.88407671902029,2433.8980097549843,2433.367223880543,0
51.407638485550734,2433.942463283799,2433.3113128840587,0
47.43388536417731,2433.985452327625,2433.272349729903,0
42.93154534355274,2434.028167647008,2433.221969985155,0
30.620914236364754,2434.02378418012,2433.17048131366,1
28.17772114632183,2434.0264339737346,2433.096398847622,1
30.672399727742174,2434.005442855321,2433.0488667483487,1
24.34296472780619,2433.962214624713,2432.9927925805832,1
24.83441420603927,2433.8794611695316,2432.939110577899,1
27.486487557505527,2433.792064778311,2432.9159686854973,1
29.872207453204283,2433.6775345553115,2432.8818089546585,1
32.67892055295506,2433.558289539591,2432.833007389851,0
36.02311890117628,2433.4561258660033,2432.7952415453174,0
47.79723250383194,2433.342629223567,2432.7607779260647,0
37.76984998971573,2433.217052695854,2432.7520641706883,1
42.76388214177318,2433.0572041246846,2432.756690805987,0
37.92355121722652,2432.902760213765,2432.729936554531,0
35.06420779445209,2432.761400355673,2432.7014458480035,1
57.69464940747831,2432.686536050619,2432.7255703028286,0
64.76082236154613,2432.666738293407,2432.77004022165,0
54.3549329783377,2432.569782873369,2432.811187112109,0
47.891282395973064,2432.5027309447696,2432.8453822388224,0
51.43373349008223,2432.4466205202057,2432.891473656865,1
42.05335006927671,2432.3489494605305,2432.9201980427497,1
39.20374979029863,2432.2946967823564,2432.9384284448074,1
46.96959836477304,2432.311883443649,2432.9564223734433,0
43.060566594701335,2432.294307098282,2432.957809514428,1
43.206274211760054,2432.297768305824,2432.96714857869,0
52.027855003792666,2432.359614729291,2432.977930300002,0
50.92524550682379,2432.365047140932,2432.983196927862,0
49.97594222515235,2432.3392537006002,2432.994414193912,0
50.21333392582019,2432.3018688603265,2432.9819018213825,1
39.252423678318856,2432.2108727564655,2432.9497979373537,1
36.76105640303756,2432.0876380225964,2432.917400976054,1
40.13330103454201,2431.983205932349,2432.8918468629095,1
44.77209491576263,2431.912669917638,2432.8819317153484,1
49.97446419653987,2431.9247675008455,2432.8808201056668,1
57.96788124973649,2431.98285239193,2432.8770337629076,0
63.90393656628212,2432.003457503707,2432.868534082063,0
48.307797845801346,2431.9225116661923,2432.815890240924,0
53.08569934977252,2431.9045444577687,2432.761235942902,0
56.14764344421294,2431.9795002343967,2432.7320393237706,0
39.57556003937086,2431.9191244214007,2432.657480419327,1
44.82001426838202,2431.922584221362,2432.5745864539717,1
47.388905493314944,2431.948683279965,2432.4951222853483,1
45.34807325489576,2431.8869921518003,2432.3961417292544,1
52.495249786230154,2431.8818811921305,2432.3228434384705,1
57.656668604637524,2431.906971795844,2432.287449226686,1
60.598002833281996,2431.9128587011305,2432.2682371796486,0
58.183782559770194,2431.933236412013,2432.2559490754184,0
50.501031450396646,2431.951473832181,2432.21579982479,1
48.13484485860001,2431.98654164116,2432.199533164327,1
49.51195876920409,2432.1000813306614,2432.195649538568,1
55.581467676449805,2432.193297543973,2432.1834529348403,1
52.766019901837545,2432.283124514093,2432.195582996499,1
56.52154693710564,2432.471408293571,2432.259921443283,1
74.76911335320989,2432.6469604126382,2432.3374271285943,0
75.70996256682426,2432.83581827961,2432.4264752248664,0
68.49795075318852,2432.9466951193235,2432.49542766198,1
69.2207630405529,2433.1079263483834,2432.5422348689526,1
67.47225760486555,2433.2544098037374,2432.5919860422723,1
57.276062224808804,2433.291942650348,2432.625500568073,1
60.008033973564935,2433.513912289567,2432.680594988752,1
65.6505006606924,2433.7647191193305,2432.7434224122767,1
67.63901977523497,2434.0005584785886,2432.8085245984416,1
71.13533394553099,2434.341746382232,2432.909958632273,1
69.35217343772041,2434.65071905865,2433.0220269764245,1
75.78622038991323,2434.9948790877397,2433.180840719512,1
77.34548256041637,2435.313817332896,2433.319149692559,1
73.74091160216176,2435.6706509661167,2433.457514144502,1
74.32526735429681,2436.1212195299604,2433.6363744874266,1
74.55005142206367,2436.617108322445,2433.8452841153976,1
83.50133348393946,2437.098499625879,2434.056401180838,0
87.12380996900718,2437.589727437585,2434.279764125662,0
87.54334719690264,2438.113135876957,2434.5229586343394,0
88.76052708824503,2438.49101693946,2434.731574841607,0
87.3873615673989,2438.83183727288,2434.9524391984332,0
77.45697908474449,2439.082280157864,2435.1402799656826,1
69.90922777344433,2439.3198992134867,2435.2795414556585,1
65.19592469573311,2439.587822886847,2435.431345167319,1
68.782906808009,2439.9032504102556,2435.6175847261347,1
63.9118664620121,2440.295755621644,2435.8230552726004,0
62.92526845177806,2440.6209684492474,2436.044633265865,0
66.61337153297217,2440.9596483725145,2436.2922265522443,0
58.87517713384137,2441.296907653643,2436.5340052869597,0
44.58570560605279,2441.4860968840353,2436.739329418832,0
35.107168765029684,2441.5881721465284,2436.8873888346975,1
32.552051462950544,2441.539424182702,2437.003469435821,1
33.95017701094898,2441.517553763385,2437.1247881964305,1
34.377474560245474,2441.4472435267166,2437.267406888712,1
35.75421596232184,2441.3393754980752,2437.410306903549,1
45.286087936413395,2441.246253470785,2437.5519854099525,1
47.40116099489382,2441.0886982823463,2437.724230725216,1
48.90179318575846,2440.9559286959575,2437.8931019155,1
46.313754949342155,2440.824152324475,2438.073146252143,1
40.01334459988153,2440.6905938003283,2438.2530155010186,1
45.46984232590155,2440.6051183644367,2438.4417340673554,1
37.746906539704256,2440.5525069476234,2438.5984940263943,1
38.252175172044765,2440.555780677177,2438.7367102460767,1
52.76673694459598,2440.6415018649013,2438.9146513484743,1
64.06355244003608,2440.697642606694,2439.11605223594,1
73.04888237657715,2440.7537627848096,2439.32994373006,1
74.19471715218518,2440.867355172016,2439.5515428024064,0
74.10299215275845,2440.885049011316,2439.768927139181,0
75.62018556764134,2440.975498150133,2440.0109547413754,0
69.28213058232888,2441.122584830821,2440.199800033732,0
72.55315328399186,2441.3351706277035,2440.362672920724,0
69.70961310400403,2441.584124063318,2440.5027917493044,1
64.58248124892697,2441.7755299158043,2440.6563221150227,1
71.88278096501985,2442.0252141329356,2440.8343220025326,0
68.97648143366473,2442.2671484305984,2441.015402354293,0
67.66694855567317,2442.4235824163325,2441.2046413163466,1
72.0060827396373,2442.651000481897,2441.3790660021477,1
63.402832474663505,2442.8482712606933,2441.5265227720456,1
58.95572829469295,2443.010860701769,2441.6772671414155,1
54.51532913817799,2443.2098270177803,2441.800247755238,1
48.89274816802348,2443.373163311008,2441.930711768299,0
56.334757061046666,2443.5636017924326,2442.0259831082717,0
43.96088520010673,2443.7548604258036,2442.1131274832396,0
54.80982304468235,2443.8955389787357,2442.2046065535214,0
57.71122958602807,2444.0064110959297,2442.270128862328,0
54.29515359163804,2444.054072211592,2442.304729285719,1
48.017035039638,2443.988816744043,2442.307669649672,1
49.136503372895525,2443.988907375712,2442.3285991144317,0
47.341914448200605,2443.9395007665466,2442.341500697211,0
52.29147939031529,2443.918604816322,2442.3708351844766,0
54.71366851306228,2443.9613259182984,2442.4144683788913,0
53.24145170917317,2443.9958307699035,2442.4682119941203,1
46.734869424350116,2444.0002422449675,2442.528459327615,0
46.865795439981675,2443.9745586908134,2442.5890163241193,1
45.885385664345755,2443.950505172537,2442.6343042592057,1
41.89071302993384,2443.935586668199,2442.6605737349682,1
52.60751136111085,2443.952637465657,2442.7117336087117,0
37.1379553400062,2443.881248897903,2442.695162982201,1
43.72239612407626,2443.8677854104785,2442.7056182441493,0
49.77693724423052,2443.884020713673,2442.759417287093,0
58.448314513765396,2443.8999884337486,2442.855438283187,0
40.88211909254006,2443.766926185871,2442.9169839095393,0
45.99674112228245,2443.6997494566135,2442.986005760531,0
42.21906900203937,2443.5576309146336,2443.0487615086886,1
36.75221552489284,2443.404100459561,2443.096018846922,1
37.521001401539365,2443.2699456774417,2443.1142061683818,1
43.143018744441726,2443.2108084826586,2443.1565137297966,1
45.41269725830022,2443.1379212703237,2443.2013961441785,1
47.56194785536543,2443.1002520771135,2443.2519405982666,0
51.14992927489299,2443.086782129966,2443.3293105163316,0
46.94635194456065,2443.0415971543594,2443.38905989486,1
58.400015202299954,2443.0321453343786,2443.4600673488226,1
49.275409787057434,2443.034039335704,2443.519762791026,1
42.87255309363504,2443.0031010366683,2443.533655992826,1
44.87967525946669,2442.9956626844964,2443.5535122903266,1
64.49043482903988,2443.0322266744397,2443.5719592908204,1
62.380773881346755,2443.038793137918,2443.5803087950726,1
65.9633668813481,2443.1242295936386,2443.5908352151296,1
72.88311164755363,2443.2012834691213,2443.595932371745,0
65.87920878079703,2443.20024142049,2443.5904799229606,1
67.96131968964289,2443.224022933145,2443.6109792053635,1
64.35613907614666,2443.370805675729,2443.6316565545035,1
66.83219867332517,2443.5335996832364,2443.6892336675037,0
56.18986040985937,2443.676593371486,2443.7093132041086,1
61.052902644244035,2443.910430900708,2443.753331834966,0
58.229387292952666,2444.1366335633547,2443.7994266271903,0
61.45455408573465,2444.331360334375,2443.8286576707883,0
65.82258978596772,2444.5083035364673,2443.865409054488,0
59.49460620042357,2444.621649959875,2443.896256301509,0
56.119463266399464,2444.6994690828265,2443.92516734235,0
49.66617321113643,2444.7376660669993,2443.9348609972567,0
48.86168303476824,2444.7311836035706,2443.9271000732774,0
46.909975287814525,2444.7878067267866,2443.932941311419,0
48.033776662718765,2444.8384083024634,2443.9108037223173,0
39.21307897776386,2444.822463699793,2443.879933331872,0
35.46796859847284,2444.7181190676633,2443.837578033249,0
23.37131407217676,2444.5646652316777,2443.8106481901264,0
36.64297546706171,2444.4842521473474,2443.7889731237838,1
21.35375524782839,2444.333582032135,2443.7535648779804,1
20.539274497086538,2444.200096364414,2443.703076542198,1
22.976762080277425,2444.0312731821587,2443.638958110908,1
20.550154298825063,2443.8580529746005,2443.576545436382,1
37.594899294898354,2443.706592128123,2443.571773620766,1
37.295249857958694,2443.6094878467406,2443.56328486648,1
41.7417189653361,2443.4552561373707,2443.5552322208996,1
49.29271963097169,2443.353233752559,2443.5664854609345,1
51.2068982436152,2443.303373652622,2443.5689521455743,1
56.473914043342646,2443.2550515031885,2443.614930096602,1
59.79618680955584,2443.2281674107994,2443.640409101637,0
74.69625637485998,2443.285137619918,2443.6856141048484,0
77.55344440713012,2443.367622468634,2443.721914611211,0
70.9844743074714,2443.4604822544125,2443.8045225006945,0
72.48009270518048,2443.5080326426473,2443.8562545858326,0
65.60501028915091,2443.522573522586,2443.896780765498,1
67.54665274668693,2443.600706802014,2443.9585758688536,0
57.3486357263641,2443.6398289955478,2443.985531360491,0
48.57894481298235,2443.698879502644,2444.0058765981207,0
48.39056032593303,2443.6972715031807,2444.012713216927,0
56.057821390418844,2443.8190994570105,2444.0411038299394,0
45.54286414296286,2443.8969266922995,2444.027134367131,0
38.8651056925922,2443.9309529182497,2443.9947004164637,0
37.426268317220824,2443.9743671432047,2443.9534341599124,0
37.32627484863988,2443.920754017327,2443.926459493415,0
25.197657262957904,2443.8516602264035,2443.9027085423736,0
25.236648328622962,2443.7659181852555,2443.863334421203,0
23.642719136285493,2443.5920428835607,2443.790411944583,0
27.00303004333992,2443.3954721823916,2443.7116237633636,0
25.791581431089767,2443.0967105642767,2443.603922484858,1
20.84473450230091,2442.803363271394,2443.481241022546,1
24.245702553810048,2442.405040569286,2443.3675337643667,1
30.82515519454502,2442.0513597959007,2443.252849356313,1
40.44918389329576,2441.785559069517,2443.1704238582097,1
27.53265480016111,2441.5323502159163,2443.0557547989047,1
41.37613719009806,2441.4038425275894,2442.9876804279393,1
43.71744681227672,2441.229825557947,2442.886333731749,1
40.468285208647295,2441.111086263264,2442.7753124404553,1
49.27031312419817,2441.0624120275047,2442.6982972753726,1
53.486621059281255,2441.0427632749056,2442.626497112302,0
53.8464800977594,2440.9336934555213,2442.565921228198,0
62.11469104778417,2440.9253767842893,2442.5174974477163,0
61.85175118664068,2440.9640728459426,2442.485263128041,0
76.20811021013914,2441.005443989625,2442.4631383143346,0
67.20047853791405,2441.001658913714,2442.412000368186,1
69.27686886550967,2441.009034151949,2442.370958882168,1
68.10238684586993,2441.0445791234984,2442.3521805906853,0
60.661859386435836,2441.125595747175,2442.3534026163875,0
66.68983298443243,2441.2284176861367,2442.3771247451477,0
62.60534571030828,2441.439445239737,2442.3859997218133,0
58.59559428255952,2441.6163781148484,2442.3943594556317,0
56.32928553154837,2441.7645583794174,2442.3933185703677,0
45.04193893378318,2441.8657999862785,2442.386660077961,0
38.11698915160894,2441.8758600123906,2442.377546673326,1
40.7251043106266,2441.9126149976373,2442.3381639467107,0
31.873314758426602,2441.865015439368,2442.28989146499,0
27.229560294118727,2441.805444839293,2442.226409212518,1
35.73572727054329,2441.8266420888476,2442.164675774971,1
42.805095632942724,2441.78393131186,2442.0905203390676,1
40.62467414655889,2441.692280394466,2442.001388668813,1
36.060810119601285,2441.6011576085166,2441.9151173072846,1
46.19684570947217,2441.5377041732836,2441.8185240690627,1
42.356924834030266,2441.475033604176,2441.7282275822577,1
43.73795159054097,2441.4388498437634,2441.654485350075,1
44.377523537559895,2441.425634094982,2441.57904094912,1
58.28046336636485,2441.4642965907724,2441.547648109443,1
68.38442477453275,2441.570752960043,2441.540199053897,0
66.68369175746174,2441.650461480641,2441.5576556104247,0
58.917447648480575,2441.646801211818,2441.556293428817,0
63.399799694688895,2441.634816431794,2441.5610176932587,1
69.68354119209233,2441.6929773064876,2441.5439105954224,0
65.98251363201004,2441.8002494726124,2441.554647682493,0
59.35825453588255,2441.8716805228923,2441.562951119818,1
62.6673641879084,2441.9597373446254,2441.571694753894,1
64.59560580738926,2442.0582649848848,2441.593168333734,1
57.279175767332205,2442.1692368584168,2441.616922117795,1
58.54496371456024,2442.3291146256893,2441.6516877886916,1
60.670459678276444,2442.4934580356676,2441.725241835813,0
65.84804611242868,2442.6614825519314,2441.7969244868837,0
62.021193338994074,2442.856498239961,2441.905303739087,0
55.085488190848764,2443.0839820126507,2442.0273648037873,0
54.65218866132058,2443.2220653025224,2442.1453339623577,0
56.20621291527601,2443.3102087315165,2442.231767156504,1
53.40067216990874,2443.3639712367353,2442.285850216962,1
44.68764600533065,2443.428147945223,2442.3373600408427,1
40.90414672909385,2443.419134199614,2442.3537647782523,1
57.36932986902042,2443.390615102586,2442.4045148717523,1
66.15384122366655,2443.480634439638,2442.5054748809744,1
62.18828747192079,2443.603781333975,2442.572841151405,1
64.8805907064592,2443.723575296549,2442.633342501916,1
61.617499781939856,2443.800835344326,2442.690767350944,0
61.402494794395324,2443.9260509485894,2442.754917348213,1
65.04849172790233,2444.145620631169,2442.8355702339086,0
56.314255985880685,2444.298443128272,2442.8888944093524,1
55.09643175354274,2444.446382366466,2442.971057714835,0
53.204454799492616,2444.558330024092,2443.0366404666524,1
62.75817617130591,2444.716318367323,2443.1203834862213,0
65.10703167424904,2444.8453282003525,2443.213134817084,1
63.6118977752012,2444.9317948268163,2443.278275343155,0
66.18908800663928,2445.009726508614,2443.333416246637,1
59.61872683645961,2445.042925343072,2443.3979836950766,1
53.394051047187546,2445.131372728343,2443.4920597019277,1
59.32485406249508,2445.299685011129,2443.605321166444,1
53.54394729834786,2445.432731893633,2443.7085989694588,1
60.325425635602315,2445.659004134366,2443.835915695534,1
61.68130917047606,2445.981637658423,2444.000413665875,1
54.32852898273689,2446.1960395007777,2444.1607527363462,1
62.35574682430242,2446.3264736865262,2444.3054075200457,1
65.75422574380349,2446.5394884157295,2444.475063992953,1
75.17455204912429,2446.7981511304106,2444.6756907962936,1
69.51345841882758,2447.0508578366916,2444.8706474422142,1
70.42175148206573,2447.291838165951,2445.05657094528,1
80.37643581642469,2447.6004806044057,2445.285749034,0
81.8469197619633,2447.9844199940817,2445.50712246948,0
79.96386118222347,2448.3240130216973,2445.730409285521,0
79.47934671701759,2448.7227756970433,2445.940032109161,0
78.29574764101645,2449.0610695698942,2446.1165101301617,0
82.00462969132403,2449.3607720519767,2446.297259045619,0
79.868308678051,2449.711073518306,2446.50398426575,0
68.26222859500857,2450.020851797764,2446.6878303930253,0
69.53998666665815,2450.3155678128724,2446.8470198976306,0
71.29550455294016,2450.6196091013107,2447.019803553407,0
56.700590189363375,2450.8117790515216,2447.1813605778957,0
55.470515177864215,2451.0860039970903,2447.3591056304444,0
48.47446195063228,2451.206199507994,2447.4950895047778,0
39.60915913504195,2451.1929144314304,2447.6098846950804,1
22.45166648581801,2451.194683147848,2447.7069801452094,1
23.63744914219859,2451.2050143462043,2447.79003004426,1
32.873842242788925,2451.1999237469204,2447.8904404709483,0
32.25544019298043,2451.1478213146956,2447.9922200261876,0
30.276841305866157,2451.099326459371,2448.0767852209024,0
34.774403835214116,2451.041441261382,2448.1843213288234,0
30.209789169366218,2450.8288321789055,2448.2931984129564,0
34.23546912808689,2450.6175933035292,2448.4085712961974,0
32.75711050815339,2450.3836825078924,2448.5126231105883,0
28.8701519118151,2450.1461785388465,2448.6308498448543,1
33.532036917340335,2449.893619032947,2448.7177117023066,0
24.801105854578438,2449.6298702797494,2448.756953381663,0
32.476969560591,2449.355058149301,2448.8044949918813,0
42.70383867182421,2449.1367640473677,2448.853105893353,0
54.9808905420864,2448.992109460609,2448.923529544144,0
43.131747076232315,2448.7528997466807,2448.9505430726435,1
32.3449958076727,2448.5808429105064,2448.955449489631,1
28.780991138725668,2448.3422488746646,2448.976627929002,1
36.79321731474264,2448.218924575778,2449.0041063885024,0
38.04662898614149,2448.1950097426543,2449.0645565825052,0
45.71142166761674,2448.211369253055,2449.1050004995027,0
41.29198398536081,2448.1881008794203,2449.1271391158875,0
52.98884985057379,2448.1472407849787,2449.1766188542133,0
44.59838320794398,2448.0428705428603,2449.2054776398863,0
38.4950530754446,2447.8789500169014,2449.211195090434,0
37.007373954005665,2447.6408114010273,2449.188096797897,0
36.04352789670871,2447.4361697455583,2449.147792306728,0
38.668274462801534,2447.2529580597557,2449.136661762647,0
25.660182432821742,2446.9986829253103,2449.048494626966,1
35.552025121791885,2446.7940138834656,2448.9558003348707,1
36.339655942945775,2446.5997827825017,2448.879209014996,1
34.37922614272611,2446.3750115044922,2448.7763685088494,1
30.82630580067851,2446.1476764798326,2448.647770217522,1
32.4374424690219,2445.957700485634,2448.5169256354425,0
32.86028451724157,2445.744683971554,2448.401059998089,1
39.31081166698344,2445.6398557160987,2448.2897500927024,0
32.38137593503298,2445.4834195517756,2448.108625068579,1
34.89300840295837,2445.340833674035,2447.919193400983,1
36.97598267249932,2445.1264696247463,2447.725089029722,1
48.061318722334704,2444.9506523010514,2447.555707224108,1
50.44165820956159,2444.7800942972935,2447.392610390462,1
56.84894280875378,2444.751570007417,2447.2834582980636,0
66.82794867068283,2444.6689225128857,2447.159758452045,1
60.086330422890235,2444.6184932870374,2447.0445342355956,1
59.07820626566755,2444.6317634237885,2446.9376733348004,1
70.10544910076948,2444.7512026893924,2446.8407342331298,0
68.02375523458085,2444.8573361598346,2446.7660151500536,0
65.60749107015724,2444.9414405581538,2446.6788363870724,0
64.20272329350527,2445.148453883549,2446.6253963771883,0
60.830905512120985,2445.3041373661163,2446.6002895087454,0
64.95268577402167,2445.4284804224185,2446.572727924824,1
66.70472032493335,2445.6100427299075,2446.538379862331,1
71.92522345785599,2445.7803630545313,2446.4799459405667,1
65.67648750848409,2445.906679776181,2446.4204690200368,1
66.96404420790483,2446.0467595299447,2446.3800332263186,0
61.85280598186509,2446.213301482591,2446.3584941811864,0
58.73424972577961,2446.400875909906,2446.337442560979,0
61.50119050764324,2446.5893308016357,2446.3078884002257,1
56.0834518994406,2446.781772906649,2446.284325189225,0
48.0996996666968,2446.9129958649505,2446.2624341545497,0
46.86785164194,2446.997110331212,2446.234006909768,0
47.763896382629454,2446.976936287265,2446.2222847010694,0
54.466626502382105,2447.019611701072,2446.2255798727533,0
40.979429429231956,2446.9902408159137,2446.185924943014,1
46.4605936000997,2446.9862541918837,2446.1353312273104,1
45.03128290501171,2446.9087257970414,2446.103064653274,1
48.13246251390317,2446.864259080493,2446.079381618048,1
44.46468497587656,2446.7789560825186,2446.0535192702137,1
45.642428851188356,2446.7376358959605,2446.032880905261,1
41.48186229144042,2446.731267063676,2446.014792437154,1
47.79032488353653,2446.773728255752,2445.997671525903,0
53.16078827275895,2446.8534101192568,2446.0045035582657,1
53.540320224728596,2446.9104712681287,2445.9852381338264,1
49.91631279091094,2446.9430500532,2445.9805408241723,1
55.40264501066024,2446.967985613578,2446.015647464989,1
51.07330827276299,2446.8917868868602,2446.0588843755195,1
52.39747693842908,2446.9070309525155,2446.1257870437616,1
63.456041636707155,2446.9250111203105,2446.1767096244475,1
63.49143019500465,2446.996067539637,2446.2832790349557,1
72.25180460980954,2447.1436098782447,2446.4022725524615,1
67.07711597591842,2447.2844372609898,2446.5078687011633,1
72.50200277449105,2447.4184232404195,2446.6396493954403,1
72.15808356654671,2447.5504314700165,2446.7866818688267,1
72.25089995471211,2447.8215240626005,2446.9314543738005,1
68.71453084528784,2448.0598328471915,2447.061390777565,1
63.170500158277335,2448.295879896237,2447.1654743253293,1
66.29289694852784,2448.5041846172617,2447.2876876442424,1
74.32036805800955,2448.806262426442,2447.4396907711766,1
70.58402335285062,2449.0493255618358,2447.602023280097,0
76.21384638853044,2449.258982100208,2447.7381243568166,0
68.79120035397014,2449.4288330938007,2447.8571670445062,0
73.5034514506001,2449.5951770012734,2447.9419463558083,0
72.48938828320566,2449.797566728936,2448.0366958202467,0
56.0848458577515,2449.9846040543557,2448.1269851311004,0
54.29249565891863,2450.102790967182,2448.204058482346,0
43.28896594403371,2450.171742823056,2448.227100428985,1
33.63861758794343,2450.149616420699,2448.2426991481075,1
32.56960900281055,2450.172191493339,2448.2690099985216,1
41.85524690007413,2450.2276412119045,2448.3149539662977,1
47.480217087065895,2450.2265432842282,2448.3712349197067,1
51.052458422809835,2450.2758795787404,2448.4468283636925,1
43.26641715928442,2450.3174043612385,2448.5225940479727,1
48.64062951219826,2450.347758399347,2448.6136400067535,1
49.64584177172743,2450.3515124708238,2448.7093874516577,1
58.97295973211518,2450.4405571135894,2448.8189098110233,1
55.92618516018416,2450.5463331612896,2448.8986869968085,1
60.081984918793914,2450.7151549696405,2449.0133992681363,1
67.71823872211863,2450.8610270306176,2449.1483692627694,0
75.02332002044315,2451.047481057298,2449.3083065403566,0
74.94436369563097,2451.15035080326,2449.4330663321407,0
81.8788945081954,2451.3074595905214,2449.5813067482295,0
79.75240965505934,2451.4312461160343,2449.723670287316,0
73.99007737724804,2451.5310545802668,2449.841272971925,0
62.98740850581028,2451.6116838752823,2449.975562354847,0
61.09672728062711,2451.7308426495,2450.101893865393,0
61.92183396244297,2451.9312877102534,2450.2361251942693,0
52.32234913370431,2452.1128655504986,2450.3421417361096,1
45.15866644817875,2452.2037543516826,2450.4389293061877,1
38.79005342437618,2452.261157510552,2450.5243626121346,1
43.50700112548917,2452.326006540135,2450.6091307102897,1
37.569979250416615,2452.376281598089,2450.6878497006273,0
39.106231507835226,2452.477651084012,2450.772290433875,0
34.56104009633958,2452.5445685883637,2450.8672789348475,1
42.39061856187264,2452.5978609128165,2450.9713117955043,0
31.67963082668416,2452.54229415724,2451.048633228488,1
27.16772247366589,2452.4282555351283,2451.113274456116,1
39.99545028024872,2452.334683075022,2451.184460117139,0
51.43486070574456,2452.2513980136528,2451.2789240201064,0
45.73058203944177,2452.08299471815,2451.3430774117614,0
46.2557453876273,2452.0012811519787,2451.376134841634,1
51.12608286002615,2451.8783981509014,2451.4188911041942,1
57.122230320244654,2451.749655770054,2451.45616329917,1
52.763865633198066,2451.622309735071,2451.470024277947,1
50.36512065445477,2451.569530987614,2451.4747651248526,1
53.39513072131591,2451.5497027465353,2451.4978418251303,1
49.73772738630351,2451.5446280883443,2451.5356244711124,1
49.560350777542794,2451.5868527720513,2451.575208998025,1
49.03332237149113,2451.6817195939975,2451.5891121732097,1
58.59717774181725,2451.794594209416,2451.622470071167,1
71.4635414756396,2451.8911384171165,2451.6619932370536,1
64.00204897081213,2451.982978886942,2451.7095080178838,0
56.480358519863444,2452.0273499188756,2451.745159600916,0
76.5286105019344,2452.088987170568,2451.7838471115,0
68.6054526212081,2452.134064525694,2451.8310959840396,0
74.32787330464718,2452.248684554662,2451.9069906634804,0
65.17041488309896,2452.382679920259,2451.9976492949972,0
65.14600527572775,2452.4260305401103,2452.0950257649033,0
66.33441109175415,2452.44857344177,2452.1894767994786,0
51.77920904105739,2452.4815015335803,2452.244621540432,0
39.519063918817785,2452.4452792073716,2452.2636292108914,0
40.56915132672511,2452.415581840625,2452.274772008948,0
34.136700057729016,2452.3289858466264,2452.260795893325,0
23.606394659511636,2452.206798424378,2452.213640287959,1
25.76742274274305,2452.099624000992,2452.1740097369197,1
24.75049826867823,2451.951531146283,2452.1022314382076,0
33.06241980556061,2451.8387621228003,2452.052596055717,0
28.068405931143005,2451.682621260655,2451.9621955144316,1
28.927674893649993,2451.5290113725614,2451.8563059099874,0
26.387905068365157,2451.3539122939187,2451.745042565815,0
26.178051858234,2451.113454820546,2451.6472348439675,1
33.12039595632238,2450.911360244832,2451.551068279608,0
32.579717020983864,2450.7311288763485,2451.465112705041,0
31.37641854319085,2450.472715204013,2451.3605113609983,0
35.61551704202837,2450.2315258073713,2451.2790327568755,1
37.394368073133656,2449.972913127488,2451.203818854676,1
41.304869899932015,2449.7337325231374,2451.1186272201508,1
40.60989177345814,2449.4518155829564,2451.0306057778866,1
37.84837661769907,2449.1565927505358,2450.9706121590198,1
49.66206115557159,2448.995134948661,2450.938212515676,1
42.294145420167354,2448.8811181245255,2450.885673844648,1
54.332177037097225,2448.8273478406245,2450.8551985059617,0
51.45076709485183,2448.8113443300304,2450.794273191733,1
50.72016834413581,2448.855914786999,2450.7381787674135,1
58.95212203839201,2448.901082380463,2450.6952983239785,1
54.98742182553291,2448.9541048375913,2450.666955710348,1
51.27235444681586,2448.9437983907765,2450.658813197976,1
63.412425046058104,2449.0107296184538,2450.632614131804,1
69.6033207797474,2449.1570771453667,2450.6185775626727,1
69.37726971053563,2449.2994647671367,2450.6316305854098,1
69.82737381313635,2449.4680305790507,2450.633934614796,1
78.73311128747373,2449.587735852494,2450.634803360245,0
82.59049480386106,2449.787802276437,2450.6803713075947,0
79.07426645434657,2450.0576364685007,2450.7346420543704,0
77.51031497828986,2450.30520378447,2450.7733018756176,0
65.18405873782427,2450.491530114329,2450.7805498017933,0
58.90039417172752,2450.628422667365,2450.7521450517593,0
59.43953489543471,2450.8390531875757,2450.731485944096,0
59.015056155109214,2451.064731035921,2450.723816735789,0
57.032254874633615,2451.1860913190567,2450.6948113595317,0
58.46270745060355,2451.3223321494365,2450.658151337576,1
50.04932631536904,2451.348984864194,2450.6016008968627,1
41.22980618856331,2451.4110462704157,2450.5477517323484,1
42.27826826468902,2451.483745664059,2450.4960821648096,1
42.19876901448071,2451.5041775857803,2450.443343548013,1
51.26514692042736,2451.592564160924,2450.404507552853,1
34.65706670545019,2451.6593759089537,2450.3694915934543,0
35.61574931457618,2451.708481620289,2450.345594563876,1
42.91698505135872,2451.715861815803,2450.325492912286,0
47.837886959932895,2451.7081269543246,2450.322280753707,1
58.0437875474996,2451.713495427152,2450.3412211027085,1
46.80951274918653,2451.6692993162515,2450.336290350496,1
50.76765721335304,2451.5786085593545,2450.3802203926857,1
52.01700137634932,2451.4757257897368,2450.442213000513,1
54.74460336846812,2451.4181141850595,2450.5006979492446,1
64.97312617386442,2451.433214116556,2450.573222989903,1
60.302075156969444,2451.4962181521364,2450.6151274634935,1
57.01972495936047,2451.536777672591,2450.6731485088703,1
65.5911875846541,2451.6045308073626,2450.75402450971,0
52.00987982073759,2451.643463882703,2450.8106319950452,1
65.28862523405306,2451.7681124977553,2450.92001440846,0
60.173255519092855,2451.909784669768,2451.000970666837,0
51.26633660003696,2451.9989590049217,2451.054883783778,1
52.14730804364654,2452.0741658880806,2451.136662438437,1
60.4949853256834,2452.2591132724997,2451.2543785340645,0
58.45817341358987,2452.300003912712,2451.335343866942,1
53.5255044980965,2452.368738177254,2451.423493855101,0
55.8544066662447,2452.445183978326,2451.5429419220236,0
54.13130218385193,2452.489043088951,2451.6584730476516,0
53.07388539472067,2452.5512706463815,2451.7447350327952,0
52.69899923642192,2452.5923159532817,2451.825700234211,0
51.081814174666654,2452.6665270323624,2451.871962027191,0
44.969298995610856,2452.680507545728,2451.9278856789642,0
44.92147476171793,2452.656088263644,2451.962282391172,0
32.818470385907546,2452.6083869085055,2451.983619760462,0
34.04958339541264,2452.518226922105,2451.9988718237087,1
36.79971834751969,2452.4343970679797,2452.0113669343746,0
38.125380682326124,2452.37128861453,2452.017372107301,1
14.12242158275518,2452.181974487322,2451.963983446492,1
17.56344153845943,2452.028184662609,2451.9021199532344,1
38.87764197087484,2451.88197226553,2451.8855910830516,0
31.514957551988076,2451.7221103924085,2451.8547204828033,0
39.35112537199809,2451.6608492374125,2451.804102568168,0
37.48101283202796,2451.5964819664255,2451.7522006376066,0
37.891852680907974,2451.41966245251,2451.70016200128,0
35.457023675069436,2451.2664559096365,2451.645314185065,1
36.73065879044073,2451.124477274114,2451.6219156978004,1
48.30137552106823,2451.0215839221337,2451.615954215847,0
46.90044609114535,2450.9017761260043,2451.593291083685,0
48.14800332304071,2450.7634530060855,2451.575679707607,1
54.342444394118566,2450.6942660434606,2451.5744737918208,1
54.41908707107737,2450.6627027863274,2451.597449196044,0
55.55657132645987,2450.5741854038915,2451.593141332355,0
57.013435830228104,2450.534819033606,2451.582711738991,0
53.852122198037335,2450.5577295158046,2451.6050405324713,0
59.56000170861247,2450.594712162291,2451.599731024255,0
40.60123772173032,2450.540837039005,2451.5639513863953,0
42.29637402202889,2450.4896702588785,2451.529847562737,0
43.8126355253914,2450.5033916008983,2451.47899536053,0
41.92351666267836,2450.4531127704963,2451.4001142797033,0
36.03446624459944,2450.242971465868,2451.2973814985376,0
33.65422023273844,2450.115278834424,2451.233112290072,0
32.779050556512914,2449.9068708732966,2451.1354074937453,0
30.847012302473033,2449.659976812104,2451.025901046554,0
25.40802664550135,2449.4357755208284,2450.907226535588,0
22.27776082506979,2449.238631776002,2450.7674812488435,0
25.880870060893173,2449.0399026976747,2450.639389516016,0
24.831403523084873,2448.774928933938,2450.5112147203854,0
12.53852443497955,2448.477523792805,2450.3424882778622,1
12.048911085063509,2448.1629091967193,2450.1834578332137,1
19.358358498868483,2447.8255898994785,2449.9974647525096,1
16.418852455353615,2447.476312492193,2449.824060325014,1
16.622719182222028,2447.1866484168004,2449.668217097106,1
36.84379301348439,2446.9705242224213,2449.541255072727,1
49.488942762584145,2446.723152132631,2449.3906560765236,1
48.753179102346216,2446.511355340892,2449.2842715955276,1
52.268824581155506,2446.4025793900205,2449.177487871502,1
60.35287260146493,2446.287080647099,2449.066606230246,1
57.197023170309414,2446.1622761621793,2448.9482885898215,1
66.30904180103107,2446.1417374444363,2448.836300998925,1
64.92174903318303,2446.183951054132,2448.734035538878,1
67.63479436103543,2446.1960554880534,2448.6449236723483,1
80.54968992285825,2446.2438796838846,2448.560756349008,1
86.96150701884079,2446.327277059689,2448.4943765649714,1
90.70599362836133,2446.529627500617,2448.4757227724326,0
84.17213122148362,2446.731081290378,2448.4526229961525,0
79.1276909704389,2446.9015046738214,2448.4262325583522,0
76.13264918362987,2447.107800728315,2448.4058195658995,0
68.77386510783131,2447.338289846049,2448.405014421353,0
62.91763314782629,2447.5775706212717,2448.4032122166786,1
56.40183943732207,2447.755684825508,2448.346949776501,0
57.69375161280415,2447.951784624911,2448.3159300180146,0
62.69834347209576,2448.1713324133884,2448.272410367497,0
57.13791053348582,2448.3007771498224,2448.222973146085,0
61.07905239596466,2448.4295730527792,2448.1946203166317,0
49.985136193512744,2448.449946304595,2448.1576677535104,0
46.232715565890686,2448.448684156661,2448.1071706245207,0
45.63325662794613,2448.431817033665,2448.030699474859,0
24.186411360117148,2448.385302610374,2447.941699183569,0
21.81244476393809,2448.237737674965,2447.826014866477,1
22.5652964424432,2448.082272897119,2447.6892382803408,1
22.564739409159245,2447.9456738127974,2447.558112082936,1
32.50074243332149,2447.853934612047,2447.47265603227,1
31.783785736910815,2447.7410305712247,2447.3768611800188,1
39.3015846981704,2447.539927641221,2447.268602022599,0
40.074131684871595,2447.3909511638403,2447.171118596772,0
43.61034280879764,2447.3177474746385,2447.136996732606,0
43.484623143685724,2447.202772274351,2447.0910603720886,0
34.51590312316675,2447.039663814219,2447.019523306681,0
40.52575036725963,2446.8910190426373,2446.978374725535,0
39.4665113183018,2446.745278959551,2446.9478727739743,0
37.68998018617493,2446.550936355327,2446.890193026376,0
40.563336841962986,2446.324374695561,2446.8394118964025,1
46.272761005439946,2446.096863612938,2446.797727866419,1
48.491393382749436,2445.846422233452,2446.7588790016807,1
48.53912681892024,2445.6984321071714,2446.7415878859783,1
39.16703723637433,2445.5640066936207,2446.716812222899,1
44.34251050228692,2445.4522083477827,2446.7016112403967,1
39.39054587448813,2445.3878939422184,2446.7058472433346,1
41.554464987343415,2445.4309478339856,2446.7332303213834,0
30.78842734452185,2445.47877389031,2446.7505118766735,0
31.969376646694883,2445.495682076121,2446.7658599165075,0
40.03019710657034,2445.4463299083554,2446.7765286288923,0
38.165434371610246,2445.4123793143194,2446.753603216778,0
39.760731300047766,2445.3177605616447,2446.706445394205,0
38.644876849231856,2445.1623762360014,2446.631526954816,1
48.287372702254515,2444.989278198796,2446.571676256116,1
43.069499143853854,2444.7868597354773,2446.4909720074397,1
39.98350309304223,2444.643616568378,2446.412059469161,0
42.52318867488568,2444.538179678633,2446.3369516192133,0
42.61002558175252,2444.459186506726,2446.257966955012,0
45.79808776620267,2444.4422831573293,2446.1886840940865,0
42.46878241850914,2444.4137867448653,2446.1073747207947,0
30.86775437979145,2444.356800893402,2446.009537399904,0
26.480328427597257,2444.230359637066,2445.8391718562607,1
35.341461841835354,2444.128301090845,2445.700475806165,1
33.07508610529108,2443.995477120689,2445.5544012016458,1
37.5137872115328,2443.8767127138735,2445.4091760346205,0
36.87396012480501,2443.7173577855892,2445.2574744191506,1
45.68897883552756,2443.573278438188,2445.1315134481497,1
51.02797923441602,2443.525014073815,2445.0582435759966,0
48.9972476405728,2443.4124455740853,2444.950124296178,1
46.64171777179306,2443.27146283491,2444.8165807975006,1
45.817684900039886,2443.1678953118844,2444.700450481603,1
48.59207393178021,2443.116189030927,2444.5810917854637,1
48.42339144918038,2443.1308635156065,2444.503893839221,1
48.47646577121642,2443.0915571628584,2444.428825458595,0
57.65352658430893,2443.1750802438783,2444.3882772915254,0
64.01708059951363,2443.276090027154,2444.3683744358727,0
55.75079991060577,2443.2878075959047,2444.3569795875896,0
59.206975601880146,2443.3035072564544,2444.3464606987463,0
52.2913340871471,2443.2379146230073,2444.3055804181704,1
60.668408707601536,2443.259601472731,2444.2696414650686,0
54.39505982232361,2443.2969216161973,2444.2318938178933,0
48.349157050427436,2443.4177341332493,2444.190294453072,0
53.36701058703019,2443.4672107617307,2444.1309796453215,0
55.59437873198576,2443.5375467450876,2444.0423209098253,0
44.245739677384734,2443.501585097588,2443.9287011639153,1
44.6264249234343,2443.5295483152795,2443.8534282195747,0
46.852628318497786,2443.556783426359,2443.7978192016385,0
45.65005222582977,2443.4591085251986,2443.7437754022553,0
31.797662066902888,2443.3670856618264,2443.6765840187777,0
35.24036242643683,2443.35058569753,2443.627065198288,0
34.16017308210263,2443.2373108047173,2443.556629358315,0
40.10097646847519,2443.152295512408,2443.503441097046,0
40.918655811556235,2443.0000275409893,2443.424532012748,0
31.109314551842658,2442.8265780818747,2443.3338540138966,0
33.843672863702935,2442.5835657531643,2443.240820253677,0
29.11436874847078,2442.2943058743854,2443.1309392087396,0
28.641411672964352,2442.0254400554286,2442.994776476167,0
31.641787608033198,2441.780859453781,2442.8672949241345,0
30.533399353362114,2441.487257034495,2442.70221040152,1
35.10822124836088,2441.1957137307045,2442.5693949940082,0
29.528111529589637,2440.9323292827244,2442.4398738052555,1
28.784876730776574,2440.5975268548586,2442.3022009703577,1
29.836648251868098,2440.240861538021,2442.1623737661293,1
30.739348030611836,2439.9484775687033,2442.0260006577887,1
37.52473153338894,2439.756545884041,2441.91657562334,1
38.2840818061889,2439.5961584415495,2441.8344449688434,1
38.91086434657645,2439.3564940351607,2441.7251449442497,1
43.70576526286045,2439.1653316855127,2441.6262334737703,1
44.482397338437046,2439.0530412169364,2441.52088724262,1
51.228455408782224,2438.936428806661,2441.436122023006,0
58.25097223791101,2438.930757295286,2441.3862119190685,0
54.01446993192713,2438.84761391024,2441.350342806316,0
65.34507725421017,2438.796079519402,2441.2916433841706,0
55.66950747722441,2438.764270848453,2441.2413715050025,0
55.18375985732053,2438.7204192057247,2441.178302850418,0
66.08353352822786,2438.74603044568,2441.142408272776,0
61.898245672017794,2438.733764708876,2441.058970984442,1
62.339201092280256,2438.751714557544,2440.957975117626,1
53.595225786224,2438.8212616147275,2440.8657368177765,1
45.20289246241654,2438.8128170892865,2440.785936695759,0
54.918761028665415,2438.852384635545,2440.7136695347194,0
55.05733353215633,2438.9567912110197,2440.638441842394,0
54.671433812198515,2439.1154687991957,2440.5562158795647,0
45.627731404605136,2439.1872554904303,2440.4642799888175,0
35.2914223152963,2439.193236626828,2440.32383817652,0
43.30242625020806,2439.1813967928015,2440.1965676751024,0
41.47221112399052,2439.1733009307477,2440.0793422781867,0
41.901895571034665,2439.1335452402764,2439.958248667299,1
46.73894130659261,2439.1152848833754,2439.8718353467675,0
39.77335225266813,2439.0272172846494,2439.7431683477735,0
47.227690460953575,2438.904827846302,2439.6293744111103,0
41.56235802502283,2438.812845257235,2439.50838725591,0
46.9315085113925,2438.7253220498433,2439.3948878994156,0
45.83193964291335,2438.6414674070006,2439.2829397697674,0
34.572154533989675,2438.536523031833,2439.192278024116,0
28.113333584577674,2438.360506778831,2439.0747916581963,0
29.227152876744157,2438.2699585468818,2438.9442410326515,0
30.94374636483424,2438.108309484493,2438.817655501344,0
42.41233566766486,2438.0309774919215,2438.731293549815,0
34.37949737504205,2437.9569581104743,2438.6284856609363,0
32.45936475531474,2437.790843032452,2438.5350824258135,0
33.48385750858509,2437.602095010424,2438.4183616416008,1
23.227150604170177,2437.3833315025004,2438.309537464169,1
36.7150537828357,2437.2521571728566,2438.23451162521,1
32.71766182032158,2437.1479862730766,2438.149606384485,1
31.205419687962888,2436.995116702182,2438.076892006221,1
41.663045590209514,2436.9222747413264,2438.0380761525457,1
47.18358394279329,2436.8895599482607,2438.001728865091,1
58.29423417715625,2436.884795345793,2438.030850671287,1
69.23294631579131,2436.9723890853033,2438.053838489613,1
62.26857793560427,2437.013726915963,2438.0619334644057,1
69.27239732679156,2437.0929464877527,2438.106555109068,1
70.71802316258692,2437.2332856202597,2438.191857532311,1
75.34299053711612,2437.4556747033344,2438.28581862362,1
83.30987953534792,2437.740781833011,2438.3859724037043,0
85.91615599736225,2438.1077244490352,2438.4794180611907,0
86.59520732874199,2438.443254022271,2438.5789450274956,0
80.2301967493985,2438.7720142797943,2438.660328539056,1
80.32993043488517,2439.0479360597137,2438.729251486926,0
72.83842980710466,2439.26624848124,2438.7604135307683,1
72.71243075163079,2439.580610734961,2438.7950238016833,1
70.35089888554732,2439.89315382559,2438.8365776077403,0
69.57680840612228,2440.273784433347,2438.900619429747,0
60.84330295831163,2440.5647909215463,2438.954719654447,1
67.53924852657661,2440.913862414156,2439.0269836678576,1
62.82186848538419,2441.254187095686,2439.0801546662237,1
52.760968923659775,2441.4866751326645,2439.139240322061,1
53.08494602305205,2441.763917198871,2439.2066099216217,1
53.48819711917848,2442.018943491211,2439.3099234218803,1
50.80783896194318,2442.232079680195,2439.4215435259766,0
52.13493725779451,2442.4820598881197,2439.513803565436,1
57.33230165352701,2442.7100224626206,2439.607847609708,1
59.65110218364338,2442.8847580485553,2439.6995732320556,1
64.20962778005247,2442.966490071031,2439.7975124558598,1
57.10373181187052,2442.9922161633713,2439.9055642183216,1
65.34807176139745,2443.0576700491974,2440.0299273637493,1
68.88064629203797,2443.2421166464756,2440.2064713137866,1
78.49835231334333,2443.5225652673366,2440.4159365498804,0
77.51915056440764,2443.8362315385602,2440.6176301489995,0
78.44794683583585,2444.202979408533,2440.8307183803217,1
81.46814840903843,2444.484088030133,2441.026727875216,1
73.81388883032587,2444.747237073693,2441.2103343343238,1
67.56715672046434,2444.9366021817423,2441.3851314825065,1
72.3617443582274,2445.2612738345374,2441.6026422254627,1
75.65124570684904,2445.6148917823484,2441.8583311680636,0
76.1427222402153,2446.0181560920837,2442.1432143915245,0
71.2700456445245,2446.4343706510945,2442.4050051637464,0
76.38206199447194,2446.821222725088,2442.6917752178597,0
77.2156861976038,2447.154237651167,2442.9592274855786,0
64.10168756022793,2447.392660502893,2443.195824482944,0
57.85140472641751,2447.6412098647093,2443.453950298339,0
49.02320284114604,2447.83850230414,2443.7024105271944,0
44.21453526254104,2447.99568746329,2443.944515616371,0
44.50664387614353,2448.1745473408637,2444.166468523063,0
45.53957821509387,2448.3499563903124,2444.3863522652155,0
48.140371811162844,2448.4455664537145,2444.6101072643623,0
50.06959525989332,2448.4309970254103,2444.8099602274206,0
32.52614787050288,2448.278888493184,2444.9716679678495,0
30.80159628989267,2448.168462122906,2445.131096859845,0
23.631752253298828,2448.0322106450185,2445.254647004208,1
23.648752962816914,2447.8897906674815,2445.3771533758227,1
16.651073038865803,2447.76351985629,2445.4785636817383,1
16.853358449902558,2447.655046357551,2445.553835777423,1
32.56551160589903,2447.5188854898283,2445.62792654006,1
32.44645449844984,2447.3212502683323,2445.6905185421924,0
39.18198977100001,2447.1164225306043,2445.746693624152,0
44.43629788795387,2446.9610007674355,2445.812103861812,0
47.04808902467198,2446.7791152304976,2445.894615598141,1
51.477413880374904,2446.6191635548244,2445.9877184836223,1
42.50687817603486,2446.468022890994,2446.0765342468453,1
41.86290415594305,2446.2954014622737,2446.1398665892643,1
55.98069844329763,2446.2029469996096,2446.2263277968027,1
64.3293965453509,2446.300507914542,2446.355205008849,0
63.23541159167693,2446.359912791915,2446.4845172712103,1
69.31621309789745,2446.456173786619,2446.6032768142013,0
67.99317227889563,2446.5309631909718,2446.7208177024763,0
72.9716774256757,2446.6909518934817,2446.8916709317473,0
63.46454952336308,2446.8718216492734,2447.0148297480105,0
64.33662707750767,2447.0168778651223,2447.1302706094093,0
57.29898255394537,2447.144980705909,2447.2198074144935,1
55.399212203238164,2447.2984368153784,2447.3037041467264,1
54.614691698831614,2447.46366252169,2447.380019705366,1
56.72529391871181,2447.676009289166,2447.4703362736673,1
59.859186586074095,2447.786910190922,2447.5560945880165,1
62.474868794915515,2447.9135694765496,2447.659059867464,1
59.566991713448026,2448.0183212517486,2447.7309541051723,1
46.184265926787276,2448.1230033148954,2447.76445852918,1
56.07229298792474,2448.2567602233294,2447.7882935805387,1
48.337320966378776,2448.326825683921,2447.7839561417663,1
54.156563250803636,2448.5066243091396,2447.797992207088,1
42.237898644761515,2448.67366347963,2447.815696769063,1
54.046155197033144,2448.8380471438954,2447.862651824884,1
52.699990145396455,2448.8581198731104,2447.923812085396,1
59.942396090952045,2448.9179838243663,2447.9472012671417,0
58.13168894918305,2448.9373235384455,2447.93224951664,1
61.86190517087235,2449.0124369154137,2447.9185300318086,0
62.59376839276718,2449.0560822836455,2447.9403555847675,0
66.20968865492071,2449.132564900675,2447.9393666182455,0
56.36017049541384,2449.13872967546,2447.9240674191265,0
59.149462176829154,2449.2289513359433,2447.9543237477137,0
50.90440070358111,2449.2739744254673,2447.95680997103,0
41.516271590407094,2449.268149550718,2447.9518786039976,0
42.28520165473028,2449.1770289976785,2447.9428728874227,0
36.67749025423719,2449.1123770983636,2447.931226491016,0
34.37840549581969,2448.9677366015258,2447.9061719519495,0
23.789346922400995,2448.7447929993773,2447.8506447234377,0
20.008134872990865,2448.4655198940045,2447.7782676766174,1
23.889881170305046,2448.1736124579065,2447.7461831664273,1
22.804535319972658,2447.882145526644,2447.6694295032617,1
17.892430161476398,2447.5446440093374,2447.602965552816,1
21.595774411654503,2447.307766624649,2447.5828871519298,1
22.30537243180136,2447.02508733656,2447.567278816992,1
26.030151274111518,2446.742726982679,2447.5588843354476,1
20.67273208100322,2446.4309061633285,2447.512009536542,1
34.20398937544485,2446.2292253768896,2447.4954395600626,1
36.053613000966344,2445.9729610111112,2447.461145424011,1
38.31643586848806,2445.6571343905357,2447.4188090340076,1
45.159017008652306,2445.415304178713,2447.3938421975313,0
49.156098052265705,2445.211524859727,2447.361011941088,1
57.918967147314426,2444.981892650331,2447.3598716514484,0
62.71981902396869,2444.798934145784,2447.3582230444335,0
58.57285804198256,2444.6572028436185,2447.3335809416008,0
68.5190332521537,2444.572799632907,2447.2517895747687,0
72.924300311134,2444.5271321690852,2447.1981142418845,0
60.37893490295972,2444.509188043584,2447.127377654735,0
55.37905817738719,2444.538152696211,2447.0535205255337,0
49.88630918396278,2444.588169673058,2446.937154788448,0
47.46511678025047,2444.556437511474,2446.820029511308,0
25.986165350848225,2444.511949902434,2446.6674583181866,0
30.1978400667234,2444.492959766402,2446.5421571770125,0
38.006286135360696,2444.4336455240013,2446.436970635378,0
34.87368762556213,2444.411140058528,2446.3462698317267,0
27.915091086869523,2444.2796537025397,2446.200342100797,0
26.998030205437104,2444.1762063438005,2446.067727997693,0
25.15905834588952,2443.9421363126885,2445.9068662945183,0
26.64244130201311,2443.7354675586557,2445.7480039467746,0
23.4393470009187,2443.521210051248,2445.5780917285488,0
23.687978265846056,2443.277946672972,2445.402316777388,0
24.98757639628724,2443.041186540874,2445.246756283869,0
22.729832741089666,2442.726670781672,2445.047890240461,0
22.097327535299584,2442.38473912039,2444.8426533007378,0
24.836685579685536,2442.0540321588223,2444.6199749475722,0
29.47914449166882,2441.712109533992,2444.393385439121,0
23.845864792598604,2441.2918421092845,2444.1476575558518,0
14.584538475709223,2440.8358462336846,2443.886786732831,0
8.175511802277427,2440.412743389833,2443.6136431153013,0
8.984989437971407,2439.957859297294,2443.2978655939073,0
7.853506704879607,2439.4922801882626,2442.963915626343,0
8.338071840054823,2439.072512669067,2442.640971515629,0
6.768954817654048,2438.6213206203283,2442.2991048907666,0
6.496737714336277,2438.0974487203694,2441.9663603533395,0
1.3155810304876212,2437.510585530416,2441.6432442236055,0
1.4358804581845277,2437.019555420317,2441.3373526698524,1
1.598482982261686,2436.509521397552,2441.026585717369,1
2.494716779705911,2436.0463989338778,2440.7383312274587,1
2.3412702142749,2435.562308231246,2440.4750100395213,1
3.103144232635316,2435.1016364755815,2440.2325383611796,1
12.608009597130007,2434.652416466285,2439.99383838074,1
23.24716022038038,2434.23753249442,2439.78891107098,1
32.75370343481899,2433.950017017195,2439.6100394436044,0
43.6627548251055,2433.7347108507574,2439.413430991181,0
54.51643919943514,2433.5287155809883,2439.2214262453435,0
54.59684104689671,2433.3017786285445,2439.017006097468,0
55.29813380364936,2433.1155583114964,2438.821518415119,0
55.30253041935983,2432.9556852903324,2438.5773706982077,0
60.7826573329562,2432.793743627308,2438.3419561617798,0
64.20969427923552,2432.7158441556735,2438.1213494999624,0
64.1645401055707,2432.675663156984,2437.8680592176515,0
63.533110356285604,2432.651799064453,2437.6170811975194,0
61.20185049508641,2432.6203783264273,2437.3544991612052,0
61.400802083116,2432.6324677807024,2437.099773807307,0
52.73469375420981,2432.6507313778884,2436.840655637314,0
42.5241366187139,2432.6388611232933,2436.563777266007,0
28.0152265248622,2432.628598717049,2436.267172336554,0
24.450522064921287,2432.635641580891,2435.988912642382,1
21.370426319940933,2432.654033209965,2435.721362245023,0
21.38661275825038,2432.6485819636237,2435.4567032774057,0
25.832129743938935,2432.6184586747663,2435.2186468460563,0
27.818423134147622,2432.5381848233947,2434.999405039364,0
39.150352799064606,2432.451443268928,2434.793432844615,0
28.29758652108484,2432.292221192438,2434.556861258556,0
30.51178383967526,2432.115977954173,2434.3033614036017,0
25.455347856237793,2431.9008813725477,2434.065497165471,1
26.517336615740916,2431.687420252159,2433.8260039784627,1
20.137019810028917,2431.4418848041196,2433.57727009478,1
27.506625334299628,2431.2260208453404,2433.3381774764534,0
35.40067291794152,2431.012921538093,2433.1180340947003,1
43.08872055370635,2430.8602157419095,2432.900966845227,1
40.16820083096805,2430.71015355928,2432.684668004882,1
37.03154889352799,2430.5519910496105,2432.484627268381,1
35.70732727098351,2430.3534407414527,2432.2872544557317,1
42.69761867362914,2430.2380726508613,2432.1142718341293,1
50.57486136470312,2430.209712067274,2431.96281827932,1
46.32888431854986,2430.2134523577615,2431.8358164359447,1
48.21957760212972,2430.1764341359326,2431.7251478032813,1
54.65660551263232,2430.198030827224,2431.6354772199793,1
57.97466933519434,2430.208984261261,2431.5571532629924,1
60.541419569292266,2430.2186354835194,2431.509188964159,1
74.31725106545672,2430.2989456466926,2431.489978230414,0
67.14858437590306,2430.3007415541315,2431.465201218136,0
67.3292167300753,2430.374661051144,2431.4677461908655,0
66.55633802600015,2430.4768818405028,2431.489879927636,0
66.2339662112606,2430.6337125770388,2431.5111600281593,0
65.56639865108419,2430.7646809452854,2431.528067797555,0
66.01107129009334,2430.9338571430358,2431.5322533784433,1
61.773127328589894,2431.084758722798,2431.5471576730747,0
47.40410602782053,2431.1480666800844,2431.5366061765017,1
47.44740641203625,2431.185237584784,2431.514095292626,1
52.75215755348098,2431.242895629637,2431.486813258969,1
50.86294239491287,2431.375157297592,2431.45468338054,1
47.38466664122516,2431.48349830785,2431.386769438569,1
52.412296660786055,2431.583282327785,2431.336098532848,1
53.80626719744549,2431.693453803336,2431.319488349236,0
59.46672022990982,2431.815129135317,2431.315644765473,0
51.18050904979692,2431.9159078854045,2431.30923684131,1
47.44988412798198,2431.9488173270497,2431.2975066998765,1
47.41601699946437,2432.007603005345,2431.2738568028612,1
53.20233072396313,2432.068053255666,2431.266145003632,1
57.20092402792948,2432.075304475877,2431.259380394984,0
57.16505873592215,2432.1272558417904,2431.2679522242815,0
66.0692542534049,2432.1424083939846,2431.2717224361786,1
66.59390897397516,2432.1473427981255,2431.288524495731,1
60.93216105606913,2432.1354369271094,2431.3097903496855,1
53.509841443149256,2432.149740931379,2431.3365246832877,1
59.672949979514286,2432.1699815192337,2431.3459893537806,1
62.80405692308051,2432.2553344455546,2431.3876781673102,1
61.657543630113025,2432.4561768751178,2431.4596441410995,1
62.38459188033873,2432.6740013179206,2431.536312349888,1
76.8161011838903,2432.923196081252,2431.640817762112,0
82.01289287183224,2433.16492049123,2431.7400742694604,0
82.85122506355694,2433.469830030567,2431.8578129738207,0
69.62362553290181,2433.661866824377,2431.9544540809297,0
67.73553554978645,2433.775602521614,2432.069376808863,0
64.58257668985031,2433.8595306404627,2432.1844889207946,0
58.52742474845413,2433.939657695644,2432.30834599792,0
50.58659125812038,2433.9734626313757,2432.3964834142907,1
54.43797090604258,2434.028880230775,2432.480240279934,0
57.1243778823712,2434.0864594627196,2432.556642491956,0
54.51537149470395,2434.0964635533555,2432.613904392614,0
43.65773059243865,2434.065385898019,2432.6733101636446,1
42.17145782956909,2434.0843870039016,2432.764100941158,0
36.3116035880766,2434.057675965463,2432.816365821572,0
29.402265753407036,2434.0562178200285,2432.848392650788,0
23.22786490771088,2434.0606960112905,2432.8754221446993,1
25.637320521376594,2434.1084697482142,2432.918803598693,0
27.352293305438693,2434.0453087976516,2432.926589355481,1
28.790417876999612,2433.927195154743,2432.9469284984925,1
31.101983167531216,2433.7936186473285,2432.9663056154113,1
37.13672654908161,2433.616237012272,2432.967734308344,1
45.6576264272783,2433.410079877975,2432.983809598998,1
44.493250724101536,2433.210456270121,2432.992131061412,1
56.29844534899683,2433.15872632919,2433.0271918764042,1
73.76085917375337,2433.2199348561344,2433.1038657205013,0
74.54237990057264,2433.2689762531286,2433.186207043932,0
56.512234837970446,2433.2706109378323,2433.2430475158385,1
63.41217443514631,2433.3555119255493,2433.304784695391,1
63.46377633127731,2433.4281542377994,2433.3922753030197,1
67.7593920564029,2433.530258051522,2433.4946506786514,1
67.14419574570928,2433.690453180436,2433.5929274129335,1
72.64012685006334,2433.8828276071886,2433.6763782874827,1
75.03895783087145,2434.0739094068495,2433.800265380758,0
77.15958151950478,2434.350850290589,2433.923393006693,0
69.20170049363301,2434.5654968158183,2433.997209855781,0
65.23021369484084,2434.7550702255458,2434.0513985807906,1
63.9380465569123,2434.920165378059,2434.120506595755,1
57.90366229016123,2435.123442341635,2434.1964393613157,1
46.02049809792535,2435.3140766379756,2434.2695179515445,1
51.3221500357513,2435.515330318337,2434.3452164404794,1
70.68800773493791,2435.747220958022,2434.4365009012017,1
74.06826402461432,2436.044857031817,2434.550850075009,1
75.06974292301234,2436.3518652537396,2434.6759138053135,0
65.9885181069082,2436.5371093152417,2434.783098483251,1
64.01170296737013,2436.614006416665,2434.895293516324,1
63.30702955211386,2436.7134580740694,2435.011693901008,1
60.86337817454055,2436.926225060287,2435.14554493226,1
56.73245861648221,2437.1306989558134,2435.2549304994945,1
75.31599316961109,2437.409738618988,2435.373700000568,1
78.40718879299615,2437.6278760823852,2435.4762005844373,1
80.26446165874964,2437.8500081311445,2435.5636522328905,1
84.24480853923329,2438.163984478232,2435.676003882284,0
81.62383802750513,2438.409396285609,2435.776091882775,0
81.15198655660295,2438.609862817296,2435.9025914038607,0
72.6339902897563,2438.8279965312895,2436.0181674596506,0
67.94030963340798,2439.0820779687538,2436.140417512107,1
60.61261819125214,2439.309174438663,2436.2683132929624,1
69.93804695973206,2439.574205439756,2436.4367364846676,1
71.41737772436748,2439.854168523344,2436.5996332685722,0
65.7413021446531,2440.079347429418,2436.742371627159,1
66.74297841722787,2440.2983048518313,2436.917237420592,1
66.10906588379117,2440.4555405273704,2437.106911926749,1
62.32920417395404,2440.6277324330476,2437.293251976972,0
58.26667921651776,2440.7881111807455,2437.4752725693634,0
58.203447320849556,2440.969137953941,2437.6604615698884,1
50.8018506868632,2441.1841124845723,2437.8610604903206,1
51.73947969537215,2441.361566305995,2438.0467835553723,1
44.43879486639693,2441.473133297002,2438.2260602992346,1
48.909420722716206,2441.5010201221494,2438.4032299875307,1
54.69242149997654,2441.5964920844585,2438.597349959289,0
63.640012723881114,2441.721611238642,2438.8058019234386,0
57.00923050406412,2441.7354047995254,2439.0061338509045,0
49.77567342387932,2441.72128321883,2439.1804226622585,0
52.16967434065768,2441.684108501474,2439.3127442727746,1
45.776474786775864,2441.665989898134,2439.3965894764506,1
47.17032483840891,2441.66244569014,2439.497805286912,1
41.368932651930365,2441.6859101079563,2439.6344329610124,0
43.154800970942844,2441.6373719211633,2439.7494804829134,0
47.389827484527906,2441.6271115026993,2439.8792161745323,0
43.78562455456076,2441.659884009333,2439.9942220102835,0
48.43551336219592,2441.6764504341636,2440.1116363220826,0
46.112679325799924,2441.616830800074,2440.2005132039035,0
37.03191775681841,2441.422127820068,2440.232539342259,0
26.424218684797992,2441.2158295139216,2440.221264258697,0
18.232801135398645,2440.975556494261,2440.2244854412656,1
22.884166768961833,2440.7274040475195,2440.24999401911,0
21.000931193757793,2440.4024968255712,2440.239716134377,1
30.613826575505314,2440.1916637952763,2440.253348880691,1
32.51978835022091,2439.989317705867,2440.273326414687,1
36.72968472146104,2439.792258804425,2440.3081213537243,1
34.87054024158135,2439.514723886458,2440.3128030948133,1
38.76279655230355,2439.2744805032485,2440.2979832394767,1
34.35583913766661,2439.0889683746927,2440.2752639106398,1
37.352121833645214,2438.953410887473,2440.279264901667,1
34.891744754079454,2438.8272408515786,2440.281883250416,0
41.690558570730374,2438.7021415527124,2440.293278678369,0
55.397487179169715,2438.6253301267134,2440.3140749875824,1
59.26083299013816,2438.552602217428,2440.318241787559,0
62.73496286954808,2438.4453935547513,2440.2934781488375,0
51.405209981246934,2438.2570533678886,2440.245892924485,1
65.83566276007173,2438.079396675679,2440.2033917398962,1
66.95216223491155,2438.048925902573,2440.15448977364,0
59.62784460981208,2438.065648282385,2440.0950401409696,1
54.07746666479307,2438.136217243038,2440.0318060289937,1
62.20436029371593,2438.2612271927514,2439.9977777058502,0
60.48712253526791,2438.3644396006994,2439.962938671889,0
60.78843730483885,2438.5679458655236,2439.943224705121,0
55.23392345870108,2438.692098070111,2439.900505932833,0
54.18614906929208,2438.7923015435044,2439.8485796227515,1
51.51076444197078,2438.834625451037,2439.8102325623718,0
45.66631943402364,2438.9140550187535,2439.7591031615816,0
43.07063613644638,2438.9260725386403,2439.6861960439846,0
41.25322775223969,2438.9320413418905,2439.596987474177,0
60.50118162842524,2438.9680440501666,2439.5512380494356,0
54.29003032238785,2438.9966330614034,2439.492881293401,0
34.307419075331765,2438.956803264965,2439.402354990526,0
39.871272168821434,2438.866829013056,2439.316180070407,0
36.496388346722924,2438.7743173004174,2439.2387153889254,0
23.10153019378832,2438.618582145467,2439.1405029581647,0
24.14660079671495,2438.5439282184743,2439.024867378091,0
20.644686235854707,2438.4127628892334,2438.8798524001327,0
20.090566122812618,2438.17842249158,2438.7316968504615,0
22.56451644791275,2437.9999966310515,2438.606525505858,0
19.260691327920753,2437.7638990371256,2438.4637222432543,0
16.07319146049568,2437.422919405153,2438.300549508658,0
22.875696884740336,2437.1075179620225,2438.1409675806412,0
19.577331569632705,2436.708279192803,2437.95217233906,0
7.806746792644091,2436.285613293432,2437.7598024817403,1
7.021243600791465,2435.8080799027694,2437.520966982779,1
7.427824360991238,2435.3145688195755,2437.272106486469,1
10.50390498807161,2434.8365132294025,2437.0231282796776,1
11.892551070902414,2434.410208807642,2436.803547247012,1
28.43819131554602,2434.082220200897,2436.661024426509,1
33.0687524892832,2433.734966861316,2436.5588929883934,1
32.57747662269624,2433.3672325594716,2436.4495517194855,1
31.369866182825163,2433.0011062567496,2436.3118358742176,1
41.10858464385696,2432.7493041143857,2436.254902985933,1
48.27664734574874,2432.568589364737,2436.189485616709,0
55.27472940925557,2432.464983072391,2436.130769104774,0
53.58482499037371,2432.3588041140647,2436.0514855019474,0
61.81309430303476,2432.2919772999235,2435.990753765519,0
59.67664911001906,2432.190856121437,2435.898247097737,1
68.43965384617736,2432.089879414543,2435.8068899217983,1
71.26653955900053,2432.053078947362,2435.70358946721,1
65.38236787619296,2432.0497757124667,2435.5895634530134,1
62.479051026019725,2431.9980965316486,2435.459349572216,1
59.866368326241215,2432.0842577505973,2435.3357433886135,0
55.470676378770314,2432.2044790805467,2435.2205532269877,0
66.7389382941964,2432.4795408440127,2435.1346258984836,0
64.01355264040522,2432.7044208886937,2435.0510534947907,0
52.25658541385498,2432.891293376019,2434.9478869598133,0
40.92501487044865,2433.011781203345,2434.788689367321,0
34.03245706954621,2432.9882171969375,2434.6300519923298,0
31.481690643441553,2432.8880483375915,2434.459625426215,0
31.701474522857225,2432.8377381773234,2434.2801561133138,0
37.22179517555018,2432.845983264091,2434.104453339575,0
34.37264309266202,2432.7187892204347,2433.9152403278977,0
28.76575889165116,2432.4599803142555,2433.6966385143674,1
37.479554069308264,2432.2367043387067,2433.508530222855,0
38.119133259088045,2431.9990037020284,2433.317236802344,0
28.661553167093317,2431.7057105958384,2433.107415996353,0
30.254712142254746,2431.4826976519107,2432.9208971430453,0
19.999932881716774,2431.261580947996,2432.7387057642404,0
22.5145459752962,2431.024707929583,2432.5262550189764,0
24.648031689825345,2430.8299417055196,2432.32288691066,0
25.56773879036909,2430.610515345983,2432.120834404623,1
34.26164628397642,2430.3608784444355,2431.933363161165,1
33.69685205309267,2430.0763738559094,2431.741375849185,1
29.770480856108378,2429.68479962907,2431.5611128919245,1
32.23076554870153,2429.388804652336,2431.3890040683355,1
41.28597825141157,2429.1618532416514,2431.2475231007807,1
58.44524635892751,2429.060223955739,2431.1414099529843,1
56.75370513006261,2429.0492034975205,2431.0497347389173,1
56.544711374712406,2429.0583483801765,2430.977405163435,1
54.32654627174592,2428.9932395549977,2430.9082841732516,1
58.64321685738486,2428.9736599063995,2430.8509101173254,1
62.318407389440175,2429.036079710143,2430.8463605348334,1
60.70275565292791,2429.160732450045,2430.8466861770125,1
62.83415364744394,2429.2631250365393,2430.8905482763635,1
66.68602451175732,2429.363661099918,2430.9368737144805,1
68.42969527722212,2429.568899845449,2431.000370642772,1
70.84035818595365,2429.7425467732414,2431.0538323292844,1
77.52208215173337,2429.987161945714,2431.1006824621672,1
77.72524882689659,2430.276128998691,2431.1427198739266,1
78.56281277104887,2430.6310566048296,2431.2284165288033,1
73.75985678324164,2431.013633513799,2431.325845307443,1
72.54129749805948,2431.382015093219,2431.386447552698,1
69.3483690824016,2431.7515001884954,2431.414540178688,1
78.85568340900969,2432.1789676400685,2431.4467067189958,1
78.06052791609757,2432.616444680309,2431.492060294833,1
79.6153650973294,2433.1016443186772,2431.571389908282,1
84.04621581778243,2433.542694566213,2431.6821453308944,1
83.82312792101749,2433.970476652309,2431.801973634024,0
83.00658771063443,2434.392388410698,2431.91312894877,1
81.7776951240784,2434.8975966667563,2432.0474125549677,0
82.61779403186242,2435.331407051043,2432.1842343250833,0
79.7462409138309,2435.715024026127,2432.2986670450455,0
78.58467585344347,2436.132500673807,2432.4178948143167,1
71.40599955020404,2436.4990375650405,2432.498346964774,1
75.36572617612084,2436.8813793718923,2432.60765710776,1
71.012077101693,2437.1886582966154,2432.71931661101,0
76.1182275625348,2437.501342562833,2432.8496568730798,1
76.77725897356757,2437.7779473636087,2433.016574528836,1
74.59710261237447,2438.030123888154,2433.199550094151,0
65.39339683358511,2438.2242812697996,2433.383033765794,1
48.51191753271616,2438.3786983514715,2433.5389313423952,1
46.06757956070351,2438.5338525822394,2433.71247289742,1
53.93601438479137,2438.7489949194996,2433.9301460207857,1
46.507417453855325,2438.9144441417675,2434.11780264022,1
62.75027158471683,2439.127332889773,2434.343391969931,0
48.14032635374978,2439.152771590482,2434.55021430614,1
51.08575051857512,2439.190303384734,2434.765187624024,1
55.84910764338945,2439.2273836030836,2434.988294696059,1
57.67452189802382,2439.3049603537734,2435.2252299184456,1
60.23245955922532,2439.367930437783,2435.4626080478724,1
64.10924152699204,2439.4681233430456,2435.727277523908,0
63.449384489269605,2439.598408837136,2435.993679202126,0
59.03675764939756,2439.692678201412,2436.264416552518,0
58.87117555473042,2439.813007585509,2436.54963014735,0
65.96771234834547,2439.923486492063,2436.821529843651,0
58.26555209856362,2440.0052264693973,2437.0566659021088,0
58.94767433791172,2440.130842490717,2437.277904287071,0
58.10340359922861,2440.1908175089893,2437.473220133423,0
42.25673762580483,2440.183861634597,2437.64975539592,1
50.24790878966634,2440.1414586828896,2437.8423214169507,1
41.70688887826548,2440.125391966017,2437.9996241662425,1
43.626786019284445,2440.1335260762394,2438.1514514438586,1
41.245962777636336,2440.1265709735244,2438.3164814301776,1
48.058509533275405,2440.190844725545,2438.4888905158223,1
42.293652638189585,2440.1450550412656,2438.65594954647,1
42.32652065851855,2440.22580124243,2438.812974864932,1
57.71613497007462,2440.3887576747557,2439.02367198463,1
57.905445452697656,2440.537443213568,2439.2084072032003,1
61.41138159034475,2440.6989313895933,2439.3943508748066,0
68.6519355063976,2440.8811117639625,2439.562630111526,0
59.87061280675786,2440.9843819523294,2439.71557689932,1
64.05307664996938,2441.0763578134124,2439.871416290203,0
72.60431972284812,2441.2096274306746,2440.04766744939,1
74.26297106470767,2441.320539327714,2440.2062588224085,1
73.74951502462723,2441.4034224434663,2440.336320948914,1
73.01652392743176,2441.5578156248407,2440.4391344245737,0
67.14587382700549,2441.644625857646,2440.518676803644,1
68.96746844034149,2441.8393563316254,2440.62077200515,1
72.77699441130801,2442.0985679159367,2440.732227198015,0
64.32335851395896,2442.330411644764,2440.8154474081534,1
52.130983348640285,2442.573651478381,2440.8965219371776,1
49.24854546633788,2442.7646267780997,2440.9712925446474,1
55.547872563824505,2443.045969418353,2441.081868927996,0
49.2438107873538,2443.236633190906,2441.1839287661687,0
54.89510773792219,2443.4493105221786,2441.283122006585,0
49.95751067247336,2443.6055079237804,2441.3797147157984,0
50.794768350235216,2443.6680907482137,2441.490371258782,0
49.665009966959396,2443.695556937413,2441.5754510327224,0
48.61312523673006,2443.642994905474,2441.639499281735,0
44.700901885077194,2443.5548803837746,2441.6948697571156,0
47.46874920982581,2443.5116731214384,2441.7687668073067,0
32.43873854380276,2443.421343392099,2441.8264126141466,0
29.855604148381985,2443.2972029955777,2441.866950679821,0
42.17031064750474,2443.2308403263073,2441.932817296224,0
43.03084098083968,2443.1870495034345,2441.9602075943785,0
39.48074184701001,2443.070134244449,2442.0060794861606,1
19.98698074894999,2442.9736304964968,2442.0320076483495,1
22.887285517084607,2442.7939543507355,2442.0474003042104,1
19.71955860892149,2442.5562606561725,2442.032747318975,1
33.97150752899918,2442.4325383619216,2442.041290577809,1
36.339186952890095,2442.364079097904,2442.054904239121,1
46.17931214027352,2442.3639521171626,2442.0775098566583,0
53.24403574054074,2442.283015195284,2442.1180037255444,0
45.04711260815251,2442.153713933272,2442.120211305274,1
52.259922827020375,2442.090474710456,2442.149917293942,1
51.23529472931499,2442.014205888046,2442.183306483258,1
50.349800961520266,2441.8866792564527,2442.192705965076,1
46.43831534984368,2441.786280967166,2442.2136364159933,1
52.72149311710274,2441.7865741383916,2442.2805842832527,1
60.53199290188661,2441.8368105781674,2442.3730105152267,1
64.93546557271397,2441.935274016483,2442.4927196274934,1
63.43176006849503,2442.044954147789,2442.590983842767,1
68.09368584838855,2442.163082392407,2442.6815552473736,1
64.81173273676453,2442.247660551829,2442.7555436267376,0
61.48382051552182,2442.3398254861704,2442.8381157723406,0
59.61815452653707,2442.5129282433045,2442.9209302865106,0
61.142382345129676,2442.73772034557,2442.9715927166753,0
76.08993380067402,2442.9839926743034,2443.026020088505,0
55.452645351962424,2443.1826773372286,2443.026245698029,0
60.62705441365096,2443.3214424163007,2443.017422838744,0
64.84284953583452,2443.421150161043,2443.0296115226065,0
64.88527975593382,2443.470372020111,2443.0351155393378,0
54.15423811872223,2443.4737357686176,2443.0236470607215,0
41.30626310399454,2443.5078559787135,2442.995137965673,1
38.38359666538574,2443.4990883793425,2442.9881836682925,1
38.19272853702134,2443.510611461651,2442.9644248179825,1
43.41883479396834,2443.576409733468,2442.9654195154053,1
38.30060623033376,2443.6091184244196,2442.9215412531103,1
46.84952346116092,2443.6433343471235,2442.8984908557277,1
47.39375268942559,2443.6754613781727,2442.9110304085902,1
44.69104927203672,2443.683210248756,2442.936543135643,1
40.468071645064455,2443.6949006649193,2442.963093397495,1
58.83462732635213,2443.7537917372383,2442.964684174928,1
60.102005520140835,2443.8145469754477,2442.9867091405545,1
61.94331096739072,2443.8900484148253,2443.014410929399,0
65.4122319144067,2443.9716917542924,2443.0674038187153,0
75.02119417179728,2444.0771918333558,2443.135233150732,0
75.55364258857362,2444.108941812193,2443.1913740384166,0
67.1452418443723,2444.1997148780065,2443.2489336870417,0
64.60553028154143,2444.254157980254,2443.297133877336,0
54.931688248232746,2444.2528582538253,2443.3260855755616,1
57.829573053464934,2444.242327562303,2443.3635092074196,1
54.618138695749984,2444.2859745145333,2443.4191556683036,1
49.83021450189251,2444.381756171381,2443.455504303703,1
45.66705865585344,2444.4376474233645,2443.4884228362644,1
52.18567991241168,2444.552849038343,2443.55751073554,1
48.83937254295266,2444.6506851897016,2443.636241392687,1
48.58884876476041,2444.789077234862,2443.719590406761,1
52.85381557699173,2444.9170022465987,2443.842787491898,1
47.350602847172134,2444.9999549870786,2443.9379970586533,1
50.45366124661707,2445.1534432061217,2444.0522887789307,1
54.53478277025457,2445.2975503615453,2444.1365326952478,1
68.13054719107637,2445.487479090037,2444.2464697328296,0
66.93570255279033,2445.6227164986435,2444.374310166703,1
78.58210336452213,2445.7691099358476,2444.4858650195556,0
74.31766906419877,2445.848087469917,2444.6009564514634,1
75.50844917835241,2445.9147862024897,2444.746475929147,0
72.55021811640619,2446.0124520781274,2444.881842482801,1
76.64371999059276,2446.1637681656844,2444.999811297959,1
69.68182282938807,2446.3202730024195,2445.090518847037,0
71.73961068598939,2446.574363830007,2445.181721500971,0
67.03136883164962,2446.804734548191,2445.26742136758,0
68.41824732485509,2447.0784372019557,2445.3852975921236,0
63.97943414595626,2447.3131567032397,2445.481702764267,0
51.394584464858106,2447.515415953455,2445.5586590231783,0
56.625559119164414,2447.7106789765085,2445.6366110288213,0
46.47260184146351,2447.8766539978233,2445.6918148535883,0
50.609837219833814,2448.028620207905,2445.7374414202013,1
46.68690514140818,2448.121527379638,2445.8183275088613,1
43.92880509152085,2448.1668598982383,2445.876164051428,1
37.50569378373556,2448.126704107368,2445.9345103574606,1
46.25375891795621,2448.1550575524516,2446.0104069081845,1
49.49826910420677,2448.143618549487,2446.1144228451776,1
53.35645062963138,2448.1804406643037,2446.2433440409386,0
54.06302824514637,2448.241054114727,2446.3826513137096,0
52.237710225072995,2448.284988108515,2446.510707110209,0
43.049440559897775,2448.271121284467,2446.624360549546,0
49.59076307875459,2448.292215962362,2446.755081497978,0
56.45010823688511,2448.2964591995596,2446.861061238933,0
49.597714455491115,2448.3168511833796,2446.9470747691194,0
46.121820345653795,2448.25172841096,2447.009128765852,0
37.234619744468354,2448.12958203342,2447.0412939149805,1
42.85935926624872,2447.972813719088,2447.0729063848635,1
49.74395507559467,2447.865614151965,2447.102129634874,1
54.206954735878625,2447.848319636704,2447.1419675119296,0
46.19464480572143,2447.7754736006327,2447.1581237673577,1
37.414283268993714,2447.6977821947794,2447.140050998158,1
35.95675358498892,2447.620642200129,2447.142121575376,1
34.20108978877225,2447.5905598375766,2447.1746654926897,0
37.49965599313255,2447.6037237171113,2447.215990346171,1
44.376227959386405,2447.6520387505843,2447.294182556164,1
37.48333426958035,2447.609504828035,2447.3572778144767,1
37.36346242187015,2447.5203875400266,2447.408188055375,1
38.05649368980369,2447.4191939757497,2447.4583191626866,1
50.792093496498566,2447.322565277508,2447.5366184553673,1
65.8895047611046,2447.2766224185752,2447.600216462302,1
69.56803004810179,2447.3135408335306,2447.689502807078,0
59.15192894933387,2447.2807196588587,2447.751738467577,1
55.624022250975194,2447.258311833436,2447.797585073668,1
59.342381343521,2447.2529528627992,2447.848273919408,1
67.20233048772509,2447.320423369359,2447.875920831147,0
61.36204931484274,2447.438613134007,2447.8977190239652,1
64.49902450963657,2447.5914660952326,2447.9145011869414,1
66.03672109831633,2447.7351087511875,2447.9470865358917,1
56.41672492171602,2447.7991887714966,2447.953999046189,1
62.422405224848475,2447.8801172298754,2447.970935671341,1
61.42070770349903,2447.977030342732,2447.9649486542544,1
70.59943536564276,2448.185010942613,2448.01114512117,1
70.16680915239237,2448.400821300531,2448.069486746628,0
69.76854865789181,2448.627876201276,2448.139031625714,0
63.82723488716878,2448.8183830272405,2448.1917902350574,0
76.11230974023142,2449.0871844479275,2448.270257774371,0
78.05745783051495,2449.402398240355,2448.3377724707343,0
60.807684305661645,2449.6039546017723,2448.3746383220996,1
60.874531177243114,2449.782175091623,2448.4433221106337,1
64.87798901691212,2449.953209147311,2448.4972285306226,1
53.121317956397085,2450.0019543493963,2448.5396229477074,1
56.216572874975554,2450.139815509064,2448.5962165880405,1
67.37215808581402,2450.3623274330985,2448.6939050950523,1
68.66956907232269,2450.5999352734384,2448.8215040694877,1
72.25308735187879,2450.856756523565,2448.967941797626,0
70.3977472671012,2451.218276934828,2449.1230067769156,0
64.19041881313058,2451.479209006486,2449.248737369741,0
56.734554628977435,2451.6653196626785,2449.3410381352414,0
58.80710525297573,2451.9211876619206,2449.4260524650667,0
55.46363903722355,2452.167792199322,2449.524057307664,0
48.12516631325645,2452.371956259543,2449.605282644285,0
58.14072659622666,2452.4616641166294,2449.678924382877,0
58.39909313382655,2452.538476124686,2449.7662935166786,0
57.68540292415729,2452.607342811924,2449.8552282771316,0
59.9602199010457,2452.64921306134,2449.95078409521,0
56.11142174762377,2452.6441007538456,2450.0760652625413,0
46.53864915809653,2452.5982549013256,2450.187948943629,0
36.393344647185074,2452.5916917550735,2450.265069363343,0
29.448842645076624,2452.5536978845053,2450.3254734097545,0
13.353290813069009,2452.4608117332923,2450.3713637836863,0
20.04089833118573,2452.446732373031,2450.439203019008,0
20.64118262817641,2452.335002744162,2450.4819608056537,0
23.39458778007686,2452.173933282932,2450.5272544731947,0
23.031776336916835,2451.9742253810605,2450.569704735068,0
25.028851437293866,2451.7087813132284,2450.5906388226836,0
27.480535463837583,2451.3829506656093,2450.6323851119455,0
19.778875723663873,2451.0556891262104,2450.6628580042143,0
22.291926353264287,2450.8138802747826,2450.698912654855,0
22.413712481881106,2450.5165124298355,2450.703631325998,0
21.692017099403344,2450.206779665853,2450.696120206575,0
24.688305555592734,2449.968228006739,2450.6671575135683,0
26.651897657223515,2449.687259915721,2450.6415404856216,0
23.950572305196076,2449.32661643768,2450.5936153583766,1
29.073722687208516,2448.981860846527,2450.5467914706223,1
23.984020560767334,2448.667502366503,2450.489615694067,1
30.310441298241216,2448.3688318786835,2450.448152760412,0
23.734493874631866,2448.0840460189456,2450.3849809131143,0
25.773691539676335,2447.878734471864,2450.3225196516137,0
34.25334453054765,2447.7034576278684,2450.2871809523035,0
32.3417738774251,2447.5858518542373,2450.2536576334314,0
27.679878963309164,2447.3615928865393,2450.193028036531,1
20.378014572331693,2447.1298602380775,2450.0599005238396,1
36.293532282765945,2446.9347378686434,2449.9408211004397,1
38.30936668974795,2446.755984976661,2449.8209482452216,1
41.48932214977463,2446.636960779017,2449.718069923394,1
44.85365152616558,2446.4923302412562,2449.594443429277,1
51.16617021248343,2446.380020477529,2449.4539068990844,1
47.14200949626968,2446.2384262974656,2449.3527013331322,1
58.876639764669676,2446.224753561648,2449.280662714008,0
59.18432918481822,2446.2434799032185,2449.2122285089376,1
55.27138972652239,2446.224597761795,2449.156214878528,1
48.10821874465236,2446.1851972611835,2449.0596931864698,1
53.00655305987136,2446.2753195903524,2448.958812221278,1
52.09596422610331,2446.3489817638156,2448.8464100667734,1
62.66292696684349,2446.453489096161,2448.728308723106,0
74.09338916012712,2446.5854886103257,2448.5950374306117,0
66.37424189384473,2446.6858693340846,2448.467645044154,1
68.3257748609201,2446.8108531467074,2448.380733045225,0
61.97517334022391,2446.8873477229004,2448.2736449766953,1
58.612949004366,2446.9203277931333,2448.154671870956,1
62.58464087742239,2447.0801786070533,2448.076316975535,0
64.039779979594,2447.3036172295674,2447.996681769015,0
57.52413519698973,2447.4706783982156,2447.9137020098515,0
58.138273902209924,2447.654173531937,2447.839680533227,0
63.38875154102591,2447.825176277992,2447.7884552100545,0
63.94054781835933,2447.9477457029034,2447.7159014089,0
52.53968031672871,2448.0492241103384,2447.634294582689,1
51.66533797636918,2448.155858097644,2447.5783678701605,1
43.58946880346702,2448.130595844775,2447.511421898116,1
41.01242330284603,2448.112364168933,2447.472849483194,1
49.84930497530216,2448.163002532414,2447.4427229422813,1
52.98963421167919,2448.3335098706466,2447.459096037064,1
54.32939732693069,2448.411499680561,2447.4538387803295,1
61.19474878737984,2448.5076992603836,2447.4597996185025,1
58.116356467223305,2448.591955415603,2447.4815783640556,1
61.81362053792277,2448.666821922978,2447.5085859335586,1
54.31853710429212,2448.7250762483677,2447.535399893017,1
60.02047381748282,2448.829255673472,2447.586883204701,1
61.01662728840965,2448.994661437421,2447.6649045797294,1
73.05057703330598,2449.2377902295984,2447.7670760964543,0
79.53431490426661,2449.482478836352,2447.88201730738,0
82.64612343520017,2449.7548604559893,2448.0237219851224,0
81.29759389217682,2449.96540902536,2448.1692190449235,0
79.64785437343495,2450.1539618457127,2448.3085209329015,0
66.8638761787479,2450.250955251862,2448.421836364198,1
64.12330955915027,2450.426813035766,2448.5390938717333,1
65.10745725587854,2450.619313894597,2448.64840173295,1
63.922579724436154,2450.823172864387,2448.756143227169,0
66.28464961960617,2451.108451026296,2448.8734192574866,0
61.797457818242464,2451.3582891527412,2448.9818244025955,0
65.3819417286246,2451.550566629733,2449.118312439559,0
58.45907708352241,2451.6899156523486,2449.283118202772,0
43.71740797530792,2451.769233175596,2449.387636903111,0
36.64117387921018,2451.8262295181157,2449.487897435085,0
20.709663657097252,2451.7659683239635,2449.533181382034,1
15.54815013199537,2451.6574360235672,2449.5746282464834,0
24.042754039892955,2451.6182366882304,2449.630686377297,0
27.53309036053774,2451.5241048044927,2449.7011546075114,1
30.551536012874394,2451.369119300962,2449.722650875455,1
27.74462402147158,2451.1776597524135,2449.7407480361326,1
25.272630296250938,2450.895062218903,2449.7502030902237,1
25.36790039254018,2450.591005511577,2449.786045285279,1
36.2365316731038,2450.445254152592,2449.8371928698193,1
46.374309957007405,2450.378893755684,2449.9204857296486,0
47.4870434576972,2450.3806803797793,2449.9927128776458,0
48.03748678338756,2450.372269870084,2450.053806375636,0
51.39207982580078,2450.331445294129,2450.1066321169674,1
49.250669060596046,2450.260170049197,2450.1358699881657,1
62.36936963739935,2450.155222131946,2450.1805690211054,1
62.72367388585965,2450.047558273612,2450.232716594787,1
62.893896084421804,2449.986145325423,2450.2806991269063,1
66.41029492906864,2449.986640872635,2450.356327659999,0
70.78563904726771,2450.0740409412133,2450.42898192031,0
70.9385478519323,2450.1761530442573,2450.4966892400125,0
67.43008627820777,2450.310465758795,2450.5272971743557,1
69.31617225966937,2450.4981037456205,2450.59477146357,0
54.21984541509425,2450.605787318248,2450.653311660461,1
43.26162816460305,2450.6788598634002,2450.710355313814,1
48.07700171340047,2450.8141082566663,2450.7960558402115,0
51.984309877742426,2450.988915047776,2450.8913683876694,0
54.39950725944989,2451.1880611204765,2450.960226525449,0
56.40626153006949,2451.370944307906,2451.0010190601834,0
51.37906894445129,2451.408641928986,2451.036049769189,0
48.41375628232928,2451.3245933474377,2451.0472433644704,0
41.621059641156414,2451.213048061405,2451.0411499359666,0
27.735032845693254,2451.030571808019,2450.9993063296524,0
29.883972615508767,2450.9146006704786,2450.982441885812,0
31.583744858258243,2450.846482041463,2450.9427605353617,0
39.92840564410486,2450.7862972109574,2450.8972233305194,0
32.49222138571285,2450.7089319210545,2450.8211732713694,0
32.34331291247929,2450.547597824817,2450.7067467222923,1
33.92293344318105,2450.325616872313,2450.5846302265286,1
27.97945172409095,2450.092895191016,2450.479976386572,1
19.351181643847553,2449.8502132283843,2450.3751897930806,1
19.736257937885654,2449.663183119982,2450.2921883216036,1
33.9925921138757,2449.5146796328763,2450.229918102414,1
39.22129466724276,2449.428963998304,2450.177171701944,1
54.80986817064265,2449.4387958645357,2450.156604513874,1
62.94096070127506,2449.461003296089,2450.137076748129,0
77.3568441063079,2449.5101512381107,2450.152113221817,0
69.01153702872818,2449.5349809705726,2450.1539922617844,0
69.52401781948772,2449.599894164071,2450.165010464872,0
65.56029528790376,2449.67550949294,2450.1985602961267,0
61.868957279039684,2449.732503503167,2450.209752958491,0
72.02820714226654,2449.874729459461,2450.2846543901655,0
70.30347206144067,2450.0697329154837,2450.3642250864186,0
64.9168497080774,2450.1952098030347,2450.4132311317335,0
63.71113293282966,2450.2883231918495,2450.4484478903046,0
61.544073821015786,2450.3271664443587,2450.480442187878,1
53.72890208990027,2450.376437940186,2450.500684546478,1
51.4169837760565,2450.464648122946,2450.53458108391,1
50.549713014329576,2450.6199503424564,2450.59620815888,1
43.035901421212564,2450.7460357707064,2450.600289033818,1
42.83993422686883,2450.944382818626,2450.6013854182575,1
50.36509317587669,2451.188262669152,2450.6152212373527,1
49.57487324599427,2451.3795623511137,2450.632835094826,1
54.23658961478537,2451.5837458338938,2450.6780919178495,1
62.46931766849324,2451.7096484075687,2450.7363958572223,1
61.74135008474817,2451.836234384381,2450.8094816491025,0
65.32998194326653,2451.9173687346834,2450.9000374062457,0
61.92837772644628,2451.9748949562386,2450.9494921141104,1
65.11698947721487,2452.02054441543,2450.97857188199,0
71.95800303026466,2452.1148234199,2451.014873287601,0
74.56466762992659,2452.264077844081,2451.044922878421,0
76.34638608130679,2452.3585423763884,2451.103885037203,0
67.53688133863899,2452.440240289937,2451.1410797041453,0
63.03450288408125,2452.5090372424534,2451.174531101416,0
47.97303535384822,2452.5324016746627,2451.1898646148093,0
37.492228010100746,2452.5261323523,2451.1652518261317,0
38.97205364877888,2452.574372738341,2451.1348676227044,0
28.213107443985862,2452.5318659916547,2451.0721030323807,0
26.791544566803807,2452.393467440167,2451.0052174117845,0
18.232395993411046,2452.251095445932,2450.9372704405964,0
14.304218998330455,2452.0310662436887,2450.883974576758,0
14.098027801211714,2451.702826307609,2450.8111325358336,0
14.787468662329431,2451.374891032775,2450.7705627847286,0
8.627079499705772,2450.9661045008847,2450.698693450012,1
15.814183730970626,2450.602067964069,2450.638630226265,0
14.471483946336875,2450.161718795596,2450.559650282958,0
14.97992880274981,2449.6948658956553,2450.4944109960857,1
16.55000864684017,2449.2947505893776,2450.4483532199347,1
20.373359341372918,2448.892554847939,2450.4053470722406,0
23.623487325262673,2448.4604807558803,2450.361907513547,1
17.682781870842177,2448.0228822906165,2450.313990503314,1
26.54775882279725,2447.593955531672,2450.276194001879,1
33.07824156305634,2447.208188977734,2450.2184834420887,1
33.08039890743697,2446.846922063355,2450.141714327436,1
37.757502582055835,2446.564724936571,2450.0402362436234,1
57.17107494937515,2446.391679341367,2449.9375222442427,1
58.84363809267074,2446.220107724307,2449.818850217183,0
74.16848154132876,2446.1854423852487,2449.7322875982513,0
70.3111607897307,2446.184313077226,2449.6389849770467,1
67.0346888635147,2446.176363882769,2449.5376121965282,1
60.61895315829171,2446.147315291363,2449.449899292036,1
62.21975716461949,2446.2053194806695,2449.3433685443174,1
65.33359726847729,2446.2848786951927,2449.256621096612,1
73.82377265609232,2446.526800842041,2449.231329865615,1
78.68261727391322,2446.7626996450394,2449.228380807541,1
70.79712985420723,2446.976651645241,2449.219444363311,1
65.53394388515039,2447.163737263485,2449.2093307254054,1
74.45680728394373,2447.441812620105,2449.2392190187984,1
72.56687364252306,2447.7015427773313,2449.2379840461904,1
70.16424524005704,2447.9616929448484,2449.2481703832036,0
63.52353168487512,2448.200510857498,2449.216441718863,1
65.17778204245049,2448.4882109651435,2449.196173320275,0
65.97861649805083,2448.7772785158613,2449.1775699079876,0
66.7335621262747,2449.065967399348,2449.134602953618,1
65.87421660244823,2449.2978485585227,2449.075516304005,1
65.8439262717041,2449.494349063436,2449.000768115865,1
63.5520937182276,2449.664382047501,2448.91765554231,1
57.32604656991813,2449.8304044305887,2448.8744913879914,0
55.63949849349965,2450.011428718645,2448.8353386983326,0
60.631792267220106,2450.219319810594,2448.7794107528057,0
62.0041004190429,2450.437844617112,2448.7194060012494,0
49.56146080322455,2450.6371762189847,2448.654822081356,0
47.501551009465,2450.7767700379845,2448.5912329958314,0
46.43976082285103,2450.799719559113,2448.5476027922787,0
52.730602089900465,2450.7840538396076,2448.529041673519,0
34.2428539087485,2450.779288314668,2448.520706748258,0
35.52346610750058,2450.830440887106,2448.5117579849116,0
37.806482554499134,2450.7756356583272,2448.5367268854675,0
38.74250934393501,2450.695730612816,2448.55888931525,1
33.494357608049114,2450.5998606847834,2448.5876764787445,1
35.559059105165176,2450.5520977598317,2448.62485432532,1
26.98569838640948,2450.4450522266498,2448.693063687892,1
25.329920583622624,2450.3348780897713,2448.761564730786,1
37.34728723299942,2450.2916218518108,2448.8648098939884,0
52.13863548348492,2450.340316233565,2448.9708156118036,0
55.270262947557406,2450.3881419039913,2449.091337359223,1
51.4702890696374,2450.391423231932,2449.196278476821,1
50.539743138936515,2450.350655719084,2449.2968534398738,1
44.59257418411356,2450.2478367319345,2449.377451451931,1
58.74808477161606,2450.2234711216847,2449.4846068991274,1
63.917230698258024,2450.3003536105543,2449.6303945292243,1
68.16152871183344,2450.4096462332554,2449.7810983619893,0
75.7773862946988,2450.5753044435287,2449.9380791821486,0
78.74594579309408,2450.756208202844,2450.1113172480746,0
78.98199631335578,2450.9510965616323,2450.2835903235436,0
68.87905067799326,2451.1180039874225,2450.411236606681,1
67.39857591543918,2451.2567269241194,2450.526405664836,1
60.18670941425579,2451.3750208469005,2450.6125582701284,1
56.57143497982439,2451.5382444051947,2450.700461846438,1
55.143773158859915,2451.713147866805,2450.802390072359,1
67.4132006789554,2451.956233880644,2450.9484217610325,1
71.2323434940811,2452.2326634740393,2451.1040012852395,1
77.95931902447501,2452.50358882214,2451.2490487815653,1
72.37376768201351,2452.7279027377513,2451.345250652272,1
71.5229198216199,2452.967059903553,2451.4525597152087,0
69.34570663315456,2453.193599437002,2451.5781164759273,0
67.54406472240635,2453.476182024406,2451.7212563811895,0
66.77035386979722,2453.771219028088,2451.8286160030675,0
62.31774291536993,2454.0902626109173,2451.9329393853654,0
76.27407254192752,2454.3428922796934,2452.037086633066,0
60.482929326375334,2454.4375472391416,2452.125209081881,0
56.36330093713894,2454.4442814946397,2452.163526573788,1
56.66562881130836,2454.4306626180996,2452.1994328230444,1
62.94346028806751,2454.469734001451,2452.2728238889154,0
56.87664244633655,2454.5080919923494,2452.3676876970744,0
48.463249606754886,2454.5815333977853,2452.4461103404205,0
40.577301244433556,2454.600217947669,2452.5007400249033,1
45.6867146322021,2454.6855297104657,2452.554608382079,1
34.14837073576935,2454.7368994057197,2452.5906501212676,1
38.184380243491866,2454.8163829115315,2452.641215312734,1
38.51724148293439,2454.833588145172,2452.7067191722563,1
40.90185835147174,2454.8332602869536,2452.7824349124276,0
42.60496175910572,2454.822896017729,2452.867499173463,0
44.380828213596104,2454.838555111389,2452.9607848731825,0
53.101520954574355,2454.7823951706478,2453.0518962476244,0
58.82547016891038,2454.702021154377,2453.1472096118105,0
50.99643050371344,2454.5698402172197,2453.217016113235,0
30.938555456459824,2454.340568943967,2453.2545893173233,1
27.890445791512164,2454.1202194444463,2453.3027349180174,1
40.206712643299795,2453.959184823348,2453.3808162884916,1
50.56580781188531,2453.9058320799786,2453.46670280994,1
47.59241454411286,2453.9234959573982,2453.554904066087,1
46.75002101899832,2453.8978144133794,2453.6246073524876,1
48.67837432991037,2453.8492984507693,2453.6958945284987,0
45.96308327375877,2453.782081271522,2453.744393712257,0
51.55121927399004,2453.806676219022,2453.813524066433,0
47.03210437053504,2453.8497418261522,2453.8840674625917,0
42.367513602203815,2453.831427561745,2453.9469171191436,0
39.92913621362761,2453.8019103056095,2454.0122795507377,0
37.42317595129236,2453.6873788979146,2454.026778423226,0
37.49669295909199,2453.5197710964894,2453.9944861666304,0
46.06933302182926,2453.337159929765,2453.953440391031,0
43.98092958462269,2453.124716653752,2453.887264057552,0
25.854743155555695,2452.7426725891705,2453.7553706277135,1
27.627373199861736,2452.408377632536,2453.6348086759863,1
23.652980341654526,2452.0321311881025,2453.5128604920824,1
27.622002568900257,2451.7179938374857,2453.4015228785815,1
22.878780955168963,2451.500505422374,2453.3047831475124,1
32.7963474394772,2451.3749563024153,2453.2374196769056,0
30.393109065208364,2451.2285103543995,2453.186961283529,0
31.31634284967508,2451.032677018863,2453.0972800652276,0
31.412278160125354,2450.7996527760924,2452.981699786909,0
39.37148970699377,2450.656097840326,2452.8856109597623,0
39.38659136883184,2450.4136144916456,2452.7701792300563,1
42.50586497456304,2450.183538712873,2452.630985235985,1
41.76672115087596,2449.8852207430195,2452.49017258884,1
42.78059385146614,2449.6124172209497,2452.3385615412094,1
58.614016963526936,2449.3837530393766,2452.1919307236585,1
55.227662440319094,2449.196562049993,2452.0547993263676,1
67.06685760724162,2449.0869518251375,2451.924402241403,0
65.4437113454145,2449.020382413785,2451.8276202364877,0
66.84624457943357,2448.9663916082422,2451.7622844364723,0
57.89666848264481,2448.944623451411,2451.6928483908764,0
46.70264866673936,2449.0507332322604,2451.587770320037,0
50.27326316858171,2449.1140321316225,2451.4771847316956,0
50.18041176158353,2449.216119317771,2451.3666948600767,0
31.015873892536348,2449.263422308334,2451.2668046228473,0
38.3649322783871,2449.2960307152016,2451.148983549407,1
34.915277910558856,2449.239167282983,2451.038326827811,1
36.395174933988045,2449.1438345637575,2450.9179419444195,1
49.96490531501881,2449.105341181446,2450.805981279737,0
42.01950670686638,2449.0749917783273,2450.678392383458,1
42.09826771772635,2448.9924073450356,2450.5534154906845,1
38.19066711990457,2448.973578864185,2450.424188731175,1
32.40098526835443,2448.9227700543993,2450.287135189486,1
27.890307640219092,2448.8801556945923,2450.1614264049263,1
38.704214254394365,2448.8913792341405,2450.0671771479774,1
45.31401994216607,2448.895922462986,2450.014072131266,0
47.40780596565082,2448.9019466545715,2449.967490210418,0
47.481789540854216,2448.8614616832083,2449.8853129853474,1
67.5671397435535,2448.8941720397993,2449.8229562204156,0
64.67944414508855,2448.884240885376,2449.746582407663,0
53.367806166245586,2448.8038637848135,2449.6552681394505,1
57.34259356922488,2448.7842711245485,2449.561759389549,1
52.19727311185631,2448.759925732288,2449.468322516002,1
53.372253367928174,2448.752034129578,2449.3448380242994,1
49.131319146341525,2448.753535439841,2449.2283220683225,1
57.40368902618852,2448.8433513351847,2449.153753058783,1
62.15609048693556,2448.9521277681024,2449.0984138128083,1
63.792873803397285,2449.081485237632,2449.0755844803066,1
60.8006687119467,2449.1806921790103,2449.0703497127456,1
61.120189844515366,2449.3106396682283,2449.067784278843,1
65.1100018535403,2449.488658064809,2449.098992055108,0
67.8082175649123,2449.6519211663835,2449.18788816206,1
52.29646659698541,2449.7812518976357,2449.2362848955254,1
59.352113794280015,2449.942355183609,2449.3255160031285,1
71.89238365474262,2450.083217677464,2449.4132666839687,1
69.4764338262029,2450.2209391151596,2449.5022456083807,0
71.93010668882302,2450.368427325356,2449.5648786195943,1
71.39932953887607,2450.5292988999786,2449.605628403579,0
75.9708557734808,2450.6122438238663,2449.6547829424176,1
68.0141720755345,2450.7158549924134,2449.713063294191,1
60.79830197620146,2450.8625179690994,2449.7378361909596,1
64.01757008966896,2451.022340492301,2449.805249789811,0
53.36456676588347,2451.1302653519915,2449.8470131716495,1
62.12777699088803,2451.3447471713926,2449.9286485956486,0
60.26636431862544,2451.616145630378,2450.0298134320938,0
52.68074888936944,2451.741556483003,2450.0968744362335,0
58.638887815151556,2451.8438170713043,2450.1573158213328,0
54.1501476412473,2451.9173457741035,2450.207742059893,0
53.67412368722703,2452.000045317117,2450.2622148740784,0
48.380670654858854,2452.032367744763,2450.2941747334517,0
46.23166325124906,2452.0100262017218,2450.325153155232,0
47.353342566531154,2451.9928740692044,2450.364744496838,0
44.08063090165267,2452.004494704005,2450.3924699244785,0
41.285686676613544,2451.946323063378,2450.417597501371,1
47.77412161778889,2451.905035544129,2450.4699119782867,0
36.39913082657745,2451.791565530763,2450.500459534605,1
43.41987179705576,2451.6783805451787,2450.5405639244727,1
34.651113896517344,2451.6119257406813,2450.592864874349,0
27.767108106280432,2451.535900899337,2450.6270068295735,0
34.66713406205257,2451.467238981735,2450.6699621755547,1
44.36171181488488,2451.4687763944044,2450.7283838107073,1
41.7697231890869,2451.39455283532,2450.773639378265,0
36.66240990390797,2451.3527535241774,2450.8190065595604,1
38.69815642356462,2451.196699578918,2450.8552661493786,1
45.62609366846527,2451.0521641692594,2450.8941274061417,1
52.39384479046001,2451.0304395308644,2450.950681263385,1
49.48517653958177,2450.9618459362705,2450.9812755340117,1
57.34508976966792,2450.9402438082047,2451.0392549098915,1
56.98662644162358,2450.935722547236,2451.078835077053,1
70.90923227804426,2451.032920209514,2451.1536464631067,1
70.67760317585618,2451.1442411793428,2451.2613041130435,1
68.24476900484596,2451.258636520285,2451.3544906551324,1
72.58163259275146,2451.4483452631935,2451.467837736841,1
74.00305058566687,2451.7010802470204,2451.5972159483485,1
76.07742240740964,2452.006858981546,2451.771241394969,0
81.62250155009013,2452.4188493314714,2451.9306587331193,0
85.50996425441697,2452.8178664430097,2452.086859394435,0
81.37597345292139,2453.1380189670576,2452.2154783661185,0
76.24865268780913,2453.4436771375513,2452.33220081299,1
65.93821312409383,2453.6898021953352,2452.4216271863975,1
72.20958116156852,2453.8807849716886,2452.485234573459,1
72.02895692261772,2454.1370045122003,2452.5676727165924,1
70.01766229076242,2454.417143306329,2452.6733631230377,1
68.56639898354446,2454.757970458451,2452.781512259316,1
68.42982761953928,2455.0656875359427,2452.8871153495334,1
66.25672732257348,2455.305589171968,2452.9845412861087,1
62.77233793920655,2455.6048314235786,2453.0758371733014,0
61.92925651492625,2455.8827079129396,2453.1806185150763,1
51.79385795300597,2456.133397005985,2453.2872963499003,1
46.308742702831495,2456.3279696757663,2453.3984923364483,1
40.62534363254312,2456.4763760199594,2453.5068473333877,0
44.941541000584586,2456.6092337183536,2453.589247945554,0
62.32858601759161,2456.7866211811315,2453.7303800684967,0
78.40515812565012,2456.9851911518663,2453.8533935405376,0
68.23521568548666,2457.035011550162,2453.9387877628824,0
51.1047379798045,2456.9518048763593,2454.0147580904622,1
51.45355831790867,2456.865503980358,2454.095534158057,1
50.89211997841498,2456.8619061753484,2454.193302526617,1
47.07397591704065,2456.86074738393,2454.2764816397153,1
53.217242829298705,2456.9578931407605,2454.3918373447964,0
53.10693551136311,2457.0660275616333,2454.507635117424,1
50.44130709070768,2457.1305968275883,2454.622761819946,1
52.95330232688482,2457.225557544129,2454.7617882590876,1
50.14462514998183,2457.2583742182032,2454.906332721246,1
52.148615697585406,2457.2662196900683,2455.031589007909,1
56.589128730634265,2457.3169955440085,2455.1947132914065,1
46.686034747676636,2457.3630105542593,2455.3496891769337,1
50.056907494867744,2457.466492747803,2455.5224453179244,1
60.9216106442161,2457.592159021922,2455.7097995989343,1
81.39960164593126,2457.7369504800204,2455.906376935762,0
80.73655991974843,2457.91052375658,2456.083546278258,1
80.69256697310432,2458.136406270817,2456.2859893197524,1
82.68326032389776,2458.2590460422966,2456.4928970757446,1
80.91981998080817,2458.3438422642066,2456.7122506146534,1
71.64407629296085,2458.450940400109,2456.8982982552225,1
76.22077741748811,2458.694294950001,2457.080300258117,1
74.92263160937068,2458.946225990926,2457.289286179919,1
83.89915001699396,2459.2417186386215,2457.5138924587836,1
89.07754252111536,2459.6537008951605,2457.7636729788846,1
89.16110090212116,2460.055349580629,2458.0008090932424,1
89.45102067988816,2460.4573490959456,2458.232878284065,1
80.13953452200599,2460.8280284819657,2458.4505186046176,1
80.50501534930017,2461.20465325307,2458.664311455038,1
79.76617219536048,2461.610964438446,2458.870286397816,1
81.0526443809455,2462.0502652702594,2459.0489515233944,1
82.36053715805654,2462.531950907087,2459.239953921653,0
79.15384757591745,2462.98191544985,2459.41530877967,0
73.31160491095768,2463.318556774939,2459.594660441077,1
77.19016707794216,2463.617988045979,2459.7795239623056,1
76.7961003082582,2463.925114809875,2460.0005019815785,0
77.27156472676958,2464.2564164492233,2460.2337988692716,0
67.59570642909144,2464.5169003610345,2460.4379476592862,0
62.38590650505158,2464.8205506997865,2460.6542600331277,0
52.61865238636011,2465.0648574157344,2460.8350053975664,0
48.46071259983053,2465.312306186589,2460.9969457154807,1
52.275786101391695,2465.5135590090663,2461.163488192956,1
45.205817834079525,2465.681050393814,2461.319773768013,1
48.62863182438023,2465.8048356355603,2461.4827435478314,1
47.41215229819356,2465.8443840812793,2461.6480678090024,1
47.58857994830602,2465.9240221960467,2461.839230101354,1
50.31218633281841,2465.991035883751,2462.0387422295817,1
54.65907621505592,2466.091004065899,2462.243226743636,1
61.268992932454516,2466.2031975602795,2462.430942006697,1
57.34594890710236,2466.3033428399785,2462.5975470730614,1
61.17318199965739,2466.44172693602,2462.811637677738,1
68.66851994757289,2466.5325526649785,2463.0722530371004,0
52.84455090945629,2466.5622438666883,2463.294004734202,1
63.02969722783779,2466.676010051703,2463.520301991619,0
70.3895249095361,2466.835742346778,2463.7695219474444,0
73.27129570048088,2467.0006799001067,2464.017616685317,0
66.14227353967877,2467.066983628685,2464.2341812960926,0
60.752422303801545,2467.142595299281,2464.4427470479627,1
57.40167238191487,2467.1643966605056,2464.6297956796784,1
47.9775101508626,2467.2006016797845,2464.8118963821985,1
54.997318992440086,2467.3399932673124,2465.0264551463783,0
55.4165331825492,2467.483532434015,2465.230102948959,0
51.211318859667614,2467.647746412852,2465.43366811145,0
53.50440305226672,2467.798446344555,2465.6155249865324,0
50.158672596988495,2467.9604632036544,2465.7953894816956,0
37.7436167654589,2467.9184619072225,2465.9118346722353,0
42.36448845096934,2467.8604937239193,2466.0187302165177,0
33.353139636163334,2467.750902083547,2466.089025068728,0
30.85323854667078,2467.608907382537,2466.170886542793,0
25.106860118960824,2467.4589938170793,2466.24360769421,1
29.53188754038814,2467.2499355442933,2466.331235735411,1
26.192576985698054,2466.936103353136,2466.3689763983543,1
26.789313886198045,2466.7039885317868,2466.3971097505464,1
35.11399896165025,2466.469376103945,2466.4113649777482,1
33.3430060070727,2466.254632582902,2466.4098946225417,1
37.09133656225906,2466.0305902943965,2466.4077129708244,0
33.695455310799375,2465.829568529295,2466.383069069432,1
36.8444741342861,2465.705442434764,2466.393712629082,0
37.49368644602188,2465.633824623775,2466.4014642279603,0
47.69040663592666,2465.591164106126,2466.403976249271,0
42.713242698021816,2465.3978252346215,2466.365479132123,1
51.72997273729179,2465.2431008746557,2466.3145629359865,1
47.87030164697632,2465.066152299196,2466.2673628511884,1
50.322173679143944,2464.8809700241654,2466.2404902862236,1
50.52390439360146,2464.675751436845,2466.218494838042,1
64.99902432208913,2464.6654643573274,2466.2079744912157,1
65.97166844212234,2464.6760168998558,2466.18657039677,1
62.50346435741279,2464.742476441892,2466.1792555010707,1
63.05998861234581,2464.8560683558217,2466.1850936052074,0
57.05650122526691,2464.9548870765743,2466.199619558546,1
67.33451427535451,2465.0856632088035,2466.240578544297,1
61.74645221891555,2465.291635502073,2466.2802069955574,1
52.81667490407455,2465.46990020585,2466.3126496753607,1
53.44628729166896,2465.6036061390223,2466.3308731791335,1
69.80531389520372,2465.7086022974154,2466.3555819089956,1
71.1500018904929,2465.8389923126256,2466.3737010174555,0
79.7318762089344,2466.081788698987,2466.4193701955264,0
76.62272778611437,2466.26241845026,2466.462278382827,0
69.42679347766696,2466.374598142052,2466.4700244606697,0
62.157850823614986,2466.4787158392237,2466.474125448969,0
55.947561801619806,2466.616573758842,2466.435417861252,0
54.897121898098916,2466.707592432457,2466.3845788429776,0
45.46406391719618,2466.8086311479274,2466.3659177636837,0
52.70983698665229,2466.9249228387216,2466.3400554010304,0
38.634970570634344,2466.9502413678933,2466.2642944464883,0
36.84264601373866,2466.884679779844,2466.161574443111,0
37.749455706184875,2466.795112139057,2466.0778218009195,1
43.68357032719373,2466.7536341319706,2466.0236710341464,1
36.87261796016763,2466.604457734168,2465.961118034672,1
30.81036462165602,2466.490676520502,2465.9156494948334,1
20.609704463832543,2466.3391972562026,2465.840260139853,0
28.58986947585332,2466.2373843218916,2465.7817477507074,0
35.17561626132627,2466.1995063406416,2465.7333536464766,0
36.983500461345244,2466.1664316691954,2465.6780673089893,0
39.32005362957116,2466.0835021182215,2465.6047974748226,0
33.757537132960636,2465.872330473524,2465.5552484439763,0
36.19167338988255,2465.61205449564,2465.519994504215,0
35.07585590183572,2465.384788672666,2465.515833018475,0
37.15732003697937,2465.134018114475,2465.480068753445,0
35.48847130836907,2464.8466493456935,2465.4291876604148,0
39.43034729348032,2464.6166350059802,2465.3820976459265,0
34.19644606089561,2464.4088817816923,2465.3736902144,0
34.6312064515881,2464.175169276345,2465.3543900615073,0
31.174508450619427,2463.8893945742884,2465.308062789168,0
26.64040484278499,2463.618397725886,2465.209800503682,1
28.67004250380579,2463.43183575148,2465.122072625944,0
22.430457018837643,2463.2222995329566,2465.034914202384,1
24.903569933445425,2462.9869685999865,2464.9362815002355,0
25.92383151470723,2462.7947930142664,2464.825505390869,0
37.76502512340853,2462.645134878946,2464.737237803961,0
34.18931349983389,2462.4689117164903,2464.668694732601,0
31.65782798728975,2462.253416961376,2464.585874185396,0
31.340384485008542,2461.9461518553107,2464.4853534689228,0
29.64470760827129,2461.5564959264957,2464.348277669921,1
31.45476774200037,2461.212880016018,2464.219648906492,0
26.09644525464951,2460.871956772103,2464.0378454098864,0
27.51212321671086,2460.512021400583,2463.854396304506,1
33.66046641594258,2460.17131825504,2463.6873697437336,1
41.96908055124157,2459.92347720824,2463.507032294412,0
33.47247274005299,2459.6984005084955,2463.326593033183,0
32.72804550063515,2459.39969048436,2463.107708556149,0
32.55777841308851,2459.1077945872416,2462.9001538484677,0
38.98916466923036,2458.9092148538416,2462.730115920704,0
31.319545882250253,2458.707108185838,2462.5494636078943,0
31.294146088865432,2458.5463285570413,2462.3448910075326,0
29.830666297341352,2458.309462293576,2462.110260618325,1
36.82786870624094,2458.1474553548387,2461.8611808647242,1
48.97825359498153,2458.0128987447083,2461.6364736180144,0
41.916577443408,2457.830156289968,2461.407728650035,1
42.86901792573705,2457.53589881807,2461.1601109954995,1
52.60813790743952,2457.3669313627606,2460.968837774168,1
48.48821919328245,2457.1884208875213,2460.7782055674215,1
46.590500656928214,2457.08796320048,2460.5970862899435,1
46.49564201328431,2457.037369353291,2460.393256275749,1
54.610380776788276,2456.982520655126,2460.232560621385,1
56.21025520937052,2457.037475425511,2460.098963668153,1
52.32205994250769,2457.113550744137,2459.9817717465376,1
61.499821793891165,2457.218808567924,2459.873439518116,1
63.87445473788453,2457.2811292138704,2459.777700886293,0
65.25986133862341,2457.359517980413,2459.6741296171476,0
64.2531819870627,2457.5107031264624,2459.576310904253,0
61.76657978597612,2457.6601069438666,2459.4692428972576,0
70.3246427330432,2457.7649383804387,2459.356288736623,0
71.86703133379798,2457.8448827390794,2459.220844035848,0
64.48208750909112,2457.9694602187037,2459.099274247725,0
62.87950248027426,2458.100066833451,2459.0013551622956,0
57.3126332825696,2458.184570019203,2458.8901870741493,0
62.72071924704613,2458.221231782888,2458.7710508621035,0
52.97312684562349,2458.269016911536,2458.661728168859,0
40.188650054654794,2458.331317659601,2458.5539783210625,0
28.527700486286307,2458.195399796389,2458.4003436903317,0
28.570884266865136,2458.136464337834,2458.269238589878,0
33.11619515963777,2458.089642420214,2458.1628755474912,0
33.57093500089742,2458.065827171367,2458.0638293145807,0
30.160980964228827,2457.9957245006667,2457.983491331297,0
21.32220066427611,2457.772178103696,2457.8351006090397,1
18.92964131911269,2457.507498704814,2457.6958514152807,1
25.065973839064696,2457.201819636338,2457.559379932656,1
28.42428891606552,2456.9468973236026,2457.4385426100275,1
32.37800749609549,2456.7281819895334,2457.307348461383,1
34.5026156929561,2456.5065460796436,2457.1913646495145,1
39.99319444203644,2456.3184666697703,2457.0952627806155,0
41.73503828137555,2456.108127880531,2457.021079146711,0
49.372386608346204,2455.992573249015,2456.9952749648555,0
58.361969994275334,2455.849134713103,2456.9537761265588,0
47.4562014358874,2455.6854174682276,2456.926739440745,0
40.956916484069,2455.504710784698,2456.887262827796,0
37.92061612079793,2455.280124962132,2456.8145735449402,0
43.10350888419791,2455.1203627682107,2456.7404823928473,1
51.74351586917694,2454.976306404401,2456.665140679425,1
50.30423987031888,2454.8955476451897,2456.598686554664,1
50.29456350661179,2454.7734488016245,2456.5355002756314,1
47.33938329593281,2454.6422395209142,2456.45608541432,1
48.922999045125536,2454.55420448437,2456.4026678339933,0
50.56692552219005,2454.513362357752,2456.3703048515813,0
40.75900140003824,2454.557437059208,2456.334290515292,0
42.513471070325174,2454.6336970123716,2456.2903480782934,0
36.541802044081365,2454.68632763168,2456.2287514874447,0
34.54372639426539,2454.6645049325048,2456.1722820670425,1
33.77173667856694,2454.572805554622,2456.1221111560035,1
34.90614732043707,2454.4475416341443,2456.023608758068,1
50.84713397500179,2454.3515860420966,2455.9605288424455,1
45.71467501743373,2454.2522621751637,2455.8867987365843,1
54.97748022894709,2454.15884542324,2455.8438653928356,1
57.98210321619854,2454.0620655486864,2455.785594083983,1
58.68270219566648,2454.0360848792698,2455.726183222249,1
60.825820440560875,2454.0864323952924,2455.6764154882576,1
